split,held,qa_id,category,overlap,user,truth,pred,support,raw_support,purity,answers,semantic,correct
oof,user1,training_0001,single,2,user1,A,C,17,28,0.5294117647058824,3,Stirring,False
oof,user1,training_0002,single,2,user1,C,A,10,27,0.4,4,Grabbing utensils,False
oof,user1,training_0003,single,2,user1,B,A,9,28,0.5555555555555556,4,Typing on a keyboard,False
oof,user1,training_0004,single,3,user1,B,B,1,1,1.0,1,Peeling fruit,True
oof,user1,training_0005,single,3,user1,B,D,1,1,1.0,1,Checking the time,False
oof,user1,training_0006,single,3,user1,A,B,4,4,0.75,2,Sitting down,False
oof,user1,training_0007,single,2,user1,C,C,13,34,0.5384615384615384,4,Peeling fruit,True
oof,user1,training_0008,single,2,user1,C,D,17,33,0.4117647058823529,4,Wiping hands,False
oof,user1,training_0009,single,3,user1,D,B,1,1,1.0,1,Lying down,False
oof,user1,training_0010,single,2,user1,C,C,31,43,0.8064516129032258,4,Walking,True
oof,user1,training_0011,single,3,user1,D,D,3,4,0.6666666666666666,2,Walking,True
oof,user1,training_0012,single,3,user1,A,A,1,1,1.0,1,Walking,True
oof,user1,training_0013,single,3,user1,B,B,1,1,1.0,1,Eating,True
oof,user1,training_0014,single,3,user1,B,D,1,1,1.0,1,Wiping surface,False
oof,user1,training_0015,single,3,user1,B,C,2,2,0.5,2,Checking the time,False
oof,user1,training_0016,single,3,user1,C,C,2,2,1.0,1,Walking,True
oof,user1,training_0017,single,3,user1,D,B,1,1,1.0,1,Combing hair,False
oof,user1,training_0018,single,2,user1,B,B,17,29,0.4117647058823529,4,Squats,True
oof,user1,training_0019,single,2,user1,D,D,17,39,0.5882352941176471,3,Drinking,True
oof,user1,training_0020,single,3,user1,C,C,1,1,1.0,1,Peeling fruit,True
oof,user1,training_0021,single,2,user1,A,A,14,31,0.5714285714285714,4,Pouring,True
oof,user1,training_0022,single,2,user1,B,C,11,27,0.45454545454545453,3,Massaging oneself,False
oof,user1,training_0023,single,3,user1,A,B,2,2,1.0,1,Walking,False
oof,user1,training_0024,single,3,user1,B,C,2,2,1.0,1,Wiping hands,False
oof,user1,training_0025,single,2,user1,A,A,20,35,0.35,4,Eating,True
oof,user1,training_0026,single,3,user1,D,B,2,2,0.5,2,Standing up,False
oof,user1,training_0027,single,3,user1,B,A,2,2,0.5,2,Checking the time,False
oof,user1,training_0028,single,2,user1,C,D,12,34,0.4166666666666667,4,Wiping surface,False
oof,user1,training_0029,single,2,user1,C,D,9,27,0.4444444444444444,4,Wiping hands,False
oof,user1,training_0030,single,2,user1,D,B,13,24,0.38461538461538464,4,Grabbing utensils,False
oof,user1,training_0031,single,3,user1,D,C,3,4,0.3333333333333333,3,Standing up,False
oof,user1,training_0032,single,2,user1,B,C,17,30,0.4117647058823529,4,Eating,False
oof,user1,training_0033,single,3,user1,C,B,2,2,0.5,2,Mopping,False
oof,user1,training_0812,multi,3,user1,ABD,A,1,4,1.0,1,Walking,False
oof,user1,training_0813,multi,2,user1,D,C,6,33,0.5,2,Eating,False
oof,user1,training_0814,multi,3,user1,C,D,1,2,1.0,1,Stirring,False
oof,user1,training_0815,multi,3,user1,CD,AC,2,5,1.0,1,Wiping surface|Walking,False
oof,user1,training_0816,multi,3,user1,B,DB,1,2,1.0,1,Mopping|Walking,False
oof,user1,training_0817,multi,3,user1,A,A,2,2,0.5,2,Grabbing utensils,True
oof,user1,training_0818,multi,3,user1,BCD,DC,2,3,0.5,2,Peeling fruit|Eating,False
oof,user1,training_0819,multi,3,user1,ABD,DB,7,8,0.2857142857142857,5,Grabbing utensils|Walking,False
oof,user1,training_0820,multi,3,user1,A,DB,1,2,1.0,1,Calling|Taking a selfie,False
oof,user1,training_0821,multi,3,user1,B,D,2,3,1.0,1,Stirring,False
oof,user1,training_0822,multi,3,user1,CD,DB,1,1,1.0,1,Sitting down|Massaging oneself,False
oof,user1,training_0823,multi,3,user1,ABD,B,4,5,0.25,4,Walking,False
oof,user1,training_0824,multi,2,user1,CD,A,12,44,0.3333333333333333,5,Brushing teeth,False
oof,user1,training_0825,multi,2,user1,A,A,8,37,0.5,4,Eating,True
oof,user1,training_0826,multi,2,user1,C,D,7,27,0.2857142857142857,5,Sweeping,False
oof,user1,training_0827,multi,2,user1,A,A,18,65,0.5555555555555556,7,Walking,True
oof,user1,training_0828,multi,2,user1,A,B,12,35,0.4166666666666667,5,Peeling fruit,False
oof,user1,training_0829,multi,3,user1,ABC,C,1,1,1.0,1,Walking,False
oof,user1,training_0830,multi,2,user1,ACD,CA,9,38,0.2222222222222222,5,Eating|Stirring,False
oof,user1,training_0831,multi,2,user1,BCD,C,13,48,0.23076923076923078,6,Stirring,False
oof,user1,training_0832,multi,2,user1,ABC,AC,5,32,0.4,4,Drinking|Stirring,False
oof,user1,training_0833,multi,2,user1,AB,DB,11,37,0.18181818181818182,7,Washing dishes|Drinking,False
oof,user1,training_0834,multi,3,user1,AC,D,1,1,1.0,1,Wiping surface,False
oof,user1,training_0835,multi,2,user1,D,A,8,25,0.5,3,Combing hair,False
oof,user1,training_0836,multi,3,user1,ABD,ADB,6,6,0.3333333333333333,5,Peeling fruit|Walking|Eating,False
oof,user1,training_0837,multi,3,user1,BCD,CDB,4,5,0.5,3,Peeling fruit|Walking|Eating,False
oof,user1,training_0838,multi,3,user1,ABC,CBA,5,6,0.4,4,Peeling fruit|Walking|Eating,False
oof,user1,training_0839,multi,2,user1,C,D,12,38,0.5,4,Grabbing utensils,False
oof,user1,training_0840,multi,2,user1,AB,A,9,35,0.3333333333333333,6,Sweeping,False
oof,user1,training_0841,multi,2,user1,BCD,C,12,48,0.5,5,Walking,False
oof,user1,training_0842,multi,2,user1,D,D,6,22,0.5,3,Stretching,True
oof,user1,training_0843,multi,2,user1,B,D,4,25,0.5,3,Lying down,False
oof,user1,training_0844,multi,2,user1,D,B,9,36,0.4444444444444444,4,Sweeping,False
oof,user1,training_2724,emotion,3,user1,D,C,8,8,0.5,3,Calmly,False
oof,user1,training_2725,emotion,3,user1,D,D,7,7,0.42857142857142855,3,Calmly,True
oof,user1,training_2726,emotion,3,user1,D,D,8,10,0.375,3,Hastily,True
oof,user1,training_2727,emotion,2,user1,A,D,42,73,0.47619047619047616,4,Quickly,False
oof,user1,training_2728,emotion,2,user1,A,B,38,67,0.5,3,Slowly,False
oof,user1,training_2729,emotion,3,user1,D,C,8,11,0.5,3,Calmly,False
oof,user1,training_2730,emotion,3,user1,A,A,1,1,1.0,1,Gently,True
oof,user1,training_2731,emotion,2,user1,D,A,22,41,0.3181818181818182,4,Gently,False
oof,user1,training_2732,emotion,3,user1,C,D,2,3,0.5,2,Gently,False
oof,user1,training_2733,emotion,3,user1,B,B,23,24,0.34782608695652173,3,Slowly,True
oof,user1,training_2734,emotion,3,user1,C,B,23,24,0.391304347826087,3,Slowly,False
oof,user1,training_2735,emotion,3,user1,B,D,23,24,0.391304347826087,3,Slowly,False
oof,user1,training_2736,emotion,3,user1,C,D,8,9,0.5,3,Hurriedly,False
oof,user1,training_2737,emotion,3,user1,A,A,7,9,0.42857142857142855,3,Steadily,True
oof,user1,training_2738,emotion,3,user1,B,A,7,9,0.42857142857142855,3,Steadily,False
oof,user1,training_2739,emotion,2,user1,C,A,18,35,0.4444444444444444,4,Hurriedly,False
oof,user1,training_2740,emotion,3,user1,A,D,1,1,1.0,1,Hurriedly,False
oof,user1,training_2741,emotion,2,user1,C,C,19,36,0.5263157894736842,4,Hurriedly,True
oof,user1,training_2742,emotion,2,user1,C,A,3,12,0.6666666666666666,2,Quickly,False
oof,user1,training_2743,emotion,2,user1,C,D,12,24,0.4166666666666667,3,Quickly,False
oof,user1,training_2744,emotion,3,user1,B,D,1,1,1.0,1,Impatiently,False
oof,user1,training_2745,emotion,3,user1,C,D,4,4,0.5,3,Anxiously,False
oof,user1,training_2746,emotion,3,user1,A,B,4,4,0.5,3,Anxiously,False
oof,user1,training_2747,emotion,3,user1,A,A,4,4,0.5,3,Anxiously,True
oof,user1,training_2748,emotion,3,user1,B,B,3,4,0.3333333333333333,3,Slowly,True
oof,user1,training_2749,emotion,3,user1,C,C,6,6,0.3333333333333333,3,Evenly,True
oof,user1,training_2750,emotion,3,user1,A,B,7,8,0.42857142857142855,4,Slowly,False
oof,user1,training_2751,emotion,3,user1,B,A,7,8,0.42857142857142855,3,Calmly,False
oof,user1,training_2752,emotion,2,user1,A,C,29,46,0.41379310344827586,4,Leisurely,False
oof,user1,training_2753,emotion,2,user1,C,D,30,50,0.4666666666666667,3,Leisurely,False
oof,user1,training_2754,emotion,3,user1,C,A,14,14,0.35714285714285715,3,Calmly,False
oof,user1,training_2755,emotion,3,user1,D,A,20,20,0.35,4,Slowly,False
oof,user1,training_2756,emotion,3,user1,D,D,13,13,0.38461538461538464,3,Anxiously,True
oof,user1,training_3545,single,2,user1,A,B,28,68,0.35714285714285715,3,checking the time,False
oof,user1,training_3546,single,3,user1,B,A,2,2,1.0,1,mopping the floor,False
oof,user1,training_3565,single,3,user1,C,C,19,19,0.3684210526315789,3,sweeping the floor,True
oof,user1,training_3585,single,3,user1,B,B,2,3,0.5,2,wiping a bowl,True
oof,user1,training_3673,single,3,user1,A,A,2,3,0.5,2,turning pages,True
oof,user1,training_3683,single,3,user1,C,A,7,8,0.8571428571428571,2,brushing their teeth,False
oof,user1,training_3700,single,3,user1,A,B,2,4,0.5,2,writing,False
oof,user1,training_3701,single,2,user1,A,C,25,104,0.4,3,pouring a drink,False
oof,user1,training_3702,single,3,user1,B,A,2,5,0.5,2,mopping the floor,False
oof,user1,training_3739,single,2,user1,B,A,27,89,0.37037037037037035,3,mopping the floor,False
oof,user1,training_3740,single,3,user1,C,B,1,3,1.0,1,opening the cabinet,False
oof,user1,training_3749,single,3,user1,C,C,12,13,0.75,2,combing their hair,True
oof,user1,training_3779,single,3,user1,A,A,8,8,0.5,3,standing up,True
oof,user1,training_3780,single,3,user1,A,A,7,9,0.8571428571428571,2,standing up,True
oof,user1,training_3797,single,3,user1,B,B,9,9,0.5555555555555556,2,sitting down,True
oof,user1,training_3807,single,3,user1,C,B,4,4,0.5,3,wiping a bowl,False
oof,user1,training_3808,single,3,user1,B,B,3,4,1.0,1,doing lunges,True
oof,user1,training_3877,single,3,user1,B,B,4,9,0.75,2,peeling with a knife,True
oof,user1,training_3917,single,3,user1,A,A,9,11,0.7777777777777778,2,putting on clothes,True
oof,user1,training_3918,single,3,user1,B,B,7,8,0.8571428571428571,2,putting on clothes,True
oof,user1,training_3927,single,3,user1,C,A,2,2,1.0,1,taking off their clothes,False
oof,user1,training_3937,single,3,user1,A,B,4,4,0.5,3,walking,False
oof,user1,training_3946,single,3,user1,B,C,2,3,1.0,1,taking a selfie,False
oof,user1,training_3964,object_interaction,3,user1,A,C,28,28,0.7142857142857143,2,a clothes,False
oof,user1,training_3965,object_interaction,3,user1,D,D,8,8,1.0,1,a cloth,True
oof,user1,training_4002,object_interaction,3,user1,C,C,19,19,1.0,1,a documents,True
oof,user1,training_4022,object_interaction,3,user1,D,D,6,6,1.0,1,a headphones,True
oof,user1,training_4039,object_interaction,3,user1,A,D,31,31,0.41935483870967744,3,a phone,False
oof,user1,training_4040,object_interaction,3,user1,C,A,21,23,0.6190476190476191,2,a phone,False
oof,user1,training_4057,object_interaction,3,user1,B,B,17,22,1.0,1,a smartphone,True
oof,user2,training_0034,single,3,user2,D,B,1,1,1.0,1,Sitting down,False
oof,user2,training_0035,single,3,user2,B,D,1,1,1.0,1,Washing face,False
oof,user2,training_0036,single,3,user2,C,D,1,1,1.0,1,Lying down,False
oof,user2,training_0037,single,3,user2,B,B,3,3,1.0,1,Walking,True
oof,user2,training_0038,single,2,user2,B,B,6,23,0.3333333333333333,3,Stretching,True
oof,user2,training_0039,single,2,user2,A,A,18,36,0.5555555555555556,4,Drinking,True
oof,user2,training_0040,single,2,user2,B,D,16,30,0.3125,4,Wiping hands,False
oof,user2,training_0041,single,2,user2,A,B,21,35,0.3333333333333333,4,Combing hair,False
oof,user2,training_0042,single,2,user2,B,C,13,32,0.38461538461538464,3,Standing up,False
oof,user2,training_0043,single,3,user2,B,B,2,2,0.5,2,Massaging oneself,True
oof,user2,training_0044,single,3,user2,A,D,2,2,1.0,1,Taking a selfie,False
oof,user2,training_0045,single,2,user2,C,C,13,27,0.6923076923076923,3,Eating,True
oof,user2,training_0046,single,3,user2,C,A,2,3,1.0,1,Drinking,False
oof,user2,training_0047,single,3,user2,C,A,2,2,0.5,2,Pouring,False
oof,user2,training_0048,single,2,user2,D,D,2,22,0.5,2,Mopping,True
oof,user2,training_0049,single,2,user2,B,B,37,50,0.7297297297297297,4,Walking,True
oof,user2,training_0050,single,3,user2,D,C,1,1,1.0,1,Massaging oneself,False
oof,user2,training_0051,single,3,user2,C,B,1,1,1.0,1,Wiping hands,False
oof,user2,training_0052,single,3,user2,A,A,1,1,1.0,1,Writing,True
oof,user2,training_0053,single,3,user2,D,B,3,3,0.6666666666666666,2,Wiping surface,False
oof,user2,training_0054,single,2,user2,C,C,18,30,0.3333333333333333,4,Grabbing utensils,True
oof,user2,training_0055,single,2,user2,B,B,11,27,0.5454545454545454,3,Eating,True
oof,user2,training_0056,single,3,user2,A,C,3,3,0.3333333333333333,3,Writing,False
oof,user2,training_0057,single,2,user2,A,A,36,46,0.5555555555555556,4,Walking,True
oof,user2,training_0058,single,2,user2,B,B,14,36,0.42857142857142855,4,Sitting down,True
oof,user2,training_0059,single,3,user2,A,C,2,2,0.5,2,Combing hair,False
oof,user2,training_0060,single,3,user2,B,C,1,2,1.0,1,Listening to the music with headphones,False
oof,user2,training_0061,single,3,user2,C,D,1,1,1.0,1,Listening to the music with headphones,False
oof,user2,training_0062,single,2,user2,C,D,20,43,0.45,3,Eating,False
oof,user2,training_0063,single,2,user2,C,C,22,42,0.5,4,Eating,True
oof,user2,training_0064,single,3,user2,A,A,1,1,1.0,1,Walking,True
oof,user2,training_0065,single,3,user2,B,B,2,2,0.5,2,Peeling fruit,True
oof,user2,training_0066,single,3,user2,D,C,1,1,1.0,1,Turning a page,False
oof,user2,training_0067,single,3,user2,B,A,2,2,0.5,2,Turning a page,False
oof,user2,training_0068,single,2,user2,C,B,14,30,0.6428571428571429,3,Pouring,False
oof,user2,training_0069,single,3,user2,B,A,1,1,1.0,1,Wiping hands,False
oof,user2,training_0070,single,3,user2,C,C,1,1,1.0,1,Taking medicine,True
oof,user2,training_0071,single,2,user2,B,B,30,41,0.6666666666666666,4,Walking,True
oof,user2,training_0072,single,3,user2,D,D,2,2,1.0,1,Walking,True
oof,user2,training_0073,single,2,user2,B,B,38,51,0.6578947368421053,4,Walking,True
oof,user2,training_0074,single,2,user2,A,A,12,33,0.5,4,Wiping hands,True
oof,user2,training_0075,single,2,user2,C,C,12,26,0.5,4,Listening to the music with headphones,True
oof,user2,training_0076,single,2,user2,A,C,12,23,0.5,3,Stirring,False
oof,user2,training_0845,multi,2,user2,B,B,4,22,0.5,3,Folding clothes,True
oof,user2,training_0846,multi,3,user2,A,B,2,2,0.5,2,Typing on a keyboard,False
oof,user2,training_0847,multi,3,user2,C,BD,3,3,0.3333333333333333,3,Walking|Peeling fruit,False
oof,user2,training_0848,multi,2,user2,ABC,A,17,67,0.4117647058823529,7,Walking,False
oof,user2,training_0849,multi,2,user2,ABD,B,15,69,0.4,6,Walking,False
oof,user2,training_0850,multi,3,user2,AB,AB,2,4,0.5,2,Grabbing utensils|Walking,True
oof,user2,training_0851,multi,2,user2,A,C,3,30,0.3333333333333333,3,Washing dishes,False
oof,user2,training_0852,multi,3,user2,B,BA,2,4,0.5,2,Walking|Brushing teeth,False
oof,user2,training_0853,multi,3,user2,ABC,A,2,2,0.5,2,Walking,False
oof,user2,training_0854,multi,2,user2,CD,D,6,36,0.5,3,Massaging oneself,False
oof,user2,training_0855,multi,2,user2,ACD,DA,7,37,0.2857142857142857,5,Drinking|Eating,False
oof,user2,training_0856,multi,3,user2,ACD,BA,1,1,1.0,1,Lunges|Stretching,False
oof,user2,training_0857,multi,2,user2,C,D,4,29,0.5,3,Grabbing utensils,False
oof,user2,training_0858,multi,2,user2,D,A,5,23,0.8,2,Brushing teeth,False
oof,user2,training_0859,multi,2,user2,BC,BC,15,36,0.4,7,Mopping|Sweeping,True
oof,user2,training_0860,multi,3,user2,BCD,DBC,1,1,1.0,1,Turning a page|Walking|Reading,False
oof,user2,training_0861,multi,3,user2,AC,CA,2,2,0.5,2,Reading|Turning a page,False
oof,user2,training_0862,multi,2,user2,A,D,6,24,0.5,3,Taking a selfie,False
oof,user2,training_0863,multi,3,user2,ABC,A,1,1,1.0,1,Using a phone,False
oof,user2,training_0864,multi,3,user2,AC,A,3,5,0.3333333333333333,3,Using a phone,False
oof,user2,training_0865,multi,3,user2,ACD,CAD,2,2,0.5,2,Grabbing utensils|Drinking|Eating,False
oof,user2,training_0866,multi,2,user2,C,C,6,29,0.6666666666666666,2,Grabbing utensils,True
oof,user2,training_0867,multi,3,user2,B,B,1,1,1.0,1,Grabbing utensils,True
oof,user2,training_0868,multi,2,user2,A,A,18,54,0.6111111111111112,5,Walking,True
oof,user2,training_0869,multi,3,user2,CD,C,1,1,1.0,1,Sitting down,False
oof,user2,training_0870,multi,3,user2,ACD,BD,3,4,0.6666666666666666,2,Grabbing utensils|Walking,False
oof,user2,training_0871,multi,2,user2,ABD,BA,7,19,0.42857142857142855,5,Squats|Jumping jacks,False
oof,user2,training_0872,multi,3,user2,BCD,CD,1,1,1.0,1,Squats|Jumping jacks,False
oof,user2,training_0873,multi,2,user2,A,A,4,26,0.25,4,Jumping jacks,True
oof,user2,training_0874,multi,3,user2,CD,C,1,3,1.0,1,Walking,False
oof,user2,training_0875,multi,3,user2,BCD,BDC,5,5,0.4,4,Peeling fruit|Eating|Walking,False
oof,user2,training_0876,multi,2,user2,D,D,5,32,1.0,1,Eating,True
oof,user2,training_0877,multi,3,user2,ABD,AC,1,1,1.0,1,Stirring|Lying down,False
oof,user2,training_0878,multi,3,user2,BCD,B,2,2,1.0,1,Walking,False
oof,user2,training_0879,multi,3,user2,BD,C,3,3,0.6666666666666666,2,Brushing teeth,False
oof,user2,training_0880,multi,3,user2,BC,D,1,1,1.0,1,Washing dishes,False
oof,user2,training_0881,multi,2,user2,B,D,5,26,0.4,3,Washing dishes,False
oof,user2,training_0882,multi,2,user2,AB,B,24,56,0.5416666666666666,6,Walking,False
oof,user2,training_0883,multi,3,user2,ABD,BAD,7,8,0.2857142857142857,6,Peeling fruit|Eating|Walking,False
oof,user2,training_0884,multi,3,user2,A,AC,1,2,1.0,1,Walking|Jumping jacks,False
oof,user2,training_0885,multi,3,user2,C,B,1,1,1.0,1,Eating,False
oof,user2,training_0886,multi,3,user2,C,ACB,1,2,1.0,1,Pouring|Walking|Drinking,False
oof,user2,training_0887,multi,2,user2,A,B,14,37,0.2857142857142857,5,Drinking,False
oof,user2,training_2757,emotion,2,user2,B,B,18,30,0.3888888888888889,4,Gently,True
oof,user2,training_2758,emotion,3,user2,B,D,2,4,0.5,2,Gently,False
oof,user2,training_2759,emotion,2,user2,B,C,21,34,0.42857142857142855,4,Gently,False
oof,user2,training_2760,emotion,2,user2,C,B,52,86,0.4423076923076923,3,Steadily,False
oof,user2,training_2761,emotion,3,user2,C,B,2,4,0.5,2,Rapidly,False
oof,user2,training_2762,emotion,2,user2,C,A,57,91,0.40350877192982454,4,Steadily,False
oof,user2,training_2763,emotion,3,user2,D,C,1,1,1.0,1,Calmly,False
oof,user2,training_2764,emotion,3,user2,B,B,2,3,1.0,1,Calmly,True
oof,user2,training_2765,emotion,3,user2,C,D,2,2,0.5,2,Calmly,False
oof,user2,training_2766,emotion,2,user2,C,B,9,22,0.5555555555555556,2,Frantically,False
oof,user2,training_2767,emotion,2,user2,A,B,17,37,0.35294117647058826,3,Leisurely,False
oof,user2,training_2768,emotion,3,user2,A,C,1,1,1.0,1,Leisurely,False
oof,user2,training_2769,emotion,2,user2,C,C,6,17,0.6666666666666666,3,Slowly,True
oof,user2,training_2770,emotion,2,user2,C,C,6,18,0.5,2,Meticulously,True
oof,user2,training_2771,emotion,2,user2,B,D,5,18,0.8,2,Slowly,False
oof,user2,training_2772,emotion,2,user2,D,A,13,25,0.6153846153846154,3,Slowly,False
oof,user2,training_2773,emotion,2,user2,A,B,2,9,1.0,1,Slowly,False
oof,user2,training_2774,emotion,3,user2,A,A,3,3,0.3333333333333333,3,Leisurely,True
oof,user2,training_2775,emotion,3,user2,A,A,9,9,0.3333333333333333,3,Calmly,True
oof,user2,training_2776,emotion,3,user2,B,D,4,5,0.25,4,Calmly,False
oof,user2,training_2777,emotion,3,user2,A,C,1,1,1.0,1,Hurriedly,False
oof,user2,training_2778,emotion,3,user2,D,C,1,1,1.0,1,Hurriedly,False
oof,user2,training_2779,emotion,3,user2,D,C,3,3,0.6666666666666666,2,Gracefully,False
oof,user2,training_2780,emotion,2,user2,B,C,1,5,1.0,1,Intently,False
oof,user2,training_2782,emotion,2,user2,B,C,2,2,0.5,2,Intently,False
oof,user2,training_2783,emotion,2,user2,B,D,11,22,0.5454545454545454,3,Anxiously,False
oof,user2,training_2784,emotion,2,user2,B,A,13,26,0.5384615384615384,3,Anxiously,False
oof,user2,training_2785,emotion,3,user2,D,D,7,7,0.42857142857142855,3,Anxiously,True
oof,user2,training_2786,emotion,3,user2,A,B,6,6,0.5,3,Calmly,False
oof,user2,training_2787,emotion,3,user2,A,B,1,1,1.0,1,Hurriedly,False
oof,user2,training_2788,emotion,3,user2,C,C,4,4,0.25,4,Hurriedly,True
oof,user2,training_2789,emotion,3,user2,A,A,5,7,0.4,3,Gently,True
oof,user2,training_2790,emotion,3,user2,A,B,4,7,0.5,3,Gently,False
oof,user2,training_2791,emotion,3,user2,D,C,4,4,0.5,3,Calmly,False
oof,user2,training_2792,emotion,3,user2,B,A,7,8,0.42857142857142855,3,Slowly,False
oof,user2,training_2793,emotion,3,user2,D,B,5,6,0.4,3,Slowly,False
oof,user2,training_2794,emotion,2,user2,D,B,7,17,0.7142857142857143,2,Hurriedly,False
oof,user2,training_2795,emotion,2,user2,C,B,15,34,0.4,3,Hurriedly,False
oof,user2,training_2796,emotion,2,user2,D,C,13,28,0.38461538461538464,3,Gently,False
oof,user2,training_2797,emotion,3,user2,D,A,13,14,0.3076923076923077,4,Hurriedly,False
oof,user2,training_2798,emotion,3,user2,B,C,11,11,0.36363636363636365,4,Slowly,False
oof,user2,training_2799,emotion,3,user2,C,B,10,10,0.4,3,Quickly,False
oof,user2,training_3557,single,3,user2,A,B,3,4,0.6666666666666666,2,standing up,False
oof,user2,training_3568,single,3,user2,A,A,15,15,0.6,3,sweeping the floor,True
oof,user2,training_3608,single,3,user2,C,C,12,12,0.6666666666666666,2,folding clothes,True
oof,user2,training_3609,single,3,user2,A,A,12,12,0.6666666666666666,2,folding clothes,True
oof,user2,training_3626,single,3,user2,B,C,2,2,1.0,1,wiping their hands,False
oof,user2,training_3627,single,3,user2,B,A,1,2,1.0,1,turning pages,False
oof,user2,training_3675,single,3,user2,A,B,6,8,0.8333333333333334,2,washing their face,False
oof,user2,training_3685,single,2,user2,B,A,25,92,0.4,3,doing lunges,False
oof,user2,training_3691,single,3,user2,A,A,9,11,0.6666666666666666,3,using a smartphone,True
oof,user2,training_3729,single,3,user2,A,B,4,5,1.0,1,wiping their hands,False
oof,user2,training_3730,single,3,user2,B,A,3,6,0.6666666666666666,2,reading documents,False
oof,user2,training_3743,single,3,user2,B,B,1,3,1.0,1,doing squats,True
oof,user2,training_3744,single,3,user2,C,C,1,2,1.0,1,doing squats,True
oof,user2,training_3745,single,3,user2,A,B,4,7,0.5,3,peeling fruit,False
oof,user2,training_3761,single,3,user2,B,C,11,11,0.5454545454545454,3,putting on clothes,False
oof,user2,training_3762,single,3,user2,A,A,3,3,0.3333333333333333,3,doing jumping jacks,True
oof,user2,training_3770,single,3,user2,C,C,11,12,0.8181818181818182,2,doing stretching exercises,True
oof,user2,training_3802,single,3,user2,B,B,6,7,0.8333333333333334,2,sitting down,True
oof,user2,training_3840,single,2,user2,C,A,26,73,0.38461538461538464,3,typing on the keyboard,False
oof,user2,training_3900,single,2,user2,A,C,27,79,0.37037037037037035,3,brushing their teeth,False
oof,user2,training_3901,single,3,user2,B,A,3,4,0.6666666666666666,2,turning pages,False
oof,user2,training_3902,single,3,user2,B,A,3,5,0.6666666666666666,2,turning pages,False
oof,user2,training_3930,single,2,user2,A,C,28,76,0.35714285714285715,3,putting on clothes,False
oof,user2,training_3948,single,3,user2,B,C,2,2,1.0,1,taking off their clothes,False
oof,user2,training_3949,single,2,user2,A,C,32,85,0.53125,3,using a smartphone,False
oof,user2,training_3957,single,3,user2,A,A,10,10,0.9,2,pouring a drink,True
oof,user2,training_3978,object_interaction,3,user2,C,C,28,28,0.6785714285714286,2,a clothes,True
oof,user2,training_3995,object_interaction,3,user2,B,B,17,30,0.6470588235294118,2,a phone,True
oof,user2,training_4023,object_interaction,3,user2,D,D,6,6,1.0,1,a headphones,True
oof,user2,training_4029,object_interaction,3,user2,B,B,17,27,0.6470588235294118,2,a phone,True
oof,user2,training_4030,object_interaction,3,user2,A,A,17,30,0.6470588235294118,2,a phone,True
oof,user2,training_4068,object_interaction,3,user2,D,D,9,9,1.0,1,a cabinet,True
oof,user3,training_0077,single,3,user3,C,A,4,4,0.75,2,Walking,False
oof,user3,training_0078,single,3,user3,D,A,1,2,1.0,1,Checking body temperature,False
oof,user3,training_0079,single,3,user3,C,A,3,3,1.0,1,Walking,False
oof,user3,training_0080,single,3,user3,D,B,1,1,1.0,1,Washing face,False
oof,user3,training_0081,single,2,user3,A,A,40,52,0.6,4,Walking,True
oof,user3,training_0082,single,3,user3,A,A,1,1,1.0,1,Combing hair,True
oof,user3,training_0083,single,2,user3,B,B,20,28,0.3,4,Squats,True
oof,user3,training_0084,single,3,user3,D,D,1,1,1.0,1,Squats,True
oof,user3,training_0085,single,3,user3,B,B,2,2,1.0,1,Walking,True
oof,user3,training_0086,single,3,user3,A,A,1,1,1.0,1,Walking,True
oof,user3,training_0087,single,2,user3,C,B,16,42,0.4375,4,Eating,False
oof,user3,training_0088,single,3,user3,B,C,1,1,1.0,1,Calling,False
oof,user3,training_0089,single,2,user3,B,B,19,33,0.5263157894736842,4,Peeling fruit,True
oof,user3,training_0090,single,3,user3,C,C,1,1,1.0,1,Washing dishes,True
oof,user3,training_0091,single,3,user3,A,B,1,1,1.0,1,Walking,False
oof,user3,training_0092,single,3,user3,C,C,3,3,1.0,1,Walking,True
oof,user3,training_0093,single,3,user3,D,C,2,2,0.5,2,Checking the time,False
oof,user3,training_0094,single,3,user3,D,C,1,1,1.0,1,Wiping surface,False
oof,user3,training_0095,single,2,user3,A,A,14,31,0.5,4,Drinking,True
oof,user3,training_0096,single,2,user3,B,B,19,35,0.3684210526315789,4,Turning a page,True
oof,user3,training_0097,single,3,user3,C,C,2,2,1.0,1,Eating,True
oof,user3,training_0098,single,3,user3,D,D,1,2,1.0,1,Drinking,True
oof,user3,training_0099,single,3,user3,C,C,1,1,1.0,1,Stirring,True
oof,user3,training_0100,single,3,user3,B,C,1,1,1.0,1,Walking,False
oof,user3,training_0101,single,2,user3,B,B,14,31,0.5714285714285714,4,Grabbing utensils,True
oof,user3,training_0102,single,3,user3,A,D,1,1,1.0,1,Jumping jacks,False
oof,user3,training_0103,single,2,user3,B,B,9,33,0.5555555555555556,4,Turning a page,True
oof,user3,training_0104,single,3,user3,B,C,1,1,1.0,1,Checking the time,False
oof,user3,training_0105,single,2,user3,B,A,25,41,0.32,4,Combing hair,False
oof,user3,training_0106,single,3,user3,D,D,1,1,1.0,1,Walking,True
oof,user3,training_0107,single,2,user3,C,C,11,21,0.45454545454545453,4,Sweeping,True
oof,user3,training_0108,single,3,user3,B,C,2,2,0.5,2,Pouring,False
oof,user3,training_0109,single,3,user3,B,A,1,1,1.0,1,Typing on a keyboard,False
oof,user3,training_0110,single,3,user3,D,B,1,2,1.0,1,Checking the time,False
oof,user3,training_0111,single,3,user3,A,B,1,1,1.0,1,Sitting down,False
oof,user3,training_0112,single,2,user3,A,C,24,34,0.4166666666666667,4,Listening to the music with headphones,False
oof,user3,training_0888,multi,3,user3,C,D,1,2,1.0,1,Taking a selfie,False
oof,user3,training_0889,multi,2,user3,C,D,6,28,0.5,3,Eating,False
oof,user3,training_0890,multi,2,user3,C,A,7,37,0.42857142857142855,3,Brushing teeth,False
oof,user3,training_0891,multi,3,user3,ACD,A,3,6,0.3333333333333333,3,Walking,False
oof,user3,training_0892,multi,3,user3,C,DB,2,5,1.0,1,Massaging oneself|Wiping hands,False
oof,user3,training_0893,multi,3,user3,D,AB,1,3,1.0,1,Checking body temperature|Taking medicine,False
oof,user3,training_0894,multi,2,user3,C,B,4,43,0.75,2,Massaging oneself,False
oof,user3,training_0895,multi,3,user3,ABC,CD,3,3,0.3333333333333333,3,Running|Typing on a keyboard,False
oof,user3,training_0896,multi,3,user3,BD,DB,1,2,1.0,1,Running|Stretching,False
oof,user3,training_0897,multi,2,user3,BD,BD,10,33,0.3,5,Massaging oneself|Checking body temperature,True
oof,user3,training_0898,multi,2,user3,ACD,D,13,53,0.6153846153846154,4,Walking,False
oof,user3,training_0899,multi,2,user3,AB,C,13,43,0.38461538461538464,5,Listening to the music with headphones,False
oof,user3,training_0900,multi,2,user3,B,C,4,27,0.5,3,Stretching,False
oof,user3,training_0901,multi,2,user3,BD,C,6,29,0.5,3,Getting dressed,False
oof,user3,training_0902,multi,3,user3,D,AB,1,2,1.0,1,Taking medicine|Sitting down,False
oof,user3,training_0903,multi,3,user3,AC,B,1,1,1.0,1,Squats,False
oof,user3,training_0904,multi,3,user3,B,CBA,3,3,0.3333333333333333,3,Eating|Walking|Grabbing utensils,False
oof,user3,training_0905,multi,3,user3,ACD,A,1,1,1.0,1,Walking,False
oof,user3,training_0906,multi,3,user3,C,DC,2,2,0.5,2,Checking the time|Reading,False
oof,user3,training_0907,multi,3,user3,ABC,D,1,4,1.0,1,Getting dressed,False
oof,user3,training_0908,multi,2,user3,BCD,C,4,29,0.5,3,Grabbing utensils,False
oof,user3,training_0909,multi,2,user3,BD,B,5,30,0.4,3,Grabbing utensils,False
oof,user3,training_0910,multi,2,user3,B,D,8,28,0.625,4,Squats,False
oof,user3,training_0911,multi,3,user3,AC,A,2,2,0.5,2,Drinking,False
oof,user3,training_0912,multi,3,user3,BD,BD,2,4,0.5,2,Grabbing utensils|Walking,True
oof,user3,training_0913,multi,3,user3,ABC,CA,2,2,0.5,2,Turning a page|Reading,False
oof,user3,training_0914,multi,2,user3,B,D,3,25,0.6666666666666666,2,Typing on a keyboard,False
oof,user3,training_0915,multi,3,user3,B,B,5,8,0.2,5,Walking,True
oof,user3,training_0916,multi,3,user3,ACD,DAC,1,3,1.0,1,Drinking|Eating|Walking,False
oof,user3,training_0917,multi,3,user3,BCD,BDC,1,3,1.0,1,Eating|Walking|Grabbing utensils,False
oof,user3,training_0918,multi,3,user3,D,C,1,2,1.0,1,Watching TV,False
oof,user3,training_0919,multi,3,user3,AC,C,1,3,1.0,1,Walking,False
oof,user3,training_0920,multi,3,user3,BD,DAC,1,1,1.0,1,Checking the time|Pouring|Drinking,False
oof,user3,training_0921,multi,2,user3,AD,D,7,40,0.42857142857142855,3,Eating,False
oof,user3,training_0922,multi,2,user3,B,AB,6,28,0.6666666666666666,3,Checking body temperature|Taking medicine,False
oof,user3,training_0923,multi,3,user3,ABD,D,3,4,0.3333333333333333,3,Walking,False
oof,user3,training_1723,combination,2,user3,A,A,1,1,1.0,1,"Eating, Walking",True
oof,user3,training_2456,sequence,3,user3,CABD,CABD,1,27,1.0,1,Walking|Sitting down|Listening to the music with headphones|Turning a page,True
oof,user3,training_2459,sequence,3,user3,CBDA,CBDA,1,6,1.0,1,Standing up|Sweeping|Sitting down|Reading,True
oof,user3,training_2460,sequence,3,user3,CDAB,CDAB,1,6,1.0,1,Standing up|Sweeping|Sitting down|Reading,True
oof,user3,training_2800,emotion,3,user3,D,B,4,4,0.5,3,Calmly,False
oof,user3,training_2801,emotion,3,user3,B,B,5,5,0.6,3,Calmly,True
oof,user3,training_2802,emotion,3,user3,C,B,4,4,0.5,3,Calmly,False
oof,user3,training_2803,emotion,3,user3,C,C,3,3,0.6666666666666666,2,Leisurely,True
oof,user3,training_2804,emotion,2,user3,C,D,27,45,0.37037037037037035,4,Leisurely,False
oof,user3,training_2805,emotion,3,user3,A,D,8,8,0.5,3,Steadily,False
oof,user3,training_2806,emotion,3,user3,A,A,6,8,0.3333333333333333,3,Relaxedly,True
oof,user3,training_2807,emotion,3,user3,C,C,8,9,0.375,3,Hurriedly,True
oof,user3,training_2808,emotion,3,user3,D,A,7,9,0.42857142857142855,3,Hurriedly,False
oof,user3,training_2809,emotion,3,user3,C,C,6,7,0.3333333333333333,3,Slowly,True
oof,user3,training_2810,emotion,3,user3,D,B,7,7,0.42857142857142855,3,Steadily,False
oof,user3,training_2811,emotion,3,user3,C,B,8,9,0.5,3,Hurriedly,False
oof,user3,training_2812,emotion,2,user3,C,A,9,17,0.5555555555555556,3,Anxiously,False
oof,user3,training_2813,emotion,2,user3,C,B,8,17,0.5,3,Anxiously,False
oof,user3,training_2814,emotion,2,user3,A,A,12,21,0.4166666666666667,4,Anxiously,True
oof,user3,training_2815,emotion,3,user3,A,A,3,3,0.3333333333333333,3,Gently,True
oof,user3,training_2816,emotion,3,user3,B,B,4,5,0.5,3,Urgently,True
oof,user3,training_2817,emotion,3,user3,C,D,3,3,0.3333333333333333,3,Gently,False
oof,user3,training_2818,emotion,2,user3,A,C,12,25,0.4166666666666667,4,Orderly,False
oof,user3,training_2819,emotion,2,user3,A,D,5,12,0.4,3,Nervously,False
oof,user3,training_2820,emotion,3,user3,D,D,1,1,1.0,1,Nervously,True
oof,user3,training_2821,emotion,2,user3,D,D,36,59,0.3888888888888889,4,Leisurely,True
oof,user3,training_2822,emotion,3,user3,A,A,1,1,1.0,1,Hastily,True
oof,user3,training_2823,emotion,2,user3,D,C,36,59,0.3888888888888889,4,Leisurely,False
oof,user3,training_2824,emotion,3,user3,C,D,14,15,0.35714285714285715,4,Calmly,False
oof,user3,training_2825,emotion,3,user3,B,C,14,14,0.35714285714285715,3,Calmly,False
oof,user3,training_2826,emotion,3,user3,A,A,15,15,0.4,3,Calmly,True
oof,user3,training_2827,emotion,3,user3,B,B,8,10,0.5,3,Gently,True
oof,user3,training_2828,emotion,3,user3,C,A,8,10,0.5,3,Gently,False
oof,user3,training_2829,emotion,3,user3,B,C,7,9,0.42857142857142855,3,Gently,False
oof,user3,training_2830,emotion,3,user3,C,D,1,1,1.0,1,Hurriedly,False
oof,user3,training_2831,emotion,3,user3,D,B,3,4,0.6666666666666666,2,Hurriedly,False
oof,user3,training_2832,emotion,3,user3,C,A,5,5,0.4,3,Carefully,False
oof,user3,training_2833,emotion,3,user3,A,A,3,3,0.3333333333333333,3,Leisurely,True
oof,user3,training_2834,emotion,3,user3,D,A,4,4,0.5,3,Leisurely,False
oof,user3,training_2835,emotion,3,user3,C,B,3,3,0.3333333333333333,3,Leisurely,False
oof,user3,training_3552,single,3,user3,A,C,4,4,1.0,1,using a smartphone,False
oof,user3,training_3558,single,3,user3,A,A,6,6,0.3333333333333333,3,peeling fruit,True
oof,user3,training_3559,single,3,user3,C,B,3,4,0.6666666666666666,2,using a smartphone,False
oof,user3,training_3591,single,3,user3,C,C,2,2,0.5,2,wiping a bowl,True
oof,user3,training_3640,single,3,user3,C,A,2,6,0.5,2,doing squats,False
oof,user3,training_3668,single,3,user3,C,C,9,10,0.7777777777777778,2,reading documents,True
oof,user3,training_3669,single,3,user3,A,A,9,10,0.7777777777777778,2,reading documents,True
oof,user3,training_3677,single,2,user3,A,C,29,88,0.3448275862068966,3,sweeping the floor,False
oof,user3,training_3734,single,3,user3,C,B,10,10,0.7,3,using a smartphone,False
oof,user3,training_3775,single,3,user3,C,C,10,12,0.8,2,doing stretching exercises,True
oof,user3,training_3776,single,3,user3,B,B,10,12,0.8,2,doing stretching exercises,True
oof,user3,training_3794,single,3,user3,B,B,6,7,0.8333333333333334,2,lying down,True
oof,user3,training_3795,single,3,user3,B,B,9,11,0.6666666666666666,3,lying down,True
oof,user3,training_3824,single,3,user3,B,C,5,6,1.0,1,standing up,False
oof,user3,training_3845,single,3,user3,C,C,1,1,1.0,1,massaging themselves,True
oof,user3,training_3846,single,3,user3,C,A,3,3,0.6666666666666666,2,doing jumping jacks,False
oof,user3,training_3855,single,3,user3,B,B,2,6,1.0,1,taking their body temperature,True
oof,user3,training_3875,single,3,user3,B,B,3,3,0.6666666666666666,2,standing on one leg,True
oof,user3,training_3933,single,3,user3,B,C,5,6,0.4,3,making a phone call,False
oof,user3,training_3934,single,2,user3,A,B,25,65,0.36,3,standing on one leg,False
oof,user3,training_3942,single,3,user3,A,A,3,4,1.0,1,eating food,True
oof,user3,training_3971,object_interaction,3,user3,D,C,28,28,0.6785714285714286,2,a clothes,False
oof,user3,training_3996,object_interaction,3,user3,D,D,14,15,0.7857142857142857,2,a phone,True
oof,user3,training_3997,object_interaction,3,user3,B,A,19,19,0.5263157894736842,3,a remote,False
oof,user3,training_4072,object_interaction,3,user3,A,A,9,9,1.0,1,a cabinet,True
oof,user3,training_4083,object_interaction,3,user3,C,C,27,27,0.7037037037037037,2,a clothes,True
oof,user3,training_4090,object_interaction,3,user3,C,C,8,8,1.0,1,a glass,True
oof,user3,training_4091,object_interaction,3,user3,D,D,8,8,1.0,1,a glass,True
oof,user4,training_0113,single,3,user4,D,A,1,1,1.0,1,Sitting down,False
oof,user4,training_0114,single,3,user4,C,A,2,2,0.5,2,Drinking,False
oof,user4,training_0115,single,3,user4,C,B,2,2,0.5,2,Pouring,False
oof,user4,training_0116,single,2,user4,A,A,22,37,0.8636363636363636,3,Walking,True
oof,user4,training_0117,single,3,user4,D,D,3,3,1.0,1,Peeling fruit,True
oof,user4,training_0118,single,3,user4,B,A,1,1,1.0,1,Jumping jacks,False
oof,user4,training_0119,single,3,user4,C,C,1,1,1.0,1,Eating,True
oof,user4,training_0120,single,2,user4,A,A,13,33,0.46153846153846156,3,Drinking,True
oof,user4,training_0121,single,2,user4,C,A,17,34,0.5294117647058824,4,Listening to the music with headphones,False
oof,user4,training_0122,single,3,user4,B,A,1,1,1.0,1,Listening to the music with headphones,False
oof,user4,training_0123,single,2,user4,D,C,20,33,0.6,4,Eating,False
oof,user4,training_0124,single,3,user4,C,D,1,1,1.0,1,Taking medicine,False
oof,user4,training_0125,single,2,user4,C,D,19,35,0.42105263157894735,4,Sitting down,False
oof,user4,training_0126,single,3,user4,B,C,3,3,0.3333333333333333,3,Eating,False
oof,user4,training_0127,single,2,user4,D,C,9,23,0.4444444444444444,4,Stirring,False
oof,user4,training_0128,single,2,user4,D,D,16,31,0.3125,4,Typing on a keyboard,True
oof,user4,training_0129,single,3,user4,D,D,2,2,0.5,2,Turning a page,True
oof,user4,training_0130,single,3,user4,B,C,1,2,1.0,1,Pouring,False
oof,user4,training_0131,single,3,user4,C,A,1,2,1.0,1,Lunges,False
oof,user4,training_0132,single,2,user4,D,D,14,29,0.42857142857142855,4,Drinking,True
oof,user4,training_0133,single,3,user4,A,B,1,1,1.0,1,Standing up,False
oof,user4,training_0134,single,3,user4,C,B,1,1,1.0,1,Standing up,False
oof,user4,training_0135,single,2,user4,C,D,30,42,0.43333333333333335,4,Sitting down,False
oof,user4,training_0136,single,2,user4,D,B,15,26,0.6,4,Massaging oneself,False
oof,user4,training_0137,single,2,user4,B,C,18,33,0.3333333333333333,4,Wiping hands,False
oof,user4,training_0138,single,3,user4,D,D,3,3,1.0,1,Walking,True
oof,user4,training_0139,single,3,user4,A,C,2,3,0.5,2,Taking a selfie,False
oof,user4,training_0140,single,2,user4,B,B,20,38,0.4,4,Listening to the music with headphones,True
oof,user4,training_0141,single,3,user4,B,C,1,2,1.0,1,Taking medicine,False
oof,user4,training_0142,single,3,user4,B,C,2,2,0.5,2,Wiping hands,False
oof,user4,training_0143,single,3,user4,D,C,3,3,1.0,1,Getting dressed,False
oof,user4,training_0144,single,3,user4,B,C,2,3,0.5,2,Checking the time,False
oof,user4,training_0145,single,3,user4,B,B,1,1,1.0,1,Peeling fruit,True
oof,user4,training_0146,single,2,user4,D,D,18,32,0.6666666666666666,4,Eating,True
oof,user4,training_0147,single,3,user4,D,C,1,1,1.0,1,Wiping surface,False
oof,user4,training_0148,single,3,user4,C,B,1,2,1.0,1,Playing games,False
oof,user4,training_0924,multi,2,user4,BD,C,7,30,0.2857142857142857,4,Using a phone,False
oof,user4,training_0925,multi,3,user4,B,B,3,3,0.3333333333333333,3,Wiping hands,True
oof,user4,training_0926,multi,2,user4,AC,B,3,19,0.3333333333333333,3,Sweeping,False
oof,user4,training_0927,multi,3,user4,BD,D,1,1,1.0,1,Grabbing utensils,False
oof,user4,training_0928,multi,3,user4,BD,C,1,1,1.0,1,Squats,False
oof,user4,training_0929,multi,3,user4,A,BC,1,2,1.0,1,Standing up|Stretching,False
oof,user4,training_0930,multi,3,user4,ABC,BAC,2,4,0.5,2,Drinking|Grabbing utensils|Eating,False
oof,user4,training_0931,multi,3,user4,CD,D,2,2,0.5,2,Grabbing utensils,False
oof,user4,training_0932,multi,2,user4,BC,C,11,34,0.36363636363636365,4,Standing up,False
oof,user4,training_0933,multi,2,user4,AD,AD,10,38,0.5,4,Mopping|Sweeping,True
oof,user4,training_0934,multi,3,user4,ABC,B,5,5,0.4,4,Walking,False
oof,user4,training_0935,multi,3,user4,CD,CAD,2,3,0.5,2,Mopping|Stretching|Sweeping,False
oof,user4,training_0936,multi,3,user4,B,A,2,2,1.0,1,Pouring,False
oof,user4,training_0937,multi,3,user4,ABC,D,1,2,1.0,1,Lunges,False
oof,user4,training_0938,multi,3,user4,C,B,1,1,1.0,1,Typing on a keyboard,False
oof,user4,training_0939,multi,2,user4,B,D,9,31,0.3333333333333333,4,Playing games,False
oof,user4,training_0940,multi,3,user4,ABC,D,1,1,1.0,1,Getting dressed,False
oof,user4,training_0941,multi,3,user4,B,A,1,1,1.0,1,Listening to the music with headphones,False
oof,user4,training_0942,multi,3,user4,BCD,CD,2,4,0.5,2,Washing dishes|Drinking,False
oof,user4,training_0943,multi,2,user4,BC,C,5,25,0.4,4,Drinking,False
oof,user4,training_0944,multi,2,user4,BC,C,19,58,0.5789473684210527,7,Walking,False
oof,user4,training_0945,multi,2,user4,A,A,3,28,0.6666666666666666,2,Stirring,True
oof,user4,training_0946,multi,2,user4,B,B,6,21,1.0,1,Eating,True
oof,user4,training_0947,multi,2,user4,AC,D,9,38,0.3333333333333333,6,Squats,False
oof,user4,training_0948,multi,2,user4,AD,C,8,22,0.5,5,Grabbing utensils,False
oof,user4,training_0949,multi,2,user4,ABC,BC,5,28,0.4,3,Typing on a keyboard|Sitting down,False
oof,user4,training_0950,multi,2,user4,ACD,A,21,60,0.42857142857142855,6,Walking,False
oof,user4,training_0951,multi,3,user4,BCD,CAD,3,3,0.3333333333333333,3,Calling|Standing up|Listening to the music with headphones,False
oof,user4,training_0952,multi,3,user4,ABC,D,1,2,1.0,1,Running,False
oof,user4,training_0953,multi,2,user4,BC,B,9,34,0.4444444444444444,4,Listening to the music with headphones,False
oof,user4,training_0954,multi,3,user4,AD,D,1,2,1.0,1,Peeling fruit,False
oof,user4,training_0955,multi,2,user4,CD,C,3,29,1.0,1,Peeling fruit,False
oof,user4,training_0956,multi,3,user4,B,B,3,4,0.3333333333333333,3,Walking,True
oof,user4,training_0957,multi,2,user4,ABC,D,9,41,0.3333333333333333,5,Sweeping,False
oof,user4,training_0958,multi,2,user4,B,D,7,28,0.7142857142857143,3,Getting dressed,False
oof,user4,training_0959,multi,3,user4,BCD,DBC,3,7,0.3333333333333333,3,Standing up|Sitting down|Walking,False
oof,user4,training_2836,emotion,3,user4,A,D,21,23,0.3333333333333333,4,Steadily,False
oof,user4,training_2837,emotion,3,user4,B,B,14,14,0.42857142857142855,3,Steadily,True
oof,user4,training_2838,emotion,3,user4,A,D,39,39,0.3333333333333333,4,Slowly,False
oof,user4,training_2839,emotion,2,user4,C,B,12,29,0.5833333333333334,3,Calmly,False
oof,user4,training_2840,emotion,2,user4,A,A,15,30,0.4666666666666667,3,Calmly,True
oof,user4,training_2841,emotion,3,user4,B,C,6,6,0.3333333333333333,3,Patiently,False
oof,user4,training_2842,emotion,2,user4,A,B,30,50,0.4666666666666667,3,Calmly,False
oof,user4,training_2843,emotion,2,user4,B,B,37,62,0.40540540540540543,4,Calmly,True
oof,user4,training_2844,emotion,3,user4,A,B,2,5,0.5,2,Calmly,False
oof,user4,training_2845,emotion,3,user4,B,C,1,1,1.0,1,Rapidly,False
oof,user4,training_2846,emotion,3,user4,B,A,3,5,0.6666666666666666,2,Slowly,False
oof,user4,training_2847,emotion,2,user4,B,A,23,42,0.4782608695652174,3,Slowly,False
oof,user4,training_2848,emotion,3,user4,A,A,3,3,0.6666666666666666,2,Leisurely,True
oof,user4,training_2849,emotion,3,user4,C,B,9,9,0.4444444444444444,3,Hastily,False
oof,user4,training_2850,emotion,3,user4,B,A,1,2,1.0,1,Leisurely,False
oof,user4,training_2851,emotion,2,user4,D,A,20,34,0.45,4,Anxiously,False
oof,user4,training_2852,emotion,2,user4,D,C,21,36,0.42857142857142855,3,Anxiously,False
oof,user4,training_2853,emotion,3,user4,C,C,1,1,1.0,1,Anxiously,True
oof,user4,training_2854,emotion,3,user4,D,A,1,2,1.0,1,Hurriedly,False
oof,user4,training_2855,emotion,3,user4,A,B,7,7,0.42857142857142855,3,Hurriedly,False
oof,user4,training_2856,emotion,2,user4,C,D,52,89,0.4230769230769231,4,Steadily,False
oof,user4,training_2857,emotion,3,user4,A,A,12,12,0.3333333333333333,4,Calmly,True
oof,user4,training_2858,emotion,3,user4,B,A,8,8,0.375,3,Calmly,False
oof,user4,training_2859,emotion,3,user4,B,C,7,8,0.42857142857142855,3,Calmly,False
oof,user4,training_2860,emotion,3,user4,A,D,13,13,0.3076923076923077,4,Leisurely,False
oof,user4,training_2861,emotion,3,user4,C,C,6,6,0.3333333333333333,3,Leisurely,True
oof,user4,training_2862,emotion,3,user4,C,A,7,7,0.42857142857142855,3,Steadily,False
oof,user4,training_2863,emotion,2,user4,C,A,21,36,0.5714285714285714,3,Hurriedly,False
oof,user4,training_2864,emotion,2,user4,D,B,18,33,0.5555555555555556,3,Hurriedly,False
oof,user4,training_2865,emotion,2,user4,C,C,19,32,0.5789473684210527,3,Hurriedly,True
oof,user4,training_2866,emotion,2,user4,A,C,4,18,1.0,1,Hastily,False
oof,user4,training_2867,emotion,2,user4,B,D,2,13,1.0,1,Hastily,False
oof,user4,training_2868,emotion,2,user4,D,D,4,19,0.5,3,Hastily,True
oof,user4,training_2869,emotion,3,user4,D,C,11,11,0.36363636363636365,4,Calmly,False
oof,user4,training_2870,emotion,3,user4,D,A,4,4,0.5,3,Hurriedly,False
oof,user4,training_2871,emotion,3,user4,C,D,6,6,0.3333333333333333,3,Slowly,False
oof,user4,training_3553,single,3,user4,C,C,2,3,1.0,1,stirring a drink,True
oof,user4,training_3554,single,3,user4,A,C,1,2,1.0,1,drinking water,False
oof,user4,training_3560,single,3,user4,B,A,4,4,0.75,2,doing squats,False
oof,user4,training_3633,single,3,user4,C,C,1,3,1.0,1,writing,True
oof,user4,training_3659,single,3,user4,A,A,2,2,1.0,1,checking the time,True
oof,user4,training_3660,single,2,user4,B,C,28,84,0.35714285714285715,3,taking their body temperature,False
oof,user4,training_3670,single,3,user4,A,A,4,8,0.5,2,reading documents,True
oof,user4,training_3678,single,3,user4,C,B,4,5,0.75,2,opening the cabinet,False
oof,user4,training_3695,single,3,user4,A,A,6,8,0.8333333333333334,2,using a smartphone,True
oof,user4,training_3725,single,3,user4,B,C,1,4,1.0,1,taking off their clothes,False
oof,user4,training_3726,single,3,user4,A,C,2,2,0.5,2,wiping a bowl,False
oof,user4,training_3735,single,3,user4,C,A,4,4,0.5,3,using a smartphone,False
oof,user4,training_3763,single,3,user4,B,C,2,5,0.5,2,writing,False
oof,user4,training_3764,single,3,user4,B,B,5,7,0.6,2,doing jumping jacks,True
oof,user4,training_3825,single,3,user4,B,B,4,6,0.75,2,walking,True
oof,user4,training_3861,single,3,user4,C,A,6,6,0.5,3,using a smartphone,False
oof,user4,training_3904,single,3,user4,B,A,2,3,0.5,2,walking,False
oof,user4,training_3925,single,3,user4,C,A,13,15,0.46153846153846156,3,folding clothes,False
oof,user4,training_3943,single,3,user4,B,A,6,7,0.8333333333333334,2,washing their face,False
oof,user4,training_4034,object_interaction,3,user4,D,D,13,22,1.0,1,a phone,True
oof,user4,training_4035,object_interaction,3,user4,B,B,21,21,0.5238095238095238,3,a phone,True
oof,user4,training_4036,object_interaction,3,user4,A,A,21,23,0.5238095238095238,2,a phone,True
oof,user4,training_4064,object_interaction,3,user4,A,A,17,22,1.0,1,a smartphone,True
oof,user4,training_4084,object_interaction,3,user4,D,D,28,28,0.6785714285714286,2,a clothes,True
oof,user5,training_0149,single,2,user5,A,D,10,27,0.6,4,Listening to the music with headphones,False
oof,user5,training_0150,single,3,user5,C,B,2,2,0.5,2,Folding clothes,False
oof,user5,training_0151,single,3,user5,A,A,2,2,0.5,2,Washing face,True
oof,user5,training_0152,single,3,user5,C,C,2,2,0.5,2,Eating,True
oof,user5,training_0153,single,3,user5,A,A,1,2,1.0,1,Pouring,True
oof,user5,training_0154,single,3,user5,D,C,1,1,1.0,1,Playing games,False
oof,user5,training_0155,single,2,user5,D,D,11,31,0.6363636363636364,3,Eating,True
oof,user5,training_0156,single,3,user5,C,D,1,4,1.0,1,Lying down,False
oof,user5,training_0157,single,3,user5,D,D,1,1,1.0,1,Turning a page,True
oof,user5,training_0158,single,3,user5,C,A,1,1,1.0,1,Wiping surface,False
oof,user5,training_0159,single,3,user5,D,B,2,3,0.5,2,Checking the time,False
oof,user5,training_0160,single,3,user5,C,B,1,1,1.0,1,Listening to the music with headphones,False
oof,user5,training_0161,single,2,user5,D,D,19,28,0.5789473684210527,4,Eating,True
oof,user5,training_0162,single,3,user5,D,B,1,1,1.0,1,Combing hair,False
oof,user5,training_0163,single,2,user5,A,C,21,32,0.5714285714285714,3,Sitting down,False
oof,user5,training_0164,single,2,user5,A,B,16,30,0.375,4,Eating,False
oof,user5,training_0165,single,3,user5,A,B,1,1,1.0,1,Grabbing utensils,False
oof,user5,training_0166,single,2,user5,A,A,12,30,0.3333333333333333,4,Calling,True
oof,user5,training_0167,single,3,user5,A,A,1,1,1.0,1,Pouring,True
oof,user5,training_0168,single,2,user5,B,B,28,38,0.6071428571428571,4,Walking,True
oof,user5,training_0169,single,3,user5,B,C,1,1,1.0,1,Stretching,False
oof,user5,training_0170,single,2,user5,B,A,10,29,0.5,4,Squats,False
oof,user5,training_0171,single,2,user5,D,D,9,29,0.5555555555555556,4,Turning a page,True
oof,user5,training_0172,single,2,user5,A,A,36,48,0.75,4,Walking,True
oof,user5,training_0173,single,2,user5,C,C,37,52,0.6216216216216216,4,Walking,True
oof,user5,training_0174,single,3,user5,B,B,3,4,0.6666666666666666,2,Wiping surface,True
oof,user5,training_0175,single,2,user5,D,D,34,44,0.6470588235294118,4,Walking,True
oof,user5,training_0176,single,2,user5,D,B,17,35,0.47058823529411764,4,Reading,False
oof,user5,training_0177,single,3,user5,A,A,1,2,1.0,1,Stretching,True
oof,user5,training_0178,single,3,user5,B,B,2,2,0.5,2,Walking,True
oof,user5,training_0179,single,2,user5,D,B,16,36,0.625,4,Eating,False
oof,user5,training_0180,single,2,user5,B,A,11,27,0.45454545454545453,3,Drinking,False
oof,user5,training_0181,single,3,user5,A,C,2,2,0.5,2,Drinking,False
oof,user5,training_0182,single,2,user5,C,C,16,29,0.5625,4,Peeling fruit,True
oof,user5,training_0183,single,3,user5,B,B,1,1,1.0,1,Eating,True
oof,user5,training_0184,single,3,user5,C,C,2,3,1.0,1,Walking,True
oof,user5,training_0185,single,3,user5,C,C,1,2,1.0,1,Sitting down,True
oof,user5,training_0186,single,2,user5,A,B,15,25,0.26666666666666666,4,Drinking,False
oof,user5,training_0187,single,2,user5,D,D,11,27,0.36363636363636365,4,Standing up,True
oof,user5,training_0188,single,2,user5,A,C,18,37,0.3888888888888889,4,Checking the time,False
oof,user5,training_0189,single,2,user5,C,C,18,35,0.5,4,Drinking,True
oof,user5,training_0190,single,3,user5,B,B,3,3,0.6666666666666666,2,Walking,True
oof,user5,training_0960,multi,3,user5,AD,C,1,1,1.0,1,Wiping surface,False
oof,user5,training_0961,multi,3,user5,BD,BCD,2,2,0.5,2,Combing hair|Undressing|Washing face,False
oof,user5,training_0962,multi,2,user5,B,C,6,28,0.8333333333333334,2,Playing games,False
oof,user5,training_0963,multi,3,user5,AB,C,1,1,1.0,1,Lying down,False
oof,user5,training_0964,multi,3,user5,CD,D,5,5,0.4,3,Walking,False
oof,user5,training_0965,multi,2,user5,D,C,6,29,0.3333333333333333,4,Typing on a keyboard,False
oof,user5,training_0966,multi,2,user5,CD,A,6,44,0.5,3,Sweeping,False
oof,user5,training_0967,multi,2,user5,AC,C,3,17,0.3333333333333333,3,Peeling fruit,False
oof,user5,training_0968,multi,3,user5,D,D,2,2,0.5,2,Eating,True
oof,user5,training_0969,multi,2,user5,AC,B,7,33,0.5714285714285714,4,Stirring,False
oof,user5,training_0970,multi,3,user5,ACD,AD,2,3,1.0,1,Turning a page|Reading,False
oof,user5,training_0971,multi,3,user5,C,CB,1,1,1.0,1,Sweeping|Taking a selfie,False
oof,user5,training_0972,multi,3,user5,AB,B,1,1,1.0,1,Peeling fruit,False
oof,user5,training_0973,multi,3,user5,BD,CB,1,3,1.0,1,Standing up|Peeling fruit,False
oof,user5,training_0974,multi,2,user5,C,D,5,22,0.4,4,Standing up,False
oof,user5,training_0975,multi,2,user5,BD,A,8,28,0.25,6,Playing games,False
oof,user5,training_0976,multi,3,user5,AC,AB,1,1,1.0,1,Checking the time|Listening to the music with headphones,False
oof,user5,training_0977,multi,3,user5,BCD,B,1,1,1.0,1,Checking the time,False
oof,user5,training_0978,multi,2,user5,C,C,15,46,0.4666666666666667,7,Walking,True
oof,user5,training_0979,multi,3,user5,D,B,2,3,0.5,2,Sitting down,False
oof,user5,training_0980,multi,3,user5,ACD,C,3,3,0.3333333333333333,3,Walking,False
oof,user5,training_0981,multi,2,user5,BD,B,15,49,0.6666666666666666,4,Walking,False
oof,user5,training_0982,multi,3,user5,BCD,CDB,1,2,1.0,1,Walking|Reading|Turning a page,False
oof,user5,training_0983,multi,3,user5,C,CA,1,3,1.0,1,Walking|Jumping jacks,False
oof,user5,training_0984,multi,3,user5,CD,D,1,2,1.0,1,Walking,False
oof,user5,training_0985,multi,3,user5,ABD,AB,1,3,1.0,1,Mopping|Wiping surface,False
oof,user5,training_0986,multi,3,user5,ACD,C,1,1,1.0,1,Walking,False
oof,user5,training_0987,multi,2,user5,BC,C,5,26,0.6,3,Stretching,False
oof,user5,training_0988,multi,3,user5,ABD,CB,2,4,0.5,2,Watching TV|Lying down,False
oof,user5,training_0989,multi,3,user5,AD,AB,1,1,1.0,1,Walking|Taking a selfie,False
oof,user5,training_0990,multi,3,user5,C,CAD,3,5,0.3333333333333333,3,Walking|Listening to the music with headphones|Drinking,False
oof,user5,training_0991,multi,2,user5,C,A,3,23,0.6666666666666666,2,Checking body temperature,False
oof,user5,training_0992,multi,2,user5,B,D,3,27,0.6666666666666666,2,Reading,False
oof,user5,training_0993,multi,2,user5,A,CA,8,34,0.25,5,Washing dishes|Drinking,False
oof,user5,training_0994,multi,3,user5,ABC,DAB,3,5,0.3333333333333333,3,Reading|Drinking|Eating,False
oof,user5,training_0995,multi,3,user5,CD,A,3,3,0.6666666666666666,2,Checking the time,False
oof,user5,training_0996,multi,3,user5,BCD,CDB,2,4,0.5,2,Sitting down|Walking|Standing up,False
oof,user5,training_0997,multi,3,user5,A,D,1,2,1.0,1,Wiping hands,False
oof,user5,training_0998,multi,3,user5,A,C,1,1,1.0,1,Eating,False
oof,user5,training_0999,multi,3,user5,ABD,B,3,3,0.3333333333333333,3,Walking,False
oof,user5,training_1000,multi,2,user5,BC,A,4,22,0.75,2,Wiping hands,False
oof,user5,training_1001,multi,3,user5,ABC,B,3,4,0.6666666666666666,2,Walking,False
oof,user5,training_2479,sequence,3,user5,CBDA,CBDA,2,6,1.0,1,Standing up|Sweeping|Sitting down|Reading,True
oof,user5,training_2872,emotion,3,user5,C,B,1,1,1.0,1,Carefully,False
oof,user5,training_2873,emotion,3,user5,A,A,1,1,1.0,1,Carefully,True
oof,user5,training_2874,emotion,3,user5,B,C,1,1,1.0,1,Carefully,False
oof,user5,training_2875,emotion,3,user5,C,C,5,5,0.4,3,Leisurely,True
oof,user5,training_2876,emotion,3,user5,D,C,3,3,0.3333333333333333,3,Leisurely,False
oof,user5,training_2877,emotion,3,user5,D,A,4,4,0.5,3,Leisurely,False
oof,user5,training_2878,emotion,3,user5,A,A,2,3,0.5,2,Leisurely,True
oof,user5,training_2879,emotion,3,user5,A,B,2,4,0.5,2,Leisurely,False
oof,user5,training_2880,emotion,3,user5,A,C,6,7,0.3333333333333333,4,Leisurely,False
oof,user5,training_2881,emotion,3,user5,A,C,2,3,0.5,2,Slowly,False
oof,user5,training_2882,emotion,3,user5,B,A,1,1,1.0,1,Quickly,False
oof,user5,training_2883,emotion,3,user5,B,B,1,1,1.0,1,Quickly,True
oof,user5,training_2884,emotion,3,user5,A,D,1,1,1.0,1,Hurriedly,False
oof,user5,training_2885,emotion,3,user5,B,A,2,2,0.5,2,Hurriedly,False
oof,user5,training_2886,emotion,3,user5,D,B,2,3,0.5,2,Slowly,False
oof,user5,training_2887,emotion,3,user5,A,A,2,3,0.5,2,Leisurely,True
oof,user5,training_2888,emotion,3,user5,C,B,3,5,0.3333333333333333,3,Leisurely,False
oof,user5,training_2889,emotion,3,user5,C,D,2,4,0.5,2,Leisurely,False
oof,user5,training_2890,emotion,3,user5,D,D,7,9,0.42857142857142855,3,Slowly,True
oof,user5,training_2891,emotion,3,user5,D,D,1,3,1.0,1,Evenly,True
oof,user5,training_2892,emotion,3,user5,D,D,1,3,1.0,1,Hastily,True
oof,user5,training_2893,emotion,2,user5,B,C,24,45,0.5,3,Calmly,False
oof,user5,training_2894,emotion,2,user5,B,B,25,47,0.52,4,Calmly,True
oof,user5,training_2895,emotion,2,user5,B,A,24,48,0.5416666666666666,3,Calmly,False
oof,user5,training_2896,emotion,3,user5,D,D,1,1,1.0,1,Meticulously,True
oof,user5,training_2897,emotion,3,user5,B,A,1,1,1.0,1,Meticulously,False
oof,user5,training_2898,emotion,3,user5,B,C,2,3,1.0,1,Meticulously,False
oof,user5,training_2899,emotion,3,user5,B,B,23,24,0.391304347826087,3,Slowly,True
oof,user5,training_2900,emotion,3,user5,C,B,22,23,0.36363636363636365,3,Slowly,False
oof,user5,training_2901,emotion,3,user5,C,B,24,26,0.4166666666666667,3,Slowly,False
oof,user5,training_2902,emotion,3,user5,B,B,3,5,0.6666666666666666,2,Slowly,True
oof,user5,training_2903,emotion,3,user5,B,C,1,3,1.0,1,Slowly,False
oof,user5,training_2904,emotion,2,user5,A,D,32,62,0.46875,4,Slowly,False
oof,user5,training_2905,emotion,3,user5,A,D,2,2,0.5,2,Steadily,False
oof,user5,training_2906,emotion,3,user5,D,B,3,5,0.3333333333333333,3,Urgently,False
oof,user5,training_2907,emotion,3,user5,A,B,5,6,0.4,4,Restlessly,False
oof,user5,training_2908,emotion,3,user5,D,C,6,7,0.6666666666666666,3,Anxiously,False
oof,user5,training_2909,emotion,3,user5,C,B,10,11,0.4,4,Anxiously,False
oof,user5,training_2910,emotion,3,user5,B,D,22,23,0.36363636363636365,4,Calmly,False
oof,user5,training_2911,emotion,3,user5,A,D,10,10,0.4,3,Hurriedly,False
oof,user5,training_2912,emotion,3,user5,A,A,11,11,0.45454545454545453,3,Quickly,True
oof,user5,training_2913,emotion,3,user5,C,D,11,12,0.36363636363636365,3,Quickly,False
oof,user5,training_3543,single,3,user5,A,A,8,12,0.75,3,washing their face,True
oof,user5,training_3561,single,3,user5,B,A,3,5,0.6666666666666666,2,brushing their teeth,False
oof,user5,training_3570,single,3,user5,C,C,14,14,0.6428571428571429,2,sweeping the floor,True
oof,user5,training_3641,single,3,user5,A,C,1,2,1.0,1,walking,False
oof,user5,training_3679,single,3,user5,C,C,2,5,0.5,2,turning pages,True
oof,user5,training_3755,single,3,user5,A,A,12,16,0.75,2,combing their hair,True
oof,user5,training_3935,single,3,user5,C,A,1,4,1.0,1,stirring a drink,False
oof,user5,training_3936,single,3,user5,A,B,5,5,0.4,3,making a phone call,False
oof,user5,training_3961,single,3,user5,A,A,10,10,0.9,2,pouring a drink,True
oof,user5,training_4092,object_interaction,3,user5,B,B,7,7,1.0,1,a glass,True
oof,user5,training_4093,object_interaction,3,user5,C,C,7,7,1.0,1,a glass,True
oof,user5,training_4094,object_interaction,3,user5,B,B,7,7,1.0,1,a glass,True
oof,user6,training_0191,single,3,user6,B,B,2,2,0.5,2,Walking,True
oof,user6,training_0192,single,3,user6,A,C,2,3,0.5,2,Folding clothes,False
oof,user6,training_0193,single,3,user6,D,D,1,1,1.0,1,Washing face,True
oof,user6,training_0194,single,2,user6,A,D,12,27,0.5,3,Standing up,False
oof,user6,training_0195,single,3,user6,A,D,1,1,1.0,1,Squats,False
oof,user6,training_0196,single,2,user6,A,D,18,36,0.3333333333333333,4,Reading,False
oof,user6,training_0197,single,2,user6,B,B,12,26,0.5833333333333334,3,Stirring,True
oof,user6,training_0198,single,2,user6,C,D,26,39,0.6538461538461539,4,Walking,False
oof,user6,training_0199,single,2,user6,A,A,22,39,0.3181818181818182,4,Grabbing utensils,True
oof,user6,training_0200,single,2,user6,D,B,10,35,0.4,3,Stretching,False
oof,user6,training_0201,single,3,user6,D,C,4,4,0.5,3,Sitting down,False
oof,user6,training_0202,single,3,user6,A,C,1,1,1.0,1,Getting dressed,False
oof,user6,training_0203,single,2,user6,B,D,22,39,0.3181818181818182,4,Sitting down,False
oof,user6,training_0204,single,2,user6,B,B,15,30,0.4666666666666667,4,Peeling fruit,True
oof,user6,training_0205,single,3,user6,B,C,2,2,0.5,2,Massaging oneself,False
oof,user6,training_0206,single,3,user6,C,C,1,1,1.0,1,Squats,True
oof,user6,training_0207,single,2,user6,B,B,29,43,0.7931034482758621,3,Walking,True
oof,user6,training_0208,single,3,user6,A,A,1,2,1.0,1,Walking,True
oof,user6,training_0209,single,3,user6,B,C,1,1,1.0,1,Walking,False
oof,user6,training_0210,single,2,user6,A,A,15,36,0.4666666666666667,4,Drinking,True
oof,user6,training_0211,single,3,user6,D,A,1,1,1.0,1,Walking,False
oof,user6,training_0212,single,3,user6,C,B,2,3,0.5,2,Peeling fruit,False
oof,user6,training_0213,single,3,user6,B,B,1,1,1.0,1,Walking,True
oof,user6,training_0214,single,3,user6,A,A,2,2,1.0,1,Walking,True
oof,user6,training_0215,single,3,user6,D,C,1,1,1.0,1,Jumping jacks,False
oof,user6,training_0216,single,3,user6,D,A,1,2,1.0,1,Walking,False
oof,user6,training_0217,single,3,user6,D,C,2,2,0.5,2,Eating,False
oof,user6,training_0218,single,3,user6,D,A,1,2,1.0,1,Writing,False
oof,user6,training_0219,single,2,user6,C,D,6,24,0.5,3,Standing up,False
oof,user6,training_0220,single,3,user6,A,D,2,3,0.5,2,Stirring,False
oof,user6,training_0221,single,2,user6,A,D,19,37,0.42105263157894735,4,Squats,False
oof,user6,training_0222,single,3,user6,C,A,3,3,0.6666666666666666,2,Sitting down,False
oof,user6,training_0223,single,3,user6,A,D,2,2,0.5,2,Checking the time,False
oof,user6,training_0224,single,3,user6,D,A,2,2,0.5,2,Brushing teeth,False
oof,user6,training_0225,single,2,user6,C,D,12,28,0.4166666666666667,4,Stretching,False
oof,user6,training_0226,single,2,user6,D,D,24,44,0.4583333333333333,4,Sitting down,True
oof,user6,training_0227,single,3,user6,C,D,2,2,0.5,2,Eating,False
oof,user6,training_0228,single,3,user6,B,A,1,1,1.0,1,Stretching,False
oof,user6,training_0229,single,3,user6,A,C,1,2,1.0,1,Listening to the music with headphones,False
oof,user6,training_0230,single,3,user6,A,D,1,1,1.0,1,Walking,False
oof,user6,training_0231,single,3,user6,A,C,2,3,1.0,1,Listening to the music with headphones,False
oof,user6,training_0232,single,3,user6,C,D,1,1,1.0,1,Calling,False
oof,user6,training_0233,single,3,user6,A,B,1,1,1.0,1,Turning a page,False
oof,user6,training_0234,single,2,user6,C,C,22,38,0.4090909090909091,4,Sitting down,True
oof,user6,training_0235,single,2,user6,A,B,11,24,0.36363636363636365,4,Peeling fruit,False
oof,user6,training_0236,single,2,user6,B,B,19,35,0.5263157894736842,4,Pouring,True
oof,user6,training_0237,single,2,user6,B,D,10,24,0.4,4,Running,False
oof,user6,training_0238,single,3,user6,A,C,1,1,1.0,1,Walking,False
oof,user6,training_0239,single,3,user6,A,D,2,2,0.5,2,Listening to the music with headphones,False
oof,user6,training_0240,single,2,user6,A,C,13,28,0.3076923076923077,4,Typing on a keyboard,False
oof,user6,training_0241,single,3,user6,A,C,1,1,1.0,1,Peeling fruit,False
oof,user6,training_1002,multi,3,user6,D,CAD,2,3,0.5,2,Standing up|Calling|Walking,False
oof,user6,training_1003,multi,3,user6,BC,CA,3,3,0.3333333333333333,3,Walking|Eating,False
oof,user6,training_1004,multi,3,user6,D,D,2,3,0.5,2,Brushing teeth,True
oof,user6,training_1005,multi,3,user6,BD,B,1,1,1.0,1,Peeling fruit,False
oof,user6,training_1006,multi,2,user6,AB,D,7,33,0.42857142857142855,5,Massaging oneself,False
oof,user6,training_1007,multi,2,user6,C,C,4,29,0.5,2,Drinking,True
oof,user6,training_1008,multi,2,user6,D,D,7,30,0.2857142857142857,4,Stirring,True
oof,user6,training_1009,multi,3,user6,ABD,ADB,7,9,0.42857142857142855,5,Grabbing utensils|Stirring|Pouring,False
oof,user6,training_1010,multi,2,user6,AB,C,21,68,0.38095238095238093,9,Walking,False
oof,user6,training_1011,multi,3,user6,B,D,2,2,0.5,2,Jumping jacks,False
oof,user6,training_1012,multi,2,user6,B,AD,17,40,0.4117647058823529,6,Mopping|Sweeping,False
oof,user6,training_1013,multi,2,user6,B,C,3,26,0.6666666666666666,2,Brushing teeth,False
oof,user6,training_1014,multi,3,user6,D,BD,1,1,1.0,1,Taking medicine|Peeling fruit,False
oof,user6,training_1015,multi,3,user6,BD,DB,2,4,0.5,2,Peeling fruit|Walking,False
oof,user6,training_1016,multi,3,user6,A,CA,2,3,0.5,2,Sweeping|Walking,False
oof,user6,training_1017,multi,2,user6,ABC,B,20,57,0.4,8,Walking,False
oof,user6,training_1018,multi,3,user6,BD,BA,3,4,0.3333333333333333,3,Walking|Eating,False
oof,user6,training_1019,multi,2,user6,A,A,7,25,0.42857142857142855,3,Standing up,True
oof,user6,training_1020,multi,2,user6,CD,C,5,25,0.4,4,Peeling fruit,False
oof,user6,training_1021,multi,3,user6,ABC,BDC,5,5,0.4,4,Drinking|Walking|Peeling fruit,False
oof,user6,training_1022,multi,3,user6,CD,ACD,3,5,0.3333333333333333,3,Walking|Washing dishes|Drinking,False
oof,user6,training_1023,multi,3,user6,BD,AD,1,3,1.0,1,Washing face|Walking,False
oof,user6,training_1024,multi,3,user6,CD,D,5,6,0.2,5,Walking,False
oof,user6,training_1025,multi,3,user6,BD,AD,3,3,0.3333333333333333,3,Calling|Walking,False
oof,user6,training_1026,multi,3,user6,BD,AC,2,4,0.5,2,Peeling fruit|Walking,False
oof,user6,training_1027,multi,2,user6,C,C,10,24,0.5,4,Standing up,True
oof,user6,training_1028,multi,3,user6,D,D,1,1,1.0,1,Listening to the music with headphones,True
oof,user6,training_1029,multi,2,user6,B,B,6,29,0.5,3,Listening to the music with headphones,True
oof,user6,training_1030,multi,2,user6,AB,C,6,37,0.5,4,Peeling fruit,False
oof,user6,training_1031,multi,3,user6,A,BC,3,4,0.3333333333333333,3,Grabbing utensils|Walking,False
oof,user6,training_1032,multi,2,user6,C,D,3,25,0.3333333333333333,3,Lying down,False
oof,user6,training_1033,multi,3,user6,ACD,CAD,6,8,0.3333333333333333,4,Eating|Peeling fruit|Walking,False
oof,user6,training_1034,multi,2,user6,BD,DB,9,48,0.3333333333333333,5,Peeling fruit|Eating,False
oof,user6,training_1035,multi,3,user6,C,A,1,1,1.0,1,Wiping hands,False
oof,user6,training_1036,multi,2,user6,C,A,8,28,0.375,4,Standing up,False
oof,user6,training_1037,multi,2,user6,B,AB,13,28,0.23076923076923078,7,Taking medicine|Sitting down,False
oof,user6,training_1038,multi,2,user6,AD,D,6,25,0.5,4,Lunges,False
oof,user6,training_1039,multi,3,user6,BCD,BCD,1,1,1.0,1,Jumping jacks|Lying down|Lunges,True
oof,user6,training_1040,multi,2,user6,CD,C,7,22,0.2857142857142857,5,Lunges,False
oof,user6,training_1041,multi,2,user6,D,BC,5,19,0.6,3,Undressing|Watching TV,False
oof,user6,training_1042,multi,2,user6,B,B,3,21,0.6666666666666666,2,Eating,True
oof,user6,training_1043,multi,3,user6,A,C,1,1,1.0,1,Playing games,False
oof,user6,training_1044,multi,3,user6,CD,C,1,4,1.0,1,Sitting down,False
oof,user6,training_1045,multi,3,user6,A,AB,1,2,1.0,1,Sitting down|Writing,False
oof,user6,training_1046,multi,2,user6,AC,A,10,34,0.2,6,Sitting down,False
oof,user6,training_1047,multi,2,user6,BC,C,9,51,0.3333333333333333,5,Eating,False
oof,user6,training_1048,multi,2,user6,D,A,8,24,0.5,3,Squats,False
oof,user6,training_1049,multi,2,user6,ABD,B,8,44,0.25,7,Grabbing utensils,False
oof,user6,training_1050,multi,2,user6,AB,B,11,40,0.36363636363636365,5,Sitting down,False
oof,user6,training_1051,multi,3,user6,AD,C,3,3,0.3333333333333333,3,Listening to the music with headphones,False
oof,user6,training_1052,multi,2,user6,D,D,8,26,0.5,3,Sitting down,True
oof,user6,training_1820,combination,2,user6,A,A,1,1,1.0,1,"Combing hair, Wiping hands",True
oof,user6,training_1823,combination,2,user6,A,A,1,1,1.0,1,"Grabbing utensils, Peeling fruit",True
oof,user6,training_1832,combination,2,user6,C,C,1,1,1.0,1,"Walking, Wiping surface",True
oof,user6,training_2486,sequence,3,user6,BDAC,BDAC,1,12,1.0,1,Sweeping|Standing up|Walking|Mopping,True
oof,user6,training_2487,sequence,3,user6,DACB,CDAB,1,10,1.0,1,Walking|Sweeping|Squats|Mopping,False
oof,user6,training_2488,sequence,3,user6,DCAB,ADCB,1,10,1.0,1,Walking|Sweeping|Squats|Mopping,False
oof,user6,training_2914,emotion,3,user6,D,D,3,3,0.3333333333333333,3,Softly,True
oof,user6,training_2915,emotion,3,user6,C,B,8,8,0.375,4,Hurriedly,False
oof,user6,training_2916,emotion,3,user6,A,A,4,4,0.5,3,Hurriedly,True
oof,user6,training_2917,emotion,3,user6,B,B,3,3,0.3333333333333333,3,Slowly,True
oof,user6,training_2918,emotion,3,user6,D,C,3,4,0.3333333333333333,3,Slowly,False
oof,user6,training_2919,emotion,3,user6,A,C,4,4,0.5,3,Peacefully,False
oof,user6,training_2920,emotion,3,user6,D,B,7,7,0.42857142857142855,3,Calmly,False
oof,user6,training_2921,emotion,3,user6,C,C,8,8,0.375,3,Calmly,True
oof,user6,training_2922,emotion,3,user6,C,A,11,13,0.36363636363636365,4,Calmly,False
oof,user6,training_2923,emotion,3,user6,B,B,9,10,0.4444444444444444,4,Slowly,True
oof,user6,training_2924,emotion,3,user6,B,D,4,5,0.5,3,Slowly,False
oof,user6,training_2925,emotion,3,user6,B,A,4,4,0.5,3,Slowly,False
oof,user6,training_2926,emotion,3,user6,C,C,3,4,0.3333333333333333,3,Patiently,True
oof,user6,training_2927,emotion,3,user6,C,D,11,13,0.36363636363636365,4,Leisurely,False
oof,user6,training_2928,emotion,3,user6,C,A,3,5,0.3333333333333333,3,Patiently,False
oof,user6,training_2929,emotion,3,user6,C,C,6,6,0.3333333333333333,3,Leisurely,True
oof,user6,training_2930,emotion,3,user6,B,C,6,6,0.3333333333333333,3,Leisurely,False
oof,user6,training_2931,emotion,3,user6,A,C,6,6,0.3333333333333333,3,Leisurely,False
oof,user6,training_2932,emotion,3,user6,A,A,3,3,0.3333333333333333,3,Patiently,True
oof,user6,training_2933,emotion,3,user6,B,C,3,3,0.3333333333333333,3,Patiently,False
oof,user6,training_2934,emotion,3,user6,A,C,3,3,0.3333333333333333,3,Patiently,False
oof,user6,training_2935,emotion,3,user6,B,C,8,8,0.25,4,Gently,False
oof,user6,training_2936,emotion,3,user6,B,C,3,3,0.3333333333333333,3,Carefully,False
oof,user6,training_2937,emotion,3,user6,A,B,3,3,0.3333333333333333,3,Carefully,False
oof,user6,training_2938,emotion,3,user6,A,D,21,21,0.38095238095238093,4,Anxiously,False
oof,user6,training_2939,emotion,3,user6,C,B,15,15,0.4,3,Anxiously,False
oof,user6,training_2940,emotion,3,user6,C,C,16,17,0.4375,3,Anxiously,True
oof,user6,training_2941,emotion,3,user6,A,A,3,3,0.3333333333333333,3,Lazily,True
oof,user6,training_2942,emotion,3,user6,D,B,3,3,0.3333333333333333,3,Lazily,False
oof,user6,training_2943,emotion,3,user6,D,B,3,3,0.3333333333333333,3,Lazily,False
oof,user6,training_2944,emotion,3,user6,D,D,24,27,0.3333333333333333,3,Slowly,True
oof,user6,training_2945,emotion,3,user6,B,D,24,25,0.375,3,Slowly,False
oof,user6,training_2946,emotion,3,user6,A,D,23,25,0.391304347826087,3,Slowly,False
oof,user6,training_2947,emotion,3,user6,A,D,8,10,0.375,4,Calmly,False
oof,user6,training_2948,emotion,3,user6,C,B,6,6,0.5,3,Slowly,False
oof,user6,training_2949,emotion,3,user6,A,D,6,7,0.5,3,Slowly,False
oof,user6,training_2950,emotion,3,user6,A,C,6,7,0.3333333333333333,3,Steadily,False
oof,user6,training_2951,emotion,3,user6,A,C,7,7,0.42857142857142855,3,Leisurely,False
oof,user6,training_2952,emotion,3,user6,A,B,7,7,0.42857142857142855,3,Leisurely,False
oof,user6,training_2953,emotion,3,user6,B,B,3,3,0.3333333333333333,3,Casually,True
oof,user6,training_2954,emotion,3,user6,C,B,3,3,0.3333333333333333,3,Casually,False
oof,user6,training_2955,emotion,3,user6,B,D,3,3,0.3333333333333333,3,Casually,False
oof,user6,training_2956,emotion,3,user6,B,D,4,4,0.5,3,Steadily,False
oof,user6,training_2957,emotion,3,user6,B,A,5,5,0.4,3,Quickly,False
oof,user6,training_2958,emotion,3,user6,C,C,5,8,0.4,3,Quickly,True
oof,user6,training_2959,emotion,3,user6,D,A,8,10,0.375,4,Hurriedly,False
oof,user6,training_2960,emotion,3,user6,B,B,5,6,0.4,3,Steadily,True
oof,user6,training_2961,emotion,3,user6,B,A,5,5,0.4,3,Steadily,False
oof,user6,training_2962,emotion,3,user6,D,D,3,3,0.3333333333333333,3,Peacefully,True
oof,user6,training_2963,emotion,3,user6,B,C,3,3,0.3333333333333333,3,Peacefully,False
oof,user6,training_2964,emotion,3,user6,A,B,3,3,0.3333333333333333,3,Peacefully,False
oof,user6,training_3562,single,2,user6,B,A,26,79,0.38461538461538464,3,wiping a bowl,False
oof,user6,training_3563,single,2,user6,C,A,27,75,0.37037037037037035,3,mopping the floor,False
oof,user6,training_3564,single,3,user6,A,C,3,4,0.6666666666666666,2,using a smartphone,False
oof,user6,training_3571,single,3,user6,A,A,17,17,0.5294117647058824,3,sweeping the floor,True
oof,user6,training_3601,single,3,user6,A,A,1,3,1.0,1,wiping surfaces,True
oof,user6,training_3634,single,3,user6,B,C,4,7,0.5,3,using a remote,False
oof,user6,training_3650,single,3,user6,B,B,11,12,0.8181818181818182,2,brushing their teeth,True
oof,user6,training_3661,single,3,user6,B,A,3,3,0.6666666666666666,2,doing squats,False
oof,user6,training_3671,single,3,user6,B,B,11,12,0.7272727272727273,3,reading documents,True
oof,user6,training_3680,single,3,user6,A,C,5,8,0.6,2,opening the cabinet,False
oof,user6,training_3696,single,3,user6,C,C,6,8,0.6666666666666666,3,using a smartphone,True
oof,user6,training_3697,single,3,user6,A,A,4,6,0.75,2,using a smartphone,True
oof,user6,training_3698,single,3,user6,A,A,7,9,0.7142857142857143,3,using a smartphone,True
oof,user6,training_3736,single,3,user6,C,B,3,6,0.6666666666666666,2,using a remote,False
oof,user6,training_3737,single,3,user6,A,C,2,3,0.5,2,turning pages,False
oof,user6,training_3756,single,3,user6,A,A,12,13,0.75,2,combing their hair,True
oof,user6,training_3765,single,3,user6,A,A,2,4,0.5,2,doing jumping jacks,True
oof,user6,training_3784,single,3,user6,C,C,5,6,0.8,2,standing up,True
oof,user6,training_3804,single,3,user6,B,B,6,7,0.8333333333333334,2,sitting down,True
oof,user6,training_3814,single,3,user6,B,C,2,7,0.5,2,doing squats,False
oof,user6,training_3856,single,3,user6,C,C,4,7,0.5,3,taking their body temperature,True
oof,user6,training_3886,single,3,user6,A,C,2,4,0.5,2,writing,False
oof,user6,training_3951,single,3,user6,A,B,2,2,1.0,1,writing,False
oof,user6,training_3952,single,3,user6,B,A,5,5,0.4,3,reading documents,False
oof,user6,training_3962,single,3,user6,C,C,8,9,0.625,3,pouring a drink,True
oof,user6,training_3990,object_interaction,3,user6,B,C,18,21,0.6111111111111112,2,a phone,False
oof,user6,training_4009,object_interaction,3,user6,A,A,19,19,1.0,1,a documents,True
oof,user6,training_4037,object_interaction,3,user6,B,B,14,22,1.0,1,a phone,True
oof,user6,training_4073,object_interaction,3,user6,D,D,9,9,1.0,1,a cabinet,True
oof,user6,training_4095,object_interaction,3,user6,C,C,9,9,1.0,1,a glass,True
oof,user7,training_0242,single,3,user7,D,B,1,1,1.0,1,Turning a page,False
oof,user7,training_0243,single,3,user7,C,D,1,1,1.0,1,Drinking,False
oof,user7,training_0244,single,2,user7,C,B,16,30,0.5,4,Eating,False
oof,user7,training_0245,single,3,user7,D,D,1,1,1.0,1,Walking,True
oof,user7,training_0246,single,2,user7,B,B,10,29,0.7,2,Sitting down,True
oof,user7,training_0247,single,3,user7,D,D,1,1,1.0,1,Walking,True
oof,user7,training_0248,single,2,user7,B,B,12,28,0.5,4,Pouring,True
oof,user7,training_0249,single,3,user7,B,C,3,3,0.6666666666666666,2,Mopping,False
oof,user7,training_0250,single,2,user7,B,C,19,25,0.42105263157894735,4,Sitting down,False
oof,user7,training_0251,single,3,user7,D,A,2,2,0.5,2,Folding clothes,False
oof,user7,training_0252,single,3,user7,B,C,1,3,1.0,1,Reading,False
oof,user7,training_0253,single,3,user7,C,B,1,1,1.0,1,Walking,False
oof,user7,training_0254,single,3,user7,B,D,1,1,1.0,1,Checking the time,False
oof,user7,training_0255,single,3,user7,A,D,2,2,0.5,2,Folding clothes,False
oof,user7,training_0256,single,2,user7,A,A,7,20,0.2857142857142857,4,Stretching,True
oof,user7,training_0257,single,3,user7,D,D,3,3,1.0,1,Walking,True
oof,user7,training_0258,single,3,user7,A,B,1,2,1.0,1,Listening to the music with headphones,False
oof,user7,training_0259,single,2,user7,C,B,20,33,0.35,4,Squats,False
oof,user7,training_0260,single,2,user7,C,A,17,38,0.4117647058823529,4,Stirring,False
oof,user7,training_0262,single,3,user7,B,B,2,2,0.5,2,Walking,True
oof,user7,training_0263,single,3,user7,C,D,1,2,1.0,1,Brushing teeth,False
oof,user7,training_0264,single,2,user7,D,D,18,38,0.3333333333333333,4,Taking medicine,True
oof,user7,training_0265,single,3,user7,A,C,1,1,1.0,1,Calling,False
oof,user7,training_0266,single,2,user7,C,D,5,31,1.0,1,Checking the time,False
oof,user7,training_0267,single,2,user7,C,B,8,26,0.625,2,Standing up,False
oof,user7,training_0268,single,3,user7,C,A,1,1,1.0,1,Listening to the music with headphones,False
oof,user7,training_0269,single,2,user7,A,A,12,23,0.4166666666666667,4,Stirring,True
oof,user7,training_0270,single,2,user7,D,D,12,27,0.4166666666666667,3,Pouring,True
oof,user7,training_0271,single,2,user7,C,C,17,34,0.5882352941176471,4,Pouring,True
oof,user7,training_0272,single,2,user7,A,A,13,22,0.5384615384615384,4,Eating,True
oof,user7,training_0273,single,2,user7,A,B,12,26,0.4166666666666667,4,Undressing,False
oof,user7,training_0274,single,3,user7,D,D,1,1,1.0,1,Eating,True
oof,user7,training_0275,single,3,user7,D,B,1,3,1.0,1,Combing hair,False
oof,user7,training_0276,single,3,user7,D,A,1,1,1.0,1,Massaging oneself,False
oof,user7,training_0277,single,2,user7,D,A,6,20,0.5,3,Pouring,False
oof,user7,training_0278,single,2,user7,D,D,19,33,0.42105263157894735,4,Listening to the music with headphones,True
oof,user7,training_0279,single,3,user7,D,D,2,2,1.0,1,Listening to the music with headphones,True
oof,user7,training_0280,single,3,user7,C,D,2,3,0.5,2,Grabbing utensils,False
oof,user7,training_0281,single,3,user7,D,D,1,1,1.0,1,Sitting down,True
oof,user7,training_0283,single,2,user7,A,A,23,39,0.782608695652174,3,Walking,True
oof,user7,training_0284,single,2,user7,A,C,15,28,0.3333333333333333,4,Squats,False
oof,user7,training_0285,single,3,user7,D,A,1,1,1.0,1,Checking the time,False
oof,user7,training_0286,single,3,user7,D,B,1,1,1.0,1,Mopping,False
oof,user7,training_0287,single,3,user7,D,C,1,2,1.0,1,Listening to the music with headphones,False
oof,user7,training_0288,single,2,user7,C,D,30,44,0.7333333333333333,4,Walking,False
oof,user7,training_0289,single,3,user7,C,C,3,3,0.3333333333333333,3,Eating,True
oof,user7,training_1053,multi,2,user7,C,D,17,38,0.4117647058823529,6,Squats,False
oof,user7,training_1054,multi,3,user7,D,BC,2,3,0.5,2,Walking|Sitting down,False
oof,user7,training_1055,multi,2,user7,D,A,11,43,0.36363636363636365,5,Standing up,False
oof,user7,training_1056,multi,2,user7,C,D,2,18,0.5,2,Writing,False
oof,user7,training_1057,multi,3,user7,BD,AC,1,2,1.0,1,Mopping|Wiping surface,False
oof,user7,training_1058,multi,3,user7,AD,AB,1,3,1.0,1,Walking|Listening to the music with headphones,False
oof,user7,training_1059,multi,2,user7,C,D,13,33,0.3076923076923077,4,Standing up,False
oof,user7,training_1060,multi,2,user7,B,B,15,53,0.3333333333333333,5,Grabbing utensils,True
oof,user7,training_1061,multi,2,user7,D,A,8,38,0.5,2,Sitting down,False
oof,user7,training_1062,multi,2,user7,C,B,6,20,0.5,3,Brushing teeth,False
oof,user7,training_1063,multi,2,user7,BD,B,3,27,1.0,1,Wiping surface,False
oof,user7,training_1064,multi,3,user7,B,B,1,2,1.0,1,Sitting down,True
oof,user7,training_1065,multi,3,user7,ABD,AD,1,1,1.0,1,Mopping|Sweeping,False
oof,user7,training_1066,multi,2,user7,CD,D,5,20,0.6,3,Sweeping,False
oof,user7,training_1067,multi,3,user7,ACD,AD,2,3,1.0,1,Mopping|Sweeping,False
oof,user7,training_1068,multi,2,user7,AB,CB,29,65,0.3103448275862069,7,Wiping surface|Walking,False
oof,user7,training_1069,multi,3,user7,A,CD,2,3,0.5,2,Massaging oneself|Sitting down,False
oof,user7,training_1070,multi,3,user7,B,BC,2,2,0.5,2,Walking|Brushing teeth,False
oof,user7,training_1071,multi,3,user7,AB,A,1,1,1.0,1,Walking,False
oof,user7,training_1073,multi,3,user7,BD,BD,3,3,0.6666666666666666,2,Wiping surface|Walking,True
oof,user7,training_1074,multi,3,user7,BCD,CAD,5,5,0.2,5,Checking body temperature|Massaging oneself|Walking,False
oof,user7,training_1075,multi,2,user7,D,B,5,31,0.4,4,Getting dressed,False
oof,user7,training_1076,multi,3,user7,ABC,CBA,2,3,0.5,2,Reading|Checking the time|Typing on a keyboard,False
oof,user7,training_1077,multi,2,user7,A,CB,3,20,0.3333333333333333,3,Running|Typing on a keyboard,False
oof,user7,training_1078,multi,3,user7,B,C,1,1,1.0,1,Taking medicine,False
oof,user7,training_1079,multi,3,user7,AB,AB,2,2,0.5,2,Undressing|Watching TV,True
oof,user7,training_1080,multi,3,user7,AB,BD,5,9,0.2,5,Walking|Washing dishes,False
oof,user7,training_1081,multi,2,user7,A,D,7,30,0.2857142857142857,5,Reading,False
oof,user7,training_1082,multi,3,user7,A,B,2,2,0.5,2,Checking body temperature,False
oof,user7,training_1083,multi,3,user7,BC,BC,1,2,1.0,1,Eating|Walking,True
oof,user7,training_1084,multi,3,user7,BC,AD,1,3,1.0,1,Checking the time|Calling,False
oof,user7,training_1085,multi,2,user7,BCD,C,25,73,0.44,8,Walking,False
oof,user7,training_1086,multi,3,user7,AB,BC,2,4,0.5,2,Undressing|Playing games,False
oof,user7,training_1087,multi,3,user7,A,DA,1,1,1.0,1,Stretching|Folding clothes,False
oof,user7,training_1088,multi,2,user7,D,A,8,26,0.625,4,Stirring,False
oof,user7,training_1089,multi,3,user7,C,A,1,2,1.0,1,Writing,False
oof,user7,training_1090,multi,3,user7,D,D,2,2,0.5,2,Listening to the music with headphones,True
oof,user7,training_1091,multi,3,user7,C,A,1,2,1.0,1,Sitting down,False
oof,user7,training_1092,multi,2,user7,D,A,1,24,1.0,1,Squats,False
oof,user7,training_1094,multi,3,user7,AD,BC,2,3,0.5,2,Peeling fruit|Pouring,False
oof,user7,training_1095,multi,3,user7,ACD,CDA,2,3,0.5,2,Sitting down|Checking body temperature|Listening to the music with headphones,False
oof,user7,training_1096,multi,2,user7,D,D,10,30,0.5,4,Listening to the music with headphones,True
oof,user7,training_1097,multi,2,user7,AD,B,2,23,0.5,2,Lunges,False
oof,user7,training_1098,multi,2,user7,D,BC,7,48,0.2857142857142857,5,Listening to the music with headphones|Sitting down,False
oof,user7,training_1099,multi,3,user7,AC,BC,2,4,0.5,2,Sitting down|Eating,False
oof,user7,training_1100,multi,2,user7,CD,D,16,40,0.3125,8,Wiping hands,False
oof,user7,training_1868,combination,2,user7,A,A,2,2,1.0,1,"Stirring, Pouring",True
oof,user7,training_2501,sequence,3,user7,CDBA,CDBA,5,13,1.0,1,Brushing teeth|Wiping hands|Combing hair|Getting dressed,True
oof,user7,training_2502,sequence,3,user7,ADCB,ADCB,5,13,1.0,1,Brushing teeth|Wiping hands|Combing hair|Getting dressed,True
oof,user7,training_2503,sequence,3,user7,DABC,DABC,5,13,1.0,1,Brushing teeth|Wiping hands|Combing hair|Getting dressed,True
oof,user7,training_2510,sequence,3,user7,DBAC,DBAC,3,3,1.0,1,Sweeping|Mopping|Running|Stretching,True
oof,user7,training_2511,sequence,3,user7,CABD,CABD,3,3,1.0,1,Sweeping|Mopping|Running|Stretching,True
oof,user7,training_2512,sequence,3,user7,BDCA,BDCA,3,3,1.0,1,Sweeping|Mopping|Running|Stretching,True
oof,user7,training_2516,sequence,3,user7,ABDC,ABDC,3,4,1.0,1,Walking|Undressing|Getting dressed|Folding clothes,True
oof,user7,training_2517,sequence,3,user7,CADB,CADB,3,4,1.0,1,Walking|Undressing|Getting dressed|Folding clothes,True
oof,user7,training_2518,sequence,3,user7,DBAC,DBAC,3,4,1.0,1,Walking|Undressing|Getting dressed|Folding clothes,True
oof,user7,training_2519,sequence,3,user7,ABDC,ABDC,4,35,1.0,1,Walking|Sitting down|Typing on a keyboard|Checking the time,True
oof,user7,training_2521,sequence,3,user7,ADBC,ADBC,4,35,1.0,1,Walking|Sitting down|Typing on a keyboard|Checking the time,True
oof,user7,training_2965,emotion,3,user7,C,A,4,5,0.5,3,Rapidly,False
oof,user7,training_2966,emotion,3,user7,C,D,16,16,0.375,4,Rapidly,False
oof,user7,training_2967,emotion,3,user7,C,B,3,3,0.3333333333333333,3,Meticulously,False
oof,user7,training_2968,emotion,3,user7,C,A,4,4,0.5,3,Calmly,False
oof,user7,training_2969,emotion,3,user7,A,B,3,3,0.3333333333333333,3,Gracefully,False
oof,user7,training_2970,emotion,3,user7,C,C,4,4,0.5,3,Calmly,True
oof,user7,training_2971,emotion,3,user7,D,C,12,13,0.4166666666666667,4,Calmly,False
oof,user7,training_2972,emotion,3,user7,D,D,8,8,0.375,3,Calmly,True
oof,user7,training_2973,emotion,3,user7,C,B,9,9,0.4444444444444444,3,Calmly,False
oof,user7,training_2974,emotion,3,user7,B,D,18,18,0.3333333333333333,4,Steadily,False
oof,user7,training_2975,emotion,3,user7,A,B,13,13,0.38461538461538464,3,Slowly,False
oof,user7,training_2976,emotion,3,user7,C,D,15,16,0.4,3,Steadily,False
oof,user7,training_2977,emotion,3,user7,B,A,9,10,0.4444444444444444,4,Slowly,False
oof,user7,training_2978,emotion,3,user7,C,B,10,11,0.4,4,Gently,False
oof,user7,training_2979,emotion,3,user7,D,B,3,3,0.3333333333333333,3,Gently,False
oof,user7,training_2980,emotion,3,user7,A,A,22,24,0.36363636363636365,3,Slowly,True
oof,user7,training_2981,emotion,3,user7,D,C,22,23,0.36363636363636365,3,Slowly,False
oof,user7,training_2982,emotion,3,user7,D,A,24,25,0.3333333333333333,3,Slowly,False
oof,user7,training_2983,emotion,3,user7,B,B,4,4,0.5,3,Gently,True
oof,user7,training_2985,emotion,3,user7,A,C,4,4,0.5,3,Steadily,False
oof,user7,training_2986,emotion,3,user7,B,B,9,9,0.3333333333333333,4,Leisurely,True
oof,user7,training_2987,emotion,3,user7,B,C,9,10,0.4444444444444444,3,Hurriedly,False
oof,user7,training_2988,emotion,3,user7,D,C,8,9,0.375,3,Steadily,False
oof,user7,training_2989,emotion,3,user7,A,A,3,3,0.3333333333333333,3,Slowly,True
oof,user7,training_2990,emotion,3,user7,D,B,3,4,0.3333333333333333,3,Slowly,False
oof,user7,training_2991,emotion,3,user7,B,A,3,3,0.3333333333333333,3,Slowly,False
oof,user7,training_2992,emotion,3,user7,A,D,4,4,0.5,3,Smoothly,False
oof,user7,training_2993,emotion,3,user7,A,A,4,4,0.5,3,Smoothly,True
oof,user7,training_2994,emotion,3,user7,B,D,4,4,0.5,3,Smoothly,False
oof,user7,training_2995,emotion,3,user7,D,D,3,3,0.3333333333333333,3,Unhurriedly,True
oof,user7,training_2996,emotion,3,user7,A,B,5,7,0.4,4,Anxiously,False
oof,user7,training_2997,emotion,3,user7,A,B,3,3,0.3333333333333333,3,Unhurriedly,False
oof,user7,training_2998,emotion,3,user7,C,A,10,11,0.4,3,Hastily,False
oof,user7,training_2999,emotion,3,user7,C,D,10,11,0.4,3,Hastily,False
oof,user7,training_3000,emotion,3,user7,B,B,10,10,0.4,3,Hastily,True
oof,user7,training_3001,emotion,3,user7,D,D,3,3,0.3333333333333333,3,Leisurely,True
oof,user7,training_3002,emotion,3,user7,A,B,3,3,0.3333333333333333,3,Leisurely,False
oof,user7,training_3003,emotion,3,user7,D,B,9,9,0.3333333333333333,4,Leisurely,False
oof,user7,training_3004,emotion,3,user7,B,A,4,5,0.25,4,Gracefully,False
oof,user7,training_3006,emotion,3,user7,A,C,3,3,0.3333333333333333,3,Quietly,False
oof,user7,training_3007,emotion,3,user7,B,B,8,9,0.375,3,Gently,True
oof,user7,training_3008,emotion,3,user7,B,C,7,7,0.42857142857142855,3,Gently,False
oof,user7,training_3009,emotion,3,user7,A,C,8,9,0.375,3,Gently,False
oof,user7,training_3010,emotion,3,user7,B,C,4,5,0.5,3,Hastily,False
oof,user7,training_3011,emotion,3,user7,C,B,7,10,0.42857142857142855,4,Hastily,False
oof,user7,training_3012,emotion,3,user7,B,B,4,5,0.5,3,Hastily,True
oof,user7,training_3572,single,3,user7,A,A,8,8,1.0,1,sweeping the floor,True
oof,user7,training_3582,single,3,user7,A,B,7,7,0.7142857142857143,3,reading documents,False
oof,user7,training_3592,single,3,user7,C,C,1,1,1.0,1,wiping a bowl,True
oof,user7,training_3602,single,3,user7,C,A,3,4,0.6666666666666666,2,making a phone call,False
oof,user7,training_3603,single,3,user7,B,C,2,5,1.0,1,mopping the floor,False
oof,user7,training_3699,single,3,user7,A,A,10,11,0.8,3,using a smartphone,True
oof,user7,training_3708,single,3,user7,A,B,7,8,0.8571428571428571,2,doing stretching exercises,False
oof,user7,training_3709,single,3,user7,C,B,1,1,1.0,1,using a smartphone,False
oof,user7,training_3727,single,3,user7,C,B,6,13,0.6666666666666666,2,peeling with a knife,False
oof,user7,training_3757,single,3,user7,C,C,10,11,0.9,2,combing their hair,True
oof,user7,training_3766,single,3,user7,B,A,3,3,0.6666666666666666,2,turning pages,False
oof,user7,training_3767,single,3,user7,B,A,8,8,0.75,2,putting on clothes,False
oof,user7,training_3785,single,3,user7,C,C,5,6,0.8,2,standing up,True
oof,user7,training_3805,single,3,user7,B,B,11,12,0.5454545454545454,3,sitting down,True
oof,user7,training_3806,single,3,user7,A,A,11,11,0.5454545454545454,3,sitting down,True
oof,user7,training_3826,single,3,user7,C,B,5,5,0.4,3,reading documents,False
oof,user7,training_3893,single,3,user7,C,A,3,4,0.3333333333333333,3,making a phone call,False
oof,user7,training_3894,single,3,user7,C,B,3,3,0.6666666666666666,2,using a smartphone,False
oof,user7,training_3905,single,3,user7,B,C,5,6,0.6,2,wiping their hands,False
oof,user7,training_3911,single,3,user7,B,B,9,9,0.7777777777777778,2,wiping their hands,True
oof,user7,training_3912,single,3,user7,A,A,6,8,1.0,1,wiping their hands,True
oof,user7,training_3944,single,3,user7,B,B,3,3,0.6666666666666666,2,eating food,True
oof,user7,training_3945,single,3,user7,B,A,2,3,0.5,2,typing on the keyboard,False
oof,user7,training_3953,single,3,user7,A,B,3,5,1.0,1,taking their body temperature,False
oof,user7,training_3963,single,3,user7,C,A,16,17,0.5,2,doing stretching exercises,False
oof,user7,training_3991,object_interaction,3,user7,C,C,9,23,0.5555555555555556,2,a keyboard,True
oof,user7,training_4038,object_interaction,3,user7,A,A,16,28,0.75,2,a phone,True
oof,user7,training_4046,object_interaction,3,user7,D,C,19,21,0.631578947368421,2,a phone,False
oof,user7,training_4047,object_interaction,3,user7,B,A,28,28,0.42857142857142855,3,a phone,False
oof,user7,training_4048,object_interaction,3,user7,C,C,9,17,0.7777777777777778,2,a remote,True
oof,user7,training_4074,object_interaction,3,user7,B,B,7,7,1.0,1,a cabinet,True
oof,user7,training_4075,object_interaction,3,user7,B,B,7,7,1.0,1,a cabinet,True
oof,user7,training_4076,object_interaction,3,user7,D,D,7,7,1.0,1,a cabinet,True
oof,user7,training_4085,object_interaction,3,user7,B,B,28,28,0.6785714285714286,2,a clothes,True
oof,user8,training_0290,single,3,user8,D,C,2,2,1.0,1,Checking the time,False
oof,user8,training_0291,single,3,user8,A,A,2,3,0.5,2,Wiping hands,True
oof,user8,training_0292,single,3,user8,B,A,2,3,0.5,2,Checking the time,False
oof,user8,training_0293,single,3,user8,B,A,1,1,1.0,1,Taking medicine,False
oof,user8,training_0294,single,3,user8,A,C,2,2,0.5,2,Typing on a keyboard,False
oof,user8,training_0295,single,2,user8,D,B,12,27,0.3333333333333333,4,Drinking,False
oof,user8,training_0296,single,2,user8,D,B,11,23,0.36363636363636365,4,Washing face,False
oof,user8,training_0297,single,3,user8,C,D,1,2,1.0,1,Taking a selfie,False
oof,user8,training_0298,single,3,user8,C,A,2,2,1.0,1,Combing hair,False
oof,user8,training_0299,single,3,user8,B,B,3,4,1.0,1,Walking,True
oof,user8,training_0300,single,3,user8,B,B,2,2,0.5,2,Wiping surface,True
oof,user8,training_0301,single,3,user8,B,B,1,1,1.0,1,Walking,True
oof,user8,training_0302,single,2,user8,A,C,15,32,0.6,4,Peeling fruit,False
oof,user8,training_0303,single,3,user8,D,A,1,1,1.0,1,Checking body temperature,False
oof,user8,training_0304,single,2,user8,C,C,14,29,0.2857142857142857,4,Sweeping,True
oof,user8,training_0305,single,3,user8,C,B,1,1,1.0,1,Lying down,False
oof,user8,training_0306,single,3,user8,C,C,1,1,1.0,1,Pouring,True
oof,user8,training_0307,single,3,user8,C,C,1,1,1.0,1,Washing dishes,True
oof,user8,training_0308,single,2,user8,B,B,24,37,0.75,4,Walking,True
oof,user8,training_0309,single,3,user8,D,C,2,2,0.5,2,Listening to the music with headphones,False
oof,user8,training_0310,single,3,user8,B,D,2,2,0.5,2,Sitting down,False
oof,user8,training_0311,single,2,user8,C,C,26,37,0.34615384615384615,4,Sitting down,True
oof,user8,training_0312,single,2,user8,D,D,13,28,0.46153846153846156,4,Sitting down,True
oof,user8,training_0313,single,3,user8,A,C,2,3,0.5,2,Squats,False
oof,user8,training_0314,single,3,user8,B,B,1,2,1.0,1,Stirring,True
oof,user8,training_0315,single,3,user8,B,B,2,2,1.0,1,Walking,True
oof,user8,training_0316,single,3,user8,D,D,2,3,0.5,2,Walking,True
oof,user8,training_0317,single,3,user8,D,A,1,1,1.0,1,Lying down,False
oof,user8,training_0318,single,2,user8,B,C,14,28,0.42857142857142855,3,Eating,False
oof,user8,training_0319,single,3,user8,A,A,1,1,1.0,1,Checking the time,True
oof,user8,training_0320,single,3,user8,C,C,2,4,0.5,2,Squats,True
oof,user8,training_0321,single,2,user8,A,C,21,35,0.47619047619047616,4,Pouring,False
oof,user8,training_0322,single,2,user8,B,C,21,30,0.38095238095238093,4,Drinking,False
oof,user8,training_0323,single,3,user8,C,A,1,1,1.0,1,Running,False
oof,user8,training_0324,single,2,user8,A,B,7,29,0.42857142857142855,3,Lunges,False
oof,user8,training_0325,single,3,user8,C,D,1,2,1.0,1,Checking body temperature,False
oof,user8,training_0326,single,2,user8,C,A,15,31,0.3333333333333333,4,Wiping surface,False
oof,user8,training_0327,single,3,user8,B,A,1,1,1.0,1,Eating,False
oof,user8,training_0328,single,3,user8,D,D,2,2,0.5,2,Massaging oneself,True
oof,user8,training_0329,single,3,user8,D,D,1,1,1.0,1,Peeling fruit,True
oof,user8,training_0330,single,2,user8,D,D,18,47,0.3333333333333333,4,Stirring,True
oof,user8,training_0331,single,2,user8,A,B,19,39,0.42105263157894735,4,Sitting down,False
oof,user8,training_1101,multi,3,user8,C,B,1,1,1.0,1,Wiping surface,False
oof,user8,training_1102,multi,2,user8,A,BC,7,37,0.2857142857142857,5,Drinking|Eating,False
oof,user8,training_1103,multi,3,user8,B,D,3,4,0.6666666666666666,2,Squats,False
oof,user8,training_1104,multi,2,user8,BCD,C,12,49,0.3333333333333333,5,Listening to the music with headphones,False
oof,user8,training_1105,multi,3,user8,BC,AC,3,3,0.6666666666666666,2,Wiping surface|Walking,False
oof,user8,training_1106,multi,2,user8,AB,C,4,20,0.5,3,Wiping hands,False
oof,user8,training_1107,multi,2,user8,BD,B,17,56,0.29411764705882354,9,Listening to the music with headphones,False
oof,user8,training_1108,multi,3,user8,ABD,DB,1,2,1.0,1,Checking the time|Calling,False
oof,user8,training_1109,multi,2,user8,BD,B,7,25,0.2857142857142857,5,Calling,False
oof,user8,training_1110,multi,2,user8,B,B,19,62,0.6842105263157895,6,Walking,True
oof,user8,training_1111,multi,2,user8,D,D,22,60,0.5909090909090909,5,Walking,True
oof,user8,training_1112,multi,2,user8,AD,D,25,62,0.36,8,Walking,False
oof,user8,training_1113,multi,3,user8,D,D,1,1,1.0,1,Mopping,True
oof,user8,training_1114,multi,2,user8,AB,BA,11,30,0.6363636363636364,4,Mopping|Sweeping,False
oof,user8,training_1115,multi,2,user8,A,C,5,33,0.6,3,Massaging oneself,False
oof,user8,training_1116,multi,3,user8,AC,CA,1,1,1.0,1,Pouring|Stirring,False
oof,user8,training_1117,multi,2,user8,AC,AC,7,36,0.2857142857142857,4,Pouring|Stirring,True
oof,user8,training_1118,multi,3,user8,AD,B,1,1,1.0,1,Folding clothes,False
oof,user8,training_1119,multi,3,user8,CD,CD,4,5,1.0,1,Wiping surface|Walking,True
oof,user8,training_1120,multi,3,user8,AB,BA,4,5,1.0,1,Wiping surface|Walking,False
oof,user8,training_1121,multi,2,user8,C,BD,12,42,0.16666666666666666,8,Drinking|Pouring,False
oof,user8,training_1122,multi,2,user8,ACD,A,16,46,0.25,7,Sitting down,False
oof,user8,training_1123,multi,3,user8,AD,AD,1,3,1.0,1,Turning a page|Reading,True
oof,user8,training_1124,multi,2,user8,C,BC,6,36,0.5,3,Taking medicine|Sitting down,False
oof,user8,training_1125,multi,3,user8,CD,DBA,2,3,0.5,2,Walking|Checking the time|Getting dressed,False
oof,user8,training_1126,multi,3,user8,BCD,CDB,1,2,1.0,1,Peeling fruit|Stirring|Pouring,False
oof,user8,training_1127,multi,3,user8,D,A,1,2,1.0,1,Sweeping,False
oof,user8,training_1128,multi,2,user8,B,B,8,32,0.25,5,Stretching,True
oof,user8,training_1129,multi,2,user8,CD,B,8,30,0.5,3,Massaging oneself,False
oof,user8,training_1130,multi,2,user8,ABC,C,6,29,0.3333333333333333,4,Lunges,False
oof,user8,training_1131,multi,3,user8,ABC,BCA,1,1,1.0,1,Stretching|Undressing|Getting dressed,False
oof,user8,training_1132,multi,2,user8,ABC,B,8,24,0.5,4,Squats,False
oof,user8,training_1133,multi,2,user8,AB,BD,9,37,0.3333333333333333,5,Squats|Jumping jacks,False
oof,user8,training_1134,multi,2,user8,AC,D,3,17,0.6666666666666666,2,Undressing,False
oof,user8,training_1135,multi,2,user8,BC,C,3,18,0.3333333333333333,3,Turning a page,False
oof,user8,training_1136,multi,2,user8,AB,B,6,24,0.5,3,Drinking,False
oof,user8,training_1137,multi,3,user8,ABD,AD,1,1,1.0,1,Combing hair|Washing face,False
oof,user8,training_1138,multi,3,user8,ABC,BC,2,6,1.0,1,Massaging oneself|Wiping hands,False
oof,user8,training_1139,multi,2,user8,BC,A,5,24,0.4,3,Eating,False
oof,user8,training_1140,multi,3,user8,BD,A,2,2,1.0,1,Standing up,False
oof,user8,training_1141,multi,2,user8,BCD,DB,6,38,0.3333333333333333,4,Pouring|Stirring,False
oof,user8,training_1142,multi,3,user8,ABD,BDA,2,2,0.5,2,Pouring|Eating|Peeling fruit,False
oof,user8,training_1932,combination,2,user8,A,A,2,2,1.0,1,"Stirring, Pouring",True
oof,user8,training_2528,sequence,3,user8,CADB,CADB,2,8,1.0,1,Sitting down|Listening to the music with headphones|Writing|Turning a page,True
oof,user8,training_2529,sequence,3,user8,CBAD,CBAD,2,8,1.0,1,Sitting down|Listening to the music with headphones|Writing|Turning a page,True
oof,user8,training_2530,sequence,3,user8,ABDC,ABDC,2,8,1.0,1,Sitting down|Listening to the music with headphones|Writing|Turning a page,True
oof,user8,training_2531,sequence,3,user8,BDCA,BDCA,1,4,1.0,1,Running|Stretching|Typing on a keyboard|Lunges,True
oof,user8,training_2534,sequence,3,user8,BDCA,BDCA,3,3,1.0,1,Undressing|Getting dressed|Stretching|Squats,True
oof,user8,training_2535,sequence,3,user8,CABD,CABD,3,3,1.0,1,Undressing|Getting dressed|Stretching|Squats,True
oof,user8,training_2536,sequence,3,user8,ACBD,ACBD,3,3,1.0,1,Undressing|Getting dressed|Stretching|Squats,True
oof,user8,training_3013,emotion,3,user8,A,A,3,3,0.3333333333333333,3,Unhurriedly,True
oof,user8,training_3014,emotion,3,user8,C,D,3,3,0.3333333333333333,3,Unhurriedly,False
oof,user8,training_3015,emotion,3,user8,A,C,4,4,0.5,3,Unhurriedly,False
oof,user8,training_3016,emotion,3,user8,C,C,3,3,0.3333333333333333,3,Contently,True
oof,user8,training_3017,emotion,3,user8,A,B,3,3,0.3333333333333333,3,Contently,False
oof,user8,training_3018,emotion,3,user8,D,A,3,3,0.3333333333333333,3,Contently,False
oof,user8,training_3019,emotion,3,user8,A,A,3,4,0.3333333333333333,3,Relaxedly,True
oof,user8,training_3020,emotion,3,user8,A,C,3,4,0.3333333333333333,3,Relaxedly,False
oof,user8,training_3021,emotion,3,user8,C,D,3,4,0.3333333333333333,3,Relaxedly,False
oof,user8,training_3022,emotion,3,user8,B,B,3,3,0.3333333333333333,3,Meticulously,True
oof,user8,training_3023,emotion,3,user8,D,A,3,3,0.3333333333333333,3,Meticulously,False
oof,user8,training_3024,emotion,3,user8,A,D,6,6,0.3333333333333333,4,Meticulously,False
oof,user8,training_3025,emotion,3,user8,B,B,3,3,0.3333333333333333,3,Deliberately,True
oof,user8,training_3026,emotion,3,user8,B,D,3,3,0.3333333333333333,3,Deliberately,False
oof,user8,training_3027,emotion,3,user8,D,B,3,3,0.3333333333333333,3,Deliberately,False
oof,user8,training_3028,emotion,3,user8,D,D,3,3,0.3333333333333333,3,Leisurely,True
oof,user8,training_3029,emotion,3,user8,C,B,3,3,0.3333333333333333,3,Leisurely,False
oof,user8,training_3030,emotion,3,user8,B,D,4,4,0.5,3,Leisurely,False
oof,user8,training_3031,emotion,3,user8,C,C,7,7,0.2857142857142857,4,Gently,True
oof,user8,training_3032,emotion,3,user8,B,A,4,4,0.5,3,Gently,False
oof,user8,training_3033,emotion,3,user8,C,B,4,4,0.5,3,Quickly,False
oof,user8,training_3034,emotion,3,user8,C,C,3,4,0.3333333333333333,3,Quietly,True
oof,user8,training_3035,emotion,3,user8,B,D,3,7,0.3333333333333333,3,Quietly,False
oof,user8,training_3036,emotion,3,user8,A,C,3,4,0.3333333333333333,3,Quietly,False
oof,user8,training_3037,emotion,3,user8,B,B,3,3,0.3333333333333333,3,Cautiously,True
oof,user8,training_3038,emotion,3,user8,D,B,3,3,0.3333333333333333,3,Cautiously,False
oof,user8,training_3039,emotion,3,user8,A,C,3,3,0.3333333333333333,3,Cautiously,False
oof,user8,training_3040,emotion,3,user8,A,A,3,3,0.3333333333333333,3,Gracefully,True
oof,user8,training_3041,emotion,3,user8,A,B,4,4,0.25,4,Steadily,False
oof,user8,training_3042,emotion,3,user8,B,D,3,3,0.3333333333333333,3,Gracefully,False
oof,user8,training_3043,emotion,3,user8,B,B,3,4,0.3333333333333333,3,Slowly,True
oof,user8,training_3044,emotion,3,user8,A,D,3,4,0.3333333333333333,3,Slowly,False
oof,user8,training_3045,emotion,3,user8,B,A,5,5,0.4,3,Slowly,False
oof,user8,training_3046,emotion,3,user8,D,D,3,3,0.3333333333333333,3,Gently,True
oof,user8,training_3047,emotion,3,user8,D,B,4,4,0.25,4,Gently,False
oof,user8,training_3048,emotion,3,user8,C,D,3,3,0.3333333333333333,3,Gently,False
oof,user8,training_3049,emotion,3,user8,A,A,12,12,0.3333333333333333,3,Slowly,True
oof,user8,training_3050,emotion,3,user8,A,A,15,15,0.4,3,Calmly,True
oof,user8,training_3051,emotion,3,user8,D,C,14,15,0.35714285714285715,4,Calmly,False
oof,user8,training_3052,emotion,3,user8,B,B,9,9,0.3333333333333333,3,Slowly,True
oof,user8,training_3053,emotion,3,user8,D,A,9,9,0.3333333333333333,3,Slowly,False
oof,user8,training_3054,emotion,3,user8,D,C,9,10,0.3333333333333333,3,Slowly,False
oof,user8,training_3544,single,3,user8,B,B,8,9,0.875,2,washing their face,True
oof,user8,training_3573,single,3,user8,C,C,17,17,0.5294117647058824,3,sweeping the floor,True
oof,user8,training_3583,single,3,user8,C,B,8,8,0.625,3,brushing their teeth,False
oof,user8,training_3593,single,3,user8,C,B,3,5,0.6666666666666666,2,using a remote,False
oof,user8,training_3594,single,3,user8,C,B,2,2,1.0,1,doing lunges,False
oof,user8,training_3604,single,3,user8,A,A,2,4,0.5,2,wiping surfaces,True
oof,user8,training_3619,single,3,user8,A,A,4,5,0.75,2,typing on the keyboard,True
oof,user8,training_3642,single,3,user8,B,A,2,2,0.5,2,taking medicine,False
oof,user8,training_3651,single,3,user8,A,A,9,9,0.8888888888888888,2,brushing their teeth,True
oof,user8,training_3652,single,3,user8,C,C,10,10,0.8,2,brushing their teeth,True
oof,user8,training_3662,single,2,user8,C,B,28,60,0.35714285714285715,3,massaging themselves,False
oof,user8,training_3672,single,3,user8,B,B,11,12,0.7272727272727273,3,reading documents,True
oof,user8,training_3681,single,3,user8,C,C,1,3,1.0,1,turning pages,True
oof,user8,training_3682,single,3,user8,A,B,4,8,0.5,3,peeling with a knife,False
oof,user8,training_3728,single,3,user8,B,A,3,6,1.0,1,doing squats,False
oof,user8,training_3738,single,3,user8,B,B,2,2,0.5,2,jogging in place,True
oof,user8,training_3815,single,3,user8,B,B,3,4,1.0,1,doing lunges,True
oof,user8,training_3816,single,2,user8,A,C,27,91,0.37037037037037035,3,drinking water,False
oof,user8,training_3833,single,3,user8,B,B,4,4,1.0,1,taking medicine,True
oof,user8,training_3834,single,3,user8,C,C,2,2,1.0,1,taking medicine,True
oof,user8,training_3862,single,3,user8,A,C,1,2,1.0,1,drinking water,False
oof,user8,training_3863,single,3,user8,B,C,5,6,0.4,3,peeling fruit,False
oof,user8,training_3864,single,3,user8,A,A,4,6,0.75,2,taking off their clothes,True
oof,user8,training_3876,single,3,user8,A,B,3,4,0.3333333333333333,3,taking a selfie,False
oof,user8,training_3895,single,3,user8,A,B,4,5,0.5,3,pouring a drink,False
oof,user8,training_3913,single,3,user8,A,A,10,10,0.7,3,wiping their hands,True
oof,user8,training_3914,single,3,user8,C,C,6,9,1.0,1,wiping their hands,True
oof,user8,training_3972,object_interaction,3,user8,A,D,26,26,0.6923076923076923,2,a clothes,False
oof,user8,training_3973,object_interaction,3,user8,A,B,26,26,0.6923076923076923,2,a clothes,False
oof,user8,training_3982,object_interaction,3,user8,A,A,25,25,0.72,2,a clothes,True
oof,user8,training_3983,object_interaction,3,user8,A,A,25,25,0.72,2,a clothes,True
oof,user8,training_3998,object_interaction,3,user8,A,A,18,21,0.5555555555555556,2,a phone,True
oof,user8,training_3999,object_interaction,3,user8,C,C,18,21,0.5555555555555556,2,a phone,True
oof,user8,training_4000,object_interaction,3,user8,D,D,21,23,0.5238095238095238,2,a phone,True
oof,user8,training_4001,object_interaction,3,user8,A,D,19,19,0.5263157894736842,3,a remote,False
oof,user8,training_4010,object_interaction,3,user8,C,C,17,17,1.0,1,a documents,True
oof,user8,training_4020,object_interaction,3,user8,A,A,17,17,1.0,1,a documents,True
oof,user8,training_4021,object_interaction,3,user8,A,A,17,17,1.0,1,a documents,True
oof,user8,training_4065,object_interaction,3,user8,C,C,16,21,1.0,1,a smartphone,True
oof,user8,training_4066,object_interaction,3,user8,C,C,16,18,1.0,1,a smartphone,True
oof,user9,training_0332,single,3,user9,B,A,2,2,0.5,2,Pouring,False
oof,user9,training_0333,single,2,user9,C,C,16,28,0.375,4,Getting dressed,True
oof,user9,training_0334,single,3,user9,A,A,1,1,1.0,1,Combing hair,True
oof,user9,training_0335,single,2,user9,B,B,12,29,0.3333333333333333,4,Listening to the music with headphones,True
oof,user9,training_0336,single,2,user9,B,D,14,37,0.5,3,Massaging oneself,False
oof,user9,training_0337,single,3,user9,A,D,3,3,0.3333333333333333,3,Taking medicine,False
oof,user9,training_0338,single,3,user9,D,D,1,1,1.0,1,Pouring,True
oof,user9,training_0339,single,3,user9,D,D,2,3,0.5,2,Stirring,True
oof,user9,training_0340,single,3,user9,C,C,1,2,1.0,1,Grabbing utensils,True
oof,user9,training_0341,single,2,user9,B,A,20,32,0.45,4,Sitting down,False
oof,user9,training_0342,single,3,user9,B,D,1,2,1.0,1,Taking medicine,False
oof,user9,training_0343,single,2,user9,A,A,29,39,0.6551724137931034,4,Walking,True
oof,user9,training_0344,single,3,user9,D,A,2,2,0.5,2,Calling,False
oof,user9,training_0345,single,2,user9,D,D,14,24,0.42857142857142855,3,Peeling fruit,True
oof,user9,training_0346,single,2,user9,D,D,15,33,0.5333333333333333,4,Peeling fruit,True
oof,user9,training_0347,single,2,user9,B,D,8,23,0.375,4,Stirring,False
oof,user9,training_0348,single,2,user9,B,C,19,31,0.3157894736842105,4,Listening to the music with headphones,False
oof,user9,training_0349,single,3,user9,C,C,1,1,1.0,1,Playing games,True
oof,user9,training_0350,single,2,user9,B,B,13,31,0.38461538461538464,4,Drinking,True
oof,user9,training_0351,single,3,user9,B,B,3,3,0.6666666666666666,2,Walking,True
oof,user9,training_0352,single,3,user9,C,C,3,4,0.6666666666666666,2,Pouring,True
oof,user9,training_0353,single,2,user9,C,A,17,41,0.35294117647058826,4,Peeling fruit,False
oof,user9,training_0354,single,3,user9,A,D,1,1,1.0,1,Wiping hands,False
oof,user9,training_0355,single,3,user9,A,C,2,2,1.0,1,Grabbing utensils,False
oof,user9,training_0356,single,2,user9,A,D,15,31,0.26666666666666666,4,Drinking,False
oof,user9,training_0357,single,3,user9,D,B,1,1,1.0,1,Calling,False
oof,user9,training_0358,single,3,user9,D,B,2,2,0.5,2,Standing up,False
oof,user9,training_0359,single,3,user9,C,C,1,2,1.0,1,Walking,True
oof,user9,training_0360,single,2,user9,C,C,12,30,0.3333333333333333,4,Stretching,True
oof,user9,training_0361,single,2,user9,C,C,14,24,0.42857142857142855,4,Squats,True
oof,user9,training_0362,single,3,user9,D,D,2,4,1.0,1,Walking,True
oof,user9,training_0363,single,3,user9,A,A,1,2,1.0,1,Walking,True
oof,user9,training_0364,single,3,user9,A,C,1,1,1.0,1,Getting dressed,False
oof,user9,training_0365,single,2,user9,B,D,13,33,0.46153846153846156,4,Grabbing utensils,False
oof,user9,training_0366,single,2,user9,D,D,20,29,0.3,4,Listening to the music with headphones,True
oof,user9,training_0367,single,2,user9,A,A,14,34,0.42857142857142855,4,Listening to the music with headphones,True
oof,user9,training_0368,single,2,user9,A,A,9,26,0.6666666666666666,2,Peeling fruit,True
oof,user9,training_0369,single,2,user9,A,C,19,35,0.7368421052631579,2,Eating,False
oof,user9,training_0370,single,3,user9,A,A,1,1,1.0,1,Wiping hands,True
oof,user9,training_0371,single,3,user9,B,A,1,3,1.0,1,Writing,False
oof,user9,training_0372,single,3,user9,A,D,3,4,0.6666666666666666,2,Eating,False
oof,user9,training_0373,single,2,user9,C,D,14,24,0.35714285714285715,4,Standing up,False
oof,user9,training_0374,single,3,user9,C,D,1,1,1.0,1,Grabbing utensils,False
oof,user9,training_0375,single,3,user9,D,B,1,1,1.0,1,Wiping hands,False
oof,user9,training_0376,single,2,user9,C,A,10,32,0.4,4,Standing up,False
oof,user9,training_0377,single,3,user9,A,D,1,1,1.0,1,Wiping surface,False
oof,user9,training_0378,single,3,user9,B,A,1,1,1.0,1,Washing face,False
oof,user9,training_0379,single,2,user9,B,D,10,24,0.7,3,Sitting down,False
oof,user9,training_0380,single,3,user9,B,D,2,3,0.5,2,Standing up,False
oof,user9,training_0381,single,3,user9,C,C,1,1,1.0,1,Checking body temperature,True
oof,user9,training_0382,single,3,user9,D,B,1,2,1.0,1,Stretching,False
oof,user9,training_0383,single,3,user9,D,A,1,1,1.0,1,Standing up,False
oof,user9,training_0384,single,3,user9,C,C,1,1,1.0,1,Eating,True
oof,user9,training_0385,single,2,user9,A,A,7,29,0.42857142857142855,3,Sweeping,True
oof,user9,training_1143,multi,3,user9,ACD,ABD,1,1,1.0,1,Getting dressed|Massaging oneself|Wiping hands,False
oof,user9,training_1144,multi,2,user9,BCD,A,12,30,0.4166666666666667,5,Listening to the music with headphones,False
oof,user9,training_1145,multi,2,user9,BCD,C,4,27,0.25,4,Getting dressed,False
oof,user9,training_1146,multi,3,user9,AD,D,3,3,0.3333333333333333,3,Walking,False
oof,user9,training_1147,multi,3,user9,A,C,1,1,1.0,1,Using a phone,False
oof,user9,training_1148,multi,3,user9,D,D,2,2,1.0,1,Walking,True
oof,user9,training_1149,multi,2,user9,B,AC,6,22,0.3333333333333333,5,Watching TV|Lying down,False
oof,user9,training_1150,multi,3,user9,AB,BA,1,1,1.0,1,Stirring|Pouring,False
oof,user9,training_1151,multi,2,user9,AB,BA,7,41,0.42857142857142855,4,Stirring|Pouring,False
oof,user9,training_1152,multi,2,user9,AB,B,26,63,0.4230769230769231,7,Walking,False
oof,user9,training_1153,multi,3,user9,CD,DAC,1,1,1.0,1,Jumping jacks|Lunges|Walking,False
oof,user9,training_1154,multi,3,user9,BC,BC,1,1,1.0,1,Squats|Jumping jacks,True
oof,user9,training_1155,multi,3,user9,C,CD,1,1,1.0,1,Walking|Folding clothes,False
oof,user9,training_1156,multi,2,user9,AC,C,17,59,0.4117647058823529,7,Walking,False
oof,user9,training_1157,multi,3,user9,CD,DCA,1,2,1.0,1,Walking|Peeling fruit|Using a phone,False
oof,user9,training_1158,multi,3,user9,AB,AB,1,1,1.0,1,Undressing|Playing games,True
oof,user9,training_1159,multi,2,user9,C,B,5,25,0.6,3,Getting dressed,False
oof,user9,training_1160,multi,3,user9,D,AB,1,1,1.0,1,Grabbing utensils|Sitting down,False
oof,user9,training_1161,multi,3,user9,D,BA,1,2,1.0,1,Standing up|Stretching,False
oof,user9,training_1162,multi,2,user9,AB,B,10,35,0.4,4,Stirring,False
oof,user9,training_1163,multi,2,user9,B,B,14,35,0.2857142857142857,6,Stirring,True
oof,user9,training_1164,multi,2,user9,BC,CB,16,43,0.375,6,Mopping|Sweeping,False
oof,user9,training_1165,multi,3,user9,CD,CAD,1,2,1.0,1,Mopping|Running|Sweeping,False
oof,user9,training_1166,multi,3,user9,D,D,1,2,1.0,1,Mopping,True
oof,user9,training_1167,multi,3,user9,ABD,DBA,2,2,0.5,2,Typing on a keyboard|Checking the time|Reading,False
oof,user9,training_1168,multi,2,user9,A,D,8,20,0.5,5,Standing up,False
oof,user9,training_1169,multi,3,user9,AD,D,1,1,1.0,1,Reading,False
oof,user9,training_1170,multi,2,user9,A,A,17,68,0.4117647058823529,8,Walking,True
oof,user9,training_1171,multi,2,user9,CD,D,4,27,0.75,2,Squats,False
oof,user9,training_1172,multi,3,user9,D,CDA,4,6,0.25,4,Pouring|Walking|Stirring,False
oof,user9,training_1173,multi,3,user9,AD,AD,1,3,1.0,1,Walking|Sitting down,True
oof,user9,training_1174,multi,3,user9,A,CD,2,3,0.5,2,Listening to the music with headphones|Using a phone,False
oof,user9,training_1175,multi,3,user9,CD,AC,2,3,0.5,2,Running|Typing on a keyboard,False
oof,user9,training_1176,multi,2,user9,ABD,D,11,29,0.45454545454545453,6,Standing up,False
oof,user9,training_1177,multi,3,user9,ACD,C,3,3,0.3333333333333333,3,Standing up,False
oof,user9,training_1178,multi,3,user9,ACD,D,1,2,1.0,1,Standing up,False
oof,user9,training_1179,multi,3,user9,B,C,1,1,1.0,1,Sitting down,False
oof,user9,training_1180,multi,3,user9,AB,BA,1,2,1.0,1,Peeling fruit|Wiping hands,False
oof,user9,training_1181,multi,3,user9,BD,DB,1,2,1.0,1,Peeling fruit|Wiping hands,False
oof,user9,training_1182,multi,2,user9,ABC,D,11,48,0.36363636363636365,6,Peeling fruit,False
oof,user9,training_1183,multi,3,user9,C,BA,1,2,1.0,1,Peeling fruit|Pouring,False
oof,user9,training_1184,multi,3,user9,D,DB,1,2,1.0,1,Walking|Standing up,False
oof,user9,training_1185,multi,2,user9,A,D,5,19,0.4,3,Brushing teeth,False
oof,user9,training_1186,multi,3,user9,ABD,CBD,1,2,1.0,1,Undressing|Typing on a keyboard|Sitting down,False
oof,user9,training_1187,multi,2,user9,ACD,C,6,25,0.3333333333333333,5,Sitting down,False
oof,user9,training_1188,multi,2,user9,ACD,D,5,24,0.4,4,Taking medicine,False
oof,user9,training_1189,multi,3,user9,D,C,2,2,0.5,2,Eating,False
oof,user9,training_1190,multi,2,user9,A,D,8,30,0.375,4,Brushing teeth,False
oof,user9,training_1191,multi,2,user9,BD,D,8,32,0.375,4,Massaging oneself,False
oof,user9,training_1192,multi,2,user9,AD,AD,7,37,0.42857142857142855,3,Massaging oneself|Checking body temperature,True
oof,user9,training_1193,multi,2,user9,AD,D,8,36,0.5,4,Massaging oneself,False
oof,user9,training_1194,multi,3,user9,ABD,BDA,2,2,0.5,2,Mopping|Walking|Drinking,False
oof,user9,training_1195,multi,3,user9,CD,A,1,2,1.0,1,Sitting down,False
oof,user9,training_1196,multi,2,user9,C,DA,5,31,0.4,4,Turning a page|Checking the time,False
oof,user9,training_1977,combination,2,user9,B,C,1,1,1.0,1,"Squats, Walking",False
oof,user9,training_1992,combination,2,user9,D,D,1,1,1.0,1,"Checking body temperature, Taking medicine",True
oof,user9,training_2543,sequence,3,user9,CDAB,CDAB,1,9,1.0,1,Brushing teeth|Wiping hands|Getting dressed|Stretching,True
oof,user9,training_2544,sequence,3,user9,ADBC,ADBC,1,11,1.0,1,Wiping hands|Combing hair|Getting dressed|Stretching,True
oof,user9,training_2545,sequence,3,user9,CABD,CABD,7,13,1.0,1,Brushing teeth|Wiping hands|Combing hair|Getting dressed,True
oof,user9,training_2546,sequence,3,user9,ABDC,ABDC,4,26,0.75,2,Walking|Sitting down|Typing on a keyboard|Listening to the music with headphones,True
oof,user9,training_2547,sequence,3,user9,BACD,BACD,4,26,0.75,2,Walking|Sitting down|Typing on a keyboard|Listening to the music with headphones,True
oof,user9,training_2548,sequence,3,user9,CBAD,CBAD,4,26,0.75,2,Walking|Sitting down|Typing on a keyboard|Listening to the music with headphones,True
oof,user9,training_2553,sequence,3,user9,DBCA,DBCA,1,2,1.0,1,Squats|Sitting down|Massaging oneself|Playing games,True
oof,user9,training_2556,sequence,3,user9,ABDC,ABDC,1,7,1.0,1,Sitting down|Writing|Checking the time|Reading,True
oof,user9,training_2557,sequence,3,user9,BADC,BADC,1,7,1.0,1,Sitting down|Writing|Checking the time|Reading,True
oof,user9,training_2560,sequence,3,user9,ACBD,ACBD,2,3,1.0,1,Taking medicine|Checking body temperature|Lying down|Taking a selfie,True
oof,user9,training_2561,sequence,3,user9,CBAD,CDBA,2,10,1.0,1,Walking|Drinking|Sweeping|Mopping,False
oof,user9,training_3055,emotion,3,user9,D,D,3,3,0.3333333333333333,3,Unhurriedly,True
oof,user9,training_3056,emotion,3,user9,D,A,3,3,0.3333333333333333,3,Unhurriedly,False
oof,user9,training_3057,emotion,3,user9,A,C,3,3,0.3333333333333333,3,Unhurriedly,False
oof,user9,training_3058,emotion,3,user9,A,B,4,5,0.25,4,Diligently,False
oof,user9,training_3059,emotion,3,user9,B,A,3,3,0.3333333333333333,3,Gently,False
oof,user9,training_3060,emotion,3,user9,B,D,3,3,0.3333333333333333,3,Gently,False
oof,user9,training_3061,emotion,3,user9,C,C,3,3,0.3333333333333333,3,Smoothly,True
oof,user9,training_3062,emotion,3,user9,A,D,3,3,0.3333333333333333,3,Smoothly,False
oof,user9,training_3063,emotion,3,user9,D,A,3,3,0.3333333333333333,3,Smoothly,False
oof,user9,training_3064,emotion,3,user9,D,D,23,24,0.391304347826087,3,Slowly,True
oof,user9,training_3065,emotion,3,user9,C,D,23,24,0.391304347826087,3,Slowly,False
oof,user9,training_3066,emotion,3,user9,B,B,25,27,0.36,3,Quickly,True
oof,user9,training_3067,emotion,3,user9,D,D,3,3,0.3333333333333333,3,Carefully,True
oof,user9,training_3068,emotion,3,user9,A,D,3,3,0.3333333333333333,3,Carefully,False
oof,user9,training_3069,emotion,3,user9,D,B,3,3,0.3333333333333333,3,Carefully,False
oof,user9,training_3070,emotion,3,user9,C,C,3,5,0.3333333333333333,3,Casually,True
oof,user9,training_3071,emotion,3,user9,B,C,3,6,0.3333333333333333,3,Casually,False
oof,user9,training_3072,emotion,3,user9,C,B,4,6,0.5,3,Calmly,False
oof,user9,training_3073,emotion,3,user9,A,A,4,6,0.5,3,Slowly,True
oof,user9,training_3074,emotion,3,user9,B,A,4,5,0.5,3,Slowly,False
oof,user9,training_3075,emotion,3,user9,C,B,4,5,0.5,3,Slowly,False
oof,user9,training_3076,emotion,3,user9,B,B,3,3,0.3333333333333333,3,Patiently,True
oof,user9,training_3077,emotion,3,user9,A,A,4,4,0.5,3,Orderly,True
oof,user9,training_3078,emotion,3,user9,A,D,3,4,0.3333333333333333,3,Patiently,False
oof,user9,training_3079,emotion,3,user9,B,B,4,5,0.5,3,Leisurely,True
oof,user9,training_3080,emotion,3,user9,D,A,4,4,0.5,3,Anxiously,False
oof,user9,training_3081,emotion,3,user9,C,C,8,8,0.375,4,Anxiously,True
oof,user9,training_3082,emotion,3,user9,B,B,3,3,0.3333333333333333,3,Leisurely,True
oof,user9,training_3083,emotion,3,user9,B,A,3,3,0.3333333333333333,3,Leisurely,False
oof,user9,training_3084,emotion,3,user9,C,D,3,3,0.3333333333333333,3,Leisurely,False
oof,user9,training_3085,emotion,3,user9,B,C,4,4,0.5,3,Intently,False
oof,user9,training_3086,emotion,3,user9,C,D,3,3,0.3333333333333333,3,Unhurriedly,False
oof,user9,training_3087,emotion,3,user9,D,B,3,3,0.3333333333333333,3,Unhurriedly,False
oof,user9,training_3088,emotion,3,user9,C,A,4,4,0.5,3,Anxiously,False
oof,user9,training_3089,emotion,3,user9,A,C,4,4,0.5,3,Anxiously,False
oof,user9,training_3090,emotion,3,user9,D,D,4,4,0.5,3,Anxiously,True
oof,user9,training_3091,emotion,3,user9,C,C,3,3,0.3333333333333333,3,Unhurriedly,True
oof,user9,training_3092,emotion,3,user9,A,D,5,6,0.6,3,Quickly,False
oof,user9,training_3093,emotion,3,user9,B,C,3,3,0.3333333333333333,3,Unhurriedly,False
oof,user9,training_3094,emotion,3,user9,C,C,3,3,0.3333333333333333,3,Gently,True
oof,user9,training_3095,emotion,3,user9,C,A,3,4,0.3333333333333333,3,Gently,False
oof,user9,training_3096,emotion,3,user9,A,B,3,4,0.3333333333333333,3,Gently,False
oof,user9,training_3097,emotion,3,user9,A,A,3,3,0.3333333333333333,3,Attentively,True
oof,user9,training_3098,emotion,3,user9,A,A,4,4,0.5,3,Quickly,True
oof,user9,training_3099,emotion,3,user9,C,A,3,3,0.3333333333333333,3,Attentively,False
oof,user9,training_3100,emotion,3,user9,A,A,5,5,0.4,3,Leisurely,True
oof,user9,training_3101,emotion,3,user9,A,D,3,3,0.3333333333333333,3,Leisurely,False
oof,user9,training_3102,emotion,3,user9,B,C,3,4,0.3333333333333333,3,Leisurely,False
oof,user9,training_3103,emotion,3,user9,C,B,4,4,0.5,3,Urgently,False
oof,user9,training_3104,emotion,3,user9,B,B,4,4,0.5,3,Urgently,True
oof,user9,training_3105,emotion,3,user9,A,B,4,4,0.25,4,Hastily,False
oof,user9,training_3106,emotion,3,user9,D,A,4,5,0.5,3,Steadily,False
oof,user9,training_3107,emotion,3,user9,C,D,4,4,0.5,3,Slowly,False
oof,user9,training_3108,emotion,3,user9,A,B,4,4,0.5,3,Slowly,False
oof,user9,training_3574,single,3,user9,C,C,14,14,0.6428571428571429,2,sweeping the floor,True
oof,user9,training_3584,single,2,user9,B,A,27,72,0.37037037037037035,3,massaging themselves,False
oof,user9,training_3620,single,3,user9,A,A,3,4,0.6666666666666666,2,typing on the keyboard,True
oof,user9,training_3621,single,2,user9,A,B,24,75,0.4166666666666667,3,checking the time,False
oof,user9,training_3622,single,3,user9,B,A,2,5,0.5,2,wiping surfaces,False
oof,user9,training_3623,single,3,user9,B,A,5,6,0.8,2,washing their face,False
oof,user9,training_3624,single,3,user9,A,A,1,2,1.0,1,typing on the keyboard,True
oof,user9,training_3690,single,3,user9,B,A,1,1,1.0,1,peeling with a knife,False
oof,user9,training_3717,single,3,user9,B,B,1,4,1.0,1,using a smartphone,True
oof,user9,training_3718,single,3,user9,B,B,5,6,0.6,3,using a smartphone,True
oof,user9,training_3747,single,2,user9,B,A,27,71,0.37037037037037035,3,massaging themselves,False
oof,user9,training_3748,single,3,user9,C,A,4,5,0.5,2,wiping a bowl,False
oof,user9,training_3758,single,3,user9,A,A,12,13,0.75,2,combing their hair,True
oof,user9,training_3768,single,3,user9,A,A,6,7,0.6666666666666666,2,doing jumping jacks,True
oof,user9,training_3777,single,3,user9,A,A,10,11,0.8,2,doing stretching exercises,True
oof,user9,training_3778,single,3,user9,A,A,10,11,0.8,2,doing stretching exercises,True
oof,user9,training_3786,single,3,user9,A,A,8,10,0.875,2,standing up,True
oof,user9,training_3796,single,3,user9,C,C,8,8,0.875,2,lying down,True
oof,user9,training_3835,single,3,user9,B,B,6,7,1.0,1,taking medicine,True
oof,user9,training_3836,single,3,user9,B,B,6,7,1.0,1,taking medicine,True
oof,user9,training_3865,single,3,user9,A,A,2,3,1.0,1,taking off their clothes,True
oof,user9,training_3866,single,3,user9,A,B,1,3,1.0,1,wiping their hands,False
oof,user9,training_3896,single,3,user9,C,B,2,3,0.5,2,taking their body temperature,False
oof,user9,training_3906,single,3,user9,A,B,1,2,1.0,1,doing squats,False
oof,user9,training_3915,single,3,user9,A,A,10,10,0.7,3,wiping their hands,True
oof,user9,training_3916,single,3,user9,B,B,10,10,0.7,3,wiping their hands,True
oof,user9,training_3926,single,3,user9,C,C,11,13,0.7272727272727273,3,putting on clothes,True
oof,user9,training_3992,object_interaction,3,user9,C,A,10,10,0.4,3,a remote,False
oof,user9,training_3993,object_interaction,3,user9,A,D,11,11,0.5454545454545454,2,a remote,False
oof,user9,training_4011,object_interaction,3,user9,B,B,19,19,1.0,1,a documents,True
oof,user9,training_4026,object_interaction,3,user9,B,B,4,4,1.0,1,a headphones,True
oof,user9,training_4027,object_interaction,3,user9,C,C,4,4,1.0,1,a headphones,True
oof,user9,training_4028,object_interaction,3,user9,A,A,4,4,1.0,1,a headphones,True
oof,user9,training_4056,object_interaction,3,user9,A,A,17,19,1.0,1,a smartphone,True
oof,user9,training_4086,object_interaction,3,user9,B,B,28,28,0.6785714285714286,2,a clothes,True
oof,user9,training_4096,object_interaction,3,user9,A,A,9,9,1.0,1,a glass,True
oof,user16,training_0386,single,3,user16,C,A,1,1,1.0,1,Drinking,False
oof,user16,training_0387,single,3,user16,A,B,1,2,1.0,1,Taking medicine,False
oof,user16,training_0388,single,3,user16,C,C,2,2,0.5,2,Walking,True
oof,user16,training_0389,single,3,user16,C,A,2,2,0.5,2,Typing on a keyboard,False
oof,user16,training_0390,single,3,user16,A,A,1,1,1.0,1,Eating,True
oof,user16,training_0391,single,3,user16,C,D,1,2,1.0,1,Walking,False
oof,user16,training_0392,single,2,user16,C,B,9,20,0.4444444444444444,4,Combing hair,False
oof,user16,training_0393,single,3,user16,A,A,2,2,0.5,2,Pouring,True
oof,user16,training_0394,single,2,user16,D,C,11,24,0.45454545454545453,3,Undressing,False
oof,user16,training_0395,single,2,user16,A,D,16,40,0.6875,4,Listening to the music with headphones,False
oof,user16,training_0396,single,3,user16,A,B,1,1,1.0,1,Using a phone,False
oof,user16,training_0397,single,2,user16,C,D,8,30,0.375,4,Taking medicine,False
oof,user16,training_0398,single,3,user16,D,A,2,3,0.5,2,Typing on a keyboard,False
oof,user16,training_0399,single,3,user16,D,C,1,1,1.0,1,Sitting down,False
oof,user16,training_0400,single,3,user16,B,B,2,2,0.5,2,Peeling fruit,True
oof,user16,training_0401,single,3,user16,C,C,1,1,1.0,1,Walking,True
oof,user16,training_0402,single,3,user16,B,B,2,2,0.5,2,Walking,True
oof,user16,training_0403,single,3,user16,A,C,2,2,0.5,2,Undressing,False
oof,user16,training_0404,single,3,user16,B,C,1,1,1.0,1,Sweeping,False
oof,user16,training_0405,single,2,user16,D,D,7,22,0.42857142857142855,4,Drinking,True
oof,user16,training_0406,single,2,user16,B,B,14,26,0.7142857142857143,4,Peeling fruit,True
oof,user16,training_0407,single,3,user16,D,C,2,3,1.0,1,Calling,False
oof,user16,training_0408,single,3,user16,D,A,2,2,0.5,2,Listening to the music with headphones,False
oof,user16,training_0409,single,3,user16,C,C,1,1,1.0,1,Walking,True
oof,user16,training_0410,single,3,user16,B,D,1,1,1.0,1,Sweeping,False
oof,user16,training_0411,single,2,user16,A,A,13,28,0.38461538461538464,4,Turning a page,True
oof,user16,training_0412,single,3,user16,C,A,5,6,0.4,3,Eating,False
oof,user16,training_0413,single,2,user16,C,C,10,29,0.5,3,Sitting down,True
oof,user16,training_0414,single,2,user16,C,C,14,28,0.5,4,Listening to the music with headphones,True
oof,user16,training_0415,single,3,user16,B,C,1,1,1.0,1,Pouring,False
oof,user16,training_0416,single,3,user16,A,A,1,1,1.0,1,Eating,True
oof,user16,training_0417,single,3,user16,D,D,1,2,1.0,1,Walking,True
oof,user16,training_0418,single,2,user16,D,D,17,29,0.47058823529411764,3,Eating,True
oof,user16,training_0419,single,3,user16,A,D,1,2,1.0,1,Wiping surface,False
oof,user16,training_0420,single,2,user16,B,B,15,45,0.4666666666666667,4,Checking the time,True
oof,user16,training_0421,single,3,user16,C,B,2,4,0.5,2,Taking a selfie,False
oof,user16,training_0422,single,3,user16,D,C,1,1,1.0,1,Washing face,False
oof,user16,training_0423,single,3,user16,A,B,1,1,1.0,1,Washing dishes,False
oof,user16,training_0424,single,3,user16,D,A,1,2,1.0,1,Stirring,False
oof,user16,training_0425,single,3,user16,B,C,3,3,0.3333333333333333,3,Sitting down,False
oof,user16,training_0426,single,2,user16,A,B,28,48,0.35714285714285715,4,Sitting down,False
oof,user16,training_0427,single,2,user16,A,C,19,31,0.3157894736842105,4,Typing on a keyboard,False
oof,user16,training_0428,single,2,user16,B,B,19,33,0.42105263157894735,4,Massaging oneself,True
oof,user16,training_0429,single,2,user16,A,B,23,37,0.391304347826087,3,Peeling fruit,False
oof,user16,training_0430,single,3,user16,C,A,1,1,1.0,1,Washing face,False
oof,user16,training_0431,single,2,user16,B,B,29,42,0.4482758620689655,4,Eating,True
oof,user16,training_0432,single,3,user16,B,C,1,2,1.0,1,Combing hair,False
oof,user16,training_0433,single,3,user16,C,A,2,3,0.5,2,Wiping hands,False
oof,user16,training_0434,single,3,user16,D,C,3,3,0.6666666666666666,2,Eating,False
oof,user16,training_0435,single,3,user16,C,D,1,2,1.0,1,Drinking,False
oof,user16,training_0436,single,2,user16,A,A,21,33,0.38095238095238093,4,Sitting down,True
oof,user16,training_1197,multi,3,user16,AC,A,1,1,1.0,1,Walking,False
oof,user16,training_1198,multi,3,user16,ABD,A,2,4,1.0,1,Walking,False
oof,user16,training_1199,multi,3,user16,AB,CA,5,5,0.6,2,Pouring|Walking,False
oof,user16,training_1200,multi,3,user16,ABC,CB,5,5,0.2,5,Stirring|Eating,False
oof,user16,training_1201,multi,2,user16,BD,D,7,30,0.2857142857142857,6,Pouring,False
oof,user16,training_1202,multi,3,user16,B,D,3,3,0.3333333333333333,3,Jumping jacks,False
oof,user16,training_1203,multi,3,user16,ABC,ABC,4,4,0.25,4,Grabbing utensils|Pouring|Stirring,True
oof,user16,training_1204,multi,3,user16,ABD,ADB,4,5,0.25,4,Grabbing utensils|Pouring|Stirring,False
oof,user16,training_1205,multi,2,user16,A,A,8,21,0.625,3,Grabbing utensils,True
oof,user16,training_1206,multi,2,user16,B,D,6,23,0.6666666666666666,2,Listening to the music with headphones,False
oof,user16,training_1207,multi,2,user16,BD,D,3,29,0.6666666666666666,2,Wiping hands,False
oof,user16,training_1208,multi,3,user16,B,B,1,1,1.0,1,Wiping hands,True
oof,user16,training_1209,multi,2,user16,B,D,7,30,0.42857142857142855,3,Getting dressed,False
oof,user16,training_1210,multi,2,user16,BD,D,25,81,0.32,10,Walking,False
oof,user16,training_1211,multi,2,user16,C,C,4,27,1.0,1,Grabbing utensils,True
oof,user16,training_1212,multi,3,user16,ABC,CA,4,5,0.25,4,Mopping|Sweeping,False
oof,user16,training_1213,multi,3,user16,A,CB,1,3,1.0,1,Pouring|Taking medicine,False
oof,user16,training_1214,multi,2,user16,ABC,C,17,56,0.47058823529411764,7,Walking,False
oof,user16,training_1215,multi,3,user16,ACD,CAD,2,2,0.5,2,Washing dishes|Drinking|Peeling fruit,False
oof,user16,training_1216,multi,2,user16,B,D,9,41,0.3333333333333333,4,Getting dressed,False
oof,user16,training_1217,multi,2,user16,A,A,5,31,0.6,2,Peeling fruit,True
oof,user16,training_1218,multi,3,user16,A,BA,1,1,1.0,1,Sweeping|Walking,False
oof,user16,training_1219,multi,3,user16,C,B,1,2,1.0,1,Brushing teeth,False
oof,user16,training_1220,multi,3,user16,A,BAC,2,2,0.5,2,Mopping|Walking|Drinking,False
oof,user16,training_1221,multi,3,user16,ACD,C,2,3,0.5,2,Standing up,False
oof,user16,training_1222,multi,2,user16,ABD,B,6,33,0.3333333333333333,5,Typing on a keyboard,False
oof,user16,training_1223,multi,2,user16,AC,A,6,48,0.3333333333333333,5,Listening to the music with headphones,False
oof,user16,training_1224,multi,3,user16,ABD,DA,5,6,0.2,5,Listening to the music with headphones|Using a phone,False
oof,user16,training_1225,multi,2,user16,D,D,11,37,0.45454545454545453,3,Listening to the music with headphones,True
oof,user16,training_1226,multi,2,user16,C,B,7,27,0.42857142857142855,4,Playing games,False
oof,user16,training_1227,multi,2,user16,CD,D,20,74,0.4,8,Walking,False
oof,user16,training_1228,multi,3,user16,BCD,BDC,7,7,0.2857142857142857,5,Peeling fruit|Eating|Walking,False
oof,user16,training_1229,multi,3,user16,CD,BC,3,3,0.3333333333333333,3,Brushing teeth|Walking,False
oof,user16,training_1230,multi,2,user16,B,B,4,28,0.5,2,Playing games,True
oof,user16,training_1231,multi,3,user16,BCD,DCB,1,3,1.0,1,Grabbing utensils|Drinking|Walking,False
oof,user16,training_1232,multi,2,user16,AC,B,9,34,0.3333333333333333,4,Washing face,False
oof,user16,training_1233,multi,3,user16,AB,A,3,4,1.0,1,Walking,False
oof,user16,training_1234,multi,3,user16,ACD,D,2,2,0.5,2,Walking,False
oof,user16,training_1235,multi,3,user16,ABC,ABC,1,2,1.0,1,Jumping jacks|Lying down|Lunges,True
oof,user16,training_1236,multi,3,user16,BC,B,2,2,0.5,2,Wiping surface,False
oof,user16,training_1237,multi,2,user16,BC,A,5,31,0.6,2,Stretching,False
oof,user16,training_1238,multi,3,user16,BCD,B,2,2,0.5,2,Wiping surface,False
oof,user16,training_1239,multi,2,user16,AD,B,11,36,0.2727272727272727,6,Getting dressed,False
oof,user16,training_1240,multi,3,user16,AD,A,1,2,1.0,1,Massaging oneself,False
oof,user16,training_1241,multi,3,user16,C,B,2,2,0.5,2,Watching TV,False
oof,user16,training_1242,multi,3,user16,BCD,CDA,1,2,1.0,1,Eating|Grabbing utensils|Turning a page,False
oof,user16,training_1243,multi,3,user16,ABD,ADB,4,4,0.25,4,Grabbing utensils|Pouring|Stirring,False
oof,user16,training_1244,multi,3,user16,ABD,C,5,6,0.4,4,Standing up,False
oof,user16,training_1245,multi,2,user16,C,C,6,33,0.5,4,Checking the time,True
oof,user16,training_1246,multi,3,user16,BCD,AD,2,2,0.5,2,Calling|Checking the time,False
oof,user16,training_1247,multi,3,user16,C,DC,4,5,0.25,4,Brushing teeth|Walking,False
oof,user16,training_2010,combination,2,user16,D,D,1,1,1.0,1,"Combing hair, Wiping hands",True
oof,user16,training_2014,combination,2,user16,B,B,1,1,1.0,1,"Grabbing utensils, Peeling fruit",True
oof,user16,training_2565,sequence,3,user16,DABC,DABC,1,12,1.0,1,Sweeping|Standing up|Walking|Mopping,True
oof,user16,training_2579,sequence,3,user16,CBDA,CDAB,1,23,1.0,1,Walking|Sitting down|Turning a page|Checking the time,False
oof,user16,training_2580,sequence,3,user16,ADBC,ABCD,1,23,1.0,1,Walking|Sitting down|Turning a page|Checking the time,False
oof,user16,training_2581,sequence,3,user16,BCDA,BDAC,1,23,1.0,1,Walking|Sitting down|Turning a page|Checking the time,False
oof,user16,training_3109,emotion,3,user16,C,C,3,3,0.3333333333333333,3,Softly,True
oof,user16,training_3110,emotion,3,user16,A,B,4,4,0.5,3,Hurriedly,False
oof,user16,training_3111,emotion,3,user16,A,C,4,4,0.5,3,Calmly,False
oof,user16,training_3112,emotion,3,user16,D,D,3,3,0.3333333333333333,3,Slowly,True
oof,user16,training_3113,emotion,3,user16,B,C,3,4,0.3333333333333333,3,Slowly,False
oof,user16,training_3114,emotion,3,user16,D,C,6,6,0.3333333333333333,4,Slowly,False
oof,user16,training_3115,emotion,3,user16,C,B,9,10,0.3333333333333333,4,Calmly,False
oof,user16,training_3116,emotion,3,user16,D,D,23,23,0.34782608695652173,4,Calmly,True
oof,user16,training_3117,emotion,3,user16,D,C,8,8,0.5,3,Calmly,False
oof,user16,training_3118,emotion,3,user16,C,B,10,10,0.3,4,Calmly,False
oof,user16,training_3119,emotion,3,user16,C,B,11,11,0.36363636363636365,4,Slowly,False
oof,user16,training_3120,emotion,3,user16,A,D,4,4,0.5,3,Slowly,False
oof,user16,training_3121,emotion,3,user16,C,C,3,4,0.3333333333333333,3,Patiently,True
oof,user16,training_3122,emotion,3,user16,D,A,3,5,0.3333333333333333,3,Patiently,False
oof,user16,training_3123,emotion,3,user16,A,C,5,6,0.4,3,Patiently,False
oof,user16,training_3124,emotion,3,user16,C,C,7,7,0.2857142857142857,4,Leisurely,True
oof,user16,training_3125,emotion,3,user16,B,D,6,6,0.3333333333333333,3,Leisurely,False
oof,user16,training_3126,emotion,3,user16,B,D,6,6,0.3333333333333333,3,Leisurely,False
oof,user16,training_3127,emotion,3,user16,A,D,9,9,0.3333333333333333,4,Attentively,False
oof,user16,training_3128,emotion,3,user16,C,D,3,3,0.3333333333333333,3,Patiently,False
oof,user16,training_3129,emotion,3,user16,B,A,3,3,0.3333333333333333,3,Patiently,False
oof,user16,training_3130,emotion,3,user16,C,C,3,4,0.3333333333333333,3,Carefully,True
oof,user16,training_3131,emotion,3,user16,A,B,3,3,0.3333333333333333,3,Carefully,False
oof,user16,training_3132,emotion,3,user16,C,D,3,3,0.3333333333333333,3,Carefully,False
oof,user16,training_3133,emotion,3,user16,C,A,14,14,0.42857142857142855,3,Anxiously,False
oof,user16,training_3134,emotion,3,user16,C,D,15,16,0.4,3,Anxiously,False
oof,user16,training_3135,emotion,3,user16,C,C,15,16,0.4666666666666667,3,Anxiously,True
oof,user16,training_3136,emotion,3,user16,C,C,3,3,0.3333333333333333,3,Lazily,True
oof,user16,training_3137,emotion,3,user16,A,C,3,3,0.3333333333333333,3,Lazily,False
oof,user16,training_3138,emotion,3,user16,B,A,3,3,0.3333333333333333,3,Lazily,False
oof,user16,training_3139,emotion,3,user16,B,D,28,29,0.32142857142857145,4,Steadily,False
oof,user16,training_3140,emotion,3,user16,B,A,28,30,0.35714285714285715,4,Slowly,False
oof,user16,training_3141,emotion,3,user16,D,C,22,24,0.36363636363636365,3,Slowly,False
oof,user16,training_3142,emotion,3,user16,B,B,7,7,0.42857142857142855,3,Slowly,True
oof,user16,training_3143,emotion,3,user16,A,A,10,11,0.4,4,Calmly,True
oof,user16,training_3144,emotion,3,user16,C,A,5,6,0.6,3,Calmly,False
oof,user16,training_3145,emotion,3,user16,B,A,6,7,0.3333333333333333,3,Steadily,False
oof,user16,training_3146,emotion,3,user16,B,B,10,11,0.5,3,Quickly,True
oof,user16,training_3147,emotion,3,user16,D,A,9,9,0.4444444444444444,3,Leisurely,False
oof,user16,training_3148,emotion,3,user16,B,B,3,3,0.3333333333333333,3,Casually,True
oof,user16,training_3149,emotion,3,user16,A,C,3,3,0.3333333333333333,3,Casually,False
oof,user16,training_3150,emotion,3,user16,D,C,3,3,0.3333333333333333,3,Casually,False
oof,user16,training_3151,emotion,3,user16,A,C,6,7,0.5,3,Quickly,False
oof,user16,training_3152,emotion,3,user16,B,B,4,5,0.5,3,Steadily,True
oof,user16,training_3153,emotion,3,user16,D,A,4,6,0.5,3,Gently,False
oof,user16,training_3154,emotion,3,user16,D,A,7,7,0.42857142857142855,4,Hurriedly,False
oof,user16,training_3155,emotion,3,user16,A,A,5,5,0.4,3,Steadily,True
oof,user16,training_3156,emotion,3,user16,B,C,5,6,0.4,3,Steadily,False
oof,user16,training_3157,emotion,3,user16,D,D,3,3,0.3333333333333333,3,Peacefully,True
oof,user16,training_3158,emotion,3,user16,A,C,3,3,0.3333333333333333,3,Peacefully,False
oof,user16,training_3159,emotion,3,user16,C,D,3,3,0.3333333333333333,3,Peacefully,False
oof,user16,training_3535,single,3,user16,B,B,7,8,0.7142857142857143,3,washing their face,True
oof,user16,training_3547,single,3,user16,C,B,1,2,1.0,1,making a phone call,False
oof,user16,training_3575,single,3,user16,A,A,1,3,1.0,1,mopping the floor,True
oof,user16,training_3586,single,3,user16,C,A,1,2,1.0,1,putting on headphones,False
oof,user16,training_3595,single,3,user16,B,C,2,3,1.0,1,brushing their teeth,False
oof,user16,training_3596,single,3,user16,C,A,1,6,1.0,1,throwing away rubbish,False
oof,user16,training_3635,single,3,user16,A,C,2,2,1.0,1,throwing away rubbish,False
oof,user16,training_3653,single,3,user16,C,B,2,3,0.5,2,writing,False
oof,user16,training_3663,single,3,user16,C,C,9,11,0.5555555555555556,2,reading documents,True
oof,user16,training_3664,single,3,user16,C,C,9,11,0.5555555555555556,2,reading documents,True
oof,user16,training_3674,single,3,user16,C,A,5,7,0.8,2,sitting down,False
oof,user16,training_3710,single,3,user16,A,A,4,5,0.5,2,using a smartphone,True
oof,user16,training_3741,single,3,user16,C,B,1,3,1.0,1,checking the time,False
oof,user16,training_3750,single,3,user16,A,A,11,15,0.7272727272727273,2,combing their hair,True
oof,user16,training_3751,single,3,user16,C,C,11,15,0.7272727272727273,2,combing their hair,True
oof,user16,training_3781,single,3,user16,C,C,5,6,0.8,2,standing up,True
oof,user16,training_3782,single,3,user16,C,C,5,6,0.8,2,standing up,True
oof,user16,training_3787,single,3,user16,A,A,6,6,0.6666666666666666,3,lying down,True
oof,user16,training_3788,single,3,user16,B,B,7,8,1.0,1,lying down,True
oof,user16,training_3798,single,3,user16,A,A,7,8,0.8571428571428571,2,sitting down,True
oof,user16,training_3799,single,3,user16,A,A,9,10,0.5555555555555556,2,sitting down,True
oof,user16,training_3809,single,3,user16,C,A,2,4,0.5,2,wiping a bowl,False
oof,user16,training_3827,single,3,user16,A,A,8,9,0.875,2,taking medicine,True
oof,user16,training_3837,single,3,user16,A,A,1,1,1.0,1,massaging themselves,True
oof,user16,training_3838,single,2,user16,C,B,23,62,0.34782608695652173,3,lying down,False
oof,user16,training_3847,single,3,user16,C,A,2,7,0.5,2,taking a selfie,False
oof,user16,training_3867,single,3,user16,B,B,1,4,1.0,1,standing on one leg,True
oof,user16,training_3868,single,2,user16,A,C,27,57,0.37037037037037035,3,wiping their hands,False
oof,user16,training_3878,single,3,user16,A,C,2,3,0.5,2,walking,False
oof,user16,training_3879,single,3,user16,C,A,1,3,1.0,1,doing jumping jacks,False
oof,user16,training_3928,single,3,user16,A,A,1,1,1.0,1,drinking water,True
oof,user16,training_3938,single,3,user16,C,B,4,4,0.5,2,doing jumping jacks,False
oof,user16,training_3947,single,3,user16,C,B,5,5,0.4,3,reading documents,False
oof,user16,training_3954,single,3,user16,C,C,10,10,0.9,2,pouring a drink,True
oof,user16,training_3966,object_interaction,3,user16,C,B,29,29,0.6896551724137931,2,a clothes,False
oof,user16,training_3984,object_interaction,3,user16,A,A,11,14,0.6363636363636364,2,a keyboard,True
oof,user16,training_3994,object_interaction,3,user16,A,A,18,21,0.6111111111111112,2,a phone,True
oof,user16,training_4003,object_interaction,3,user16,A,A,17,17,1.0,1,a documents,True
oof,user16,training_4012,object_interaction,3,user16,B,B,17,17,1.0,1,a documents,True
oof,user16,training_4013,object_interaction,3,user16,B,B,17,17,1.0,1,a documents,True
oof,user16,training_4049,object_interaction,3,user16,C,C,17,22,1.0,1,a smartphone,True
oof,user17,training_0437,single,3,user17,A,B,1,1,1.0,1,Eating,False
oof,user17,training_0438,single,3,user17,C,D,1,2,1.0,1,Washing dishes,False
oof,user17,training_0439,single,2,user17,D,C,16,29,0.3125,4,Drinking,False
oof,user17,training_0440,single,2,user17,C,B,17,36,0.35294117647058826,4,Squats,False
oof,user17,training_0441,single,2,user17,B,B,9,31,0.5555555555555556,3,Checking the time,True
oof,user17,training_0442,single,2,user17,C,C,15,28,0.5333333333333333,4,Sitting down,True
oof,user17,training_0443,single,3,user17,C,C,3,4,0.6666666666666666,2,Pouring,True
oof,user17,training_0444,single,3,user17,C,A,2,2,0.5,2,Combing hair,False
oof,user17,training_0445,single,2,user17,D,B,24,33,0.3333333333333333,4,Typing on a keyboard,False
oof,user17,training_0446,single,3,user17,B,B,1,1,1.0,1,Stirring,True
oof,user17,training_0447,single,2,user17,D,C,14,36,0.5,4,Listening to the music with headphones,False
oof,user17,training_0448,single,3,user17,C,B,1,1,1.0,1,Using a phone,False
oof,user17,training_0449,single,3,user17,B,C,1,1,1.0,1,Jumping jacks,False
oof,user17,training_0450,single,3,user17,B,D,2,2,1.0,1,Walking,False
oof,user17,training_0451,single,3,user17,B,A,1,1,1.0,1,Combing hair,False
oof,user17,training_0452,single,2,user17,D,B,16,30,0.375,4,Combing hair,False
oof,user17,training_0453,single,3,user17,C,C,2,2,0.5,2,Walking,True
oof,user17,training_0454,single,3,user17,D,D,4,6,0.75,2,Walking,True
oof,user17,training_0455,single,3,user17,B,A,1,2,1.0,1,Combing hair,False
oof,user17,training_0456,single,3,user17,D,D,1,1,1.0,1,Walking,True
oof,user17,training_0457,single,3,user17,D,C,3,3,0.3333333333333333,3,Taking medicine,False
oof,user17,training_0458,single,2,user17,D,C,15,29,0.4,4,Peeling fruit,False
oof,user17,training_0459,single,3,user17,C,C,1,1,1.0,1,Typing on a keyboard,True
oof,user17,training_0460,single,2,user17,C,D,15,30,0.6,4,Peeling fruit,False
oof,user17,training_0461,single,3,user17,A,B,1,1,1.0,1,Walking,False
oof,user17,training_0462,single,2,user17,D,C,11,32,0.36363636363636365,4,Typing on a keyboard,False
oof,user17,training_0463,single,3,user17,C,A,1,1,1.0,1,Brushing teeth,False
oof,user17,training_0464,single,2,user17,A,A,12,28,0.3333333333333333,4,Stirring,True
oof,user17,training_0465,single,2,user17,B,B,19,35,0.3684210526315789,4,Pouring,True
oof,user17,training_0466,single,3,user17,A,A,1,1,1.0,1,Stirring,True
oof,user17,training_0467,single,3,user17,D,D,1,1,1.0,1,Eating,True
oof,user17,training_0468,single,3,user17,C,C,1,1,1.0,1,Walking,True
oof,user17,training_0469,single,3,user17,A,B,1,1,1.0,1,Squats,False
oof,user17,training_0470,single,2,user17,B,D,18,32,0.3888888888888889,4,Wiping hands,False
oof,user17,training_0471,single,3,user17,A,C,2,2,0.5,2,Peeling fruit,False
oof,user17,training_0472,single,3,user17,D,A,2,2,0.5,2,Running,False
oof,user17,training_0473,single,3,user17,D,D,1,1,1.0,1,Listening to the music with headphones,True
oof,user17,training_0474,single,2,user17,D,D,12,28,0.5,4,Listening to the music with headphones,True
oof,user17,training_0475,single,3,user17,D,D,1,1,1.0,1,Listening to the music with headphones,True
oof,user17,training_0476,single,3,user17,D,A,1,2,1.0,1,Calling,False
oof,user17,training_0477,single,3,user17,A,B,1,1,1.0,1,Standing up,False
oof,user17,training_0478,single,3,user17,C,D,2,2,1.0,1,Stirring,False
oof,user17,training_0479,single,3,user17,B,D,2,2,0.5,2,Lunges,False
oof,user17,training_0480,single,3,user17,A,A,1,1,1.0,1,Checking body temperature,True
oof,user17,training_0481,single,3,user17,B,A,1,1,1.0,1,Washing face,False
oof,user17,training_0482,single,3,user17,D,B,3,3,0.6666666666666666,2,Walking,False
oof,user17,training_0483,single,3,user17,B,B,1,1,1.0,1,Eating,True
oof,user17,training_0484,single,2,user17,D,D,10,31,0.4,3,Wiping hands,True
oof,user17,training_1248,multi,2,user17,A,C,6,20,0.3333333333333333,4,Lying down,False
oof,user17,training_1249,multi,3,user17,A,B,3,3,0.6666666666666666,2,Walking,False
oof,user17,training_1250,multi,2,user17,BCD,A,11,32,0.36363636363636365,5,Squats,False
oof,user17,training_1251,multi,2,user17,AB,B,19,57,0.5263157894736842,5,Walking,False
oof,user17,training_1252,multi,3,user17,BC,AC,1,2,1.0,1,Turning a page|Checking the time,False
oof,user17,training_1253,multi,2,user17,D,B,6,24,0.3333333333333333,4,Watching TV,False
oof,user17,training_1254,multi,2,user17,CD,DC,9,39,0.3333333333333333,4,Pouring|Stirring,False
oof,user17,training_1255,multi,3,user17,ABD,BDA,6,7,0.5,3,Grabbing utensils|Stirring|Pouring,False
oof,user17,training_1256,multi,3,user17,ABD,DAB,5,5,0.6,2,Grabbing utensils|Stirring|Pouring,False
oof,user17,training_1257,multi,3,user17,BCD,A,3,4,0.3333333333333333,3,Washing dishes,False
oof,user17,training_1258,multi,2,user17,D,A,4,19,0.5,3,Getting dressed,False
oof,user17,training_1259,multi,2,user17,AD,A,4,24,0.5,3,Stirring,False
oof,user17,training_1260,multi,3,user17,C,D,1,2,1.0,1,Peeling fruit,False
oof,user17,training_1261,multi,3,user17,AD,AB,1,1,1.0,1,Sweeping|Sitting down,False
oof,user17,training_1262,multi,2,user17,C,B,5,24,0.8,2,Sitting down,False
oof,user17,training_1263,multi,3,user17,ACD,D,2,4,0.5,2,Grabbing utensils,False
oof,user17,training_1264,multi,3,user17,B,B,1,1,1.0,1,Walking,True
oof,user17,training_1265,multi,3,user17,B,CB,2,2,0.5,2,Typing on a keyboard|Walking,False
oof,user17,training_1266,multi,3,user17,AD,DA,2,2,0.5,2,Walking|Wiping surface,False
oof,user17,training_1267,multi,3,user17,C,C,2,4,0.5,2,Walking,True
oof,user17,training_1268,multi,2,user17,D,C,3,20,0.3333333333333333,3,Jumping jacks,False
oof,user17,training_1269,multi,3,user17,ABD,D,1,1,1.0,1,Walking,False
oof,user17,training_1270,multi,3,user17,BC,B,1,2,1.0,1,Checking the time,False
oof,user17,training_1271,multi,2,user17,D,C,3,22,0.3333333333333333,3,Watching TV,False
oof,user17,training_1272,multi,3,user17,C,D,1,1,1.0,1,Standing up,False
oof,user17,training_1273,multi,3,user17,BC,A,3,3,0.6666666666666666,2,Walking,False
oof,user17,training_1274,multi,2,user17,AB,D,7,28,0.2857142857142857,5,Listening to the music with headphones,False
oof,user17,training_1275,multi,3,user17,ACD,CAD,4,6,0.5,3,Stirring|Pouring|Eating,False
oof,user17,training_1276,multi,3,user17,AD,AD,5,6,0.4,3,Pouring|Walking,True
oof,user17,training_1277,multi,3,user17,ACD,DB,4,6,0.5,3,Walking|Sitting down,False
oof,user17,training_1278,multi,2,user17,AB,B,12,35,0.4166666666666667,4,Sitting down,False
oof,user17,training_1279,multi,3,user17,BC,C,2,3,1.0,1,Eating,False
oof,user17,training_1280,multi,3,user17,BC,D,1,1,1.0,1,Playing games,False
oof,user17,training_1281,multi,2,user17,ABD,B,5,23,0.4,4,Folding clothes,False
oof,user17,training_1282,multi,2,user17,AD,D,5,20,0.4,4,Folding clothes,False
oof,user17,training_1283,multi,2,user17,B,A,14,32,0.2857142857142857,5,Massaging oneself,False
oof,user17,training_1284,multi,3,user17,C,C,1,1,1.0,1,Listening to the music with headphones,True
oof,user17,training_1285,multi,2,user17,A,BC,5,32,0.4,4,Watching TV|Lying down,False
oof,user17,training_1286,multi,3,user17,D,CB,4,6,0.5,3,Massaging oneself|Wiping hands,False
oof,user17,training_1287,multi,2,user17,A,A,18,58,0.5,7,Walking,True
oof,user17,training_1288,multi,2,user17,ABC,B,18,66,0.4444444444444444,7,Walking,False
oof,user17,training_1289,multi,3,user17,ACD,DCA,6,7,0.3333333333333333,4,Typing on a keyboard|Walking|Sitting down,False
oof,user17,training_1290,multi,2,user17,D,B,2,23,0.5,2,Combing hair,False
oof,user17,training_1291,multi,3,user17,ABC,CAB,1,3,1.0,1,Listening to the music with headphones|Sitting down|Checking body temperature,False
oof,user17,training_1292,multi,3,user17,ABD,ADB,2,4,0.5,2,Listening to the music with headphones|Sitting down|Checking body temperature,False
oof,user17,training_1293,multi,3,user17,AC,CA,2,3,1.0,1,Wiping hands|Peeling fruit,False
oof,user17,training_1294,multi,3,user17,C,C,1,1,1.0,1,Eating,True
oof,user17,training_1295,multi,2,user17,D,C,8,28,0.25,6,Washing dishes,False
oof,user17,training_2067,combination,2,user17,B,B,1,1,1.0,1,"Eating, Walking",True
oof,user17,training_2072,combination,2,user17,C,A,1,1,1.0,1,"Sitting down, Walking",False
oof,user17,training_2582,sequence,3,user17,BDCA,BDCA,5,13,1.0,1,Brushing teeth|Wiping hands|Combing hair|Getting dressed,True
oof,user17,training_2583,sequence,3,user17,DCAB,DCAB,5,13,1.0,1,Brushing teeth|Wiping hands|Combing hair|Getting dressed,True
oof,user17,training_2584,sequence,3,user17,BADC,BADC,5,13,1.0,1,Brushing teeth|Wiping hands|Combing hair|Getting dressed,True
oof,user17,training_2591,sequence,3,user17,DCAB,DCAB,3,3,1.0,1,Sweeping|Mopping|Running|Stretching,True
oof,user17,training_2592,sequence,3,user17,ADCB,ADCB,3,3,1.0,1,Sweeping|Mopping|Running|Stretching,True
oof,user17,training_2593,sequence,3,user17,DCAB,DCAB,3,3,1.0,1,Sweeping|Mopping|Running|Stretching,True
oof,user17,training_2597,sequence,3,user17,CABD,CABD,3,4,1.0,1,Walking|Undressing|Getting dressed|Folding clothes,True
oof,user17,training_2598,sequence,3,user17,CBDA,CBDA,3,4,1.0,1,Walking|Undressing|Getting dressed|Folding clothes,True
oof,user17,training_2599,sequence,3,user17,CBAD,CBAD,3,4,1.0,1,Walking|Undressing|Getting dressed|Folding clothes,True
oof,user17,training_2600,sequence,3,user17,CADB,CADB,3,34,1.0,1,Walking|Sitting down|Typing on a keyboard|Checking the time,True
oof,user17,training_2601,sequence,3,user17,ACBD,ACBD,3,34,1.0,1,Walking|Sitting down|Typing on a keyboard|Checking the time,True
oof,user17,training_2602,sequence,3,user17,CABD,CABD,3,34,1.0,1,Walking|Sitting down|Typing on a keyboard|Checking the time,True
oof,user17,training_3160,emotion,3,user17,B,C,4,4,0.25,4,Gracefully,False
oof,user17,training_3161,emotion,3,user17,B,C,3,3,0.3333333333333333,3,Meticulously,False
oof,user17,training_3162,emotion,3,user17,C,B,4,5,0.5,3,Meticulously,False
oof,user17,training_3163,emotion,3,user17,A,C,7,8,0.2857142857142857,4,Hurriedly,False
oof,user17,training_3164,emotion,3,user17,A,A,7,7,0.42857142857142855,4,Hurriedly,True
oof,user17,training_3165,emotion,3,user17,A,C,3,3,0.3333333333333333,3,Gracefully,False
oof,user17,training_3166,emotion,3,user17,C,C,11,12,0.45454545454545453,3,Leisurely,True
oof,user17,training_3167,emotion,3,user17,D,B,9,11,0.4444444444444444,3,Hastily,False
oof,user17,training_3168,emotion,3,user17,B,D,8,9,0.375,3,Calmly,False
oof,user17,training_3169,emotion,3,user17,C,A,13,14,0.38461538461538464,3,Steadily,False
oof,user17,training_3170,emotion,3,user17,A,A,15,15,0.4,3,Steadily,True
oof,user17,training_3171,emotion,3,user17,C,D,16,17,0.375,4,Steadily,False
oof,user17,training_3172,emotion,3,user17,A,D,5,5,0.4,4,Quickly,False
oof,user17,training_3173,emotion,3,user17,A,B,3,3,0.3333333333333333,3,Gently,False
oof,user17,training_3174,emotion,3,user17,C,C,4,6,0.5,3,Quickly,True
oof,user17,training_3175,emotion,3,user17,B,B,26,30,0.38461538461538464,4,Slowly,True
oof,user17,training_3176,emotion,3,user17,C,D,23,24,0.391304347826087,3,Slowly,False
oof,user17,training_3177,emotion,3,user17,D,B,26,28,0.34615384615384615,3,Slowly,False
oof,user17,training_3178,emotion,3,user17,C,D,3,3,0.3333333333333333,3,Hastily,False
oof,user17,training_3179,emotion,3,user17,A,C,2,2,0.5,2,Gently,False
oof,user17,training_3180,emotion,3,user17,A,B,2,2,0.5,2,Gently,False
oof,user17,training_3181,emotion,3,user17,D,B,15,16,0.3333333333333333,4,Steadily,False
oof,user17,training_3182,emotion,3,user17,B,C,6,7,0.3333333333333333,3,Leisurely,False
oof,user17,training_3183,emotion,3,user17,A,D,9,10,0.4444444444444444,3,Steadily,False
oof,user17,training_3184,emotion,3,user17,B,B,3,3,0.3333333333333333,3,Slowly,True
oof,user17,training_3185,emotion,3,user17,D,A,3,3,0.3333333333333333,3,Slowly,False
oof,user17,training_3186,emotion,3,user17,C,A,3,3,0.3333333333333333,3,Slowly,False
oof,user17,training_3187,emotion,3,user17,B,A,6,6,0.3333333333333333,4,Smoothly,False
oof,user17,training_3188,emotion,3,user17,B,B,4,5,0.5,3,Smoothly,True
oof,user17,training_3189,emotion,3,user17,A,B,3,3,0.3333333333333333,3,Casually,False
oof,user17,training_3190,emotion,3,user17,B,B,3,3,0.3333333333333333,3,Unhurriedly,True
oof,user17,training_3191,emotion,3,user17,A,B,3,3,0.3333333333333333,3,Unhurriedly,False
oof,user17,training_3192,emotion,3,user17,A,B,3,3,0.3333333333333333,3,Unhurriedly,False
oof,user17,training_3193,emotion,3,user17,D,D,12,12,0.4166666666666667,3,Slowly,True
oof,user17,training_3194,emotion,3,user17,C,D,10,10,0.4,3,Hastily,False
oof,user17,training_3195,emotion,3,user17,D,A,15,16,0.4,4,Slowly,False
oof,user17,training_3196,emotion,3,user17,C,B,4,4,0.5,3,Steadily,False
oof,user17,training_3197,emotion,3,user17,B,C,3,5,0.3333333333333333,3,Leisurely,False
oof,user17,training_3198,emotion,3,user17,B,A,4,4,0.5,3,Steadily,False
oof,user17,training_3199,emotion,3,user17,A,A,2,2,0.5,2,Quietly,True
oof,user17,training_3200,emotion,3,user17,B,A,5,5,0.4,4,Hurriedly,False
oof,user17,training_3201,emotion,3,user17,B,C,2,3,0.5,2,Quietly,False
oof,user17,training_3202,emotion,3,user17,D,D,8,9,0.5,3,Gently,True
oof,user17,training_3203,emotion,3,user17,A,B,10,12,0.3,4,Quickly,False
oof,user17,training_3204,emotion,3,user17,C,B,7,8,0.42857142857142855,3,Gently,False
oof,user17,training_3205,emotion,3,user17,A,B,5,6,0.6,3,Hastily,False
oof,user17,training_3206,emotion,3,user17,A,C,4,6,0.5,3,Hastily,False
oof,user17,training_3207,emotion,3,user17,A,A,4,5,0.5,3,Hastily,True
oof,user17,training_3566,single,3,user17,A,A,17,17,0.5294117647058824,3,sweeping the floor,True
oof,user17,training_3576,single,3,user17,B,B,2,4,1.0,1,mopping the floor,True
oof,user17,training_3587,single,3,user17,C,C,1,1,1.0,1,wiping a bowl,True
oof,user17,training_3605,single,3,user17,B,B,10,10,0.9,2,folding clothes,True
oof,user17,training_3615,single,3,user17,C,C,4,4,0.75,2,typing on the keyboard,True
oof,user17,training_3654,single,3,user17,A,C,1,1,1.0,1,peeling fruit,False
oof,user17,training_3684,single,3,user17,B,C,2,8,0.5,2,mopping the floor,False
oof,user17,training_3719,single,3,user17,A,B,1,3,1.0,1,typing on the keyboard,False
oof,user17,training_3720,single,3,user17,B,A,1,2,1.0,1,typing on the keyboard,False
oof,user17,training_3759,single,3,user17,C,C,1,4,1.0,1,doing jumping jacks,True
oof,user17,training_3789,single,3,user17,A,A,6,7,0.8333333333333334,2,lying down,True
oof,user17,training_3790,single,3,user17,B,B,6,7,1.0,1,lying down,True
oof,user17,training_3800,single,3,user17,B,B,8,9,0.75,2,sitting down,True
oof,user17,training_3801,single,3,user17,A,A,9,10,0.5555555555555556,2,sitting down,True
oof,user17,training_3828,single,3,user17,B,B,6,7,0.8333333333333334,2,taking medicine,True
oof,user17,training_3829,single,3,user17,B,B,6,7,1.0,1,taking medicine,True
oof,user17,training_3848,single,3,user17,B,C,3,3,0.6666666666666666,2,using tableware,False
oof,user17,training_3849,single,2,user17,B,C,26,88,0.38461538461538464,3,using a remote,False
oof,user17,training_3869,single,3,user17,C,C,2,3,1.0,1,standing on one leg,True
oof,user17,training_3887,single,3,user17,A,C,2,6,0.5,2,wiping surfaces,False
oof,user17,training_3919,single,3,user17,B,B,3,3,1.0,1,putting on clothes,True
oof,user17,training_3920,single,3,user17,C,C,10,12,0.7,3,putting on clothes,True
oof,user17,training_3921,single,3,user17,A,A,11,12,0.5454545454545454,2,putting on clothes,True
oof,user17,training_3939,single,3,user17,A,C,4,5,0.5,2,using a remote,False
oof,user17,training_3940,single,3,user17,B,A,6,10,0.8333333333333334,2,walking,False
oof,user17,training_3967,object_interaction,3,user17,D,A,27,27,0.6666666666666666,2,a clothes,False
oof,user17,training_3974,object_interaction,3,user17,B,B,26,26,0.6923076923076923,2,a clothes,True
oof,user17,training_3985,object_interaction,3,user17,B,A,19,22,0.631578947368421,2,a phone,False
oof,user17,training_4058,object_interaction,3,user17,C,C,17,19,1.0,1,a smartphone,True
oof,user17,training_4077,object_interaction,3,user17,B,B,26,26,0.6923076923076923,2,a clothes,True
oof,user18,training_0485,single,3,user18,C,A,1,1,1.0,1,Watching TV,False
oof,user18,training_0486,single,3,user18,A,A,1,2,1.0,1,Wiping hands,True
oof,user18,training_0487,single,2,user18,D,B,7,23,0.5714285714285714,3,Mopping,False
oof,user18,training_0488,single,3,user18,D,D,2,3,0.5,2,Walking,True
oof,user18,training_0489,single,3,user18,A,B,2,2,0.5,2,Checking the time,False
oof,user18,training_0490,single,2,user18,C,D,9,20,0.5555555555555556,4,Typing on a keyboard,False
oof,user18,training_0491,single,3,user18,C,D,2,2,1.0,1,Walking,False
oof,user18,training_0492,single,3,user18,A,C,1,2,1.0,1,Standing up,False
oof,user18,training_0493,single,2,user18,C,B,29,42,0.3103448275862069,4,Grabbing utensils,False
oof,user18,training_0494,single,2,user18,B,B,15,30,0.26666666666666666,4,Wiping surface,True
oof,user18,training_0495,single,2,user18,B,B,26,34,0.7307692307692307,3,Walking,True
oof,user18,training_0496,single,3,user18,A,B,2,2,1.0,1,Pouring,False
oof,user18,training_0497,single,2,user18,A,A,8,26,0.375,4,Sweeping,True
oof,user18,training_0498,single,3,user18,D,C,1,1,1.0,1,Brushing teeth,False
oof,user18,training_0499,single,3,user18,D,B,1,2,1.0,1,Stretching,False
oof,user18,training_0500,single,2,user18,A,D,12,30,0.4166666666666667,4,Reading,False
oof,user18,training_0501,single,3,user18,C,B,1,1,1.0,1,Wiping hands,False
oof,user18,training_0502,single,2,user18,D,D,19,27,0.3684210526315789,4,Stirring,True
oof,user18,training_0503,single,3,user18,B,B,2,3,0.5,2,Wiping surface,True
oof,user18,training_0504,single,2,user18,D,A,17,29,0.4117647058823529,4,Combing hair,False
oof,user18,training_0505,single,2,user18,B,A,15,29,0.4,4,Squats,False
oof,user18,training_0506,single,2,user18,D,A,21,36,0.42857142857142855,4,Stirring,False
oof,user18,training_0507,single,2,user18,B,D,16,35,0.3125,4,Pouring,False
oof,user18,training_0508,single,2,user18,A,A,29,49,0.3448275862068966,4,Listening to the music with headphones,True
oof,user18,training_0509,single,2,user18,A,A,19,37,0.47368421052631576,4,Pouring,True
oof,user18,training_0510,single,3,user18,A,A,1,1,1.0,1,Walking,True
oof,user18,training_0511,single,2,user18,C,A,20,33,0.45,4,Combing hair,False
oof,user18,training_0512,single,3,user18,D,A,1,1,1.0,1,Pouring,False
oof,user18,training_0513,single,3,user18,C,A,3,3,0.6666666666666666,2,Reading,False
oof,user18,training_0514,single,2,user18,D,B,16,36,0.3125,4,Folding clothes,False
oof,user18,training_0515,single,2,user18,D,D,27,38,0.37037037037037035,4,Squats,True
oof,user18,training_0516,single,2,user18,C,D,12,22,0.4166666666666667,4,Massaging oneself,False
oof,user18,training_0517,single,2,user18,B,D,17,32,0.47058823529411764,4,Wiping hands,False
oof,user18,training_0518,single,3,user18,A,A,3,4,1.0,1,Walking,True
oof,user18,training_0519,single,3,user18,B,B,1,1,1.0,1,Walking,True
oof,user18,training_0520,single,3,user18,B,D,1,1,1.0,1,Checking body temperature,False
oof,user18,training_0521,single,2,user18,D,B,18,37,0.5555555555555556,3,Typing on a keyboard,False
oof,user18,training_0522,single,3,user18,B,C,3,3,0.6666666666666666,2,Grabbing utensils,False
oof,user18,training_0523,single,2,user18,A,B,14,32,0.35714285714285715,4,Turning a page,False
oof,user18,training_0524,single,2,user18,D,D,15,32,0.4,3,Pouring,True
oof,user18,training_0525,single,3,user18,D,B,3,3,1.0,1,Walking,False
oof,user18,training_0526,single,3,user18,C,C,1,2,1.0,1,Eating,True
oof,user18,training_1296,multi,3,user18,B,CA,1,1,1.0,1,Mopping|Sweeping,False
oof,user18,training_1297,multi,3,user18,B,D,2,3,0.5,2,Massaging oneself,False
oof,user18,training_1298,multi,3,user18,AC,A,6,6,0.5,4,Walking,False
oof,user18,training_1299,multi,3,user18,ABC,CA,4,5,0.5,3,Walking|Reading,False
oof,user18,training_1300,multi,3,user18,AB,D,2,2,0.5,2,Lying down,False
oof,user18,training_1301,multi,3,user18,AC,A,2,6,0.5,2,Walking,False
oof,user18,training_1302,multi,3,user18,BC,AC,1,1,1.0,1,Wiping surface|Checking the time,False
oof,user18,training_1303,multi,2,user18,ACD,D,13,27,0.5384615384615384,6,Listening to the music with headphones,False
oof,user18,training_1304,multi,2,user18,CD,A,23,64,0.43478260869565216,9,Walking,False
oof,user18,training_1305,multi,2,user18,BC,B,24,55,0.5,6,Walking,False
oof,user18,training_1306,multi,3,user18,CD,CD,5,8,0.4,4,Wiping surface|Walking,True
oof,user18,training_1307,multi,3,user18,AD,AD,3,3,0.6666666666666666,2,Wiping surface|Walking,True
oof,user18,training_1308,multi,2,user18,BC,BC,17,50,0.35294117647058826,7,Mopping|Sweeping,True
oof,user18,training_1309,multi,3,user18,BD,DCB,3,3,0.3333333333333333,3,Mopping|Walking|Sweeping,False
oof,user18,training_1310,multi,2,user18,A,C,4,21,0.5,3,Peeling fruit,False
oof,user18,training_1311,multi,2,user18,AD,A,4,26,0.75,2,Stirring,False
oof,user18,training_1312,multi,2,user18,CD,A,6,27,0.5,3,Sitting down,False
oof,user18,training_1313,multi,2,user18,D,A,7,35,0.42857142857142855,4,Listening to the music with headphones,False
oof,user18,training_1314,multi,3,user18,CD,C,4,4,0.5,3,Walking,False
oof,user18,training_1315,multi,2,user18,BD,D,29,57,0.5517241379310345,7,Walking,False
oof,user18,training_1316,multi,3,user18,C,D,1,3,1.0,1,Combing hair,False
oof,user18,training_1317,multi,3,user18,AB,D,3,5,0.3333333333333333,3,Massaging oneself,False
oof,user18,training_1318,multi,3,user18,ABC,BAC,2,3,0.5,2,Reading|Listening to the music with headphones|Turning a page,False
oof,user18,training_1319,multi,3,user18,AC,D,1,1,1.0,1,Wiping hands,False
oof,user18,training_1320,multi,3,user18,BC,D,1,5,1.0,1,Sitting down,False
oof,user18,training_1321,multi,3,user18,A,D,3,3,0.3333333333333333,3,Jumping jacks,False
oof,user18,training_1322,multi,3,user18,AC,AC,5,5,0.6,3,Pouring|Walking,True
oof,user18,training_1323,multi,2,user18,BD,D,6,27,0.5,3,Standing up,False
oof,user18,training_1324,multi,3,user18,BC,CB,1,1,1.0,1,Stretching|Running,False
oof,user18,training_1325,multi,2,user18,AC,B,5,30,0.6,3,Wiping hands,False
oof,user18,training_1326,multi,2,user18,B,D,6,27,0.3333333333333333,4,Drinking,False
oof,user18,training_1327,multi,2,user18,D,A,1,29,1.0,1,Peeling fruit,False
oof,user18,training_1328,multi,3,user18,ABD,DAB,1,1,1.0,1,Getting dressed|Stretching|Undressing,False
oof,user18,training_1329,multi,2,user18,CD,C,4,30,0.75,2,Peeling fruit,False
oof,user18,training_1330,multi,3,user18,BD,BDA,1,2,1.0,1,Walking|Stretching|Running,False
oof,user18,training_1331,multi,2,user18,CD,A,14,44,0.2857142857142857,6,Wiping hands,False
oof,user18,training_1332,multi,2,user18,AD,A,7,34,0.2857142857142857,5,Undressing,False
oof,user18,training_1333,multi,3,user18,AD,D,2,2,0.5,2,Taking medicine,False
oof,user18,training_1334,multi,3,user18,D,BC,2,2,0.5,2,Peeling fruit|Grabbing utensils,False
oof,user18,training_1335,multi,3,user18,D,B,1,2,1.0,1,Squats,False
oof,user18,training_1336,multi,2,user18,AB,A,2,27,0.5,2,Eating,False
oof,user18,training_1337,multi,2,user18,ACD,C,6,36,0.3333333333333333,5,Stirring,False
oof,user18,training_2097,combination,2,user18,C,B,1,1,1.0,1,"Wiping hands, Getting dressed",False
oof,user18,training_2107,combination,2,user18,C,C,1,1,1.0,1,"Walking, Wiping surface",True
oof,user18,training_2603,sequence,3,user18,CBAD,CBAD,1,20,1.0,1,Walking|Sitting down|Listening to the music with headphones|Reading,True
oof,user18,training_2609,sequence,3,user18,BACD,BACD,3,8,1.0,1,Sitting down|Listening to the music with headphones|Writing|Turning a page,True
oof,user18,training_2610,sequence,3,user18,ABDC,ABDC,3,8,1.0,1,Sitting down|Listening to the music with headphones|Writing|Turning a page,True
oof,user18,training_2614,sequence,3,user18,DBCA,DBCA,1,2,1.0,1,Running|Stretching|Typing on a keyboard|Lunges,True
oof,user18,training_2615,sequence,3,user18,DACB,DACB,3,3,1.0,1,Undressing|Getting dressed|Stretching|Squats,True
oof,user18,training_2616,sequence,3,user18,ACBD,ACBD,3,3,1.0,1,Undressing|Getting dressed|Stretching|Squats,True
oof,user18,training_2617,sequence,3,user18,CBAD,CBAD,3,3,1.0,1,Undressing|Getting dressed|Stretching|Squats,True
oof,user18,training_2621,sequence,3,user18,ADBC,ADBC,3,5,1.0,1,Washing face|Brushing teeth|Taking medicine|Checking body temperature,True
oof,user18,training_3208,emotion,3,user18,C,C,3,3,0.3333333333333333,3,Unhurriedly,True
oof,user18,training_3209,emotion,3,user18,C,A,4,4,0.5,3,Unhurriedly,False
oof,user18,training_3210,emotion,3,user18,C,A,3,3,0.3333333333333333,3,Unhurriedly,False
oof,user18,training_3211,emotion,3,user18,B,B,3,3,0.3333333333333333,3,Contently,True
oof,user18,training_3212,emotion,3,user18,B,A,3,3,0.3333333333333333,3,Contently,False
oof,user18,training_3213,emotion,3,user18,A,C,3,3,0.3333333333333333,3,Contently,False
oof,user18,training_3214,emotion,3,user18,A,A,3,4,0.3333333333333333,3,Relaxedly,True
oof,user18,training_3215,emotion,3,user18,B,D,3,4,0.3333333333333333,3,Relaxedly,False
oof,user18,training_3216,emotion,3,user18,A,B,3,4,0.3333333333333333,3,Relaxedly,False
oof,user18,training_3217,emotion,3,user18,D,D,3,3,0.3333333333333333,3,Meticulously,True
oof,user18,training_3218,emotion,3,user18,A,D,3,3,0.3333333333333333,3,Meticulously,False
oof,user18,training_3219,emotion,3,user18,D,C,3,4,0.3333333333333333,3,Meticulously,False
oof,user18,training_3220,emotion,3,user18,C,C,3,3,0.3333333333333333,3,Deliberately,True
oof,user18,training_3221,emotion,3,user18,D,A,3,3,0.3333333333333333,3,Deliberately,False
oof,user18,training_3222,emotion,3,user18,D,C,3,3,0.3333333333333333,3,Deliberately,False
oof,user18,training_3223,emotion,3,user18,A,A,3,3,0.3333333333333333,3,Leisurely,True
oof,user18,training_3224,emotion,3,user18,A,C,3,3,0.3333333333333333,3,Leisurely,False
oof,user18,training_3225,emotion,3,user18,B,D,3,3,0.3333333333333333,3,Leisurely,False
oof,user18,training_3226,emotion,3,user18,D,D,3,3,0.3333333333333333,3,Gently,True
oof,user18,training_3227,emotion,3,user18,A,C,7,8,0.2857142857142857,4,Hurriedly,False
oof,user18,training_3228,emotion,3,user18,B,C,5,5,0.6,3,Quickly,False
oof,user18,training_3229,emotion,3,user18,B,A,5,6,0.4,3,Steadily,False
oof,user18,training_3230,emotion,3,user18,B,D,3,4,0.3333333333333333,3,Quietly,False
oof,user18,training_3231,emotion,3,user18,A,A,4,5,0.5,3,Steadily,True
oof,user18,training_3232,emotion,3,user18,B,B,3,3,0.3333333333333333,3,Cautiously,True
oof,user18,training_3233,emotion,3,user18,D,A,3,3,0.3333333333333333,3,Cautiously,False
oof,user18,training_3234,emotion,3,user18,D,B,3,3,0.3333333333333333,3,Cautiously,False
oof,user18,training_3235,emotion,3,user18,A,A,3,3,0.3333333333333333,3,Gracefully,True
oof,user18,training_3236,emotion,3,user18,A,B,3,3,0.3333333333333333,3,Gracefully,False
oof,user18,training_3237,emotion,3,user18,D,B,3,3,0.3333333333333333,3,Gracefully,False
oof,user18,training_3238,emotion,3,user18,B,D,8,10,0.375,4,Calmly,False
oof,user18,training_3239,emotion,3,user18,B,C,3,4,0.3333333333333333,3,Slowly,False
oof,user18,training_3240,emotion,3,user18,C,B,4,4,0.5,3,Slowly,False
oof,user18,training_3241,emotion,3,user18,A,A,3,3,0.3333333333333333,3,Gently,True
oof,user18,training_3242,emotion,3,user18,B,C,3,3,0.3333333333333333,3,Gently,False
oof,user18,training_3243,emotion,3,user18,C,B,3,3,0.3333333333333333,3,Gently,False
oof,user18,training_3244,emotion,3,user18,C,C,12,12,0.3333333333333333,3,Slowly,True
oof,user18,training_3245,emotion,3,user18,C,B,13,13,0.38461538461538464,3,Anxiously,False
oof,user18,training_3246,emotion,3,user18,D,B,12,13,0.3333333333333333,3,Slowly,False
oof,user18,training_3247,emotion,3,user18,D,D,9,9,0.3333333333333333,3,Slowly,True
oof,user18,training_3248,emotion,3,user18,A,C,11,12,0.36363636363636365,4,Slowly,False
oof,user18,training_3249,emotion,3,user18,D,D,10,10,0.4,3,Hurriedly,True
oof,user18,training_3536,single,3,user18,C,C,7,9,0.7142857142857143,3,washing their face,True
oof,user18,training_3548,single,3,user18,A,B,6,6,0.5,3,opening the cabinet,False
oof,user18,training_3549,single,3,user18,A,B,1,1,1.0,1,standing on one leg,False
oof,user18,training_3555,single,3,user18,B,C,3,5,0.6666666666666666,2,brushing their teeth,False
oof,user18,training_3556,single,3,user18,B,A,1,2,1.0,1,standing on one leg,False
oof,user18,training_3577,single,3,user18,B,B,2,6,0.5,2,mopping the floor,True
oof,user18,training_3588,single,3,user18,A,B,3,3,0.6666666666666666,2,opening the cabinet,False
oof,user18,training_3597,single,3,user18,C,B,7,7,0.7142857142857143,2,standing up,False
oof,user18,training_3598,single,3,user18,B,B,2,6,0.5,2,wiping surfaces,True
oof,user18,training_3606,single,3,user18,A,A,15,16,0.5333333333333333,3,folding clothes,True
oof,user18,training_3607,single,3,user18,A,A,15,16,0.5333333333333333,3,folding clothes,True
oof,user18,training_3625,single,3,user18,B,A,7,10,1.0,1,using a smartphone,False
oof,user18,training_3636,single,3,user18,A,C,2,4,1.0,1,wiping surfaces,False
oof,user18,training_3643,single,3,user18,B,B,10,11,0.8,2,brushing their teeth,True
oof,user18,training_3644,single,3,user18,B,B,9,9,0.8888888888888888,2,brushing their teeth,True
oof,user18,training_3655,single,3,user18,A,A,1,1,1.0,1,checking the time,True
oof,user18,training_3665,single,3,user18,A,A,6,7,1.0,1,reading documents,True
oof,user18,training_3721,single,3,user18,C,C,3,6,0.6666666666666666,2,taking a selfie,True
oof,user18,training_3769,single,3,user18,A,A,11,13,0.8181818181818182,2,doing stretching exercises,True
oof,user18,training_3810,single,3,user18,B,A,8,9,0.75,2,putting on clothes,False
oof,user18,training_3870,single,3,user18,A,C,3,3,0.3333333333333333,3,putting on headphones,False
oof,user18,training_3871,single,2,user18,C,B,25,66,0.36,3,washing their face,False
oof,user18,training_3929,single,3,user18,C,C,1,1,1.0,1,drinking water,True
oof,user18,training_3941,single,2,user18,A,C,26,74,0.38461538461538464,3,opening the cabinet,False
oof,user18,training_3968,object_interaction,3,user18,A,D,24,24,0.625,2,a clothes,False
oof,user18,training_3975,object_interaction,3,user18,A,A,23,23,0.6521739130434783,2,a clothes,True
oof,user18,training_3976,object_interaction,3,user18,A,A,23,23,0.6521739130434783,2,a clothes,True
oof,user18,training_3977,object_interaction,3,user18,D,D,23,23,0.6521739130434783,2,a clothes,True
oof,user18,training_4004,object_interaction,3,user18,C,C,18,18,1.0,1,a documents,True
oof,user18,training_4014,object_interaction,3,user18,B,B,18,18,1.0,1,a documents,True
oof,user18,training_4059,object_interaction,3,user18,A,A,23,25,0.7391304347826086,2,a smartphone,True
oof,user18,training_4078,object_interaction,3,user18,C,C,23,23,0.6521739130434783,2,a clothes,True
oof,user18,training_4079,object_interaction,3,user18,D,D,23,23,0.6521739130434783,2,a clothes,True
oof,user19,training_0527,single,3,user19,D,C,4,4,0.75,2,Peeling fruit,False
oof,user19,training_0528,single,3,user19,A,A,1,1,1.0,1,Combing hair,True
oof,user19,training_0529,single,2,user19,C,D,10,33,0.5,3,Taking a selfie,False
oof,user19,training_0530,single,2,user19,C,B,13,25,0.5384615384615384,3,Peeling fruit,False
oof,user19,training_0531,single,3,user19,D,C,2,3,0.5,2,Squats,False
oof,user19,training_0532,single,2,user19,C,D,16,34,0.375,3,Undressing,False
oof,user19,training_0533,single,2,user19,B,D,18,32,0.4444444444444444,4,Listening to the music with headphones,False
oof,user19,training_0534,single,3,user19,B,A,2,2,0.5,2,Brushing teeth,False
oof,user19,training_0535,single,3,user19,A,A,1,1,1.0,1,Grabbing utensils,True
oof,user19,training_0536,single,2,user19,D,D,25,43,0.68,4,Walking,True
oof,user19,training_0537,single,3,user19,B,A,2,2,0.5,2,Peeling fruit,False
oof,user19,training_0538,single,3,user19,D,D,2,2,0.5,2,Walking,True
oof,user19,training_0539,single,3,user19,B,A,1,1,1.0,1,Taking medicine,False
oof,user19,training_0540,single,3,user19,D,D,1,2,1.0,1,Walking,True
oof,user19,training_0541,single,3,user19,A,A,2,2,0.5,2,Walking,True
oof,user19,training_0542,single,3,user19,C,A,1,1,1.0,1,Checking the time,False
oof,user19,training_0543,single,2,user19,A,B,9,17,0.3333333333333333,4,Mopping,False
oof,user19,training_0544,single,2,user19,C,C,14,23,0.35714285714285715,4,Undressing,True
oof,user19,training_0545,single,3,user19,B,B,2,2,1.0,1,Pouring,True
oof,user19,training_0546,single,3,user19,C,B,1,1,1.0,1,Wiping hands,False
oof,user19,training_0547,single,3,user19,C,A,1,1,1.0,1,Taking medicine,False
oof,user19,training_0548,single,3,user19,B,B,3,3,1.0,1,Walking,True
oof,user19,training_0549,single,2,user19,A,C,12,37,0.3333333333333333,4,Taking a selfie,False
oof,user19,training_0550,single,3,user19,A,D,1,1,1.0,1,Grabbing utensils,False
oof,user19,training_0551,single,2,user19,B,D,10,27,0.5,3,Squats,False
oof,user19,training_0552,single,3,user19,B,C,2,2,1.0,1,Peeling fruit,False
oof,user19,training_0553,single,3,user19,B,A,3,3,0.6666666666666666,2,Wiping hands,False
oof,user19,training_0554,single,3,user19,A,A,2,2,0.5,2,Walking,True
oof,user19,training_0555,single,3,user19,A,A,2,2,0.5,2,Squats,True
oof,user19,training_0556,single,3,user19,C,D,4,4,0.5,3,Wiping surface,False
oof,user19,training_0557,single,3,user19,D,D,1,1,1.0,1,Walking,True
oof,user19,training_0558,single,3,user19,D,A,2,2,1.0,1,Wiping hands,False
oof,user19,training_0559,single,3,user19,C,C,1,2,1.0,1,Sitting down,True
oof,user19,training_0560,single,3,user19,D,D,1,1,1.0,1,Playing games,True
oof,user19,training_0561,single,2,user19,A,D,9,24,0.4444444444444444,4,Grabbing utensils,False
oof,user19,training_0562,single,3,user19,D,C,2,2,1.0,1,Taking medicine,False
oof,user19,training_0563,single,3,user19,B,B,1,4,1.0,1,Wiping hands,True
oof,user19,training_0564,single,3,user19,C,A,1,1,1.0,1,Watching TV,False
oof,user19,training_0565,single,3,user19,C,B,1,2,1.0,1,Washing dishes,False
oof,user19,training_0566,single,3,user19,D,B,2,2,0.5,2,Drinking,False
oof,user19,training_0567,single,3,user19,B,B,1,1,1.0,1,Massaging oneself,True
oof,user19,training_0568,single,3,user19,A,C,1,2,1.0,1,Lunges,False
oof,user19,training_0569,single,3,user19,D,A,1,1,1.0,1,Pouring,False
oof,user19,training_0570,single,3,user19,C,D,1,1,1.0,1,Squats,False
oof,user19,training_0571,single,3,user19,B,B,1,1,1.0,1,Reading,True
oof,user19,training_0572,single,2,user19,B,B,5,22,0.4,3,Taking a selfie,True
oof,user19,training_0573,single,3,user19,A,C,1,1,1.0,1,Watching TV,False
oof,user19,training_0574,single,3,user19,D,C,2,2,0.5,2,Typing on a keyboard,False
oof,user19,training_0575,single,3,user19,A,D,1,2,1.0,1,Getting dressed,False
oof,user19,training_0576,single,2,user19,A,A,15,27,0.4666666666666667,4,Massaging oneself,True
oof,user19,training_0577,single,2,user19,D,D,11,34,0.36363636363636365,4,Massaging oneself,True
oof,user19,training_0578,single,3,user19,C,C,1,1,1.0,1,Eating,True
oof,user19,training_0579,single,3,user19,A,B,2,2,0.5,2,Sitting down,False
oof,user19,training_0580,single,2,user19,A,A,17,28,0.5882352941176471,4,Eating,True
oof,user19,training_1338,multi,2,user19,AB,D,5,21,0.6,3,Taking a selfie,False
oof,user19,training_1339,multi,3,user19,B,C,1,1,1.0,1,Checking the time,False
oof,user19,training_1340,multi,3,user19,A,A,1,1,1.0,1,Wiping hands,True
oof,user19,training_1341,multi,2,user19,AD,C,8,35,0.25,6,Getting dressed,False
oof,user19,training_1342,multi,3,user19,ABC,B,4,7,0.25,4,Walking,False
oof,user19,training_1343,multi,3,user19,CD,C,2,3,1.0,1,Walking,False
oof,user19,training_1344,multi,2,user19,BC,B,10,45,0.3,5,Stirring,False
oof,user19,training_1345,multi,2,user19,C,B,13,33,0.3076923076923077,7,Listening to the music with headphones,False
oof,user19,training_1346,multi,3,user19,C,A,2,3,0.5,2,Washing face,False
oof,user19,training_1347,multi,3,user19,A,C,1,3,1.0,1,Combing hair,False
oof,user19,training_1348,multi,3,user19,ABD,BCD,3,4,0.3333333333333333,3,Walking|Combing hair|Squats,False
oof,user19,training_1349,multi,3,user19,C,CB,2,2,0.5,2,Walking|Washing face,False
oof,user19,training_1350,multi,3,user19,AC,BA,4,5,0.5,3,Wiping hands|Peeling fruit,False
oof,user19,training_1351,multi,3,user19,AB,A,1,3,1.0,1,Walking,False
oof,user19,training_1352,multi,3,user19,AC,D,2,3,0.5,2,Folding clothes,False
oof,user19,training_1353,multi,3,user19,AB,DA,2,4,0.5,2,Walking|Undressing,False
oof,user19,training_1354,multi,3,user19,D,BA,1,1,1.0,1,Stirring|Lying down,False
oof,user19,training_1355,multi,2,user19,D,A,13,58,0.23076923076923078,6,Stirring,False
oof,user19,training_1356,multi,2,user19,ABC,A,15,61,0.7333333333333333,4,Walking,False
oof,user19,training_1357,multi,2,user19,ACD,A,15,61,0.7333333333333333,4,Walking,False
oof,user19,training_1358,multi,2,user19,CD,C,8,30,0.375,5,Drinking,False
oof,user19,training_1359,multi,2,user19,C,CB,7,31,0.42857142857142855,5,Squats|Jumping jacks,False
oof,user19,training_1360,multi,2,user19,ABD,A,6,32,0.6666666666666666,3,Listening to the music with headphones,False
oof,user19,training_1361,multi,3,user19,AD,DB,2,2,0.5,2,Walking|Taking a selfie,False
oof,user19,training_1362,multi,3,user19,ABD,DAB,2,2,0.5,2,Typing on a keyboard|Checking the time|Reading,False
oof,user19,training_1363,multi,3,user19,D,AC,2,3,0.5,2,Using a phone|Walking,False
oof,user19,training_1364,multi,3,user19,B,BC,1,2,1.0,1,Checking the time|Taking medicine,False
oof,user19,training_1365,multi,3,user19,AB,DBA,1,3,1.0,1,Sitting down|Walking|Stretching,False
oof,user19,training_1366,multi,3,user19,D,C,1,2,1.0,1,Reading,False
oof,user19,training_1367,multi,3,user19,AC,CD,2,3,0.5,2,Walking|Washing dishes,False
oof,user19,training_1368,multi,3,user19,ACD,C,5,6,0.4,4,Walking,False
oof,user19,training_1369,multi,3,user19,D,AD,2,2,0.5,2,Wiping surface|Walking,False
oof,user19,training_1370,multi,2,user19,B,C,9,33,0.4444444444444444,4,Brushing teeth,False
oof,user19,training_1371,multi,2,user19,AC,C,16,38,0.4375,6,Standing up,False
oof,user19,training_1372,multi,2,user19,CD,C,9,38,0.3333333333333333,6,Standing up,False
oof,user19,training_1373,multi,2,user19,D,D,11,39,0.5454545454545454,4,Listening to the music with headphones,True
oof,user19,training_1374,multi,2,user19,C,A,4,21,0.5,3,Taking a selfie,False
oof,user19,training_1375,multi,2,user19,AD,A,9,28,0.2222222222222222,6,Wiping hands,False
oof,user19,training_1376,multi,2,user19,D,D,7,27,0.42857142857142855,4,Peeling fruit,True
oof,user19,training_1377,multi,2,user19,A,CA,6,37,0.3333333333333333,5,Taking medicine|Massaging oneself,False
oof,user19,training_1378,multi,2,user19,C,B,11,27,0.2727272727272727,5,Getting dressed,False
oof,user19,training_1379,multi,3,user19,ACD,C,2,2,0.5,2,Walking,False
oof,user19,training_1380,multi,2,user19,D,C,4,28,0.5,3,Sweeping,False
oof,user19,training_1381,multi,2,user19,CD,C,6,37,0.6666666666666666,3,Sitting down,False
oof,user19,training_1382,multi,3,user19,ABC,CAB,1,3,1.0,1,Sitting down|Turning a page|Typing on a keyboard,False
oof,user19,training_1383,multi,3,user19,ABC,BA,1,1,1.0,1,Taking medicine|Checking body temperature,False
oof,user19,training_1384,multi,3,user19,BCD,AB,1,1,1.0,1,Watching TV|Lying down,False
oof,user19,training_1385,multi,2,user19,AD,D,6,35,0.3333333333333333,5,Playing games,False
oof,user19,training_1386,multi,2,user19,BC,BC,8,32,0.375,5,Massaging oneself|Checking body temperature,True
oof,user19,training_1387,multi,3,user19,ACD,B,2,3,0.5,2,Drinking,False
oof,user19,training_1388,multi,3,user19,BCD,CB,3,4,0.3333333333333333,3,Massaging oneself|Checking body temperature,False
oof,user19,training_1389,multi,3,user19,BCD,C,1,2,1.0,1,Walking,False
oof,user19,training_1390,multi,3,user19,D,C,2,4,0.5,2,Standing up,False
oof,user19,training_1391,multi,3,user19,BC,C,3,3,1.0,1,Walking,False
oof,user19,training_2147,combination,2,user19,A,A,2,2,1.0,1,"Stirring, Pouring",True
oof,user19,training_2166,combination,2,user19,C,B,1,1,1.0,1,"Walking, Typing on a keyboard",False
oof,user19,training_2624,sequence,3,user19,BDAC,BDAC,1,11,1.0,1,Wiping hands|Combing hair|Getting dressed|Stretching,True
oof,user19,training_2625,sequence,3,user19,CABD,CABD,1,9,1.0,1,Brushing teeth|Wiping hands|Getting dressed|Stretching,True
oof,user19,training_2626,sequence,3,user19,ABCD,ABCD,7,13,1.0,1,Brushing teeth|Wiping hands|Combing hair|Getting dressed,True
oof,user19,training_2627,sequence,3,user19,CDAB,CDAB,4,26,0.75,2,Walking|Sitting down|Typing on a keyboard|Listening to the music with headphones,True
oof,user19,training_2628,sequence,3,user19,CDAB,CDAB,4,26,0.75,2,Walking|Sitting down|Typing on a keyboard|Listening to the music with headphones,True
oof,user19,training_2629,sequence,3,user19,BCAD,BCAD,4,26,0.75,2,Walking|Sitting down|Typing on a keyboard|Listening to the music with headphones,True
oof,user19,training_2630,sequence,3,user19,BDCA,DCBA,2,12,1.0,1,Sweeping|Squats|Walking|Mopping,False
oof,user19,training_2635,sequence,3,user19,ACDB,ACDB,1,3,1.0,1,Squats|Sitting down|Massaging oneself|Playing games,True
oof,user19,training_2637,sequence,3,user19,BADC,BADC,2,8,1.0,1,Sitting down|Writing|Checking the time|Reading,True
oof,user19,training_2639,sequence,3,user19,BCAD,BCAD,1,3,1.0,1,Taking medicine|Checking body temperature|Lying down|Taking a selfie,True
oof,user19,training_2641,sequence,3,user19,ACDB,ACDB,1,3,1.0,1,Taking medicine|Checking body temperature|Lying down|Taking a selfie,True
oof,user19,training_3250,emotion,3,user19,A,A,3,3,0.3333333333333333,3,Unhurriedly,True
oof,user19,training_3251,emotion,3,user19,A,C,3,3,0.3333333333333333,3,Unhurriedly,False
oof,user19,training_3252,emotion,3,user19,A,D,3,3,0.3333333333333333,3,Unhurriedly,False
oof,user19,training_3253,emotion,3,user19,B,B,3,3,0.3333333333333333,3,Gently,True
oof,user19,training_3254,emotion,3,user19,A,C,4,4,0.25,4,Neatly,False
oof,user19,training_3255,emotion,3,user19,B,D,4,5,0.25,4,Diligently,False
oof,user19,training_3256,emotion,3,user19,B,B,3,3,0.3333333333333333,3,Smoothly,True
oof,user19,training_3257,emotion,3,user19,D,A,3,3,0.3333333333333333,3,Smoothly,False
oof,user19,training_3258,emotion,3,user19,D,C,3,4,0.3333333333333333,3,Smoothly,False
oof,user19,training_3259,emotion,3,user19,B,D,24,25,0.375,3,Steadily,False
oof,user19,training_3260,emotion,3,user19,B,C,25,27,0.36,4,Slowly,False
oof,user19,training_3261,emotion,3,user19,D,A,23,24,0.34782608695652173,3,Slowly,False
oof,user19,training_3262,emotion,3,user19,A,A,3,3,0.3333333333333333,3,Carefully,True
oof,user19,training_3263,emotion,3,user19,D,B,3,3,0.3333333333333333,3,Carefully,False
oof,user19,training_3264,emotion,3,user19,A,B,3,3,0.3333333333333333,3,Carefully,False
oof,user19,training_3265,emotion,3,user19,A,C,4,6,0.5,3,Calmly,False
oof,user19,training_3266,emotion,3,user19,B,C,3,5,0.3333333333333333,3,Casually,False
oof,user19,training_3267,emotion,3,user19,C,B,3,6,0.3333333333333333,3,Casually,False
oof,user19,training_3268,emotion,3,user19,B,B,6,8,0.5,4,Slowly,True
oof,user19,training_3269,emotion,3,user19,A,C,4,5,0.5,3,Slowly,False
oof,user19,training_3270,emotion,3,user19,C,D,4,5,0.5,3,Slowly,False
oof,user19,training_3271,emotion,3,user19,B,B,3,3,0.3333333333333333,3,Patiently,True
oof,user19,training_3272,emotion,3,user19,A,D,3,3,0.3333333333333333,3,Patiently,False
oof,user19,training_3273,emotion,3,user19,D,C,3,3,0.3333333333333333,3,Patiently,False
oof,user19,training_3274,emotion,3,user19,C,C,3,4,0.3333333333333333,3,Leisurely,True
oof,user19,training_3275,emotion,3,user19,C,A,3,3,0.3333333333333333,3,Leisurely,False
oof,user19,training_3276,emotion,3,user19,A,A,20,20,0.35,4,Anxiously,True
oof,user19,training_3277,emotion,3,user19,B,D,4,5,0.5,3,Urgently,False
oof,user19,training_3278,emotion,3,user19,A,B,3,4,0.3333333333333333,3,Leisurely,False
oof,user19,training_3279,emotion,3,user19,A,B,3,4,0.3333333333333333,3,Leisurely,False
oof,user19,training_3280,emotion,3,user19,A,A,3,4,0.3333333333333333,3,Unhurriedly,True
oof,user19,training_3281,emotion,3,user19,B,D,3,3,0.3333333333333333,3,Unhurriedly,False
oof,user19,training_3282,emotion,3,user19,B,D,3,3,0.3333333333333333,3,Unhurriedly,False
oof,user19,training_3283,emotion,3,user19,D,A,11,11,0.45454545454545453,4,Anxiously,False
oof,user19,training_3284,emotion,3,user19,D,A,5,5,0.6,3,Anxiously,False
oof,user19,training_3285,emotion,3,user19,A,A,4,5,0.5,3,Anxiously,True
oof,user19,training_3286,emotion,3,user19,B,B,3,3,0.3333333333333333,3,Unhurriedly,True
oof,user19,training_3287,emotion,3,user19,B,D,3,3,0.3333333333333333,3,Unhurriedly,False
oof,user19,training_3288,emotion,3,user19,D,C,3,3,0.3333333333333333,3,Unhurriedly,False
oof,user19,training_3289,emotion,3,user19,D,D,4,4,0.5,3,Gently,True
oof,user19,training_3290,emotion,3,user19,A,A,4,4,0.5,3,Steadily,True
oof,user19,training_3291,emotion,3,user19,C,B,4,4,0.5,3,Steadily,False
oof,user19,training_3292,emotion,3,user19,B,C,5,5,0.4,4,Quickly,False
oof,user19,training_3293,emotion,3,user19,A,D,3,3,0.3333333333333333,3,Attentively,False
oof,user19,training_3294,emotion,3,user19,C,C,4,4,0.5,3,Leisurely,True
oof,user19,training_3295,emotion,3,user19,A,B,5,6,0.4,4,Calmly,False
oof,user19,training_3296,emotion,3,user19,B,A,3,3,0.3333333333333333,3,Leisurely,False
oof,user19,training_3297,emotion,3,user19,C,A,3,3,0.3333333333333333,3,Leisurely,False
oof,user19,training_3298,emotion,3,user19,D,D,3,3,0.3333333333333333,3,Cautiously,True
oof,user19,training_3299,emotion,3,user19,A,B,3,3,0.3333333333333333,3,Cautiously,False
oof,user19,training_3300,emotion,3,user19,C,B,3,3,0.3333333333333333,3,Cautiously,False
oof,user19,training_3301,emotion,3,user19,D,D,8,9,0.375,4,Slowly,True
oof,user19,training_3302,emotion,3,user19,C,D,4,4,0.5,3,Slowly,False
oof,user19,training_3303,emotion,3,user19,D,C,3,3,0.3333333333333333,3,Slowly,False
oof,user19,training_3567,single,3,user19,A,A,14,14,0.6428571428571429,2,sweeping the floor,True
oof,user19,training_3578,single,3,user19,B,B,2,5,0.5,2,mopping the floor,True
oof,user19,training_3599,single,3,user19,B,B,3,3,0.3333333333333333,3,wiping surfaces,True
oof,user19,training_3616,single,3,user19,B,B,1,3,1.0,1,typing on the keyboard,True
oof,user19,training_3617,single,3,user19,C,A,4,6,1.0,1,sitting down,False
oof,user19,training_3666,single,3,user19,C,C,8,10,0.75,2,reading documents,True
oof,user19,training_3667,single,3,user19,B,B,8,10,0.75,3,reading documents,True
oof,user19,training_3711,single,3,user19,A,A,3,4,1.0,1,using a smartphone,True
oof,user19,training_3712,single,3,user19,B,A,2,3,1.0,1,throwing away rubbish,False
oof,user19,training_3713,single,3,user19,A,B,2,5,0.5,2,using a remote,False
oof,user19,training_3722,single,3,user19,C,B,2,2,0.5,2,turning pages,False
oof,user19,training_3742,single,3,user19,B,A,3,6,0.6666666666666666,2,peeling fruit,False
oof,user19,training_3752,single,3,user19,A,A,10,11,0.9,2,combing their hair,True
oof,user19,training_3760,single,3,user19,A,A,5,6,0.8,2,doing jumping jacks,True
oof,user19,training_3817,single,3,user19,B,B,7,7,0.42857142857142855,3,walking,True
oof,user19,training_3818,single,2,user19,A,C,27,86,0.37037037037037035,3,washing their face,False
oof,user19,training_3830,single,3,user19,A,A,6,10,1.0,1,taking medicine,True
oof,user19,training_3839,single,3,user19,B,B,1,1,1.0,1,massaging themselves,True
oof,user19,training_3850,single,3,user19,C,C,1,4,1.0,1,taking their body temperature,True
oof,user19,training_3880,single,3,user19,B,C,8,10,0.75,2,reading documents,False
oof,user19,training_3881,single,3,user19,A,C,4,7,0.75,2,walking,False
oof,user19,training_3882,single,3,user19,C,C,3,6,0.6666666666666666,2,peeling with a knife,True
oof,user19,training_3897,single,2,user19,A,B,26,73,0.38461538461538464,3,drinking water,False
oof,user19,training_3898,single,3,user19,B,B,3,3,0.6666666666666666,2,opening the cabinet,True
oof,user19,training_3899,single,3,user19,B,A,6,8,0.5,2,turning pages,False
oof,user19,training_3922,single,3,user19,C,C,11,13,0.7272727272727273,3,putting on clothes,True
oof,user19,training_3955,single,3,user19,C,A,15,16,0.5333333333333333,2,doing stretching exercises,False
oof,user19,training_3956,single,3,user19,A,A,9,9,0.8888888888888888,2,pouring a drink,True
oof,user19,training_3986,object_interaction,3,user19,B,C,19,22,0.631578947368421,2,a phone,False
oof,user19,training_4067,object_interaction,3,user19,A,A,9,9,1.0,1,a cabinet,True
oof,user20,training_0581,single,3,user20,A,B,1,1,1.0,1,Pouring,False
oof,user20,training_0582,single,2,user20,B,D,7,22,0.42857142857142855,3,Writing,False
oof,user20,training_0583,single,3,user20,C,C,3,4,0.3333333333333333,3,Combing hair,True
oof,user20,training_0584,single,3,user20,B,B,1,1,1.0,1,Squats,True
oof,user20,training_0585,single,2,user20,D,C,11,31,0.5454545454545454,4,Pouring,False
oof,user20,training_0586,single,2,user20,B,A,9,21,0.4444444444444444,3,Turning a page,False
oof,user20,training_0587,single,2,user20,A,A,16,30,0.4375,3,Pouring,True
oof,user20,training_0588,single,3,user20,D,D,2,2,0.5,2,Eating,True
oof,user20,training_0589,single,3,user20,B,B,1,1,1.0,1,Drinking,True
oof,user20,training_0590,single,2,user20,D,B,22,40,0.4090909090909091,4,Drinking,False
oof,user20,training_0591,single,3,user20,D,D,2,2,1.0,1,Typing on a keyboard,True
oof,user20,training_0592,single,3,user20,C,D,3,3,0.6666666666666666,2,Peeling fruit,False
oof,user20,training_0593,single,2,user20,B,B,14,24,0.42857142857142855,4,Pouring,True
oof,user20,training_0594,single,3,user20,B,A,1,2,1.0,1,Reading,False
oof,user20,training_0595,single,3,user20,B,C,2,2,0.5,2,Checking the time,False
oof,user20,training_0596,single,3,user20,A,C,3,3,0.3333333333333333,3,Grabbing utensils,False
oof,user20,training_0597,single,3,user20,D,A,1,2,1.0,1,Reading,False
oof,user20,training_0598,single,3,user20,B,A,1,1,1.0,1,Stirring,False
oof,user20,training_0599,single,3,user20,A,D,1,1,1.0,1,Brushing teeth,False
oof,user20,training_0600,single,3,user20,D,A,1,1,1.0,1,Sweeping,False
oof,user20,training_0601,single,2,user20,D,C,12,29,0.5,2,Wiping hands,False
oof,user20,training_0602,single,3,user20,C,A,1,1,1.0,1,Getting dressed,False
oof,user20,training_0603,single,3,user20,C,D,1,2,1.0,1,Wiping hands,False
oof,user20,training_0604,single,3,user20,A,D,1,1,1.0,1,Sweeping,False
oof,user20,training_0605,single,3,user20,B,C,1,1,1.0,1,Running,False
oof,user20,training_0606,single,3,user20,D,B,2,2,1.0,1,Massaging oneself,False
oof,user20,training_0607,single,2,user20,B,B,22,40,0.5,4,Grabbing utensils,True
oof,user20,training_0608,single,2,user20,D,D,14,31,0.35714285714285715,4,Squats,True
oof,user20,training_0609,single,3,user20,C,D,1,4,1.0,1,Combing hair,False
oof,user20,training_0610,single,3,user20,D,B,1,1,1.0,1,Turning a page,False
oof,user20,training_0611,single,2,user20,C,A,11,28,0.36363636363636365,4,Combing hair,False
oof,user20,training_0612,single,3,user20,D,C,2,2,0.5,2,Squats,False
oof,user20,training_0613,single,2,user20,D,D,13,30,0.38461538461538464,4,Massaging oneself,True
oof,user20,training_0614,single,2,user20,A,B,13,32,0.6153846153846154,4,Drinking,False
oof,user20,training_0615,single,3,user20,D,D,3,3,0.6666666666666666,2,Walking,True
oof,user20,training_0616,single,2,user20,A,A,8,25,0.625,2,Listening to the music with headphones,True
oof,user20,training_0617,single,3,user20,B,D,1,1,1.0,1,Typing on a keyboard,False
oof,user20,training_0618,single,3,user20,D,D,1,1,1.0,1,Massaging oneself,True
oof,user20,training_0619,single,3,user20,D,A,2,2,0.5,2,Listening to the music with headphones,False
oof,user20,training_0620,single,3,user20,C,B,2,2,0.5,2,Checking the time,False
oof,user20,training_0621,single,2,user20,B,B,32,41,0.6875,4,Walking,True
oof,user20,training_0622,single,3,user20,C,C,3,3,0.6666666666666666,2,Walking,True
oof,user20,training_1392,multi,2,user20,D,A,5,24,0.4,4,Wiping surface,False
oof,user20,training_1393,multi,2,user20,C,D,8,40,0.25,6,Eating,False
oof,user20,training_1394,multi,2,user20,CD,CA,1,18,1.0,1,Combing hair|Wiping hands,False
oof,user20,training_1395,multi,3,user20,ABC,ADB,4,5,0.25,4,Walking|Combing hair|Squats,False
oof,user20,training_1396,multi,3,user20,ACD,C,2,2,0.5,2,Walking,False
oof,user20,training_1397,multi,3,user20,B,C,1,1,1.0,1,Brushing teeth,False
oof,user20,training_1398,multi,2,user20,B,D,8,35,0.375,5,Massaging oneself,False
oof,user20,training_1399,multi,3,user20,ABD,A,1,3,1.0,1,Mopping,False
oof,user20,training_1400,multi,3,user20,C,D,2,5,0.5,2,Sitting down,False
oof,user20,training_1401,multi,2,user20,AC,C,8,30,0.375,4,Sitting down,False
oof,user20,training_1402,multi,2,user20,ABD,D,5,26,0.2,5,Turning a page,False
oof,user20,training_1403,multi,3,user20,BCD,CB,2,2,0.5,2,Turning a page|Sitting down,False
oof,user20,training_1404,multi,3,user20,BCD,BC,5,5,0.2,5,Stirring|Eating,False
oof,user20,training_1405,multi,3,user20,ABD,CAB,5,5,0.2,5,Wiping surface|Stirring|Pouring,False
oof,user20,training_1406,multi,2,user20,ACD,C,6,31,0.3333333333333333,5,Eating,False
oof,user20,training_1407,multi,3,user20,AC,BD,1,1,1.0,1,Eating|Pouring,False
oof,user20,training_1408,multi,2,user20,CD,CD,11,36,0.5454545454545454,4,Mopping|Sweeping,True
oof,user20,training_1409,multi,2,user20,BC,C,10,28,0.4,6,Wiping surface,False
oof,user20,training_1410,multi,2,user20,D,C,7,23,0.42857142857142855,3,Getting dressed,False
oof,user20,training_1411,multi,2,user20,BCD,DC,10,36,0.3,7,Turning a page|Reading,False
oof,user20,training_1412,multi,2,user20,AB,B,4,21,0.5,3,Checking the time,False
oof,user20,training_1413,multi,2,user20,ABC,BC,7,26,0.2857142857142857,5,Washing face|Combing hair,False
oof,user20,training_1414,multi,3,user20,BD,C,1,1,1.0,1,Jumping jacks,False
oof,user20,training_1415,multi,2,user20,C,A,8,31,0.625,4,Listening to the music with headphones,False
oof,user20,training_1416,multi,3,user20,ABD,ADB,7,7,0.2857142857142857,5,Grabbing utensils|Pouring|Stirring,False
oof,user20,training_1417,multi,2,user20,ABD,AD,10,42,0.3,6,Stirring|Pouring,False
oof,user20,training_1418,multi,2,user20,AD,C,7,20,0.42857142857142855,4,Playing games,False
oof,user20,training_1419,multi,2,user20,CD,D,7,33,0.2857142857142857,4,Jumping jacks,False
oof,user20,training_1420,multi,3,user20,AD,AD,2,3,0.5,2,Squats|Jumping jacks,True
oof,user20,training_1421,multi,3,user20,BD,C,1,1,1.0,1,Sweeping,False
oof,user20,training_1422,multi,3,user20,BC,AB,2,5,0.5,2,Squats|Massaging oneself,False
oof,user20,training_1423,multi,3,user20,CD,BC,2,2,0.5,2,Taking medicine|Wiping hands,False
oof,user20,training_1424,multi,2,user20,D,A,13,50,0.3076923076923077,5,Listening to the music with headphones,False
oof,user20,training_1425,multi,3,user20,ACD,AB,2,2,1.0,1,Mopping|Sweeping,False
oof,user20,training_1426,multi,3,user20,AB,A,1,3,1.0,1,Walking,False
oof,user20,training_1427,multi,2,user20,D,D,18,59,0.6666666666666666,7,Walking,True
oof,user20,training_1428,multi,3,user20,ABC,AC,1,1,1.0,1,Drinking|Eating,False
oof,user20,training_1429,multi,3,user20,ABD,CD,2,3,1.0,1,Checking body temperature|Taking medicine,False
oof,user20,training_1430,multi,3,user20,A,CB,1,1,1.0,1,Taking a selfie|Checking the time,False
oof,user20,training_1431,multi,3,user20,BD,BC,1,2,1.0,1,Walking|Brushing teeth,False
oof,user20,training_1432,multi,2,user20,C,C,18,60,0.6111111111111112,8,Walking,True
oof,user20,training_1433,multi,3,user20,C,CD,1,1,1.0,1,Walking|Undressing,False
oof,user20,training_2224,combination,2,user20,B,D,1,1,1.0,1,"Wiping hands, Peeling fruit",False
oof,user20,training_2645,sequence,3,user20,BDAC,BACD,1,11,1.0,1,Walking|Sweeping|Mopping|Drinking,False
oof,user20,training_2646,sequence,3,user20,BCAD,BADC,1,11,1.0,1,Walking|Sweeping|Mopping|Drinking,False
oof,user20,training_2648,sequence,3,user20,CADB,CBAD,3,24,1.0,1,Walking|Checking the time|Sitting down|Turning a page,False
oof,user20,training_2649,sequence,3,user20,ABCD,ABCD,5,34,1.0,1,Walking|Sitting down|Typing on a keyboard|Checking the time,True
oof,user20,training_2650,sequence,3,user20,DABC,DACB,2,28,1.0,1,Walking|Sitting down|Turning a page|Typing on a keyboard,False
oof,user20,training_3304,emotion,3,user20,C,A,3,3,1.0,1,Calmly,False
oof,user20,training_3305,emotion,2,user20,C,B,43,78,0.37209302325581395,4,Slowly,False
oof,user20,training_3306,emotion,2,user20,A,A,40,66,0.425,3,Calmly,True
oof,user20,training_3307,emotion,2,user20,A,D,7,15,0.42857142857142855,3,Urgently,False
oof,user20,training_3308,emotion,2,user20,B,D,7,16,0.42857142857142855,3,Smoothly,False
oof,user20,training_3309,emotion,3,user20,D,B,1,1,1.0,1,Urgently,False
oof,user20,training_3310,emotion,3,user20,A,D,1,1,1.0,1,Naturally,False
oof,user20,training_3311,emotion,3,user20,A,A,1,1,1.0,1,Naturally,True
oof,user20,training_3312,emotion,2,user20,A,B,21,41,0.42857142857142855,4,Slowly,False
oof,user20,training_3313,emotion,3,user20,A,D,4,4,0.5,3,Anxiously,False
oof,user20,training_3314,emotion,3,user20,D,A,4,4,0.5,3,Anxiously,False
oof,user20,training_3315,emotion,3,user20,A,C,5,5,0.4,3,Gently,False
oof,user20,training_3316,emotion,3,user20,C,D,3,4,0.3333333333333333,3,Slowly,False
oof,user20,training_3317,emotion,2,user20,C,B,10,19,0.4,3,Hastily,False
oof,user20,training_3318,emotion,2,user20,A,A,12,20,0.4166666666666667,4,Hastily,True
oof,user20,training_3319,emotion,2,user20,C,D,6,16,0.6666666666666666,2,Quickly,False
oof,user20,training_3320,emotion,2,user20,C,D,13,22,0.7692307692307693,3,Quickly,False
oof,user20,training_3321,emotion,2,user20,A,A,8,17,0.625,3,Quickly,True
oof,user20,training_3322,emotion,2,user20,B,D,10,20,0.5,3,Steadily,False
oof,user20,training_3323,emotion,3,user20,D,A,3,3,0.3333333333333333,3,Slowly,False
oof,user20,training_3324,emotion,2,user20,B,D,9,20,0.4444444444444444,3,Urgently,False
oof,user20,training_3325,emotion,3,user20,B,D,2,2,1.0,1,Hastily,False
oof,user20,training_3326,emotion,3,user20,D,D,1,1,1.0,1,Hastily,True
oof,user20,training_3327,emotion,3,user20,D,B,2,2,1.0,1,Hastily,False
oof,user20,training_3328,emotion,2,user20,D,A,2,6,0.5,2,Gracefully,False
oof,user20,training_3329,emotion,2,user20,A,B,2,6,0.5,2,Gracefully,False
oof,user20,training_3330,emotion,2,user20,D,B,13,25,0.5384615384615384,4,Anxiously,False
oof,user20,training_3331,emotion,2,user20,A,B,8,13,0.875,2,Steadily,False
oof,user20,training_3332,emotion,2,user20,B,C,5,15,0.6,3,Steadily,False
oof,user20,training_3333,emotion,2,user20,C,C,4,13,0.75,2,Steadily,True
oof,user20,training_3334,emotion,3,user20,C,D,3,4,0.6666666666666666,2,Quickly,False
oof,user20,training_3335,emotion,3,user20,B,A,5,6,0.4,3,Slowly,False
oof,user20,training_3336,emotion,3,user20,C,D,3,4,0.6666666666666666,2,Quickly,False
oof,user20,training_3337,emotion,2,user20,B,B,16,28,0.4375,4,Leisurely,True
oof,user20,training_3338,emotion,2,user20,C,B,15,30,0.4,4,Leisurely,False
oof,user20,training_3339,emotion,2,user20,D,B,27,46,0.37037037037037035,4,Leisurely,False
oof,user20,training_3340,emotion,3,user20,A,C,2,2,0.5,2,Hurriedly,False
oof,user20,training_3341,emotion,3,user20,A,C,2,2,0.5,2,Quietly,False
oof,user20,training_3342,emotion,2,user20,A,D,16,27,0.375,4,Leisurely,False
oof,user20,training_3343,emotion,2,user20,B,A,7,16,0.5714285714285714,3,Steadily,False
oof,user20,training_3344,emotion,2,user20,B,C,8,17,0.625,3,Steadily,False
oof,user20,training_3345,emotion,2,user20,A,A,8,15,0.625,3,Steadily,True
oof,user20,training_3537,single,3,user20,C,A,12,14,0.5833333333333334,3,combing their hair,False
oof,user20,training_3538,single,3,user20,A,A,6,7,0.6666666666666666,3,washing their face,True
oof,user20,training_3539,single,3,user20,A,C,11,12,0.6363636363636364,2,combing their hair,False
oof,user20,training_3550,single,3,user20,A,A,3,3,0.6666666666666666,2,stirring a drink,True
oof,user20,training_3569,single,3,user20,C,C,8,8,1.0,1,sweeping the floor,True
oof,user20,training_3579,single,3,user20,A,C,6,6,1.0,1,wiping their hands,False
oof,user20,training_3580,single,3,user20,C,C,2,4,0.5,2,mopping the floor,True
oof,user20,training_3581,single,2,user20,A,C,27,70,0.37037037037037035,3,lying down,False
oof,user20,training_3589,single,3,user20,C,A,2,2,1.0,1,doing squats,False
oof,user20,training_3600,single,3,user20,B,B,1,6,1.0,1,wiping surfaces,True
oof,user20,training_3618,single,3,user20,A,B,4,4,1.0,1,lying down,False
oof,user20,training_3628,single,3,user20,B,A,4,5,0.75,2,jogging in place,False
oof,user20,training_3645,single,3,user20,B,B,10,11,0.8,2,brushing their teeth,True
oof,user20,training_3646,single,3,user20,C,C,10,11,0.8,2,brushing their teeth,True
oof,user20,training_3656,single,3,user20,C,C,1,2,1.0,1,checking the time,True
oof,user20,training_3686,single,3,user20,A,B,4,4,0.75,2,taking their body temperature,False
oof,user20,training_3692,single,3,user20,C,C,9,11,0.6666666666666666,3,using a smartphone,True
oof,user20,training_3753,single,3,user20,A,A,10,11,0.9,2,combing their hair,True
oof,user20,training_3841,single,3,user20,B,B,2,2,0.5,2,massaging themselves,True
oof,user20,training_3903,single,3,user20,C,C,3,4,0.6666666666666666,2,opening the cabinet,True
oof,user20,training_3907,single,3,user20,B,B,9,11,0.8888888888888888,2,wiping their hands,True
oof,user20,training_3950,single,2,user20,B,C,27,76,0.37037037037037035,3,folding clothes,False
oof,user20,training_3958,single,3,user20,A,A,8,8,1.0,1,pouring a drink,True
oof,user20,training_3969,object_interaction,3,user20,D,A,28,28,0.7142857142857143,2,a clothes,False
oof,user20,training_3970,object_interaction,3,user20,B,A,28,28,0.7142857142857143,2,a clothes,False
oof,user20,training_3987,object_interaction,3,user20,B,B,12,15,0.5833333333333334,2,a keyboard,True
oof,user20,training_4015,object_interaction,3,user20,D,D,18,18,1.0,1,a documents,True
oof,user20,training_4016,object_interaction,3,user20,B,B,18,18,1.0,1,a documents,True
oof,user20,training_4069,object_interaction,3,user20,C,C,8,8,1.0,1,a cabinet,True
oof,user20,training_4070,object_interaction,3,user20,C,C,8,8,1.0,1,a cabinet,True
oof,user21,training_0623,single,3,user21,D,C,2,2,0.5,2,Using a phone,False
oof,user21,training_0624,single,3,user21,D,C,2,2,0.5,2,Checking the time,False
oof,user21,training_0625,single,2,user21,C,D,16,35,0.3125,4,Peeling fruit,False
oof,user21,training_0626,single,3,user21,B,C,1,1,1.0,1,Combing hair,False
oof,user21,training_0627,single,3,user21,D,C,1,1,1.0,1,Getting dressed,False
oof,user21,training_0628,single,3,user21,C,A,2,2,0.5,2,Running,False
oof,user21,training_0629,single,3,user21,A,D,1,1,1.0,1,Watching TV,False
oof,user21,training_0630,single,2,user21,A,D,10,22,0.4,4,Massaging oneself,False
oof,user21,training_0631,single,3,user21,D,A,2,2,0.5,2,Lying down,False
oof,user21,training_0632,single,3,user21,B,C,1,1,1.0,1,Drinking,False
oof,user21,training_0633,single,3,user21,C,B,2,2,0.5,2,Taking medicine,False
oof,user21,training_0634,single,3,user21,B,C,1,2,1.0,1,Massaging oneself,False
oof,user21,training_0635,single,3,user21,C,C,1,1,1.0,1,Grabbing utensils,True
oof,user21,training_0636,single,3,user21,D,D,1,1,1.0,1,Grabbing utensils,True
oof,user21,training_0637,single,2,user21,D,D,16,27,0.375,4,Grabbing utensils,True
oof,user21,training_0638,single,3,user21,A,C,1,1,1.0,1,Sitting down,False
oof,user21,training_0639,single,3,user21,B,C,2,2,1.0,1,Grabbing utensils,False
oof,user21,training_0640,single,2,user21,A,C,16,26,0.5,4,Sitting down,False
oof,user21,training_0641,single,3,user21,A,C,2,2,0.5,2,Massaging oneself,False
oof,user21,training_0642,single,3,user21,A,C,1,1,1.0,1,Typing on a keyboard,False
oof,user21,training_0643,single,3,user21,A,C,1,3,1.0,1,Sitting down,False
oof,user21,training_0644,single,3,user21,B,A,1,1,1.0,1,Getting dressed,False
oof,user21,training_0645,single,3,user21,A,C,3,3,1.0,1,Walking,False
oof,user21,training_0646,single,3,user21,D,A,1,1,1.0,1,Checking body temperature,False
oof,user21,training_0647,single,2,user21,A,D,12,26,0.3333333333333333,4,Writing,False
oof,user21,training_0648,single,3,user21,A,A,2,2,1.0,1,Walking,True
oof,user21,training_0649,single,3,user21,D,D,3,3,0.6666666666666666,2,Walking,True
oof,user21,training_0650,single,3,user21,C,C,4,4,1.0,1,Walking,True
oof,user21,training_0651,single,2,user21,A,A,15,30,0.4,4,Listening to the music with headphones,True
oof,user21,training_0652,single,3,user21,B,B,2,2,0.5,2,Listening to the music with headphones,True
oof,user21,training_0653,single,3,user21,A,D,1,1,1.0,1,Combing hair,False
oof,user21,training_0654,single,3,user21,B,D,1,1,1.0,1,Pouring,False
oof,user21,training_0655,single,3,user21,B,A,1,1,1.0,1,Massaging oneself,False
oof,user21,training_0656,single,3,user21,B,D,3,4,0.6666666666666666,2,Wiping hands,False
oof,user21,training_0657,single,2,user21,D,D,10,29,0.4,3,Checking the time,True
oof,user21,training_0658,single,2,user21,B,B,34,49,0.6470588235294118,4,Walking,True
oof,user21,training_0659,single,2,user21,B,B,24,35,0.5,4,Eating,True
oof,user21,training_0660,single,3,user21,A,C,1,1,1.0,1,Calling,False
oof,user21,training_0661,single,3,user21,B,A,1,1,1.0,1,Jumping jacks,False
oof,user21,training_0662,single,2,user21,B,B,9,31,0.5555555555555556,4,Wiping hands,True
oof,user21,training_0663,single,2,user21,D,D,11,35,0.5454545454545454,4,Massaging oneself,True
oof,user21,training_0664,single,3,user21,C,C,2,3,0.5,2,Wiping hands,True
oof,user21,training_1434,multi,3,user21,C,CA,3,3,0.3333333333333333,3,Walking|Wiping surface,False
oof,user21,training_1435,multi,2,user21,C,B,8,32,0.5,3,Sweeping,False
oof,user21,training_1436,multi,3,user21,BCD,BC,1,1,1.0,1,Wiping hands|Washing face,False
oof,user21,training_1437,multi,3,user21,AB,A,1,4,1.0,1,Walking,False
oof,user21,training_1438,multi,3,user21,ABD,AB,5,8,0.4,4,Walking|Sitting down,False
oof,user21,training_1439,multi,2,user21,AD,D,11,31,0.5454545454545454,4,Listening to the music with headphones,False
oof,user21,training_1440,multi,3,user21,CD,CD,1,1,1.0,1,Mopping|Sweeping,True
oof,user21,training_1441,multi,3,user21,BCD,CB,2,2,0.5,2,Mopping|Sweeping,False
oof,user21,training_1442,multi,2,user21,ABD,AB,15,31,0.4,4,Mopping|Sweeping,False
oof,user21,training_1443,multi,2,user21,CD,D,17,58,0.5294117647058824,7,Walking,False
oof,user21,training_1444,multi,2,user21,AD,C,6,28,0.6666666666666666,3,Grabbing utensils,False
oof,user21,training_1445,multi,2,user21,BCD,B,9,49,0.7777777777777778,3,Walking,False
oof,user21,training_1446,multi,3,user21,AD,DA,3,4,0.6666666666666666,2,Grabbing utensils|Peeling fruit,False
oof,user21,training_1447,multi,3,user21,D,B,1,1,1.0,1,Using a phone,False
oof,user21,training_1448,multi,2,user21,AD,D,11,30,0.2727272727272727,6,Grabbing utensils,False
oof,user21,training_1449,multi,2,user21,AC,D,2,28,0.5,2,Eating,False
oof,user21,training_1450,multi,3,user21,B,B,2,2,1.0,1,Walking,True
oof,user21,training_1451,multi,2,user21,A,C,4,19,0.25,4,Writing,False
oof,user21,training_1452,multi,3,user21,D,CD,2,5,0.5,2,Combing hair|Walking,False
oof,user21,training_1453,multi,3,user21,A,A,1,1,1.0,1,Walking,True
oof,user21,training_1454,multi,3,user21,ABD,C,5,7,0.4,4,Eating,False
oof,user21,training_1455,multi,2,user21,CD,A,10,31,0.3,5,Using a phone,False
oof,user21,training_1456,multi,2,user21,D,B,6,25,0.3333333333333333,5,Listening to the music with headphones,False
oof,user21,training_1457,multi,2,user21,A,D,3,24,0.3333333333333333,3,Lunges,False
oof,user21,training_1458,multi,3,user21,C,D,1,2,1.0,1,Wiping hands,False
oof,user21,training_1459,multi,3,user21,CD,AC,1,1,1.0,1,Squats|Walking,False
oof,user21,training_1460,multi,2,user21,B,C,7,31,0.42857142857142855,4,Squats,False
oof,user21,training_1461,multi,3,user21,BCD,B,3,4,0.6666666666666666,2,Walking,False
oof,user21,training_1462,multi,2,user21,AC,C,6,34,0.5,3,Sitting down,False
oof,user21,training_1463,multi,2,user21,AB,A,21,62,0.47619047619047616,8,Walking,False
oof,user21,training_1464,multi,2,user21,BC,C,10,36,0.4,4,Getting dressed,False
oof,user21,training_1465,multi,2,user21,A,B,7,30,0.42857142857142855,4,Peeling fruit,False
oof,user21,training_1466,multi,2,user21,B,A,2,20,0.5,2,Using a phone,False
oof,user21,training_1467,multi,3,user21,AC,CA,1,1,1.0,1,Drinking|Pouring,False
oof,user21,training_1468,multi,2,user21,CD,A,9,41,0.4444444444444444,4,Brushing teeth,False
oof,user21,training_1469,multi,3,user21,ABC,AC,1,3,1.0,1,Checking the time|Drinking,False
oof,user21,training_1470,multi,3,user21,ACD,ADC,3,3,0.3333333333333333,3,Drinking|Grabbing utensils|Eating,False
oof,user21,training_1471,multi,3,user21,B,BA,2,4,1.0,1,Grabbing utensils|Walking,False
oof,user21,training_1472,multi,3,user21,BD,A,1,1,1.0,1,Getting dressed,False
oof,user21,training_1473,multi,3,user21,AD,AD,1,4,1.0,1,Massaging oneself|Wiping hands,True
oof,user21,training_1474,multi,2,user21,CD,D,10,42,0.3,5,Massaging oneself,False
oof,user21,training_1475,multi,3,user21,B,C,2,2,0.5,2,Drinking,False
oof,user21,training_3346,emotion,2,user21,D,D,16,37,0.375,4,Gently,True
oof,user21,training_3347,emotion,3,user21,A,D,2,3,0.5,2,Meticulously,False
oof,user21,training_3348,emotion,2,user21,D,D,13,26,0.46153846153846156,3,Hurriedly,True
oof,user21,training_3349,emotion,3,user21,B,B,6,8,0.3333333333333333,3,Relaxedly,True
oof,user21,training_3350,emotion,3,user21,A,A,7,8,0.42857142857142855,3,Steadily,True
oof,user21,training_3351,emotion,3,user21,D,C,13,14,0.38461538461538464,4,Steadily,False
oof,user21,training_3352,emotion,3,user21,B,B,17,18,0.29411764705882354,4,Slowly,True
oof,user21,training_3353,emotion,3,user21,B,C,11,11,0.36363636363636365,3,Slowly,False
oof,user21,training_3354,emotion,3,user21,C,B,11,11,0.36363636363636365,3,Slowly,False
oof,user21,training_3355,emotion,3,user21,A,A,9,9,0.3333333333333333,3,Slowly,True
oof,user21,training_3356,emotion,3,user21,C,A,9,9,0.3333333333333333,3,Slowly,False
oof,user21,training_3357,emotion,3,user21,B,A,9,9,0.3333333333333333,3,Slowly,False
oof,user21,training_3358,emotion,3,user21,A,A,2,3,0.5,2,Slowly,True
oof,user21,training_3359,emotion,3,user21,D,C,3,4,0.6666666666666666,2,Quickly,False
oof,user21,training_3360,emotion,3,user21,A,A,10,10,0.4,3,Hastily,True
oof,user21,training_3361,emotion,3,user21,A,A,3,4,0.3333333333333333,3,Carefully,True
oof,user21,training_3362,emotion,3,user21,D,C,3,3,0.3333333333333333,3,Carefully,False
oof,user21,training_3363,emotion,3,user21,D,B,5,5,0.4,4,Carefully,False
oof,user21,training_3364,emotion,3,user21,A,C,4,4,0.5,3,Calmly,False
oof,user21,training_3365,emotion,3,user21,B,B,6,8,0.3333333333333333,4,Calmly,True
oof,user21,training_3366,emotion,3,user21,A,C,4,4,0.5,3,Calmly,False
oof,user21,training_3367,emotion,2,user21,C,A,6,13,0.5,3,Quickly,False
oof,user21,training_3368,emotion,2,user21,A,D,5,11,0.6,2,Quickly,False
oof,user21,training_3369,emotion,3,user21,B,B,1,2,1.0,1,Quickly,True
oof,user21,training_3370,emotion,3,user21,D,D,3,4,0.3333333333333333,3,Gracefully,True
oof,user21,training_3371,emotion,3,user21,B,A,3,5,0.3333333333333333,3,Gracefully,False
oof,user21,training_3372,emotion,3,user21,B,D,3,4,0.3333333333333333,3,Gracefully,False
oof,user21,training_3373,emotion,2,user21,B,B,37,63,0.4864864864864865,3,Leisurely,True
oof,user21,training_3374,emotion,2,user21,C,B,21,38,0.5238095238095238,3,Leisurely,False
oof,user21,training_3375,emotion,2,user21,C,B,20,38,0.5,3,Leisurely,False
oof,user21,training_3376,emotion,3,user21,C,C,11,11,0.36363636363636365,3,Slowly,True
oof,user21,training_3377,emotion,3,user21,B,B,13,13,0.38461538461538464,4,Steadily,True
oof,user21,training_3378,emotion,3,user21,C,A,10,12,0.4,3,Steadily,False
oof,user21,training_3379,emotion,2,user21,D,C,4,12,0.5,3,Calmly,False
oof,user21,training_3380,emotion,2,user21,D,C,3,11,0.3333333333333333,3,Peacefully,False
oof,user21,training_3381,emotion,2,user21,C,A,4,13,0.5,3,Calmly,False
oof,user21,training_3382,emotion,3,user21,B,D,7,8,0.5714285714285714,3,Steadily,False
oof,user21,training_3383,emotion,3,user21,D,C,8,8,0.5,3,Steadily,False
oof,user21,training_3384,emotion,3,user21,A,A,6,6,0.5,3,Steadily,True
oof,user21,training_3385,emotion,2,user21,A,A,38,60,0.5526315789473685,3,Slowly,True
oof,user21,training_3386,emotion,3,user21,A,B,8,9,0.5,3,Slowly,False
oof,user21,training_3387,emotion,2,user21,A,B,37,56,0.5405405405405406,3,Slowly,False
oof,user21,training_3540,single,3,user21,A,A,8,12,0.75,3,washing their face,True
oof,user21,training_3637,single,3,user21,A,C,4,5,0.75,2,drinking water,False
oof,user21,training_3657,single,3,user21,A,A,1,1,1.0,1,checking the time,True
oof,user21,training_3687,single,3,user21,C,C,3,3,0.3333333333333333,3,putting on headphones,True
oof,user21,training_3693,single,3,user21,B,B,7,8,0.7142857142857143,2,using a smartphone,True
oof,user21,training_3723,single,3,user21,A,C,3,4,0.6666666666666666,2,jogging in place,False
oof,user21,training_3783,single,3,user21,C,C,8,9,0.625,3,standing up,True
oof,user21,training_3819,single,3,user21,B,B,5,9,0.6,2,walking,True
oof,user21,training_3820,single,3,user21,A,C,2,6,0.5,2,typing on the keyboard,False
oof,user21,training_3821,single,3,user21,B,A,1,3,1.0,1,making a phone call,False
oof,user21,training_3831,single,3,user21,C,C,8,8,0.875,2,taking medicine,True
oof,user21,training_3842,single,2,user21,B,C,28,66,0.35714285714285715,3,combing their hair,False
oof,user21,training_3851,single,3,user21,B,A,3,6,0.6666666666666666,2,putting on headphones,False
oof,user21,training_3883,single,3,user21,A,A,3,8,1.0,1,peeling with a knife,True
oof,user21,training_3884,single,2,user21,C,B,28,89,0.35714285714285715,3,doing squats,False
oof,user21,training_3908,single,3,user21,B,B,9,10,0.6666666666666666,3,wiping their hands,True
oof,user21,training_3909,single,3,user21,B,B,9,11,0.7777777777777778,3,wiping their hands,True
oof,user21,training_3959,single,3,user21,C,C,10,10,0.9,2,pouring a drink,True
oof,user21,training_4024,object_interaction,3,user21,C,C,6,6,1.0,1,a headphones,True
oof,user21,training_4031,object_interaction,3,user21,A,A,17,27,0.6470588235294118,2,a phone,True
oof,user21,training_4032,object_interaction,3,user21,B,B,16,20,0.75,2,a phone,True
oof,user21,training_4060,object_interaction,3,user21,D,D,16,17,1.0,1,a smartphone,True
oof,user21,training_4061,object_interaction,3,user21,C,C,16,21,1.0,1,a smartphone,True
oof,user21,training_4087,object_interaction,3,user21,C,C,9,9,1.0,1,a glass,True
oof,user22,training_0665,single,3,user22,A,B,2,2,0.5,2,Reading,False
oof,user22,training_0666,single,2,user22,C,A,9,21,0.6666666666666666,3,Stirring,False
oof,user22,training_0667,single,3,user22,A,A,1,1,1.0,1,Listening to the music with headphones,True
oof,user22,training_0668,single,3,user22,A,C,1,2,1.0,1,Lunges,False
oof,user22,training_0669,single,3,user22,D,C,1,1,1.0,1,Grabbing utensils,False
oof,user22,training_0670,single,2,user22,A,A,8,19,0.5,3,Drinking,True
oof,user22,training_0671,single,3,user22,C,B,1,1,1.0,1,Lying down,False
oof,user22,training_0672,single,2,user22,C,D,11,35,0.45454545454545453,4,Turning a page,False
oof,user22,training_0673,single,3,user22,A,B,3,3,0.6666666666666666,2,Sweeping,False
oof,user22,training_0674,single,3,user22,B,A,1,1,1.0,1,Using a phone,False
oof,user22,training_0675,single,2,user22,B,A,7,25,0.42857142857142855,4,Checking body temperature,False
oof,user22,training_0676,single,3,user22,A,A,4,4,0.75,2,Walking,True
oof,user22,training_0677,single,3,user22,A,A,1,1,1.0,1,Writing,True
oof,user22,training_0678,single,2,user22,B,B,7,27,0.2857142857142857,4,Folding clothes,True
oof,user22,training_0679,single,3,user22,D,B,1,1,1.0,1,Sitting down,False
oof,user22,training_0680,single,3,user22,C,B,2,2,0.5,2,Grabbing utensils,False
oof,user22,training_0681,single,2,user22,A,A,21,33,0.42857142857142855,4,Eating,True
oof,user22,training_0682,single,3,user22,D,D,1,1,1.0,1,Peeling fruit,True
oof,user22,training_0683,single,3,user22,C,D,3,4,0.3333333333333333,3,Sitting down,False
oof,user22,training_0684,single,3,user22,A,A,2,2,0.5,2,Typing on a keyboard,True
oof,user22,training_0685,single,3,user22,A,B,1,1,1.0,1,Playing games,False
oof,user22,training_0686,single,3,user22,C,D,1,1,1.0,1,Peeling fruit,False
oof,user22,training_0687,single,3,user22,D,D,1,1,1.0,1,Taking a selfie,True
oof,user22,training_0688,single,3,user22,B,C,1,2,1.0,1,Eating,False
oof,user22,training_0689,single,3,user22,C,D,2,3,1.0,1,Checking the time,False
oof,user22,training_0690,single,2,user22,A,A,10,28,0.5,3,Sitting down,True
oof,user22,training_0691,single,2,user22,A,A,13,26,0.38461538461538464,4,Stirring,True
oof,user22,training_0692,single,3,user22,A,A,2,2,0.5,2,Peeling fruit,True
oof,user22,training_0693,single,3,user22,B,A,1,1,1.0,1,Washing face,False
oof,user22,training_0694,single,3,user22,A,C,1,2,1.0,1,Reading,False
oof,user22,training_0695,single,2,user22,A,D,16,36,0.5,4,Squats,False
oof,user22,training_0696,single,3,user22,A,A,1,2,1.0,1,Walking,True
oof,user22,training_0697,single,3,user22,D,D,1,1,1.0,1,Using a phone,True
oof,user22,training_0698,single,3,user22,C,D,1,1,1.0,1,Lying down,False
oof,user22,training_0699,single,3,user22,A,C,1,1,1.0,1,Peeling fruit,False
oof,user22,training_0700,single,3,user22,A,B,1,1,1.0,1,Drinking,False
oof,user22,training_0701,single,3,user22,B,B,2,3,0.5,2,Checking the time,True
oof,user22,training_0702,single,3,user22,C,A,1,1,1.0,1,Combing hair,False
oof,user22,training_0703,single,3,user22,B,B,1,1,1.0,1,Massaging oneself,True
oof,user22,training_0704,single,2,user22,A,A,10,33,0.4,4,Sitting down,True
oof,user22,training_0705,single,2,user22,B,B,12,25,0.4166666666666667,4,Sitting down,True
oof,user22,training_0706,single,2,user22,B,B,19,32,0.42105263157894735,4,Sitting down,True
oof,user22,training_0707,single,3,user22,C,B,1,1,1.0,1,Stretching,False
oof,user22,training_0708,single,2,user22,A,C,6,33,0.3333333333333333,3,Lunges,False
oof,user22,training_0709,single,3,user22,B,D,2,2,0.5,2,Pouring,False
oof,user22,training_0710,single,2,user22,C,B,9,26,0.5555555555555556,4,Checking the time,False
oof,user22,training_0711,single,3,user22,D,A,1,1,1.0,1,Eating,False
oof,user22,training_0712,single,3,user22,A,C,1,1,1.0,1,Taking medicine,False
oof,user22,training_0713,single,3,user22,A,C,1,1,1.0,1,Peeling fruit,False
oof,user22,training_1476,multi,2,user22,C,AD,5,35,0.4,4,Undressing|Playing games,False
oof,user22,training_1477,multi,3,user22,ACD,B,3,4,0.3333333333333333,3,Listening to the music with headphones,False
oof,user22,training_1478,multi,2,user22,AD,C,4,26,0.75,2,Grabbing utensils,False
oof,user22,training_1479,multi,2,user22,BD,B,5,17,0.4,4,Typing on a keyboard,False
oof,user22,training_1480,multi,3,user22,ACD,BC,1,3,1.0,1,Eating|Walking,False
oof,user22,training_1481,multi,2,user22,AD,B,10,25,0.4,4,Squats,False
oof,user22,training_1482,multi,3,user22,CD,C,2,2,1.0,1,Pouring,False
oof,user22,training_1483,multi,3,user22,B,CA,1,1,1.0,1,Turning a page|Writing,False
oof,user22,training_1484,multi,2,user22,B,B,9,27,0.3333333333333333,5,Brushing teeth,True
oof,user22,training_1485,multi,3,user22,AC,A,1,1,1.0,1,Walking,False
oof,user22,training_1486,multi,3,user22,ABC,C,1,1,1.0,1,Walking,False
oof,user22,training_1487,multi,2,user22,A,A,15,48,0.6,5,Walking,True
oof,user22,training_1488,multi,3,user22,ABC,C,1,2,1.0,1,Walking,False
oof,user22,training_1489,multi,3,user22,BD,D,2,3,0.5,2,Folding clothes,False
oof,user22,training_1490,multi,3,user22,BD,D,1,1,1.0,1,Folding clothes,False
oof,user22,training_1491,multi,3,user22,ABD,ADC,2,3,0.5,2,Walking|Stretching|Eating,False
oof,user22,training_1492,multi,2,user22,AB,A,9,47,0.3333333333333333,5,Eating,False
oof,user22,training_1493,multi,2,user22,AD,B,10,33,0.4,5,Checking the time,False
oof,user22,training_1494,multi,2,user22,AB,AB,7,38,0.2857142857142857,6,Peeling fruit|Eating,True
oof,user22,training_1495,multi,2,user22,BC,CB,8,40,0.375,5,Turning a page|Reading,False
oof,user22,training_1496,multi,3,user22,BC,CB,1,1,1.0,1,Turning a page|Reading,False
oof,user22,training_1497,multi,2,user22,B,D,5,29,0.4,3,Wiping surface,False
oof,user22,training_1498,multi,3,user22,CD,C,1,1,1.0,1,Walking,False
oof,user22,training_1499,multi,2,user22,B,B,15,41,0.6666666666666666,2,Walking,True
oof,user22,training_1500,multi,2,user22,CD,D,25,56,0.52,7,Walking,False
oof,user22,training_1501,multi,2,user22,B,B,10,28,0.6,3,Eating,True
oof,user22,training_1502,multi,3,user22,BCD,DBC,1,1,1.0,1,Pouring|Peeling fruit|Stirring,False
oof,user22,training_1503,multi,2,user22,BCD,D,11,35,0.2727272727272727,6,Stirring,False
oof,user22,training_1504,multi,3,user22,A,B,3,3,0.3333333333333333,3,Brushing teeth,False
oof,user22,training_1505,multi,3,user22,A,C,1,2,1.0,1,Getting dressed,False
oof,user22,training_1506,multi,2,user22,BC,BC,9,28,0.3333333333333333,5,Massaging oneself|Checking body temperature,True
oof,user22,training_1507,multi,3,user22,BCD,BD,3,4,0.3333333333333333,3,Walking|Peeling fruit,False
oof,user22,training_1508,multi,3,user22,A,C,1,1,1.0,1,Taking a selfie,False
oof,user22,training_1509,multi,3,user22,ABD,BA,1,4,1.0,1,Peeling fruit|Walking,False
oof,user22,training_1510,multi,2,user22,B,A,6,33,0.3333333333333333,5,Squats,False
oof,user22,training_1511,multi,2,user22,D,B,8,35,0.375,5,Squats,False
oof,user22,training_1512,multi,2,user22,ABC,D,9,40,0.3333333333333333,5,Drinking,False
oof,user22,training_1513,multi,2,user22,BCD,A,14,39,0.42857142857142855,6,Listening to the music with headphones,False
oof,user22,training_1514,multi,2,user22,A,A,8,27,0.375,6,Stretching,True
oof,user22,training_1515,multi,3,user22,ABCD,BDA,2,4,0.5,2,Sitting down|Walking|Standing up,False
oof,user22,training_1516,multi,2,user22,AC,B,21,61,0.47619047619047616,5,Walking,False
oof,user22,training_1517,multi,3,user22,BD,CB,1,1,1.0,1,Grabbing utensils|Sitting down,False
oof,user22,training_1518,multi,3,user22,B,A,2,3,0.5,2,Undressing,False
oof,user22,training_1519,multi,3,user22,AC,AD,2,4,0.5,2,Undressing|Taking medicine,False
oof,user22,training_1520,multi,2,user22,A,D,1,19,1.0,1,Lying down,False
oof,user22,training_1521,multi,2,user22,ACD,C,2,27,0.5,2,Standing up,False
oof,user22,training_1522,multi,3,user22,AD,C,2,4,0.5,2,Stirring,False
oof,user22,training_1523,multi,3,user22,A,D,1,2,1.0,1,Eating,False
oof,user22,training_1524,multi,2,user22,B,B,6,23,0.5,4,Standing up,True
oof,user22,training_2673,sequence,3,user22,BACD,BADC,6,28,1.0,1,Walking|Sitting down|Typing on a keyboard|Listening to the music with headphones,False
oof,user22,training_3388,emotion,3,user22,D,A,6,6,0.5,3,Gently,False
oof,user22,training_3389,emotion,3,user22,B,C,4,4,0.5,3,Gently,False
oof,user22,training_3390,emotion,2,user22,D,D,23,41,0.43478260869565216,4,Leisurely,True
oof,user22,training_3391,emotion,2,user22,B,D,29,52,0.3448275862068966,4,Leisurely,False
oof,user22,training_3392,emotion,2,user22,A,C,23,40,0.4782608695652174,3,Leisurely,False
oof,user22,training_3393,emotion,3,user22,A,A,3,5,0.3333333333333333,3,Meticulously,True
oof,user22,training_3394,emotion,3,user22,A,C,5,5,0.4,4,Hurriedly,False
oof,user22,training_3395,emotion,3,user22,C,D,1,1,1.0,1,Meticulously,False
oof,user22,training_3396,emotion,3,user22,C,D,7,8,0.42857142857142855,3,Hurriedly,False
oof,user22,training_3397,emotion,3,user22,C,D,6,9,0.3333333333333333,3,Slowly,False
oof,user22,training_3398,emotion,3,user22,A,C,7,7,0.42857142857142855,3,Steadily,False
oof,user22,training_3399,emotion,3,user22,C,D,1,3,1.0,1,Carefully,False
oof,user22,training_3400,emotion,3,user22,D,C,2,4,0.5,2,Slowly,False
oof,user22,training_3401,emotion,2,user22,A,B,31,53,0.41935483870967744,3,Calmly,False
oof,user22,training_3402,emotion,2,user22,D,D,31,47,0.45161290322580644,3,Calmly,True
oof,user22,training_3403,emotion,2,user22,A,D,30,46,0.43333333333333335,3,Calmly,False
oof,user22,training_3404,emotion,3,user22,D,A,27,30,0.37037037037037035,3,Quickly,False
oof,user22,training_3405,emotion,3,user22,C,A,1,1,1.0,1,Quickly,False
oof,user22,training_3406,emotion,3,user22,C,B,3,4,0.3333333333333333,3,Slowly,False
oof,user22,training_3407,emotion,3,user22,D,D,18,19,0.3888888888888889,4,Anxiously,True
oof,user22,training_3408,emotion,3,user22,B,B,23,23,0.34782608695652173,4,Calmly,True
oof,user22,training_3409,emotion,3,user22,A,B,13,13,0.38461538461538464,3,Anxiously,False
oof,user22,training_3410,emotion,2,user22,D,D,3,6,0.6666666666666666,2,Gently,True
oof,user22,training_3411,emotion,3,user22,C,A,1,2,1.0,1,Swiftly,False
oof,user22,training_3412,emotion,2,user22,B,C,9,18,0.5555555555555556,3,Gently,False
oof,user22,training_3413,emotion,3,user22,A,A,1,1,1.0,1,Hurriedly,True
oof,user22,training_3414,emotion,2,user22,D,A,44,73,0.4318181818181818,4,Hurriedly,False
oof,user22,training_3415,emotion,2,user22,C,D,45,71,0.4444444444444444,4,Hurriedly,False
oof,user22,training_3416,emotion,2,user22,B,B,17,31,0.47058823529411764,4,Slowly,True
oof,user22,training_3417,emotion,3,user22,A,D,1,1,1.0,1,Slowly,False
oof,user22,training_3418,emotion,2,user22,B,D,14,26,0.5,3,Slowly,False
oof,user22,training_3419,emotion,3,user22,D,B,1,1,1.0,1,Hurriedly,False
oof,user22,training_3420,emotion,3,user22,C,D,1,1,1.0,1,Peacefully,False
oof,user22,training_3421,emotion,2,user22,B,A,8,14,0.375,4,Attentively,False
oof,user22,training_3422,emotion,3,user22,D,A,13,13,0.38461538461538464,3,Anxiously,False
oof,user22,training_3423,emotion,3,user22,C,B,12,12,0.4166666666666667,3,Anxiously,False
oof,user22,training_3424,emotion,3,user22,C,C,16,16,0.375,3,Anxiously,True
oof,user22,training_3425,emotion,3,user22,D,C,7,8,0.42857142857142855,3,Hurriedly,False
oof,user22,training_3426,emotion,3,user22,B,C,9,10,0.3333333333333333,3,Relaxedly,False
oof,user22,training_3427,emotion,3,user22,D,D,8,9,0.375,3,Hurriedly,True
oof,user22,training_3428,emotion,3,user22,D,D,12,12,0.3333333333333333,3,Slowly,True
oof,user22,training_3429,emotion,3,user22,D,D,13,13,0.38461538461538464,3,Calmly,True
oof,user22,training_3430,emotion,3,user22,A,B,19,20,0.3157894736842105,4,Calmly,False
oof,user22,training_3431,emotion,3,user22,B,D,10,12,0.4,3,Quickly,False
oof,user22,training_3432,emotion,3,user22,C,C,1,2,1.0,1,Calmly,True
oof,user22,training_3433,emotion,3,user22,C,D,1,2,1.0,1,Calmly,False
oof,user22,training_3434,emotion,3,user22,A,C,7,9,0.42857142857142855,4,Gently,False
oof,user22,training_3435,emotion,3,user22,B,A,7,7,0.42857142857142855,4,Slowly,False
oof,user22,training_3436,emotion,3,user22,A,A,4,4,0.5,3,Quickly,True
oof,user22,training_3541,single,3,user22,B,B,9,11,0.7777777777777778,2,washing their face,True
oof,user22,training_3542,single,3,user22,C,B,13,15,0.6153846153846154,3,combing their hair,False
oof,user22,training_3590,single,3,user22,C,C,1,1,1.0,1,wiping a bowl,True
oof,user22,training_3610,single,3,user22,A,A,14,14,0.6428571428571429,2,folding clothes,True
oof,user22,training_3629,single,3,user22,C,C,2,2,0.5,2,writing,True
oof,user22,training_3638,single,3,user22,B,A,3,4,0.6666666666666666,2,drinking water,False
oof,user22,training_3647,single,3,user22,A,A,11,12,0.8181818181818182,2,brushing their teeth,True
oof,user22,training_3658,single,3,user22,C,B,1,1,1.0,1,doing lunges,False
oof,user22,training_3731,single,3,user22,C,A,3,3,0.6666666666666666,2,throwing away rubbish,False
oof,user22,training_3732,single,3,user22,B,A,6,6,0.5,2,typing on the keyboard,False
oof,user22,training_3746,single,3,user22,C,A,5,5,1.0,1,pouring a drink,False
oof,user22,training_3771,single,3,user22,C,C,10,11,0.9,2,doing stretching exercises,True
oof,user22,training_3803,single,3,user22,B,B,11,12,0.6363636363636364,2,sitting down,True
oof,user22,training_3843,single,3,user22,B,C,11,11,0.7272727272727273,3,doing stretching exercises,False
oof,user22,training_3857,single,3,user22,A,C,5,7,0.6,3,turning pages,False
oof,user22,training_3858,single,3,user22,A,A,2,2,1.0,1,taking off their clothes,True
oof,user22,training_3859,single,3,user22,C,B,3,3,0.6666666666666666,2,using tableware,False
oof,user22,training_3872,single,3,user22,A,C,3,3,0.6666666666666666,2,doing lunges,False
oof,user22,training_3873,single,3,user22,C,C,5,5,0.6,2,standing on one leg,True
oof,user22,training_3874,single,3,user22,C,C,1,4,1.0,1,standing on one leg,True
oof,user22,training_3888,single,3,user22,C,B,2,3,0.5,2,using a smartphone,False
oof,user22,training_3923,single,3,user22,C,C,8,10,0.75,2,putting on clothes,True
oof,user22,training_3924,single,3,user22,A,A,10,12,0.7,3,putting on clothes,True
oof,user22,training_3931,single,3,user22,C,C,4,4,0.5,3,drinking water,True
oof,user22,training_3932,single,3,user22,B,A,3,4,0.6666666666666666,2,doing jumping jacks,False
oof,user22,training_3960,single,3,user22,B,B,8,8,1.0,1,pouring a drink,True
oof,user22,training_3988,object_interaction,3,user22,B,A,11,26,0.5454545454545454,2,a remote,False
oof,user22,training_3989,object_interaction,3,user22,C,C,12,15,0.5833333333333334,2,a keyboard,True
oof,user22,training_4062,object_interaction,3,user22,D,D,17,19,1.0,1,a smartphone,True
oof,user22,training_4080,object_interaction,3,user22,B,B,27,27,0.6666666666666666,2,a clothes,True
oof,user22,training_4081,object_interaction,3,user22,B,B,27,27,0.6666666666666666,2,a clothes,True
oof,user22,training_4088,object_interaction,3,user22,A,A,9,9,1.0,1,a glass,True
oof,user23,training_0714,single,3,user23,C,A,2,2,1.0,1,Walking,False
oof,user23,training_0715,single,2,user23,B,D,20,22,0.75,3,Walking,False
oof,user23,training_0716,single,3,user23,C,D,3,3,0.6666666666666666,2,Walking,False
oof,user23,training_0717,single,2,user23,B,A,14,24,0.35714285714285715,4,Massaging oneself,False
oof,user23,training_0718,single,3,user23,D,A,1,1,1.0,1,Typing on a keyboard,False
oof,user23,training_0719,single,2,user23,C,B,17,35,0.35294117647058826,4,Grabbing utensils,False
oof,user23,training_0720,single,3,user23,D,C,1,1,1.0,1,Typing on a keyboard,False
oof,user23,training_0721,single,2,user23,D,D,12,29,0.4166666666666667,3,Grabbing utensils,True
oof,user23,training_0722,single,2,user23,C,B,11,29,0.45454545454545453,4,Taking medicine,False
oof,user23,training_0723,single,3,user23,D,D,2,2,1.0,1,Walking,True
oof,user23,training_0724,single,2,user23,C,D,15,38,0.4,4,Sweeping,False
oof,user23,training_0725,single,3,user23,D,A,1,2,1.0,1,Checking the time,False
oof,user23,training_0726,single,2,user23,A,A,13,27,0.46153846153846156,4,Eating,True
oof,user23,training_0727,single,2,user23,B,C,8,17,0.375,4,Lying down,False
oof,user23,training_0728,single,2,user23,C,C,34,47,0.38235294117647056,4,Eating,True
oof,user23,training_0729,single,3,user23,B,C,2,3,0.5,2,Drinking,False
oof,user23,training_0730,single,2,user23,B,C,11,29,0.45454545454545453,4,Checking the time,False
oof,user23,training_0731,single,3,user23,A,D,2,3,0.5,2,Eating,False
oof,user23,training_0732,single,3,user23,D,D,4,4,1.0,1,Walking,True
oof,user23,training_0733,single,2,user23,D,D,11,30,0.45454545454545453,4,Sitting down,True
oof,user23,training_0734,single,2,user23,D,D,18,33,0.3888888888888889,4,Sitting down,True
oof,user23,training_0735,single,3,user23,C,D,2,2,0.5,2,Listening to the music with headphones,False
oof,user23,training_0736,single,2,user23,C,A,12,25,0.4166666666666667,3,Checking the time,False
oof,user23,training_0737,single,2,user23,A,C,8,27,0.625,2,Getting dressed,False
oof,user23,training_0738,single,3,user23,C,C,1,2,1.0,1,Taking a selfie,True
oof,user23,training_0739,single,3,user23,D,B,1,2,1.0,1,Sweeping,False
oof,user23,training_0740,single,2,user23,A,C,14,29,0.42857142857142855,4,Squats,False
oof,user23,training_0741,single,2,user23,C,D,6,27,0.3333333333333333,4,Standing up,False
oof,user23,training_0742,single,2,user23,A,A,9,24,0.4444444444444444,3,Getting dressed,True
oof,user23,training_0743,single,3,user23,D,A,1,1,1.0,1,Sitting down,False
oof,user23,training_0744,single,3,user23,C,B,1,2,1.0,1,Walking,False
oof,user23,training_0745,single,3,user23,A,D,2,3,1.0,1,Eating,False
oof,user23,training_0746,single,2,user23,D,D,17,46,0.5882352941176471,4,Listening to the music with headphones,True
oof,user23,training_0747,single,2,user23,A,B,15,28,0.3333333333333333,4,Stirring,False
oof,user23,training_0748,single,2,user23,C,B,7,26,0.42857142857142855,3,Stretching,False
oof,user23,training_0749,single,3,user23,B,C,2,2,1.0,1,Walking,False
oof,user23,training_0750,single,3,user23,A,D,1,1,1.0,1,Combing hair,False
oof,user23,training_0751,single,3,user23,D,C,1,1,1.0,1,Checking body temperature,False
oof,user23,training_0752,single,3,user23,D,C,1,1,1.0,1,Mopping,False
oof,user23,training_0753,single,2,user23,C,D,13,35,0.38461538461538464,4,Taking medicine,False
oof,user23,training_0754,single,3,user23,C,A,2,3,0.5,2,Sitting down,False
oof,user23,training_0755,single,2,user23,B,D,18,30,0.5555555555555556,4,Sitting down,False
oof,user23,training_0756,single,3,user23,D,B,1,1,1.0,1,Running,False
oof,user23,training_0757,single,2,user23,D,D,11,34,0.45454545454545453,4,Squats,True
oof,user23,training_0758,single,2,user23,B,B,15,41,0.3333333333333333,4,Taking medicine,True
oof,user23,training_0759,single,3,user23,A,A,2,2,0.5,2,Writing,True
oof,user23,training_0760,single,2,user23,C,D,22,33,0.7727272727272727,4,Walking,False
oof,user23,training_0761,single,3,user23,A,D,2,3,1.0,1,Squats,False
oof,user23,training_0762,single,3,user23,B,C,2,2,1.0,1,Walking,False
oof,user23,training_0763,single,3,user23,C,C,1,1,1.0,1,Taking medicine,True
oof,user23,training_0764,single,3,user23,D,B,4,5,0.5,3,Grabbing utensils,False
oof,user23,training_0765,single,3,user23,B,C,2,2,0.5,2,Peeling fruit,False
oof,user23,training_0766,single,3,user23,A,C,1,2,1.0,1,Peeling fruit,False
oof,user23,training_1525,multi,2,user23,A,A,6,33,0.3333333333333333,4,Brushing teeth,True
oof,user23,training_1526,multi,3,user23,ABD,DAB,1,2,1.0,1,Wiping hands|Brushing teeth|Washing face,False
oof,user23,training_1527,multi,3,user23,ACD,ACD,1,1,1.0,1,Wiping hands|Brushing teeth|Washing face,True
oof,user23,training_1528,multi,2,user23,AB,A,5,15,0.6,2,Squats,False
oof,user23,training_1529,multi,3,user23,C,A,2,2,0.5,2,Stirring,False
oof,user23,training_1530,multi,2,user23,C,D,4,23,0.75,2,Standing up,False
oof,user23,training_1531,multi,3,user23,BC,CB,1,3,1.0,1,Peeling fruit|Grabbing utensils,False
oof,user23,training_1532,multi,2,user23,B,B,5,25,0.6,3,Grabbing utensils,True
oof,user23,training_1533,multi,3,user23,BC,CB,1,3,1.0,1,Peeling fruit|Grabbing utensils,False
oof,user23,training_1534,multi,3,user23,BD,D,1,3,1.0,1,Walking,False
oof,user23,training_1535,multi,3,user23,C,CD,1,3,1.0,1,Combing hair|Washing face,False
oof,user23,training_1536,multi,3,user23,D,DA,2,4,0.5,2,Walking|Peeling fruit,False
oof,user23,training_1537,multi,2,user23,B,B,7,19,0.5714285714285714,3,Stirring,True
oof,user23,training_1538,multi,3,user23,ABD,A,1,3,1.0,1,Walking,False
oof,user23,training_1539,multi,3,user23,AB,AB,2,4,0.5,2,Eating|Walking,True
oof,user23,training_1540,multi,2,user23,D,A,8,27,0.625,3,Grabbing utensils,False
oof,user23,training_1541,multi,3,user23,A,C,1,3,1.0,1,Grabbing utensils,False
oof,user23,training_1542,multi,3,user23,C,BA,1,4,1.0,1,Calling|Taking a selfie,False
oof,user23,training_1543,multi,2,user23,A,B,2,33,0.5,2,Folding clothes,False
oof,user23,training_1544,multi,3,user23,BC,B,1,1,1.0,1,Sweeping,False
oof,user23,training_1545,multi,3,user23,ABC,B,2,4,1.0,1,Walking,False
oof,user23,training_1546,multi,2,user23,BD,C,6,23,0.5,3,Playing games,False
oof,user23,training_1547,multi,2,user23,BC,D,4,27,0.5,3,Peeling fruit,False
oof,user23,training_1548,multi,3,user23,D,A,2,4,1.0,1,Walking,False
oof,user23,training_1549,multi,2,user23,A,D,6,24,0.3333333333333333,5,Peeling fruit,False
oof,user23,training_1550,multi,3,user23,A,ABD,1,2,1.0,1,Calling|Standing up|Listening to the music with headphones,False
oof,user23,training_1551,multi,3,user23,B,CA,1,2,1.0,1,Wiping surface|Taking medicine,False
oof,user23,training_1552,multi,3,user23,C,BA,1,1,1.0,1,Massaging oneself|Grabbing utensils,False
oof,user23,training_1553,multi,2,user23,A,B,8,25,0.375,4,Taking a selfie,False
oof,user23,training_1554,multi,3,user23,B,D,3,3,0.6666666666666666,2,Listening to the music with headphones,False
oof,user23,training_1555,multi,3,user23,B,D,1,1,1.0,1,Squats,False
oof,user23,training_1556,multi,3,user23,AC,A,1,2,1.0,1,Listening to the music with headphones,False
oof,user23,training_1557,multi,3,user23,C,A,1,1,1.0,1,Folding clothes,False
oof,user23,training_1558,multi,2,user23,AC,D,7,36,0.8571428571428571,2,Standing up,False
oof,user23,training_1559,multi,3,user23,D,B,1,2,1.0,1,Massaging oneself,False
oof,user23,training_1560,multi,2,user23,B,D,12,40,0.3333333333333333,5,Eating,False
oof,user23,training_1561,multi,3,user23,AC,C,1,1,1.0,1,Walking,False
oof,user23,training_1562,multi,3,user23,D,D,1,1,1.0,1,Walking,True
oof,user23,training_1563,multi,3,user23,D,C,1,1,1.0,1,Lunges,False
oof,user23,training_1564,multi,3,user23,BCD,BC,1,2,1.0,1,Stretching|Running,False
oof,user23,training_1565,multi,2,user23,C,A,1,16,1.0,1,Squats,False
oof,user23,training_1566,multi,2,user23,A,D,7,17,0.5714285714285714,4,Checking the time,False
oof,user23,training_1567,multi,2,user23,A,B,8,36,0.25,7,Stirring,False
oof,user23,training_1568,multi,2,user23,A,D,5,31,0.2,5,Listening to the music with headphones,False
oof,user23,training_1569,multi,3,user23,B,A,1,3,1.0,1,Eating,False
oof,user23,training_1570,multi,2,user23,B,C,5,37,0.4,4,Reading,False
oof,user23,training_1571,multi,3,user23,BCD,D,1,1,1.0,1,Standing up,False
oof,user23,training_1572,multi,2,user23,C,B,7,29,0.42857142857142855,4,Checking the time,False
oof,user23,training_1573,multi,2,user23,AB,AB,4,23,0.75,2,Checking body temperature|Taking medicine,True
oof,user23,training_1574,multi,3,user23,AC,D,2,2,0.5,2,Washing dishes,False
oof,user23,training_1575,multi,3,user23,ABD,BA,2,3,0.5,2,Using a phone|Walking,False
oof,user23,training_1576,multi,2,user23,CD,D,9,31,0.4444444444444444,4,Sitting down,False
oof,user23,training_1577,multi,3,user23,BCD,ACB,3,5,0.3333333333333333,3,Grabbing utensils|Walking|Sitting down,False
oof,user23,training_3437,emotion,2,user23,A,A,9,21,0.3333333333333333,4,Meticulously,True
oof,user23,training_3438,emotion,2,user23,D,D,8,19,0.5,3,Quickly,True
oof,user23,training_3439,emotion,2,user23,C,A,13,27,0.38461538461538464,4,Quickly,False
oof,user23,training_3440,emotion,3,user23,C,A,3,4,1.0,1,Steadily,False
oof,user23,training_3441,emotion,3,user23,C,B,4,4,0.75,2,Steadily,False
oof,user23,training_3442,emotion,3,user23,C,B,2,2,0.5,2,Slowly,False
oof,user23,training_3443,emotion,3,user23,A,C,1,1,1.0,1,Smoothly,False
oof,user23,training_3444,emotion,3,user23,B,B,1,1,1.0,1,Smoothly,True
oof,user23,training_3445,emotion,3,user23,C,B,1,1,1.0,1,Leisurely,False
oof,user23,training_3446,emotion,2,user23,A,B,7,14,0.5714285714285714,4,Quickly,False
oof,user23,training_3447,emotion,2,user23,A,A,8,13,0.375,4,Orderly,True
oof,user23,training_3448,emotion,2,user23,A,A,6,12,0.5,3,Quickly,True
oof,user23,training_3449,emotion,2,user23,D,C,32,56,0.5,3,Hurriedly,False
oof,user23,training_3450,emotion,2,user23,B,A,33,62,0.5151515151515151,3,Hurriedly,False
oof,user23,training_3451,emotion,2,user23,B,B,32,56,0.5,3,Hurriedly,True
oof,user23,training_3452,emotion,2,user23,B,D,9,19,0.4444444444444444,4,Quickly,False
oof,user23,training_3453,emotion,2,user23,A,A,9,18,0.5555555555555556,3,Quickly,True
oof,user23,training_3454,emotion,3,user23,B,B,1,1,1.0,1,Orderly,True
oof,user23,training_3455,emotion,3,user23,C,C,6,6,0.3333333333333333,3,Leisurely,True
oof,user23,training_3456,emotion,3,user23,D,B,7,8,0.2857142857142857,4,Leisurely,False
oof,user23,training_3457,emotion,3,user23,C,A,6,6,0.3333333333333333,3,Leisurely,False
oof,user23,training_3458,emotion,3,user23,D,A,4,5,0.5,3,Quickly,False
oof,user23,training_3459,emotion,3,user23,C,B,4,5,0.5,3,Quickly,False
oof,user23,training_3460,emotion,3,user23,B,C,3,4,0.3333333333333333,3,Gracefully,False
oof,user23,training_3461,emotion,2,user23,C,A,17,36,0.5294117647058824,4,Quickly,False
oof,user23,training_3462,emotion,2,user23,C,D,22,44,0.4090909090909091,4,Quickly,False
oof,user23,training_3463,emotion,2,user23,C,C,17,34,0.5294117647058824,4,Quickly,True
oof,user23,training_3464,emotion,3,user23,D,D,4,5,0.5,3,Slowly,True
oof,user23,training_3465,emotion,3,user23,A,C,5,5,0.6,2,Slowly,False
oof,user23,training_3466,emotion,3,user23,A,D,13,14,0.38461538461538464,4,Slowly,False
oof,user23,training_3467,emotion,2,user23,B,D,3,10,0.6666666666666666,2,Gracefully,False
oof,user23,training_3469,emotion,2,user23,D,C,6,13,0.5,2,Casually,False
oof,user23,training_3470,emotion,3,user23,D,D,1,1,1.0,1,Leisurely,True
oof,user23,training_3471,emotion,3,user23,B,A,5,5,0.4,3,Leisurely,False
oof,user23,training_3472,emotion,3,user23,B,D,1,1,1.0,1,Leisurely,False
oof,user23,training_3473,emotion,3,user23,B,B,1,1,1.0,1,Urgently,True
oof,user23,training_3474,emotion,2,user23,C,D,15,26,0.4,4,Intently,False
oof,user23,training_3475,emotion,2,user23,A,A,2,8,1.0,1,Gently,True
oof,user23,training_3476,emotion,2,user23,A,B,12,24,0.4166666666666667,4,Gently,False
oof,user23,training_3477,emotion,2,user23,B,A,7,19,0.5714285714285714,2,Gently,False
oof,user23,training_3478,emotion,2,user23,A,C,16,29,0.5,4,Hurriedly,False
oof,user23,training_3479,emotion,2,user23,B,B,11,21,0.5454545454545454,3,Hurriedly,True
oof,user23,training_3480,emotion,3,user23,B,D,1,2,1.0,1,Hurriedly,False
oof,user23,training_3481,emotion,3,user23,D,A,11,12,0.36363636363636365,4,Hastily,False
oof,user23,training_3482,emotion,3,user23,A,D,11,11,0.36363636363636365,3,Slowly,False
oof,user23,training_3483,emotion,3,user23,A,C,11,11,0.36363636363636365,3,Slowly,False
oof,user23,training_3484,emotion,3,user23,D,D,3,3,0.3333333333333333,3,Gently,True
oof,user23,training_3485,emotion,3,user23,A,C,3,4,0.3333333333333333,3,Gently,False
oof,user23,training_3486,emotion,3,user23,C,C,4,5,0.5,3,Urgently,True
oof,user23,training_3487,emotion,3,user23,D,D,1,1,1.0,1,Slowly,True
oof,user23,training_3488,emotion,2,user23,C,A,13,29,0.5384615384615384,4,Slowly,False
oof,user23,training_3489,emotion,3,user23,D,B,1,1,1.0,1,Urgently,False
oof,user23,training_3551,single,3,user23,C,A,5,7,0.6,3,using a remote,False
oof,user23,training_3611,single,3,user23,C,C,13,13,0.6153846153846154,2,folding clothes,True
oof,user23,training_3612,single,3,user23,A,A,15,16,0.5333333333333333,3,folding clothes,True
oof,user23,training_3630,single,3,user23,A,A,2,3,0.5,2,writing,True
oof,user23,training_3631,single,3,user23,C,B,1,2,1.0,1,opening the cabinet,False
oof,user23,training_3639,single,3,user23,C,B,3,3,0.6666666666666666,2,standing up,False
oof,user23,training_3714,single,3,user23,C,C,4,5,0.75,2,using a smartphone,True
oof,user23,training_3754,single,3,user23,B,B,12,16,0.75,2,combing their hair,True
oof,user23,training_3772,single,3,user23,C,C,11,13,0.8181818181818182,2,doing stretching exercises,True
oof,user23,training_3811,single,3,user23,A,A,1,2,1.0,1,doing lunges,True
oof,user23,training_3812,single,3,user23,C,C,2,3,1.0,1,doing lunges,True
oof,user23,training_3813,single,3,user23,C,C,4,6,0.5,3,doing lunges,True
oof,user23,training_3844,single,3,user23,A,C,1,3,1.0,1,taking their body temperature,False
oof,user23,training_3860,single,3,user23,C,B,2,5,1.0,1,taking a selfie,False
oof,user23,training_3885,single,3,user23,A,B,3,5,1.0,1,using a smartphone,False
oof,user23,training_3979,object_interaction,3,user23,D,D,27,27,0.6666666666666666,2,a clothes,True
oof,user23,training_4005,object_interaction,3,user23,A,A,18,18,1.0,1,a documents,True
oof,user23,training_4006,object_interaction,3,user23,B,B,18,18,1.0,1,a documents,True
oof,user23,training_4050,object_interaction,3,user23,C,C,21,23,0.7142857142857143,2,a smartphone,True
oof,user23,training_4051,object_interaction,3,user23,D,D,15,20,1.0,1,a smartphone,True
oof,user23,training_4063,object_interaction,3,user23,B,B,15,17,1.0,1,a smartphone,True
oof,user23,training_4071,object_interaction,3,user23,D,D,9,9,1.0,1,a cabinet,True
oof,user23,training_4082,object_interaction,3,user23,D,D,27,27,0.6666666666666666,2,a clothes,True
oof,user23,training_4089,object_interaction,3,user23,B,B,9,9,1.0,1,a glass,True
oof,user24,training_0767,single,2,user24,C,A,23,36,0.5217391304347826,4,Sitting down,False
oof,user24,training_0768,single,2,user24,B,A,28,42,0.8571428571428571,3,Walking,False
oof,user24,training_0769,single,2,user24,A,C,15,27,0.4666666666666667,4,Eating,False
oof,user24,training_0770,single,3,user24,B,D,1,1,1.0,1,Eating,False
oof,user24,training_0771,single,2,user24,D,C,15,32,0.3333333333333333,3,Taking medicine,False
oof,user24,training_0772,single,3,user24,D,D,3,3,0.3333333333333333,3,Reading,True
oof,user24,training_0773,single,3,user24,C,A,1,1,1.0,1,Turning a page,False
oof,user24,training_0774,single,2,user24,C,C,18,36,0.5555555555555556,3,Eating,True
oof,user24,training_0775,single,3,user24,B,D,1,1,1.0,1,Stretching,False
oof,user24,training_0776,single,2,user24,D,A,13,38,0.46153846153846156,3,Wiping surface,False
oof,user24,training_0777,single,2,user24,B,D,3,17,0.6666666666666666,2,Playing games,False
oof,user24,training_0778,single,3,user24,C,B,1,1,1.0,1,Taking medicine,False
oof,user24,training_0779,single,3,user24,B,A,1,3,1.0,1,Jumping jacks,False
oof,user24,training_0780,single,3,user24,B,C,2,3,0.5,2,Pouring,False
oof,user24,training_0781,single,2,user24,D,D,8,26,0.375,4,Calling,True
oof,user24,training_0782,single,3,user24,C,D,2,3,0.5,2,Reading,False
oof,user24,training_0783,single,3,user24,A,A,1,2,1.0,1,Sitting down,True
oof,user24,training_0784,single,3,user24,A,A,2,3,0.5,2,Sitting down,True
oof,user24,training_0785,single,2,user24,D,D,19,35,0.47368421052631576,4,Drinking,True
oof,user24,training_0786,single,3,user24,B,A,1,2,1.0,1,Wiping surface,False
oof,user24,training_0787,single,3,user24,C,B,1,1,1.0,1,Playing games,False
oof,user24,training_0788,single,3,user24,D,C,2,2,0.5,2,Jumping jacks,False
oof,user24,training_0789,single,3,user24,C,C,1,1,1.0,1,Playing games,True
oof,user24,training_0790,single,2,user24,B,D,17,31,0.4117647058823529,4,Drinking,False
oof,user24,training_0791,single,2,user24,B,B,34,46,0.6176470588235294,3,Walking,True
oof,user24,training_0792,single,3,user24,B,B,2,2,0.5,2,Standing up,True
oof,user24,training_0793,single,3,user24,A,C,1,2,1.0,1,Wiping hands,False
oof,user24,training_0794,single,3,user24,C,D,1,2,1.0,1,Wiping surface,False
oof,user24,training_0795,single,3,user24,A,A,1,2,1.0,1,Taking medicine,True
oof,user24,training_0796,single,2,user24,B,C,14,30,0.35714285714285715,4,Grabbing utensils,False
oof,user24,training_0797,single,2,user24,C,A,8,34,0.625,3,Standing up,False
oof,user24,training_0798,single,3,user24,D,C,2,2,0.5,2,Peeling fruit,False
oof,user24,training_0799,single,3,user24,D,D,1,1,1.0,1,Walking,True
oof,user24,training_0800,single,2,user24,B,A,15,31,0.4,4,Squats,False
oof,user24,training_0801,single,2,user24,B,B,30,40,0.6333333333333333,4,Walking,True
oof,user24,training_0802,single,3,user24,B,C,2,2,0.5,2,Reading,False
oof,user24,training_0803,single,3,user24,D,D,1,1,1.0,1,Squats,True
oof,user24,training_0804,single,3,user24,B,C,1,1,1.0,1,Massaging oneself,False
oof,user24,training_0805,single,3,user24,C,B,1,1,1.0,1,Peeling fruit,False
oof,user24,training_0806,single,3,user24,D,D,2,2,0.5,2,Massaging oneself,True
oof,user24,training_0807,single,3,user24,C,C,3,4,0.3333333333333333,3,Combing hair,True
oof,user24,training_0808,single,3,user24,C,B,3,3,1.0,1,Walking,False
oof,user24,training_0809,single,2,user24,D,C,16,33,0.25,4,Taking medicine,False
oof,user24,training_0810,single,2,user24,A,C,12,29,0.4166666666666667,4,Stretching,False
oof,user24,training_0811,single,3,user24,C,D,2,2,0.5,2,Eating,False
oof,user24,training_1578,multi,3,user24,D,BC,1,1,1.0,1,Undressing|Watching TV,False
oof,user24,training_1579,multi,2,user24,B,A,7,33,0.7142857142857143,2,Stirring,False
oof,user24,training_1580,multi,2,user24,C,A,4,20,0.5,2,Using a phone,False
oof,user24,training_1581,multi,2,user24,AB,C,1,18,1.0,1,Folding clothes,False
oof,user24,training_1582,multi,2,user24,AC,D,8,31,0.375,4,Pouring,False
oof,user24,training_1583,multi,2,user24,ACD,B,3,23,0.6666666666666666,2,Wiping surface,False
oof,user24,training_1584,multi,2,user24,ACD,AC,13,40,0.23076923076923078,8,Peeling fruit|Eating,False
oof,user24,training_1585,multi,2,user24,ACD,C,15,46,0.26666666666666666,7,Eating,False
oof,user24,training_1586,multi,3,user24,C,C,1,2,1.0,1,Eating,True
oof,user24,training_1587,multi,2,user24,CD,BA,3,27,0.3333333333333333,3,Wiping surface|Taking medicine,False
oof,user24,training_1588,multi,2,user24,AD,D,2,19,0.5,2,Watching TV,False
oof,user24,training_1589,multi,2,user24,AC,D,6,35,0.8333333333333334,2,Sitting down,False
oof,user24,training_1590,multi,2,user24,AC,A,4,26,0.5,3,Typing on a keyboard,False
oof,user24,training_1591,multi,3,user24,ABCD,D,3,6,0.6666666666666666,2,Walking,False
oof,user24,training_1592,multi,3,user24,AD,A,3,3,0.3333333333333333,3,Walking,False
oof,user24,training_1593,multi,2,user24,ABC,B,6,27,0.6666666666666666,2,Using a phone,False
oof,user24,training_1594,multi,2,user24,D,C,8,55,0.5,4,Brushing teeth,False
oof,user24,training_1595,multi,3,user24,BD,C,2,2,0.5,2,Peeling fruit,False
oof,user24,training_1596,multi,2,user24,ACD,C,23,63,0.391304347826087,8,Walking,False
oof,user24,training_1597,multi,3,user24,ABC,B,1,3,1.0,1,Walking,False
oof,user24,training_1598,multi,3,user24,B,B,3,5,0.6666666666666666,2,Walking,True
oof,user24,training_1599,multi,2,user24,CD,CB,5,32,0.4,3,Massaging oneself|Wiping hands,False
oof,user24,training_1600,multi,3,user24,B,ABC,2,3,0.5,2,Taking medicine|Massaging oneself|Checking body temperature,False
oof,user24,training_1601,multi,2,user24,C,A,5,25,0.6,3,Typing on a keyboard,False
oof,user24,training_1602,multi,2,user24,A,A,11,28,0.2727272727272727,6,Standing up,True
oof,user24,training_1603,multi,2,user24,D,D,11,37,0.45454545454545453,6,Standing up,True
oof,user24,training_1604,multi,3,user24,BCD,D,4,5,0.25,4,Sitting down,False
oof,user24,training_1605,multi,3,user24,AD,BD,1,5,1.0,1,Undressing|Taking medicine,False
oof,user24,training_1606,multi,3,user24,AD,BC,2,3,1.0,1,Grabbing utensils|Peeling fruit,False
oof,user24,training_1607,multi,3,user24,CD,DCA,2,2,0.5,2,Taking medicine|Checking body temperature|Walking,False
oof,user24,training_1608,multi,3,user24,C,A,1,1,1.0,1,Sweeping,False
oof,user24,training_1609,multi,3,user24,ABD,D,1,1,1.0,1,Sitting down,False
oof,user24,training_1610,multi,3,user24,B,B,2,2,1.0,1,Walking,True
oof,user24,training_1611,multi,3,user24,AD,AB,4,4,0.5,3,Walking|Peeling fruit,False
oof,user24,training_1612,multi,3,user24,AB,DB,3,5,0.6666666666666666,2,Wiping surface|Walking,False
oof,user24,training_1613,multi,3,user24,C,A,2,3,0.5,2,Folding clothes,False
oof,user24,training_1614,multi,2,user24,A,D,16,41,0.25,8,Eating,False
oof,user24,training_1615,multi,2,user24,CD,B,10,33,0.3,4,Grabbing utensils,False
oof,user24,training_1616,multi,3,user24,D,C,2,6,1.0,1,Brushing teeth,False
oof,user24,training_1618,multi,2,user24,B,D,4,30,0.5,3,Grabbing utensils,False
oof,user24,training_1619,multi,3,user24,CD,D,2,4,0.5,2,Brushing teeth,False
oof,user24,training_1620,multi,3,user24,AC,A,1,1,1.0,1,Sitting down,False
oof,user24,training_1621,multi,3,user24,A,DCA,2,4,0.5,2,Stretching|Lying down|Walking,False
oof,user24,training_1622,multi,2,user24,AB,B,5,29,0.4,4,Listening to the music with headphones,False
oof,user24,training_2398,combination,2,user24,B,B,1,1,1.0,1,"Checking body temperature, Taking medicine",True
oof,user24,training_2700,sequence,3,user24,DBCA,DBAC,1,27,1.0,1,Walking|Sitting down|Typing on a keyboard|Turning a page,False
oof,user24,training_2702,sequence,3,user24,CABD,CADB,1,27,1.0,1,Walking|Sitting down|Typing on a keyboard|Turning a page,False
oof,user24,training_2718,sequence,3,user24,BCAD,BCAD,1,3,1.0,1,Washing face|Brushing teeth|Taking medicine|Checking body temperature,True
oof,user24,training_2719,sequence,3,user24,DBAC,DBAC,1,3,1.0,1,Washing face|Brushing teeth|Taking medicine|Checking body temperature,True
oof,user24,training_2720,sequence,3,user24,ABCD,ABCD,1,3,1.0,1,Washing face|Brushing teeth|Taking medicine|Checking body temperature,True
oof,user24,training_2721,sequence,3,user24,ACBD,ACBD,1,23,1.0,1,Walking|Sitting down|Listening to the music with headphones|Turning a page,True
oof,user24,training_2722,sequence,3,user24,BADC,BADC,1,16,1.0,1,Walking|Sitting down|Listening to the music with headphones|Reading,True
oof,user24,training_3490,emotion,2,user24,D,D,20,34,0.5,3,Calmly,True
oof,user24,training_3491,emotion,2,user24,C,A,12,26,0.5833333333333334,2,Calmly,False
oof,user24,training_3492,emotion,3,user24,D,B,1,1,1.0,1,Slowly,False
oof,user24,training_3493,emotion,2,user24,A,C,12,22,0.3333333333333333,4,Orderly,False
oof,user24,training_3494,emotion,2,user24,D,B,9,14,0.4444444444444444,3,Gently,False
oof,user24,training_3495,emotion,3,user24,B,A,5,5,0.4,4,Frantically,False
oof,user24,training_3496,emotion,3,user24,A,C,21,21,0.38095238095238093,4,Anxiously,False
oof,user24,training_3497,emotion,3,user24,D,B,15,15,0.4,3,Anxiously,False
oof,user24,training_3498,emotion,3,user24,A,A,15,15,0.4,3,Anxiously,True
oof,user24,training_3499,emotion,2,user24,D,D,1,11,1.0,1,Leisurely,True
oof,user24,training_3501,emotion,2,user24,D,D,1,10,1.0,1,Restlessly,True
oof,user24,training_3502,emotion,2,user24,C,D,26,44,0.4230769230769231,4,Hurriedly,False
oof,user24,training_3503,emotion,2,user24,A,A,10,15,0.4,4,Frantically,True
oof,user24,training_3504,emotion,3,user24,D,D,2,2,0.5,2,Naturally,True
oof,user24,training_3505,emotion,3,user24,B,B,8,8,0.375,3,Leisurely,True
oof,user24,training_3506,emotion,3,user24,B,B,6,6,0.5,3,Steadily,True
oof,user24,training_3507,emotion,3,user24,C,D,6,6,0.5,3,Steadily,False
oof,user24,training_3508,emotion,2,user24,D,D,26,43,0.5,4,Slowly,True
oof,user24,training_3509,emotion,3,user24,C,B,7,7,0.42857142857142855,3,Slowly,False
oof,user24,training_3510,emotion,2,user24,C,A,35,56,0.42857142857142855,4,Slowly,False
oof,user24,training_3511,emotion,2,user24,A,D,4,12,0.75,2,Patiently,False
oof,user24,training_3512,emotion,2,user24,D,B,1,10,1.0,1,Meticulously,False
oof,user24,training_3514,emotion,2,user24,C,B,6,15,0.5,3,Attentively,False
oof,user24,training_3515,emotion,2,user24,A,A,5,14,0.6,2,Attentively,True
oof,user24,training_3516,emotion,2,user24,B,C,14,31,0.35714285714285715,4,Smoothly,False
oof,user24,training_3517,emotion,3,user24,B,C,8,10,0.375,4,Anxiously,False
oof,user24,training_3518,emotion,3,user24,C,C,7,8,0.42857142857142855,4,Calmly,True
oof,user24,training_3519,emotion,3,user24,C,C,6,8,0.5,3,Anxiously,True
oof,user24,training_3520,emotion,2,user24,C,A,2,3,1.0,1,Tensely,False
oof,user24,training_3521,emotion,2,user24,B,D,1,2,1.0,1,Tensely,False
oof,user24,training_3522,emotion,2,user24,D,D,1,3,1.0,1,Tensely,True
oof,user24,training_3523,emotion,3,user24,D,B,1,1,1.0,1,Hurriedly,False
oof,user24,training_3524,emotion,3,user24,C,B,1,1,1.0,1,Hurriedly,False
oof,user24,training_3525,emotion,3,user24,A,A,1,1,1.0,1,Hurriedly,True
oof,user24,training_3526,emotion,3,user24,A,B,1,3,1.0,1,Steadily,False
oof,user24,training_3527,emotion,3,user24,B,C,1,5,1.0,1,Slowly,False
oof,user24,training_3528,emotion,2,user24,C,D,46,75,0.5217391304347826,3,Slowly,False
oof,user24,training_3529,emotion,3,user24,D,A,1,1,1.0,1,Steadily,False
oof,user24,training_3530,emotion,3,user24,C,B,2,3,0.5,2,Meticulously,False
oof,user24,training_3531,emotion,3,user24,B,B,1,1,1.0,1,Steadily,True
oof,user24,training_3532,emotion,3,user24,B,C,1,2,1.0,1,Impatiently,False
oof,user24,training_3533,emotion,3,user24,B,B,1,3,1.0,1,Impatiently,True
oof,user24,training_3534,emotion,3,user24,A,D,1,2,1.0,1,Impatiently,False
oof,user24,training_3613,single,3,user24,B,B,10,10,0.8,2,folding clothes,True
oof,user24,training_3614,single,3,user24,A,A,10,10,0.8,2,folding clothes,True
oof,user24,training_3632,single,2,user24,C,A,27,86,0.37037037037037035,3,doing squats,False
oof,user24,training_3648,single,3,user24,A,A,10,11,0.8,2,brushing their teeth,True
oof,user24,training_3649,single,3,user24,A,A,10,11,0.8,2,brushing their teeth,True
oof,user24,training_3676,single,3,user24,A,B,2,2,1.0,1,walking,False
oof,user24,training_3688,single,2,user24,C,A,26,70,0.38461538461538464,3,doing squats,False
oof,user24,training_3689,single,3,user24,B,A,7,8,0.8571428571428571,2,combing their hair,False
oof,user24,training_3694,single,3,user24,C,C,11,12,0.6363636363636364,3,using a smartphone,True
oof,user24,training_3703,single,3,user24,B,A,2,4,0.5,2,wiping a bowl,False
oof,user24,training_3704,single,3,user24,C,A,1,2,1.0,1,eating food,False
oof,user24,training_3705,single,3,user24,B,A,2,4,1.0,1,stirring a drink,False
oof,user24,training_3706,single,2,user24,B,C,21,80,0.38095238095238093,3,standing up,False
oof,user24,training_3707,single,3,user24,C,A,11,11,0.7272727272727273,2,combing their hair,False
oof,user24,training_3715,single,3,user24,A,A,2,2,1.0,1,using a smartphone,True
oof,user24,training_3716,single,3,user24,A,B,2,4,1.0,1,taking off their clothes,False
oof,user24,training_3724,single,3,user24,A,B,3,8,0.3333333333333333,3,making a phone call,False
oof,user24,training_3733,single,3,user24,C,C,1,2,1.0,1,jogging in place,True
oof,user24,training_3773,single,3,user24,A,A,10,11,0.8,2,doing stretching exercises,True
oof,user24,training_3774,single,3,user24,A,A,10,11,0.8,3,doing stretching exercises,True
oof,user24,training_3791,single,3,user24,A,A,6,7,0.5,3,lying down,True
oof,user24,training_3792,single,3,user24,A,A,7,8,0.8571428571428571,2,lying down,True
oof,user24,training_3793,single,3,user24,B,B,6,6,0.8333333333333334,2,lying down,True
oof,user24,training_3822,single,3,user24,B,B,1,3,1.0,1,walking,True
oof,user24,training_3823,single,3,user24,C,A,6,6,0.6666666666666666,2,lying down,False
oof,user24,training_3832,single,3,user24,B,B,9,10,0.7777777777777778,3,taking medicine,True
oof,user24,training_3852,single,3,user24,C,A,1,2,1.0,1,standing on one leg,False
oof,user24,training_3853,single,2,user24,C,B,23,82,0.34782608695652173,3,making a phone call,False
oof,user24,training_3854,single,2,user24,B,C,26,80,0.38461538461538464,3,doing squats,False
oof,user24,training_3889,single,3,user24,C,B,2,5,0.5,2,taking a selfie,False
oof,user24,training_3890,single,3,user24,A,C,1,2,1.0,1,opening the cabinet,False
oof,user24,training_3891,single,3,user24,A,C,3,5,0.6666666666666666,2,taking their body temperature,False
oof,user24,training_3892,single,3,user24,B,A,4,6,1.0,1,washing their face,False
oof,user24,training_3910,single,3,user24,C,A,2,5,0.5,2,writing,False
oof,user24,training_3980,object_interaction,3,user24,C,C,27,27,0.6666666666666666,2,a clothes,True
oof,user24,training_3981,object_interaction,3,user24,A,A,27,27,0.6666666666666666,2,a clothes,True
oof,user24,training_4007,object_interaction,3,user24,D,D,15,15,1.0,1,a documents,True
oof,user24,training_4008,object_interaction,3,user24,D,D,15,15,1.0,1,a documents,True
oof,user24,training_4017,object_interaction,3,user24,A,A,15,15,1.0,1,a documents,True
oof,user24,training_4018,object_interaction,3,user24,D,D,15,15,1.0,1,a documents,True
oof,user24,training_4019,object_interaction,3,user24,D,D,15,15,1.0,1,a documents,True
oof,user24,training_4025,object_interaction,3,user24,C,C,6,6,1.0,1,a headphones,True
oof,user24,training_4033,object_interaction,3,user24,B,B,14,18,0.8571428571428571,2,a phone,True
oof,user24,training_4041,object_interaction,3,user24,B,B,8,16,0.625,2,a remote,True
oof,user24,training_4042,object_interaction,3,user24,D,B,28,28,0.4642857142857143,3,a phone,False
oof,user24,training_4043,object_interaction,3,user24,A,C,17,19,0.7058823529411765,2,a phone,False
oof,user24,training_4044,object_interaction,3,user24,B,D,15,15,0.6,3,a phone,False
oof,user24,training_4045,object_interaction,3,user24,C,C,8,16,0.625,2,a remote,True
oof,user24,training_4052,object_interaction,3,user24,B,B,14,16,1.0,1,a smartphone,True
oof,user24,training_4053,object_interaction,3,user24,B,B,14,15,1.0,1,a smartphone,True
oof,user24,training_4054,object_interaction,3,user24,B,B,14,19,1.0,1,a smartphone,True
oof,user24,training_4055,object_interaction,3,user24,B,B,14,19,1.0,1,a smartphone,True
