[{"stream_name":"stdout","time":12.075956855,"data":"     ━━━━━━━━━━━━━━━━━━━━━━━━━━━━━━━━━━━━━━━ 780.4/780.4 MB 2.2 MB/s eta 0:00:00\n"}
,{"stream_name":"stdout","time":14.893499896,"data":"     ━━━━━━━━━━━━━━━━━━━━━━━━━━━━━━━━━━━━━━━━ 7.3/7.3 MB 111.2 MB/s eta 0:00:00\n"}
,{"stream_name":"stdout","time":15.399672799,"data":"     ━━━━━━━━━━━━━━━━━━━━━━━━━━━━━━━━━━━━━━━ 23.7/23.7 MB 119.4 MB/s eta 0:00:00\n"}
,{"stream_name":"stdout","time":15.546881119,"data":"     ━━━━━━━━━━━━━━━━━━━━━━━━━━━━━━━━━━━━━ 823.6/823.6 kB 231.6 MB/s eta 0:00:00\n"}
,{"stream_name":"stdout","time":15.731538127,"data":"     ━━━━━━━━━━━━━━━━━━━━━━━━━━━━━━━━━━━━━━━ 14.1/14.1 MB 124.9 MB/s eta 0:00:00\n"}
,{"stream_name":"stdout","time":23.036028721,"data":"     ━━━━━━━━━━━━━━━━━━━━━━━━━━━━━━━━━━━━━━━ 664.8/664.8 MB 2.7 MB/s eta 0:00:00\n"}
,{"stream_name":"stdout","time":28.962911752,"data":"     ━━━━━━━━━━━━━━━━━━━━━━━━━━━━━━━━━━━━━━ 410.6/410.6 MB 69.4 MB/s eta 0:00:00\n"}
,{"stream_name":"stdout","time":31.165436447,"data":"     ━━━━━━━━━━━━━━━━━━━━━━━━━━━━━━━━━━━━━━ 121.6/121.6 MB 91.4 MB/s eta 0:00:00\n"}
,{"stream_name":"stdout","time":31.998202342,"data":"     ━━━━━━━━━━━━━━━━━━━━━━━━━━━━━━━━━━━━━━━ 56.5/56.5 MB 121.6 MB/s eta 0:00:00\n"}
,{"stream_name":"stdout","time":33.223577593,"data":"     ━━━━━━━━━━━━━━━━━━━━━━━━━━━━━━━━━━━━━ 124.2/124.2 MB 113.6 MB/s eta 0:00:00\n"}
,{"stream_name":"stdout","time":35.124437472,"data":"     ━━━━━━━━━━━━━━━━━━━━━━━━━━━━━━━━━━━━━━ 196.0/196.0 MB 99.9 MB/s eta 0:00:00\n"}
,{"stream_name":"stdout","time":37.620415882,"data":"     ━━━━━━━━━━━━━━━━━━━━━━━━━━━━━━━━━━━━━━ 188.7/188.7 MB 93.4 MB/s eta 0:00:00\n"}
,{"stream_name":"stdout","time":38.24050853,"data":"     ━━━━━━━━━━━━━━━━━━━━━━━━━━━━━━━━━━━━━━━ 99.1/99.1 kB 117.6 MB/s eta 0:00:00\n"}
,{"stream_name":"stdout","time":42.317525732,"data":"     ━━━━━━━━━━━━━━━━━━━━━━━━━━━━━━━━━━━━━━━ 209.6/209.6 MB 3.3 MB/s eta 0:00:00\n"}
,{"stream_name":"stdout","time":43.2127172,"data":"   ━━━━━━━━━━━━━━━━━━━━━━━━━━━━━━━━━━━━━━━━ 6.2/6.2 MB 67.5 MB/s eta 0:00:00\n"}
,{"stream_name":"stderr","time":160.44489768,"data":"ERROR: pip's dependency resolver does not currently take into account all the packages that are installed. This behaviour is the source of the following dependency conflicts.\n"}
,{"stream_name":"stderr","time":160.444972126,"data":"torchaudio 2.10.0+cu128 requires torch==2.10.0, but you have torch 2.5.1+cu121 which is incompatible.\n"}
,{"stream_name":"stdout","time":162.349897327,"data":"     ━━━━━━━━━━━━━━━━━━━━━━━━━━━━━━━━━━━━━━━━ 44.0/44.0 kB 2.0 MB/s eta 0:00:00\n"}
,{"stream_name":"stdout","time":163.142132301,"data":"   ━━━━━━━━━━━━━━━━━━━━━━━━━━━━━━━━━━━━━━━━ 12.0/12.0 MB 93.9 MB/s eta 0:00:00\n"}
,{"stream_name":"stdout","time":163.171031699,"data":"   ━━━━━━━━━━━━━━━━━━━━━━━━━━━━━━━━━━━━━━━━ 566.4/566.4 kB 37.5 MB/s eta 0:00:00\n"}
,{"stream_name":"stdout","time":203.203360056,"data":"{\n"}
,{"stream_name":"stdout","time":203.203415509,"data":"  \"device\": \"cuda\",\n"}
,{"stream_name":"stdout","time":203.203423622,"data":"  \"hold_users\": [\n"}
,{"stream_name":"stdout","time":203.203429267,"data":"    \"user1\",\n"}
,{"stream_name":"stdout","time":203.203434598,"data":"    \"user16\",\n"}
,{"stream_name":"stdout","time":203.203459934,"data":"    \"user21\",\n"}
,{"stream_name":"stdout","time":203.203465622,"data":"    \"user24\"\n"}
,{"stream_name":"stdout","time":203.203471359,"data":"  ],\n"}
,{"stream_name":"stdout","time":203.203476611,"data":"  \"train_sessions\": 213,\n"}
,{"stream_name":"stdout","time":203.2034825,"data":"  \"valid_sessions\": 55\n"}
,{"stream_name":"stdout","time":203.20348777,"data":"}\n"}
,{"stream_name":"stderr","time":209.535638799,"data":"Some weights of VideoMAEForVideoClassification were not initialized from the model checkpoint at MCG-NJU/videomae-base-finetuned-kinetics and are newly initialized because the shapes did not match:\n"}
,{"stream_name":"stderr","time":209.535693532,"data":"- classifier.bias: found shape torch.Size([400]) in the checkpoint and torch.Size([5]) in the model instantiated\n"}
,{"stream_name":"stderr","time":209.535699206,"data":"- classifier.weight: found shape torch.Size([400, 768]) in the checkpoint and torch.Size([5, 768]) in the model instantiated\n"}
,{"stream_name":"stderr","time":209.53570273,"data":"You should probably TRAIN this model on a down-stream task to be able to use it for predictions and inference.\n"}
,{"stream_name":"stderr","time":209.817852575,"data":"/kaggle/src/script.py:265: FutureWarning: `torch.cuda.amp.GradScaler(args...)` is deprecated. Please use `torch.amp.GradScaler('cuda', args...)` instead.\n"}
,{"stream_name":"stderr","time":209.817892378,"data":"  scaler = torch.cuda.amp.GradScaler(enabled=DEVICE.type == \"cuda\")\n"}
,{"stream_name":"stderr","time":209.820207424,"data":"/kaggle/src/script.py:325: FutureWarning: `torch.cuda.amp.autocast(args...)` is deprecated. Please use `torch.amp.autocast('cuda', args...)` instead.\n"}
,{"stream_name":"stderr","time":209.82022659,"data":"  with torch.cuda.amp.autocast(enabled=DEVICE.type == \"cuda\", dtype=torch.float16):\n"}
,{"stream_name":"stderr","time":211.02979217,"data":"/kaggle/src/script.py:325: FutureWarning: `torch.cuda.amp.autocast(args...)` is deprecated. Please use `torch.amp.autocast('cuda', args...)` instead.\n"}
,{"stream_name":"stderr","time":211.029866386,"data":"  with torch.cuda.amp.autocast(enabled=DEVICE.type == \"cuda\", dtype=torch.float16):\n"}
,{"stream_name":"stderr","time":211.722248079,"data":"/kaggle/src/script.py:325: FutureWarning: `torch.cuda.amp.autocast(args...)` is deprecated. Please use `torch.amp.autocast('cuda', args...)` instead.\n"}
,{"stream_name":"stderr","time":211.722357132,"data":"  with torch.cuda.amp.autocast(enabled=DEVICE.type == \"cuda\", dtype=torch.float16):\n"}
,{"stream_name":"stderr","time":212.19532244,"data":"/kaggle/src/script.py:325: FutureWarning: `torch.cuda.amp.autocast(args...)` is deprecated. Please use `torch.amp.autocast('cuda', args...)` instead.\n"}
,{"stream_name":"stderr","time":212.19536169,"data":"  with torch.cuda.amp.autocast(enabled=DEVICE.type == \"cuda\", dtype=torch.float16):\n"}
,{"stream_name":"stderr","time":212.731574807,"data":"/kaggle/src/script.py:325: FutureWarning: `torch.cuda.amp.autocast(args...)` is deprecated. Please use `torch.amp.autocast('cuda', args...)` instead.\n"}
,{"stream_name":"stderr","time":212.731631337,"data":"  with torch.cuda.amp.autocast(enabled=DEVICE.type == \"cuda\", dtype=torch.float16):\n"}
,{"stream_name":"stderr","time":213.209234944,"data":"/kaggle/src/script.py:325: FutureWarning: `torch.cuda.amp.autocast(args...)` is deprecated. Please use `torch.amp.autocast('cuda', args...)` instead.\n"}
,{"stream_name":"stderr","time":213.209272429,"data":"  with torch.cuda.amp.autocast(enabled=DEVICE.type == \"cuda\", dtype=torch.float16):\n"}
,{"stream_name":"stderr","time":213.90640745,"data":"/kaggle/src/script.py:325: FutureWarning: `torch.cuda.amp.autocast(args...)` is deprecated. Please use `torch.amp.autocast('cuda', args...)` instead.\n"}
,{"stream_name":"stderr","time":213.90647337,"data":"  with torch.cuda.amp.autocast(enabled=DEVICE.type == \"cuda\", dtype=torch.float16):\n"}
,{"stream_name":"stderr","time":214.555660192,"data":"/kaggle/src/script.py:325: FutureWarning: `torch.cuda.amp.autocast(args...)` is deprecated. Please use `torch.amp.autocast('cuda', args...)` instead.\n"}
,{"stream_name":"stderr","time":214.555716072,"data":"  with torch.cuda.amp.autocast(enabled=DEVICE.type == \"cuda\", dtype=torch.float16):\n"}
,{"stream_name":"stderr","time":215.211862435,"data":"/kaggle/src/script.py:325: FutureWarning: `torch.cuda.amp.autocast(args...)` is deprecated. Please use `torch.amp.autocast('cuda', args...)` instead.\n"}
,{"stream_name":"stderr","time":215.211911802,"data":"  with torch.cuda.amp.autocast(enabled=DEVICE.type == \"cuda\", dtype=torch.float16):\n"}
,{"stream_name":"stderr","time":215.901657296,"data":"/kaggle/src/script.py:325: FutureWarning: `torch.cuda.amp.autocast(args...)` is deprecated. Please use `torch.amp.autocast('cuda', args...)` instead.\n"}
,{"stream_name":"stderr","time":215.901705849,"data":"  with torch.cuda.amp.autocast(enabled=DEVICE.type == \"cuda\", dtype=torch.float16):\n"}
,{"stream_name":"stdout","time":216.549684636,"data":"epoch=0 session=10/213 step=2 loss=2.6210 ce=1.6458 rank=0.8233 struct=1.3741\n"}
,{"stream_name":"stderr","time":216.550795488,"data":"/kaggle/src/script.py:325: FutureWarning: `torch.cuda.amp.autocast(args...)` is deprecated. Please use `torch.amp.autocast('cuda', args...)` instead.\n"}
,{"stream_name":"stderr","time":216.55081129,"data":"  with torch.cuda.amp.autocast(enabled=DEVICE.type == \"cuda\", dtype=torch.float16):\n"}
,{"stream_name":"stderr","time":217.208778746,"data":"/kaggle/src/script.py:325: FutureWarning: `torch.cuda.amp.autocast(args...)` is deprecated. Please use `torch.amp.autocast('cuda', args...)` instead.\n"}
,{"stream_name":"stderr","time":217.208820562,"data":"  with torch.cuda.amp.autocast(enabled=DEVICE.type == \"cuda\", dtype=torch.float16):\n"}
,{"stream_name":"stderr","time":217.866263761,"data":"/kaggle/src/script.py:325: FutureWarning: `torch.cuda.amp.autocast(args...)` is deprecated. Please use `torch.amp.autocast('cuda', args...)` instead.\n"}
,{"stream_name":"stderr","time":217.866324743,"data":"  with torch.cuda.amp.autocast(enabled=DEVICE.type == \"cuda\", dtype=torch.float16):\n"}
,{"stream_name":"stderr","time":218.514068224,"data":"/kaggle/src/script.py:325: FutureWarning: `torch.cuda.amp.autocast(args...)` is deprecated. Please use `torch.amp.autocast('cuda', args...)` instead.\n"}
,{"stream_name":"stderr","time":218.514125693,"data":"  with torch.cuda.amp.autocast(enabled=DEVICE.type == \"cuda\", dtype=torch.float16):\n"}
,{"stream_name":"stderr","time":218.977122426,"data":"/kaggle/src/script.py:325: FutureWarning: `torch.cuda.amp.autocast(args...)` is deprecated. Please use `torch.amp.autocast('cuda', args...)` instead.\n"}
,{"stream_name":"stderr","time":218.977164464,"data":"  with torch.cuda.amp.autocast(enabled=DEVICE.type == \"cuda\", dtype=torch.float16):\n"}
,{"stream_name":"stderr","time":219.458156654,"data":"/kaggle/src/script.py:325: FutureWarning: `torch.cuda.amp.autocast(args...)` is deprecated. Please use `torch.amp.autocast('cuda', args...)` instead.\n"}
,{"stream_name":"stderr","time":219.458188503,"data":"  with torch.cuda.amp.autocast(enabled=DEVICE.type == \"cuda\", dtype=torch.float16):\n"}
,{"stream_name":"stderr","time":219.948036628,"data":"/kaggle/src/script.py:325: FutureWarning: `torch.cuda.amp.autocast(args...)` is deprecated. Please use `torch.amp.autocast('cuda', args...)` instead.\n"}
,{"stream_name":"stderr","time":219.948080712,"data":"  with torch.cuda.amp.autocast(enabled=DEVICE.type == \"cuda\", dtype=torch.float16):\n"}
,{"stream_name":"stderr","time":220.409071091,"data":"/kaggle/src/script.py:325: FutureWarning: `torch.cuda.amp.autocast(args...)` is deprecated. Please use `torch.amp.autocast('cuda', args...)` instead.\n"}
,{"stream_name":"stderr","time":220.409110886,"data":"  with torch.cuda.amp.autocast(enabled=DEVICE.type == \"cuda\", dtype=torch.float16):\n"}
,{"stream_name":"stderr","time":221.050463759,"data":"/kaggle/src/script.py:325: FutureWarning: `torch.cuda.amp.autocast(args...)` is deprecated. Please use `torch.amp.autocast('cuda', args...)` instead.\n"}
,{"stream_name":"stderr","time":221.050515429,"data":"  with torch.cuda.amp.autocast(enabled=DEVICE.type == \"cuda\", dtype=torch.float16):\n"}
,{"stream_name":"stderr","time":221.718568386,"data":"/kaggle/src/script.py:325: FutureWarning: `torch.cuda.amp.autocast(args...)` is deprecated. Please use `torch.amp.autocast('cuda', args...)` instead.\n"}
,{"stream_name":"stderr","time":221.7186308,"data":"  with torch.cuda.amp.autocast(enabled=DEVICE.type == \"cuda\", dtype=torch.float16):\n"}
,{"stream_name":"stdout","time":222.213420724,"data":"epoch=0 session=20/213 step=5 loss=2.5648 ce=1.5817 rank=0.8446 struct=1.3750\n"}
,{"stream_name":"stderr","time":222.214478647,"data":"/kaggle/src/script.py:325: FutureWarning: `torch.cuda.amp.autocast(args...)` is deprecated. Please use `torch.amp.autocast('cuda', args...)` instead.\n"}
,{"stream_name":"stderr","time":222.214500989,"data":"  with torch.cuda.amp.autocast(enabled=DEVICE.type == \"cuda\", dtype=torch.float16):\n"}
,{"stream_name":"stderr","time":222.651554506,"data":"/kaggle/src/script.py:325: FutureWarning: `torch.cuda.amp.autocast(args...)` is deprecated. Please use `torch.amp.autocast('cuda', args...)` instead.\n"}
,{"stream_name":"stderr","time":222.651608626,"data":"  with torch.cuda.amp.autocast(enabled=DEVICE.type == \"cuda\", dtype=torch.float16):\n"}
,{"stream_name":"stderr","time":223.101949896,"data":"/kaggle/src/script.py:325: FutureWarning: `torch.cuda.amp.autocast(args...)` is deprecated. Please use `torch.amp.autocast('cuda', args...)` instead.\n"}
,{"stream_name":"stderr","time":223.101995971,"data":"  with torch.cuda.amp.autocast(enabled=DEVICE.type == \"cuda\", dtype=torch.float16):\n"}
,{"stream_name":"stderr","time":223.594938539,"data":"/kaggle/src/script.py:325: FutureWarning: `torch.cuda.amp.autocast(args...)` is deprecated. Please use `torch.amp.autocast('cuda', args...)` instead.\n"}
,{"stream_name":"stderr","time":223.59497593,"data":"  with torch.cuda.amp.autocast(enabled=DEVICE.type == \"cuda\", dtype=torch.float16):\n"}
,{"stream_name":"stderr","time":224.038174681,"data":"/kaggle/src/script.py:325: FutureWarning: `torch.cuda.amp.autocast(args...)` is deprecated. Please use `torch.amp.autocast('cuda', args...)` instead.\n"}
,{"stream_name":"stderr","time":224.03821523,"data":"  with torch.cuda.amp.autocast(enabled=DEVICE.type == \"cuda\", dtype=torch.float16):\n"}
,{"stream_name":"stderr","time":224.466998613,"data":"/kaggle/src/script.py:325: FutureWarning: `torch.cuda.amp.autocast(args...)` is deprecated. Please use `torch.amp.autocast('cuda', args...)` instead.\n"}
,{"stream_name":"stderr","time":224.467077572,"data":"  with torch.cuda.amp.autocast(enabled=DEVICE.type == \"cuda\", dtype=torch.float16):\n"}
,{"stream_name":"stderr","time":225.104563668,"data":"/kaggle/src/script.py:325: FutureWarning: `torch.cuda.amp.autocast(args...)` is deprecated. Please use `torch.amp.autocast('cuda', args...)` instead.\n"}
,{"stream_name":"stderr","time":225.104605044,"data":"  with torch.cuda.amp.autocast(enabled=DEVICE.type == \"cuda\", dtype=torch.float16):\n"}
,{"stream_name":"stderr","time":225.754016104,"data":"/kaggle/src/script.py:325: FutureWarning: `torch.cuda.amp.autocast(args...)` is deprecated. Please use `torch.amp.autocast('cuda', args...)` instead.\n"}
,{"stream_name":"stderr","time":225.75406296,"data":"  with torch.cuda.amp.autocast(enabled=DEVICE.type == \"cuda\", dtype=torch.float16):\n"}
,{"stream_name":"stderr","time":226.471164754,"data":"/kaggle/src/script.py:325: FutureWarning: `torch.cuda.amp.autocast(args...)` is deprecated. Please use `torch.amp.autocast('cuda', args...)` instead.\n"}
,{"stream_name":"stderr","time":226.471224421,"data":"  with torch.cuda.amp.autocast(enabled=DEVICE.type == \"cuda\", dtype=torch.float16):\n"}
,{"stream_name":"stderr","time":227.124150232,"data":"/kaggle/src/script.py:325: FutureWarning: `torch.cuda.amp.autocast(args...)` is deprecated. Please use `torch.amp.autocast('cuda', args...)` instead.\n"}
,{"stream_name":"stderr","time":227.12420628,"data":"  with torch.cuda.amp.autocast(enabled=DEVICE.type == \"cuda\", dtype=torch.float16):\n"}
,{"stream_name":"stdout","time":227.76073845,"data":"epoch=0 session=30/213 step=7 loss=2.4797 ce=1.5471 rank=0.8254 struct=1.2873\n"}
,{"stream_name":"stderr","time":227.761960595,"data":"/kaggle/src/script.py:325: FutureWarning: `torch.cuda.amp.autocast(args...)` is deprecated. Please use `torch.amp.autocast('cuda', args...)` instead.\n"}
,{"stream_name":"stderr","time":227.761977347,"data":"  with torch.cuda.amp.autocast(enabled=DEVICE.type == \"cuda\", dtype=torch.float16):\n"}
,{"stream_name":"stderr","time":228.395723812,"data":"/kaggle/src/script.py:325: FutureWarning: `torch.cuda.amp.autocast(args...)` is deprecated. Please use `torch.amp.autocast('cuda', args...)` instead.\n"}
,{"stream_name":"stderr","time":228.395768285,"data":"  with torch.cuda.amp.autocast(enabled=DEVICE.type == \"cuda\", dtype=torch.float16):\n"}
,{"stream_name":"stderr","time":229.082367573,"data":"/kaggle/src/script.py:325: FutureWarning: `torch.cuda.amp.autocast(args...)` is deprecated. Please use `torch.amp.autocast('cuda', args...)` instead.\n"}
,{"stream_name":"stderr","time":229.082409985,"data":"  with torch.cuda.amp.autocast(enabled=DEVICE.type == \"cuda\", dtype=torch.float16):\n"}
,{"stream_name":"stderr","time":229.742973523,"data":"/kaggle/src/script.py:325: FutureWarning: `torch.cuda.amp.autocast(args...)` is deprecated. Please use `torch.amp.autocast('cuda', args...)` instead.\n"}
,{"stream_name":"stderr","time":229.743014339,"data":"  with torch.cuda.amp.autocast(enabled=DEVICE.type == \"cuda\", dtype=torch.float16):\n"}
,{"stream_name":"stderr","time":230.202226841,"data":"/kaggle/src/script.py:325: FutureWarning: `torch.cuda.amp.autocast(args...)` is deprecated. Please use `torch.amp.autocast('cuda', args...)` instead.\n"}
,{"stream_name":"stderr","time":230.202272152,"data":"  with torch.cuda.amp.autocast(enabled=DEVICE.type == \"cuda\", dtype=torch.float16):\n"}
,{"stream_name":"stderr","time":230.8371156,"data":"/kaggle/src/script.py:325: FutureWarning: `torch.cuda.amp.autocast(args...)` is deprecated. Please use `torch.amp.autocast('cuda', args...)` instead.\n"}
,{"stream_name":"stderr","time":230.837169968,"data":"  with torch.cuda.amp.autocast(enabled=DEVICE.type == \"cuda\", dtype=torch.float16):\n"}
,{"stream_name":"stderr","time":231.374801729,"data":"/kaggle/src/script.py:325: FutureWarning: `torch.cuda.amp.autocast(args...)` is deprecated. Please use `torch.amp.autocast('cuda', args...)` instead.\n"}
,{"stream_name":"stderr","time":231.374842379,"data":"  with torch.cuda.amp.autocast(enabled=DEVICE.type == \"cuda\", dtype=torch.float16):\n"}
,{"stream_name":"stderr","time":232.001704244,"data":"/kaggle/src/script.py:325: FutureWarning: `torch.cuda.amp.autocast(args...)` is deprecated. Please use `torch.amp.autocast('cuda', args...)` instead.\n"}
,{"stream_name":"stderr","time":232.001755181,"data":"  with torch.cuda.amp.autocast(enabled=DEVICE.type == \"cuda\", dtype=torch.float16):\n"}
,{"stream_name":"stderr","time":232.490879032,"data":"/kaggle/src/script.py:325: FutureWarning: `torch.cuda.amp.autocast(args...)` is deprecated. Please use `torch.amp.autocast('cuda', args...)` instead.\n"}
,{"stream_name":"stderr","time":232.490920925,"data":"  with torch.cuda.amp.autocast(enabled=DEVICE.type == \"cuda\", dtype=torch.float16):\n"}
,{"stream_name":"stderr","time":232.946362854,"data":"/kaggle/src/script.py:325: FutureWarning: `torch.cuda.amp.autocast(args...)` is deprecated. Please use `torch.amp.autocast('cuda', args...)` instead.\n"}
,{"stream_name":"stderr","time":232.946408569,"data":"  with torch.cuda.amp.autocast(enabled=DEVICE.type == \"cuda\", dtype=torch.float16):\n"}
,{"stream_name":"stdout","time":233.392697965,"data":"epoch=0 session=40/213 step=10 loss=2.5979 ce=1.5874 rank=0.8174 struct=1.4489\n"}
,{"stream_name":"stderr","time":233.39389483,"data":"/kaggle/src/script.py:325: FutureWarning: `torch.cuda.amp.autocast(args...)` is deprecated. Please use `torch.amp.autocast('cuda', args...)` instead.\n"}
,{"stream_name":"stderr","time":233.393912154,"data":"  with torch.cuda.amp.autocast(enabled=DEVICE.type == \"cuda\", dtype=torch.float16):\n"}
,{"stream_name":"stderr","time":233.849756273,"data":"/kaggle/src/script.py:325: FutureWarning: `torch.cuda.amp.autocast(args...)` is deprecated. Please use `torch.amp.autocast('cuda', args...)` instead.\n"}
,{"stream_name":"stderr","time":233.849797606,"data":"  with torch.cuda.amp.autocast(enabled=DEVICE.type == \"cuda\", dtype=torch.float16):\n"}
,{"stream_name":"stderr","time":234.463389757,"data":"/kaggle/src/script.py:325: FutureWarning: `torch.cuda.amp.autocast(args...)` is deprecated. Please use `torch.amp.autocast('cuda', args...)` instead.\n"}
,{"stream_name":"stderr","time":234.463431068,"data":"  with torch.cuda.amp.autocast(enabled=DEVICE.type == \"cuda\", dtype=torch.float16):\n"}
,{"stream_name":"stderr","time":234.923775179,"data":"/kaggle/src/script.py:325: FutureWarning: `torch.cuda.amp.autocast(args...)` is deprecated. Please use `torch.amp.autocast('cuda', args...)` instead.\n"}
,{"stream_name":"stderr","time":234.923814435,"data":"  with torch.cuda.amp.autocast(enabled=DEVICE.type == \"cuda\", dtype=torch.float16):\n"}
,{"stream_name":"stderr","time":235.562511187,"data":"/kaggle/src/script.py:325: FutureWarning: `torch.cuda.amp.autocast(args...)` is deprecated. Please use `torch.amp.autocast('cuda', args...)` instead.\n"}
,{"stream_name":"stderr","time":235.562549645,"data":"  with torch.cuda.amp.autocast(enabled=DEVICE.type == \"cuda\", dtype=torch.float16):\n"}
,{"stream_name":"stderr","time":236.238518999,"data":"/kaggle/src/script.py:325: FutureWarning: `torch.cuda.amp.autocast(args...)` is deprecated. Please use `torch.amp.autocast('cuda', args...)` instead.\n"}
,{"stream_name":"stderr","time":236.238582886,"data":"  with torch.cuda.amp.autocast(enabled=DEVICE.type == \"cuda\", dtype=torch.float16):\n"}
,{"stream_name":"stderr","time":236.686960525,"data":"/kaggle/src/script.py:325: FutureWarning: `torch.cuda.amp.autocast(args...)` is deprecated. Please use `torch.amp.autocast('cuda', args...)` instead.\n"}
,{"stream_name":"stderr","time":236.687019951,"data":"  with torch.cuda.amp.autocast(enabled=DEVICE.type == \"cuda\", dtype=torch.float16):\n"}
,{"stream_name":"stderr","time":237.362866733,"data":"/kaggle/src/script.py:325: FutureWarning: `torch.cuda.amp.autocast(args...)` is deprecated. Please use `torch.amp.autocast('cuda', args...)` instead.\n"}
,{"stream_name":"stderr","time":237.362902793,"data":"  with torch.cuda.amp.autocast(enabled=DEVICE.type == \"cuda\", dtype=torch.float16):\n"}
,{"stream_name":"stderr","time":238.053703573,"data":"/kaggle/src/script.py:325: FutureWarning: `torch.cuda.amp.autocast(args...)` is deprecated. Please use `torch.amp.autocast('cuda', args...)` instead.\n"}
,{"stream_name":"stderr","time":238.053749816,"data":"  with torch.cuda.amp.autocast(enabled=DEVICE.type == \"cuda\", dtype=torch.float16):\n"}
,{"stream_name":"stderr","time":238.528892208,"data":"/kaggle/src/script.py:325: FutureWarning: `torch.cuda.amp.autocast(args...)` is deprecated. Please use `torch.amp.autocast('cuda', args...)` instead.\n"}
,{"stream_name":"stderr","time":238.528947932,"data":"  with torch.cuda.amp.autocast(enabled=DEVICE.type == \"cuda\", dtype=torch.float16):\n"}
,{"stream_name":"stdout","time":239.192977721,"data":"epoch=0 session=50/213 step=12 loss=2.4310 ce=1.5516 rank=0.8342 struct=1.1748\n"}
,{"stream_name":"stderr","time":239.194049575,"data":"/kaggle/src/script.py:325: FutureWarning: `torch.cuda.amp.autocast(args...)` is deprecated. Please use `torch.amp.autocast('cuda', args...)` instead.\n"}
,{"stream_name":"stderr","time":239.194077092,"data":"  with torch.cuda.amp.autocast(enabled=DEVICE.type == \"cuda\", dtype=torch.float16):\n"}
,{"stream_name":"stderr","time":239.656334689,"data":"/kaggle/src/script.py:325: FutureWarning: `torch.cuda.amp.autocast(args...)` is deprecated. Please use `torch.amp.autocast('cuda', args...)` instead.\n"}
,{"stream_name":"stderr","time":239.656372392,"data":"  with torch.cuda.amp.autocast(enabled=DEVICE.type == \"cuda\", dtype=torch.float16):\n"}
,{"stream_name":"stderr","time":240.100047314,"data":"/kaggle/src/script.py:325: FutureWarning: `torch.cuda.amp.autocast(args...)` is deprecated. Please use `torch.amp.autocast('cuda', args...)` instead.\n"}
,{"stream_name":"stderr","time":240.100090316,"data":"  with torch.cuda.amp.autocast(enabled=DEVICE.type == \"cuda\", dtype=torch.float16):\n"}
,{"stream_name":"stderr","time":240.563485261,"data":"/kaggle/src/script.py:325: FutureWarning: `torch.cuda.amp.autocast(args...)` is deprecated. Please use `torch.amp.autocast('cuda', args...)` instead.\n"}
,{"stream_name":"stderr","time":240.563523969,"data":"  with torch.cuda.amp.autocast(enabled=DEVICE.type == \"cuda\", dtype=torch.float16):\n"}
,{"stream_name":"stderr","time":241.004698686,"data":"/kaggle/src/script.py:325: FutureWarning: `torch.cuda.amp.autocast(args...)` is deprecated. Please use `torch.amp.autocast('cuda', args...)` instead.\n"}
,{"stream_name":"stderr","time":241.004731363,"data":"  with torch.cuda.amp.autocast(enabled=DEVICE.type == \"cuda\", dtype=torch.float16):\n"}
,{"stream_name":"stderr","time":241.657513417,"data":"/kaggle/src/script.py:325: FutureWarning: `torch.cuda.amp.autocast(args...)` is deprecated. Please use `torch.amp.autocast('cuda', args...)` instead.\n"}
,{"stream_name":"stderr","time":241.65756394,"data":"  with torch.cuda.amp.autocast(enabled=DEVICE.type == \"cuda\", dtype=torch.float16):\n"}
,{"stream_name":"stderr","time":242.295028794,"data":"/kaggle/src/script.py:325: FutureWarning: `torch.cuda.amp.autocast(args...)` is deprecated. Please use `torch.amp.autocast('cuda', args...)` instead.\n"}
,{"stream_name":"stderr","time":242.295069833,"data":"  with torch.cuda.amp.autocast(enabled=DEVICE.type == \"cuda\", dtype=torch.float16):\n"}
,{"stream_name":"stderr","time":242.742001189,"data":"/kaggle/src/script.py:325: FutureWarning: `torch.cuda.amp.autocast(args...)` is deprecated. Please use `torch.amp.autocast('cuda', args...)` instead.\n"}
,{"stream_name":"stderr","time":242.742040167,"data":"  with torch.cuda.amp.autocast(enabled=DEVICE.type == \"cuda\", dtype=torch.float16):\n"}
,{"stream_name":"stderr","time":243.439842337,"data":"/kaggle/src/script.py:325: FutureWarning: `torch.cuda.amp.autocast(args...)` is deprecated. Please use `torch.amp.autocast('cuda', args...)` instead.\n"}
,{"stream_name":"stderr","time":243.43989308,"data":"  with torch.cuda.amp.autocast(enabled=DEVICE.type == \"cuda\", dtype=torch.float16):\n"}
,{"stream_name":"stderr","time":244.080960413,"data":"/kaggle/src/script.py:325: FutureWarning: `torch.cuda.amp.autocast(args...)` is deprecated. Please use `torch.amp.autocast('cuda', args...)` instead.\n"}
,{"stream_name":"stderr","time":244.081001166,"data":"  with torch.cuda.amp.autocast(enabled=DEVICE.type == \"cuda\", dtype=torch.float16):\n"}
,{"stream_name":"stdout","time":244.54483808,"data":"epoch=0 session=60/213 step=15 loss=2.4207 ce=1.4978 rank=0.8353 struct=1.2612\n"}
,{"stream_name":"stderr","time":244.545990624,"data":"/kaggle/src/script.py:325: FutureWarning: `torch.cuda.amp.autocast(args...)` is deprecated. Please use `torch.amp.autocast('cuda', args...)` instead.\n"}
,{"stream_name":"stderr","time":244.546014874,"data":"  with torch.cuda.amp.autocast(enabled=DEVICE.type == \"cuda\", dtype=torch.float16):\n"}
,{"stream_name":"stderr","time":245.180849811,"data":"/kaggle/src/script.py:325: FutureWarning: `torch.cuda.amp.autocast(args...)` is deprecated. Please use `torch.amp.autocast('cuda', args...)` instead.\n"}
,{"stream_name":"stderr","time":245.180894227,"data":"  with torch.cuda.amp.autocast(enabled=DEVICE.type == \"cuda\", dtype=torch.float16):\n"}
,{"stream_name":"stderr","time":245.828356035,"data":"/kaggle/src/script.py:325: FutureWarning: `torch.cuda.amp.autocast(args...)` is deprecated. Please use `torch.amp.autocast('cuda', args...)` instead.\n"}
,{"stream_name":"stderr","time":245.828388548,"data":"  with torch.cuda.amp.autocast(enabled=DEVICE.type == \"cuda\", dtype=torch.float16):\n"}
,{"stream_name":"stderr","time":246.252571482,"data":"/kaggle/src/script.py:325: FutureWarning: `torch.cuda.amp.autocast(args...)` is deprecated. Please use `torch.amp.autocast('cuda', args...)` instead.\n"}
,{"stream_name":"stderr","time":246.252610626,"data":"  with torch.cuda.amp.autocast(enabled=DEVICE.type == \"cuda\", dtype=torch.float16):\n"}
,{"stream_name":"stderr","time":246.872041068,"data":"/kaggle/src/script.py:325: FutureWarning: `torch.cuda.amp.autocast(args...)` is deprecated. Please use `torch.amp.autocast('cuda', args...)` instead.\n"}
,{"stream_name":"stderr","time":246.873260913,"data":"  with torch.cuda.amp.autocast(enabled=DEVICE.type == \"cuda\", dtype=torch.float16):\n"}
,{"stream_name":"stderr","time":247.327461608,"data":"/kaggle/src/script.py:325: FutureWarning: `torch.cuda.amp.autocast(args...)` is deprecated. Please use `torch.amp.autocast('cuda', args...)` instead.\n"}
,{"stream_name":"stderr","time":247.327501092,"data":"  with torch.cuda.amp.autocast(enabled=DEVICE.type == \"cuda\", dtype=torch.float16):\n"}
,{"stream_name":"stderr","time":247.782731305,"data":"/kaggle/src/script.py:325: FutureWarning: `torch.cuda.amp.autocast(args...)` is deprecated. Please use `torch.amp.autocast('cuda', args...)` instead.\n"}
,{"stream_name":"stderr","time":247.782773994,"data":"  with torch.cuda.amp.autocast(enabled=DEVICE.type == \"cuda\", dtype=torch.float16):\n"}
,{"stream_name":"stderr","time":248.444326263,"data":"/kaggle/src/script.py:325: FutureWarning: `torch.cuda.amp.autocast(args...)` is deprecated. Please use `torch.amp.autocast('cuda', args...)` instead.\n"}
,{"stream_name":"stderr","time":248.444400467,"data":"  with torch.cuda.amp.autocast(enabled=DEVICE.type == \"cuda\", dtype=torch.float16):\n"}
,{"stream_name":"stderr","time":248.935060318,"data":"/kaggle/src/script.py:325: FutureWarning: `torch.cuda.amp.autocast(args...)` is deprecated. Please use `torch.amp.autocast('cuda', args...)` instead.\n"}
,{"stream_name":"stderr","time":248.935107372,"data":"  with torch.cuda.amp.autocast(enabled=DEVICE.type == \"cuda\", dtype=torch.float16):\n"}
,{"stream_name":"stderr","time":249.396633268,"data":"/kaggle/src/script.py:325: FutureWarning: `torch.cuda.amp.autocast(args...)` is deprecated. Please use `torch.amp.autocast('cuda', args...)` instead.\n"}
,{"stream_name":"stderr","time":249.396673704,"data":"  with torch.cuda.amp.autocast(enabled=DEVICE.type == \"cuda\", dtype=torch.float16):\n"}
,{"stream_name":"stdout","time":249.851381542,"data":"epoch=0 session=70/213 step=17 loss=2.4059 ce=1.5044 rank=0.7992 struct=1.2436\n"}
,{"stream_name":"stderr","time":249.852630131,"data":"/kaggle/src/script.py:325: FutureWarning: `torch.cuda.amp.autocast(args...)` is deprecated. Please use `torch.amp.autocast('cuda', args...)` instead.\n"}
,{"stream_name":"stderr","time":249.852650491,"data":"  with torch.cuda.amp.autocast(enabled=DEVICE.type == \"cuda\", dtype=torch.float16):\n"}
,{"stream_name":"stderr","time":250.309152147,"data":"/kaggle/src/script.py:325: FutureWarning: `torch.cuda.amp.autocast(args...)` is deprecated. Please use `torch.amp.autocast('cuda', args...)` instead.\n"}
,{"stream_name":"stderr","time":250.309195122,"data":"  with torch.cuda.amp.autocast(enabled=DEVICE.type == \"cuda\", dtype=torch.float16):\n"}
,{"stream_name":"stderr","time":250.914123804,"data":"/kaggle/src/script.py:325: FutureWarning: `torch.cuda.amp.autocast(args...)` is deprecated. Please use `torch.amp.autocast('cuda', args...)` instead.\n"}
,{"stream_name":"stderr","time":250.914156676,"data":"  with torch.cuda.amp.autocast(enabled=DEVICE.type == \"cuda\", dtype=torch.float16):\n"}
,{"stream_name":"stderr","time":251.380278515,"data":"/kaggle/src/script.py:325: FutureWarning: `torch.cuda.amp.autocast(args...)` is deprecated. Please use `torch.amp.autocast('cuda', args...)` instead.\n"}
,{"stream_name":"stderr","time":251.380352553,"data":"  with torch.cuda.amp.autocast(enabled=DEVICE.type == \"cuda\", dtype=torch.float16):\n"}
,{"stream_name":"stderr","time":251.88325193,"data":"/kaggle/src/script.py:325: FutureWarning: `torch.cuda.amp.autocast(args...)` is deprecated. Please use `torch.amp.autocast('cuda', args...)` instead.\n"}
,{"stream_name":"stderr","time":251.88332571,"data":"  with torch.cuda.amp.autocast(enabled=DEVICE.type == \"cuda\", dtype=torch.float16):\n"}
,{"stream_name":"stderr","time":252.494054419,"data":"/kaggle/src/script.py:325: FutureWarning: `torch.cuda.amp.autocast(args...)` is deprecated. Please use `torch.amp.autocast('cuda', args...)` instead.\n"}
,{"stream_name":"stderr","time":252.494093751,"data":"  with torch.cuda.amp.autocast(enabled=DEVICE.type == \"cuda\", dtype=torch.float16):\n"}
,{"stream_name":"stderr","time":253.149741195,"data":"/kaggle/src/script.py:325: FutureWarning: `torch.cuda.amp.autocast(args...)` is deprecated. Please use `torch.amp.autocast('cuda', args...)` instead.\n"}
,{"stream_name":"stderr","time":253.14979499,"data":"  with torch.cuda.amp.autocast(enabled=DEVICE.type == \"cuda\", dtype=torch.float16):\n"}
,{"stream_name":"stderr","time":253.826598466,"data":"/kaggle/src/script.py:325: FutureWarning: `torch.cuda.amp.autocast(args...)` is deprecated. Please use `torch.amp.autocast('cuda', args...)` instead.\n"}
,{"stream_name":"stderr","time":253.826643951,"data":"  with torch.cuda.amp.autocast(enabled=DEVICE.type == \"cuda\", dtype=torch.float16):\n"}
,{"stream_name":"stderr","time":254.454503599,"data":"/kaggle/src/script.py:325: FutureWarning: `torch.cuda.amp.autocast(args...)` is deprecated. Please use `torch.amp.autocast('cuda', args...)` instead.\n"}
,{"stream_name":"stderr","time":254.454549609,"data":"  with torch.cuda.amp.autocast(enabled=DEVICE.type == \"cuda\", dtype=torch.float16):\n"}
,{"stream_name":"stderr","time":255.014238114,"data":"/kaggle/src/script.py:325: FutureWarning: `torch.cuda.amp.autocast(args...)` is deprecated. Please use `torch.amp.autocast('cuda', args...)` instead.\n"}
,{"stream_name":"stderr","time":255.014317019,"data":"  with torch.cuda.amp.autocast(enabled=DEVICE.type == \"cuda\", dtype=torch.float16):\n"}
,{"stream_name":"stdout","time":255.457075147,"data":"epoch=0 session=80/213 step=20 loss=2.1624 ce=1.4021 rank=0.8028 struct=0.9585\n"}
,{"stream_name":"stderr","time":255.458255019,"data":"/kaggle/src/script.py:325: FutureWarning: `torch.cuda.amp.autocast(args...)` is deprecated. Please use `torch.amp.autocast('cuda', args...)` instead.\n"}
,{"stream_name":"stderr","time":255.458270489,"data":"  with torch.cuda.amp.autocast(enabled=DEVICE.type == \"cuda\", dtype=torch.float16):\n"}
,{"stream_name":"stderr","time":256.194401003,"data":"/kaggle/src/script.py:325: FutureWarning: `torch.cuda.amp.autocast(args...)` is deprecated. Please use `torch.amp.autocast('cuda', args...)` instead.\n"}
,{"stream_name":"stderr","time":256.194442135,"data":"  with torch.cuda.amp.autocast(enabled=DEVICE.type == \"cuda\", dtype=torch.float16):\n"}
,{"stream_name":"stderr","time":256.841838523,"data":"/kaggle/src/script.py:325: FutureWarning: `torch.cuda.amp.autocast(args...)` is deprecated. Please use `torch.amp.autocast('cuda', args...)` instead.\n"}
,{"stream_name":"stderr","time":256.841933532,"data":"  with torch.cuda.amp.autocast(enabled=DEVICE.type == \"cuda\", dtype=torch.float16):\n"}
,{"stream_name":"stderr","time":257.475930782,"data":"/kaggle/src/script.py:325: FutureWarning: `torch.cuda.amp.autocast(args...)` is deprecated. Please use `torch.amp.autocast('cuda', args...)` instead.\n"}
,{"stream_name":"stderr","time":257.476049879,"data":"  with torch.cuda.amp.autocast(enabled=DEVICE.type == \"cuda\", dtype=torch.float16):\n"}
,{"stream_name":"stderr","time":257.958373672,"data":"/kaggle/src/script.py:325: FutureWarning: `torch.cuda.amp.autocast(args...)` is deprecated. Please use `torch.amp.autocast('cuda', args...)` instead.\n"}
,{"stream_name":"stderr","time":257.958427881,"data":"  with torch.cuda.amp.autocast(enabled=DEVICE.type == \"cuda\", dtype=torch.float16):\n"}
,{"stream_name":"stderr","time":258.417008973,"data":"/kaggle/src/script.py:325: FutureWarning: `torch.cuda.amp.autocast(args...)` is deprecated. Please use `torch.amp.autocast('cuda', args...)` instead.\n"}
,{"stream_name":"stderr","time":258.417053446,"data":"  with torch.cuda.amp.autocast(enabled=DEVICE.type == \"cuda\", dtype=torch.float16):\n"}
,{"stream_name":"stderr","time":258.839852307,"data":"/kaggle/src/script.py:325: FutureWarning: `torch.cuda.amp.autocast(args...)` is deprecated. Please use `torch.amp.autocast('cuda', args...)` instead.\n"}
,{"stream_name":"stderr","time":258.839890334,"data":"  with torch.cuda.amp.autocast(enabled=DEVICE.type == \"cuda\", dtype=torch.float16):\n"}
,{"stream_name":"stderr","time":259.2945721,"data":"/kaggle/src/script.py:325: FutureWarning: `torch.cuda.amp.autocast(args...)` is deprecated. Please use `torch.amp.autocast('cuda', args...)` instead.\n"}
,{"stream_name":"stderr","time":259.294613759,"data":"  with torch.cuda.amp.autocast(enabled=DEVICE.type == \"cuda\", dtype=torch.float16):\n"}
,{"stream_name":"stderr","time":259.757168174,"data":"/kaggle/src/script.py:325: FutureWarning: `torch.cuda.amp.autocast(args...)` is deprecated. Please use `torch.amp.autocast('cuda', args...)` instead.\n"}
,{"stream_name":"stderr","time":259.757249313,"data":"  with torch.cuda.amp.autocast(enabled=DEVICE.type == \"cuda\", dtype=torch.float16):\n"}
,{"stream_name":"stderr","time":260.379067969,"data":"/kaggle/src/script.py:325: FutureWarning: `torch.cuda.amp.autocast(args...)` is deprecated. Please use `torch.amp.autocast('cuda', args...)` instead.\n"}
,{"stream_name":"stderr","time":260.379115044,"data":"  with torch.cuda.amp.autocast(enabled=DEVICE.type == \"cuda\", dtype=torch.float16):\n"}
,{"stream_name":"stdout","time":260.858711735,"data":"epoch=0 session=90/213 step=22 loss=2.6961 ce=1.6774 rank=0.8665 struct=1.4308\n"}
,{"stream_name":"stderr","time":260.859963743,"data":"/kaggle/src/script.py:325: FutureWarning: `torch.cuda.amp.autocast(args...)` is deprecated. Please use `torch.amp.autocast('cuda', args...)` instead.\n"}
,{"stream_name":"stderr","time":260.860007792,"data":"  with torch.cuda.amp.autocast(enabled=DEVICE.type == \"cuda\", dtype=torch.float16):\n"}
,{"stream_name":"stderr","time":261.573105012,"data":"/kaggle/src/script.py:325: FutureWarning: `torch.cuda.amp.autocast(args...)` is deprecated. Please use `torch.amp.autocast('cuda', args...)` instead.\n"}
,{"stream_name":"stderr","time":261.573163186,"data":"  with torch.cuda.amp.autocast(enabled=DEVICE.type == \"cuda\", dtype=torch.float16):\n"}
,{"stream_name":"stderr","time":262.058230373,"data":"/kaggle/src/script.py:325: FutureWarning: `torch.cuda.amp.autocast(args...)` is deprecated. Please use `torch.amp.autocast('cuda', args...)` instead.\n"}
,{"stream_name":"stderr","time":262.058274029,"data":"  with torch.cuda.amp.autocast(enabled=DEVICE.type == \"cuda\", dtype=torch.float16):\n"}
,{"stream_name":"stderr","time":262.49316696,"data":"/kaggle/src/script.py:325: FutureWarning: `torch.cuda.amp.autocast(args...)` is deprecated. Please use `torch.amp.autocast('cuda', args...)` instead.\n"}
,{"stream_name":"stderr","time":262.493234063,"data":"  with torch.cuda.amp.autocast(enabled=DEVICE.type == \"cuda\", dtype=torch.float16):\n"}
,{"stream_name":"stderr","time":262.940898348,"data":"/kaggle/src/script.py:325: FutureWarning: `torch.cuda.amp.autocast(args...)` is deprecated. Please use `torch.amp.autocast('cuda', args...)` instead.\n"}
,{"stream_name":"stderr","time":262.940944769,"data":"  with torch.cuda.amp.autocast(enabled=DEVICE.type == \"cuda\", dtype=torch.float16):\n"}
,{"stream_name":"stderr","time":263.369783922,"data":"/kaggle/src/script.py:325: FutureWarning: `torch.cuda.amp.autocast(args...)` is deprecated. Please use `torch.amp.autocast('cuda', args...)` instead.\n"}
,{"stream_name":"stderr","time":263.369826923,"data":"  with torch.cuda.amp.autocast(enabled=DEVICE.type == \"cuda\", dtype=torch.float16):\n"}
,{"stream_name":"stderr","time":263.917615875,"data":"/kaggle/src/script.py:325: FutureWarning: `torch.cuda.amp.autocast(args...)` is deprecated. Please use `torch.amp.autocast('cuda', args...)` instead.\n"}
,{"stream_name":"stderr","time":263.917669838,"data":"  with torch.cuda.amp.autocast(enabled=DEVICE.type == \"cuda\", dtype=torch.float16):\n"}
,{"stream_name":"stderr","time":264.559541161,"data":"/kaggle/src/script.py:325: FutureWarning: `torch.cuda.amp.autocast(args...)` is deprecated. Please use `torch.amp.autocast('cuda', args...)` instead.\n"}
,{"stream_name":"stderr","time":264.55957279,"data":"  with torch.cuda.amp.autocast(enabled=DEVICE.type == \"cuda\", dtype=torch.float16):\n"}
,{"stream_name":"stderr","time":264.99493941,"data":"/kaggle/src/script.py:325: FutureWarning: `torch.cuda.amp.autocast(args...)` is deprecated. Please use `torch.amp.autocast('cuda', args...)` instead.\n"}
,{"stream_name":"stderr","time":264.99499669,"data":"  with torch.cuda.amp.autocast(enabled=DEVICE.type == \"cuda\", dtype=torch.float16):\n"}
,{"stream_name":"stderr","time":265.475464131,"data":"/kaggle/src/script.py:325: FutureWarning: `torch.cuda.amp.autocast(args...)` is deprecated. Please use `torch.amp.autocast('cuda', args...)` instead.\n"}
,{"stream_name":"stderr","time":265.475503516,"data":"  with torch.cuda.amp.autocast(enabled=DEVICE.type == \"cuda\", dtype=torch.float16):\n"}
,{"stream_name":"stdout","time":266.085128974,"data":"epoch=0 session=100/213 step=25 loss=2.7119 ce=1.5710 rank=0.8457 struct=1.6897\n"}
,{"stream_name":"stderr","time":266.086246994,"data":"/kaggle/src/script.py:325: FutureWarning: `torch.cuda.amp.autocast(args...)` is deprecated. Please use `torch.amp.autocast('cuda', args...)` instead.\n"}
,{"stream_name":"stderr","time":266.086268307,"data":"  with torch.cuda.amp.autocast(enabled=DEVICE.type == \"cuda\", dtype=torch.float16):\n"}
,{"stream_name":"stderr","time":266.553039957,"data":"/kaggle/src/script.py:325: FutureWarning: `torch.cuda.amp.autocast(args...)` is deprecated. Please use `torch.amp.autocast('cuda', args...)` instead.\n"}
,{"stream_name":"stderr","time":266.553077725,"data":"  with torch.cuda.amp.autocast(enabled=DEVICE.type == \"cuda\", dtype=torch.float16):\n"}
,{"stream_name":"stderr","time":267.169228112,"data":"/kaggle/src/script.py:325: FutureWarning: `torch.cuda.amp.autocast(args...)` is deprecated. Please use `torch.amp.autocast('cuda', args...)` instead.\n"}
,{"stream_name":"stderr","time":267.169267418,"data":"  with torch.cuda.amp.autocast(enabled=DEVICE.type == \"cuda\", dtype=torch.float16):\n"}
,{"stream_name":"stderr","time":267.646515346,"data":"/kaggle/src/script.py:325: FutureWarning: `torch.cuda.amp.autocast(args...)` is deprecated. Please use `torch.amp.autocast('cuda', args...)` instead.\n"}
,{"stream_name":"stderr","time":267.646557464,"data":"  with torch.cuda.amp.autocast(enabled=DEVICE.type == \"cuda\", dtype=torch.float16):\n"}
,{"stream_name":"stderr","time":268.264653965,"data":"/kaggle/src/script.py:325: FutureWarning: `torch.cuda.amp.autocast(args...)` is deprecated. Please use `torch.amp.autocast('cuda', args...)` instead.\n"}
,{"stream_name":"stderr","time":268.26469339,"data":"  with torch.cuda.amp.autocast(enabled=DEVICE.type == \"cuda\", dtype=torch.float16):\n"}
,{"stream_name":"stderr","time":268.891893065,"data":"/kaggle/src/script.py:325: FutureWarning: `torch.cuda.amp.autocast(args...)` is deprecated. Please use `torch.amp.autocast('cuda', args...)` instead.\n"}
,{"stream_name":"stderr","time":268.891950456,"data":"  with torch.cuda.amp.autocast(enabled=DEVICE.type == \"cuda\", dtype=torch.float16):\n"}
,{"stream_name":"stderr","time":269.534766125,"data":"/kaggle/src/script.py:325: FutureWarning: `torch.cuda.amp.autocast(args...)` is deprecated. Please use `torch.amp.autocast('cuda', args...)` instead.\n"}
,{"stream_name":"stderr","time":269.534803626,"data":"  with torch.cuda.amp.autocast(enabled=DEVICE.type == \"cuda\", dtype=torch.float16):\n"}
,{"stream_name":"stderr","time":270.018686011,"data":"/kaggle/src/script.py:325: FutureWarning: `torch.cuda.amp.autocast(args...)` is deprecated. Please use `torch.amp.autocast('cuda', args...)` instead.\n"}
,{"stream_name":"stderr","time":270.018725931,"data":"  with torch.cuda.amp.autocast(enabled=DEVICE.type == \"cuda\", dtype=torch.float16):\n"}
,{"stream_name":"stderr","time":270.465594289,"data":"/kaggle/src/script.py:325: FutureWarning: `torch.cuda.amp.autocast(args...)` is deprecated. Please use `torch.amp.autocast('cuda', args...)` instead.\n"}
,{"stream_name":"stderr","time":270.465631158,"data":"  with torch.cuda.amp.autocast(enabled=DEVICE.type == \"cuda\", dtype=torch.float16):\n"}
,{"stream_name":"stderr","time":271.176089189,"data":"/kaggle/src/script.py:325: FutureWarning: `torch.cuda.amp.autocast(args...)` is deprecated. Please use `torch.amp.autocast('cuda', args...)` instead.\n"}
,{"stream_name":"stderr","time":271.176132121,"data":"  with torch.cuda.amp.autocast(enabled=DEVICE.type == \"cuda\", dtype=torch.float16):\n"}
,{"stream_name":"stdout","time":271.885220829,"data":"epoch=0 session=110/213 step=27 loss=2.3474 ce=1.4897 rank=0.8272 struct=1.1365\n"}
,{"stream_name":"stderr","time":271.88665417,"data":"/kaggle/src/script.py:325: FutureWarning: `torch.cuda.amp.autocast(args...)` is deprecated. Please use `torch.amp.autocast('cuda', args...)` instead.\n"}
,{"stream_name":"stderr","time":271.88667496,"data":"  with torch.cuda.amp.autocast(enabled=DEVICE.type == \"cuda\", dtype=torch.float16):\n"}
,{"stream_name":"stderr","time":272.547149317,"data":"/kaggle/src/script.py:325: FutureWarning: `torch.cuda.amp.autocast(args...)` is deprecated. Please use `torch.amp.autocast('cuda', args...)` instead.\n"}
,{"stream_name":"stderr","time":272.547189062,"data":"  with torch.cuda.amp.autocast(enabled=DEVICE.type == \"cuda\", dtype=torch.float16):\n"}
,{"stream_name":"stderr","time":273.166806411,"data":"/kaggle/src/script.py:325: FutureWarning: `torch.cuda.amp.autocast(args...)` is deprecated. Please use `torch.amp.autocast('cuda', args...)` instead.\n"}
,{"stream_name":"stderr","time":273.166865613,"data":"  with torch.cuda.amp.autocast(enabled=DEVICE.type == \"cuda\", dtype=torch.float16):\n"}
,{"stream_name":"stderr","time":273.78905074,"data":"/kaggle/src/script.py:325: FutureWarning: `torch.cuda.amp.autocast(args...)` is deprecated. Please use `torch.amp.autocast('cuda', args...)` instead.\n"}
,{"stream_name":"stderr","time":273.789091497,"data":"  with torch.cuda.amp.autocast(enabled=DEVICE.type == \"cuda\", dtype=torch.float16):\n"}
,{"stream_name":"stderr","time":274.226179335,"data":"/kaggle/src/script.py:325: FutureWarning: `torch.cuda.amp.autocast(args...)` is deprecated. Please use `torch.amp.autocast('cuda', args...)` instead.\n"}
,{"stream_name":"stderr","time":274.226247823,"data":"  with torch.cuda.amp.autocast(enabled=DEVICE.type == \"cuda\", dtype=torch.float16):\n"}
,{"stream_name":"stderr","time":274.886891385,"data":"/kaggle/src/script.py:325: FutureWarning: `torch.cuda.amp.autocast(args...)` is deprecated. Please use `torch.amp.autocast('cuda', args...)` instead.\n"}
,{"stream_name":"stderr","time":274.886934453,"data":"  with torch.cuda.amp.autocast(enabled=DEVICE.type == \"cuda\", dtype=torch.float16):\n"}
,{"stream_name":"stderr","time":275.341286584,"data":"/kaggle/src/script.py:325: FutureWarning: `torch.cuda.amp.autocast(args...)` is deprecated. Please use `torch.amp.autocast('cuda', args...)` instead.\n"}
,{"stream_name":"stderr","time":275.341348953,"data":"  with torch.cuda.amp.autocast(enabled=DEVICE.type == \"cuda\", dtype=torch.float16):\n"}
,{"stream_name":"stderr","time":275.795164079,"data":"/kaggle/src/script.py:325: FutureWarning: `torch.cuda.amp.autocast(args...)` is deprecated. Please use `torch.amp.autocast('cuda', args...)` instead.\n"}
,{"stream_name":"stderr","time":275.795216447,"data":"  with torch.cuda.amp.autocast(enabled=DEVICE.type == \"cuda\", dtype=torch.float16):\n"}
,{"stream_name":"stderr","time":276.225711443,"data":"/kaggle/src/script.py:325: FutureWarning: `torch.cuda.amp.autocast(args...)` is deprecated. Please use `torch.amp.autocast('cuda', args...)` instead.\n"}
,{"stream_name":"stderr","time":276.225744482,"data":"  with torch.cuda.amp.autocast(enabled=DEVICE.type == \"cuda\", dtype=torch.float16):\n"}
,{"stream_name":"stderr","time":276.829731834,"data":"/kaggle/src/script.py:325: FutureWarning: `torch.cuda.amp.autocast(args...)` is deprecated. Please use `torch.amp.autocast('cuda', args...)` instead.\n"}
,{"stream_name":"stderr","time":276.829772723,"data":"  with torch.cuda.amp.autocast(enabled=DEVICE.type == \"cuda\", dtype=torch.float16):\n"}
,{"stream_name":"stdout","time":277.435770985,"data":"epoch=0 session=120/213 step=30 loss=2.5640 ce=1.5562 rank=0.8614 struct=1.4125\n"}
,{"stream_name":"stderr","time":277.436891576,"data":"/kaggle/src/script.py:325: FutureWarning: `torch.cuda.amp.autocast(args...)` is deprecated. Please use `torch.amp.autocast('cuda', args...)` instead.\n"}
,{"stream_name":"stderr","time":277.436906981,"data":"  with torch.cuda.amp.autocast(enabled=DEVICE.type == \"cuda\", dtype=torch.float16):\n"}
,{"stream_name":"stderr","time":278.080554975,"data":"/kaggle/src/script.py:325: FutureWarning: `torch.cuda.amp.autocast(args...)` is deprecated. Please use `torch.amp.autocast('cuda', args...)` instead.\n"}
,{"stream_name":"stderr","time":278.080595579,"data":"  with torch.cuda.amp.autocast(enabled=DEVICE.type == \"cuda\", dtype=torch.float16):\n"}
,{"stream_name":"stderr","time":278.565069978,"data":"/kaggle/src/script.py:325: FutureWarning: `torch.cuda.amp.autocast(args...)` is deprecated. Please use `torch.amp.autocast('cuda', args...)` instead.\n"}
,{"stream_name":"stderr","time":278.565109506,"data":"  with torch.cuda.amp.autocast(enabled=DEVICE.type == \"cuda\", dtype=torch.float16):\n"}
,{"stream_name":"stderr","time":279.22351293,"data":"/kaggle/src/script.py:325: FutureWarning: `torch.cuda.amp.autocast(args...)` is deprecated. Please use `torch.amp.autocast('cuda', args...)` instead.\n"}
,{"stream_name":"stderr","time":279.223554669,"data":"  with torch.cuda.amp.autocast(enabled=DEVICE.type == \"cuda\", dtype=torch.float16):\n"}
,{"stream_name":"stderr","time":279.902936253,"data":"/kaggle/src/script.py:325: FutureWarning: `torch.cuda.amp.autocast(args...)` is deprecated. Please use `torch.amp.autocast('cuda', args...)` instead.\n"}
,{"stream_name":"stderr","time":279.902980875,"data":"  with torch.cuda.amp.autocast(enabled=DEVICE.type == \"cuda\", dtype=torch.float16):\n"}
,{"stream_name":"stderr","time":280.365332857,"data":"/kaggle/src/script.py:325: FutureWarning: `torch.cuda.amp.autocast(args...)` is deprecated. Please use `torch.amp.autocast('cuda', args...)` instead.\n"}
,{"stream_name":"stderr","time":280.365383674,"data":"  with torch.cuda.amp.autocast(enabled=DEVICE.type == \"cuda\", dtype=torch.float16):\n"}
,{"stream_name":"stderr","time":280.831083781,"data":"/kaggle/src/script.py:325: FutureWarning: `torch.cuda.amp.autocast(args...)` is deprecated. Please use `torch.amp.autocast('cuda', args...)` instead.\n"}
,{"stream_name":"stderr","time":280.83112598,"data":"  with torch.cuda.amp.autocast(enabled=DEVICE.type == \"cuda\", dtype=torch.float16):\n"}
,{"stream_name":"stderr","time":281.406109742,"data":"/kaggle/src/script.py:325: FutureWarning: `torch.cuda.amp.autocast(args...)` is deprecated. Please use `torch.amp.autocast('cuda', args...)` instead.\n"}
,{"stream_name":"stderr","time":281.406152253,"data":"  with torch.cuda.amp.autocast(enabled=DEVICE.type == \"cuda\", dtype=torch.float16):\n"}
,{"stream_name":"stderr","time":282.07394791,"data":"/kaggle/src/script.py:325: FutureWarning: `torch.cuda.amp.autocast(args...)` is deprecated. Please use `torch.amp.autocast('cuda', args...)` instead.\n"}
,{"stream_name":"stderr","time":282.074016717,"data":"  with torch.cuda.amp.autocast(enabled=DEVICE.type == \"cuda\", dtype=torch.float16):\n"}
,{"stream_name":"stderr","time":282.724580465,"data":"/kaggle/src/script.py:325: FutureWarning: `torch.cuda.amp.autocast(args...)` is deprecated. Please use `torch.amp.autocast('cuda', args...)` instead.\n"}
,{"stream_name":"stderr","time":282.724641402,"data":"  with torch.cuda.amp.autocast(enabled=DEVICE.type == \"cuda\", dtype=torch.float16):\n"}
,{"stream_name":"stdout","time":283.373990343,"data":"epoch=0 session=130/213 step=32 loss=2.4285 ce=1.5297 rank=0.8053 struct=1.2339\n"}
,{"stream_name":"stderr","time":283.375699527,"data":"/kaggle/src/script.py:325: FutureWarning: `torch.cuda.amp.autocast(args...)` is deprecated. Please use `torch.amp.autocast('cuda', args...)` instead.\n"}
,{"stream_name":"stderr","time":283.375718412,"data":"  with torch.cuda.amp.autocast(enabled=DEVICE.type == \"cuda\", dtype=torch.float16):\n"}
,{"stream_name":"stderr","time":284.035736659,"data":"/kaggle/src/script.py:325: FutureWarning: `torch.cuda.amp.autocast(args...)` is deprecated. Please use `torch.amp.autocast('cuda', args...)` instead.\n"}
,{"stream_name":"stderr","time":284.035777613,"data":"  with torch.cuda.amp.autocast(enabled=DEVICE.type == \"cuda\", dtype=torch.float16):\n"}
,{"stream_name":"stderr","time":284.657799941,"data":"/kaggle/src/script.py:325: FutureWarning: `torch.cuda.amp.autocast(args...)` is deprecated. Please use `torch.amp.autocast('cuda', args...)` instead.\n"}
,{"stream_name":"stderr","time":284.657839511,"data":"  with torch.cuda.amp.autocast(enabled=DEVICE.type == \"cuda\", dtype=torch.float16):\n"}
,{"stream_name":"stderr","time":285.304045712,"data":"/kaggle/src/script.py:325: FutureWarning: `torch.cuda.amp.autocast(args...)` is deprecated. Please use `torch.amp.autocast('cuda', args...)` instead.\n"}
,{"stream_name":"stderr","time":285.30410395,"data":"  with torch.cuda.amp.autocast(enabled=DEVICE.type == \"cuda\", dtype=torch.float16):\n"}
,{"stream_name":"stderr","time":285.992747388,"data":"/kaggle/src/script.py:325: FutureWarning: `torch.cuda.amp.autocast(args...)` is deprecated. Please use `torch.amp.autocast('cuda', args...)` instead.\n"}
,{"stream_name":"stderr","time":285.992795019,"data":"  with torch.cuda.amp.autocast(enabled=DEVICE.type == \"cuda\", dtype=torch.float16):\n"}
,{"stream_name":"stderr","time":286.657551983,"data":"/kaggle/src/script.py:325: FutureWarning: `torch.cuda.amp.autocast(args...)` is deprecated. Please use `torch.amp.autocast('cuda', args...)` instead.\n"}
,{"stream_name":"stderr","time":286.657596053,"data":"  with torch.cuda.amp.autocast(enabled=DEVICE.type == \"cuda\", dtype=torch.float16):\n"}
,{"stream_name":"stderr","time":287.320322673,"data":"/kaggle/src/script.py:325: FutureWarning: `torch.cuda.amp.autocast(args...)` is deprecated. Please use `torch.amp.autocast('cuda', args...)` instead.\n"}
,{"stream_name":"stderr","time":287.320355838,"data":"  with torch.cuda.amp.autocast(enabled=DEVICE.type == \"cuda\", dtype=torch.float16):\n"}
,{"stream_name":"stderr","time":287.757185818,"data":"/kaggle/src/script.py:325: FutureWarning: `torch.cuda.amp.autocast(args...)` is deprecated. Please use `torch.amp.autocast('cuda', args...)` instead.\n"}
,{"stream_name":"stderr","time":287.757225473,"data":"  with torch.cuda.amp.autocast(enabled=DEVICE.type == \"cuda\", dtype=torch.float16):\n"}
,{"stream_name":"stderr","time":288.444739199,"data":"/kaggle/src/script.py:325: FutureWarning: `torch.cuda.amp.autocast(args...)` is deprecated. Please use `torch.amp.autocast('cuda', args...)` instead.\n"}
,{"stream_name":"stderr","time":288.444798657,"data":"  with torch.cuda.amp.autocast(enabled=DEVICE.type == \"cuda\", dtype=torch.float16):\n"}
,{"stream_name":"stderr","time":288.903864438,"data":"/kaggle/src/script.py:325: FutureWarning: `torch.cuda.amp.autocast(args...)` is deprecated. Please use `torch.amp.autocast('cuda', args...)` instead.\n"}
,{"stream_name":"stderr","time":288.903927612,"data":"  with torch.cuda.amp.autocast(enabled=DEVICE.type == \"cuda\", dtype=torch.float16):\n"}
,{"stream_name":"stdout","time":289.347445779,"data":"epoch=0 session=140/213 step=35 loss=2.2382 ce=1.4467 rank=0.8103 struct=1.0158\n"}
,{"stream_name":"stderr","time":289.348696981,"data":"/kaggle/src/script.py:325: FutureWarning: `torch.cuda.amp.autocast(args...)` is deprecated. Please use `torch.amp.autocast('cuda', args...)` instead.\n"}
,{"stream_name":"stderr","time":289.348754762,"data":"  with torch.cuda.amp.autocast(enabled=DEVICE.type == \"cuda\", dtype=torch.float16):\n"}
,{"stream_name":"stderr","time":289.799650155,"data":"/kaggle/src/script.py:325: FutureWarning: `torch.cuda.amp.autocast(args...)` is deprecated. Please use `torch.amp.autocast('cuda', args...)` instead.\n"}
,{"stream_name":"stderr","time":289.799688638,"data":"  with torch.cuda.amp.autocast(enabled=DEVICE.type == \"cuda\", dtype=torch.float16):\n"}
,{"stream_name":"stderr","time":290.452000064,"data":"/kaggle/src/script.py:325: FutureWarning: `torch.cuda.amp.autocast(args...)` is deprecated. Please use `torch.amp.autocast('cuda', args...)` instead.\n"}
,{"stream_name":"stderr","time":290.452040942,"data":"  with torch.cuda.amp.autocast(enabled=DEVICE.type == \"cuda\", dtype=torch.float16):\n"}
,{"stream_name":"stderr","time":291.177499397,"data":"/kaggle/src/script.py:325: FutureWarning: `torch.cuda.amp.autocast(args...)` is deprecated. Please use `torch.amp.autocast('cuda', args...)` instead.\n"}
,{"stream_name":"stderr","time":291.177535822,"data":"  with torch.cuda.amp.autocast(enabled=DEVICE.type == \"cuda\", dtype=torch.float16):\n"}
,{"stream_name":"stderr","time":291.646724694,"data":"/kaggle/src/script.py:325: FutureWarning: `torch.cuda.amp.autocast(args...)` is deprecated. Please use `torch.amp.autocast('cuda', args...)` instead.\n"}
,{"stream_name":"stderr","time":291.646767307,"data":"  with torch.cuda.amp.autocast(enabled=DEVICE.type == \"cuda\", dtype=torch.float16):\n"}
,{"stream_name":"stderr","time":292.110718314,"data":"/kaggle/src/script.py:325: FutureWarning: `torch.cuda.amp.autocast(args...)` is deprecated. Please use `torch.amp.autocast('cuda', args...)` instead.\n"}
,{"stream_name":"stderr","time":292.110760521,"data":"  with torch.cuda.amp.autocast(enabled=DEVICE.type == \"cuda\", dtype=torch.float16):\n"}
,{"stream_name":"stderr","time":292.750009729,"data":"/kaggle/src/script.py:325: FutureWarning: `torch.cuda.amp.autocast(args...)` is deprecated. Please use `torch.amp.autocast('cuda', args...)` instead.\n"}
,{"stream_name":"stderr","time":292.750051898,"data":"  with torch.cuda.amp.autocast(enabled=DEVICE.type == \"cuda\", dtype=torch.float16):\n"}
,{"stream_name":"stderr","time":293.210373284,"data":"/kaggle/src/script.py:325: FutureWarning: `torch.cuda.amp.autocast(args...)` is deprecated. Please use `torch.amp.autocast('cuda', args...)` instead.\n"}
,{"stream_name":"stderr","time":293.2104453,"data":"  with torch.cuda.amp.autocast(enabled=DEVICE.type == \"cuda\", dtype=torch.float16):\n"}
,{"stream_name":"stderr","time":293.825109679,"data":"/kaggle/src/script.py:325: FutureWarning: `torch.cuda.amp.autocast(args...)` is deprecated. Please use `torch.amp.autocast('cuda', args...)` instead.\n"}
,{"stream_name":"stderr","time":293.825155346,"data":"  with torch.cuda.amp.autocast(enabled=DEVICE.type == \"cuda\", dtype=torch.float16):\n"}
,{"stream_name":"stderr","time":294.298231919,"data":"/kaggle/src/script.py:325: FutureWarning: `torch.cuda.amp.autocast(args...)` is deprecated. Please use `torch.amp.autocast('cuda', args...)` instead.\n"}
,{"stream_name":"stderr","time":294.298287418,"data":"  with torch.cuda.amp.autocast(enabled=DEVICE.type == \"cuda\", dtype=torch.float16):\n"}
,{"stream_name":"stdout","time":294.747113655,"data":"epoch=0 session=150/213 step=37 loss=2.4649 ce=1.4358 rank=0.8521 struct=1.4616\n"}
,{"stream_name":"stderr","time":294.748280343,"data":"/kaggle/src/script.py:325: FutureWarning: `torch.cuda.amp.autocast(args...)` is deprecated. Please use `torch.amp.autocast('cuda', args...)` instead.\n"}
,{"stream_name":"stderr","time":294.748313242,"data":"  with torch.cuda.amp.autocast(enabled=DEVICE.type == \"cuda\", dtype=torch.float16):\n"}
,{"stream_name":"stderr","time":295.237947645,"data":"/kaggle/src/script.py:325: FutureWarning: `torch.cuda.amp.autocast(args...)` is deprecated. Please use `torch.amp.autocast('cuda', args...)` instead.\n"}
,{"stream_name":"stderr","time":295.237998648,"data":"  with torch.cuda.amp.autocast(enabled=DEVICE.type == \"cuda\", dtype=torch.float16):\n"}
,{"stream_name":"stderr","time":295.667800787,"data":"/kaggle/src/script.py:325: FutureWarning: `torch.cuda.amp.autocast(args...)` is deprecated. Please use `torch.amp.autocast('cuda', args...)` instead.\n"}
,{"stream_name":"stderr","time":295.667842019,"data":"  with torch.cuda.amp.autocast(enabled=DEVICE.type == \"cuda\", dtype=torch.float16):\n"}
,{"stream_name":"stderr","time":296.09730949,"data":"/kaggle/src/script.py:325: FutureWarning: `torch.cuda.amp.autocast(args...)` is deprecated. Please use `torch.amp.autocast('cuda', args...)` instead.\n"}
,{"stream_name":"stderr","time":296.097365207,"data":"  with torch.cuda.amp.autocast(enabled=DEVICE.type == \"cuda\", dtype=torch.float16):\n"}
,{"stream_name":"stderr","time":296.704111687,"data":"/kaggle/src/script.py:325: FutureWarning: `torch.cuda.amp.autocast(args...)` is deprecated. Please use `torch.amp.autocast('cuda', args...)` instead.\n"}
,{"stream_name":"stderr","time":296.704160741,"data":"  with torch.cuda.amp.autocast(enabled=DEVICE.type == \"cuda\", dtype=torch.float16):\n"}
,{"stream_name":"stderr","time":297.169483928,"data":"/kaggle/src/script.py:325: FutureWarning: `torch.cuda.amp.autocast(args...)` is deprecated. Please use `torch.amp.autocast('cuda', args...)` instead.\n"}
,{"stream_name":"stderr","time":297.169524796,"data":"  with torch.cuda.amp.autocast(enabled=DEVICE.type == \"cuda\", dtype=torch.float16):\n"}
,{"stream_name":"stderr","time":297.645066418,"data":"/kaggle/src/script.py:325: FutureWarning: `torch.cuda.amp.autocast(args...)` is deprecated. Please use `torch.amp.autocast('cuda', args...)` instead.\n"}
,{"stream_name":"stderr","time":297.6451074,"data":"  with torch.cuda.amp.autocast(enabled=DEVICE.type == \"cuda\", dtype=torch.float16):\n"}
,{"stream_name":"stderr","time":298.153773747,"data":"/kaggle/src/script.py:325: FutureWarning: `torch.cuda.amp.autocast(args...)` is deprecated. Please use `torch.amp.autocast('cuda', args...)` instead.\n"}
,{"stream_name":"stderr","time":298.15381393,"data":"  with torch.cuda.amp.autocast(enabled=DEVICE.type == \"cuda\", dtype=torch.float16):\n"}
,{"stream_name":"stderr","time":298.623495084,"data":"/kaggle/src/script.py:325: FutureWarning: `torch.cuda.amp.autocast(args...)` is deprecated. Please use `torch.amp.autocast('cuda', args...)` instead.\n"}
,{"stream_name":"stderr","time":298.623536344,"data":"  with torch.cuda.amp.autocast(enabled=DEVICE.type == \"cuda\", dtype=torch.float16):\n"}
,{"stream_name":"stderr","time":299.263183924,"data":"/kaggle/src/script.py:325: FutureWarning: `torch.cuda.amp.autocast(args...)` is deprecated. Please use `torch.amp.autocast('cuda', args...)` instead.\n"}
,{"stream_name":"stderr","time":299.263233611,"data":"  with torch.cuda.amp.autocast(enabled=DEVICE.type == \"cuda\", dtype=torch.float16):\n"}
,{"stream_name":"stdout","time":299.903997118,"data":"epoch=0 session=160/213 step=40 loss=2.6145 ce=1.5113 rank=0.8407 struct=1.6179\n"}
,{"stream_name":"stderr","time":299.905132036,"data":"/kaggle/src/script.py:325: FutureWarning: `torch.cuda.amp.autocast(args...)` is deprecated. Please use `torch.amp.autocast('cuda', args...)` instead.\n"}
,{"stream_name":"stderr","time":299.905149787,"data":"  with torch.cuda.amp.autocast(enabled=DEVICE.type == \"cuda\", dtype=torch.float16):\n"}
,{"stream_name":"stderr","time":300.407041516,"data":"/kaggle/src/script.py:325: FutureWarning: `torch.cuda.amp.autocast(args...)` is deprecated. Please use `torch.amp.autocast('cuda', args...)` instead.\n"}
,{"stream_name":"stderr","time":300.407120471,"data":"  with torch.cuda.amp.autocast(enabled=DEVICE.type == \"cuda\", dtype=torch.float16):\n"}
,{"stream_name":"stderr","time":300.860275839,"data":"/kaggle/src/script.py:325: FutureWarning: `torch.cuda.amp.autocast(args...)` is deprecated. Please use `torch.amp.autocast('cuda', args...)` instead.\n"}
,{"stream_name":"stderr","time":300.860335866,"data":"  with torch.cuda.amp.autocast(enabled=DEVICE.type == \"cuda\", dtype=torch.float16):\n"}
,{"stream_name":"stderr","time":301.512522285,"data":"/kaggle/src/script.py:325: FutureWarning: `torch.cuda.amp.autocast(args...)` is deprecated. Please use `torch.amp.autocast('cuda', args...)` instead.\n"}
,{"stream_name":"stderr","time":301.512560018,"data":"  with torch.cuda.amp.autocast(enabled=DEVICE.type == \"cuda\", dtype=torch.float16):\n"}
,{"stream_name":"stderr","time":301.984689141,"data":"/kaggle/src/script.py:325: FutureWarning: `torch.cuda.amp.autocast(args...)` is deprecated. Please use `torch.amp.autocast('cuda', args...)` instead.\n"}
,{"stream_name":"stderr","time":301.984724498,"data":"  with torch.cuda.amp.autocast(enabled=DEVICE.type == \"cuda\", dtype=torch.float16):\n"}
,{"stream_name":"stderr","time":302.524946635,"data":"/kaggle/src/script.py:325: FutureWarning: `torch.cuda.amp.autocast(args...)` is deprecated. Please use `torch.amp.autocast('cuda', args...)` instead.\n"}
,{"stream_name":"stderr","time":302.524992122,"data":"  with torch.cuda.amp.autocast(enabled=DEVICE.type == \"cuda\", dtype=torch.float16):\n"}
,{"stream_name":"stderr","time":303.030795092,"data":"/kaggle/src/script.py:325: FutureWarning: `torch.cuda.amp.autocast(args...)` is deprecated. Please use `torch.amp.autocast('cuda', args...)` instead.\n"}
,{"stream_name":"stderr","time":303.030836453,"data":"  with torch.cuda.amp.autocast(enabled=DEVICE.type == \"cuda\", dtype=torch.float16):\n"}
,{"stream_name":"stderr","time":303.468652536,"data":"/kaggle/src/script.py:325: FutureWarning: `torch.cuda.amp.autocast(args...)` is deprecated. Please use `torch.amp.autocast('cuda', args...)` instead.\n"}
,{"stream_name":"stderr","time":303.468691481,"data":"  with torch.cuda.amp.autocast(enabled=DEVICE.type == \"cuda\", dtype=torch.float16):\n"}
,{"stream_name":"stderr","time":303.933124317,"data":"/kaggle/src/script.py:325: FutureWarning: `torch.cuda.amp.autocast(args...)` is deprecated. Please use `torch.amp.autocast('cuda', args...)` instead.\n"}
,{"stream_name":"stderr","time":303.933168165,"data":"  with torch.cuda.amp.autocast(enabled=DEVICE.type == \"cuda\", dtype=torch.float16):\n"}
,{"stream_name":"stderr","time":304.394844976,"data":"/kaggle/src/script.py:325: FutureWarning: `torch.cuda.amp.autocast(args...)` is deprecated. Please use `torch.amp.autocast('cuda', args...)` instead.\n"}
,{"stream_name":"stderr","time":304.394905345,"data":"  with torch.cuda.amp.autocast(enabled=DEVICE.type == \"cuda\", dtype=torch.float16):\n"}
,{"stream_name":"stdout","time":304.868233323,"data":"epoch=0 session=170/213 step=42 loss=2.7353 ce=1.6192 rank=0.7863 struct=1.6816\n"}
,{"stream_name":"stderr","time":304.869411543,"data":"/kaggle/src/script.py:325: FutureWarning: `torch.cuda.amp.autocast(args...)` is deprecated. Please use `torch.amp.autocast('cuda', args...)` instead.\n"}
,{"stream_name":"stderr","time":304.869428467,"data":"  with torch.cuda.amp.autocast(enabled=DEVICE.type == \"cuda\", dtype=torch.float16):\n"}
,{"stream_name":"stderr","time":305.490612143,"data":"/kaggle/src/script.py:325: FutureWarning: `torch.cuda.amp.autocast(args...)` is deprecated. Please use `torch.amp.autocast('cuda', args...)` instead.\n"}
,{"stream_name":"stderr","time":305.490651071,"data":"  with torch.cuda.amp.autocast(enabled=DEVICE.type == \"cuda\", dtype=torch.float16):\n"}
,{"stream_name":"stderr","time":306.13980944,"data":"/kaggle/src/script.py:325: FutureWarning: `torch.cuda.amp.autocast(args...)` is deprecated. Please use `torch.amp.autocast('cuda', args...)` instead.\n"}
,{"stream_name":"stderr","time":306.13984919,"data":"  with torch.cuda.amp.autocast(enabled=DEVICE.type == \"cuda\", dtype=torch.float16):\n"}
,{"stream_name":"stderr","time":306.611170438,"data":"/kaggle/src/script.py:325: FutureWarning: `torch.cuda.amp.autocast(args...)` is deprecated. Please use `torch.amp.autocast('cuda', args...)` instead.\n"}
,{"stream_name":"stderr","time":306.611235193,"data":"  with torch.cuda.amp.autocast(enabled=DEVICE.type == \"cuda\", dtype=torch.float16):\n"}
,{"stream_name":"stderr","time":307.049166777,"data":"/kaggle/src/script.py:325: FutureWarning: `torch.cuda.amp.autocast(args...)` is deprecated. Please use `torch.amp.autocast('cuda', args...)` instead.\n"}
,{"stream_name":"stderr","time":307.049217688,"data":"  with torch.cuda.amp.autocast(enabled=DEVICE.type == \"cuda\", dtype=torch.float16):\n"}
,{"stream_name":"stderr","time":307.688525517,"data":"/kaggle/src/script.py:325: FutureWarning: `torch.cuda.amp.autocast(args...)` is deprecated. Please use `torch.amp.autocast('cuda', args...)` instead.\n"}
,{"stream_name":"stderr","time":307.688562747,"data":"  with torch.cuda.amp.autocast(enabled=DEVICE.type == \"cuda\", dtype=torch.float16):\n"}
,{"stream_name":"stderr","time":308.373478064,"data":"/kaggle/src/script.py:325: FutureWarning: `torch.cuda.amp.autocast(args...)` is deprecated. Please use `torch.amp.autocast('cuda', args...)` instead.\n"}
,{"stream_name":"stderr","time":308.373521191,"data":"  with torch.cuda.amp.autocast(enabled=DEVICE.type == \"cuda\", dtype=torch.float16):\n"}
,{"stream_name":"stderr","time":308.894714604,"data":"/kaggle/src/script.py:325: FutureWarning: `torch.cuda.amp.autocast(args...)` is deprecated. Please use `torch.amp.autocast('cuda', args...)` instead.\n"}
,{"stream_name":"stderr","time":308.894755367,"data":"  with torch.cuda.amp.autocast(enabled=DEVICE.type == \"cuda\", dtype=torch.float16):\n"}
,{"stream_name":"stderr","time":309.538718505,"data":"/kaggle/src/script.py:325: FutureWarning: `torch.cuda.amp.autocast(args...)` is deprecated. Please use `torch.amp.autocast('cuda', args...)` instead.\n"}
,{"stream_name":"stderr","time":309.538757169,"data":"  with torch.cuda.amp.autocast(enabled=DEVICE.type == \"cuda\", dtype=torch.float16):\n"}
,{"stream_name":"stderr","time":310.174278246,"data":"/kaggle/src/script.py:325: FutureWarning: `torch.cuda.amp.autocast(args...)` is deprecated. Please use `torch.amp.autocast('cuda', args...)` instead.\n"}
,{"stream_name":"stderr","time":310.174343657,"data":"  with torch.cuda.amp.autocast(enabled=DEVICE.type == \"cuda\", dtype=torch.float16):\n"}
,{"stream_name":"stdout","time":310.895341956,"data":"epoch=0 session=180/213 step=45 loss=2.4644 ce=1.4552 rank=0.8333 struct=1.4350\n"}
,{"stream_name":"stderr","time":310.896493908,"data":"/kaggle/src/script.py:325: FutureWarning: `torch.cuda.amp.autocast(args...)` is deprecated. Please use `torch.amp.autocast('cuda', args...)` instead.\n"}
,{"stream_name":"stderr","time":310.896517808,"data":"  with torch.cuda.amp.autocast(enabled=DEVICE.type == \"cuda\", dtype=torch.float16):\n"}
,{"stream_name":"stderr","time":311.466740983,"data":"/kaggle/src/script.py:325: FutureWarning: `torch.cuda.amp.autocast(args...)` is deprecated. Please use `torch.amp.autocast('cuda', args...)` instead.\n"}
,{"stream_name":"stderr","time":311.466780632,"data":"  with torch.cuda.amp.autocast(enabled=DEVICE.type == \"cuda\", dtype=torch.float16):\n"}
,{"stream_name":"stderr","time":311.912566564,"data":"/kaggle/src/script.py:325: FutureWarning: `torch.cuda.amp.autocast(args...)` is deprecated. Please use `torch.amp.autocast('cuda', args...)` instead.\n"}
,{"stream_name":"stderr","time":311.912631649,"data":"  with torch.cuda.amp.autocast(enabled=DEVICE.type == \"cuda\", dtype=torch.float16):\n"}
,{"stream_name":"stderr","time":312.348554346,"data":"/kaggle/src/script.py:325: FutureWarning: `torch.cuda.amp.autocast(args...)` is deprecated. Please use `torch.amp.autocast('cuda', args...)` instead.\n"}
,{"stream_name":"stderr","time":312.348591171,"data":"  with torch.cuda.amp.autocast(enabled=DEVICE.type == \"cuda\", dtype=torch.float16):\n"}
,{"stream_name":"stderr","time":313.032412711,"data":"/kaggle/src/script.py:325: FutureWarning: `torch.cuda.amp.autocast(args...)` is deprecated. Please use `torch.amp.autocast('cuda', args...)` instead.\n"}
,{"stream_name":"stderr","time":313.032453726,"data":"  with torch.cuda.amp.autocast(enabled=DEVICE.type == \"cuda\", dtype=torch.float16):\n"}
,{"stream_name":"stderr","time":313.735613039,"data":"/kaggle/src/script.py:325: FutureWarning: `torch.cuda.amp.autocast(args...)` is deprecated. Please use `torch.amp.autocast('cuda', args...)` instead.\n"}
,{"stream_name":"stderr","time":313.7356487,"data":"  with torch.cuda.amp.autocast(enabled=DEVICE.type == \"cuda\", dtype=torch.float16):\n"}
,{"stream_name":"stderr","time":314.156928905,"data":"/kaggle/src/script.py:325: FutureWarning: `torch.cuda.amp.autocast(args...)` is deprecated. Please use `torch.amp.autocast('cuda', args...)` instead.\n"}
,{"stream_name":"stderr","time":314.15698456,"data":"  with torch.cuda.amp.autocast(enabled=DEVICE.type == \"cuda\", dtype=torch.float16):\n"}
,{"stream_name":"stderr","time":314.616795374,"data":"/kaggle/src/script.py:325: FutureWarning: `torch.cuda.amp.autocast(args...)` is deprecated. Please use `torch.amp.autocast('cuda', args...)` instead.\n"}
,{"stream_name":"stderr","time":314.61683934,"data":"  with torch.cuda.amp.autocast(enabled=DEVICE.type == \"cuda\", dtype=torch.float16):\n"}
,{"stream_name":"stderr","time":315.354508434,"data":"/kaggle/src/script.py:325: FutureWarning: `torch.cuda.amp.autocast(args...)` is deprecated. Please use `torch.amp.autocast('cuda', args...)` instead.\n"}
,{"stream_name":"stderr","time":315.354563229,"data":"  with torch.cuda.amp.autocast(enabled=DEVICE.type == \"cuda\", dtype=torch.float16):\n"}
,{"stream_name":"stderr","time":316.013220245,"data":"/kaggle/src/script.py:325: FutureWarning: `torch.cuda.amp.autocast(args...)` is deprecated. Please use `torch.amp.autocast('cuda', args...)` instead.\n"}
,{"stream_name":"stderr","time":316.013258108,"data":"  with torch.cuda.amp.autocast(enabled=DEVICE.type == \"cuda\", dtype=torch.float16):\n"}
,{"stream_name":"stdout","time":316.643381711,"data":"epoch=0 session=190/213 step=47 loss=2.6484 ce=1.6412 rank=0.7969 struct=1.4567\n"}
,{"stream_name":"stderr","time":316.644634558,"data":"/kaggle/src/script.py:325: FutureWarning: `torch.cuda.amp.autocast(args...)` is deprecated. Please use `torch.amp.autocast('cuda', args...)` instead.\n"}
,{"stream_name":"stderr","time":316.644649029,"data":"  with torch.cuda.amp.autocast(enabled=DEVICE.type == \"cuda\", dtype=torch.float16):\n"}
,{"stream_name":"stderr","time":317.126954126,"data":"/kaggle/src/script.py:325: FutureWarning: `torch.cuda.amp.autocast(args...)` is deprecated. Please use `torch.amp.autocast('cuda', args...)` instead.\n"}
,{"stream_name":"stderr","time":317.126993403,"data":"  with torch.cuda.amp.autocast(enabled=DEVICE.type == \"cuda\", dtype=torch.float16):\n"}
,{"stream_name":"stderr","time":317.772483186,"data":"/kaggle/src/script.py:325: FutureWarning: `torch.cuda.amp.autocast(args...)` is deprecated. Please use `torch.amp.autocast('cuda', args...)` instead.\n"}
,{"stream_name":"stderr","time":317.7725258,"data":"  with torch.cuda.amp.autocast(enabled=DEVICE.type == \"cuda\", dtype=torch.float16):\n"}
,{"stream_name":"stderr","time":318.436523936,"data":"/kaggle/src/script.py:325: FutureWarning: `torch.cuda.amp.autocast(args...)` is deprecated. Please use `torch.amp.autocast('cuda', args...)` instead.\n"}
,{"stream_name":"stderr","time":318.436583908,"data":"  with torch.cuda.amp.autocast(enabled=DEVICE.type == \"cuda\", dtype=torch.float16):\n"}
,{"stream_name":"stderr","time":318.932554952,"data":"/kaggle/src/script.py:325: FutureWarning: `torch.cuda.amp.autocast(args...)` is deprecated. Please use `torch.amp.autocast('cuda', args...)` instead.\n"}
,{"stream_name":"stderr","time":318.932595617,"data":"  with torch.cuda.amp.autocast(enabled=DEVICE.type == \"cuda\", dtype=torch.float16):\n"}
,{"stream_name":"stderr","time":319.59104386,"data":"/kaggle/src/script.py:325: FutureWarning: `torch.cuda.amp.autocast(args...)` is deprecated. Please use `torch.amp.autocast('cuda', args...)` instead.\n"}
,{"stream_name":"stderr","time":319.591081944,"data":"  with torch.cuda.amp.autocast(enabled=DEVICE.type == \"cuda\", dtype=torch.float16):\n"}
,{"stream_name":"stderr","time":320.073830507,"data":"/kaggle/src/script.py:325: FutureWarning: `torch.cuda.amp.autocast(args...)` is deprecated. Please use `torch.amp.autocast('cuda', args...)` instead.\n"}
,{"stream_name":"stderr","time":320.073875555,"data":"  with torch.cuda.amp.autocast(enabled=DEVICE.type == \"cuda\", dtype=torch.float16):\n"}
,{"stream_name":"stderr","time":320.672464211,"data":"/kaggle/src/script.py:325: FutureWarning: `torch.cuda.amp.autocast(args...)` is deprecated. Please use `torch.amp.autocast('cuda', args...)` instead.\n"}
,{"stream_name":"stderr","time":320.672504623,"data":"  with torch.cuda.amp.autocast(enabled=DEVICE.type == \"cuda\", dtype=torch.float16):\n"}
,{"stream_name":"stderr","time":321.33285108,"data":"/kaggle/src/script.py:325: FutureWarning: `torch.cuda.amp.autocast(args...)` is deprecated. Please use `torch.amp.autocast('cuda', args...)` instead.\n"}
,{"stream_name":"stderr","time":321.332890684,"data":"  with torch.cuda.amp.autocast(enabled=DEVICE.type == \"cuda\", dtype=torch.float16):\n"}
,{"stream_name":"stderr","time":321.961474594,"data":"/kaggle/src/script.py:325: FutureWarning: `torch.cuda.amp.autocast(args...)` is deprecated. Please use `torch.amp.autocast('cuda', args...)` instead.\n"}
,{"stream_name":"stderr","time":321.961515015,"data":"  with torch.cuda.amp.autocast(enabled=DEVICE.type == \"cuda\", dtype=torch.float16):\n"}
,{"stream_name":"stdout","time":322.418813618,"data":"epoch=0 session=200/213 step=50 loss=2.3448 ce=1.4875 rank=0.7995 struct=1.1549\n"}
,{"stream_name":"stderr","time":322.420016387,"data":"/kaggle/src/script.py:325: FutureWarning: `torch.cuda.amp.autocast(args...)` is deprecated. Please use `torch.amp.autocast('cuda', args...)` instead.\n"}
,{"stream_name":"stderr","time":322.420033278,"data":"  with torch.cuda.amp.autocast(enabled=DEVICE.type == \"cuda\", dtype=torch.float16):\n"}
,{"stream_name":"stderr","time":322.859709207,"data":"/kaggle/src/script.py:325: FutureWarning: `torch.cuda.amp.autocast(args...)` is deprecated. Please use `torch.amp.autocast('cuda', args...)` instead.\n"}
,{"stream_name":"stderr","time":322.859741108,"data":"  with torch.cuda.amp.autocast(enabled=DEVICE.type == \"cuda\", dtype=torch.float16):\n"}
,{"stream_name":"stderr","time":323.338594875,"data":"/kaggle/src/script.py:325: FutureWarning: `torch.cuda.amp.autocast(args...)` is deprecated. Please use `torch.amp.autocast('cuda', args...)` instead.\n"}
,{"stream_name":"stderr","time":323.338635608,"data":"  with torch.cuda.amp.autocast(enabled=DEVICE.type == \"cuda\", dtype=torch.float16):\n"}
,{"stream_name":"stderr","time":323.793387875,"data":"/kaggle/src/script.py:325: FutureWarning: `torch.cuda.amp.autocast(args...)` is deprecated. Please use `torch.amp.autocast('cuda', args...)` instead.\n"}
,{"stream_name":"stderr","time":323.793449289,"data":"  with torch.cuda.amp.autocast(enabled=DEVICE.type == \"cuda\", dtype=torch.float16):\n"}
,{"stream_name":"stderr","time":324.237378268,"data":"/kaggle/src/script.py:325: FutureWarning: `torch.cuda.amp.autocast(args...)` is deprecated. Please use `torch.amp.autocast('cuda', args...)` instead.\n"}
,{"stream_name":"stderr","time":324.237410007,"data":"  with torch.cuda.amp.autocast(enabled=DEVICE.type == \"cuda\", dtype=torch.float16):\n"}
,{"stream_name":"stderr","time":324.698084969,"data":"/kaggle/src/script.py:325: FutureWarning: `torch.cuda.amp.autocast(args...)` is deprecated. Please use `torch.amp.autocast('cuda', args...)` instead.\n"}
,{"stream_name":"stderr","time":324.698125482,"data":"  with torch.cuda.amp.autocast(enabled=DEVICE.type == \"cuda\", dtype=torch.float16):\n"}
,{"stream_name":"stderr","time":325.15067084,"data":"/kaggle/src/script.py:325: FutureWarning: `torch.cuda.amp.autocast(args...)` is deprecated. Please use `torch.amp.autocast('cuda', args...)` instead.\n"}
,{"stream_name":"stderr","time":325.15070623,"data":"  with torch.cuda.amp.autocast(enabled=DEVICE.type == \"cuda\", dtype=torch.float16):\n"}
,{"stream_name":"stderr","time":325.606598623,"data":"/kaggle/src/script.py:325: FutureWarning: `torch.cuda.amp.autocast(args...)` is deprecated. Please use `torch.amp.autocast('cuda', args...)` instead.\n"}
,{"stream_name":"stderr","time":325.606636471,"data":"  with torch.cuda.amp.autocast(enabled=DEVICE.type == \"cuda\", dtype=torch.float16):\n"}
,{"stream_name":"stderr","time":326.217186908,"data":"/kaggle/src/script.py:325: FutureWarning: `torch.cuda.amp.autocast(args...)` is deprecated. Please use `torch.amp.autocast('cuda', args...)` instead.\n"}
,{"stream_name":"stderr","time":326.21725527,"data":"  with torch.cuda.amp.autocast(enabled=DEVICE.type == \"cuda\", dtype=torch.float16):\n"}
,{"stream_name":"stderr","time":326.949952555,"data":"/kaggle/src/script.py:325: FutureWarning: `torch.cuda.amp.autocast(args...)` is deprecated. Please use `torch.amp.autocast('cuda', args...)` instead.\n"}
,{"stream_name":"stderr","time":326.949998899,"data":"  with torch.cuda.amp.autocast(enabled=DEVICE.type == \"cuda\", dtype=torch.float16):\n"}
,{"stream_name":"stdout","time":327.628510875,"data":"epoch=0 session=210/213 step=52 loss=2.4394 ce=1.4737 rank=0.7935 struct=1.3760\n"}
,{"stream_name":"stderr","time":327.629696682,"data":"/kaggle/src/script.py:325: FutureWarning: `torch.cuda.amp.autocast(args...)` is deprecated. Please use `torch.amp.autocast('cuda', args...)` instead.\n"}
,{"stream_name":"stderr","time":327.62970848,"data":"  with torch.cuda.amp.autocast(enabled=DEVICE.type == \"cuda\", dtype=torch.float16):\n"}
,{"stream_name":"stderr","time":328.046458864,"data":"/kaggle/src/script.py:325: FutureWarning: `torch.cuda.amp.autocast(args...)` is deprecated. Please use `torch.amp.autocast('cuda', args...)` instead.\n"}
,{"stream_name":"stderr","time":328.046508792,"data":"  with torch.cuda.amp.autocast(enabled=DEVICE.type == \"cuda\", dtype=torch.float16):\n"}
,{"stream_name":"stderr","time":328.722639224,"data":"/kaggle/src/script.py:325: FutureWarning: `torch.cuda.amp.autocast(args...)` is deprecated. Please use `torch.amp.autocast('cuda', args...)` instead.\n"}
,{"stream_name":"stderr","time":328.722689027,"data":"  with torch.cuda.amp.autocast(enabled=DEVICE.type == \"cuda\", dtype=torch.float16):\n"}
,{"stream_name":"stderr","time":329.35844043,"data":"/kaggle/src/script.py:325: FutureWarning: `torch.cuda.amp.autocast(args...)` is deprecated. Please use `torch.amp.autocast('cuda', args...)` instead.\n"}
,{"stream_name":"stderr","time":329.358477508,"data":"  with torch.cuda.amp.autocast(enabled=DEVICE.type == \"cuda\", dtype=torch.float16):\n"}
,{"stream_name":"stderr","time":329.796061394,"data":"/kaggle/src/script.py:325: FutureWarning: `torch.cuda.amp.autocast(args...)` is deprecated. Please use `torch.amp.autocast('cuda', args...)` instead.\n"}
,{"stream_name":"stderr","time":329.796097526,"data":"  with torch.cuda.amp.autocast(enabled=DEVICE.type == \"cuda\", dtype=torch.float16):\n"}
,{"stream_name":"stderr","time":330.389351859,"data":"/kaggle/src/script.py:325: FutureWarning: `torch.cuda.amp.autocast(args...)` is deprecated. Please use `torch.amp.autocast('cuda', args...)` instead.\n"}
,{"stream_name":"stderr","time":330.3893875,"data":"  with torch.cuda.amp.autocast(enabled=DEVICE.type == \"cuda\", dtype=torch.float16):\n"}
,{"stream_name":"stderr","time":331.009376061,"data":"/kaggle/src/script.py:325: FutureWarning: `torch.cuda.amp.autocast(args...)` is deprecated. Please use `torch.amp.autocast('cuda', args...)` instead.\n"}
,{"stream_name":"stderr","time":331.009412218,"data":"  with torch.cuda.amp.autocast(enabled=DEVICE.type == \"cuda\", dtype=torch.float16):\n"}
,{"stream_name":"stderr","time":331.492154563,"data":"/kaggle/src/script.py:325: FutureWarning: `torch.cuda.amp.autocast(args...)` is deprecated. Please use `torch.amp.autocast('cuda', args...)` instead.\n"}
,{"stream_name":"stderr","time":331.49220717,"data":"  with torch.cuda.amp.autocast(enabled=DEVICE.type == \"cuda\", dtype=torch.float16):\n"}
,{"stream_name":"stderr","time":331.90349853,"data":"/kaggle/src/script.py:325: FutureWarning: `torch.cuda.amp.autocast(args...)` is deprecated. Please use `torch.amp.autocast('cuda', args...)` instead.\n"}
,{"stream_name":"stderr","time":331.903550828,"data":"  with torch.cuda.amp.autocast(enabled=DEVICE.type == \"cuda\", dtype=torch.float16):\n"}
,{"stream_name":"stderr","time":332.354513191,"data":"/kaggle/src/script.py:325: FutureWarning: `torch.cuda.amp.autocast(args...)` is deprecated. Please use `torch.amp.autocast('cuda', args...)` instead.\n"}
,{"stream_name":"stderr","time":332.354573448,"data":"  with torch.cuda.amp.autocast(enabled=DEVICE.type == \"cuda\", dtype=torch.float16):\n"}
,{"stream_name":"stderr","time":332.998500097,"data":"/kaggle/src/script.py:325: FutureWarning: `torch.cuda.amp.autocast(args...)` is deprecated. Please use `torch.amp.autocast('cuda', args...)` instead.\n"}
,{"stream_name":"stderr","time":332.99855943,"data":"  with torch.cuda.amp.autocast(enabled=DEVICE.type == \"cuda\", dtype=torch.float16):\n"}
,{"stream_name":"stderr","time":333.672094376,"data":"/kaggle/src/script.py:325: FutureWarning: `torch.cuda.amp.autocast(args...)` is deprecated. Please use `torch.amp.autocast('cuda', args...)` instead.\n"}
,{"stream_name":"stderr","time":333.672132134,"data":"  with torch.cuda.amp.autocast(enabled=DEVICE.type == \"cuda\", dtype=torch.float16):\n"}
,{"stream_name":"stderr","time":334.150753284,"data":"/kaggle/src/script.py:325: FutureWarning: `torch.cuda.amp.autocast(args...)` is deprecated. Please use `torch.amp.autocast('cuda', args...)` instead.\n"}
,{"stream_name":"stderr","time":334.150799545,"data":"  with torch.cuda.amp.autocast(enabled=DEVICE.type == \"cuda\", dtype=torch.float16):\n"}
,{"stream_name":"stdout","time":334.731272846,"data":"epoch=1 session=10/213 step=56 loss=2.3695 ce=1.5196 rank=0.8151 struct=1.1292\n"}
,{"stream_name":"stderr","time":334.732486809,"data":"/kaggle/src/script.py:325: FutureWarning: `torch.cuda.amp.autocast(args...)` is deprecated. Please use `torch.amp.autocast('cuda', args...)` instead.\n"}
,{"stream_name":"stderr","time":334.732501954,"data":"  with torch.cuda.amp.autocast(enabled=DEVICE.type == \"cuda\", dtype=torch.float16):\n"}
,{"stream_name":"stderr","time":335.372768565,"data":"/kaggle/src/script.py:325: FutureWarning: `torch.cuda.amp.autocast(args...)` is deprecated. Please use `torch.amp.autocast('cuda', args...)` instead.\n"}
,{"stream_name":"stderr","time":335.372844459,"data":"  with torch.cuda.amp.autocast(enabled=DEVICE.type == \"cuda\", dtype=torch.float16):\n"}
,{"stream_name":"stderr","time":335.854176397,"data":"/kaggle/src/script.py:325: FutureWarning: `torch.cuda.amp.autocast(args...)` is deprecated. Please use `torch.amp.autocast('cuda', args...)` instead.\n"}
,{"stream_name":"stderr","time":335.854232652,"data":"  with torch.cuda.amp.autocast(enabled=DEVICE.type == \"cuda\", dtype=torch.float16):\n"}
,{"stream_name":"stderr","time":336.288893827,"data":"/kaggle/src/script.py:325: FutureWarning: `torch.cuda.amp.autocast(args...)` is deprecated. Please use `torch.amp.autocast('cuda', args...)` instead.\n"}
,{"stream_name":"stderr","time":336.288952332,"data":"  with torch.cuda.amp.autocast(enabled=DEVICE.type == \"cuda\", dtype=torch.float16):\n"}
,{"stream_name":"stderr","time":336.73289759,"data":"/kaggle/src/script.py:325: FutureWarning: `torch.cuda.amp.autocast(args...)` is deprecated. Please use `torch.amp.autocast('cuda', args...)` instead.\n"}
,{"stream_name":"stderr","time":336.732936074,"data":"  with torch.cuda.amp.autocast(enabled=DEVICE.type == \"cuda\", dtype=torch.float16):\n"}
,{"stream_name":"stderr","time":337.304128523,"data":"/kaggle/src/script.py:325: FutureWarning: `torch.cuda.amp.autocast(args...)` is deprecated. Please use `torch.amp.autocast('cuda', args...)` instead.\n"}
,{"stream_name":"stderr","time":337.304171779,"data":"  with torch.cuda.amp.autocast(enabled=DEVICE.type == \"cuda\", dtype=torch.float16):\n"}
,{"stream_name":"stderr","time":337.946937976,"data":"/kaggle/src/script.py:325: FutureWarning: `torch.cuda.amp.autocast(args...)` is deprecated. Please use `torch.amp.autocast('cuda', args...)` instead.\n"}
,{"stream_name":"stderr","time":337.946992424,"data":"  with torch.cuda.amp.autocast(enabled=DEVICE.type == \"cuda\", dtype=torch.float16):\n"}
,{"stream_name":"stderr","time":338.570340095,"data":"/kaggle/src/script.py:325: FutureWarning: `torch.cuda.amp.autocast(args...)` is deprecated. Please use `torch.amp.autocast('cuda', args...)` instead.\n"}
,{"stream_name":"stderr","time":338.570386423,"data":"  with torch.cuda.amp.autocast(enabled=DEVICE.type == \"cuda\", dtype=torch.float16):\n"}
,{"stream_name":"stderr","time":339.001388739,"data":"/kaggle/src/script.py:325: FutureWarning: `torch.cuda.amp.autocast(args...)` is deprecated. Please use `torch.amp.autocast('cuda', args...)` instead.\n"}
,{"stream_name":"stderr","time":339.001423794,"data":"  with torch.cuda.amp.autocast(enabled=DEVICE.type == \"cuda\", dtype=torch.float16):\n"}
,{"stream_name":"stderr","time":339.482152278,"data":"/kaggle/src/script.py:325: FutureWarning: `torch.cuda.amp.autocast(args...)` is deprecated. Please use `torch.amp.autocast('cuda', args...)` instead.\n"}
,{"stream_name":"stderr","time":339.482192428,"data":"  with torch.cuda.amp.autocast(enabled=DEVICE.type == \"cuda\", dtype=torch.float16):\n"}
,{"stream_name":"stdout","time":340.101870906,"data":"epoch=1 session=20/213 step=59 loss=2.2633 ce=1.4522 rank=0.8157 struct=1.0511\n"}
,{"stream_name":"stderr","time":340.10290295,"data":"/kaggle/src/script.py:325: FutureWarning: `torch.cuda.amp.autocast(args...)` is deprecated. Please use `torch.amp.autocast('cuda', args...)` instead.\n"}
,{"stream_name":"stderr","time":340.102925493,"data":"  with torch.cuda.amp.autocast(enabled=DEVICE.type == \"cuda\", dtype=torch.float16):\n"}
,{"stream_name":"stderr","time":340.584075228,"data":"/kaggle/src/script.py:325: FutureWarning: `torch.cuda.amp.autocast(args...)` is deprecated. Please use `torch.amp.autocast('cuda', args...)` instead.\n"}
,{"stream_name":"stderr","time":340.584119391,"data":"  with torch.cuda.amp.autocast(enabled=DEVICE.type == \"cuda\", dtype=torch.float16):\n"}
,{"stream_name":"stderr","time":341.037920052,"data":"/kaggle/src/script.py:325: FutureWarning: `torch.cuda.amp.autocast(args...)` is deprecated. Please use `torch.amp.autocast('cuda', args...)` instead.\n"}
,{"stream_name":"stderr","time":341.037961728,"data":"  with torch.cuda.amp.autocast(enabled=DEVICE.type == \"cuda\", dtype=torch.float16):\n"}
,{"stream_name":"stderr","time":341.505765848,"data":"/kaggle/src/script.py:325: FutureWarning: `torch.cuda.amp.autocast(args...)` is deprecated. Please use `torch.amp.autocast('cuda', args...)` instead.\n"}
,{"stream_name":"stderr","time":341.505804765,"data":"  with torch.cuda.amp.autocast(enabled=DEVICE.type == \"cuda\", dtype=torch.float16):\n"}
,{"stream_name":"stderr","time":341.941620398,"data":"/kaggle/src/script.py:325: FutureWarning: `torch.cuda.amp.autocast(args...)` is deprecated. Please use `torch.amp.autocast('cuda', args...)` instead.\n"}
,{"stream_name":"stderr","time":341.941649805,"data":"  with torch.cuda.amp.autocast(enabled=DEVICE.type == \"cuda\", dtype=torch.float16):\n"}
,{"stream_name":"stderr","time":342.551600163,"data":"/kaggle/src/script.py:325: FutureWarning: `torch.cuda.amp.autocast(args...)` is deprecated. Please use `torch.amp.autocast('cuda', args...)` instead.\n"}
,{"stream_name":"stderr","time":342.551646182,"data":"  with torch.cuda.amp.autocast(enabled=DEVICE.type == \"cuda\", dtype=torch.float16):\n"}
,{"stream_name":"stderr","time":342.986991552,"data":"/kaggle/src/script.py:325: FutureWarning: `torch.cuda.amp.autocast(args...)` is deprecated. Please use `torch.amp.autocast('cuda', args...)` instead.\n"}
,{"stream_name":"stderr","time":342.987035506,"data":"  with torch.cuda.amp.autocast(enabled=DEVICE.type == \"cuda\", dtype=torch.float16):\n"}
,{"stream_name":"stderr","time":343.4598664,"data":"/kaggle/src/script.py:325: FutureWarning: `torch.cuda.amp.autocast(args...)` is deprecated. Please use `torch.amp.autocast('cuda', args...)` instead.\n"}
,{"stream_name":"stderr","time":343.459904458,"data":"  with torch.cuda.amp.autocast(enabled=DEVICE.type == \"cuda\", dtype=torch.float16):\n"}
,{"stream_name":"stderr","time":343.908131554,"data":"/kaggle/src/script.py:325: FutureWarning: `torch.cuda.amp.autocast(args...)` is deprecated. Please use `torch.amp.autocast('cuda', args...)` instead.\n"}
,{"stream_name":"stderr","time":343.908171438,"data":"  with torch.cuda.amp.autocast(enabled=DEVICE.type == \"cuda\", dtype=torch.float16):\n"}
,{"stream_name":"stderr","time":344.357896601,"data":"/kaggle/src/script.py:325: FutureWarning: `torch.cuda.amp.autocast(args...)` is deprecated. Please use `torch.amp.autocast('cuda', args...)` instead.\n"}
,{"stream_name":"stderr","time":344.357958732,"data":"  with torch.cuda.amp.autocast(enabled=DEVICE.type == \"cuda\", dtype=torch.float16):\n"}
,{"stream_name":"stdout","time":344.955849769,"data":"epoch=1 session=30/213 step=61 loss=2.5667 ce=1.4831 rank=0.7979 struct=1.6087\n"}
,{"stream_name":"stderr","time":344.957212014,"data":"/kaggle/src/script.py:325: FutureWarning: `torch.cuda.amp.autocast(args...)` is deprecated. Please use `torch.amp.autocast('cuda', args...)` instead.\n"}
,{"stream_name":"stderr","time":344.957227719,"data":"  with torch.cuda.amp.autocast(enabled=DEVICE.type == \"cuda\", dtype=torch.float16):\n"}
,{"stream_name":"stderr","time":345.614378658,"data":"/kaggle/src/script.py:325: FutureWarning: `torch.cuda.amp.autocast(args...)` is deprecated. Please use `torch.amp.autocast('cuda', args...)` instead.\n"}
,{"stream_name":"stderr","time":345.614428833,"data":"  with torch.cuda.amp.autocast(enabled=DEVICE.type == \"cuda\", dtype=torch.float16):\n"}
,{"stream_name":"stderr","time":346.245998763,"data":"/kaggle/src/script.py:325: FutureWarning: `torch.cuda.amp.autocast(args...)` is deprecated. Please use `torch.amp.autocast('cuda', args...)` instead.\n"}
,{"stream_name":"stderr","time":346.246050978,"data":"  with torch.cuda.amp.autocast(enabled=DEVICE.type == \"cuda\", dtype=torch.float16):\n"}
,{"stream_name":"stderr","time":346.700059042,"data":"/kaggle/src/script.py:325: FutureWarning: `torch.cuda.amp.autocast(args...)` is deprecated. Please use `torch.amp.autocast('cuda', args...)` instead.\n"}
,{"stream_name":"stderr","time":346.700106727,"data":"  with torch.cuda.amp.autocast(enabled=DEVICE.type == \"cuda\", dtype=torch.float16):\n"}
,{"stream_name":"stderr","time":347.125940305,"data":"/kaggle/src/script.py:325: FutureWarning: `torch.cuda.amp.autocast(args...)` is deprecated. Please use `torch.amp.autocast('cuda', args...)` instead.\n"}
,{"stream_name":"stderr","time":347.125975007,"data":"  with torch.cuda.amp.autocast(enabled=DEVICE.type == \"cuda\", dtype=torch.float16):\n"}
,{"stream_name":"stderr","time":347.721831636,"data":"/kaggle/src/script.py:325: FutureWarning: `torch.cuda.amp.autocast(args...)` is deprecated. Please use `torch.amp.autocast('cuda', args...)` instead.\n"}
,{"stream_name":"stderr","time":347.721871752,"data":"  with torch.cuda.amp.autocast(enabled=DEVICE.type == \"cuda\", dtype=torch.float16):\n"}
,{"stream_name":"stderr","time":348.372817396,"data":"/kaggle/src/script.py:325: FutureWarning: `torch.cuda.amp.autocast(args...)` is deprecated. Please use `torch.amp.autocast('cuda', args...)` instead.\n"}
,{"stream_name":"stderr","time":348.372854098,"data":"  with torch.cuda.amp.autocast(enabled=DEVICE.type == \"cuda\", dtype=torch.float16):\n"}
,{"stream_name":"stderr","time":349.050073638,"data":"/kaggle/src/script.py:325: FutureWarning: `torch.cuda.amp.autocast(args...)` is deprecated. Please use `torch.amp.autocast('cuda', args...)` instead.\n"}
,{"stream_name":"stderr","time":349.050120212,"data":"  with torch.cuda.amp.autocast(enabled=DEVICE.type == \"cuda\", dtype=torch.float16):\n"}
,{"stream_name":"stderr","time":349.731032324,"data":"/kaggle/src/script.py:325: FutureWarning: `torch.cuda.amp.autocast(args...)` is deprecated. Please use `torch.amp.autocast('cuda', args...)` instead.\n"}
,{"stream_name":"stderr","time":349.731070137,"data":"  with torch.cuda.amp.autocast(enabled=DEVICE.type == \"cuda\", dtype=torch.float16):\n"}
,{"stream_name":"stderr","time":350.202397532,"data":"/kaggle/src/script.py:325: FutureWarning: `torch.cuda.amp.autocast(args...)` is deprecated. Please use `torch.amp.autocast('cuda', args...)` instead.\n"}
,{"stream_name":"stderr","time":350.202471278,"data":"  with torch.cuda.amp.autocast(enabled=DEVICE.type == \"cuda\", dtype=torch.float16):\n"}
,{"stream_name":"stdout","time":350.633086385,"data":"epoch=1 session=40/213 step=64 loss=2.3125 ce=1.4619 rank=0.8113 struct=1.1333\n"}
,{"stream_name":"stderr","time":350.634346592,"data":"/kaggle/src/script.py:325: FutureWarning: `torch.cuda.amp.autocast(args...)` is deprecated. Please use `torch.amp.autocast('cuda', args...)` instead.\n"}
,{"stream_name":"stderr","time":350.634364454,"data":"  with torch.cuda.amp.autocast(enabled=DEVICE.type == \"cuda\", dtype=torch.float16):\n"}
,{"stream_name":"stderr","time":351.2723604,"data":"/kaggle/src/script.py:325: FutureWarning: `torch.cuda.amp.autocast(args...)` is deprecated. Please use `torch.amp.autocast('cuda', args...)` instead.\n"}
,{"stream_name":"stderr","time":351.272400119,"data":"  with torch.cuda.amp.autocast(enabled=DEVICE.type == \"cuda\", dtype=torch.float16):\n"}
,{"stream_name":"stderr","time":351.936314567,"data":"/kaggle/src/script.py:325: FutureWarning: `torch.cuda.amp.autocast(args...)` is deprecated. Please use `torch.amp.autocast('cuda', args...)` instead.\n"}
,{"stream_name":"stderr","time":351.936372257,"data":"  with torch.cuda.amp.autocast(enabled=DEVICE.type == \"cuda\", dtype=torch.float16):\n"}
,{"stream_name":"stderr","time":352.398584703,"data":"/kaggle/src/script.py:325: FutureWarning: `torch.cuda.amp.autocast(args...)` is deprecated. Please use `torch.amp.autocast('cuda', args...)` instead.\n"}
,{"stream_name":"stderr","time":352.398639145,"data":"  with torch.cuda.amp.autocast(enabled=DEVICE.type == \"cuda\", dtype=torch.float16):\n"}
,{"stream_name":"stderr","time":353.000131439,"data":"/kaggle/src/script.py:325: FutureWarning: `torch.cuda.amp.autocast(args...)` is deprecated. Please use `torch.amp.autocast('cuda', args...)` instead.\n"}
,{"stream_name":"stderr","time":353.000173372,"data":"  with torch.cuda.amp.autocast(enabled=DEVICE.type == \"cuda\", dtype=torch.float16):\n"}
,{"stream_name":"stderr","time":353.454128519,"data":"/kaggle/src/script.py:325: FutureWarning: `torch.cuda.amp.autocast(args...)` is deprecated. Please use `torch.amp.autocast('cuda', args...)` instead.\n"}
,{"stream_name":"stderr","time":353.454208108,"data":"  with torch.cuda.amp.autocast(enabled=DEVICE.type == \"cuda\", dtype=torch.float16):\n"}
,{"stream_name":"stderr","time":353.899795973,"data":"/kaggle/src/script.py:325: FutureWarning: `torch.cuda.amp.autocast(args...)` is deprecated. Please use `torch.amp.autocast('cuda', args...)` instead.\n"}
,{"stream_name":"stderr","time":353.899843069,"data":"  with torch.cuda.amp.autocast(enabled=DEVICE.type == \"cuda\", dtype=torch.float16):\n"}
,{"stream_name":"stderr","time":354.345327848,"data":"/kaggle/src/script.py:325: FutureWarning: `torch.cuda.amp.autocast(args...)` is deprecated. Please use `torch.amp.autocast('cuda', args...)` instead.\n"}
,{"stream_name":"stderr","time":354.345366776,"data":"  with torch.cuda.amp.autocast(enabled=DEVICE.type == \"cuda\", dtype=torch.float16):\n"}
,{"stream_name":"stderr","time":355.017517946,"data":"/kaggle/src/script.py:325: FutureWarning: `torch.cuda.amp.autocast(args...)` is deprecated. Please use `torch.amp.autocast('cuda', args...)` instead.\n"}
,{"stream_name":"stderr","time":355.017555628,"data":"  with torch.cuda.amp.autocast(enabled=DEVICE.type == \"cuda\", dtype=torch.float16):\n"}
,{"stream_name":"stderr","time":355.643250256,"data":"/kaggle/src/script.py:325: FutureWarning: `torch.cuda.amp.autocast(args...)` is deprecated. Please use `torch.amp.autocast('cuda', args...)` instead.\n"}
,{"stream_name":"stderr","time":355.643310636,"data":"  with torch.cuda.amp.autocast(enabled=DEVICE.type == \"cuda\", dtype=torch.float16):\n"}
,{"stream_name":"stdout","time":356.285214072,"data":"epoch=1 session=50/213 step=66 loss=2.2537 ce=1.3399 rank=0.8136 struct=1.2582\n"}
,{"stream_name":"stderr","time":356.286385964,"data":"/kaggle/src/script.py:325: FutureWarning: `torch.cuda.amp.autocast(args...)` is deprecated. Please use `torch.amp.autocast('cuda', args...)` instead.\n"}
,{"stream_name":"stderr","time":356.286402453,"data":"  with torch.cuda.amp.autocast(enabled=DEVICE.type == \"cuda\", dtype=torch.float16):\n"}
,{"stream_name":"stderr","time":356.910824437,"data":"/kaggle/src/script.py:325: FutureWarning: `torch.cuda.amp.autocast(args...)` is deprecated. Please use `torch.amp.autocast('cuda', args...)` instead.\n"}
,{"stream_name":"stderr","time":356.910861476,"data":"  with torch.cuda.amp.autocast(enabled=DEVICE.type == \"cuda\", dtype=torch.float16):\n"}
,{"stream_name":"stderr","time":357.510989391,"data":"/kaggle/src/script.py:325: FutureWarning: `torch.cuda.amp.autocast(args...)` is deprecated. Please use `torch.amp.autocast('cuda', args...)` instead.\n"}
,{"stream_name":"stderr","time":357.511028586,"data":"  with torch.cuda.amp.autocast(enabled=DEVICE.type == \"cuda\", dtype=torch.float16):\n"}
,{"stream_name":"stderr","time":358.161376406,"data":"/kaggle/src/script.py:325: FutureWarning: `torch.cuda.amp.autocast(args...)` is deprecated. Please use `torch.amp.autocast('cuda', args...)` instead.\n"}
,{"stream_name":"stderr","time":358.161437044,"data":"  with torch.cuda.amp.autocast(enabled=DEVICE.type == \"cuda\", dtype=torch.float16):\n"}
,{"stream_name":"stderr","time":358.601664449,"data":"/kaggle/src/script.py:325: FutureWarning: `torch.cuda.amp.autocast(args...)` is deprecated. Please use `torch.amp.autocast('cuda', args...)` instead.\n"}
,{"stream_name":"stderr","time":358.601705718,"data":"  with torch.cuda.amp.autocast(enabled=DEVICE.type == \"cuda\", dtype=torch.float16):\n"}
,{"stream_name":"stderr","time":359.037266113,"data":"/kaggle/src/script.py:325: FutureWarning: `torch.cuda.amp.autocast(args...)` is deprecated. Please use `torch.amp.autocast('cuda', args...)` instead.\n"}
,{"stream_name":"stderr","time":359.037313794,"data":"  with torch.cuda.amp.autocast(enabled=DEVICE.type == \"cuda\", dtype=torch.float16):\n"}
,{"stream_name":"stderr","time":359.714185895,"data":"/kaggle/src/script.py:325: FutureWarning: `torch.cuda.amp.autocast(args...)` is deprecated. Please use `torch.amp.autocast('cuda', args...)` instead.\n"}
,{"stream_name":"stderr","time":359.714229102,"data":"  with torch.cuda.amp.autocast(enabled=DEVICE.type == \"cuda\", dtype=torch.float16):\n"}
,{"stream_name":"stderr","time":360.14244411,"data":"/kaggle/src/script.py:325: FutureWarning: `torch.cuda.amp.autocast(args...)` is deprecated. Please use `torch.amp.autocast('cuda', args...)` instead.\n"}
,{"stream_name":"stderr","time":360.142480792,"data":"  with torch.cuda.amp.autocast(enabled=DEVICE.type == \"cuda\", dtype=torch.float16):\n"}
,{"stream_name":"stderr","time":360.57238132,"data":"/kaggle/src/script.py:325: FutureWarning: `torch.cuda.amp.autocast(args...)` is deprecated. Please use `torch.amp.autocast('cuda', args...)` instead.\n"}
,{"stream_name":"stderr","time":360.572420019,"data":"  with torch.cuda.amp.autocast(enabled=DEVICE.type == \"cuda\", dtype=torch.float16):\n"}
,{"stream_name":"stderr","time":361.185092206,"data":"/kaggle/src/script.py:325: FutureWarning: `torch.cuda.amp.autocast(args...)` is deprecated. Please use `torch.amp.autocast('cuda', args...)` instead.\n"}
,{"stream_name":"stderr","time":361.185129701,"data":"  with torch.cuda.amp.autocast(enabled=DEVICE.type == \"cuda\", dtype=torch.float16):\n"}
,{"stream_name":"stdout","time":361.628225443,"data":"epoch=1 session=60/213 step=69 loss=2.3913 ce=1.5152 rank=0.8073 struct=1.1870\n"}
,{"stream_name":"stderr","time":361.629316631,"data":"/kaggle/src/script.py:325: FutureWarning: `torch.cuda.amp.autocast(args...)` is deprecated. Please use `torch.amp.autocast('cuda', args...)` instead.\n"}
,{"stream_name":"stderr","time":361.629341955,"data":"  with torch.cuda.amp.autocast(enabled=DEVICE.type == \"cuda\", dtype=torch.float16):\n"}
,{"stream_name":"stderr","time":362.100647937,"data":"/kaggle/src/script.py:325: FutureWarning: `torch.cuda.amp.autocast(args...)` is deprecated. Please use `torch.amp.autocast('cuda', args...)` instead.\n"}
,{"stream_name":"stderr","time":362.100688277,"data":"  with torch.cuda.amp.autocast(enabled=DEVICE.type == \"cuda\", dtype=torch.float16):\n"}
,{"stream_name":"stderr","time":362.717783736,"data":"/kaggle/src/script.py:325: FutureWarning: `torch.cuda.amp.autocast(args...)` is deprecated. Please use `torch.amp.autocast('cuda', args...)` instead.\n"}
,{"stream_name":"stderr","time":362.717827412,"data":"  with torch.cuda.amp.autocast(enabled=DEVICE.type == \"cuda\", dtype=torch.float16):\n"}
,{"stream_name":"stderr","time":363.349201555,"data":"/kaggle/src/script.py:325: FutureWarning: `torch.cuda.amp.autocast(args...)` is deprecated. Please use `torch.amp.autocast('cuda', args...)` instead.\n"}
,{"stream_name":"stderr","time":363.34924782,"data":"  with torch.cuda.amp.autocast(enabled=DEVICE.type == \"cuda\", dtype=torch.float16):\n"}
,{"stream_name":"stderr","time":363.791084579,"data":"/kaggle/src/script.py:325: FutureWarning: `torch.cuda.amp.autocast(args...)` is deprecated. Please use `torch.amp.autocast('cuda', args...)` instead.\n"}
,{"stream_name":"stderr","time":363.791127093,"data":"  with torch.cuda.amp.autocast(enabled=DEVICE.type == \"cuda\", dtype=torch.float16):\n"}
,{"stream_name":"stderr","time":364.223512111,"data":"/kaggle/src/script.py:325: FutureWarning: `torch.cuda.amp.autocast(args...)` is deprecated. Please use `torch.amp.autocast('cuda', args...)` instead.\n"}
,{"stream_name":"stderr","time":364.223548959,"data":"  with torch.cuda.amp.autocast(enabled=DEVICE.type == \"cuda\", dtype=torch.float16):\n"}
,{"stream_name":"stderr","time":364.813630587,"data":"/kaggle/src/script.py:325: FutureWarning: `torch.cuda.amp.autocast(args...)` is deprecated. Please use `torch.amp.autocast('cuda', args...)` instead.\n"}
,{"stream_name":"stderr","time":364.813668213,"data":"  with torch.cuda.amp.autocast(enabled=DEVICE.type == \"cuda\", dtype=torch.float16):\n"}
,{"stream_name":"stderr","time":365.268774836,"data":"/kaggle/src/script.py:325: FutureWarning: `torch.cuda.amp.autocast(args...)` is deprecated. Please use `torch.amp.autocast('cuda', args...)` instead.\n"}
,{"stream_name":"stderr","time":365.26881729,"data":"  with torch.cuda.amp.autocast(enabled=DEVICE.type == \"cuda\", dtype=torch.float16):\n"}
,{"stream_name":"stderr","time":365.702736092,"data":"/kaggle/src/script.py:325: FutureWarning: `torch.cuda.amp.autocast(args...)` is deprecated. Please use `torch.amp.autocast('cuda', args...)` instead.\n"}
,{"stream_name":"stderr","time":365.702801442,"data":"  with torch.cuda.amp.autocast(enabled=DEVICE.type == \"cuda\", dtype=torch.float16):\n"}
,{"stream_name":"stderr","time":366.295120298,"data":"/kaggle/src/script.py:325: FutureWarning: `torch.cuda.amp.autocast(args...)` is deprecated. Please use `torch.amp.autocast('cuda', args...)` instead.\n"}
,{"stream_name":"stderr","time":366.295171008,"data":"  with torch.cuda.amp.autocast(enabled=DEVICE.type == \"cuda\", dtype=torch.float16):\n"}
,{"stream_name":"stdout","time":366.719412112,"data":"epoch=1 session=70/213 step=71 loss=2.5311 ce=1.5369 rank=0.7740 struct=1.4465\n"}
,{"stream_name":"stderr","time":366.720802883,"data":"/kaggle/src/script.py:325: FutureWarning: `torch.cuda.amp.autocast(args...)` is deprecated. Please use `torch.amp.autocast('cuda', args...)` instead.\n"}
,{"stream_name":"stderr","time":366.720828793,"data":"  with torch.cuda.amp.autocast(enabled=DEVICE.type == \"cuda\", dtype=torch.float16):\n"}
,{"stream_name":"stderr","time":367.193594256,"data":"/kaggle/src/script.py:325: FutureWarning: `torch.cuda.amp.autocast(args...)` is deprecated. Please use `torch.amp.autocast('cuda', args...)` instead.\n"}
,{"stream_name":"stderr","time":367.193644003,"data":"  with torch.cuda.amp.autocast(enabled=DEVICE.type == \"cuda\", dtype=torch.float16):\n"}
,{"stream_name":"stderr","time":367.798514162,"data":"/kaggle/src/script.py:325: FutureWarning: `torch.cuda.amp.autocast(args...)` is deprecated. Please use `torch.amp.autocast('cuda', args...)` instead.\n"}
,{"stream_name":"stderr","time":367.798552887,"data":"  with torch.cuda.amp.autocast(enabled=DEVICE.type == \"cuda\", dtype=torch.float16):\n"}
,{"stream_name":"stderr","time":368.447569254,"data":"/kaggle/src/script.py:325: FutureWarning: `torch.cuda.amp.autocast(args...)` is deprecated. Please use `torch.amp.autocast('cuda', args...)` instead.\n"}
,{"stream_name":"stderr","time":368.447609102,"data":"  with torch.cuda.amp.autocast(enabled=DEVICE.type == \"cuda\", dtype=torch.float16):\n"}
,{"stream_name":"stderr","time":369.059386411,"data":"/kaggle/src/script.py:325: FutureWarning: `torch.cuda.amp.autocast(args...)` is deprecated. Please use `torch.amp.autocast('cuda', args...)` instead.\n"}
,{"stream_name":"stderr","time":369.0594559,"data":"  with torch.cuda.amp.autocast(enabled=DEVICE.type == \"cuda\", dtype=torch.float16):\n"}
,{"stream_name":"stderr","time":369.501377775,"data":"/kaggle/src/script.py:325: FutureWarning: `torch.cuda.amp.autocast(args...)` is deprecated. Please use `torch.amp.autocast('cuda', args...)` instead.\n"}
,{"stream_name":"stderr","time":369.501416334,"data":"  with torch.cuda.amp.autocast(enabled=DEVICE.type == \"cuda\", dtype=torch.float16):\n"}
,{"stream_name":"stderr","time":370.162012301,"data":"/kaggle/src/script.py:325: FutureWarning: `torch.cuda.amp.autocast(args...)` is deprecated. Please use `torch.amp.autocast('cuda', args...)` instead.\n"}
,{"stream_name":"stderr","time":370.162051144,"data":"  with torch.cuda.amp.autocast(enabled=DEVICE.type == \"cuda\", dtype=torch.float16):\n"}
,{"stream_name":"stderr","time":370.660971003,"data":"/kaggle/src/script.py:325: FutureWarning: `torch.cuda.amp.autocast(args...)` is deprecated. Please use `torch.amp.autocast('cuda', args...)` instead.\n"}
,{"stream_name":"stderr","time":370.661014712,"data":"  with torch.cuda.amp.autocast(enabled=DEVICE.type == \"cuda\", dtype=torch.float16):\n"}
,{"stream_name":"stderr","time":371.11534569,"data":"/kaggle/src/script.py:325: FutureWarning: `torch.cuda.amp.autocast(args...)` is deprecated. Please use `torch.amp.autocast('cuda', args...)` instead.\n"}
,{"stream_name":"stderr","time":371.115372613,"data":"  with torch.cuda.amp.autocast(enabled=DEVICE.type == \"cuda\", dtype=torch.float16):\n"}
,{"stream_name":"stderr","time":371.5524647,"data":"/kaggle/src/script.py:325: FutureWarning: `torch.cuda.amp.autocast(args...)` is deprecated. Please use `torch.amp.autocast('cuda', args...)` instead.\n"}
,{"stream_name":"stderr","time":371.552502125,"data":"  with torch.cuda.amp.autocast(enabled=DEVICE.type == \"cuda\", dtype=torch.float16):\n"}
,{"stream_name":"stdout","time":371.983264974,"data":"epoch=1 session=80/213 step=74 loss=2.7204 ce=1.5836 rank=0.8457 struct=1.6815\n"}
,{"stream_name":"stderr","time":371.984404459,"data":"/kaggle/src/script.py:325: FutureWarning: `torch.cuda.amp.autocast(args...)` is deprecated. Please use `torch.amp.autocast('cuda', args...)` instead.\n"}
,{"stream_name":"stderr","time":371.984439286,"data":"  with torch.cuda.amp.autocast(enabled=DEVICE.type == \"cuda\", dtype=torch.float16):\n"}
,{"stream_name":"stderr","time":372.432075815,"data":"/kaggle/src/script.py:325: FutureWarning: `torch.cuda.amp.autocast(args...)` is deprecated. Please use `torch.amp.autocast('cuda', args...)` instead.\n"}
,{"stream_name":"stderr","time":372.432118438,"data":"  with torch.cuda.amp.autocast(enabled=DEVICE.type == \"cuda\", dtype=torch.float16):\n"}
,{"stream_name":"stderr","time":372.878231484,"data":"/kaggle/src/script.py:325: FutureWarning: `torch.cuda.amp.autocast(args...)` is deprecated. Please use `torch.amp.autocast('cuda', args...)` instead.\n"}
,{"stream_name":"stderr","time":372.878274377,"data":"  with torch.cuda.amp.autocast(enabled=DEVICE.type == \"cuda\", dtype=torch.float16):\n"}
,{"stream_name":"stderr","time":373.492092525,"data":"/kaggle/src/script.py:325: FutureWarning: `torch.cuda.amp.autocast(args...)` is deprecated. Please use `torch.amp.autocast('cuda', args...)` instead.\n"}
,{"stream_name":"stderr","time":373.492132674,"data":"  with torch.cuda.amp.autocast(enabled=DEVICE.type == \"cuda\", dtype=torch.float16):\n"}
,{"stream_name":"stderr","time":373.958435271,"data":"/kaggle/src/script.py:325: FutureWarning: `torch.cuda.amp.autocast(args...)` is deprecated. Please use `torch.amp.autocast('cuda', args...)` instead.\n"}
,{"stream_name":"stderr","time":373.958475706,"data":"  with torch.cuda.amp.autocast(enabled=DEVICE.type == \"cuda\", dtype=torch.float16):\n"}
,{"stream_name":"stderr","time":374.582296084,"data":"/kaggle/src/script.py:325: FutureWarning: `torch.cuda.amp.autocast(args...)` is deprecated. Please use `torch.amp.autocast('cuda', args...)` instead.\n"}
,{"stream_name":"stderr","time":374.582360975,"data":"  with torch.cuda.amp.autocast(enabled=DEVICE.type == \"cuda\", dtype=torch.float16):\n"}
,{"stream_name":"stderr","time":375.044452478,"data":"/kaggle/src/script.py:325: FutureWarning: `torch.cuda.amp.autocast(args...)` is deprecated. Please use `torch.amp.autocast('cuda', args...)` instead.\n"}
,{"stream_name":"stderr","time":375.044491489,"data":"  with torch.cuda.amp.autocast(enabled=DEVICE.type == \"cuda\", dtype=torch.float16):\n"}
,{"stream_name":"stderr","time":375.459938048,"data":"/kaggle/src/script.py:325: FutureWarning: `torch.cuda.amp.autocast(args...)` is deprecated. Please use `torch.amp.autocast('cuda', args...)` instead.\n"}
,{"stream_name":"stderr","time":375.459990687,"data":"  with torch.cuda.amp.autocast(enabled=DEVICE.type == \"cuda\", dtype=torch.float16):\n"}
,{"stream_name":"stderr","time":376.063162597,"data":"/kaggle/src/script.py:325: FutureWarning: `torch.cuda.amp.autocast(args...)` is deprecated. Please use `torch.amp.autocast('cuda', args...)` instead.\n"}
,{"stream_name":"stderr","time":376.06319734,"data":"  with torch.cuda.amp.autocast(enabled=DEVICE.type == \"cuda\", dtype=torch.float16):\n"}
,{"stream_name":"stderr","time":376.540363351,"data":"/kaggle/src/script.py:325: FutureWarning: `torch.cuda.amp.autocast(args...)` is deprecated. Please use `torch.amp.autocast('cuda', args...)` instead.\n"}
,{"stream_name":"stderr","time":376.540401541,"data":"  with torch.cuda.amp.autocast(enabled=DEVICE.type == \"cuda\", dtype=torch.float16):\n"}
,{"stream_name":"stdout","time":377.175884741,"data":"epoch=1 session=90/213 step=76 loss=2.4865 ce=1.4598 rank=0.7887 struct=1.5012\n"}
,{"stream_name":"stderr","time":377.177176757,"data":"/kaggle/src/script.py:325: FutureWarning: `torch.cuda.amp.autocast(args...)` is deprecated. Please use `torch.amp.autocast('cuda', args...)` instead.\n"}
,{"stream_name":"stderr","time":377.177197414,"data":"  with torch.cuda.amp.autocast(enabled=DEVICE.type == \"cuda\", dtype=torch.float16):\n"}
,{"stream_name":"stderr","time":377.623627159,"data":"/kaggle/src/script.py:325: FutureWarning: `torch.cuda.amp.autocast(args...)` is deprecated. Please use `torch.amp.autocast('cuda', args...)` instead.\n"}
,{"stream_name":"stderr","time":377.623665684,"data":"  with torch.cuda.amp.autocast(enabled=DEVICE.type == \"cuda\", dtype=torch.float16):\n"}
,{"stream_name":"stderr","time":378.055575006,"data":"/kaggle/src/script.py:325: FutureWarning: `torch.cuda.amp.autocast(args...)` is deprecated. Please use `torch.amp.autocast('cuda', args...)` instead.\n"}
,{"stream_name":"stderr","time":378.055615946,"data":"  with torch.cuda.amp.autocast(enabled=DEVICE.type == \"cuda\", dtype=torch.float16):\n"}
,{"stream_name":"stderr","time":378.490098138,"data":"/kaggle/src/script.py:325: FutureWarning: `torch.cuda.amp.autocast(args...)` is deprecated. Please use `torch.amp.autocast('cuda', args...)` instead.\n"}
,{"stream_name":"stderr","time":378.490160531,"data":"  with torch.cuda.amp.autocast(enabled=DEVICE.type == \"cuda\", dtype=torch.float16):\n"}
,{"stream_name":"stderr","time":378.936863735,"data":"/kaggle/src/script.py:325: FutureWarning: `torch.cuda.amp.autocast(args...)` is deprecated. Please use `torch.amp.autocast('cuda', args...)` instead.\n"}
,{"stream_name":"stderr","time":378.936904069,"data":"  with torch.cuda.amp.autocast(enabled=DEVICE.type == \"cuda\", dtype=torch.float16):\n"}
,{"stream_name":"stderr","time":379.56871241,"data":"/kaggle/src/script.py:325: FutureWarning: `torch.cuda.amp.autocast(args...)` is deprecated. Please use `torch.amp.autocast('cuda', args...)` instead.\n"}
,{"stream_name":"stderr","time":379.5687682,"data":"  with torch.cuda.amp.autocast(enabled=DEVICE.type == \"cuda\", dtype=torch.float16):\n"}
,{"stream_name":"stderr","time":380.191031652,"data":"/kaggle/src/script.py:325: FutureWarning: `torch.cuda.amp.autocast(args...)` is deprecated. Please use `torch.amp.autocast('cuda', args...)` instead.\n"}
,{"stream_name":"stderr","time":380.191074094,"data":"  with torch.cuda.amp.autocast(enabled=DEVICE.type == \"cuda\", dtype=torch.float16):\n"}
,{"stream_name":"stderr","time":380.833045016,"data":"/kaggle/src/script.py:325: FutureWarning: `torch.cuda.amp.autocast(args...)` is deprecated. Please use `torch.amp.autocast('cuda', args...)` instead.\n"}
,{"stream_name":"stderr","time":380.833080812,"data":"  with torch.cuda.amp.autocast(enabled=DEVICE.type == \"cuda\", dtype=torch.float16):\n"}
,{"stream_name":"stderr","time":381.505949357,"data":"/kaggle/src/script.py:325: FutureWarning: `torch.cuda.amp.autocast(args...)` is deprecated. Please use `torch.amp.autocast('cuda', args...)` instead.\n"}
,{"stream_name":"stderr","time":381.505986537,"data":"  with torch.cuda.amp.autocast(enabled=DEVICE.type == \"cuda\", dtype=torch.float16):\n"}
,{"stream_name":"stderr","time":381.984577263,"data":"/kaggle/src/script.py:325: FutureWarning: `torch.cuda.amp.autocast(args...)` is deprecated. Please use `torch.amp.autocast('cuda', args...)` instead.\n"}
,{"stream_name":"stderr","time":381.984638825,"data":"  with torch.cuda.amp.autocast(enabled=DEVICE.type == \"cuda\", dtype=torch.float16):\n"}
,{"stream_name":"stdout","time":382.435055735,"data":"epoch=1 session=100/213 step=79 loss=2.1774 ce=1.3430 rank=0.8286 struct=1.0888\n"}
,{"stream_name":"stderr","time":382.436231878,"data":"/kaggle/src/script.py:325: FutureWarning: `torch.cuda.amp.autocast(args...)` is deprecated. Please use `torch.amp.autocast('cuda', args...)` instead.\n"}
,{"stream_name":"stderr","time":382.436453942,"data":"  with torch.cuda.amp.autocast(enabled=DEVICE.type == \"cuda\", dtype=torch.float16):\n"}
,{"stream_name":"stderr","time":382.89910141,"data":"/kaggle/src/script.py:325: FutureWarning: `torch.cuda.amp.autocast(args...)` is deprecated. Please use `torch.amp.autocast('cuda', args...)` instead.\n"}
,{"stream_name":"stderr","time":382.899140587,"data":"  with torch.cuda.amp.autocast(enabled=DEVICE.type == \"cuda\", dtype=torch.float16):\n"}
,{"stream_name":"stderr","time":383.512244577,"data":"/kaggle/src/script.py:325: FutureWarning: `torch.cuda.amp.autocast(args...)` is deprecated. Please use `torch.amp.autocast('cuda', args...)` instead.\n"}
,{"stream_name":"stderr","time":383.512307569,"data":"  with torch.cuda.amp.autocast(enabled=DEVICE.type == \"cuda\", dtype=torch.float16):\n"}
,{"stream_name":"stderr","time":384.14682827,"data":"/kaggle/src/script.py:325: FutureWarning: `torch.cuda.amp.autocast(args...)` is deprecated. Please use `torch.amp.autocast('cuda', args...)` instead.\n"}
,{"stream_name":"stderr","time":384.146868416,"data":"  with torch.cuda.amp.autocast(enabled=DEVICE.type == \"cuda\", dtype=torch.float16):\n"}
,{"stream_name":"stderr","time":384.81090608,"data":"/kaggle/src/script.py:325: FutureWarning: `torch.cuda.amp.autocast(args...)` is deprecated. Please use `torch.amp.autocast('cuda', args...)` instead.\n"}
,{"stream_name":"stderr","time":384.81094517,"data":"  with torch.cuda.amp.autocast(enabled=DEVICE.type == \"cuda\", dtype=torch.float16):\n"}
,{"stream_name":"stderr","time":385.443394709,"data":"/kaggle/src/script.py:325: FutureWarning: `torch.cuda.amp.autocast(args...)` is deprecated. Please use `torch.amp.autocast('cuda', args...)` instead.\n"}
,{"stream_name":"stderr","time":385.443448901,"data":"  with torch.cuda.amp.autocast(enabled=DEVICE.type == \"cuda\", dtype=torch.float16):\n"}
,{"stream_name":"stderr","time":385.893419381,"data":"/kaggle/src/script.py:325: FutureWarning: `torch.cuda.amp.autocast(args...)` is deprecated. Please use `torch.amp.autocast('cuda', args...)` instead.\n"}
,{"stream_name":"stderr","time":385.893475318,"data":"  with torch.cuda.amp.autocast(enabled=DEVICE.type == \"cuda\", dtype=torch.float16):\n"}
,{"stream_name":"stderr","time":386.491038716,"data":"/kaggle/src/script.py:325: FutureWarning: `torch.cuda.amp.autocast(args...)` is deprecated. Please use `torch.amp.autocast('cuda', args...)` instead.\n"}
,{"stream_name":"stderr","time":386.491077104,"data":"  with torch.cuda.amp.autocast(enabled=DEVICE.type == \"cuda\", dtype=torch.float16):\n"}
,{"stream_name":"stderr","time":386.920936562,"data":"/kaggle/src/script.py:325: FutureWarning: `torch.cuda.amp.autocast(args...)` is deprecated. Please use `torch.amp.autocast('cuda', args...)` instead.\n"}
,{"stream_name":"stderr","time":386.920973047,"data":"  with torch.cuda.amp.autocast(enabled=DEVICE.type == \"cuda\", dtype=torch.float16):\n"}
,{"stream_name":"stderr","time":387.385486876,"data":"/kaggle/src/script.py:325: FutureWarning: `torch.cuda.amp.autocast(args...)` is deprecated. Please use `torch.amp.autocast('cuda', args...)` instead.\n"}
,{"stream_name":"stderr","time":387.385528398,"data":"  with torch.cuda.amp.autocast(enabled=DEVICE.type == \"cuda\", dtype=torch.float16):\n"}
,{"stream_name":"stdout","time":387.819654373,"data":"epoch=1 session=110/213 step=81 loss=2.3267 ce=1.4498 rank=0.8102 struct=1.1867\n"}
,{"stream_name":"stderr","time":387.820891532,"data":"/kaggle/src/script.py:325: FutureWarning: `torch.cuda.amp.autocast(args...)` is deprecated. Please use `torch.amp.autocast('cuda', args...)` instead.\n"}
,{"stream_name":"stderr","time":387.820919999,"data":"  with torch.cuda.amp.autocast(enabled=DEVICE.type == \"cuda\", dtype=torch.float16):\n"}
,{"stream_name":"stderr","time":388.248403467,"data":"/kaggle/src/script.py:325: FutureWarning: `torch.cuda.amp.autocast(args...)` is deprecated. Please use `torch.amp.autocast('cuda', args...)` instead.\n"}
,{"stream_name":"stderr","time":388.248447523,"data":"  with torch.cuda.amp.autocast(enabled=DEVICE.type == \"cuda\", dtype=torch.float16):\n"}
,{"stream_name":"stderr","time":388.900113799,"data":"/kaggle/src/script.py:325: FutureWarning: `torch.cuda.amp.autocast(args...)` is deprecated. Please use `torch.amp.autocast('cuda', args...)` instead.\n"}
,{"stream_name":"stderr","time":388.900144322,"data":"  with torch.cuda.amp.autocast(enabled=DEVICE.type == \"cuda\", dtype=torch.float16):\n"}
,{"stream_name":"stderr","time":389.54550811,"data":"/kaggle/src/script.py:325: FutureWarning: `torch.cuda.amp.autocast(args...)` is deprecated. Please use `torch.amp.autocast('cuda', args...)` instead.\n"}
,{"stream_name":"stderr","time":389.545542994,"data":"  with torch.cuda.amp.autocast(enabled=DEVICE.type == \"cuda\", dtype=torch.float16):\n"}
,{"stream_name":"stderr","time":390.17842621,"data":"/kaggle/src/script.py:325: FutureWarning: `torch.cuda.amp.autocast(args...)` is deprecated. Please use `torch.amp.autocast('cuda', args...)` instead.\n"}
,{"stream_name":"stderr","time":390.178465571,"data":"  with torch.cuda.amp.autocast(enabled=DEVICE.type == \"cuda\", dtype=torch.float16):\n"}
,{"stream_name":"stderr","time":390.651428816,"data":"/kaggle/src/script.py:325: FutureWarning: `torch.cuda.amp.autocast(args...)` is deprecated. Please use `torch.amp.autocast('cuda', args...)` instead.\n"}
,{"stream_name":"stderr","time":390.651467411,"data":"  with torch.cuda.amp.autocast(enabled=DEVICE.type == \"cuda\", dtype=torch.float16):\n"}
,{"stream_name":"stderr","time":391.103184668,"data":"/kaggle/src/script.py:325: FutureWarning: `torch.cuda.amp.autocast(args...)` is deprecated. Please use `torch.amp.autocast('cuda', args...)` instead.\n"}
,{"stream_name":"stderr","time":391.103251777,"data":"  with torch.cuda.amp.autocast(enabled=DEVICE.type == \"cuda\", dtype=torch.float16):\n"}
,{"stream_name":"stderr","time":391.763484437,"data":"/kaggle/src/script.py:325: FutureWarning: `torch.cuda.amp.autocast(args...)` is deprecated. Please use `torch.amp.autocast('cuda', args...)` instead.\n"}
,{"stream_name":"stderr","time":391.7635283,"data":"  with torch.cuda.amp.autocast(enabled=DEVICE.type == \"cuda\", dtype=torch.float16):\n"}
,{"stream_name":"stderr","time":392.244697753,"data":"/kaggle/src/script.py:325: FutureWarning: `torch.cuda.amp.autocast(args...)` is deprecated. Please use `torch.amp.autocast('cuda', args...)` instead.\n"}
,{"stream_name":"stderr","time":392.24476572,"data":"  with torch.cuda.amp.autocast(enabled=DEVICE.type == \"cuda\", dtype=torch.float16):\n"}
,{"stream_name":"stderr","time":392.681893079,"data":"/kaggle/src/script.py:325: FutureWarning: `torch.cuda.amp.autocast(args...)` is deprecated. Please use `torch.amp.autocast('cuda', args...)` instead.\n"}
,{"stream_name":"stderr","time":392.681947184,"data":"  with torch.cuda.amp.autocast(enabled=DEVICE.type == \"cuda\", dtype=torch.float16):\n"}
,{"stream_name":"stdout","time":393.113925818,"data":"epoch=1 session=120/213 step=84 loss=2.3927 ce=1.4105 rank=0.7884 struct=1.4124\n"}
,{"stream_name":"stderr","time":393.115036294,"data":"/kaggle/src/script.py:325: FutureWarning: `torch.cuda.amp.autocast(args...)` is deprecated. Please use `torch.amp.autocast('cuda', args...)` instead.\n"}
,{"stream_name":"stderr","time":393.115053948,"data":"  with torch.cuda.amp.autocast(enabled=DEVICE.type == \"cuda\", dtype=torch.float16):\n"}
,{"stream_name":"stderr","time":393.58338933,"data":"/kaggle/src/script.py:325: FutureWarning: `torch.cuda.amp.autocast(args...)` is deprecated. Please use `torch.amp.autocast('cuda', args...)` instead.\n"}
,{"stream_name":"stderr","time":393.583426205,"data":"  with torch.cuda.amp.autocast(enabled=DEVICE.type == \"cuda\", dtype=torch.float16):\n"}
,{"stream_name":"stderr","time":394.02045003,"data":"/kaggle/src/script.py:325: FutureWarning: `torch.cuda.amp.autocast(args...)` is deprecated. Please use `torch.amp.autocast('cuda', args...)` instead.\n"}
,{"stream_name":"stderr","time":394.020490198,"data":"  with torch.cuda.amp.autocast(enabled=DEVICE.type == \"cuda\", dtype=torch.float16):\n"}
,{"stream_name":"stderr","time":394.68051365,"data":"/kaggle/src/script.py:325: FutureWarning: `torch.cuda.amp.autocast(args...)` is deprecated. Please use `torch.amp.autocast('cuda', args...)` instead.\n"}
,{"stream_name":"stderr","time":394.680558994,"data":"  with torch.cuda.amp.autocast(enabled=DEVICE.type == \"cuda\", dtype=torch.float16):\n"}
,{"stream_name":"stderr","time":395.316664437,"data":"/kaggle/src/script.py:325: FutureWarning: `torch.cuda.amp.autocast(args...)` is deprecated. Please use `torch.amp.autocast('cuda', args...)` instead.\n"}
,{"stream_name":"stderr","time":395.31670001,"data":"  with torch.cuda.amp.autocast(enabled=DEVICE.type == \"cuda\", dtype=torch.float16):\n"}
,{"stream_name":"stderr","time":395.739893819,"data":"/kaggle/src/script.py:325: FutureWarning: `torch.cuda.amp.autocast(args...)` is deprecated. Please use `torch.amp.autocast('cuda', args...)` instead.\n"}
,{"stream_name":"stderr","time":395.739931114,"data":"  with torch.cuda.amp.autocast(enabled=DEVICE.type == \"cuda\", dtype=torch.float16):\n"}
,{"stream_name":"stderr","time":396.149110454,"data":"/kaggle/src/script.py:325: FutureWarning: `torch.cuda.amp.autocast(args...)` is deprecated. Please use `torch.amp.autocast('cuda', args...)` instead.\n"}
,{"stream_name":"stderr","time":396.149152042,"data":"  with torch.cuda.amp.autocast(enabled=DEVICE.type == \"cuda\", dtype=torch.float16):\n"}
,{"stream_name":"stderr","time":396.785614088,"data":"/kaggle/src/script.py:325: FutureWarning: `torch.cuda.amp.autocast(args...)` is deprecated. Please use `torch.amp.autocast('cuda', args...)` instead.\n"}
,{"stream_name":"stderr","time":396.785663815,"data":"  with torch.cuda.amp.autocast(enabled=DEVICE.type == \"cuda\", dtype=torch.float16):\n"}
,{"stream_name":"stderr","time":397.210965217,"data":"/kaggle/src/script.py:325: FutureWarning: `torch.cuda.amp.autocast(args...)` is deprecated. Please use `torch.amp.autocast('cuda', args...)` instead.\n"}
,{"stream_name":"stderr","time":397.211004611,"data":"  with torch.cuda.amp.autocast(enabled=DEVICE.type == \"cuda\", dtype=torch.float16):\n"}
,{"stream_name":"stderr","time":397.659097348,"data":"/kaggle/src/script.py:325: FutureWarning: `torch.cuda.amp.autocast(args...)` is deprecated. Please use `torch.amp.autocast('cuda', args...)` instead.\n"}
,{"stream_name":"stderr","time":397.659136093,"data":"  with torch.cuda.amp.autocast(enabled=DEVICE.type == \"cuda\", dtype=torch.float16):\n"}
,{"stream_name":"stdout","time":398.278752134,"data":"epoch=1 session=130/213 step=86 loss=2.5083 ce=1.5606 rank=0.8358 struct=1.3104\n"}
,{"stream_name":"stderr","time":398.279989928,"data":"/kaggle/src/script.py:325: FutureWarning: `torch.cuda.amp.autocast(args...)` is deprecated. Please use `torch.amp.autocast('cuda', args...)` instead.\n"}
,{"stream_name":"stderr","time":398.280012318,"data":"  with torch.cuda.amp.autocast(enabled=DEVICE.type == \"cuda\", dtype=torch.float16):\n"}
,{"stream_name":"stderr","time":398.953293801,"data":"/kaggle/src/script.py:325: FutureWarning: `torch.cuda.amp.autocast(args...)` is deprecated. Please use `torch.amp.autocast('cuda', args...)` instead.\n"}
,{"stream_name":"stderr","time":398.953360667,"data":"  with torch.cuda.amp.autocast(enabled=DEVICE.type == \"cuda\", dtype=torch.float16):\n"}
,{"stream_name":"stderr","time":399.591140325,"data":"/kaggle/src/script.py:325: FutureWarning: `torch.cuda.amp.autocast(args...)` is deprecated. Please use `torch.amp.autocast('cuda', args...)` instead.\n"}
,{"stream_name":"stderr","time":399.591196037,"data":"  with torch.cuda.amp.autocast(enabled=DEVICE.type == \"cuda\", dtype=torch.float16):\n"}
,{"stream_name":"stderr","time":400.244119052,"data":"/kaggle/src/script.py:325: FutureWarning: `torch.cuda.amp.autocast(args...)` is deprecated. Please use `torch.amp.autocast('cuda', args...)` instead.\n"}
,{"stream_name":"stderr","time":400.24416341,"data":"  with torch.cuda.amp.autocast(enabled=DEVICE.type == \"cuda\", dtype=torch.float16):\n"}
,{"stream_name":"stderr","time":400.858755821,"data":"/kaggle/src/script.py:325: FutureWarning: `torch.cuda.amp.autocast(args...)` is deprecated. Please use `torch.amp.autocast('cuda', args...)` instead.\n"}
,{"stream_name":"stderr","time":400.85879674,"data":"  with torch.cuda.amp.autocast(enabled=DEVICE.type == \"cuda\", dtype=torch.float16):\n"}
,{"stream_name":"stderr","time":401.636882396,"data":"/kaggle/src/script.py:325: FutureWarning: `torch.cuda.amp.autocast(args...)` is deprecated. Please use `torch.amp.autocast('cuda', args...)` instead.\n"}
,{"stream_name":"stderr","time":401.63692369299997,"data":"  with torch.cuda.amp.autocast(enabled=DEVICE.type == \"cuda\", dtype=torch.float16):\n"}
,{"stream_name":"stderr","time":402.076628576,"data":"/kaggle/src/script.py:325: FutureWarning: `torch.cuda.amp.autocast(args...)` is deprecated. Please use `torch.amp.autocast('cuda', args...)` instead.\n"}
,{"stream_name":"stderr","time":402.076811687,"data":"  with torch.cuda.amp.autocast(enabled=DEVICE.type == \"cuda\", dtype=torch.float16):\n"}
,{"stream_name":"stderr","time":402.756412458,"data":"/kaggle/src/script.py:325: FutureWarning: `torch.cuda.amp.autocast(args...)` is deprecated. Please use `torch.amp.autocast('cuda', args...)` instead.\n"}
,{"stream_name":"stderr","time":402.756475371,"data":"  with torch.cuda.amp.autocast(enabled=DEVICE.type == \"cuda\", dtype=torch.float16):\n"}
,{"stream_name":"stderr","time":403.423510148,"data":"/kaggle/src/script.py:325: FutureWarning: `torch.cuda.amp.autocast(args...)` is deprecated. Please use `torch.amp.autocast('cuda', args...)` instead.\n"}
,{"stream_name":"stderr","time":403.423551163,"data":"  with torch.cuda.amp.autocast(enabled=DEVICE.type == \"cuda\", dtype=torch.float16):\n"}
,{"stream_name":"stderr","time":404.010578662,"data":"/kaggle/src/script.py:325: FutureWarning: `torch.cuda.amp.autocast(args...)` is deprecated. Please use `torch.amp.autocast('cuda', args...)` instead.\n"}
,{"stream_name":"stderr","time":404.010641431,"data":"  with torch.cuda.amp.autocast(enabled=DEVICE.type == \"cuda\", dtype=torch.float16):\n"}
,{"stream_name":"stdout","time":404.632831098,"data":"epoch=1 session=140/213 step=89 loss=2.0456 ce=1.3661 rank=0.7860 struct=0.8088\n"}
,{"stream_name":"stderr","time":404.633999813,"data":"/kaggle/src/script.py:325: FutureWarning: `torch.cuda.amp.autocast(args...)` is deprecated. Please use `torch.amp.autocast('cuda', args...)` instead.\n"}
,{"stream_name":"stderr","time":404.634015938,"data":"  with torch.cuda.amp.autocast(enabled=DEVICE.type == \"cuda\", dtype=torch.float16):\n"}
,{"stream_name":"stderr","time":405.227387887,"data":"/kaggle/src/script.py:325: FutureWarning: `torch.cuda.amp.autocast(args...)` is deprecated. Please use `torch.amp.autocast('cuda', args...)` instead.\n"}
,{"stream_name":"stderr","time":405.227425485,"data":"  with torch.cuda.amp.autocast(enabled=DEVICE.type == \"cuda\", dtype=torch.float16):\n"}
,{"stream_name":"stderr","time":405.858353835,"data":"/kaggle/src/script.py:325: FutureWarning: `torch.cuda.amp.autocast(args...)` is deprecated. Please use `torch.amp.autocast('cuda', args...)` instead.\n"}
,{"stream_name":"stderr","time":405.858412486,"data":"  with torch.cuda.amp.autocast(enabled=DEVICE.type == \"cuda\", dtype=torch.float16):\n"}
,{"stream_name":"stderr","time":406.324123237,"data":"/kaggle/src/script.py:325: FutureWarning: `torch.cuda.amp.autocast(args...)` is deprecated. Please use `torch.amp.autocast('cuda', args...)` instead.\n"}
,{"stream_name":"stderr","time":406.324164304,"data":"  with torch.cuda.amp.autocast(enabled=DEVICE.type == \"cuda\", dtype=torch.float16):\n"}
,{"stream_name":"stderr","time":406.756649677,"data":"/kaggle/src/script.py:325: FutureWarning: `torch.cuda.amp.autocast(args...)` is deprecated. Please use `torch.amp.autocast('cuda', args...)` instead.\n"}
,{"stream_name":"stderr","time":406.756691382,"data":"  with torch.cuda.amp.autocast(enabled=DEVICE.type == \"cuda\", dtype=torch.float16):\n"}
,{"stream_name":"stderr","time":407.197890938,"data":"/kaggle/src/script.py:325: FutureWarning: `torch.cuda.amp.autocast(args...)` is deprecated. Please use `torch.amp.autocast('cuda', args...)` instead.\n"}
,{"stream_name":"stderr","time":407.197927446,"data":"  with torch.cuda.amp.autocast(enabled=DEVICE.type == \"cuda\", dtype=torch.float16):\n"}
,{"stream_name":"stderr","time":407.625457566,"data":"/kaggle/src/script.py:325: FutureWarning: `torch.cuda.amp.autocast(args...)` is deprecated. Please use `torch.amp.autocast('cuda', args...)` instead.\n"}
,{"stream_name":"stderr","time":407.625509241,"data":"  with torch.cuda.amp.autocast(enabled=DEVICE.type == \"cuda\", dtype=torch.float16):\n"}
,{"stream_name":"stderr","time":408.081211455,"data":"/kaggle/src/script.py:325: FutureWarning: `torch.cuda.amp.autocast(args...)` is deprecated. Please use `torch.amp.autocast('cuda', args...)` instead.\n"}
,{"stream_name":"stderr","time":408.081257372,"data":"  with torch.cuda.amp.autocast(enabled=DEVICE.type == \"cuda\", dtype=torch.float16):\n"}
,{"stream_name":"stderr","time":408.504674908,"data":"/kaggle/src/script.py:325: FutureWarning: `torch.cuda.amp.autocast(args...)` is deprecated. Please use `torch.amp.autocast('cuda', args...)` instead.\n"}
,{"stream_name":"stderr","time":408.504713125,"data":"  with torch.cuda.amp.autocast(enabled=DEVICE.type == \"cuda\", dtype=torch.float16):\n"}
,{"stream_name":"stderr","time":409.109470755,"data":"/kaggle/src/script.py:325: FutureWarning: `torch.cuda.amp.autocast(args...)` is deprecated. Please use `torch.amp.autocast('cuda', args...)` instead.\n"}
,{"stream_name":"stderr","time":409.109524483,"data":"  with torch.cuda.amp.autocast(enabled=DEVICE.type == \"cuda\", dtype=torch.float16):\n"}
,{"stream_name":"stdout","time":409.734468802,"data":"epoch=1 session=150/213 step=91 loss=2.1738 ce=1.3281 rank=0.8157 struct=1.1203\n"}
,{"stream_name":"stderr","time":409.735784229,"data":"/kaggle/src/script.py:325: FutureWarning: `torch.cuda.amp.autocast(args...)` is deprecated. Please use `torch.amp.autocast('cuda', args...)` instead.\n"}
,{"stream_name":"stderr","time":409.735800771,"data":"  with torch.cuda.amp.autocast(enabled=DEVICE.type == \"cuda\", dtype=torch.float16):\n"}
,{"stream_name":"stderr","time":410.351342416,"data":"/kaggle/src/script.py:325: FutureWarning: `torch.cuda.amp.autocast(args...)` is deprecated. Please use `torch.amp.autocast('cuda', args...)` instead.\n"}
,{"stream_name":"stderr","time":410.351380395,"data":"  with torch.cuda.amp.autocast(enabled=DEVICE.type == \"cuda\", dtype=torch.float16):\n"}
,{"stream_name":"stderr","time":410.960462565,"data":"/kaggle/src/script.py:325: FutureWarning: `torch.cuda.amp.autocast(args...)` is deprecated. Please use `torch.amp.autocast('cuda', args...)` instead.\n"}
,{"stream_name":"stderr","time":410.960504586,"data":"  with torch.cuda.amp.autocast(enabled=DEVICE.type == \"cuda\", dtype=torch.float16):\n"}
,{"stream_name":"stderr","time":411.468999715,"data":"/kaggle/src/script.py:325: FutureWarning: `torch.cuda.amp.autocast(args...)` is deprecated. Please use `torch.amp.autocast('cuda', args...)` instead.\n"}
,{"stream_name":"stderr","time":411.469044198,"data":"  with torch.cuda.amp.autocast(enabled=DEVICE.type == \"cuda\", dtype=torch.float16):\n"}
,{"stream_name":"stderr","time":411.933074403,"data":"/kaggle/src/script.py:325: FutureWarning: `torch.cuda.amp.autocast(args...)` is deprecated. Please use `torch.amp.autocast('cuda', args...)` instead.\n"}
,{"stream_name":"stderr","time":411.933117577,"data":"  with torch.cuda.amp.autocast(enabled=DEVICE.type == \"cuda\", dtype=torch.float16):\n"}
,{"stream_name":"stderr","time":412.569023482,"data":"/kaggle/src/script.py:325: FutureWarning: `torch.cuda.amp.autocast(args...)` is deprecated. Please use `torch.amp.autocast('cuda', args...)` instead.\n"}
,{"stream_name":"stderr","time":412.569062151,"data":"  with torch.cuda.amp.autocast(enabled=DEVICE.type == \"cuda\", dtype=torch.float16):\n"}
,{"stream_name":"stderr","time":413.24735652,"data":"/kaggle/src/script.py:325: FutureWarning: `torch.cuda.amp.autocast(args...)` is deprecated. Please use `torch.amp.autocast('cuda', args...)` instead.\n"}
,{"stream_name":"stderr","time":413.247397731,"data":"  with torch.cuda.amp.autocast(enabled=DEVICE.type == \"cuda\", dtype=torch.float16):\n"}
,{"stream_name":"stderr","time":413.911230021,"data":"/kaggle/src/script.py:325: FutureWarning: `torch.cuda.amp.autocast(args...)` is deprecated. Please use `torch.amp.autocast('cuda', args...)` instead.\n"}
,{"stream_name":"stderr","time":413.911269811,"data":"  with torch.cuda.amp.autocast(enabled=DEVICE.type == \"cuda\", dtype=torch.float16):\n"}
,{"stream_name":"stderr","time":414.555844878,"data":"/kaggle/src/script.py:325: FutureWarning: `torch.cuda.amp.autocast(args...)` is deprecated. Please use `torch.amp.autocast('cuda', args...)` instead.\n"}
,{"stream_name":"stderr","time":414.555904039,"data":"  with torch.cuda.amp.autocast(enabled=DEVICE.type == \"cuda\", dtype=torch.float16):\n"}
,{"stream_name":"stderr","time":415.171120799,"data":"/kaggle/src/script.py:325: FutureWarning: `torch.cuda.amp.autocast(args...)` is deprecated. Please use `torch.amp.autocast('cuda', args...)` instead.\n"}
,{"stream_name":"stderr","time":415.171184294,"data":"  with torch.cuda.amp.autocast(enabled=DEVICE.type == \"cuda\", dtype=torch.float16):\n"}
,{"stream_name":"stdout","time":415.607205045,"data":"epoch=1 session=160/213 step=94 loss=2.1700 ce=1.3572 rank=0.8160 struct=1.0543\n"}
,{"stream_name":"stderr","time":415.608350272,"data":"/kaggle/src/script.py:325: FutureWarning: `torch.cuda.amp.autocast(args...)` is deprecated. Please use `torch.amp.autocast('cuda', args...)` instead.\n"}
,{"stream_name":"stderr","time":415.608369995,"data":"  with torch.cuda.amp.autocast(enabled=DEVICE.type == \"cuda\", dtype=torch.float16):\n"}
,{"stream_name":"stderr","time":416.054278209,"data":"/kaggle/src/script.py:325: FutureWarning: `torch.cuda.amp.autocast(args...)` is deprecated. Please use `torch.amp.autocast('cuda', args...)` instead.\n"}
,{"stream_name":"stderr","time":416.054344584,"data":"  with torch.cuda.amp.autocast(enabled=DEVICE.type == \"cuda\", dtype=torch.float16):\n"}
,{"stream_name":"stderr","time":416.499373083,"data":"/kaggle/src/script.py:325: FutureWarning: `torch.cuda.amp.autocast(args...)` is deprecated. Please use `torch.amp.autocast('cuda', args...)` instead.\n"}
,{"stream_name":"stderr","time":416.499410212,"data":"  with torch.cuda.amp.autocast(enabled=DEVICE.type == \"cuda\", dtype=torch.float16):\n"}
,{"stream_name":"stderr","time":416.939321267,"data":"/kaggle/src/script.py:325: FutureWarning: `torch.cuda.amp.autocast(args...)` is deprecated. Please use `torch.amp.autocast('cuda', args...)` instead.\n"}
,{"stream_name":"stderr","time":416.939360577,"data":"  with torch.cuda.amp.autocast(enabled=DEVICE.type == \"cuda\", dtype=torch.float16):\n"}
,{"stream_name":"stderr","time":417.395491123,"data":"/kaggle/src/script.py:325: FutureWarning: `torch.cuda.amp.autocast(args...)` is deprecated. Please use `torch.amp.autocast('cuda', args...)` instead.\n"}
,{"stream_name":"stderr","time":417.395528951,"data":"  with torch.cuda.amp.autocast(enabled=DEVICE.type == \"cuda\", dtype=torch.float16):\n"}
,{"stream_name":"stderr","time":418.041971557,"data":"/kaggle/src/script.py:325: FutureWarning: `torch.cuda.amp.autocast(args...)` is deprecated. Please use `torch.amp.autocast('cuda', args...)` instead.\n"}
,{"stream_name":"stderr","time":418.042021367,"data":"  with torch.cuda.amp.autocast(enabled=DEVICE.type == \"cuda\", dtype=torch.float16):\n"}
,{"stream_name":"stderr","time":418.633678278,"data":"/kaggle/src/script.py:325: FutureWarning: `torch.cuda.amp.autocast(args...)` is deprecated. Please use `torch.amp.autocast('cuda', args...)` instead.\n"}
,{"stream_name":"stderr","time":418.633717387,"data":"  with torch.cuda.amp.autocast(enabled=DEVICE.type == \"cuda\", dtype=torch.float16):\n"}
,{"stream_name":"stderr","time":419.269489283,"data":"/kaggle/src/script.py:325: FutureWarning: `torch.cuda.amp.autocast(args...)` is deprecated. Please use `torch.amp.autocast('cuda', args...)` instead.\n"}
,{"stream_name":"stderr","time":419.269529263,"data":"  with torch.cuda.amp.autocast(enabled=DEVICE.type == \"cuda\", dtype=torch.float16):\n"}
,{"stream_name":"stderr","time":419.736509909,"data":"/kaggle/src/script.py:325: FutureWarning: `torch.cuda.amp.autocast(args...)` is deprecated. Please use `torch.amp.autocast('cuda', args...)` instead.\n"}
,{"stream_name":"stderr","time":419.736573723,"data":"  with torch.cuda.amp.autocast(enabled=DEVICE.type == \"cuda\", dtype=torch.float16):\n"}
,{"stream_name":"stderr","time":420.16055985,"data":"/kaggle/src/script.py:325: FutureWarning: `torch.cuda.amp.autocast(args...)` is deprecated. Please use `torch.amp.autocast('cuda', args...)` instead.\n"}
,{"stream_name":"stderr","time":420.160595103,"data":"  with torch.cuda.amp.autocast(enabled=DEVICE.type == \"cuda\", dtype=torch.float16):\n"}
,{"stream_name":"stdout","time":420.62538001,"data":"epoch=1 session=170/213 step=96 loss=2.3499 ce=1.3521 rank=0.7613 struct=1.4627\n"}
,{"stream_name":"stderr","time":420.626670826,"data":"/kaggle/src/script.py:325: FutureWarning: `torch.cuda.amp.autocast(args...)` is deprecated. Please use `torch.amp.autocast('cuda', args...)` instead.\n"}
,{"stream_name":"stderr","time":420.626690142,"data":"  with torch.cuda.amp.autocast(enabled=DEVICE.type == \"cuda\", dtype=torch.float16):\n"}
,{"stream_name":"stderr","time":421.278490889,"data":"/kaggle/src/script.py:325: FutureWarning: `torch.cuda.amp.autocast(args...)` is deprecated. Please use `torch.amp.autocast('cuda', args...)` instead.\n"}
,{"stream_name":"stderr","time":421.278527423,"data":"  with torch.cuda.amp.autocast(enabled=DEVICE.type == \"cuda\", dtype=torch.float16):\n"}
,{"stream_name":"stderr","time":421.737389052,"data":"/kaggle/src/script.py:325: FutureWarning: `torch.cuda.amp.autocast(args...)` is deprecated. Please use `torch.amp.autocast('cuda', args...)` instead.\n"}
,{"stream_name":"stderr","time":421.737430771,"data":"  with torch.cuda.amp.autocast(enabled=DEVICE.type == \"cuda\", dtype=torch.float16):\n"}
,{"stream_name":"stderr","time":422.346845239,"data":"/kaggle/src/script.py:325: FutureWarning: `torch.cuda.amp.autocast(args...)` is deprecated. Please use `torch.amp.autocast('cuda', args...)` instead.\n"}
,{"stream_name":"stderr","time":422.346908861,"data":"  with torch.cuda.amp.autocast(enabled=DEVICE.type == \"cuda\", dtype=torch.float16):\n"}
,{"stream_name":"stderr","time":422.863535256,"data":"/kaggle/src/script.py:325: FutureWarning: `torch.cuda.amp.autocast(args...)` is deprecated. Please use `torch.amp.autocast('cuda', args...)` instead.\n"}
,{"stream_name":"stderr","time":422.863572458,"data":"  with torch.cuda.amp.autocast(enabled=DEVICE.type == \"cuda\", dtype=torch.float16):\n"}
,{"stream_name":"stderr","time":423.463713855,"data":"/kaggle/src/script.py:325: FutureWarning: `torch.cuda.amp.autocast(args...)` is deprecated. Please use `torch.amp.autocast('cuda', args...)` instead.\n"}
,{"stream_name":"stderr","time":423.463752314,"data":"  with torch.cuda.amp.autocast(enabled=DEVICE.type == \"cuda\", dtype=torch.float16):\n"}
,{"stream_name":"stderr","time":424.171329085,"data":"/kaggle/src/script.py:325: FutureWarning: `torch.cuda.amp.autocast(args...)` is deprecated. Please use `torch.amp.autocast('cuda', args...)` instead.\n"}
,{"stream_name":"stderr","time":424.171363036,"data":"  with torch.cuda.amp.autocast(enabled=DEVICE.type == \"cuda\", dtype=torch.float16):\n"}
,{"stream_name":"stderr","time":424.809596781,"data":"/kaggle/src/script.py:325: FutureWarning: `torch.cuda.amp.autocast(args...)` is deprecated. Please use `torch.amp.autocast('cuda', args...)` instead.\n"}
,{"stream_name":"stderr","time":424.809639577,"data":"  with torch.cuda.amp.autocast(enabled=DEVICE.type == \"cuda\", dtype=torch.float16):\n"}
,{"stream_name":"stderr","time":425.452070151,"data":"/kaggle/src/script.py:325: FutureWarning: `torch.cuda.amp.autocast(args...)` is deprecated. Please use `torch.amp.autocast('cuda', args...)` instead.\n"}
,{"stream_name":"stderr","time":425.452110655,"data":"  with torch.cuda.amp.autocast(enabled=DEVICE.type == \"cuda\", dtype=torch.float16):\n"}
,{"stream_name":"stderr","time":426.058901548,"data":"/kaggle/src/script.py:325: FutureWarning: `torch.cuda.amp.autocast(args...)` is deprecated. Please use `torch.amp.autocast('cuda', args...)` instead.\n"}
,{"stream_name":"stderr","time":426.058980525,"data":"  with torch.cuda.amp.autocast(enabled=DEVICE.type == \"cuda\", dtype=torch.float16):\n"}
,{"stream_name":"stdout","time":426.488036401,"data":"epoch=1 session=180/213 step=99 loss=2.1899 ce=1.3928 rank=0.8281 struct=1.0146\n"}
,{"stream_name":"stderr","time":426.489175071,"data":"/kaggle/src/script.py:325: FutureWarning: `torch.cuda.amp.autocast(args...)` is deprecated. Please use `torch.amp.autocast('cuda', args...)` instead.\n"}
,{"stream_name":"stderr","time":426.489191651,"data":"  with torch.cuda.amp.autocast(enabled=DEVICE.type == \"cuda\", dtype=torch.float16):\n"}
,{"stream_name":"stderr","time":427.161094284,"data":"/kaggle/src/script.py:325: FutureWarning: `torch.cuda.amp.autocast(args...)` is deprecated. Please use `torch.amp.autocast('cuda', args...)` instead.\n"}
,{"stream_name":"stderr","time":427.161134785,"data":"  with torch.cuda.amp.autocast(enabled=DEVICE.type == \"cuda\", dtype=torch.float16):\n"}
,{"stream_name":"stderr","time":427.766024269,"data":"/kaggle/src/script.py:325: FutureWarning: `torch.cuda.amp.autocast(args...)` is deprecated. Please use `torch.amp.autocast('cuda', args...)` instead.\n"}
,{"stream_name":"stderr","time":427.766064071,"data":"  with torch.cuda.amp.autocast(enabled=DEVICE.type == \"cuda\", dtype=torch.float16):\n"}
,{"stream_name":"stderr","time":428.41343839,"data":"/kaggle/src/script.py:325: FutureWarning: `torch.cuda.amp.autocast(args...)` is deprecated. Please use `torch.amp.autocast('cuda', args...)` instead.\n"}
,{"stream_name":"stderr","time":428.413476488,"data":"  with torch.cuda.amp.autocast(enabled=DEVICE.type == \"cuda\", dtype=torch.float16):\n"}
,{"stream_name":"stderr","time":429.039529857,"data":"/kaggle/src/script.py:325: FutureWarning: `torch.cuda.amp.autocast(args...)` is deprecated. Please use `torch.amp.autocast('cuda', args...)` instead.\n"}
,{"stream_name":"stderr","time":429.039575635,"data":"  with torch.cuda.amp.autocast(enabled=DEVICE.type == \"cuda\", dtype=torch.float16):\n"}
,{"stream_name":"stderr","time":429.654136447,"data":"/kaggle/src/script.py:325: FutureWarning: `torch.cuda.amp.autocast(args...)` is deprecated. Please use `torch.amp.autocast('cuda', args...)` instead.\n"}
,{"stream_name":"stderr","time":429.654181497,"data":"  with torch.cuda.amp.autocast(enabled=DEVICE.type == \"cuda\", dtype=torch.float16):\n"}
,{"stream_name":"stderr","time":430.129315429,"data":"/kaggle/src/script.py:325: FutureWarning: `torch.cuda.amp.autocast(args...)` is deprecated. Please use `torch.amp.autocast('cuda', args...)` instead.\n"}
,{"stream_name":"stderr","time":430.129359781,"data":"  with torch.cuda.amp.autocast(enabled=DEVICE.type == \"cuda\", dtype=torch.float16):\n"}
,{"stream_name":"stderr","time":430.747389524,"data":"/kaggle/src/script.py:325: FutureWarning: `torch.cuda.amp.autocast(args...)` is deprecated. Please use `torch.amp.autocast('cuda', args...)` instead.\n"}
,{"stream_name":"stderr","time":430.74743238,"data":"  with torch.cuda.amp.autocast(enabled=DEVICE.type == \"cuda\", dtype=torch.float16):\n"}
,{"stream_name":"stderr","time":431.391488231,"data":"/kaggle/src/script.py:325: FutureWarning: `torch.cuda.amp.autocast(args...)` is deprecated. Please use `torch.amp.autocast('cuda', args...)` instead.\n"}
,{"stream_name":"stderr","time":431.391527627,"data":"  with torch.cuda.amp.autocast(enabled=DEVICE.type == \"cuda\", dtype=torch.float16):\n"}
,{"stream_name":"stderr","time":431.84403623,"data":"/kaggle/src/script.py:325: FutureWarning: `torch.cuda.amp.autocast(args...)` is deprecated. Please use `torch.amp.autocast('cuda', args...)` instead.\n"}
,{"stream_name":"stderr","time":431.844108737,"data":"  with torch.cuda.amp.autocast(enabled=DEVICE.type == \"cuda\", dtype=torch.float16):\n"}
,{"stream_name":"stdout","time":432.465811002,"data":"epoch=1 session=190/213 step=101 loss=2.1759 ce=1.4077 rank=0.7900 struct=0.9835\n"}
,{"stream_name":"stderr","time":432.467047277,"data":"/kaggle/src/script.py:325: FutureWarning: `torch.cuda.amp.autocast(args...)` is deprecated. Please use `torch.amp.autocast('cuda', args...)` instead.\n"}
,{"stream_name":"stderr","time":432.467094614,"data":"  with torch.cuda.amp.autocast(enabled=DEVICE.type == \"cuda\", dtype=torch.float16):\n"}
,{"stream_name":"stderr","time":433.165364723,"data":"/kaggle/src/script.py:325: FutureWarning: `torch.cuda.amp.autocast(args...)` is deprecated. Please use `torch.amp.autocast('cuda', args...)` instead.\n"}
,{"stream_name":"stderr","time":433.165436289,"data":"  with torch.cuda.amp.autocast(enabled=DEVICE.type == \"cuda\", dtype=torch.float16):\n"}
,{"stream_name":"stderr","time":433.662867209,"data":"/kaggle/src/script.py:325: FutureWarning: `torch.cuda.amp.autocast(args...)` is deprecated. Please use `torch.amp.autocast('cuda', args...)` instead.\n"}
,{"stream_name":"stderr","time":433.662906039,"data":"  with torch.cuda.amp.autocast(enabled=DEVICE.type == \"cuda\", dtype=torch.float16):\n"}
,{"stream_name":"stderr","time":434.281532985,"data":"/kaggle/src/script.py:325: FutureWarning: `torch.cuda.amp.autocast(args...)` is deprecated. Please use `torch.amp.autocast('cuda', args...)` instead.\n"}
,{"stream_name":"stderr","time":434.281571422,"data":"  with torch.cuda.amp.autocast(enabled=DEVICE.type == \"cuda\", dtype=torch.float16):\n"}
,{"stream_name":"stderr","time":434.925616435,"data":"/kaggle/src/script.py:325: FutureWarning: `torch.cuda.amp.autocast(args...)` is deprecated. Please use `torch.amp.autocast('cuda', args...)` instead.\n"}
,{"stream_name":"stderr","time":434.925662388,"data":"  with torch.cuda.amp.autocast(enabled=DEVICE.type == \"cuda\", dtype=torch.float16):\n"}
,{"stream_name":"stderr","time":435.366558229,"data":"/kaggle/src/script.py:325: FutureWarning: `torch.cuda.amp.autocast(args...)` is deprecated. Please use `torch.amp.autocast('cuda', args...)` instead.\n"}
,{"stream_name":"stderr","time":435.366602681,"data":"  with torch.cuda.amp.autocast(enabled=DEVICE.type == \"cuda\", dtype=torch.float16):\n"}
,{"stream_name":"stderr","time":435.98975816,"data":"/kaggle/src/script.py:325: FutureWarning: `torch.cuda.amp.autocast(args...)` is deprecated. Please use `torch.amp.autocast('cuda', args...)` instead.\n"}
,{"stream_name":"stderr","time":435.989804532,"data":"  with torch.cuda.amp.autocast(enabled=DEVICE.type == \"cuda\", dtype=torch.float16):\n"}
,{"stream_name":"stderr","time":436.435728986,"data":"/kaggle/src/script.py:325: FutureWarning: `torch.cuda.amp.autocast(args...)` is deprecated. Please use `torch.amp.autocast('cuda', args...)` instead.\n"}
,{"stream_name":"stderr","time":436.435781479,"data":"  with torch.cuda.amp.autocast(enabled=DEVICE.type == \"cuda\", dtype=torch.float16):\n"}
,{"stream_name":"stderr","time":437.034672419,"data":"/kaggle/src/script.py:325: FutureWarning: `torch.cuda.amp.autocast(args...)` is deprecated. Please use `torch.amp.autocast('cuda', args...)` instead.\n"}
,{"stream_name":"stderr","time":437.034732093,"data":"  with torch.cuda.amp.autocast(enabled=DEVICE.type == \"cuda\", dtype=torch.float16):\n"}
,{"stream_name":"stderr","time":437.455919158,"data":"/kaggle/src/script.py:325: FutureWarning: `torch.cuda.amp.autocast(args...)` is deprecated. Please use `torch.amp.autocast('cuda', args...)` instead.\n"}
,{"stream_name":"stderr","time":437.455957648,"data":"  with torch.cuda.amp.autocast(enabled=DEVICE.type == \"cuda\", dtype=torch.float16):\n"}
,{"stream_name":"stdout","time":438.09017756,"data":"epoch=1 session=200/213 step=104 loss=2.4201 ce=1.4903 rank=0.8198 struct=1.2857\n"}
,{"stream_name":"stderr","time":438.091215195,"data":"/kaggle/src/script.py:325: FutureWarning: `torch.cuda.amp.autocast(args...)` is deprecated. Please use `torch.amp.autocast('cuda', args...)` instead.\n"}
,{"stream_name":"stderr","time":438.091240142,"data":"  with torch.cuda.amp.autocast(enabled=DEVICE.type == \"cuda\", dtype=torch.float16):\n"}
,{"stream_name":"stderr","time":438.534728576,"data":"/kaggle/src/script.py:325: FutureWarning: `torch.cuda.amp.autocast(args...)` is deprecated. Please use `torch.amp.autocast('cuda', args...)` instead.\n"}
,{"stream_name":"stderr","time":438.534770516,"data":"  with torch.cuda.amp.autocast(enabled=DEVICE.type == \"cuda\", dtype=torch.float16):\n"}
,{"stream_name":"stderr","time":439.144385354,"data":"/kaggle/src/script.py:325: FutureWarning: `torch.cuda.amp.autocast(args...)` is deprecated. Please use `torch.amp.autocast('cuda', args...)` instead.\n"}
,{"stream_name":"stderr","time":439.144416419,"data":"  with torch.cuda.amp.autocast(enabled=DEVICE.type == \"cuda\", dtype=torch.float16):\n"}
,{"stream_name":"stderr","time":439.801495854,"data":"/kaggle/src/script.py:325: FutureWarning: `torch.cuda.amp.autocast(args...)` is deprecated. Please use `torch.amp.autocast('cuda', args...)` instead.\n"}
,{"stream_name":"stderr","time":439.80153818,"data":"  with torch.cuda.amp.autocast(enabled=DEVICE.type == \"cuda\", dtype=torch.float16):\n"}
,{"stream_name":"stderr","time":440.245057389,"data":"/kaggle/src/script.py:325: FutureWarning: `torch.cuda.amp.autocast(args...)` is deprecated. Please use `torch.amp.autocast('cuda', args...)` instead.\n"}
,{"stream_name":"stderr","time":440.245094764,"data":"  with torch.cuda.amp.autocast(enabled=DEVICE.type == \"cuda\", dtype=torch.float16):\n"}
,{"stream_name":"stderr","time":440.876008787,"data":"/kaggle/src/script.py:325: FutureWarning: `torch.cuda.amp.autocast(args...)` is deprecated. Please use `torch.amp.autocast('cuda', args...)` instead.\n"}
,{"stream_name":"stderr","time":440.876039911,"data":"  with torch.cuda.amp.autocast(enabled=DEVICE.type == \"cuda\", dtype=torch.float16):\n"}
,{"stream_name":"stderr","time":441.548266784,"data":"/kaggle/src/script.py:325: FutureWarning: `torch.cuda.amp.autocast(args...)` is deprecated. Please use `torch.amp.autocast('cuda', args...)` instead.\n"}
,{"stream_name":"stderr","time":441.548351814,"data":"  with torch.cuda.amp.autocast(enabled=DEVICE.type == \"cuda\", dtype=torch.float16):\n"}
,{"stream_name":"stderr","time":442.002626986,"data":"/kaggle/src/script.py:325: FutureWarning: `torch.cuda.amp.autocast(args...)` is deprecated. Please use `torch.amp.autocast('cuda', args...)` instead.\n"}
,{"stream_name":"stderr","time":442.002663306,"data":"  with torch.cuda.amp.autocast(enabled=DEVICE.type == \"cuda\", dtype=torch.float16):\n"}
,{"stream_name":"stderr","time":442.587831039,"data":"/kaggle/src/script.py:325: FutureWarning: `torch.cuda.amp.autocast(args...)` is deprecated. Please use `torch.amp.autocast('cuda', args...)` instead.\n"}
,{"stream_name":"stderr","time":442.587875507,"data":"  with torch.cuda.amp.autocast(enabled=DEVICE.type == \"cuda\", dtype=torch.float16):\n"}
,{"stream_name":"stderr","time":443.045209453,"data":"/kaggle/src/script.py:325: FutureWarning: `torch.cuda.amp.autocast(args...)` is deprecated. Please use `torch.amp.autocast('cuda', args...)` instead.\n"}
,{"stream_name":"stderr","time":443.045265703,"data":"  with torch.cuda.amp.autocast(enabled=DEVICE.type == \"cuda\", dtype=torch.float16):\n"}
,{"stream_name":"stdout","time":443.451834189,"data":"epoch=1 session=210/213 step=106 loss=2.5280 ce=1.5523 rank=0.8374 struct=1.3653\n"}
,{"stream_name":"stderr","time":443.452936783,"data":"/kaggle/src/script.py:325: FutureWarning: `torch.cuda.amp.autocast(args...)` is deprecated. Please use `torch.amp.autocast('cuda', args...)` instead.\n"}
,{"stream_name":"stderr","time":443.452977491,"data":"  with torch.cuda.amp.autocast(enabled=DEVICE.type == \"cuda\", dtype=torch.float16):\n"}
,{"stream_name":"stderr","time":443.90234944,"data":"/kaggle/src/script.py:325: FutureWarning: `torch.cuda.amp.autocast(args...)` is deprecated. Please use `torch.amp.autocast('cuda', args...)` instead.\n"}
,{"stream_name":"stderr","time":443.90238472,"data":"  with torch.cuda.amp.autocast(enabled=DEVICE.type == \"cuda\", dtype=torch.float16):\n"}
,{"stream_name":"stderr","time":444.363163454,"data":"/kaggle/src/script.py:325: FutureWarning: `torch.cuda.amp.autocast(args...)` is deprecated. Please use `torch.amp.autocast('cuda', args...)` instead.\n"}
,{"stream_name":"stderr","time":444.363228126,"data":"  with torch.cuda.amp.autocast(enabled=DEVICE.type == \"cuda\", dtype=torch.float16):\n"}
,{"stream_name":"stderr","time":445.023359045,"data":"/kaggle/src/script.py:325: FutureWarning: `torch.cuda.amp.autocast(args...)` is deprecated. Please use `torch.amp.autocast('cuda', args...)` instead.\n"}
,{"stream_name":"stderr","time":445.023400923,"data":"  with torch.cuda.amp.autocast(enabled=DEVICE.type == \"cuda\", dtype=torch.float16):\n"}
,{"stream_name":"stderr","time":445.469262333,"data":"/kaggle/src/script.py:325: FutureWarning: `torch.cuda.amp.autocast(args...)` is deprecated. Please use `torch.amp.autocast('cuda', args...)` instead.\n"}
,{"stream_name":"stderr","time":445.469324931,"data":"  with torch.cuda.amp.autocast(enabled=DEVICE.type == \"cuda\", dtype=torch.float16):\n"}
,{"stream_name":"stderr","time":445.929016659,"data":"/kaggle/src/script.py:325: FutureWarning: `torch.cuda.amp.autocast(args...)` is deprecated. Please use `torch.amp.autocast('cuda', args...)` instead.\n"}
,{"stream_name":"stderr","time":445.929059001,"data":"  with torch.cuda.amp.autocast(enabled=DEVICE.type == \"cuda\", dtype=torch.float16):\n"}
,{"stream_name":"stderr","time":446.512370592,"data":"/kaggle/src/script.py:325: FutureWarning: `torch.cuda.amp.autocast(args...)` is deprecated. Please use `torch.amp.autocast('cuda', args...)` instead.\n"}
,{"stream_name":"stderr","time":446.51242849,"data":"  with torch.cuda.amp.autocast(enabled=DEVICE.type == \"cuda\", dtype=torch.float16):\n"}
,{"stream_name":"stderr","time":447.152870804,"data":"/kaggle/src/script.py:325: FutureWarning: `torch.cuda.amp.autocast(args...)` is deprecated. Please use `torch.amp.autocast('cuda', args...)` instead.\n"}
,{"stream_name":"stderr","time":447.152910862,"data":"  with torch.cuda.amp.autocast(enabled=DEVICE.type == \"cuda\", dtype=torch.float16):\n"}
,{"stream_name":"stderr","time":447.608463135,"data":"/kaggle/src/script.py:325: FutureWarning: `torch.cuda.amp.autocast(args...)` is deprecated. Please use `torch.amp.autocast('cuda', args...)` instead.\n"}
,{"stream_name":"stderr","time":447.608500481,"data":"  with torch.cuda.amp.autocast(enabled=DEVICE.type == \"cuda\", dtype=torch.float16):\n"}
,{"stream_name":"stderr","time":448.020022003,"data":"/kaggle/src/script.py:325: FutureWarning: `torch.cuda.amp.autocast(args...)` is deprecated. Please use `torch.amp.autocast('cuda', args...)` instead.\n"}
,{"stream_name":"stderr","time":448.02006315,"data":"  with torch.cuda.amp.autocast(enabled=DEVICE.type == \"cuda\", dtype=torch.float16):\n"}
,{"stream_name":"stderr","time":448.616043007,"data":"/kaggle/src/script.py:325: FutureWarning: `torch.cuda.amp.autocast(args...)` is deprecated. Please use `torch.amp.autocast('cuda', args...)` instead.\n"}
,{"stream_name":"stderr","time":448.616101222,"data":"  with torch.cuda.amp.autocast(enabled=DEVICE.type == \"cuda\", dtype=torch.float16):\n"}
,{"stream_name":"stderr","time":449.265200678,"data":"/kaggle/src/script.py:325: FutureWarning: `torch.cuda.amp.autocast(args...)` is deprecated. Please use `torch.amp.autocast('cuda', args...)` instead.\n"}
,{"stream_name":"stderr","time":449.265329517,"data":"  with torch.cuda.amp.autocast(enabled=DEVICE.type == \"cuda\", dtype=torch.float16):\n"}
,{"stream_name":"stderr","time":449.901315136,"data":"/kaggle/src/script.py:325: FutureWarning: `torch.cuda.amp.autocast(args...)` is deprecated. Please use `torch.amp.autocast('cuda', args...)` instead.\n"}
,{"stream_name":"stderr","time":449.901356134,"data":"  with torch.cuda.amp.autocast(enabled=DEVICE.type == \"cuda\", dtype=torch.float16):\n"}
,{"stream_name":"stdout","time":450.333737062,"data":"epoch=2 session=10/213 step=110 loss=2.5537 ce=1.5997 rank=0.8496 struct=1.3132\n"}
,{"stream_name":"stderr","time":450.334892888,"data":"/kaggle/src/script.py:325: FutureWarning: `torch.cuda.amp.autocast(args...)` is deprecated. Please use `torch.amp.autocast('cuda', args...)` instead.\n"}
,{"stream_name":"stderr","time":450.334909274,"data":"  with torch.cuda.amp.autocast(enabled=DEVICE.type == \"cuda\", dtype=torch.float16):\n"}
,{"stream_name":"stderr","time":450.930163214,"data":"/kaggle/src/script.py:325: FutureWarning: `torch.cuda.amp.autocast(args...)` is deprecated. Please use `torch.amp.autocast('cuda', args...)` instead.\n"}
,{"stream_name":"stderr","time":450.930202121,"data":"  with torch.cuda.amp.autocast(enabled=DEVICE.type == \"cuda\", dtype=torch.float16):\n"}
,{"stream_name":"stderr","time":451.601770117,"data":"/kaggle/src/script.py:325: FutureWarning: `torch.cuda.amp.autocast(args...)` is deprecated. Please use `torch.amp.autocast('cuda', args...)` instead.\n"}
,{"stream_name":"stderr","time":451.601822996,"data":"  with torch.cuda.amp.autocast(enabled=DEVICE.type == \"cuda\", dtype=torch.float16):\n"}
,{"stream_name":"stderr","time":452.067379288,"data":"/kaggle/src/script.py:325: FutureWarning: `torch.cuda.amp.autocast(args...)` is deprecated. Please use `torch.amp.autocast('cuda', args...)` instead.\n"}
,{"stream_name":"stderr","time":452.067434615,"data":"  with torch.cuda.amp.autocast(enabled=DEVICE.type == \"cuda\", dtype=torch.float16):\n"}
,{"stream_name":"stderr","time":452.494488909,"data":"/kaggle/src/script.py:325: FutureWarning: `torch.cuda.amp.autocast(args...)` is deprecated. Please use `torch.amp.autocast('cuda', args...)` instead.\n"}
,{"stream_name":"stderr","time":452.494527802,"data":"  with torch.cuda.amp.autocast(enabled=DEVICE.type == \"cuda\", dtype=torch.float16):\n"}
,{"stream_name":"stderr","time":452.961619794,"data":"/kaggle/src/script.py:325: FutureWarning: `torch.cuda.amp.autocast(args...)` is deprecated. Please use `torch.amp.autocast('cuda', args...)` instead.\n"}
,{"stream_name":"stderr","time":452.961659739,"data":"  with torch.cuda.amp.autocast(enabled=DEVICE.type == \"cuda\", dtype=torch.float16):\n"}
,{"stream_name":"stderr","time":453.426549082,"data":"/kaggle/src/script.py:325: FutureWarning: `torch.cuda.amp.autocast(args...)` is deprecated. Please use `torch.amp.autocast('cuda', args...)` instead.\n"}
,{"stream_name":"stderr","time":453.42658794,"data":"  with torch.cuda.amp.autocast(enabled=DEVICE.type == \"cuda\", dtype=torch.float16):\n"}
,{"stream_name":"stderr","time":454.046710084,"data":"/kaggle/src/script.py:325: FutureWarning: `torch.cuda.amp.autocast(args...)` is deprecated. Please use `torch.amp.autocast('cuda', args...)` instead.\n"}
,{"stream_name":"stderr","time":454.046747801,"data":"  with torch.cuda.amp.autocast(enabled=DEVICE.type == \"cuda\", dtype=torch.float16):\n"}
,{"stream_name":"stderr","time":454.659970463,"data":"/kaggle/src/script.py:325: FutureWarning: `torch.cuda.amp.autocast(args...)` is deprecated. Please use `torch.amp.autocast('cuda', args...)` instead.\n"}
,{"stream_name":"stderr","time":454.660013866,"data":"  with torch.cuda.amp.autocast(enabled=DEVICE.type == \"cuda\", dtype=torch.float16):\n"}
,{"stream_name":"stderr","time":455.13174282,"data":"/kaggle/src/script.py:325: FutureWarning: `torch.cuda.amp.autocast(args...)` is deprecated. Please use `torch.amp.autocast('cuda', args...)` instead.\n"}
,{"stream_name":"stderr","time":455.131785439,"data":"  with torch.cuda.amp.autocast(enabled=DEVICE.type == \"cuda\", dtype=torch.float16):\n"}
,{"stream_name":"stdout","time":455.569131952,"data":"epoch=2 session=20/213 step=113 loss=2.4114 ce=1.3990 rank=0.8216 struct=1.4496\n"}
,{"stream_name":"stderr","time":455.570270952,"data":"/kaggle/src/script.py:325: FutureWarning: `torch.cuda.amp.autocast(args...)` is deprecated. Please use `torch.amp.autocast('cuda', args...)` instead.\n"}
,{"stream_name":"stderr","time":455.570290301,"data":"  with torch.cuda.amp.autocast(enabled=DEVICE.type == \"cuda\", dtype=torch.float16):\n"}
,{"stream_name":"stderr","time":456.172573238,"data":"/kaggle/src/script.py:325: FutureWarning: `torch.cuda.amp.autocast(args...)` is deprecated. Please use `torch.amp.autocast('cuda', args...)` instead.\n"}
,{"stream_name":"stderr","time":456.172613986,"data":"  with torch.cuda.amp.autocast(enabled=DEVICE.type == \"cuda\", dtype=torch.float16):\n"}
,{"stream_name":"stderr","time":456.763774876,"data":"/kaggle/src/script.py:325: FutureWarning: `torch.cuda.amp.autocast(args...)` is deprecated. Please use `torch.amp.autocast('cuda', args...)` instead.\n"}
,{"stream_name":"stderr","time":456.763814603,"data":"  with torch.cuda.amp.autocast(enabled=DEVICE.type == \"cuda\", dtype=torch.float16):\n"}
,{"stream_name":"stderr","time":457.411072709,"data":"/kaggle/src/script.py:325: FutureWarning: `torch.cuda.amp.autocast(args...)` is deprecated. Please use `torch.amp.autocast('cuda', args...)` instead.\n"}
,{"stream_name":"stderr","time":457.411113949,"data":"  with torch.cuda.amp.autocast(enabled=DEVICE.type == \"cuda\", dtype=torch.float16):\n"}
,{"stream_name":"stderr","time":457.87458258,"data":"/kaggle/src/script.py:325: FutureWarning: `torch.cuda.amp.autocast(args...)` is deprecated. Please use `torch.amp.autocast('cuda', args...)` instead.\n"}
,{"stream_name":"stderr","time":457.8746233,"data":"  with torch.cuda.amp.autocast(enabled=DEVICE.type == \"cuda\", dtype=torch.float16):\n"}
,{"stream_name":"stderr","time":458.473791938,"data":"/kaggle/src/script.py:325: FutureWarning: `torch.cuda.amp.autocast(args...)` is deprecated. Please use `torch.amp.autocast('cuda', args...)` instead.\n"}
,{"stream_name":"stderr","time":458.473830398,"data":"  with torch.cuda.amp.autocast(enabled=DEVICE.type == \"cuda\", dtype=torch.float16):\n"}
,{"stream_name":"stderr","time":459.103967915,"data":"/kaggle/src/script.py:325: FutureWarning: `torch.cuda.amp.autocast(args...)` is deprecated. Please use `torch.amp.autocast('cuda', args...)` instead.\n"}
,{"stream_name":"stderr","time":459.104006622,"data":"  with torch.cuda.amp.autocast(enabled=DEVICE.type == \"cuda\", dtype=torch.float16):\n"}
,{"stream_name":"stderr","time":459.774888267,"data":"/kaggle/src/script.py:325: FutureWarning: `torch.cuda.amp.autocast(args...)` is deprecated. Please use `torch.amp.autocast('cuda', args...)` instead.\n"}
,{"stream_name":"stderr","time":459.774947956,"data":"  with torch.cuda.amp.autocast(enabled=DEVICE.type == \"cuda\", dtype=torch.float16):\n"}
,{"stream_name":"stderr","time":460.245446476,"data":"/kaggle/src/script.py:325: FutureWarning: `torch.cuda.amp.autocast(args...)` is deprecated. Please use `torch.amp.autocast('cuda', args...)` instead.\n"}
,{"stream_name":"stderr","time":460.245494906,"data":"  with torch.cuda.amp.autocast(enabled=DEVICE.type == \"cuda\", dtype=torch.float16):\n"}
,{"stream_name":"stderr","time":460.671541713,"data":"/kaggle/src/script.py:325: FutureWarning: `torch.cuda.amp.autocast(args...)` is deprecated. Please use `torch.amp.autocast('cuda', args...)` instead.\n"}
,{"stream_name":"stderr","time":460.671607035,"data":"  with torch.cuda.amp.autocast(enabled=DEVICE.type == \"cuda\", dtype=torch.float16):\n"}
,{"stream_name":"stdout","time":461.29857726,"data":"epoch=2 session=30/213 step=115 loss=2.1649 ce=1.4379 rank=0.8680 struct=0.8463\n"}
,{"stream_name":"stderr","time":461.299797565,"data":"/kaggle/src/script.py:325: FutureWarning: `torch.cuda.amp.autocast(args...)` is deprecated. Please use `torch.amp.autocast('cuda', args...)` instead.\n"}
,{"stream_name":"stderr","time":461.299813763,"data":"  with torch.cuda.amp.autocast(enabled=DEVICE.type == \"cuda\", dtype=torch.float16):\n"}
,{"stream_name":"stderr","time":461.745689866,"data":"/kaggle/src/script.py:325: FutureWarning: `torch.cuda.amp.autocast(args...)` is deprecated. Please use `torch.amp.autocast('cuda', args...)` instead.\n"}
,{"stream_name":"stderr","time":461.745732823,"data":"  with torch.cuda.amp.autocast(enabled=DEVICE.type == \"cuda\", dtype=torch.float16):\n"}
,{"stream_name":"stderr","time":462.364382333,"data":"/kaggle/src/script.py:325: FutureWarning: `torch.cuda.amp.autocast(args...)` is deprecated. Please use `torch.amp.autocast('cuda', args...)` instead.\n"}
,{"stream_name":"stderr","time":462.364420341,"data":"  with torch.cuda.amp.autocast(enabled=DEVICE.type == \"cuda\", dtype=torch.float16):\n"}
,{"stream_name":"stderr","time":462.787653163,"data":"/kaggle/src/script.py:325: FutureWarning: `torch.cuda.amp.autocast(args...)` is deprecated. Please use `torch.amp.autocast('cuda', args...)` instead.\n"}
,{"stream_name":"stderr","time":462.787693239,"data":"  with torch.cuda.amp.autocast(enabled=DEVICE.type == \"cuda\", dtype=torch.float16):\n"}
,{"stream_name":"stderr","time":463.213746407,"data":"/kaggle/src/script.py:325: FutureWarning: `torch.cuda.amp.autocast(args...)` is deprecated. Please use `torch.amp.autocast('cuda', args...)` instead.\n"}
,{"stream_name":"stderr","time":463.213782944,"data":"  with torch.cuda.amp.autocast(enabled=DEVICE.type == \"cuda\", dtype=torch.float16):\n"}
,{"stream_name":"stderr","time":463.818383105,"data":"/kaggle/src/script.py:325: FutureWarning: `torch.cuda.amp.autocast(args...)` is deprecated. Please use `torch.amp.autocast('cuda', args...)` instead.\n"}
,{"stream_name":"stderr","time":463.818436606,"data":"  with torch.cuda.amp.autocast(enabled=DEVICE.type == \"cuda\", dtype=torch.float16):\n"}
,{"stream_name":"stderr","time":464.485167733,"data":"/kaggle/src/script.py:325: FutureWarning: `torch.cuda.amp.autocast(args...)` is deprecated. Please use `torch.amp.autocast('cuda', args...)` instead.\n"}
,{"stream_name":"stderr","time":464.485203639,"data":"  with torch.cuda.amp.autocast(enabled=DEVICE.type == \"cuda\", dtype=torch.float16):\n"}
,{"stream_name":"stderr","time":465.082314018,"data":"/kaggle/src/script.py:325: FutureWarning: `torch.cuda.amp.autocast(args...)` is deprecated. Please use `torch.amp.autocast('cuda', args...)` instead.\n"}
,{"stream_name":"stderr","time":465.082355243,"data":"  with torch.cuda.amp.autocast(enabled=DEVICE.type == \"cuda\", dtype=torch.float16):\n"}
,{"stream_name":"stderr","time":465.678393151,"data":"/kaggle/src/script.py:325: FutureWarning: `torch.cuda.amp.autocast(args...)` is deprecated. Please use `torch.amp.autocast('cuda', args...)` instead.\n"}
,{"stream_name":"stderr","time":465.678449429,"data":"  with torch.cuda.amp.autocast(enabled=DEVICE.type == \"cuda\", dtype=torch.float16):\n"}
,{"stream_name":"stderr","time":466.12914663,"data":"/kaggle/src/script.py:325: FutureWarning: `torch.cuda.amp.autocast(args...)` is deprecated. Please use `torch.amp.autocast('cuda', args...)` instead.\n"}
,{"stream_name":"stderr","time":466.129199941,"data":"  with torch.cuda.amp.autocast(enabled=DEVICE.type == \"cuda\", dtype=torch.float16):\n"}
,{"stream_name":"stdout","time":466.555349208,"data":"epoch=2 session=40/213 step=118 loss=2.1569 ce=1.2977 rank=0.8057 struct=1.1545\n"}
,{"stream_name":"stderr","time":466.556403039,"data":"/kaggle/src/script.py:325: FutureWarning: `torch.cuda.amp.autocast(args...)` is deprecated. Please use `torch.amp.autocast('cuda', args...)` instead.\n"}
,{"stream_name":"stderr","time":466.556426871,"data":"  with torch.cuda.amp.autocast(enabled=DEVICE.type == \"cuda\", dtype=torch.float16):\n"}
,{"stream_name":"stderr","time":467.215633606,"data":"/kaggle/src/script.py:325: FutureWarning: `torch.cuda.amp.autocast(args...)` is deprecated. Please use `torch.amp.autocast('cuda', args...)` instead.\n"}
,{"stream_name":"stderr","time":467.215682104,"data":"  with torch.cuda.amp.autocast(enabled=DEVICE.type == \"cuda\", dtype=torch.float16):\n"}
,{"stream_name":"stderr","time":467.985182187,"data":"/kaggle/src/script.py:325: FutureWarning: `torch.cuda.amp.autocast(args...)` is deprecated. Please use `torch.amp.autocast('cuda', args...)` instead.\n"}
,{"stream_name":"stderr","time":467.985219775,"data":"  with torch.cuda.amp.autocast(enabled=DEVICE.type == \"cuda\", dtype=torch.float16):\n"}
,{"stream_name":"stderr","time":468.55559443,"data":"/kaggle/src/script.py:325: FutureWarning: `torch.cuda.amp.autocast(args...)` is deprecated. Please use `torch.amp.autocast('cuda', args...)` instead.\n"}
,{"stream_name":"stderr","time":468.555637569,"data":"  with torch.cuda.amp.autocast(enabled=DEVICE.type == \"cuda\", dtype=torch.float16):\n"}
,{"stream_name":"stderr","time":469.2053653,"data":"/kaggle/src/script.py:325: FutureWarning: `torch.cuda.amp.autocast(args...)` is deprecated. Please use `torch.amp.autocast('cuda', args...)` instead.\n"}
,{"stream_name":"stderr","time":469.205409633,"data":"  with torch.cuda.amp.autocast(enabled=DEVICE.type == \"cuda\", dtype=torch.float16):\n"}
,{"stream_name":"stderr","time":469.660964632,"data":"/kaggle/src/script.py:325: FutureWarning: `torch.cuda.amp.autocast(args...)` is deprecated. Please use `torch.amp.autocast('cuda', args...)` instead.\n"}
,{"stream_name":"stderr","time":469.661004173,"data":"  with torch.cuda.amp.autocast(enabled=DEVICE.type == \"cuda\", dtype=torch.float16):\n"}
,{"stream_name":"stderr","time":470.313518152,"data":"/kaggle/src/script.py:325: FutureWarning: `torch.cuda.amp.autocast(args...)` is deprecated. Please use `torch.amp.autocast('cuda', args...)` instead.\n"}
,{"stream_name":"stderr","time":470.313555299,"data":"  with torch.cuda.amp.autocast(enabled=DEVICE.type == \"cuda\", dtype=torch.float16):\n"}
,{"stream_name":"stderr","time":470.971449609,"data":"/kaggle/src/script.py:325: FutureWarning: `torch.cuda.amp.autocast(args...)` is deprecated. Please use `torch.amp.autocast('cuda', args...)` instead.\n"}
,{"stream_name":"stderr","time":470.971490788,"data":"  with torch.cuda.amp.autocast(enabled=DEVICE.type == \"cuda\", dtype=torch.float16):\n"}
,{"stream_name":"stderr","time":471.457651233,"data":"/kaggle/src/script.py:325: FutureWarning: `torch.cuda.amp.autocast(args...)` is deprecated. Please use `torch.amp.autocast('cuda', args...)` instead.\n"}
,{"stream_name":"stderr","time":471.457704257,"data":"  with torch.cuda.amp.autocast(enabled=DEVICE.type == \"cuda\", dtype=torch.float16):\n"}
,{"stream_name":"stderr","time":471.867213455,"data":"/kaggle/src/script.py:325: FutureWarning: `torch.cuda.amp.autocast(args...)` is deprecated. Please use `torch.amp.autocast('cuda', args...)` instead.\n"}
,{"stream_name":"stderr","time":471.867252749,"data":"  with torch.cuda.amp.autocast(enabled=DEVICE.type == \"cuda\", dtype=torch.float16):\n"}
,{"stream_name":"stdout","time":472.311761682,"data":"epoch=2 session=50/213 step=120 loss=2.4615 ce=1.5212 rank=0.7574 struct=1.3506\n"}
,{"stream_name":"stderr","time":472.312838238,"data":"/kaggle/src/script.py:325: FutureWarning: `torch.cuda.amp.autocast(args...)` is deprecated. Please use `torch.amp.autocast('cuda', args...)` instead.\n"}
,{"stream_name":"stderr","time":472.312853405,"data":"  with torch.cuda.amp.autocast(enabled=DEVICE.type == \"cuda\", dtype=torch.float16):\n"}
,{"stream_name":"stderr","time":472.909098567,"data":"/kaggle/src/script.py:325: FutureWarning: `torch.cuda.amp.autocast(args...)` is deprecated. Please use `torch.amp.autocast('cuda', args...)` instead.\n"}
,{"stream_name":"stderr","time":472.909158246,"data":"  with torch.cuda.amp.autocast(enabled=DEVICE.type == \"cuda\", dtype=torch.float16):\n"}
,{"stream_name":"stderr","time":473.369096016,"data":"/kaggle/src/script.py:325: FutureWarning: `torch.cuda.amp.autocast(args...)` is deprecated. Please use `torch.amp.autocast('cuda', args...)` instead.\n"}
,{"stream_name":"stderr","time":473.369133933,"data":"  with torch.cuda.amp.autocast(enabled=DEVICE.type == \"cuda\", dtype=torch.float16):\n"}
,{"stream_name":"stderr","time":473.965753185,"data":"/kaggle/src/script.py:325: FutureWarning: `torch.cuda.amp.autocast(args...)` is deprecated. Please use `torch.amp.autocast('cuda', args...)` instead.\n"}
,{"stream_name":"stderr","time":473.965795014,"data":"  with torch.cuda.amp.autocast(enabled=DEVICE.type == \"cuda\", dtype=torch.float16):\n"}
,{"stream_name":"stderr","time":474.408450554,"data":"/kaggle/src/script.py:325: FutureWarning: `torch.cuda.amp.autocast(args...)` is deprecated. Please use `torch.amp.autocast('cuda', args...)` instead.\n"}
,{"stream_name":"stderr","time":474.408491408,"data":"  with torch.cuda.amp.autocast(enabled=DEVICE.type == \"cuda\", dtype=torch.float16):\n"}
,{"stream_name":"stderr","time":475.072450315,"data":"/kaggle/src/script.py:325: FutureWarning: `torch.cuda.amp.autocast(args...)` is deprecated. Please use `torch.amp.autocast('cuda', args...)` instead.\n"}
,{"stream_name":"stderr","time":475.072490917,"data":"  with torch.cuda.amp.autocast(enabled=DEVICE.type == \"cuda\", dtype=torch.float16):\n"}
,{"stream_name":"stderr","time":475.495384355,"data":"/kaggle/src/script.py:325: FutureWarning: `torch.cuda.amp.autocast(args...)` is deprecated. Please use `torch.amp.autocast('cuda', args...)` instead.\n"}
,{"stream_name":"stderr","time":475.495424112,"data":"  with torch.cuda.amp.autocast(enabled=DEVICE.type == \"cuda\", dtype=torch.float16):\n"}
,{"stream_name":"stderr","time":476.140069872,"data":"/kaggle/src/script.py:325: FutureWarning: `torch.cuda.amp.autocast(args...)` is deprecated. Please use `torch.amp.autocast('cuda', args...)` instead.\n"}
,{"stream_name":"stderr","time":476.140110833,"data":"  with torch.cuda.amp.autocast(enabled=DEVICE.type == \"cuda\", dtype=torch.float16):\n"}
,{"stream_name":"stderr","time":476.598519047,"data":"/kaggle/src/script.py:325: FutureWarning: `torch.cuda.amp.autocast(args...)` is deprecated. Please use `torch.amp.autocast('cuda', args...)` instead.\n"}
,{"stream_name":"stderr","time":476.5985577,"data":"  with torch.cuda.amp.autocast(enabled=DEVICE.type == \"cuda\", dtype=torch.float16):\n"}
,{"stream_name":"stderr","time":477.199647102,"data":"/kaggle/src/script.py:325: FutureWarning: `torch.cuda.amp.autocast(args...)` is deprecated. Please use `torch.amp.autocast('cuda', args...)` instead.\n"}
,{"stream_name":"stderr","time":477.199698657,"data":"  with torch.cuda.amp.autocast(enabled=DEVICE.type == \"cuda\", dtype=torch.float16):\n"}
,{"stream_name":"stdout","time":477.810639693,"data":"epoch=2 session=60/213 step=123 loss=2.2659 ce=1.4083 rank=0.7878 struct=1.1637\n"}
,{"stream_name":"stderr","time":477.811941962,"data":"/kaggle/src/script.py:325: FutureWarning: `torch.cuda.amp.autocast(args...)` is deprecated. Please use `torch.amp.autocast('cuda', args...)` instead.\n"}
,{"stream_name":"stderr","time":477.811981305,"data":"  with torch.cuda.amp.autocast(enabled=DEVICE.type == \"cuda\", dtype=torch.float16):\n"}
,{"stream_name":"stderr","time":478.269856843,"data":"/kaggle/src/script.py:325: FutureWarning: `torch.cuda.amp.autocast(args...)` is deprecated. Please use `torch.amp.autocast('cuda', args...)` instead.\n"}
,{"stream_name":"stderr","time":478.269887998,"data":"  with torch.cuda.amp.autocast(enabled=DEVICE.type == \"cuda\", dtype=torch.float16):\n"}
,{"stream_name":"stderr","time":478.742115437,"data":"/kaggle/src/script.py:325: FutureWarning: `torch.cuda.amp.autocast(args...)` is deprecated. Please use `torch.amp.autocast('cuda', args...)` instead.\n"}
,{"stream_name":"stderr","time":478.742154928,"data":"  with torch.cuda.amp.autocast(enabled=DEVICE.type == \"cuda\", dtype=torch.float16):\n"}
,{"stream_name":"stderr","time":479.170275784,"data":"/kaggle/src/script.py:325: FutureWarning: `torch.cuda.amp.autocast(args...)` is deprecated. Please use `torch.amp.autocast('cuda', args...)` instead.\n"}
,{"stream_name":"stderr","time":479.170335642,"data":"  with torch.cuda.amp.autocast(enabled=DEVICE.type == \"cuda\", dtype=torch.float16):\n"}
,{"stream_name":"stderr","time":479.605215825,"data":"/kaggle/src/script.py:325: FutureWarning: `torch.cuda.amp.autocast(args...)` is deprecated. Please use `torch.amp.autocast('cuda', args...)` instead.\n"}
,{"stream_name":"stderr","time":479.605254913,"data":"  with torch.cuda.amp.autocast(enabled=DEVICE.type == \"cuda\", dtype=torch.float16):\n"}
,{"stream_name":"stderr","time":480.024339546,"data":"/kaggle/src/script.py:325: FutureWarning: `torch.cuda.amp.autocast(args...)` is deprecated. Please use `torch.amp.autocast('cuda', args...)` instead.\n"}
,{"stream_name":"stderr","time":480.024376129,"data":"  with torch.cuda.amp.autocast(enabled=DEVICE.type == \"cuda\", dtype=torch.float16):\n"}
,{"stream_name":"stderr","time":480.443286217,"data":"/kaggle/src/script.py:325: FutureWarning: `torch.cuda.amp.autocast(args...)` is deprecated. Please use `torch.amp.autocast('cuda', args...)` instead.\n"}
,{"stream_name":"stderr","time":480.443344864,"data":"  with torch.cuda.amp.autocast(enabled=DEVICE.type == \"cuda\", dtype=torch.float16):\n"}
,{"stream_name":"stderr","time":481.046537448,"data":"/kaggle/src/script.py:325: FutureWarning: `torch.cuda.amp.autocast(args...)` is deprecated. Please use `torch.amp.autocast('cuda', args...)` instead.\n"}
,{"stream_name":"stderr","time":481.046576128,"data":"  with torch.cuda.amp.autocast(enabled=DEVICE.type == \"cuda\", dtype=torch.float16):\n"}
,{"stream_name":"stderr","time":481.501264891,"data":"/kaggle/src/script.py:325: FutureWarning: `torch.cuda.amp.autocast(args...)` is deprecated. Please use `torch.amp.autocast('cuda', args...)` instead.\n"}
,{"stream_name":"stderr","time":481.501331703,"data":"  with torch.cuda.amp.autocast(enabled=DEVICE.type == \"cuda\", dtype=torch.float16):\n"}
,{"stream_name":"stderr","time":482.110483566,"data":"/kaggle/src/script.py:325: FutureWarning: `torch.cuda.amp.autocast(args...)` is deprecated. Please use `torch.amp.autocast('cuda', args...)` instead.\n"}
,{"stream_name":"stderr","time":482.110523279,"data":"  with torch.cuda.amp.autocast(enabled=DEVICE.type == \"cuda\", dtype=torch.float16):\n"}
,{"stream_name":"stdout","time":482.719003462,"data":"epoch=2 session=70/213 step=125 loss=2.4299 ce=1.4541 rank=0.7758 struct=1.4086\n"}
,{"stream_name":"stderr","time":482.720213316,"data":"/kaggle/src/script.py:325: FutureWarning: `torch.cuda.amp.autocast(args...)` is deprecated. Please use `torch.amp.autocast('cuda', args...)` instead.\n"}
,{"stream_name":"stderr","time":482.720227573,"data":"  with torch.cuda.amp.autocast(enabled=DEVICE.type == \"cuda\", dtype=torch.float16):\n"}
,{"stream_name":"stderr","time":483.339312518,"data":"/kaggle/src/script.py:325: FutureWarning: `torch.cuda.amp.autocast(args...)` is deprecated. Please use `torch.amp.autocast('cuda', args...)` instead.\n"}
,{"stream_name":"stderr","time":483.339351275,"data":"  with torch.cuda.amp.autocast(enabled=DEVICE.type == \"cuda\", dtype=torch.float16):\n"}
,{"stream_name":"stderr","time":483.787155536,"data":"/kaggle/src/script.py:325: FutureWarning: `torch.cuda.amp.autocast(args...)` is deprecated. Please use `torch.amp.autocast('cuda', args...)` instead.\n"}
,{"stream_name":"stderr","time":483.787221436,"data":"  with torch.cuda.amp.autocast(enabled=DEVICE.type == \"cuda\", dtype=torch.float16):\n"}
,{"stream_name":"stderr","time":484.218996269,"data":"/kaggle/src/script.py:325: FutureWarning: `torch.cuda.amp.autocast(args...)` is deprecated. Please use `torch.amp.autocast('cuda', args...)` instead.\n"}
,{"stream_name":"stderr","time":484.219036351,"data":"  with torch.cuda.amp.autocast(enabled=DEVICE.type == \"cuda\", dtype=torch.float16):\n"}
,{"stream_name":"stderr","time":484.823060418,"data":"/kaggle/src/script.py:325: FutureWarning: `torch.cuda.amp.autocast(args...)` is deprecated. Please use `torch.amp.autocast('cuda', args...)` instead.\n"}
,{"stream_name":"stderr","time":484.823098265,"data":"  with torch.cuda.amp.autocast(enabled=DEVICE.type == \"cuda\", dtype=torch.float16):\n"}
,{"stream_name":"stderr","time":485.480737131,"data":"/kaggle/src/script.py:325: FutureWarning: `torch.cuda.amp.autocast(args...)` is deprecated. Please use `torch.amp.autocast('cuda', args...)` instead.\n"}
,{"stream_name":"stderr","time":485.480773895,"data":"  with torch.cuda.amp.autocast(enabled=DEVICE.type == \"cuda\", dtype=torch.float16):\n"}
,{"stream_name":"stderr","time":485.926734511,"data":"/kaggle/src/script.py:325: FutureWarning: `torch.cuda.amp.autocast(args...)` is deprecated. Please use `torch.amp.autocast('cuda', args...)` instead.\n"}
,{"stream_name":"stderr","time":485.926776265,"data":"  with torch.cuda.amp.autocast(enabled=DEVICE.type == \"cuda\", dtype=torch.float16):\n"}
,{"stream_name":"stderr","time":486.352869999,"data":"/kaggle/src/script.py:325: FutureWarning: `torch.cuda.amp.autocast(args...)` is deprecated. Please use `torch.amp.autocast('cuda', args...)` instead.\n"}
,{"stream_name":"stderr","time":486.352906701,"data":"  with torch.cuda.amp.autocast(enabled=DEVICE.type == \"cuda\", dtype=torch.float16):\n"}
,{"stream_name":"stderr","time":486.79833312,"data":"/kaggle/src/script.py:325: FutureWarning: `torch.cuda.amp.autocast(args...)` is deprecated. Please use `torch.amp.autocast('cuda', args...)` instead.\n"}
,{"stream_name":"stderr","time":486.798373699,"data":"  with torch.cuda.amp.autocast(enabled=DEVICE.type == \"cuda\", dtype=torch.float16):\n"}
,{"stream_name":"stderr","time":487.43801935,"data":"/kaggle/src/script.py:325: FutureWarning: `torch.cuda.amp.autocast(args...)` is deprecated. Please use `torch.amp.autocast('cuda', args...)` instead.\n"}
,{"stream_name":"stderr","time":487.438062121,"data":"  with torch.cuda.amp.autocast(enabled=DEVICE.type == \"cuda\", dtype=torch.float16):\n"}
,{"stream_name":"stdout","time":488.065898115,"data":"epoch=2 session=80/213 step=128 loss=1.9880 ce=1.2296 rank=0.7998 struct=0.9569\n"}
,{"stream_name":"stderr","time":488.066954816,"data":"/kaggle/src/script.py:325: FutureWarning: `torch.cuda.amp.autocast(args...)` is deprecated. Please use `torch.amp.autocast('cuda', args...)` instead.\n"}
,{"stream_name":"stderr","time":488.066970715,"data":"  with torch.cuda.amp.autocast(enabled=DEVICE.type == \"cuda\", dtype=torch.float16):\n"}
,{"stream_name":"stderr","time":488.762105088,"data":"/kaggle/src/script.py:325: FutureWarning: `torch.cuda.amp.autocast(args...)` is deprecated. Please use `torch.amp.autocast('cuda', args...)` instead.\n"}
,{"stream_name":"stderr","time":488.762177229,"data":"  with torch.cuda.amp.autocast(enabled=DEVICE.type == \"cuda\", dtype=torch.float16):\n"}
,{"stream_name":"stderr","time":489.434343669,"data":"/kaggle/src/script.py:325: FutureWarning: `torch.cuda.amp.autocast(args...)` is deprecated. Please use `torch.amp.autocast('cuda', args...)` instead.\n"}
,{"stream_name":"stderr","time":489.434412424,"data":"  with torch.cuda.amp.autocast(enabled=DEVICE.type == \"cuda\", dtype=torch.float16):\n"}
,{"stream_name":"stderr","time":489.871193305,"data":"/kaggle/src/script.py:325: FutureWarning: `torch.cuda.amp.autocast(args...)` is deprecated. Please use `torch.amp.autocast('cuda', args...)` instead.\n"}
,{"stream_name":"stderr","time":489.87123417,"data":"  with torch.cuda.amp.autocast(enabled=DEVICE.type == \"cuda\", dtype=torch.float16):\n"}
,{"stream_name":"stderr","time":490.490461876,"data":"/kaggle/src/script.py:325: FutureWarning: `torch.cuda.amp.autocast(args...)` is deprecated. Please use `torch.amp.autocast('cuda', args...)` instead.\n"}
,{"stream_name":"stderr","time":490.490504543,"data":"  with torch.cuda.amp.autocast(enabled=DEVICE.type == \"cuda\", dtype=torch.float16):\n"}
,{"stream_name":"stderr","time":491.117668234,"data":"/kaggle/src/script.py:325: FutureWarning: `torch.cuda.amp.autocast(args...)` is deprecated. Please use `torch.amp.autocast('cuda', args...)` instead.\n"}
,{"stream_name":"stderr","time":491.117702654,"data":"  with torch.cuda.amp.autocast(enabled=DEVICE.type == \"cuda\", dtype=torch.float16):\n"}
,{"stream_name":"stderr","time":491.743144826,"data":"/kaggle/src/script.py:325: FutureWarning: `torch.cuda.amp.autocast(args...)` is deprecated. Please use `torch.amp.autocast('cuda', args...)` instead.\n"}
,{"stream_name":"stderr","time":491.743183346,"data":"  with torch.cuda.amp.autocast(enabled=DEVICE.type == \"cuda\", dtype=torch.float16):\n"}
,{"stream_name":"stderr","time":492.389026136,"data":"/kaggle/src/script.py:325: FutureWarning: `torch.cuda.amp.autocast(args...)` is deprecated. Please use `torch.amp.autocast('cuda', args...)` instead.\n"}
,{"stream_name":"stderr","time":492.389080109,"data":"  with torch.cuda.amp.autocast(enabled=DEVICE.type == \"cuda\", dtype=torch.float16):\n"}
,{"stream_name":"stderr","time":492.853076632,"data":"/kaggle/src/script.py:325: FutureWarning: `torch.cuda.amp.autocast(args...)` is deprecated. Please use `torch.amp.autocast('cuda', args...)` instead.\n"}
,{"stream_name":"stderr","time":492.853119699,"data":"  with torch.cuda.amp.autocast(enabled=DEVICE.type == \"cuda\", dtype=torch.float16):\n"}
,{"stream_name":"stderr","time":493.514333545,"data":"/kaggle/src/script.py:325: FutureWarning: `torch.cuda.amp.autocast(args...)` is deprecated. Please use `torch.amp.autocast('cuda', args...)` instead.\n"}
,{"stream_name":"stderr","time":493.514374282,"data":"  with torch.cuda.amp.autocast(enabled=DEVICE.type == \"cuda\", dtype=torch.float16):\n"}
,{"stream_name":"stdout","time":494.166084075,"data":"epoch=2 session=90/213 step=130 loss=2.2002 ce=1.3897 rank=0.8074 struct=1.0559\n"}
,{"stream_name":"stderr","time":494.16720452,"data":"/kaggle/src/script.py:325: FutureWarning: `torch.cuda.amp.autocast(args...)` is deprecated. Please use `torch.amp.autocast('cuda', args...)` instead.\n"}
,{"stream_name":"stderr","time":494.167221663,"data":"  with torch.cuda.amp.autocast(enabled=DEVICE.type == \"cuda\", dtype=torch.float16):\n"}
,{"stream_name":"stderr","time":494.581263987,"data":"/kaggle/src/script.py:325: FutureWarning: `torch.cuda.amp.autocast(args...)` is deprecated. Please use `torch.amp.autocast('cuda', args...)` instead.\n"}
,{"stream_name":"stderr","time":494.581337625,"data":"  with torch.cuda.amp.autocast(enabled=DEVICE.type == \"cuda\", dtype=torch.float16):\n"}
,{"stream_name":"stderr","time":495.180614099,"data":"/kaggle/src/script.py:325: FutureWarning: `torch.cuda.amp.autocast(args...)` is deprecated. Please use `torch.amp.autocast('cuda', args...)` instead.\n"}
,{"stream_name":"stderr","time":495.180652258,"data":"  with torch.cuda.amp.autocast(enabled=DEVICE.type == \"cuda\", dtype=torch.float16):\n"}
,{"stream_name":"stderr","time":495.607552058,"data":"/kaggle/src/script.py:325: FutureWarning: `torch.cuda.amp.autocast(args...)` is deprecated. Please use `torch.amp.autocast('cuda', args...)` instead.\n"}
,{"stream_name":"stderr","time":495.607591678,"data":"  with torch.cuda.amp.autocast(enabled=DEVICE.type == \"cuda\", dtype=torch.float16):\n"}
,{"stream_name":"stderr","time":496.214068765,"data":"/kaggle/src/script.py:325: FutureWarning: `torch.cuda.amp.autocast(args...)` is deprecated. Please use `torch.amp.autocast('cuda', args...)` instead.\n"}
,{"stream_name":"stderr","time":496.214108483,"data":"  with torch.cuda.amp.autocast(enabled=DEVICE.type == \"cuda\", dtype=torch.float16):\n"}
,{"stream_name":"stderr","time":496.820661023,"data":"/kaggle/src/script.py:325: FutureWarning: `torch.cuda.amp.autocast(args...)` is deprecated. Please use `torch.amp.autocast('cuda', args...)` instead.\n"}
,{"stream_name":"stderr","time":496.8207137,"data":"  with torch.cuda.amp.autocast(enabled=DEVICE.type == \"cuda\", dtype=torch.float16):\n"}
,{"stream_name":"stderr","time":497.261534458,"data":"/kaggle/src/script.py:325: FutureWarning: `torch.cuda.amp.autocast(args...)` is deprecated. Please use `torch.amp.autocast('cuda', args...)` instead.\n"}
,{"stream_name":"stderr","time":497.261574056,"data":"  with torch.cuda.amp.autocast(enabled=DEVICE.type == \"cuda\", dtype=torch.float16):\n"}
,{"stream_name":"stderr","time":497.733056818,"data":"/kaggle/src/script.py:325: FutureWarning: `torch.cuda.amp.autocast(args...)` is deprecated. Please use `torch.amp.autocast('cuda', args...)` instead.\n"}
,{"stream_name":"stderr","time":497.733093028,"data":"  with torch.cuda.amp.autocast(enabled=DEVICE.type == \"cuda\", dtype=torch.float16):\n"}
,{"stream_name":"stderr","time":498.165482003,"data":"/kaggle/src/script.py:325: FutureWarning: `torch.cuda.amp.autocast(args...)` is deprecated. Please use `torch.amp.autocast('cuda', args...)` instead.\n"}
,{"stream_name":"stderr","time":498.165534463,"data":"  with torch.cuda.amp.autocast(enabled=DEVICE.type == \"cuda\", dtype=torch.float16):\n"}
,{"stream_name":"stderr","time":498.608171913,"data":"/kaggle/src/script.py:325: FutureWarning: `torch.cuda.amp.autocast(args...)` is deprecated. Please use `torch.amp.autocast('cuda', args...)` instead.\n"}
,{"stream_name":"stderr","time":498.608225489,"data":"  with torch.cuda.amp.autocast(enabled=DEVICE.type == \"cuda\", dtype=torch.float16):\n"}
,{"stream_name":"stdout","time":499.047659532,"data":"epoch=2 session=100/213 step=133 loss=2.3336 ce=1.4041 rank=0.7909 struct=1.3053\n"}
,{"stream_name":"stderr","time":499.048787459,"data":"/kaggle/src/script.py:325: FutureWarning: `torch.cuda.amp.autocast(args...)` is deprecated. Please use `torch.amp.autocast('cuda', args...)` instead.\n"}
,{"stream_name":"stderr","time":499.048806835,"data":"  with torch.cuda.amp.autocast(enabled=DEVICE.type == \"cuda\", dtype=torch.float16):\n"}
,{"stream_name":"stderr","time":499.663062518,"data":"/kaggle/src/script.py:325: FutureWarning: `torch.cuda.amp.autocast(args...)` is deprecated. Please use `torch.amp.autocast('cuda', args...)` instead.\n"}
,{"stream_name":"stderr","time":499.663100486,"data":"  with torch.cuda.amp.autocast(enabled=DEVICE.type == \"cuda\", dtype=torch.float16):\n"}
,{"stream_name":"stderr","time":500.11239034,"data":"/kaggle/src/script.py:325: FutureWarning: `torch.cuda.amp.autocast(args...)` is deprecated. Please use `torch.amp.autocast('cuda', args...)` instead.\n"}
,{"stream_name":"stderr","time":500.112450734,"data":"  with torch.cuda.amp.autocast(enabled=DEVICE.type == \"cuda\", dtype=torch.float16):\n"}
,{"stream_name":"stderr","time":500.722060706,"data":"/kaggle/src/script.py:325: FutureWarning: `torch.cuda.amp.autocast(args...)` is deprecated. Please use `torch.amp.autocast('cuda', args...)` instead.\n"}
,{"stream_name":"stderr","time":500.722106558,"data":"  with torch.cuda.amp.autocast(enabled=DEVICE.type == \"cuda\", dtype=torch.float16):\n"}
,{"stream_name":"stderr","time":501.344424635,"data":"/kaggle/src/script.py:325: FutureWarning: `torch.cuda.amp.autocast(args...)` is deprecated. Please use `torch.amp.autocast('cuda', args...)` instead.\n"}
,{"stream_name":"stderr","time":501.344458994,"data":"  with torch.cuda.amp.autocast(enabled=DEVICE.type == \"cuda\", dtype=torch.float16):\n"}
,{"stream_name":"stderr","time":501.792403252,"data":"/kaggle/src/script.py:325: FutureWarning: `torch.cuda.amp.autocast(args...)` is deprecated. Please use `torch.amp.autocast('cuda', args...)` instead.\n"}
,{"stream_name":"stderr","time":501.792456213,"data":"  with torch.cuda.amp.autocast(enabled=DEVICE.type == \"cuda\", dtype=torch.float16):\n"}
,{"stream_name":"stderr","time":502.426345022,"data":"/kaggle/src/script.py:325: FutureWarning: `torch.cuda.amp.autocast(args...)` is deprecated. Please use `torch.amp.autocast('cuda', args...)` instead.\n"}
,{"stream_name":"stderr","time":502.42638212,"data":"  with torch.cuda.amp.autocast(enabled=DEVICE.type == \"cuda\", dtype=torch.float16):\n"}
,{"stream_name":"stderr","time":502.876275103,"data":"/kaggle/src/script.py:325: FutureWarning: `torch.cuda.amp.autocast(args...)` is deprecated. Please use `torch.amp.autocast('cuda', args...)` instead.\n"}
,{"stream_name":"stderr","time":502.876336242,"data":"  with torch.cuda.amp.autocast(enabled=DEVICE.type == \"cuda\", dtype=torch.float16):\n"}
,{"stream_name":"stderr","time":503.317245835,"data":"/kaggle/src/script.py:325: FutureWarning: `torch.cuda.amp.autocast(args...)` is deprecated. Please use `torch.amp.autocast('cuda', args...)` instead.\n"}
,{"stream_name":"stderr","time":503.317321156,"data":"  with torch.cuda.amp.autocast(enabled=DEVICE.type == \"cuda\", dtype=torch.float16):\n"}
,{"stream_name":"stderr","time":503.753238317,"data":"/kaggle/src/script.py:325: FutureWarning: `torch.cuda.amp.autocast(args...)` is deprecated. Please use `torch.amp.autocast('cuda', args...)` instead.\n"}
,{"stream_name":"stderr","time":503.753277051,"data":"  with torch.cuda.amp.autocast(enabled=DEVICE.type == \"cuda\", dtype=torch.float16):\n"}
,{"stream_name":"stdout","time":504.370872823,"data":"epoch=2 session=110/213 step=135 loss=2.3717 ce=1.3796 rank=0.8275 struct=1.4049\n"}
,{"stream_name":"stderr","time":504.372122053,"data":"/kaggle/src/script.py:325: FutureWarning: `torch.cuda.amp.autocast(args...)` is deprecated. Please use `torch.amp.autocast('cuda', args...)` instead.\n"}
,{"stream_name":"stderr","time":504.372137737,"data":"  with torch.cuda.amp.autocast(enabled=DEVICE.type == \"cuda\", dtype=torch.float16):\n"}
,{"stream_name":"stderr","time":505.010773763,"data":"/kaggle/src/script.py:325: FutureWarning: `torch.cuda.amp.autocast(args...)` is deprecated. Please use `torch.amp.autocast('cuda', args...)` instead.\n"}
,{"stream_name":"stderr","time":505.010815119,"data":"  with torch.cuda.amp.autocast(enabled=DEVICE.type == \"cuda\", dtype=torch.float16):\n"}
,{"stream_name":"stderr","time":505.451673413,"data":"/kaggle/src/script.py:325: FutureWarning: `torch.cuda.amp.autocast(args...)` is deprecated. Please use `torch.amp.autocast('cuda', args...)` instead.\n"}
,{"stream_name":"stderr","time":505.451711715,"data":"  with torch.cuda.amp.autocast(enabled=DEVICE.type == \"cuda\", dtype=torch.float16):\n"}
,{"stream_name":"stderr","time":505.900550868,"data":"/kaggle/src/script.py:325: FutureWarning: `torch.cuda.amp.autocast(args...)` is deprecated. Please use `torch.amp.autocast('cuda', args...)` instead.\n"}
,{"stream_name":"stderr","time":505.900588521,"data":"  with torch.cuda.amp.autocast(enabled=DEVICE.type == \"cuda\", dtype=torch.float16):\n"}
,{"stream_name":"stderr","time":506.526197878,"data":"/kaggle/src/script.py:325: FutureWarning: `torch.cuda.amp.autocast(args...)` is deprecated. Please use `torch.amp.autocast('cuda', args...)` instead.\n"}
,{"stream_name":"stderr","time":506.526254614,"data":"  with torch.cuda.amp.autocast(enabled=DEVICE.type == \"cuda\", dtype=torch.float16):\n"}
,{"stream_name":"stderr","time":507.132733456,"data":"/kaggle/src/script.py:325: FutureWarning: `torch.cuda.amp.autocast(args...)` is deprecated. Please use `torch.amp.autocast('cuda', args...)` instead.\n"}
,{"stream_name":"stderr","time":507.132777161,"data":"  with torch.cuda.amp.autocast(enabled=DEVICE.type == \"cuda\", dtype=torch.float16):\n"}
,{"stream_name":"stderr","time":507.586616235,"data":"/kaggle/src/script.py:325: FutureWarning: `torch.cuda.amp.autocast(args...)` is deprecated. Please use `torch.amp.autocast('cuda', args...)` instead.\n"}
,{"stream_name":"stderr","time":507.586660471,"data":"  with torch.cuda.amp.autocast(enabled=DEVICE.type == \"cuda\", dtype=torch.float16):\n"}
,{"stream_name":"stderr","time":508.021378676,"data":"/kaggle/src/script.py:325: FutureWarning: `torch.cuda.amp.autocast(args...)` is deprecated. Please use `torch.amp.autocast('cuda', args...)` instead.\n"}
,{"stream_name":"stderr","time":508.021417254,"data":"  with torch.cuda.amp.autocast(enabled=DEVICE.type == \"cuda\", dtype=torch.float16):\n"}
,{"stream_name":"stderr","time":508.437600671,"data":"/kaggle/src/script.py:325: FutureWarning: `torch.cuda.amp.autocast(args...)` is deprecated. Please use `torch.amp.autocast('cuda', args...)` instead.\n"}
,{"stream_name":"stderr","time":508.437635805,"data":"  with torch.cuda.amp.autocast(enabled=DEVICE.type == \"cuda\", dtype=torch.float16):\n"}
,{"stream_name":"stderr","time":508.903634122,"data":"/kaggle/src/script.py:325: FutureWarning: `torch.cuda.amp.autocast(args...)` is deprecated. Please use `torch.amp.autocast('cuda', args...)` instead.\n"}
,{"stream_name":"stderr","time":508.903674137,"data":"  with torch.cuda.amp.autocast(enabled=DEVICE.type == \"cuda\", dtype=torch.float16):\n"}
,{"stream_name":"stdout","time":509.32210855,"data":"epoch=2 session=120/213 step=138 loss=2.2170 ce=1.3477 rank=0.7724 struct=1.1979\n"}
,{"stream_name":"stderr","time":509.323195468,"data":"/kaggle/src/script.py:325: FutureWarning: `torch.cuda.amp.autocast(args...)` is deprecated. Please use `torch.amp.autocast('cuda', args...)` instead.\n"}
,{"stream_name":"stderr","time":509.323209488,"data":"  with torch.cuda.amp.autocast(enabled=DEVICE.type == \"cuda\", dtype=torch.float16):\n"}
,{"stream_name":"stderr","time":509.724022544,"data":"/kaggle/src/script.py:325: FutureWarning: `torch.cuda.amp.autocast(args...)` is deprecated. Please use `torch.amp.autocast('cuda', args...)` instead.\n"}
,{"stream_name":"stderr","time":509.724061911,"data":"  with torch.cuda.amp.autocast(enabled=DEVICE.type == \"cuda\", dtype=torch.float16):\n"}
,{"stream_name":"stderr","time":510.121474317,"data":"/kaggle/src/script.py:325: FutureWarning: `torch.cuda.amp.autocast(args...)` is deprecated. Please use `torch.amp.autocast('cuda', args...)` instead.\n"}
,{"stream_name":"stderr","time":510.121528304,"data":"  with torch.cuda.amp.autocast(enabled=DEVICE.type == \"cuda\", dtype=torch.float16):\n"}
,{"stream_name":"stderr","time":510.565083521,"data":"/kaggle/src/script.py:325: FutureWarning: `torch.cuda.amp.autocast(args...)` is deprecated. Please use `torch.amp.autocast('cuda', args...)` instead.\n"}
,{"stream_name":"stderr","time":510.5651426,"data":"  with torch.cuda.amp.autocast(enabled=DEVICE.type == \"cuda\", dtype=torch.float16):\n"}
,{"stream_name":"stderr","time":511.194220092,"data":"/kaggle/src/script.py:325: FutureWarning: `torch.cuda.amp.autocast(args...)` is deprecated. Please use `torch.amp.autocast('cuda', args...)` instead.\n"}
,{"stream_name":"stderr","time":511.194248332,"data":"  with torch.cuda.amp.autocast(enabled=DEVICE.type == \"cuda\", dtype=torch.float16):\n"}
,{"stream_name":"stderr","time":511.619263729,"data":"/kaggle/src/script.py:325: FutureWarning: `torch.cuda.amp.autocast(args...)` is deprecated. Please use `torch.amp.autocast('cuda', args...)` instead.\n"}
,{"stream_name":"stderr","time":511.619336364,"data":"  with torch.cuda.amp.autocast(enabled=DEVICE.type == \"cuda\", dtype=torch.float16):\n"}
,{"stream_name":"stderr","time":512.045058511,"data":"/kaggle/src/script.py:325: FutureWarning: `torch.cuda.amp.autocast(args...)` is deprecated. Please use `torch.amp.autocast('cuda', args...)` instead.\n"}
,{"stream_name":"stderr","time":512.045114714,"data":"  with torch.cuda.amp.autocast(enabled=DEVICE.type == \"cuda\", dtype=torch.float16):\n"}
,{"stream_name":"stderr","time":512.680156193,"data":"/kaggle/src/script.py:325: FutureWarning: `torch.cuda.amp.autocast(args...)` is deprecated. Please use `torch.amp.autocast('cuda', args...)` instead.\n"}
,{"stream_name":"stderr","time":512.680323177,"data":"  with torch.cuda.amp.autocast(enabled=DEVICE.type == \"cuda\", dtype=torch.float16):\n"}
,{"stream_name":"stderr","time":513.117719381,"data":"/kaggle/src/script.py:325: FutureWarning: `torch.cuda.amp.autocast(args...)` is deprecated. Please use `torch.amp.autocast('cuda', args...)` instead.\n"}
,{"stream_name":"stderr","time":513.117756784,"data":"  with torch.cuda.amp.autocast(enabled=DEVICE.type == \"cuda\", dtype=torch.float16):\n"}
,{"stream_name":"stderr","time":513.744107408,"data":"/kaggle/src/script.py:325: FutureWarning: `torch.cuda.amp.autocast(args...)` is deprecated. Please use `torch.amp.autocast('cuda', args...)` instead.\n"}
,{"stream_name":"stderr","time":513.744144593,"data":"  with torch.cuda.amp.autocast(enabled=DEVICE.type == \"cuda\", dtype=torch.float16):\n"}
,{"stream_name":"stdout","time":514.174895125,"data":"epoch=2 session=130/213 step=140 loss=2.3750 ce=1.4095 rank=0.7922 struct=1.3765\n"}
,{"stream_name":"stderr","time":514.17617119,"data":"/kaggle/src/script.py:325: FutureWarning: `torch.cuda.amp.autocast(args...)` is deprecated. Please use `torch.amp.autocast('cuda', args...)` instead.\n"}
,{"stream_name":"stderr","time":514.176184436,"data":"  with torch.cuda.amp.autocast(enabled=DEVICE.type == \"cuda\", dtype=torch.float16):\n"}
,{"stream_name":"stderr","time":514.761570824,"data":"/kaggle/src/script.py:325: FutureWarning: `torch.cuda.amp.autocast(args...)` is deprecated. Please use `torch.amp.autocast('cuda', args...)` instead.\n"}
,{"stream_name":"stderr","time":514.761614619,"data":"  with torch.cuda.amp.autocast(enabled=DEVICE.type == \"cuda\", dtype=torch.float16):\n"}
,{"stream_name":"stderr","time":515.224658204,"data":"/kaggle/src/script.py:325: FutureWarning: `torch.cuda.amp.autocast(args...)` is deprecated. Please use `torch.amp.autocast('cuda', args...)` instead.\n"}
,{"stream_name":"stderr","time":515.224716145,"data":"  with torch.cuda.amp.autocast(enabled=DEVICE.type == \"cuda\", dtype=torch.float16):\n"}
,{"stream_name":"stderr","time":515.852862268,"data":"/kaggle/src/script.py:325: FutureWarning: `torch.cuda.amp.autocast(args...)` is deprecated. Please use `torch.amp.autocast('cuda', args...)` instead.\n"}
,{"stream_name":"stderr","time":515.852900881,"data":"  with torch.cuda.amp.autocast(enabled=DEVICE.type == \"cuda\", dtype=torch.float16):\n"}
,{"stream_name":"stderr","time":516.496089008,"data":"/kaggle/src/script.py:325: FutureWarning: `torch.cuda.amp.autocast(args...)` is deprecated. Please use `torch.amp.autocast('cuda', args...)` instead.\n"}
,{"stream_name":"stderr","time":516.496133032,"data":"  with torch.cuda.amp.autocast(enabled=DEVICE.type == \"cuda\", dtype=torch.float16):\n"}
,{"stream_name":"stderr","time":517.178237503,"data":"/kaggle/src/script.py:325: FutureWarning: `torch.cuda.amp.autocast(args...)` is deprecated. Please use `torch.amp.autocast('cuda', args...)` instead.\n"}
,{"stream_name":"stderr","time":517.17827735,"data":"  with torch.cuda.amp.autocast(enabled=DEVICE.type == \"cuda\", dtype=torch.float16):\n"}
,{"stream_name":"stderr","time":517.798502229,"data":"/kaggle/src/script.py:325: FutureWarning: `torch.cuda.amp.autocast(args...)` is deprecated. Please use `torch.amp.autocast('cuda', args...)` instead.\n"}
,{"stream_name":"stderr","time":517.798564139,"data":"  with torch.cuda.amp.autocast(enabled=DEVICE.type == \"cuda\", dtype=torch.float16):\n"}
,{"stream_name":"stderr","time":518.257675508,"data":"/kaggle/src/script.py:325: FutureWarning: `torch.cuda.amp.autocast(args...)` is deprecated. Please use `torch.amp.autocast('cuda', args...)` instead.\n"}
,{"stream_name":"stderr","time":518.257717555,"data":"  with torch.cuda.amp.autocast(enabled=DEVICE.type == \"cuda\", dtype=torch.float16):\n"}
,{"stream_name":"stderr","time":518.891366416,"data":"/kaggle/src/script.py:325: FutureWarning: `torch.cuda.amp.autocast(args...)` is deprecated. Please use `torch.amp.autocast('cuda', args...)` instead.\n"}
,{"stream_name":"stderr","time":518.891405128,"data":"  with torch.cuda.amp.autocast(enabled=DEVICE.type == \"cuda\", dtype=torch.float16):\n"}
,{"stream_name":"stderr","time":519.500487293,"data":"/kaggle/src/script.py:325: FutureWarning: `torch.cuda.amp.autocast(args...)` is deprecated. Please use `torch.amp.autocast('cuda', args...)` instead.\n"}
,{"stream_name":"stderr","time":519.500528805,"data":"  with torch.cuda.amp.autocast(enabled=DEVICE.type == \"cuda\", dtype=torch.float16):\n"}
,{"stream_name":"stdout","time":520.131279919,"data":"epoch=2 session=140/213 step=143 loss=2.2489 ce=1.5379 rank=0.7799 struct=0.8760\n"}
,{"stream_name":"stderr","time":520.13238333,"data":"/kaggle/src/script.py:325: FutureWarning: `torch.cuda.amp.autocast(args...)` is deprecated. Please use `torch.amp.autocast('cuda', args...)` instead.\n"}
,{"stream_name":"stderr","time":520.132408511,"data":"  with torch.cuda.amp.autocast(enabled=DEVICE.type == \"cuda\", dtype=torch.float16):\n"}
,{"stream_name":"stderr","time":520.775064547,"data":"/kaggle/src/script.py:325: FutureWarning: `torch.cuda.amp.autocast(args...)` is deprecated. Please use `torch.amp.autocast('cuda', args...)` instead.\n"}
,{"stream_name":"stderr","time":520.775110272,"data":"  with torch.cuda.amp.autocast(enabled=DEVICE.type == \"cuda\", dtype=torch.float16):\n"}
,{"stream_name":"stderr","time":521.226186313,"data":"/kaggle/src/script.py:325: FutureWarning: `torch.cuda.amp.autocast(args...)` is deprecated. Please use `torch.amp.autocast('cuda', args...)` instead.\n"}
,{"stream_name":"stderr","time":521.226221668,"data":"  with torch.cuda.amp.autocast(enabled=DEVICE.type == \"cuda\", dtype=torch.float16):\n"}
,{"stream_name":"stderr","time":521.671613173,"data":"/kaggle/src/script.py:325: FutureWarning: `torch.cuda.amp.autocast(args...)` is deprecated. Please use `torch.amp.autocast('cuda', args...)` instead.\n"}
,{"stream_name":"stderr","time":521.671649193,"data":"  with torch.cuda.amp.autocast(enabled=DEVICE.type == \"cuda\", dtype=torch.float16):\n"}
,{"stream_name":"stderr","time":522.098197437,"data":"/kaggle/src/script.py:325: FutureWarning: `torch.cuda.amp.autocast(args...)` is deprecated. Please use `torch.amp.autocast('cuda', args...)` instead.\n"}
,{"stream_name":"stderr","time":522.09826055,"data":"  with torch.cuda.amp.autocast(enabled=DEVICE.type == \"cuda\", dtype=torch.float16):\n"}
,{"stream_name":"stderr","time":522.528039646,"data":"/kaggle/src/script.py:325: FutureWarning: `torch.cuda.amp.autocast(args...)` is deprecated. Please use `torch.amp.autocast('cuda', args...)` instead.\n"}
,{"stream_name":"stderr","time":522.528102046,"data":"  with torch.cuda.amp.autocast(enabled=DEVICE.type == \"cuda\", dtype=torch.float16):\n"}
,{"stream_name":"stderr","time":523.142038133,"data":"/kaggle/src/script.py:325: FutureWarning: `torch.cuda.amp.autocast(args...)` is deprecated. Please use `torch.amp.autocast('cuda', args...)` instead.\n"}
,{"stream_name":"stderr","time":523.142075399,"data":"  with torch.cuda.amp.autocast(enabled=DEVICE.type == \"cuda\", dtype=torch.float16):\n"}
,{"stream_name":"stderr","time":523.595790551,"data":"/kaggle/src/script.py:325: FutureWarning: `torch.cuda.amp.autocast(args...)` is deprecated. Please use `torch.amp.autocast('cuda', args...)` instead.\n"}
,{"stream_name":"stderr","time":523.595862744,"data":"  with torch.cuda.amp.autocast(enabled=DEVICE.type == \"cuda\", dtype=torch.float16):\n"}
,{"stream_name":"stderr","time":524.214521816,"data":"/kaggle/src/script.py:325: FutureWarning: `torch.cuda.amp.autocast(args...)` is deprecated. Please use `torch.amp.autocast('cuda', args...)` instead.\n"}
,{"stream_name":"stderr","time":524.214568024,"data":"  with torch.cuda.amp.autocast(enabled=DEVICE.type == \"cuda\", dtype=torch.float16):\n"}
,{"stream_name":"stderr","time":524.837586598,"data":"/kaggle/src/script.py:325: FutureWarning: `torch.cuda.amp.autocast(args...)` is deprecated. Please use `torch.amp.autocast('cuda', args...)` instead.\n"}
,{"stream_name":"stderr","time":524.837629163,"data":"  with torch.cuda.amp.autocast(enabled=DEVICE.type == \"cuda\", dtype=torch.float16):\n"}
,{"stream_name":"stdout","time":525.279104383,"data":"epoch=2 session=150/213 step=145 loss=2.5993 ce=1.5001 rank=0.8133 struct=1.6290\n"}
,{"stream_name":"stderr","time":525.28038101,"data":"/kaggle/src/script.py:325: FutureWarning: `torch.cuda.amp.autocast(args...)` is deprecated. Please use `torch.amp.autocast('cuda', args...)` instead.\n"}
,{"stream_name":"stderr","time":525.280403048,"data":"  with torch.cuda.amp.autocast(enabled=DEVICE.type == \"cuda\", dtype=torch.float16):\n"}
,{"stream_name":"stderr","time":525.909267704,"data":"/kaggle/src/script.py:325: FutureWarning: `torch.cuda.amp.autocast(args...)` is deprecated. Please use `torch.amp.autocast('cuda', args...)` instead.\n"}
,{"stream_name":"stderr","time":525.909326187,"data":"  with torch.cuda.amp.autocast(enabled=DEVICE.type == \"cuda\", dtype=torch.float16):\n"}
,{"stream_name":"stderr","time":526.511450307,"data":"/kaggle/src/script.py:325: FutureWarning: `torch.cuda.amp.autocast(args...)` is deprecated. Please use `torch.amp.autocast('cuda', args...)` instead.\n"}
,{"stream_name":"stderr","time":526.511492572,"data":"  with torch.cuda.amp.autocast(enabled=DEVICE.type == \"cuda\", dtype=torch.float16):\n"}
,{"stream_name":"stderr","time":526.975866912,"data":"/kaggle/src/script.py:325: FutureWarning: `torch.cuda.amp.autocast(args...)` is deprecated. Please use `torch.amp.autocast('cuda', args...)` instead.\n"}
,{"stream_name":"stderr","time":526.975912145,"data":"  with torch.cuda.amp.autocast(enabled=DEVICE.type == \"cuda\", dtype=torch.float16):\n"}
,{"stream_name":"stderr","time":527.595608387,"data":"/kaggle/src/script.py:325: FutureWarning: `torch.cuda.amp.autocast(args...)` is deprecated. Please use `torch.amp.autocast('cuda', args...)` instead.\n"}
,{"stream_name":"stderr","time":527.59566786,"data":"  with torch.cuda.amp.autocast(enabled=DEVICE.type == \"cuda\", dtype=torch.float16):\n"}
,{"stream_name":"stderr","time":528.202882142,"data":"/kaggle/src/script.py:325: FutureWarning: `torch.cuda.amp.autocast(args...)` is deprecated. Please use `torch.amp.autocast('cuda', args...)` instead.\n"}
,{"stream_name":"stderr","time":528.202938154,"data":"  with torch.cuda.amp.autocast(enabled=DEVICE.type == \"cuda\", dtype=torch.float16):\n"}
,{"stream_name":"stderr","time":528.875550358,"data":"/kaggle/src/script.py:325: FutureWarning: `torch.cuda.amp.autocast(args...)` is deprecated. Please use `torch.amp.autocast('cuda', args...)` instead.\n"}
,{"stream_name":"stderr","time":528.87561133,"data":"  with torch.cuda.amp.autocast(enabled=DEVICE.type == \"cuda\", dtype=torch.float16):\n"}
,{"stream_name":"stderr","time":529.483332212,"data":"/kaggle/src/script.py:325: FutureWarning: `torch.cuda.amp.autocast(args...)` is deprecated. Please use `torch.amp.autocast('cuda', args...)` instead.\n"}
,{"stream_name":"stderr","time":529.483367289,"data":"  with torch.cuda.amp.autocast(enabled=DEVICE.type == \"cuda\", dtype=torch.float16):\n"}
,{"stream_name":"stderr","time":529.960921268,"data":"/kaggle/src/script.py:325: FutureWarning: `torch.cuda.amp.autocast(args...)` is deprecated. Please use `torch.amp.autocast('cuda', args...)` instead.\n"}
,{"stream_name":"stderr","time":529.960972205,"data":"  with torch.cuda.amp.autocast(enabled=DEVICE.type == \"cuda\", dtype=torch.float16):\n"}
,{"stream_name":"stderr","time":530.401880649,"data":"/kaggle/src/script.py:325: FutureWarning: `torch.cuda.amp.autocast(args...)` is deprecated. Please use `torch.amp.autocast('cuda', args...)` instead.\n"}
,{"stream_name":"stderr","time":530.401920263,"data":"  with torch.cuda.amp.autocast(enabled=DEVICE.type == \"cuda\", dtype=torch.float16):\n"}
,{"stream_name":"stdout","time":530.985866198,"data":"epoch=2 session=160/213 step=148 loss=2.1946 ce=1.3926 rank=0.7808 struct=1.0574\n"}
,{"stream_name":"stderr","time":530.986913919,"data":"/kaggle/src/script.py:325: FutureWarning: `torch.cuda.amp.autocast(args...)` is deprecated. Please use `torch.amp.autocast('cuda', args...)` instead.\n"}
,{"stream_name":"stderr","time":530.98693415,"data":"  with torch.cuda.amp.autocast(enabled=DEVICE.type == \"cuda\", dtype=torch.float16):\n"}
,{"stream_name":"stderr","time":531.446268378,"data":"/kaggle/src/script.py:325: FutureWarning: `torch.cuda.amp.autocast(args...)` is deprecated. Please use `torch.amp.autocast('cuda', args...)` instead.\n"}
,{"stream_name":"stderr","time":531.446328913,"data":"  with torch.cuda.amp.autocast(enabled=DEVICE.type == \"cuda\", dtype=torch.float16):\n"}
,{"stream_name":"stderr","time":531.890510395,"data":"/kaggle/src/script.py:325: FutureWarning: `torch.cuda.amp.autocast(args...)` is deprecated. Please use `torch.amp.autocast('cuda', args...)` instead.\n"}
,{"stream_name":"stderr","time":531.890551939,"data":"  with torch.cuda.amp.autocast(enabled=DEVICE.type == \"cuda\", dtype=torch.float16):\n"}
,{"stream_name":"stderr","time":532.539117285,"data":"/kaggle/src/script.py:325: FutureWarning: `torch.cuda.amp.autocast(args...)` is deprecated. Please use `torch.amp.autocast('cuda', args...)` instead.\n"}
,{"stream_name":"stderr","time":532.539155768,"data":"  with torch.cuda.amp.autocast(enabled=DEVICE.type == \"cuda\", dtype=torch.float16):\n"}
,{"stream_name":"stderr","time":532.971502204,"data":"/kaggle/src/script.py:325: FutureWarning: `torch.cuda.amp.autocast(args...)` is deprecated. Please use `torch.amp.autocast('cuda', args...)` instead.\n"}
,{"stream_name":"stderr","time":532.971553224,"data":"  with torch.cuda.amp.autocast(enabled=DEVICE.type == \"cuda\", dtype=torch.float16):\n"}
,{"stream_name":"stderr","time":533.581439706,"data":"/kaggle/src/script.py:325: FutureWarning: `torch.cuda.amp.autocast(args...)` is deprecated. Please use `torch.amp.autocast('cuda', args...)` instead.\n"}
,{"stream_name":"stderr","time":533.581503977,"data":"  with torch.cuda.amp.autocast(enabled=DEVICE.type == \"cuda\", dtype=torch.float16):\n"}
,{"stream_name":"stderr","time":534.226915605,"data":"/kaggle/src/script.py:325: FutureWarning: `torch.cuda.amp.autocast(args...)` is deprecated. Please use `torch.amp.autocast('cuda', args...)` instead.\n"}
,{"stream_name":"stderr","time":534.227000972,"data":"  with torch.cuda.amp.autocast(enabled=DEVICE.type == \"cuda\", dtype=torch.float16):\n"}
,{"stream_name":"stderr","time":534.67988846,"data":"/kaggle/src/script.py:325: FutureWarning: `torch.cuda.amp.autocast(args...)` is deprecated. Please use `torch.amp.autocast('cuda', args...)` instead.\n"}
,{"stream_name":"stderr","time":534.679952566,"data":"  with torch.cuda.amp.autocast(enabled=DEVICE.type == \"cuda\", dtype=torch.float16):\n"}
,{"stream_name":"stderr","time":535.111340949,"data":"/kaggle/src/script.py:325: FutureWarning: `torch.cuda.amp.autocast(args...)` is deprecated. Please use `torch.amp.autocast('cuda', args...)` instead.\n"}
,{"stream_name":"stderr","time":535.111380263,"data":"  with torch.cuda.amp.autocast(enabled=DEVICE.type == \"cuda\", dtype=torch.float16):\n"}
,{"stream_name":"stderr","time":535.741033825,"data":"/kaggle/src/script.py:325: FutureWarning: `torch.cuda.amp.autocast(args...)` is deprecated. Please use `torch.amp.autocast('cuda', args...)` instead.\n"}
,{"stream_name":"stderr","time":535.741070533,"data":"  with torch.cuda.amp.autocast(enabled=DEVICE.type == \"cuda\", dtype=torch.float16):\n"}
,{"stream_name":"stdout","time":536.184583423,"data":"epoch=2 session=170/213 step=150 loss=2.0270 ce=1.2654 rank=0.8268 struct=0.9445\n"}
,{"stream_name":"stderr","time":536.185731426,"data":"/kaggle/src/script.py:325: FutureWarning: `torch.cuda.amp.autocast(args...)` is deprecated. Please use `torch.amp.autocast('cuda', args...)` instead.\n"}
,{"stream_name":"stderr","time":536.185755949,"data":"  with torch.cuda.amp.autocast(enabled=DEVICE.type == \"cuda\", dtype=torch.float16):\n"}
,{"stream_name":"stderr","time":536.779349632,"data":"/kaggle/src/script.py:325: FutureWarning: `torch.cuda.amp.autocast(args...)` is deprecated. Please use `torch.amp.autocast('cuda', args...)` instead.\n"}
,{"stream_name":"stderr","time":536.779380743,"data":"  with torch.cuda.amp.autocast(enabled=DEVICE.type == \"cuda\", dtype=torch.float16):\n"}
,{"stream_name":"stderr","time":537.357942401,"data":"/kaggle/src/script.py:325: FutureWarning: `torch.cuda.amp.autocast(args...)` is deprecated. Please use `torch.amp.autocast('cuda', args...)` instead.\n"}
,{"stream_name":"stderr","time":537.357991566,"data":"  with torch.cuda.amp.autocast(enabled=DEVICE.type == \"cuda\", dtype=torch.float16):\n"}
,{"stream_name":"stderr","time":537.999375234,"data":"/kaggle/src/script.py:325: FutureWarning: `torch.cuda.amp.autocast(args...)` is deprecated. Please use `torch.amp.autocast('cuda', args...)` instead.\n"}
,{"stream_name":"stderr","time":537.999414043,"data":"  with torch.cuda.amp.autocast(enabled=DEVICE.type == \"cuda\", dtype=torch.float16):\n"}
,{"stream_name":"stderr","time":538.416901093,"data":"/kaggle/src/script.py:325: FutureWarning: `torch.cuda.amp.autocast(args...)` is deprecated. Please use `torch.amp.autocast('cuda', args...)` instead.\n"}
,{"stream_name":"stderr","time":538.416940582,"data":"  with torch.cuda.amp.autocast(enabled=DEVICE.type == \"cuda\", dtype=torch.float16):\n"}
,{"stream_name":"stderr","time":538.851376531,"data":"/kaggle/src/script.py:325: FutureWarning: `torch.cuda.amp.autocast(args...)` is deprecated. Please use `torch.amp.autocast('cuda', args...)` instead.\n"}
,{"stream_name":"stderr","time":538.851414891,"data":"  with torch.cuda.amp.autocast(enabled=DEVICE.type == \"cuda\", dtype=torch.float16):\n"}
,{"stream_name":"stderr","time":539.473558084,"data":"/kaggle/src/script.py:325: FutureWarning: `torch.cuda.amp.autocast(args...)` is deprecated. Please use `torch.amp.autocast('cuda', args...)` instead.\n"}
,{"stream_name":"stderr","time":539.473608315,"data":"  with torch.cuda.amp.autocast(enabled=DEVICE.type == \"cuda\", dtype=torch.float16):\n"}
,{"stream_name":"stderr","time":539.938115668,"data":"/kaggle/src/script.py:325: FutureWarning: `torch.cuda.amp.autocast(args...)` is deprecated. Please use `torch.amp.autocast('cuda', args...)` instead.\n"}
,{"stream_name":"stderr","time":539.938166561,"data":"  with torch.cuda.amp.autocast(enabled=DEVICE.type == \"cuda\", dtype=torch.float16):\n"}
,{"stream_name":"stderr","time":540.546568198,"data":"/kaggle/src/script.py:325: FutureWarning: `torch.cuda.amp.autocast(args...)` is deprecated. Please use `torch.amp.autocast('cuda', args...)` instead.\n"}
,{"stream_name":"stderr","time":540.546604777,"data":"  with torch.cuda.amp.autocast(enabled=DEVICE.type == \"cuda\", dtype=torch.float16):\n"}
,{"stream_name":"stderr","time":540.986557149,"data":"/kaggle/src/script.py:325: FutureWarning: `torch.cuda.amp.autocast(args...)` is deprecated. Please use `torch.amp.autocast('cuda', args...)` instead.\n"}
,{"stream_name":"stderr","time":540.986598197,"data":"  with torch.cuda.amp.autocast(enabled=DEVICE.type == \"cuda\", dtype=torch.float16):\n"}
,{"stream_name":"stdout","time":541.619983121,"data":"epoch=2 session=180/213 step=153 loss=2.3234 ce=1.4664 rank=0.8176 struct=1.1416\n"}
,{"stream_name":"stderr","time":541.621041257,"data":"/kaggle/src/script.py:325: FutureWarning: `torch.cuda.amp.autocast(args...)` is deprecated. Please use `torch.amp.autocast('cuda', args...)` instead.\n"}
,{"stream_name":"stderr","time":541.62106513,"data":"  with torch.cuda.amp.autocast(enabled=DEVICE.type == \"cuda\", dtype=torch.float16):\n"}
,{"stream_name":"stderr","time":542.069998727,"data":"/kaggle/src/script.py:325: FutureWarning: `torch.cuda.amp.autocast(args...)` is deprecated. Please use `torch.amp.autocast('cuda', args...)` instead.\n"}
,{"stream_name":"stderr","time":542.070038206,"data":"  with torch.cuda.amp.autocast(enabled=DEVICE.type == \"cuda\", dtype=torch.float16):\n"}
,{"stream_name":"stderr","time":542.663397115,"data":"/kaggle/src/script.py:325: FutureWarning: `torch.cuda.amp.autocast(args...)` is deprecated. Please use `torch.amp.autocast('cuda', args...)` instead.\n"}
,{"stream_name":"stderr","time":542.66346281,"data":"  with torch.cuda.amp.autocast(enabled=DEVICE.type == \"cuda\", dtype=torch.float16):\n"}
,{"stream_name":"stderr","time":543.304363706,"data":"/kaggle/src/script.py:325: FutureWarning: `torch.cuda.amp.autocast(args...)` is deprecated. Please use `torch.amp.autocast('cuda', args...)` instead.\n"}
,{"stream_name":"stderr","time":543.304404306,"data":"  with torch.cuda.amp.autocast(enabled=DEVICE.type == \"cuda\", dtype=torch.float16):\n"}
,{"stream_name":"stderr","time":543.945951161,"data":"/kaggle/src/script.py:325: FutureWarning: `torch.cuda.amp.autocast(args...)` is deprecated. Please use `torch.amp.autocast('cuda', args...)` instead.\n"}
,{"stream_name":"stderr","time":543.946023322,"data":"  with torch.cuda.amp.autocast(enabled=DEVICE.type == \"cuda\", dtype=torch.float16):\n"}
,{"stream_name":"stderr","time":544.403752439,"data":"/kaggle/src/script.py:325: FutureWarning: `torch.cuda.amp.autocast(args...)` is deprecated. Please use `torch.amp.autocast('cuda', args...)` instead.\n"}
,{"stream_name":"stderr","time":544.403792521,"data":"  with torch.cuda.amp.autocast(enabled=DEVICE.type == \"cuda\", dtype=torch.float16):\n"}
,{"stream_name":"stderr","time":545.002794764,"data":"/kaggle/src/script.py:325: FutureWarning: `torch.cuda.amp.autocast(args...)` is deprecated. Please use `torch.amp.autocast('cuda', args...)` instead.\n"}
,{"stream_name":"stderr","time":545.002855761,"data":"  with torch.cuda.amp.autocast(enabled=DEVICE.type == \"cuda\", dtype=torch.float16):\n"}
,{"stream_name":"stderr","time":545.647566739,"data":"/kaggle/src/script.py:325: FutureWarning: `torch.cuda.amp.autocast(args...)` is deprecated. Please use `torch.amp.autocast('cuda', args...)` instead.\n"}
,{"stream_name":"stderr","time":545.647612172,"data":"  with torch.cuda.amp.autocast(enabled=DEVICE.type == \"cuda\", dtype=torch.float16):\n"}
,{"stream_name":"stderr","time":546.314257031,"data":"/kaggle/src/script.py:325: FutureWarning: `torch.cuda.amp.autocast(args...)` is deprecated. Please use `torch.amp.autocast('cuda', args...)` instead.\n"}
,{"stream_name":"stderr","time":546.314330812,"data":"  with torch.cuda.amp.autocast(enabled=DEVICE.type == \"cuda\", dtype=torch.float16):\n"}
,{"stream_name":"stderr","time":546.945506007,"data":"/kaggle/src/script.py:325: FutureWarning: `torch.cuda.amp.autocast(args...)` is deprecated. Please use `torch.amp.autocast('cuda', args...)` instead.\n"}
,{"stream_name":"stderr","time":546.945545039,"data":"  with torch.cuda.amp.autocast(enabled=DEVICE.type == \"cuda\", dtype=torch.float16):\n"}
,{"stream_name":"stdout","time":547.397169187,"data":"epoch=2 session=190/213 step=155 loss=2.1667 ce=1.3653 rank=0.7588 struct=1.0716\n"}
,{"stream_name":"stderr","time":547.398391388,"data":"/kaggle/src/script.py:325: FutureWarning: `torch.cuda.amp.autocast(args...)` is deprecated. Please use `torch.amp.autocast('cuda', args...)` instead.\n"}
,{"stream_name":"stderr","time":547.398415976,"data":"  with torch.cuda.amp.autocast(enabled=DEVICE.type == \"cuda\", dtype=torch.float16):\n"}
,{"stream_name":"stderr","time":547.992381484,"data":"/kaggle/src/script.py:325: FutureWarning: `torch.cuda.amp.autocast(args...)` is deprecated. Please use `torch.amp.autocast('cuda', args...)` instead.\n"}
,{"stream_name":"stderr","time":547.992427323,"data":"  with torch.cuda.amp.autocast(enabled=DEVICE.type == \"cuda\", dtype=torch.float16):\n"}
,{"stream_name":"stderr","time":548.480880904,"data":"/kaggle/src/script.py:325: FutureWarning: `torch.cuda.amp.autocast(args...)` is deprecated. Please use `torch.amp.autocast('cuda', args...)` instead.\n"}
,{"stream_name":"stderr","time":548.480920969,"data":"  with torch.cuda.amp.autocast(enabled=DEVICE.type == \"cuda\", dtype=torch.float16):\n"}
,{"stream_name":"stderr","time":549.101063807,"data":"/kaggle/src/script.py:325: FutureWarning: `torch.cuda.amp.autocast(args...)` is deprecated. Please use `torch.amp.autocast('cuda', args...)` instead.\n"}
,{"stream_name":"stderr","time":549.101104657,"data":"  with torch.cuda.amp.autocast(enabled=DEVICE.type == \"cuda\", dtype=torch.float16):\n"}
,{"stream_name":"stderr","time":549.547061945,"data":"/kaggle/src/script.py:325: FutureWarning: `torch.cuda.amp.autocast(args...)` is deprecated. Please use `torch.amp.autocast('cuda', args...)` instead.\n"}
,{"stream_name":"stderr","time":549.547091999,"data":"  with torch.cuda.amp.autocast(enabled=DEVICE.type == \"cuda\", dtype=torch.float16):\n"}
,{"stream_name":"stderr","time":550.132260452,"data":"/kaggle/src/script.py:325: FutureWarning: `torch.cuda.amp.autocast(args...)` is deprecated. Please use `torch.amp.autocast('cuda', args...)` instead.\n"}
,{"stream_name":"stderr","time":550.132342723,"data":"  with torch.cuda.amp.autocast(enabled=DEVICE.type == \"cuda\", dtype=torch.float16):\n"}
,{"stream_name":"stderr","time":550.770969187,"data":"/kaggle/src/script.py:325: FutureWarning: `torch.cuda.amp.autocast(args...)` is deprecated. Please use `torch.amp.autocast('cuda', args...)` instead.\n"}
,{"stream_name":"stderr","time":550.771018285,"data":"  with torch.cuda.amp.autocast(enabled=DEVICE.type == \"cuda\", dtype=torch.float16):\n"}
,{"stream_name":"stderr","time":551.220657291,"data":"/kaggle/src/script.py:325: FutureWarning: `torch.cuda.amp.autocast(args...)` is deprecated. Please use `torch.amp.autocast('cuda', args...)` instead.\n"}
,{"stream_name":"stderr","time":551.220692329,"data":"  with torch.cuda.amp.autocast(enabled=DEVICE.type == \"cuda\", dtype=torch.float16):\n"}
,{"stream_name":"stderr","time":551.89250053,"data":"/kaggle/src/script.py:325: FutureWarning: `torch.cuda.amp.autocast(args...)` is deprecated. Please use `torch.amp.autocast('cuda', args...)` instead.\n"}
,{"stream_name":"stderr","time":551.892549705,"data":"  with torch.cuda.amp.autocast(enabled=DEVICE.type == \"cuda\", dtype=torch.float16):\n"}
,{"stream_name":"stderr","time":552.361990625,"data":"/kaggle/src/script.py:325: FutureWarning: `torch.cuda.amp.autocast(args...)` is deprecated. Please use `torch.amp.autocast('cuda', args...)` instead.\n"}
,{"stream_name":"stderr","time":552.362029526,"data":"  with torch.cuda.amp.autocast(enabled=DEVICE.type == \"cuda\", dtype=torch.float16):\n"}
,{"stream_name":"stdout","time":552.796740163,"data":"epoch=2 session=200/213 step=158 loss=2.1152 ce=1.2974 rank=0.7552 struct=1.1070\n"}
,{"stream_name":"stderr","time":552.797837945,"data":"/kaggle/src/script.py:325: FutureWarning: `torch.cuda.amp.autocast(args...)` is deprecated. Please use `torch.amp.autocast('cuda', args...)` instead.\n"}
,{"stream_name":"stderr","time":552.797863418,"data":"  with torch.cuda.amp.autocast(enabled=DEVICE.type == \"cuda\", dtype=torch.float16):\n"}
,{"stream_name":"stderr","time":553.248409231,"data":"/kaggle/src/script.py:325: FutureWarning: `torch.cuda.amp.autocast(args...)` is deprecated. Please use `torch.amp.autocast('cuda', args...)` instead.\n"}
,{"stream_name":"stderr","time":553.248444423,"data":"  with torch.cuda.amp.autocast(enabled=DEVICE.type == \"cuda\", dtype=torch.float16):\n"}
,{"stream_name":"stderr","time":553.706921967,"data":"/kaggle/src/script.py:325: FutureWarning: `torch.cuda.amp.autocast(args...)` is deprecated. Please use `torch.amp.autocast('cuda', args...)` instead.\n"}
,{"stream_name":"stderr","time":553.706974119,"data":"  with torch.cuda.amp.autocast(enabled=DEVICE.type == \"cuda\", dtype=torch.float16):\n"}
,{"stream_name":"stderr","time":554.118164958,"data":"/kaggle/src/script.py:325: FutureWarning: `torch.cuda.amp.autocast(args...)` is deprecated. Please use `torch.amp.autocast('cuda', args...)` instead.\n"}
,{"stream_name":"stderr","time":554.118190071,"data":"  with torch.cuda.amp.autocast(enabled=DEVICE.type == \"cuda\", dtype=torch.float16):\n"}
,{"stream_name":"stderr","time":554.551794766,"data":"/kaggle/src/script.py:325: FutureWarning: `torch.cuda.amp.autocast(args...)` is deprecated. Please use `torch.amp.autocast('cuda', args...)` instead.\n"}
,{"stream_name":"stderr","time":554.55182578,"data":"  with torch.cuda.amp.autocast(enabled=DEVICE.type == \"cuda\", dtype=torch.float16):\n"}
,{"stream_name":"stderr","time":555.187626103,"data":"/kaggle/src/script.py:325: FutureWarning: `torch.cuda.amp.autocast(args...)` is deprecated. Please use `torch.amp.autocast('cuda', args...)` instead.\n"}
,{"stream_name":"stderr","time":555.187664223,"data":"  with torch.cuda.amp.autocast(enabled=DEVICE.type == \"cuda\", dtype=torch.float16):\n"}
,{"stream_name":"stderr","time":555.636372583,"data":"/kaggle/src/script.py:325: FutureWarning: `torch.cuda.amp.autocast(args...)` is deprecated. Please use `torch.amp.autocast('cuda', args...)` instead.\n"}
,{"stream_name":"stderr","time":555.636411296,"data":"  with torch.cuda.amp.autocast(enabled=DEVICE.type == \"cuda\", dtype=torch.float16):\n"}
,{"stream_name":"stderr","time":556.242939369,"data":"/kaggle/src/script.py:325: FutureWarning: `torch.cuda.amp.autocast(args...)` is deprecated. Please use `torch.amp.autocast('cuda', args...)` instead.\n"}
,{"stream_name":"stderr","time":556.243002541,"data":"  with torch.cuda.amp.autocast(enabled=DEVICE.type == \"cuda\", dtype=torch.float16):\n"}
,{"stream_name":"stderr","time":556.834732058,"data":"/kaggle/src/script.py:325: FutureWarning: `torch.cuda.amp.autocast(args...)` is deprecated. Please use `torch.amp.autocast('cuda', args...)` instead.\n"}
,{"stream_name":"stderr","time":556.834768278,"data":"  with torch.cuda.amp.autocast(enabled=DEVICE.type == \"cuda\", dtype=torch.float16):\n"}
,{"stream_name":"stderr","time":557.496957346,"data":"/kaggle/src/script.py:325: FutureWarning: `torch.cuda.amp.autocast(args...)` is deprecated. Please use `torch.amp.autocast('cuda', args...)` instead.\n"}
,{"stream_name":"stderr","time":557.497001751,"data":"  with torch.cuda.amp.autocast(enabled=DEVICE.type == \"cuda\", dtype=torch.float16):\n"}
,{"stream_name":"stdout","time":557.959704334,"data":"epoch=2 session=210/213 step=160 loss=2.3467 ce=1.3850 rank=0.7988 struct=1.3642\n"}
,{"stream_name":"stderr","time":557.960821641,"data":"/kaggle/src/script.py:325: FutureWarning: `torch.cuda.amp.autocast(args...)` is deprecated. Please use `torch.amp.autocast('cuda', args...)` instead.\n"}
,{"stream_name":"stderr","time":557.960837342,"data":"  with torch.cuda.amp.autocast(enabled=DEVICE.type == \"cuda\", dtype=torch.float16):\n"}
,{"stream_name":"stderr","time":558.414964705,"data":"/kaggle/src/script.py:325: FutureWarning: `torch.cuda.amp.autocast(args...)` is deprecated. Please use `torch.amp.autocast('cuda', args...)` instead.\n"}
,{"stream_name":"stderr","time":558.415002075,"data":"  with torch.cuda.amp.autocast(enabled=DEVICE.type == \"cuda\", dtype=torch.float16):\n"}
,{"stream_name":"stderr","time":558.865778656,"data":"/kaggle/src/script.py:325: FutureWarning: `torch.cuda.amp.autocast(args...)` is deprecated. Please use `torch.amp.autocast('cuda', args...)` instead.\n"}
,{"stream_name":"stderr","time":558.86581865,"data":"  with torch.cuda.amp.autocast(enabled=DEVICE.type == \"cuda\", dtype=torch.float16):\n"}
,{"stream_name":"stderr","time":559.295631137,"data":"/kaggle/src/script.py:325: FutureWarning: `torch.cuda.amp.autocast(args...)` is deprecated. Please use `torch.amp.autocast('cuda', args...)` instead.\n"}
,{"stream_name":"stderr","time":559.295673504,"data":"  with torch.cuda.amp.autocast(enabled=DEVICE.type == \"cuda\", dtype=torch.float16):\n"}
,{"stream_name":"stderr","time":559.931456487,"data":"/kaggle/src/script.py:325: FutureWarning: `torch.cuda.amp.autocast(args...)` is deprecated. Please use `torch.amp.autocast('cuda', args...)` instead.\n"}
,{"stream_name":"stderr","time":559.931505179,"data":"  with torch.cuda.amp.autocast(enabled=DEVICE.type == \"cuda\", dtype=torch.float16):\n"}
,{"stream_name":"stderr","time":560.560455607,"data":"/kaggle/src/script.py:325: FutureWarning: `torch.cuda.amp.autocast(args...)` is deprecated. Please use `torch.amp.autocast('cuda', args...)` instead.\n"}
,{"stream_name":"stderr","time":560.56049617,"data":"  with torch.cuda.amp.autocast(enabled=DEVICE.type == \"cuda\", dtype=torch.float16):\n"}
,{"stream_name":"stderr","time":561.245576141,"data":"/kaggle/src/script.py:325: FutureWarning: `torch.cuda.amp.autocast(args...)` is deprecated. Please use `torch.amp.autocast('cuda', args...)` instead.\n"}
,{"stream_name":"stderr","time":561.245605329,"data":"  with torch.cuda.amp.autocast(enabled=DEVICE.type == \"cuda\", dtype=torch.float16):\n"}
,{"stream_name":"stderr","time":561.922357154,"data":"/kaggle/src/script.py:325: FutureWarning: `torch.cuda.amp.autocast(args...)` is deprecated. Please use `torch.amp.autocast('cuda', args...)` instead.\n"}
,{"stream_name":"stderr","time":561.922405468,"data":"  with torch.cuda.amp.autocast(enabled=DEVICE.type == \"cuda\", dtype=torch.float16):\n"}
,{"stream_name":"stderr","time":562.542555294,"data":"/kaggle/src/script.py:325: FutureWarning: `torch.cuda.amp.autocast(args...)` is deprecated. Please use `torch.amp.autocast('cuda', args...)` instead.\n"}
,{"stream_name":"stderr","time":562.542593667,"data":"  with torch.cuda.amp.autocast(enabled=DEVICE.type == \"cuda\", dtype=torch.float16):\n"}
,{"stream_name":"stderr","time":563.123373171,"data":"/kaggle/src/script.py:325: FutureWarning: `torch.cuda.amp.autocast(args...)` is deprecated. Please use `torch.amp.autocast('cuda', args...)` instead.\n"}
,{"stream_name":"stderr","time":563.123416676,"data":"  with torch.cuda.amp.autocast(enabled=DEVICE.type == \"cuda\", dtype=torch.float16):\n"}
,{"stream_name":"stderr","time":563.795199136,"data":"/kaggle/src/script.py:325: FutureWarning: `torch.cuda.amp.autocast(args...)` is deprecated. Please use `torch.amp.autocast('cuda', args...)` instead.\n"}
,{"stream_name":"stderr","time":563.795251361,"data":"  with torch.cuda.amp.autocast(enabled=DEVICE.type == \"cuda\", dtype=torch.float16):\n"}
,{"stream_name":"stderr","time":564.455106274,"data":"/kaggle/src/script.py:325: FutureWarning: `torch.cuda.amp.autocast(args...)` is deprecated. Please use `torch.amp.autocast('cuda', args...)` instead.\n"}
,{"stream_name":"stderr","time":564.455148064,"data":"  with torch.cuda.amp.autocast(enabled=DEVICE.type == \"cuda\", dtype=torch.float16):\n"}
,{"stream_name":"stderr","time":564.890080282,"data":"/kaggle/src/script.py:325: FutureWarning: `torch.cuda.amp.autocast(args...)` is deprecated. Please use `torch.amp.autocast('cuda', args...)` instead.\n"}
,{"stream_name":"stderr","time":564.890135656,"data":"  with torch.cuda.amp.autocast(enabled=DEVICE.type == \"cuda\", dtype=torch.float16):\n"}
,{"stream_name":"stdout","time":565.315100482,"data":"epoch=3 session=10/213 step=164 loss=2.2791 ce=1.4894 rank=0.7500 struct=1.0545\n"}
,{"stream_name":"stderr","time":565.316227804,"data":"/kaggle/src/script.py:325: FutureWarning: `torch.cuda.amp.autocast(args...)` is deprecated. Please use `torch.amp.autocast('cuda', args...)` instead.\n"}
,{"stream_name":"stderr","time":565.316243764,"data":"  with torch.cuda.amp.autocast(enabled=DEVICE.type == \"cuda\", dtype=torch.float16):\n"}
,{"stream_name":"stderr","time":565.891239312,"data":"/kaggle/src/script.py:325: FutureWarning: `torch.cuda.amp.autocast(args...)` is deprecated. Please use `torch.amp.autocast('cuda', args...)` instead.\n"}
,{"stream_name":"stderr","time":565.891278096,"data":"  with torch.cuda.amp.autocast(enabled=DEVICE.type == \"cuda\", dtype=torch.float16):\n"}
,{"stream_name":"stderr","time":566.321613028,"data":"/kaggle/src/script.py:325: FutureWarning: `torch.cuda.amp.autocast(args...)` is deprecated. Please use `torch.amp.autocast('cuda', args...)` instead.\n"}
,{"stream_name":"stderr","time":566.321651822,"data":"  with torch.cuda.amp.autocast(enabled=DEVICE.type == \"cuda\", dtype=torch.float16):\n"}
,{"stream_name":"stderr","time":566.756004904,"data":"/kaggle/src/script.py:325: FutureWarning: `torch.cuda.amp.autocast(args...)` is deprecated. Please use `torch.amp.autocast('cuda', args...)` instead.\n"}
,{"stream_name":"stderr","time":566.756044519,"data":"  with torch.cuda.amp.autocast(enabled=DEVICE.type == \"cuda\", dtype=torch.float16):\n"}
,{"stream_name":"stderr","time":567.201751664,"data":"/kaggle/src/script.py:325: FutureWarning: `torch.cuda.amp.autocast(args...)` is deprecated. Please use `torch.amp.autocast('cuda', args...)` instead.\n"}
,{"stream_name":"stderr","time":567.201792864,"data":"  with torch.cuda.amp.autocast(enabled=DEVICE.type == \"cuda\", dtype=torch.float16):\n"}
,{"stream_name":"stderr","time":567.782797726,"data":"/kaggle/src/script.py:325: FutureWarning: `torch.cuda.amp.autocast(args...)` is deprecated. Please use `torch.amp.autocast('cuda', args...)` instead.\n"}
,{"stream_name":"stderr","time":567.782869144,"data":"  with torch.cuda.amp.autocast(enabled=DEVICE.type == \"cuda\", dtype=torch.float16):\n"}
,{"stream_name":"stderr","time":568.472083058,"data":"/kaggle/src/script.py:325: FutureWarning: `torch.cuda.amp.autocast(args...)` is deprecated. Please use `torch.amp.autocast('cuda', args...)` instead.\n"}
,{"stream_name":"stderr","time":568.472121859,"data":"  with torch.cuda.amp.autocast(enabled=DEVICE.type == \"cuda\", dtype=torch.float16):\n"}
,{"stream_name":"stderr","time":569.111070038,"data":"/kaggle/src/script.py:325: FutureWarning: `torch.cuda.amp.autocast(args...)` is deprecated. Please use `torch.amp.autocast('cuda', args...)` instead.\n"}
,{"stream_name":"stderr","time":569.111115954,"data":"  with torch.cuda.amp.autocast(enabled=DEVICE.type == \"cuda\", dtype=torch.float16):\n"}
,{"stream_name":"stderr","time":569.717122918,"data":"/kaggle/src/script.py:325: FutureWarning: `torch.cuda.amp.autocast(args...)` is deprecated. Please use `torch.amp.autocast('cuda', args...)` instead.\n"}
,{"stream_name":"stderr","time":569.71716508,"data":"  with torch.cuda.amp.autocast(enabled=DEVICE.type == \"cuda\", dtype=torch.float16):\n"}
,{"stream_name":"stderr","time":570.183218605,"data":"/kaggle/src/script.py:325: FutureWarning: `torch.cuda.amp.autocast(args...)` is deprecated. Please use `torch.amp.autocast('cuda', args...)` instead.\n"}
,{"stream_name":"stderr","time":570.1832585,"data":"  with torch.cuda.amp.autocast(enabled=DEVICE.type == \"cuda\", dtype=torch.float16):\n"}
,{"stream_name":"stdout","time":570.614183177,"data":"epoch=3 session=20/213 step=167 loss=2.3787 ce=1.4541 rank=0.8005 struct=1.2887\n"}
,{"stream_name":"stderr","time":570.615330122,"data":"/kaggle/src/script.py:325: FutureWarning: `torch.cuda.amp.autocast(args...)` is deprecated. Please use `torch.amp.autocast('cuda', args...)` instead.\n"}
,{"stream_name":"stderr","time":570.615345207,"data":"  with torch.cuda.amp.autocast(enabled=DEVICE.type == \"cuda\", dtype=torch.float16):\n"}
,{"stream_name":"stderr","time":571.050777043,"data":"/kaggle/src/script.py:325: FutureWarning: `torch.cuda.amp.autocast(args...)` is deprecated. Please use `torch.amp.autocast('cuda', args...)` instead.\n"}
,{"stream_name":"stderr","time":571.050833467,"data":"  with torch.cuda.amp.autocast(enabled=DEVICE.type == \"cuda\", dtype=torch.float16):\n"}
,{"stream_name":"stderr","time":571.489560372,"data":"/kaggle/src/script.py:325: FutureWarning: `torch.cuda.amp.autocast(args...)` is deprecated. Please use `torch.amp.autocast('cuda', args...)` instead.\n"}
,{"stream_name":"stderr","time":571.48959824,"data":"  with torch.cuda.amp.autocast(enabled=DEVICE.type == \"cuda\", dtype=torch.float16):\n"}
,{"stream_name":"stderr","time":572.136244737,"data":"/kaggle/src/script.py:325: FutureWarning: `torch.cuda.amp.autocast(args...)` is deprecated. Please use `torch.amp.autocast('cuda', args...)` instead.\n"}
,{"stream_name":"stderr","time":572.136282984,"data":"  with torch.cuda.amp.autocast(enabled=DEVICE.type == \"cuda\", dtype=torch.float16):\n"}
,{"stream_name":"stderr","time":572.614415409,"data":"/kaggle/src/script.py:325: FutureWarning: `torch.cuda.amp.autocast(args...)` is deprecated. Please use `torch.amp.autocast('cuda', args...)` instead.\n"}
,{"stream_name":"stderr","time":572.614463818,"data":"  with torch.cuda.amp.autocast(enabled=DEVICE.type == \"cuda\", dtype=torch.float16):\n"}
,{"stream_name":"stderr","time":573.247759577,"data":"/kaggle/src/script.py:325: FutureWarning: `torch.cuda.amp.autocast(args...)` is deprecated. Please use `torch.amp.autocast('cuda', args...)` instead.\n"}
,{"stream_name":"stderr","time":573.247797787,"data":"  with torch.cuda.amp.autocast(enabled=DEVICE.type == \"cuda\", dtype=torch.float16):\n"}
,{"stream_name":"stderr","time":573.875617684,"data":"/kaggle/src/script.py:325: FutureWarning: `torch.cuda.amp.autocast(args...)` is deprecated. Please use `torch.amp.autocast('cuda', args...)` instead.\n"}
,{"stream_name":"stderr","time":573.875658252,"data":"  with torch.cuda.amp.autocast(enabled=DEVICE.type == \"cuda\", dtype=torch.float16):\n"}
,{"stream_name":"stderr","time":574.314913024,"data":"/kaggle/src/script.py:325: FutureWarning: `torch.cuda.amp.autocast(args...)` is deprecated. Please use `torch.amp.autocast('cuda', args...)` instead.\n"}
,{"stream_name":"stderr","time":574.314974711,"data":"  with torch.cuda.amp.autocast(enabled=DEVICE.type == \"cuda\", dtype=torch.float16):\n"}
,{"stream_name":"stderr","time":574.770697305,"data":"/kaggle/src/script.py:325: FutureWarning: `torch.cuda.amp.autocast(args...)` is deprecated. Please use `torch.amp.autocast('cuda', args...)` instead.\n"}
,{"stream_name":"stderr","time":574.770756584,"data":"  with torch.cuda.amp.autocast(enabled=DEVICE.type == \"cuda\", dtype=torch.float16):\n"}
,{"stream_name":"stderr","time":575.421635809,"data":"/kaggle/src/script.py:325: FutureWarning: `torch.cuda.amp.autocast(args...)` is deprecated. Please use `torch.amp.autocast('cuda', args...)` instead.\n"}
,{"stream_name":"stderr","time":575.421675731,"data":"  with torch.cuda.amp.autocast(enabled=DEVICE.type == \"cuda\", dtype=torch.float16):\n"}
,{"stream_name":"stdout","time":576.106115874,"data":"epoch=3 session=30/213 step=169 loss=2.2702 ce=1.3167 rank=0.7653 struct=1.3714\n"}
,{"stream_name":"stderr","time":576.107227613,"data":"/kaggle/src/script.py:325: FutureWarning: `torch.cuda.amp.autocast(args...)` is deprecated. Please use `torch.amp.autocast('cuda', args...)` instead.\n"}
,{"stream_name":"stderr","time":576.107252235,"data":"  with torch.cuda.amp.autocast(enabled=DEVICE.type == \"cuda\", dtype=torch.float16):\n"}
,{"stream_name":"stderr","time":576.570684709,"data":"/kaggle/src/script.py:325: FutureWarning: `torch.cuda.amp.autocast(args...)` is deprecated. Please use `torch.amp.autocast('cuda', args...)` instead.\n"}
,{"stream_name":"stderr","time":576.570724742,"data":"  with torch.cuda.amp.autocast(enabled=DEVICE.type == \"cuda\", dtype=torch.float16):\n"}
,{"stream_name":"stderr","time":577.01114545,"data":"/kaggle/src/script.py:325: FutureWarning: `torch.cuda.amp.autocast(args...)` is deprecated. Please use `torch.amp.autocast('cuda', args...)` instead.\n"}
,{"stream_name":"stderr","time":577.011184939,"data":"  with torch.cuda.amp.autocast(enabled=DEVICE.type == \"cuda\", dtype=torch.float16):\n"}
,{"stream_name":"stderr","time":577.431771804,"data":"/kaggle/src/script.py:325: FutureWarning: `torch.cuda.amp.autocast(args...)` is deprecated. Please use `torch.amp.autocast('cuda', args...)` instead.\n"}
,{"stream_name":"stderr","time":577.431810991,"data":"  with torch.cuda.amp.autocast(enabled=DEVICE.type == \"cuda\", dtype=torch.float16):\n"}
,{"stream_name":"stderr","time":577.85294718,"data":"/kaggle/src/script.py:325: FutureWarning: `torch.cuda.amp.autocast(args...)` is deprecated. Please use `torch.amp.autocast('cuda', args...)` instead.\n"}
,{"stream_name":"stderr","time":577.852989463,"data":"  with torch.cuda.amp.autocast(enabled=DEVICE.type == \"cuda\", dtype=torch.float16):\n"}
,{"stream_name":"stderr","time":578.312231103,"data":"/kaggle/src/script.py:325: FutureWarning: `torch.cuda.amp.autocast(args...)` is deprecated. Please use `torch.amp.autocast('cuda', args...)` instead.\n"}
,{"stream_name":"stderr","time":578.312390549,"data":"  with torch.cuda.amp.autocast(enabled=DEVICE.type == \"cuda\", dtype=torch.float16):\n"}
,{"stream_name":"stderr","time":578.803927194,"data":"/kaggle/src/script.py:325: FutureWarning: `torch.cuda.amp.autocast(args...)` is deprecated. Please use `torch.amp.autocast('cuda', args...)` instead.\n"}
,{"stream_name":"stderr","time":578.803992173,"data":"  with torch.cuda.amp.autocast(enabled=DEVICE.type == \"cuda\", dtype=torch.float16):\n"}
,{"stream_name":"stderr","time":579.254022305,"data":"/kaggle/src/script.py:325: FutureWarning: `torch.cuda.amp.autocast(args...)` is deprecated. Please use `torch.amp.autocast('cuda', args...)` instead.\n"}
,{"stream_name":"stderr","time":579.254062374,"data":"  with torch.cuda.amp.autocast(enabled=DEVICE.type == \"cuda\", dtype=torch.float16):\n"}
,{"stream_name":"stderr","time":579.866489773,"data":"/kaggle/src/script.py:325: FutureWarning: `torch.cuda.amp.autocast(args...)` is deprecated. Please use `torch.amp.autocast('cuda', args...)` instead.\n"}
,{"stream_name":"stderr","time":579.866547138,"data":"  with torch.cuda.amp.autocast(enabled=DEVICE.type == \"cuda\", dtype=torch.float16):\n"}
,{"stream_name":"stderr","time":580.532541266,"data":"/kaggle/src/script.py:325: FutureWarning: `torch.cuda.amp.autocast(args...)` is deprecated. Please use `torch.amp.autocast('cuda', args...)` instead.\n"}
,{"stream_name":"stderr","time":580.532587195,"data":"  with torch.cuda.amp.autocast(enabled=DEVICE.type == \"cuda\", dtype=torch.float16):\n"}
,{"stream_name":"stdout","time":581.162752363,"data":"epoch=3 session=40/213 step=172 loss=2.3417 ce=1.3899 rank=0.8314 struct=1.3216\n"}
,{"stream_name":"stderr","time":581.164052778,"data":"/kaggle/src/script.py:325: FutureWarning: `torch.cuda.amp.autocast(args...)` is deprecated. Please use `torch.amp.autocast('cuda', args...)` instead.\n"}
,{"stream_name":"stderr","time":581.164074274,"data":"  with torch.cuda.amp.autocast(enabled=DEVICE.type == \"cuda\", dtype=torch.float16):\n"}
,{"stream_name":"stderr","time":581.625586024,"data":"/kaggle/src/script.py:325: FutureWarning: `torch.cuda.amp.autocast(args...)` is deprecated. Please use `torch.amp.autocast('cuda', args...)` instead.\n"}
,{"stream_name":"stderr","time":581.62563631,"data":"  with torch.cuda.amp.autocast(enabled=DEVICE.type == \"cuda\", dtype=torch.float16):\n"}
,{"stream_name":"stderr","time":582.301629939,"data":"/kaggle/src/script.py:325: FutureWarning: `torch.cuda.amp.autocast(args...)` is deprecated. Please use `torch.amp.autocast('cuda', args...)` instead.\n"}
,{"stream_name":"stderr","time":582.301675053,"data":"  with torch.cuda.amp.autocast(enabled=DEVICE.type == \"cuda\", dtype=torch.float16):\n"}
,{"stream_name":"stderr","time":582.771967813,"data":"/kaggle/src/script.py:325: FutureWarning: `torch.cuda.amp.autocast(args...)` is deprecated. Please use `torch.amp.autocast('cuda', args...)` instead.\n"}
,{"stream_name":"stderr","time":582.772027796,"data":"  with torch.cuda.amp.autocast(enabled=DEVICE.type == \"cuda\", dtype=torch.float16):\n"}
,{"stream_name":"stderr","time":583.378986324,"data":"/kaggle/src/script.py:325: FutureWarning: `torch.cuda.amp.autocast(args...)` is deprecated. Please use `torch.amp.autocast('cuda', args...)` instead.\n"}
,{"stream_name":"stderr","time":583.379026398,"data":"  with torch.cuda.amp.autocast(enabled=DEVICE.type == \"cuda\", dtype=torch.float16):\n"}
,{"stream_name":"stderr","time":584.000699586,"data":"/kaggle/src/script.py:325: FutureWarning: `torch.cuda.amp.autocast(args...)` is deprecated. Please use `torch.amp.autocast('cuda', args...)` instead.\n"}
,{"stream_name":"stderr","time":584.000742336,"data":"  with torch.cuda.amp.autocast(enabled=DEVICE.type == \"cuda\", dtype=torch.float16):\n"}
,{"stream_name":"stderr","time":584.590687773,"data":"/kaggle/src/script.py:325: FutureWarning: `torch.cuda.amp.autocast(args...)` is deprecated. Please use `torch.amp.autocast('cuda', args...)` instead.\n"}
,{"stream_name":"stderr","time":584.5907182,"data":"  with torch.cuda.amp.autocast(enabled=DEVICE.type == \"cuda\", dtype=torch.float16):\n"}
,{"stream_name":"stderr","time":585.035366752,"data":"/kaggle/src/script.py:325: FutureWarning: `torch.cuda.amp.autocast(args...)` is deprecated. Please use `torch.amp.autocast('cuda', args...)` instead.\n"}
,{"stream_name":"stderr","time":585.035409141,"data":"  with torch.cuda.amp.autocast(enabled=DEVICE.type == \"cuda\", dtype=torch.float16):\n"}
,{"stream_name":"stderr","time":585.480533275,"data":"/kaggle/src/script.py:325: FutureWarning: `torch.cuda.amp.autocast(args...)` is deprecated. Please use `torch.amp.autocast('cuda', args...)` instead.\n"}
,{"stream_name":"stderr","time":585.480576782,"data":"  with torch.cuda.amp.autocast(enabled=DEVICE.type == \"cuda\", dtype=torch.float16):\n"}
,{"stream_name":"stderr","time":586.096820579,"data":"/kaggle/src/script.py:325: FutureWarning: `torch.cuda.amp.autocast(args...)` is deprecated. Please use `torch.amp.autocast('cuda', args...)` instead.\n"}
,{"stream_name":"stderr","time":586.096856421,"data":"  with torch.cuda.amp.autocast(enabled=DEVICE.type == \"cuda\", dtype=torch.float16):\n"}
,{"stream_name":"stdout","time":586.527481985,"data":"epoch=3 session=50/213 step=174 loss=2.4177 ce=1.3968 rank=0.7507 struct=1.5161\n"}
,{"stream_name":"stderr","time":586.52901412,"data":"/kaggle/src/script.py:325: FutureWarning: `torch.cuda.amp.autocast(args...)` is deprecated. Please use `torch.amp.autocast('cuda', args...)` instead.\n"}
,{"stream_name":"stderr","time":586.529037625,"data":"  with torch.cuda.amp.autocast(enabled=DEVICE.type == \"cuda\", dtype=torch.float16):\n"}
,{"stream_name":"stderr","time":587.179530041,"data":"/kaggle/src/script.py:325: FutureWarning: `torch.cuda.amp.autocast(args...)` is deprecated. Please use `torch.amp.autocast('cuda', args...)` instead.\n"}
,{"stream_name":"stderr","time":587.179570386,"data":"  with torch.cuda.amp.autocast(enabled=DEVICE.type == \"cuda\", dtype=torch.float16):\n"}
,{"stream_name":"stderr","time":587.63434117,"data":"/kaggle/src/script.py:325: FutureWarning: `torch.cuda.amp.autocast(args...)` is deprecated. Please use `torch.amp.autocast('cuda', args...)` instead.\n"}
,{"stream_name":"stderr","time":587.634527522,"data":"  with torch.cuda.amp.autocast(enabled=DEVICE.type == \"cuda\", dtype=torch.float16):\n"}
,{"stream_name":"stderr","time":588.256024596,"data":"/kaggle/src/script.py:325: FutureWarning: `torch.cuda.amp.autocast(args...)` is deprecated. Please use `torch.amp.autocast('cuda', args...)` instead.\n"}
,{"stream_name":"stderr","time":588.256068451,"data":"  with torch.cuda.amp.autocast(enabled=DEVICE.type == \"cuda\", dtype=torch.float16):\n"}
,{"stream_name":"stderr","time":588.877370267,"data":"/kaggle/src/script.py:325: FutureWarning: `torch.cuda.amp.autocast(args...)` is deprecated. Please use `torch.amp.autocast('cuda', args...)` instead.\n"}
,{"stream_name":"stderr","time":588.877407353,"data":"  with torch.cuda.amp.autocast(enabled=DEVICE.type == \"cuda\", dtype=torch.float16):\n"}
,{"stream_name":"stderr","time":589.346603325,"data":"/kaggle/src/script.py:325: FutureWarning: `torch.cuda.amp.autocast(args...)` is deprecated. Please use `torch.amp.autocast('cuda', args...)` instead.\n"}
,{"stream_name":"stderr","time":589.34665413,"data":"  with torch.cuda.amp.autocast(enabled=DEVICE.type == \"cuda\", dtype=torch.float16):\n"}
,{"stream_name":"stderr","time":589.798426534,"data":"/kaggle/src/script.py:325: FutureWarning: `torch.cuda.amp.autocast(args...)` is deprecated. Please use `torch.amp.autocast('cuda', args...)` instead.\n"}
,{"stream_name":"stderr","time":589.798471154,"data":"  with torch.cuda.amp.autocast(enabled=DEVICE.type == \"cuda\", dtype=torch.float16):\n"}
,{"stream_name":"stderr","time":590.245101235,"data":"/kaggle/src/script.py:325: FutureWarning: `torch.cuda.amp.autocast(args...)` is deprecated. Please use `torch.amp.autocast('cuda', args...)` instead.\n"}
,{"stream_name":"stderr","time":590.245174345,"data":"  with torch.cuda.amp.autocast(enabled=DEVICE.type == \"cuda\", dtype=torch.float16):\n"}
,{"stream_name":"stderr","time":590.716768418,"data":"/kaggle/src/script.py:325: FutureWarning: `torch.cuda.amp.autocast(args...)` is deprecated. Please use `torch.amp.autocast('cuda', args...)` instead.\n"}
,{"stream_name":"stderr","time":590.716811522,"data":"  with torch.cuda.amp.autocast(enabled=DEVICE.type == \"cuda\", dtype=torch.float16):\n"}
,{"stream_name":"stderr","time":591.143030402,"data":"/kaggle/src/script.py:325: FutureWarning: `torch.cuda.amp.autocast(args...)` is deprecated. Please use `torch.amp.autocast('cuda', args...)` instead.\n"}
,{"stream_name":"stderr","time":591.143059662,"data":"  with torch.cuda.amp.autocast(enabled=DEVICE.type == \"cuda\", dtype=torch.float16):\n"}
,{"stream_name":"stdout","time":591.772372213,"data":"epoch=3 session=60/213 step=177 loss=2.1934 ce=1.4204 rank=0.7062 struct=1.0516\n"}
,{"stream_name":"stderr","time":591.773484663,"data":"/kaggle/src/script.py:325: FutureWarning: `torch.cuda.amp.autocast(args...)` is deprecated. Please use `torch.amp.autocast('cuda', args...)` instead.\n"}
,{"stream_name":"stderr","time":591.773512162,"data":"  with torch.cuda.amp.autocast(enabled=DEVICE.type == \"cuda\", dtype=torch.float16):\n"}
,{"stream_name":"stderr","time":592.439921898,"data":"/kaggle/src/script.py:325: FutureWarning: `torch.cuda.amp.autocast(args...)` is deprecated. Please use `torch.amp.autocast('cuda', args...)` instead.\n"}
,{"stream_name":"stderr","time":592.439963882,"data":"  with torch.cuda.amp.autocast(enabled=DEVICE.type == \"cuda\", dtype=torch.float16):\n"}
,{"stream_name":"stderr","time":592.888886645,"data":"/kaggle/src/script.py:325: FutureWarning: `torch.cuda.amp.autocast(args...)` is deprecated. Please use `torch.amp.autocast('cuda', args...)` instead.\n"}
,{"stream_name":"stderr","time":592.888918539,"data":"  with torch.cuda.amp.autocast(enabled=DEVICE.type == \"cuda\", dtype=torch.float16):\n"}
,{"stream_name":"stderr","time":593.533273314,"data":"/kaggle/src/script.py:325: FutureWarning: `torch.cuda.amp.autocast(args...)` is deprecated. Please use `torch.amp.autocast('cuda', args...)` instead.\n"}
,{"stream_name":"stderr","time":593.533341404,"data":"  with torch.cuda.amp.autocast(enabled=DEVICE.type == \"cuda\", dtype=torch.float16):\n"}
,{"stream_name":"stderr","time":593.967367745,"data":"/kaggle/src/script.py:325: FutureWarning: `torch.cuda.amp.autocast(args...)` is deprecated. Please use `torch.amp.autocast('cuda', args...)` instead.\n"}
,{"stream_name":"stderr","time":593.967412179,"data":"  with torch.cuda.amp.autocast(enabled=DEVICE.type == \"cuda\", dtype=torch.float16):\n"}
,{"stream_name":"stderr","time":594.543093507,"data":"/kaggle/src/script.py:325: FutureWarning: `torch.cuda.amp.autocast(args...)` is deprecated. Please use `torch.amp.autocast('cuda', args...)` instead.\n"}
,{"stream_name":"stderr","time":594.543133134,"data":"  with torch.cuda.amp.autocast(enabled=DEVICE.type == \"cuda\", dtype=torch.float16):\n"}
,{"stream_name":"stderr","time":595.191851275,"data":"/kaggle/src/script.py:325: FutureWarning: `torch.cuda.amp.autocast(args...)` is deprecated. Please use `torch.amp.autocast('cuda', args...)` instead.\n"}
,{"stream_name":"stderr","time":595.191890668,"data":"  with torch.cuda.amp.autocast(enabled=DEVICE.type == \"cuda\", dtype=torch.float16):\n"}
,{"stream_name":"stderr","time":595.876534989,"data":"/kaggle/src/script.py:325: FutureWarning: `torch.cuda.amp.autocast(args...)` is deprecated. Please use `torch.amp.autocast('cuda', args...)` instead.\n"}
,{"stream_name":"stderr","time":595.876589759,"data":"  with torch.cuda.amp.autocast(enabled=DEVICE.type == \"cuda\", dtype=torch.float16):\n"}
,{"stream_name":"stderr","time":596.478090543,"data":"/kaggle/src/script.py:325: FutureWarning: `torch.cuda.amp.autocast(args...)` is deprecated. Please use `torch.amp.autocast('cuda', args...)` instead.\n"}
,{"stream_name":"stderr","time":596.478127275,"data":"  with torch.cuda.amp.autocast(enabled=DEVICE.type == \"cuda\", dtype=torch.float16):\n"}
,{"stream_name":"stderr","time":597.057236208,"data":"/kaggle/src/script.py:325: FutureWarning: `torch.cuda.amp.autocast(args...)` is deprecated. Please use `torch.amp.autocast('cuda', args...)` instead.\n"}
,{"stream_name":"stderr","time":597.0573133,"data":"  with torch.cuda.amp.autocast(enabled=DEVICE.type == \"cuda\", dtype=torch.float16):\n"}
,{"stream_name":"stdout","time":597.512718969,"data":"epoch=3 session=70/213 step=179 loss=2.1858 ce=1.3992 rank=0.7422 struct=1.0535\n"}
,{"stream_name":"stderr","time":597.514052247,"data":"/kaggle/src/script.py:325: FutureWarning: `torch.cuda.amp.autocast(args...)` is deprecated. Please use `torch.amp.autocast('cuda', args...)` instead.\n"}
,{"stream_name":"stderr","time":597.514068235,"data":"  with torch.cuda.amp.autocast(enabled=DEVICE.type == \"cuda\", dtype=torch.float16):\n"}
,{"stream_name":"stderr","time":598.094763049,"data":"/kaggle/src/script.py:325: FutureWarning: `torch.cuda.amp.autocast(args...)` is deprecated. Please use `torch.amp.autocast('cuda', args...)` instead.\n"}
,{"stream_name":"stderr","time":598.094805256,"data":"  with torch.cuda.amp.autocast(enabled=DEVICE.type == \"cuda\", dtype=torch.float16):\n"}
,{"stream_name":"stderr","time":598.720195741,"data":"/kaggle/src/script.py:325: FutureWarning: `torch.cuda.amp.autocast(args...)` is deprecated. Please use `torch.amp.autocast('cuda', args...)` instead.\n"}
,{"stream_name":"stderr","time":598.720237169,"data":"  with torch.cuda.amp.autocast(enabled=DEVICE.type == \"cuda\", dtype=torch.float16):\n"}
,{"stream_name":"stderr","time":599.136175802,"data":"/kaggle/src/script.py:325: FutureWarning: `torch.cuda.amp.autocast(args...)` is deprecated. Please use `torch.amp.autocast('cuda', args...)` instead.\n"}
,{"stream_name":"stderr","time":599.136214594,"data":"  with torch.cuda.amp.autocast(enabled=DEVICE.type == \"cuda\", dtype=torch.float16):\n"}
,{"stream_name":"stderr","time":599.61907549,"data":"/kaggle/src/script.py:325: FutureWarning: `torch.cuda.amp.autocast(args...)` is deprecated. Please use `torch.amp.autocast('cuda', args...)` instead.\n"}
,{"stream_name":"stderr","time":599.6191137,"data":"  with torch.cuda.amp.autocast(enabled=DEVICE.type == \"cuda\", dtype=torch.float16):\n"}
,{"stream_name":"stderr","time":600.255537478,"data":"/kaggle/src/script.py:325: FutureWarning: `torch.cuda.amp.autocast(args...)` is deprecated. Please use `torch.amp.autocast('cuda', args...)` instead.\n"}
,{"stream_name":"stderr","time":600.255577512,"data":"  with torch.cuda.amp.autocast(enabled=DEVICE.type == \"cuda\", dtype=torch.float16):\n"}
,{"stream_name":"stderr","time":600.900483596,"data":"/kaggle/src/script.py:325: FutureWarning: `torch.cuda.amp.autocast(args...)` is deprecated. Please use `torch.amp.autocast('cuda', args...)` instead.\n"}
,{"stream_name":"stderr","time":600.900513276,"data":"  with torch.cuda.amp.autocast(enabled=DEVICE.type == \"cuda\", dtype=torch.float16):\n"}
,{"stream_name":"stderr","time":601.391877659,"data":"/kaggle/src/script.py:325: FutureWarning: `torch.cuda.amp.autocast(args...)` is deprecated. Please use `torch.amp.autocast('cuda', args...)` instead.\n"}
,{"stream_name":"stderr","time":601.391921061,"data":"  with torch.cuda.amp.autocast(enabled=DEVICE.type == \"cuda\", dtype=torch.float16):\n"}
,{"stream_name":"stderr","time":601.996923604,"data":"/kaggle/src/script.py:325: FutureWarning: `torch.cuda.amp.autocast(args...)` is deprecated. Please use `torch.amp.autocast('cuda', args...)` instead.\n"}
,{"stream_name":"stderr","time":601.996994597,"data":"  with torch.cuda.amp.autocast(enabled=DEVICE.type == \"cuda\", dtype=torch.float16):\n"}
,{"stream_name":"stderr","time":602.453382832,"data":"/kaggle/src/script.py:325: FutureWarning: `torch.cuda.amp.autocast(args...)` is deprecated. Please use `torch.amp.autocast('cuda', args...)` instead.\n"}
,{"stream_name":"stderr","time":602.45343911,"data":"  with torch.cuda.amp.autocast(enabled=DEVICE.type == \"cuda\", dtype=torch.float16):\n"}
,{"stream_name":"stdout","time":602.887394356,"data":"epoch=3 session=80/213 step=182 loss=2.3854 ce=1.4872 rank=0.7788 struct=1.2512\n"}
,{"stream_name":"stderr","time":602.888648688,"data":"/kaggle/src/script.py:325: FutureWarning: `torch.cuda.amp.autocast(args...)` is deprecated. Please use `torch.amp.autocast('cuda', args...)` instead.\n"}
,{"stream_name":"stderr","time":602.888666495,"data":"  with torch.cuda.amp.autocast(enabled=DEVICE.type == \"cuda\", dtype=torch.float16):\n"}
,{"stream_name":"stderr","time":603.326140239,"data":"/kaggle/src/script.py:325: FutureWarning: `torch.cuda.amp.autocast(args...)` is deprecated. Please use `torch.amp.autocast('cuda', args...)` instead.\n"}
,{"stream_name":"stderr","time":603.326177227,"data":"  with torch.cuda.amp.autocast(enabled=DEVICE.type == \"cuda\", dtype=torch.float16):\n"}
,{"stream_name":"stderr","time":603.971091627,"data":"/kaggle/src/script.py:325: FutureWarning: `torch.cuda.amp.autocast(args...)` is deprecated. Please use `torch.amp.autocast('cuda', args...)` instead.\n"}
,{"stream_name":"stderr","time":603.971128244,"data":"  with torch.cuda.amp.autocast(enabled=DEVICE.type == \"cuda\", dtype=torch.float16):\n"}
,{"stream_name":"stderr","time":604.65149949,"data":"/kaggle/src/script.py:325: FutureWarning: `torch.cuda.amp.autocast(args...)` is deprecated. Please use `torch.amp.autocast('cuda', args...)` instead.\n"}
,{"stream_name":"stderr","time":604.651552826,"data":"  with torch.cuda.amp.autocast(enabled=DEVICE.type == \"cuda\", dtype=torch.float16):\n"}
,{"stream_name":"stderr","time":605.135970451,"data":"/kaggle/src/script.py:325: FutureWarning: `torch.cuda.amp.autocast(args...)` is deprecated. Please use `torch.amp.autocast('cuda', args...)` instead.\n"}
,{"stream_name":"stderr","time":605.13600955,"data":"  with torch.cuda.amp.autocast(enabled=DEVICE.type == \"cuda\", dtype=torch.float16):\n"}
,{"stream_name":"stderr","time":605.563366787,"data":"/kaggle/src/script.py:325: FutureWarning: `torch.cuda.amp.autocast(args...)` is deprecated. Please use `torch.amp.autocast('cuda', args...)` instead.\n"}
,{"stream_name":"stderr","time":605.56340264,"data":"  with torch.cuda.amp.autocast(enabled=DEVICE.type == \"cuda\", dtype=torch.float16):\n"}
,{"stream_name":"stderr","time":606.188780996,"data":"/kaggle/src/script.py:325: FutureWarning: `torch.cuda.amp.autocast(args...)` is deprecated. Please use `torch.amp.autocast('cuda', args...)` instead.\n"}
,{"stream_name":"stderr","time":606.188842774,"data":"  with torch.cuda.amp.autocast(enabled=DEVICE.type == \"cuda\", dtype=torch.float16):\n"}
,{"stream_name":"stderr","time":606.60125791,"data":"/kaggle/src/script.py:325: FutureWarning: `torch.cuda.amp.autocast(args...)` is deprecated. Please use `torch.amp.autocast('cuda', args...)` instead.\n"}
,{"stream_name":"stderr","time":606.601349008,"data":"  with torch.cuda.amp.autocast(enabled=DEVICE.type == \"cuda\", dtype=torch.float16):\n"}
,{"stream_name":"stderr","time":607.071195131,"data":"/kaggle/src/script.py:325: FutureWarning: `torch.cuda.amp.autocast(args...)` is deprecated. Please use `torch.amp.autocast('cuda', args...)` instead.\n"}
,{"stream_name":"stderr","time":607.071255722,"data":"  with torch.cuda.amp.autocast(enabled=DEVICE.type == \"cuda\", dtype=torch.float16):\n"}
,{"stream_name":"stderr","time":607.666348923,"data":"/kaggle/src/script.py:325: FutureWarning: `torch.cuda.amp.autocast(args...)` is deprecated. Please use `torch.amp.autocast('cuda', args...)` instead.\n"}
,{"stream_name":"stderr","time":607.666388854,"data":"  with torch.cuda.amp.autocast(enabled=DEVICE.type == \"cuda\", dtype=torch.float16):\n"}
,{"stream_name":"stdout","time":608.281167656,"data":"epoch=3 session=90/213 step=184 loss=2.2625 ce=1.3687 rank=0.7557 struct=1.2586\n"}
,{"stream_name":"stderr","time":608.283009451,"data":"/kaggle/src/script.py:325: FutureWarning: `torch.cuda.amp.autocast(args...)` is deprecated. Please use `torch.amp.autocast('cuda', args...)` instead.\n"}
,{"stream_name":"stderr","time":608.283033098,"data":"  with torch.cuda.amp.autocast(enabled=DEVICE.type == \"cuda\", dtype=torch.float16):\n"}
,{"stream_name":"stderr","time":608.854562751,"data":"/kaggle/src/script.py:325: FutureWarning: `torch.cuda.amp.autocast(args...)` is deprecated. Please use `torch.amp.autocast('cuda', args...)` instead.\n"}
,{"stream_name":"stderr","time":608.854602836,"data":"  with torch.cuda.amp.autocast(enabled=DEVICE.type == \"cuda\", dtype=torch.float16):\n"}
,{"stream_name":"stderr","time":609.434560314,"data":"/kaggle/src/script.py:325: FutureWarning: `torch.cuda.amp.autocast(args...)` is deprecated. Please use `torch.amp.autocast('cuda', args...)` instead.\n"}
,{"stream_name":"stderr","time":609.434598568,"data":"  with torch.cuda.amp.autocast(enabled=DEVICE.type == \"cuda\", dtype=torch.float16):\n"}
,{"stream_name":"stderr","time":610.017444852,"data":"/kaggle/src/script.py:325: FutureWarning: `torch.cuda.amp.autocast(args...)` is deprecated. Please use `torch.amp.autocast('cuda', args...)` instead.\n"}
,{"stream_name":"stderr","time":610.017485648,"data":"  with torch.cuda.amp.autocast(enabled=DEVICE.type == \"cuda\", dtype=torch.float16):\n"}
,{"stream_name":"stderr","time":610.448056355,"data":"/kaggle/src/script.py:325: FutureWarning: `torch.cuda.amp.autocast(args...)` is deprecated. Please use `torch.amp.autocast('cuda', args...)` instead.\n"}
,{"stream_name":"stderr","time":610.448112634,"data":"  with torch.cuda.amp.autocast(enabled=DEVICE.type == \"cuda\", dtype=torch.float16):\n"}
,{"stream_name":"stderr","time":610.856015918,"data":"/kaggle/src/script.py:325: FutureWarning: `torch.cuda.amp.autocast(args...)` is deprecated. Please use `torch.amp.autocast('cuda', args...)` instead.\n"}
,{"stream_name":"stderr","time":610.856070489,"data":"  with torch.cuda.amp.autocast(enabled=DEVICE.type == \"cuda\", dtype=torch.float16):\n"}
,{"stream_name":"stderr","time":611.479118887,"data":"/kaggle/src/script.py:325: FutureWarning: `torch.cuda.amp.autocast(args...)` is deprecated. Please use `torch.amp.autocast('cuda', args...)` instead.\n"}
,{"stream_name":"stderr","time":611.479156869,"data":"  with torch.cuda.amp.autocast(enabled=DEVICE.type == \"cuda\", dtype=torch.float16):\n"}
,{"stream_name":"stderr","time":611.927469436,"data":"/kaggle/src/script.py:325: FutureWarning: `torch.cuda.amp.autocast(args...)` is deprecated. Please use `torch.amp.autocast('cuda', args...)` instead.\n"}
,{"stream_name":"stderr","time":611.927522423,"data":"  with torch.cuda.amp.autocast(enabled=DEVICE.type == \"cuda\", dtype=torch.float16):\n"}
,{"stream_name":"stderr","time":612.578923426,"data":"/kaggle/src/script.py:325: FutureWarning: `torch.cuda.amp.autocast(args...)` is deprecated. Please use `torch.amp.autocast('cuda', args...)` instead.\n"}
,{"stream_name":"stderr","time":612.578959568,"data":"  with torch.cuda.amp.autocast(enabled=DEVICE.type == \"cuda\", dtype=torch.float16):\n"}
,{"stream_name":"stderr","time":613.207952966,"data":"/kaggle/src/script.py:325: FutureWarning: `torch.cuda.amp.autocast(args...)` is deprecated. Please use `torch.amp.autocast('cuda', args...)` instead.\n"}
,{"stream_name":"stderr","time":613.208023269,"data":"  with torch.cuda.amp.autocast(enabled=DEVICE.type == \"cuda\", dtype=torch.float16):\n"}
,{"stream_name":"stdout","time":613.829340106,"data":"epoch=3 session=100/213 step=187 loss=2.3049 ce=1.4416 rank=0.7834 struct=1.1782\n"}
,{"stream_name":"stderr","time":613.830392784,"data":"/kaggle/src/script.py:325: FutureWarning: `torch.cuda.amp.autocast(args...)` is deprecated. Please use `torch.amp.autocast('cuda', args...)` instead.\n"}
,{"stream_name":"stderr","time":613.830409484,"data":"  with torch.cuda.amp.autocast(enabled=DEVICE.type == \"cuda\", dtype=torch.float16):\n"}
,{"stream_name":"stderr","time":614.433063834,"data":"/kaggle/src/script.py:325: FutureWarning: `torch.cuda.amp.autocast(args...)` is deprecated. Please use `torch.amp.autocast('cuda', args...)` instead.\n"}
,{"stream_name":"stderr","time":614.433105146,"data":"  with torch.cuda.amp.autocast(enabled=DEVICE.type == \"cuda\", dtype=torch.float16):\n"}
,{"stream_name":"stderr","time":615.082055671,"data":"/kaggle/src/script.py:325: FutureWarning: `torch.cuda.amp.autocast(args...)` is deprecated. Please use `torch.amp.autocast('cuda', args...)` instead.\n"}
,{"stream_name":"stderr","time":615.082092633,"data":"  with torch.cuda.amp.autocast(enabled=DEVICE.type == \"cuda\", dtype=torch.float16):\n"}
,{"stream_name":"stderr","time":615.502106978,"data":"/kaggle/src/script.py:325: FutureWarning: `torch.cuda.amp.autocast(args...)` is deprecated. Please use `torch.amp.autocast('cuda', args...)` instead.\n"}
,{"stream_name":"stderr","time":615.50214668,"data":"  with torch.cuda.amp.autocast(enabled=DEVICE.type == \"cuda\", dtype=torch.float16):\n"}
,{"stream_name":"stderr","time":615.947412376,"data":"/kaggle/src/script.py:325: FutureWarning: `torch.cuda.amp.autocast(args...)` is deprecated. Please use `torch.amp.autocast('cuda', args...)` instead.\n"}
,{"stream_name":"stderr","time":615.947455071,"data":"  with torch.cuda.amp.autocast(enabled=DEVICE.type == \"cuda\", dtype=torch.float16):\n"}
,{"stream_name":"stderr","time":616.534759955,"data":"/kaggle/src/script.py:325: FutureWarning: `torch.cuda.amp.autocast(args...)` is deprecated. Please use `torch.amp.autocast('cuda', args...)` instead.\n"}
,{"stream_name":"stderr","time":616.534816938,"data":"  with torch.cuda.amp.autocast(enabled=DEVICE.type == \"cuda\", dtype=torch.float16):\n"}
,{"stream_name":"stderr","time":617.170785817,"data":"/kaggle/src/script.py:325: FutureWarning: `torch.cuda.amp.autocast(args...)` is deprecated. Please use `torch.amp.autocast('cuda', args...)` instead.\n"}
,{"stream_name":"stderr","time":617.17082657,"data":"  with torch.cuda.amp.autocast(enabled=DEVICE.type == \"cuda\", dtype=torch.float16):\n"}
,{"stream_name":"stderr","time":617.631345495,"data":"/kaggle/src/script.py:325: FutureWarning: `torch.cuda.amp.autocast(args...)` is deprecated. Please use `torch.amp.autocast('cuda', args...)` instead.\n"}
,{"stream_name":"stderr","time":617.631389166,"data":"  with torch.cuda.amp.autocast(enabled=DEVICE.type == \"cuda\", dtype=torch.float16):\n"}
,{"stream_name":"stderr","time":618.275504272,"data":"/kaggle/src/script.py:325: FutureWarning: `torch.cuda.amp.autocast(args...)` is deprecated. Please use `torch.amp.autocast('cuda', args...)` instead.\n"}
,{"stream_name":"stderr","time":618.275545131,"data":"  with torch.cuda.amp.autocast(enabled=DEVICE.type == \"cuda\", dtype=torch.float16):\n"}
,{"stream_name":"stderr","time":618.734285371,"data":"/kaggle/src/script.py:325: FutureWarning: `torch.cuda.amp.autocast(args...)` is deprecated. Please use `torch.amp.autocast('cuda', args...)` instead.\n"}
,{"stream_name":"stderr","time":618.734335552,"data":"  with torch.cuda.amp.autocast(enabled=DEVICE.type == \"cuda\", dtype=torch.float16):\n"}
,{"stream_name":"stdout","time":619.173160539,"data":"epoch=3 session=110/213 step=189 loss=2.3576 ce=1.4521 rank=0.7456 struct=1.2890\n"}
,{"stream_name":"stderr","time":619.174525327,"data":"/kaggle/src/script.py:325: FutureWarning: `torch.cuda.amp.autocast(args...)` is deprecated. Please use `torch.amp.autocast('cuda', args...)` instead.\n"}
,{"stream_name":"stderr","time":619.174543663,"data":"  with torch.cuda.amp.autocast(enabled=DEVICE.type == \"cuda\", dtype=torch.float16):\n"}
,{"stream_name":"stderr","time":619.615792608,"data":"/kaggle/src/script.py:325: FutureWarning: `torch.cuda.amp.autocast(args...)` is deprecated. Please use `torch.amp.autocast('cuda', args...)` instead.\n"}
,{"stream_name":"stderr","time":619.615835894,"data":"  with torch.cuda.amp.autocast(enabled=DEVICE.type == \"cuda\", dtype=torch.float16):\n"}
,{"stream_name":"stderr","time":620.244289855,"data":"/kaggle/src/script.py:325: FutureWarning: `torch.cuda.amp.autocast(args...)` is deprecated. Please use `torch.amp.autocast('cuda', args...)` instead.\n"}
,{"stream_name":"stderr","time":620.244350109,"data":"  with torch.cuda.amp.autocast(enabled=DEVICE.type == \"cuda\", dtype=torch.float16):\n"}
,{"stream_name":"stderr","time":620.859140024,"data":"/kaggle/src/script.py:325: FutureWarning: `torch.cuda.amp.autocast(args...)` is deprecated. Please use `torch.amp.autocast('cuda', args...)` instead.\n"}
,{"stream_name":"stderr","time":620.859179332,"data":"  with torch.cuda.amp.autocast(enabled=DEVICE.type == \"cuda\", dtype=torch.float16):\n"}
,{"stream_name":"stderr","time":621.32569462,"data":"/kaggle/src/script.py:325: FutureWarning: `torch.cuda.amp.autocast(args...)` is deprecated. Please use `torch.amp.autocast('cuda', args...)` instead.\n"}
,{"stream_name":"stderr","time":621.325731363,"data":"  with torch.cuda.amp.autocast(enabled=DEVICE.type == \"cuda\", dtype=torch.float16):\n"}
,{"stream_name":"stderr","time":621.942646604,"data":"/kaggle/src/script.py:325: FutureWarning: `torch.cuda.amp.autocast(args...)` is deprecated. Please use `torch.amp.autocast('cuda', args...)` instead.\n"}
,{"stream_name":"stderr","time":621.942703618,"data":"  with torch.cuda.amp.autocast(enabled=DEVICE.type == \"cuda\", dtype=torch.float16):\n"}
,{"stream_name":"stderr","time":622.552527162,"data":"/kaggle/src/script.py:325: FutureWarning: `torch.cuda.amp.autocast(args...)` is deprecated. Please use `torch.amp.autocast('cuda', args...)` instead.\n"}
,{"stream_name":"stderr","time":622.552564941,"data":"  with torch.cuda.amp.autocast(enabled=DEVICE.type == \"cuda\", dtype=torch.float16):\n"}
,{"stream_name":"stderr","time":623.1338161,"data":"/kaggle/src/script.py:325: FutureWarning: `torch.cuda.amp.autocast(args...)` is deprecated. Please use `torch.amp.autocast('cuda', args...)` instead.\n"}
,{"stream_name":"stderr","time":623.133860205,"data":"  with torch.cuda.amp.autocast(enabled=DEVICE.type == \"cuda\", dtype=torch.float16):\n"}
,{"stream_name":"stderr","time":623.596713475,"data":"/kaggle/src/script.py:325: FutureWarning: `torch.cuda.amp.autocast(args...)` is deprecated. Please use `torch.amp.autocast('cuda', args...)` instead.\n"}
,{"stream_name":"stderr","time":623.596755119,"data":"  with torch.cuda.amp.autocast(enabled=DEVICE.type == \"cuda\", dtype=torch.float16):\n"}
,{"stream_name":"stderr","time":624.20818531,"data":"/kaggle/src/script.py:325: FutureWarning: `torch.cuda.amp.autocast(args...)` is deprecated. Please use `torch.amp.autocast('cuda', args...)` instead.\n"}
,{"stream_name":"stderr","time":624.208242636,"data":"  with torch.cuda.amp.autocast(enabled=DEVICE.type == \"cuda\", dtype=torch.float16):\n"}
,{"stream_name":"stdout","time":624.631573589,"data":"epoch=3 session=120/213 step=192 loss=2.2802 ce=1.4434 rank=0.7670 struct=1.1367\n"}
,{"stream_name":"stderr","time":624.632658151,"data":"/kaggle/src/script.py:325: FutureWarning: `torch.cuda.amp.autocast(args...)` is deprecated. Please use `torch.amp.autocast('cuda', args...)` instead.\n"}
,{"stream_name":"stderr","time":624.632697428,"data":"  with torch.cuda.amp.autocast(enabled=DEVICE.type == \"cuda\", dtype=torch.float16):\n"}
,{"stream_name":"stderr","time":625.270833853,"data":"/kaggle/src/script.py:325: FutureWarning: `torch.cuda.amp.autocast(args...)` is deprecated. Please use `torch.amp.autocast('cuda', args...)` instead.\n"}
,{"stream_name":"stderr","time":625.270874277,"data":"  with torch.cuda.amp.autocast(enabled=DEVICE.type == \"cuda\", dtype=torch.float16):\n"}
,{"stream_name":"stderr","time":625.922497409,"data":"/kaggle/src/script.py:325: FutureWarning: `torch.cuda.amp.autocast(args...)` is deprecated. Please use `torch.amp.autocast('cuda', args...)` instead.\n"}
,{"stream_name":"stderr","time":625.922610168,"data":"  with torch.cuda.amp.autocast(enabled=DEVICE.type == \"cuda\", dtype=torch.float16):\n"}
,{"stream_name":"stderr","time":626.511837787,"data":"/kaggle/src/script.py:325: FutureWarning: `torch.cuda.amp.autocast(args...)` is deprecated. Please use `torch.amp.autocast('cuda', args...)` instead.\n"}
,{"stream_name":"stderr","time":626.511881485,"data":"  with torch.cuda.amp.autocast(enabled=DEVICE.type == \"cuda\", dtype=torch.float16):\n"}
,{"stream_name":"stderr","time":627.134792689,"data":"/kaggle/src/script.py:325: FutureWarning: `torch.cuda.amp.autocast(args...)` is deprecated. Please use `torch.amp.autocast('cuda', args...)` instead.\n"}
,{"stream_name":"stderr","time":627.134835972,"data":"  with torch.cuda.amp.autocast(enabled=DEVICE.type == \"cuda\", dtype=torch.float16):\n"}
,{"stream_name":"stderr","time":627.781134926,"data":"/kaggle/src/script.py:325: FutureWarning: `torch.cuda.amp.autocast(args...)` is deprecated. Please use `torch.amp.autocast('cuda', args...)` instead.\n"}
,{"stream_name":"stderr","time":627.781169615,"data":"  with torch.cuda.amp.autocast(enabled=DEVICE.type == \"cuda\", dtype=torch.float16):\n"}
,{"stream_name":"stderr","time":628.248236684,"data":"/kaggle/src/script.py:325: FutureWarning: `torch.cuda.amp.autocast(args...)` is deprecated. Please use `torch.amp.autocast('cuda', args...)` instead.\n"}
,{"stream_name":"stderr","time":628.248275902,"data":"  with torch.cuda.amp.autocast(enabled=DEVICE.type == \"cuda\", dtype=torch.float16):\n"}
,{"stream_name":"stderr","time":628.69676301,"data":"/kaggle/src/script.py:325: FutureWarning: `torch.cuda.amp.autocast(args...)` is deprecated. Please use `torch.amp.autocast('cuda', args...)` instead.\n"}
,{"stream_name":"stderr","time":628.696808864,"data":"  with torch.cuda.amp.autocast(enabled=DEVICE.type == \"cuda\", dtype=torch.float16):\n"}
,{"stream_name":"stderr","time":629.295310632,"data":"/kaggle/src/script.py:325: FutureWarning: `torch.cuda.amp.autocast(args...)` is deprecated. Please use `torch.amp.autocast('cuda', args...)` instead.\n"}
,{"stream_name":"stderr","time":629.295354991,"data":"  with torch.cuda.amp.autocast(enabled=DEVICE.type == \"cuda\", dtype=torch.float16):\n"}
,{"stream_name":"stderr","time":629.759269765,"data":"/kaggle/src/script.py:325: FutureWarning: `torch.cuda.amp.autocast(args...)` is deprecated. Please use `torch.amp.autocast('cuda', args...)` instead.\n"}
,{"stream_name":"stderr","time":629.760258234,"data":"  with torch.cuda.amp.autocast(enabled=DEVICE.type == \"cuda\", dtype=torch.float16):\n"}
,{"stream_name":"stdout","time":630.205088825,"data":"epoch=3 session=130/213 step=194 loss=2.1019 ce=1.2677 rank=0.8055 struct=1.1047\n"}
,{"stream_name":"stderr","time":630.206351336,"data":"/kaggle/src/script.py:325: FutureWarning: `torch.cuda.amp.autocast(args...)` is deprecated. Please use `torch.amp.autocast('cuda', args...)` instead.\n"}
,{"stream_name":"stderr","time":630.206392814,"data":"  with torch.cuda.amp.autocast(enabled=DEVICE.type == \"cuda\", dtype=torch.float16):\n"}
,{"stream_name":"stderr","time":630.664209257,"data":"/kaggle/src/script.py:325: FutureWarning: `torch.cuda.amp.autocast(args...)` is deprecated. Please use `torch.amp.autocast('cuda', args...)` instead.\n"}
,{"stream_name":"stderr","time":630.664246106,"data":"  with torch.cuda.amp.autocast(enabled=DEVICE.type == \"cuda\", dtype=torch.float16):\n"}
,{"stream_name":"stderr","time":631.260481684,"data":"/kaggle/src/script.py:325: FutureWarning: `torch.cuda.amp.autocast(args...)` is deprecated. Please use `torch.amp.autocast('cuda', args...)` instead.\n"}
,{"stream_name":"stderr","time":631.260511219,"data":"  with torch.cuda.amp.autocast(enabled=DEVICE.type == \"cuda\", dtype=torch.float16):\n"}
,{"stream_name":"stderr","time":631.701112358,"data":"/kaggle/src/script.py:325: FutureWarning: `torch.cuda.amp.autocast(args...)` is deprecated. Please use `torch.amp.autocast('cuda', args...)` instead.\n"}
,{"stream_name":"stderr","time":631.701143368,"data":"  with torch.cuda.amp.autocast(enabled=DEVICE.type == \"cuda\", dtype=torch.float16):\n"}
,{"stream_name":"stderr","time":632.141737028,"data":"/kaggle/src/script.py:325: FutureWarning: `torch.cuda.amp.autocast(args...)` is deprecated. Please use `torch.amp.autocast('cuda', args...)` instead.\n"}
,{"stream_name":"stderr","time":632.141799345,"data":"  with torch.cuda.amp.autocast(enabled=DEVICE.type == \"cuda\", dtype=torch.float16):\n"}
,{"stream_name":"stderr","time":632.7906815,"data":"/kaggle/src/script.py:325: FutureWarning: `torch.cuda.amp.autocast(args...)` is deprecated. Please use `torch.amp.autocast('cuda', args...)` instead.\n"}
,{"stream_name":"stderr","time":632.79073702,"data":"  with torch.cuda.amp.autocast(enabled=DEVICE.type == \"cuda\", dtype=torch.float16):\n"}
,{"stream_name":"stderr","time":633.406569225,"data":"/kaggle/src/script.py:325: FutureWarning: `torch.cuda.amp.autocast(args...)` is deprecated. Please use `torch.amp.autocast('cuda', args...)` instead.\n"}
,{"stream_name":"stderr","time":633.406608485,"data":"  with torch.cuda.amp.autocast(enabled=DEVICE.type == \"cuda\", dtype=torch.float16):\n"}
,{"stream_name":"stderr","time":634.034627132,"data":"/kaggle/src/script.py:325: FutureWarning: `torch.cuda.amp.autocast(args...)` is deprecated. Please use `torch.amp.autocast('cuda', args...)` instead.\n"}
,{"stream_name":"stderr","time":634.034675058,"data":"  with torch.cuda.amp.autocast(enabled=DEVICE.type == \"cuda\", dtype=torch.float16):\n"}
,{"stream_name":"stderr","time":634.657453439,"data":"/kaggle/src/script.py:325: FutureWarning: `torch.cuda.amp.autocast(args...)` is deprecated. Please use `torch.amp.autocast('cuda', args...)` instead.\n"}
,{"stream_name":"stderr","time":634.657491718,"data":"  with torch.cuda.amp.autocast(enabled=DEVICE.type == \"cuda\", dtype=torch.float16):\n"}
,{"stream_name":"stderr","time":635.314393981,"data":"/kaggle/src/script.py:325: FutureWarning: `torch.cuda.amp.autocast(args...)` is deprecated. Please use `torch.amp.autocast('cuda', args...)` instead.\n"}
,{"stream_name":"stderr","time":635.315593571,"data":"  with torch.cuda.amp.autocast(enabled=DEVICE.type == \"cuda\", dtype=torch.float16):\n"}
,{"stream_name":"stdout","time":635.952912321,"data":"epoch=3 session=140/213 step=197 loss=2.1216 ce=1.3261 rank=0.7980 struct=1.0322\n"}
,{"stream_name":"stderr","time":635.954326868,"data":"/kaggle/src/script.py:325: FutureWarning: `torch.cuda.amp.autocast(args...)` is deprecated. Please use `torch.amp.autocast('cuda', args...)` instead.\n"}
,{"stream_name":"stderr","time":635.954346426,"data":"  with torch.cuda.amp.autocast(enabled=DEVICE.type == \"cuda\", dtype=torch.float16):\n"}
,{"stream_name":"stderr","time":636.575967703,"data":"/kaggle/src/script.py:325: FutureWarning: `torch.cuda.amp.autocast(args...)` is deprecated. Please use `torch.amp.autocast('cuda', args...)` instead.\n"}
,{"stream_name":"stderr","time":636.576046978,"data":"  with torch.cuda.amp.autocast(enabled=DEVICE.type == \"cuda\", dtype=torch.float16):\n"}
,{"stream_name":"stderr","time":637.020623049,"data":"/kaggle/src/script.py:325: FutureWarning: `torch.cuda.amp.autocast(args...)` is deprecated. Please use `torch.amp.autocast('cuda', args...)` instead.\n"}
,{"stream_name":"stderr","time":637.020660377,"data":"  with torch.cuda.amp.autocast(enabled=DEVICE.type == \"cuda\", dtype=torch.float16):\n"}
,{"stream_name":"stderr","time":637.604776773,"data":"/kaggle/src/script.py:325: FutureWarning: `torch.cuda.amp.autocast(args...)` is deprecated. Please use `torch.amp.autocast('cuda', args...)` instead.\n"}
,{"stream_name":"stderr","time":637.604818164,"data":"  with torch.cuda.amp.autocast(enabled=DEVICE.type == \"cuda\", dtype=torch.float16):\n"}
,{"stream_name":"stderr","time":638.237316268,"data":"/kaggle/src/script.py:325: FutureWarning: `torch.cuda.amp.autocast(args...)` is deprecated. Please use `torch.amp.autocast('cuda', args...)` instead.\n"}
,{"stream_name":"stderr","time":638.23735706,"data":"  with torch.cuda.amp.autocast(enabled=DEVICE.type == \"cuda\", dtype=torch.float16):\n"}
,{"stream_name":"stderr","time":638.864341086,"data":"/kaggle/src/script.py:325: FutureWarning: `torch.cuda.amp.autocast(args...)` is deprecated. Please use `torch.amp.autocast('cuda', args...)` instead.\n"}
,{"stream_name":"stderr","time":638.864388621,"data":"  with torch.cuda.amp.autocast(enabled=DEVICE.type == \"cuda\", dtype=torch.float16):\n"}
,{"stream_name":"stderr","time":639.491485759,"data":"/kaggle/src/script.py:325: FutureWarning: `torch.cuda.amp.autocast(args...)` is deprecated. Please use `torch.amp.autocast('cuda', args...)` instead.\n"}
,{"stream_name":"stderr","time":639.49153426,"data":"  with torch.cuda.amp.autocast(enabled=DEVICE.type == \"cuda\", dtype=torch.float16):\n"}
,{"stream_name":"stderr","time":639.932498178,"data":"/kaggle/src/script.py:325: FutureWarning: `torch.cuda.amp.autocast(args...)` is deprecated. Please use `torch.amp.autocast('cuda', args...)` instead.\n"}
,{"stream_name":"stderr","time":639.932542492,"data":"  with torch.cuda.amp.autocast(enabled=DEVICE.type == \"cuda\", dtype=torch.float16):\n"}
,{"stream_name":"stderr","time":640.547790855,"data":"/kaggle/src/script.py:325: FutureWarning: `torch.cuda.amp.autocast(args...)` is deprecated. Please use `torch.amp.autocast('cuda', args...)` instead.\n"}
,{"stream_name":"stderr","time":640.547857917,"data":"  with torch.cuda.amp.autocast(enabled=DEVICE.type == \"cuda\", dtype=torch.float16):\n"}
,{"stream_name":"stderr","time":640.980064762,"data":"/kaggle/src/script.py:325: FutureWarning: `torch.cuda.amp.autocast(args...)` is deprecated. Please use `torch.amp.autocast('cuda', args...)` instead.\n"}
,{"stream_name":"stderr","time":640.980104652,"data":"  with torch.cuda.amp.autocast(enabled=DEVICE.type == \"cuda\", dtype=torch.float16):\n"}
,{"stream_name":"stdout","time":641.681084048,"data":"epoch=3 session=150/213 step=199 loss=2.2016 ce=1.4115 rank=0.8302 struct=0.9989\n"}
,{"stream_name":"stderr","time":641.682367073,"data":"/kaggle/src/script.py:325: FutureWarning: `torch.cuda.amp.autocast(args...)` is deprecated. Please use `torch.amp.autocast('cuda', args...)` instead.\n"}
,{"stream_name":"stderr","time":641.682384499,"data":"  with torch.cuda.amp.autocast(enabled=DEVICE.type == \"cuda\", dtype=torch.float16):\n"}
,{"stream_name":"stderr","time":642.362479633,"data":"/kaggle/src/script.py:325: FutureWarning: `torch.cuda.amp.autocast(args...)` is deprecated. Please use `torch.amp.autocast('cuda', args...)` instead.\n"}
,{"stream_name":"stderr","time":642.362539662,"data":"  with torch.cuda.amp.autocast(enabled=DEVICE.type == \"cuda\", dtype=torch.float16):\n"}
,{"stream_name":"stderr","time":642.839462728,"data":"/kaggle/src/script.py:325: FutureWarning: `torch.cuda.amp.autocast(args...)` is deprecated. Please use `torch.amp.autocast('cuda', args...)` instead.\n"}
,{"stream_name":"stderr","time":642.839500294,"data":"  with torch.cuda.amp.autocast(enabled=DEVICE.type == \"cuda\", dtype=torch.float16):\n"}
,{"stream_name":"stderr","time":643.45520758,"data":"/kaggle/src/script.py:325: FutureWarning: `torch.cuda.amp.autocast(args...)` is deprecated. Please use `torch.amp.autocast('cuda', args...)` instead.\n"}
,{"stream_name":"stderr","time":643.4552619,"data":"  with torch.cuda.amp.autocast(enabled=DEVICE.type == \"cuda\", dtype=torch.float16):\n"}
,{"stream_name":"stderr","time":643.890264888,"data":"/kaggle/src/script.py:325: FutureWarning: `torch.cuda.amp.autocast(args...)` is deprecated. Please use `torch.amp.autocast('cuda', args...)` instead.\n"}
,{"stream_name":"stderr","time":643.890328973,"data":"  with torch.cuda.amp.autocast(enabled=DEVICE.type == \"cuda\", dtype=torch.float16):\n"}
,{"stream_name":"stderr","time":644.336413642,"data":"/kaggle/src/script.py:325: FutureWarning: `torch.cuda.amp.autocast(args...)` is deprecated. Please use `torch.amp.autocast('cuda', args...)` instead.\n"}
,{"stream_name":"stderr","time":644.336452628,"data":"  with torch.cuda.amp.autocast(enabled=DEVICE.type == \"cuda\", dtype=torch.float16):\n"}
,{"stream_name":"stderr","time":644.766983207,"data":"/kaggle/src/script.py:325: FutureWarning: `torch.cuda.amp.autocast(args...)` is deprecated. Please use `torch.amp.autocast('cuda', args...)` instead.\n"}
,{"stream_name":"stderr","time":644.767024484,"data":"  with torch.cuda.amp.autocast(enabled=DEVICE.type == \"cuda\", dtype=torch.float16):\n"}
,{"stream_name":"stderr","time":645.385894828,"data":"/kaggle/src/script.py:325: FutureWarning: `torch.cuda.amp.autocast(args...)` is deprecated. Please use `torch.amp.autocast('cuda', args...)` instead.\n"}
,{"stream_name":"stderr","time":645.385952714,"data":"  with torch.cuda.amp.autocast(enabled=DEVICE.type == \"cuda\", dtype=torch.float16):\n"}
,{"stream_name":"stderr","time":645.822132494,"data":"/kaggle/src/script.py:325: FutureWarning: `torch.cuda.amp.autocast(args...)` is deprecated. Please use `torch.amp.autocast('cuda', args...)` instead.\n"}
,{"stream_name":"stderr","time":645.822193972,"data":"  with torch.cuda.amp.autocast(enabled=DEVICE.type == \"cuda\", dtype=torch.float16):\n"}
,{"stream_name":"stderr","time":646.244834571,"data":"/kaggle/src/script.py:325: FutureWarning: `torch.cuda.amp.autocast(args...)` is deprecated. Please use `torch.amp.autocast('cuda', args...)` instead.\n"}
,{"stream_name":"stderr","time":646.244874142,"data":"  with torch.cuda.amp.autocast(enabled=DEVICE.type == \"cuda\", dtype=torch.float16):\n"}
,{"stream_name":"stdout","time":646.863009103,"data":"epoch=3 session=160/213 step=202 loss=2.4072 ce=1.3853 rank=0.7738 struct=1.5021\n"}
,{"stream_name":"stderr","time":646.864161937,"data":"/kaggle/src/script.py:325: FutureWarning: `torch.cuda.amp.autocast(args...)` is deprecated. Please use `torch.amp.autocast('cuda', args...)` instead.\n"}
,{"stream_name":"stderr","time":646.864178267,"data":"  with torch.cuda.amp.autocast(enabled=DEVICE.type == \"cuda\", dtype=torch.float16):\n"}
,{"stream_name":"stderr","time":647.522153619,"data":"/kaggle/src/script.py:325: FutureWarning: `torch.cuda.amp.autocast(args...)` is deprecated. Please use `torch.amp.autocast('cuda', args...)` instead.\n"}
,{"stream_name":"stderr","time":647.522221014,"data":"  with torch.cuda.amp.autocast(enabled=DEVICE.type == \"cuda\", dtype=torch.float16):\n"}
,{"stream_name":"stderr","time":648.134844261,"data":"/kaggle/src/script.py:325: FutureWarning: `torch.cuda.amp.autocast(args...)` is deprecated. Please use `torch.amp.autocast('cuda', args...)` instead.\n"}
,{"stream_name":"stderr","time":648.134917152,"data":"  with torch.cuda.amp.autocast(enabled=DEVICE.type == \"cuda\", dtype=torch.float16):\n"}
,{"stream_name":"stderr","time":648.577984205,"data":"/kaggle/src/script.py:325: FutureWarning: `torch.cuda.amp.autocast(args...)` is deprecated. Please use `torch.amp.autocast('cuda', args...)` instead.\n"}
,{"stream_name":"stderr","time":648.578025309,"data":"  with torch.cuda.amp.autocast(enabled=DEVICE.type == \"cuda\", dtype=torch.float16):\n"}
,{"stream_name":"stderr","time":649.044453211,"data":"/kaggle/src/script.py:325: FutureWarning: `torch.cuda.amp.autocast(args...)` is deprecated. Please use `torch.amp.autocast('cuda', args...)` instead.\n"}
,{"stream_name":"stderr","time":649.044493504,"data":"  with torch.cuda.amp.autocast(enabled=DEVICE.type == \"cuda\", dtype=torch.float16):\n"}
,{"stream_name":"stderr","time":649.659863628,"data":"/kaggle/src/script.py:325: FutureWarning: `torch.cuda.amp.autocast(args...)` is deprecated. Please use `torch.amp.autocast('cuda', args...)` instead.\n"}
,{"stream_name":"stderr","time":649.659895677,"data":"  with torch.cuda.amp.autocast(enabled=DEVICE.type == \"cuda\", dtype=torch.float16):\n"}
,{"stream_name":"stderr","time":650.258092005,"data":"/kaggle/src/script.py:325: FutureWarning: `torch.cuda.amp.autocast(args...)` is deprecated. Please use `torch.amp.autocast('cuda', args...)` instead.\n"}
,{"stream_name":"stderr","time":650.258132719,"data":"  with torch.cuda.amp.autocast(enabled=DEVICE.type == \"cuda\", dtype=torch.float16):\n"}
,{"stream_name":"stderr","time":650.739027328,"data":"/kaggle/src/script.py:325: FutureWarning: `torch.cuda.amp.autocast(args...)` is deprecated. Please use `torch.amp.autocast('cuda', args...)` instead.\n"}
,{"stream_name":"stderr","time":650.739061228,"data":"  with torch.cuda.amp.autocast(enabled=DEVICE.type == \"cuda\", dtype=torch.float16):\n"}
,{"stream_name":"stderr","time":651.354692832,"data":"/kaggle/src/script.py:325: FutureWarning: `torch.cuda.amp.autocast(args...)` is deprecated. Please use `torch.amp.autocast('cuda', args...)` instead.\n"}
,{"stream_name":"stderr","time":651.354739813,"data":"  with torch.cuda.amp.autocast(enabled=DEVICE.type == \"cuda\", dtype=torch.float16):\n"}
,{"stream_name":"stderr","time":651.939642298,"data":"/kaggle/src/script.py:325: FutureWarning: `torch.cuda.amp.autocast(args...)` is deprecated. Please use `torch.amp.autocast('cuda', args...)` instead.\n"}
,{"stream_name":"stderr","time":651.939684597,"data":"  with torch.cuda.amp.autocast(enabled=DEVICE.type == \"cuda\", dtype=torch.float16):\n"}
,{"stream_name":"stdout","time":652.371654914,"data":"epoch=3 session=170/213 step=204 loss=2.2717 ce=1.4699 rank=0.7501 struct=1.0784\n"}
,{"stream_name":"stderr","time":652.372837157,"data":"/kaggle/src/script.py:325: FutureWarning: `torch.cuda.amp.autocast(args...)` is deprecated. Please use `torch.amp.autocast('cuda', args...)` instead.\n"}
,{"stream_name":"stderr","time":652.372859233,"data":"  with torch.cuda.amp.autocast(enabled=DEVICE.type == \"cuda\", dtype=torch.float16):\n"}
,{"stream_name":"stderr","time":652.810303244,"data":"/kaggle/src/script.py:325: FutureWarning: `torch.cuda.amp.autocast(args...)` is deprecated. Please use `torch.amp.autocast('cuda', args...)` instead.\n"}
,{"stream_name":"stderr","time":652.810389934,"data":"  with torch.cuda.amp.autocast(enabled=DEVICE.type == \"cuda\", dtype=torch.float16):\n"}
,{"stream_name":"stderr","time":653.223668376,"data":"/kaggle/src/script.py:325: FutureWarning: `torch.cuda.amp.autocast(args...)` is deprecated. Please use `torch.amp.autocast('cuda', args...)` instead.\n"}
,{"stream_name":"stderr","time":653.223734977,"data":"  with torch.cuda.amp.autocast(enabled=DEVICE.type == \"cuda\", dtype=torch.float16):\n"}
,{"stream_name":"stderr","time":653.859953506,"data":"/kaggle/src/script.py:325: FutureWarning: `torch.cuda.amp.autocast(args...)` is deprecated. Please use `torch.amp.autocast('cuda', args...)` instead.\n"}
,{"stream_name":"stderr","time":653.860002007,"data":"  with torch.cuda.amp.autocast(enabled=DEVICE.type == \"cuda\", dtype=torch.float16):\n"}
,{"stream_name":"stderr","time":654.496163205,"data":"/kaggle/src/script.py:325: FutureWarning: `torch.cuda.amp.autocast(args...)` is deprecated. Please use `torch.amp.autocast('cuda', args...)` instead.\n"}
,{"stream_name":"stderr","time":654.496201492,"data":"  with torch.cuda.amp.autocast(enabled=DEVICE.type == \"cuda\", dtype=torch.float16):\n"}
,{"stream_name":"stderr","time":655.150151984,"data":"/kaggle/src/script.py:325: FutureWarning: `torch.cuda.amp.autocast(args...)` is deprecated. Please use `torch.amp.autocast('cuda', args...)` instead.\n"}
,{"stream_name":"stderr","time":655.150229547,"data":"  with torch.cuda.amp.autocast(enabled=DEVICE.type == \"cuda\", dtype=torch.float16):\n"}
,{"stream_name":"stderr","time":655.581715109,"data":"/kaggle/src/script.py:325: FutureWarning: `torch.cuda.amp.autocast(args...)` is deprecated. Please use `torch.amp.autocast('cuda', args...)` instead.\n"}
,{"stream_name":"stderr","time":655.581752856,"data":"  with torch.cuda.amp.autocast(enabled=DEVICE.type == \"cuda\", dtype=torch.float16):\n"}
,{"stream_name":"stderr","time":656.010432668,"data":"/kaggle/src/script.py:325: FutureWarning: `torch.cuda.amp.autocast(args...)` is deprecated. Please use `torch.amp.autocast('cuda', args...)` instead.\n"}
,{"stream_name":"stderr","time":656.010478799,"data":"  with torch.cuda.amp.autocast(enabled=DEVICE.type == \"cuda\", dtype=torch.float16):\n"}
,{"stream_name":"stderr","time":656.432769429,"data":"/kaggle/src/script.py:325: FutureWarning: `torch.cuda.amp.autocast(args...)` is deprecated. Please use `torch.amp.autocast('cuda', args...)` instead.\n"}
,{"stream_name":"stderr","time":656.432812624,"data":"  with torch.cuda.amp.autocast(enabled=DEVICE.type == \"cuda\", dtype=torch.float16):\n"}
,{"stream_name":"stderr","time":656.858553279,"data":"/kaggle/src/script.py:325: FutureWarning: `torch.cuda.amp.autocast(args...)` is deprecated. Please use `torch.amp.autocast('cuda', args...)` instead.\n"}
,{"stream_name":"stderr","time":656.858606043,"data":"  with torch.cuda.amp.autocast(enabled=DEVICE.type == \"cuda\", dtype=torch.float16):\n"}
,{"stream_name":"stdout","time":657.308763981,"data":"epoch=3 session=180/213 step=207 loss=2.1518 ce=1.3091 rank=0.8120 struct=1.1169\n"}
,{"stream_name":"stderr","time":657.309929022,"data":"/kaggle/src/script.py:325: FutureWarning: `torch.cuda.amp.autocast(args...)` is deprecated. Please use `torch.amp.autocast('cuda', args...)` instead.\n"}
,{"stream_name":"stderr","time":657.309982332,"data":"  with torch.cuda.amp.autocast(enabled=DEVICE.type == \"cuda\", dtype=torch.float16):\n"}
,{"stream_name":"stderr","time":657.918681207,"data":"/kaggle/src/script.py:325: FutureWarning: `torch.cuda.amp.autocast(args...)` is deprecated. Please use `torch.amp.autocast('cuda', args...)` instead.\n"}
,{"stream_name":"stderr","time":657.918718139,"data":"  with torch.cuda.amp.autocast(enabled=DEVICE.type == \"cuda\", dtype=torch.float16):\n"}
,{"stream_name":"stderr","time":658.356481863,"data":"/kaggle/src/script.py:325: FutureWarning: `torch.cuda.amp.autocast(args...)` is deprecated. Please use `torch.amp.autocast('cuda', args...)` instead.\n"}
,{"stream_name":"stderr","time":658.356521978,"data":"  with torch.cuda.amp.autocast(enabled=DEVICE.type == \"cuda\", dtype=torch.float16):\n"}
,{"stream_name":"stderr","time":658.774211084,"data":"/kaggle/src/script.py:325: FutureWarning: `torch.cuda.amp.autocast(args...)` is deprecated. Please use `torch.amp.autocast('cuda', args...)` instead.\n"}
,{"stream_name":"stderr","time":658.774293422,"data":"  with torch.cuda.amp.autocast(enabled=DEVICE.type == \"cuda\", dtype=torch.float16):\n"}
,{"stream_name":"stderr","time":659.393347936,"data":"/kaggle/src/script.py:325: FutureWarning: `torch.cuda.amp.autocast(args...)` is deprecated. Please use `torch.amp.autocast('cuda', args...)` instead.\n"}
,{"stream_name":"stderr","time":659.393397271,"data":"  with torch.cuda.amp.autocast(enabled=DEVICE.type == \"cuda\", dtype=torch.float16):\n"}
,{"stream_name":"stderr","time":660.006353977,"data":"/kaggle/src/script.py:325: FutureWarning: `torch.cuda.amp.autocast(args...)` is deprecated. Please use `torch.amp.autocast('cuda', args...)` instead.\n"}
,{"stream_name":"stderr","time":660.006397812,"data":"  with torch.cuda.amp.autocast(enabled=DEVICE.type == \"cuda\", dtype=torch.float16):\n"}
,{"stream_name":"stderr","time":660.641663488,"data":"/kaggle/src/script.py:325: FutureWarning: `torch.cuda.amp.autocast(args...)` is deprecated. Please use `torch.amp.autocast('cuda', args...)` instead.\n"}
,{"stream_name":"stderr","time":660.641722695,"data":"  with torch.cuda.amp.autocast(enabled=DEVICE.type == \"cuda\", dtype=torch.float16):\n"}
,{"stream_name":"stderr","time":661.250509978,"data":"/kaggle/src/script.py:325: FutureWarning: `torch.cuda.amp.autocast(args...)` is deprecated. Please use `torch.amp.autocast('cuda', args...)` instead.\n"}
,{"stream_name":"stderr","time":661.25055265,"data":"  with torch.cuda.amp.autocast(enabled=DEVICE.type == \"cuda\", dtype=torch.float16):\n"}
,{"stream_name":"stderr","time":661.705106713,"data":"/kaggle/src/script.py:325: FutureWarning: `torch.cuda.amp.autocast(args...)` is deprecated. Please use `torch.amp.autocast('cuda', args...)` instead.\n"}
,{"stream_name":"stderr","time":661.70514315,"data":"  with torch.cuda.amp.autocast(enabled=DEVICE.type == \"cuda\", dtype=torch.float16):\n"}
,{"stream_name":"stderr","time":662.148280208,"data":"/kaggle/src/script.py:325: FutureWarning: `torch.cuda.amp.autocast(args...)` is deprecated. Please use `torch.amp.autocast('cuda', args...)` instead.\n"}
,{"stream_name":"stderr","time":662.14835006,"data":"  with torch.cuda.amp.autocast(enabled=DEVICE.type == \"cuda\", dtype=torch.float16):\n"}
,{"stream_name":"stdout","time":662.757389697,"data":"epoch=3 session=190/213 step=209 loss=2.1636 ce=1.3078 rank=0.7429 struct=1.1916\n"}
,{"stream_name":"stderr","time":662.758908925,"data":"/kaggle/src/script.py:325: FutureWarning: `torch.cuda.amp.autocast(args...)` is deprecated. Please use `torch.amp.autocast('cuda', args...)` instead.\n"}
,{"stream_name":"stderr","time":662.758935028,"data":"  with torch.cuda.amp.autocast(enabled=DEVICE.type == \"cuda\", dtype=torch.float16):\n"}
,{"stream_name":"stderr","time":663.20547775,"data":"/kaggle/src/script.py:325: FutureWarning: `torch.cuda.amp.autocast(args...)` is deprecated. Please use `torch.amp.autocast('cuda', args...)` instead.\n"}
,{"stream_name":"stderr","time":663.205517528,"data":"  with torch.cuda.amp.autocast(enabled=DEVICE.type == \"cuda\", dtype=torch.float16):\n"}
,{"stream_name":"stderr","time":663.645683034,"data":"/kaggle/src/script.py:325: FutureWarning: `torch.cuda.amp.autocast(args...)` is deprecated. Please use `torch.amp.autocast('cuda', args...)` instead.\n"}
,{"stream_name":"stderr","time":663.64573966,"data":"  with torch.cuda.amp.autocast(enabled=DEVICE.type == \"cuda\", dtype=torch.float16):\n"}
,{"stream_name":"stderr","time":664.077285031,"data":"/kaggle/src/script.py:325: FutureWarning: `torch.cuda.amp.autocast(args...)` is deprecated. Please use `torch.amp.autocast('cuda', args...)` instead.\n"}
,{"stream_name":"stderr","time":664.077366737,"data":"  with torch.cuda.amp.autocast(enabled=DEVICE.type == \"cuda\", dtype=torch.float16):\n"}
,{"stream_name":"stderr","time":664.681508346,"data":"/kaggle/src/script.py:325: FutureWarning: `torch.cuda.amp.autocast(args...)` is deprecated. Please use `torch.amp.autocast('cuda', args...)` instead.\n"}
,{"stream_name":"stderr","time":664.681563047,"data":"  with torch.cuda.amp.autocast(enabled=DEVICE.type == \"cuda\", dtype=torch.float16):\n"}
,{"stream_name":"stderr","time":665.288313139,"data":"/kaggle/src/script.py:325: FutureWarning: `torch.cuda.amp.autocast(args...)` is deprecated. Please use `torch.amp.autocast('cuda', args...)` instead.\n"}
,{"stream_name":"stderr","time":665.288352141,"data":"  with torch.cuda.amp.autocast(enabled=DEVICE.type == \"cuda\", dtype=torch.float16):\n"}
,{"stream_name":"stderr","time":665.939643358,"data":"/kaggle/src/script.py:325: FutureWarning: `torch.cuda.amp.autocast(args...)` is deprecated. Please use `torch.amp.autocast('cuda', args...)` instead.\n"}
,{"stream_name":"stderr","time":665.93968748,"data":"  with torch.cuda.amp.autocast(enabled=DEVICE.type == \"cuda\", dtype=torch.float16):\n"}
,{"stream_name":"stderr","time":666.543383404,"data":"/kaggle/src/script.py:325: FutureWarning: `torch.cuda.amp.autocast(args...)` is deprecated. Please use `torch.amp.autocast('cuda', args...)` instead.\n"}
,{"stream_name":"stderr","time":666.543414503,"data":"  with torch.cuda.amp.autocast(enabled=DEVICE.type == \"cuda\", dtype=torch.float16):\n"}
,{"stream_name":"stderr","time":667.149960091,"data":"/kaggle/src/script.py:325: FutureWarning: `torch.cuda.amp.autocast(args...)` is deprecated. Please use `torch.amp.autocast('cuda', args...)` instead.\n"}
,{"stream_name":"stderr","time":667.150001362,"data":"  with torch.cuda.amp.autocast(enabled=DEVICE.type == \"cuda\", dtype=torch.float16):\n"}
,{"stream_name":"stderr","time":667.7214198,"data":"/kaggle/src/script.py:325: FutureWarning: `torch.cuda.amp.autocast(args...)` is deprecated. Please use `torch.amp.autocast('cuda', args...)` instead.\n"}
,{"stream_name":"stderr","time":667.721465341,"data":"  with torch.cuda.amp.autocast(enabled=DEVICE.type == \"cuda\", dtype=torch.float16):\n"}
,{"stream_name":"stdout","time":668.339181939,"data":"epoch=3 session=200/213 step=212 loss=2.1611 ce=1.4829 rank=0.7224 struct=0.8509\n"}
,{"stream_name":"stderr","time":668.340353141,"data":"/kaggle/src/script.py:325: FutureWarning: `torch.cuda.amp.autocast(args...)` is deprecated. Please use `torch.amp.autocast('cuda', args...)` instead.\n"}
,{"stream_name":"stderr","time":668.340381232,"data":"  with torch.cuda.amp.autocast(enabled=DEVICE.type == \"cuda\", dtype=torch.float16):\n"}
,{"stream_name":"stderr","time":668.996344174,"data":"/kaggle/src/script.py:325: FutureWarning: `torch.cuda.amp.autocast(args...)` is deprecated. Please use `torch.amp.autocast('cuda', args...)` instead.\n"}
,{"stream_name":"stderr","time":668.996384629,"data":"  with torch.cuda.amp.autocast(enabled=DEVICE.type == \"cuda\", dtype=torch.float16):\n"}
,{"stream_name":"stderr","time":669.634676956,"data":"/kaggle/src/script.py:325: FutureWarning: `torch.cuda.amp.autocast(args...)` is deprecated. Please use `torch.amp.autocast('cuda', args...)` instead.\n"}
,{"stream_name":"stderr","time":669.634718865,"data":"  with torch.cuda.amp.autocast(enabled=DEVICE.type == \"cuda\", dtype=torch.float16):\n"}
,{"stream_name":"stderr","time":670.249323616,"data":"/kaggle/src/script.py:325: FutureWarning: `torch.cuda.amp.autocast(args...)` is deprecated. Please use `torch.amp.autocast('cuda', args...)` instead.\n"}
,{"stream_name":"stderr","time":670.24936288,"data":"  with torch.cuda.amp.autocast(enabled=DEVICE.type == \"cuda\", dtype=torch.float16):\n"}
,{"stream_name":"stderr","time":670.698320711,"data":"/kaggle/src/script.py:325: FutureWarning: `torch.cuda.amp.autocast(args...)` is deprecated. Please use `torch.amp.autocast('cuda', args...)` instead.\n"}
,{"stream_name":"stderr","time":670.698350746,"data":"  with torch.cuda.amp.autocast(enabled=DEVICE.type == \"cuda\", dtype=torch.float16):\n"}
,{"stream_name":"stderr","time":671.11621396,"data":"/kaggle/src/script.py:325: FutureWarning: `torch.cuda.amp.autocast(args...)` is deprecated. Please use `torch.amp.autocast('cuda', args...)` instead.\n"}
,{"stream_name":"stderr","time":671.116241845,"data":"  with torch.cuda.amp.autocast(enabled=DEVICE.type == \"cuda\", dtype=torch.float16):\n"}
,{"stream_name":"stderr","time":671.751014493,"data":"/kaggle/src/script.py:325: FutureWarning: `torch.cuda.amp.autocast(args...)` is deprecated. Please use `torch.amp.autocast('cuda', args...)` instead.\n"}
,{"stream_name":"stderr","time":671.751043415,"data":"  with torch.cuda.amp.autocast(enabled=DEVICE.type == \"cuda\", dtype=torch.float16):\n"}
,{"stream_name":"stderr","time":672.190487769,"data":"/kaggle/src/script.py:325: FutureWarning: `torch.cuda.amp.autocast(args...)` is deprecated. Please use `torch.amp.autocast('cuda', args...)` instead.\n"}
,{"stream_name":"stderr","time":672.190527562,"data":"  with torch.cuda.amp.autocast(enabled=DEVICE.type == \"cuda\", dtype=torch.float16):\n"}
,{"stream_name":"stderr","time":672.613371154,"data":"/kaggle/src/script.py:325: FutureWarning: `torch.cuda.amp.autocast(args...)` is deprecated. Please use `torch.amp.autocast('cuda', args...)` instead.\n"}
,{"stream_name":"stderr","time":672.613404338,"data":"  with torch.cuda.amp.autocast(enabled=DEVICE.type == \"cuda\", dtype=torch.float16):\n"}
,{"stream_name":"stderr","time":673.067316427,"data":"/kaggle/src/script.py:325: FutureWarning: `torch.cuda.amp.autocast(args...)` is deprecated. Please use `torch.amp.autocast('cuda', args...)` instead.\n"}
,{"stream_name":"stderr","time":673.06735929,"data":"  with torch.cuda.amp.autocast(enabled=DEVICE.type == \"cuda\", dtype=torch.float16):\n"}
,{"stream_name":"stdout","time":673.674739348,"data":"epoch=3 session=210/213 step=214 loss=1.9948 ce=1.2250 rank=0.7234 struct=1.0332\n"}
,{"stream_name":"stderr","time":673.676072946,"data":"/kaggle/src/script.py:325: FutureWarning: `torch.cuda.amp.autocast(args...)` is deprecated. Please use `torch.amp.autocast('cuda', args...)` instead.\n"}
,{"stream_name":"stderr","time":673.67609208,"data":"  with torch.cuda.amp.autocast(enabled=DEVICE.type == \"cuda\", dtype=torch.float16):\n"}
,{"stream_name":"stderr","time":674.120362494,"data":"/kaggle/src/script.py:325: FutureWarning: `torch.cuda.amp.autocast(args...)` is deprecated. Please use `torch.amp.autocast('cuda', args...)` instead.\n"}
,{"stream_name":"stderr","time":674.120398909,"data":"  with torch.cuda.amp.autocast(enabled=DEVICE.type == \"cuda\", dtype=torch.float16):\n"}
,{"stream_name":"stderr","time":674.779953179,"data":"/kaggle/src/script.py:325: FutureWarning: `torch.cuda.amp.autocast(args...)` is deprecated. Please use `torch.amp.autocast('cuda', args...)` instead.\n"}
,{"stream_name":"stderr","time":674.780000834,"data":"  with torch.cuda.amp.autocast(enabled=DEVICE.type == \"cuda\", dtype=torch.float16):\n"}
,{"stream_name":"stderr","time":675.278255413,"data":"/kaggle/src/script.py:325: FutureWarning: `torch.cuda.amp.autocast(args...)` is deprecated. Please use `torch.amp.autocast('cuda', args...)` instead.\n"}
,{"stream_name":"stderr","time":675.278331082,"data":"  with torch.cuda.amp.autocast(enabled=DEVICE.type == \"cuda\", dtype=torch.float16):\n"}
,{"stream_name":"stderr","time":675.933367933,"data":"/kaggle/src/script.py:325: FutureWarning: `torch.cuda.amp.autocast(args...)` is deprecated. Please use `torch.amp.autocast('cuda', args...)` instead.\n"}
,{"stream_name":"stderr","time":675.933429653,"data":"  with torch.cuda.amp.autocast(enabled=DEVICE.type == \"cuda\", dtype=torch.float16):\n"}
,{"stream_name":"stderr","time":676.56296236,"data":"/kaggle/src/script.py:325: FutureWarning: `torch.cuda.amp.autocast(args...)` is deprecated. Please use `torch.amp.autocast('cuda', args...)` instead.\n"}
,{"stream_name":"stderr","time":676.562999676,"data":"  with torch.cuda.amp.autocast(enabled=DEVICE.type == \"cuda\", dtype=torch.float16):\n"}
,{"stream_name":"stderr","time":677.214422308,"data":"/kaggle/src/script.py:325: FutureWarning: `torch.cuda.amp.autocast(args...)` is deprecated. Please use `torch.amp.autocast('cuda', args...)` instead.\n"}
,{"stream_name":"stderr","time":677.214465977,"data":"  with torch.cuda.amp.autocast(enabled=DEVICE.type == \"cuda\", dtype=torch.float16):\n"}
,{"stream_name":"stderr","time":677.825888917,"data":"/kaggle/src/script.py:325: FutureWarning: `torch.cuda.amp.autocast(args...)` is deprecated. Please use `torch.amp.autocast('cuda', args...)` instead.\n"}
,{"stream_name":"stderr","time":677.825943497,"data":"  with torch.cuda.amp.autocast(enabled=DEVICE.type == \"cuda\", dtype=torch.float16):\n"}
,{"stream_name":"stderr","time":678.441442635,"data":"/kaggle/src/script.py:325: FutureWarning: `torch.cuda.amp.autocast(args...)` is deprecated. Please use `torch.amp.autocast('cuda', args...)` instead.\n"}
,{"stream_name":"stderr","time":678.441486348,"data":"  with torch.cuda.amp.autocast(enabled=DEVICE.type == \"cuda\", dtype=torch.float16):\n"}
,{"stream_name":"stderr","time":679.064400043,"data":"/kaggle/src/script.py:325: FutureWarning: `torch.cuda.amp.autocast(args...)` is deprecated. Please use `torch.amp.autocast('cuda', args...)` instead.\n"}
,{"stream_name":"stderr","time":679.064450537,"data":"  with torch.cuda.amp.autocast(enabled=DEVICE.type == \"cuda\", dtype=torch.float16):\n"}
,{"stream_name":"stderr","time":679.480551665,"data":"/kaggle/src/script.py:325: FutureWarning: `torch.cuda.amp.autocast(args...)` is deprecated. Please use `torch.amp.autocast('cuda', args...)` instead.\n"}
,{"stream_name":"stderr","time":679.480590763,"data":"  with torch.cuda.amp.autocast(enabled=DEVICE.type == \"cuda\", dtype=torch.float16):\n"}
,{"stream_name":"stderr","time":679.936804512,"data":"/kaggle/src/script.py:325: FutureWarning: `torch.cuda.amp.autocast(args...)` is deprecated. Please use `torch.amp.autocast('cuda', args...)` instead.\n"}
,{"stream_name":"stderr","time":679.936843189,"data":"  with torch.cuda.amp.autocast(enabled=DEVICE.type == \"cuda\", dtype=torch.float16):\n"}
,{"stream_name":"stderr","time":680.364005197,"data":"/kaggle/src/script.py:325: FutureWarning: `torch.cuda.amp.autocast(args...)` is deprecated. Please use `torch.amp.autocast('cuda', args...)` instead.\n"}
,{"stream_name":"stderr","time":680.364048768,"data":"  with torch.cuda.amp.autocast(enabled=DEVICE.type == \"cuda\", dtype=torch.float16):\n"}
,{"stream_name":"stdout","time":680.77572832,"data":"epoch=4 session=10/213 step=218 loss=2.2469 ce=1.3029 rank=0.7595 struct=1.3564\n"}
,{"stream_name":"stderr","time":680.777013699,"data":"/kaggle/src/script.py:325: FutureWarning: `torch.cuda.amp.autocast(args...)` is deprecated. Please use `torch.amp.autocast('cuda', args...)` instead.\n"}
,{"stream_name":"stderr","time":680.777135601,"data":"  with torch.cuda.amp.autocast(enabled=DEVICE.type == \"cuda\", dtype=torch.float16):\n"}
,{"stream_name":"stderr","time":681.381159016,"data":"/kaggle/src/script.py:325: FutureWarning: `torch.cuda.amp.autocast(args...)` is deprecated. Please use `torch.amp.autocast('cuda', args...)` instead.\n"}
,{"stream_name":"stderr","time":681.381216368,"data":"  with torch.cuda.amp.autocast(enabled=DEVICE.type == \"cuda\", dtype=torch.float16):\n"}
,{"stream_name":"stderr","time":682.018372773,"data":"/kaggle/src/script.py:325: FutureWarning: `torch.cuda.amp.autocast(args...)` is deprecated. Please use `torch.amp.autocast('cuda', args...)` instead.\n"}
,{"stream_name":"stderr","time":682.018446554,"data":"  with torch.cuda.amp.autocast(enabled=DEVICE.type == \"cuda\", dtype=torch.float16):\n"}
,{"stream_name":"stderr","time":682.660941587,"data":"/kaggle/src/script.py:325: FutureWarning: `torch.cuda.amp.autocast(args...)` is deprecated. Please use `torch.amp.autocast('cuda', args...)` instead.\n"}
,{"stream_name":"stderr","time":682.660992293,"data":"  with torch.cuda.amp.autocast(enabled=DEVICE.type == \"cuda\", dtype=torch.float16):\n"}
,{"stream_name":"stderr","time":683.289780471,"data":"/kaggle/src/script.py:325: FutureWarning: `torch.cuda.amp.autocast(args...)` is deprecated. Please use `torch.amp.autocast('cuda', args...)` instead.\n"}
,{"stream_name":"stderr","time":683.289819389,"data":"  with torch.cuda.amp.autocast(enabled=DEVICE.type == \"cuda\", dtype=torch.float16):\n"}
,{"stream_name":"stderr","time":683.935303773,"data":"/kaggle/src/script.py:325: FutureWarning: `torch.cuda.amp.autocast(args...)` is deprecated. Please use `torch.amp.autocast('cuda', args...)` instead.\n"}
,{"stream_name":"stderr","time":683.935339855,"data":"  with torch.cuda.amp.autocast(enabled=DEVICE.type == \"cuda\", dtype=torch.float16):\n"}
,{"stream_name":"stderr","time":684.359162781,"data":"/kaggle/src/script.py:325: FutureWarning: `torch.cuda.amp.autocast(args...)` is deprecated. Please use `torch.amp.autocast('cuda', args...)` instead.\n"}
,{"stream_name":"stderr","time":684.359221751,"data":"  with torch.cuda.amp.autocast(enabled=DEVICE.type == \"cuda\", dtype=torch.float16):\n"}
,{"stream_name":"stderr","time":684.817267522,"data":"/kaggle/src/script.py:325: FutureWarning: `torch.cuda.amp.autocast(args...)` is deprecated. Please use `torch.amp.autocast('cuda', args...)` instead.\n"}
,{"stream_name":"stderr","time":684.817344736,"data":"  with torch.cuda.amp.autocast(enabled=DEVICE.type == \"cuda\", dtype=torch.float16):\n"}
,{"stream_name":"stderr","time":685.44756571,"data":"/kaggle/src/script.py:325: FutureWarning: `torch.cuda.amp.autocast(args...)` is deprecated. Please use `torch.amp.autocast('cuda', args...)` instead.\n"}
,{"stream_name":"stderr","time":685.447622751,"data":"  with torch.cuda.amp.autocast(enabled=DEVICE.type == \"cuda\", dtype=torch.float16):\n"}
,{"stream_name":"stderr","time":686.068700856,"data":"/kaggle/src/script.py:325: FutureWarning: `torch.cuda.amp.autocast(args...)` is deprecated. Please use `torch.amp.autocast('cuda', args...)` instead.\n"}
,{"stream_name":"stderr","time":686.068741113,"data":"  with torch.cuda.amp.autocast(enabled=DEVICE.type == \"cuda\", dtype=torch.float16):\n"}
,{"stream_name":"stdout","time":686.664944638,"data":"epoch=4 session=20/213 step=221 loss=1.9628 ce=1.3416 rank=0.7211 struct=0.7377\n"}
,{"stream_name":"stderr","time":686.665953909,"data":"/kaggle/src/script.py:325: FutureWarning: `torch.cuda.amp.autocast(args...)` is deprecated. Please use `torch.amp.autocast('cuda', args...)` instead.\n"}
,{"stream_name":"stderr","time":686.66598099,"data":"  with torch.cuda.amp.autocast(enabled=DEVICE.type == \"cuda\", dtype=torch.float16):\n"}
,{"stream_name":"stderr","time":687.086561778,"data":"/kaggle/src/script.py:325: FutureWarning: `torch.cuda.amp.autocast(args...)` is deprecated. Please use `torch.amp.autocast('cuda', args...)` instead.\n"}
,{"stream_name":"stderr","time":687.086598799,"data":"  with torch.cuda.amp.autocast(enabled=DEVICE.type == \"cuda\", dtype=torch.float16):\n"}
,{"stream_name":"stderr","time":687.688504762,"data":"/kaggle/src/script.py:325: FutureWarning: `torch.cuda.amp.autocast(args...)` is deprecated. Please use `torch.amp.autocast('cuda', args...)` instead.\n"}
,{"stream_name":"stderr","time":687.688566027,"data":"  with torch.cuda.amp.autocast(enabled=DEVICE.type == \"cuda\", dtype=torch.float16):\n"}
,{"stream_name":"stderr","time":688.317259868,"data":"/kaggle/src/script.py:325: FutureWarning: `torch.cuda.amp.autocast(args...)` is deprecated. Please use `torch.amp.autocast('cuda', args...)` instead.\n"}
,{"stream_name":"stderr","time":688.317330325,"data":"  with torch.cuda.amp.autocast(enabled=DEVICE.type == \"cuda\", dtype=torch.float16):\n"}
,{"stream_name":"stderr","time":688.92772157,"data":"/kaggle/src/script.py:325: FutureWarning: `torch.cuda.amp.autocast(args...)` is deprecated. Please use `torch.amp.autocast('cuda', args...)` instead.\n"}
,{"stream_name":"stderr","time":688.927760875,"data":"  with torch.cuda.amp.autocast(enabled=DEVICE.type == \"cuda\", dtype=torch.float16):\n"}
,{"stream_name":"stderr","time":689.410174931,"data":"/kaggle/src/script.py:325: FutureWarning: `torch.cuda.amp.autocast(args...)` is deprecated. Please use `torch.amp.autocast('cuda', args...)` instead.\n"}
,{"stream_name":"stderr","time":689.410216216,"data":"  with torch.cuda.amp.autocast(enabled=DEVICE.type == \"cuda\", dtype=torch.float16):\n"}
,{"stream_name":"stderr","time":689.828081177,"data":"/kaggle/src/script.py:325: FutureWarning: `torch.cuda.amp.autocast(args...)` is deprecated. Please use `torch.amp.autocast('cuda', args...)` instead.\n"}
,{"stream_name":"stderr","time":689.828143452,"data":"  with torch.cuda.amp.autocast(enabled=DEVICE.type == \"cuda\", dtype=torch.float16):\n"}
,{"stream_name":"stderr","time":690.399797665,"data":"/kaggle/src/script.py:325: FutureWarning: `torch.cuda.amp.autocast(args...)` is deprecated. Please use `torch.amp.autocast('cuda', args...)` instead.\n"}
,{"stream_name":"stderr","time":690.399844221,"data":"  with torch.cuda.amp.autocast(enabled=DEVICE.type == \"cuda\", dtype=torch.float16):\n"}
,{"stream_name":"stderr","time":690.841324635,"data":"/kaggle/src/script.py:325: FutureWarning: `torch.cuda.amp.autocast(args...)` is deprecated. Please use `torch.amp.autocast('cuda', args...)` instead.\n"}
,{"stream_name":"stderr","time":690.841370149,"data":"  with torch.cuda.amp.autocast(enabled=DEVICE.type == \"cuda\", dtype=torch.float16):\n"}
,{"stream_name":"stderr","time":691.294436172,"data":"/kaggle/src/script.py:325: FutureWarning: `torch.cuda.amp.autocast(args...)` is deprecated. Please use `torch.amp.autocast('cuda', args...)` instead.\n"}
,{"stream_name":"stderr","time":691.294476992,"data":"  with torch.cuda.amp.autocast(enabled=DEVICE.type == \"cuda\", dtype=torch.float16):\n"}
,{"stream_name":"stdout","time":691.715484816,"data":"epoch=4 session=30/213 step=223 loss=2.1411 ce=1.3266 rank=0.7718 struct=1.0888\n"}
,{"stream_name":"stderr","time":691.716684025,"data":"/kaggle/src/script.py:325: FutureWarning: `torch.cuda.amp.autocast(args...)` is deprecated. Please use `torch.amp.autocast('cuda', args...)` instead.\n"}
,{"stream_name":"stderr","time":691.716701843,"data":"  with torch.cuda.amp.autocast(enabled=DEVICE.type == \"cuda\", dtype=torch.float16):\n"}
,{"stream_name":"stderr","time":692.167584696,"data":"/kaggle/src/script.py:325: FutureWarning: `torch.cuda.amp.autocast(args...)` is deprecated. Please use `torch.amp.autocast('cuda', args...)` instead.\n"}
,{"stream_name":"stderr","time":692.167622062,"data":"  with torch.cuda.amp.autocast(enabled=DEVICE.type == \"cuda\", dtype=torch.float16):\n"}
,{"stream_name":"stderr","time":692.596348948,"data":"/kaggle/src/script.py:325: FutureWarning: `torch.cuda.amp.autocast(args...)` is deprecated. Please use `torch.amp.autocast('cuda', args...)` instead.\n"}
,{"stream_name":"stderr","time":692.59638424,"data":"  with torch.cuda.amp.autocast(enabled=DEVICE.type == \"cuda\", dtype=torch.float16):\n"}
,{"stream_name":"stderr","time":693.218835541,"data":"/kaggle/src/script.py:325: FutureWarning: `torch.cuda.amp.autocast(args...)` is deprecated. Please use `torch.amp.autocast('cuda', args...)` instead.\n"}
,{"stream_name":"stderr","time":693.218908094,"data":"  with torch.cuda.amp.autocast(enabled=DEVICE.type == \"cuda\", dtype=torch.float16):\n"}
,{"stream_name":"stderr","time":693.688744972,"data":"/kaggle/src/script.py:325: FutureWarning: `torch.cuda.amp.autocast(args...)` is deprecated. Please use `torch.amp.autocast('cuda', args...)` instead.\n"}
,{"stream_name":"stderr","time":693.688785568,"data":"  with torch.cuda.amp.autocast(enabled=DEVICE.type == \"cuda\", dtype=torch.float16):\n"}
,{"stream_name":"stderr","time":694.103962153,"data":"/kaggle/src/script.py:325: FutureWarning: `torch.cuda.amp.autocast(args...)` is deprecated. Please use `torch.amp.autocast('cuda', args...)` instead.\n"}
,{"stream_name":"stderr","time":694.104001906,"data":"  with torch.cuda.amp.autocast(enabled=DEVICE.type == \"cuda\", dtype=torch.float16):\n"}
,{"stream_name":"stderr","time":694.674625147,"data":"/kaggle/src/script.py:325: FutureWarning: `torch.cuda.amp.autocast(args...)` is deprecated. Please use `torch.amp.autocast('cuda', args...)` instead.\n"}
,{"stream_name":"stderr","time":694.674662982,"data":"  with torch.cuda.amp.autocast(enabled=DEVICE.type == \"cuda\", dtype=torch.float16):\n"}
,{"stream_name":"stderr","time":695.279549606,"data":"/kaggle/src/script.py:325: FutureWarning: `torch.cuda.amp.autocast(args...)` is deprecated. Please use `torch.amp.autocast('cuda', args...)` instead.\n"}
,{"stream_name":"stderr","time":695.279600063,"data":"  with torch.cuda.amp.autocast(enabled=DEVICE.type == \"cuda\", dtype=torch.float16):\n"}
,{"stream_name":"stderr","time":695.73872683,"data":"/kaggle/src/script.py:325: FutureWarning: `torch.cuda.amp.autocast(args...)` is deprecated. Please use `torch.amp.autocast('cuda', args...)` instead.\n"}
,{"stream_name":"stderr","time":695.738770518,"data":"  with torch.cuda.amp.autocast(enabled=DEVICE.type == \"cuda\", dtype=torch.float16):\n"}
,{"stream_name":"stderr","time":696.195877083,"data":"/kaggle/src/script.py:325: FutureWarning: `torch.cuda.amp.autocast(args...)` is deprecated. Please use `torch.amp.autocast('cuda', args...)` instead.\n"}
,{"stream_name":"stderr","time":696.195927421,"data":"  with torch.cuda.amp.autocast(enabled=DEVICE.type == \"cuda\", dtype=torch.float16):\n"}
,{"stream_name":"stdout","time":696.617356206,"data":"epoch=4 session=40/213 step=226 loss=2.0664 ce=1.2196 rank=0.7857 struct=1.1434\n"}
,{"stream_name":"stderr","time":696.618501976,"data":"/kaggle/src/script.py:325: FutureWarning: `torch.cuda.amp.autocast(args...)` is deprecated. Please use `torch.amp.autocast('cuda', args...)` instead.\n"}
,{"stream_name":"stderr","time":696.618523344,"data":"  with torch.cuda.amp.autocast(enabled=DEVICE.type == \"cuda\", dtype=torch.float16):\n"}
,{"stream_name":"stderr","time":697.250369412,"data":"/kaggle/src/script.py:325: FutureWarning: `torch.cuda.amp.autocast(args...)` is deprecated. Please use `torch.amp.autocast('cuda', args...)` instead.\n"}
,{"stream_name":"stderr","time":697.250410357,"data":"  with torch.cuda.amp.autocast(enabled=DEVICE.type == \"cuda\", dtype=torch.float16):\n"}
,{"stream_name":"stderr","time":697.692675663,"data":"/kaggle/src/script.py:325: FutureWarning: `torch.cuda.amp.autocast(args...)` is deprecated. Please use `torch.amp.autocast('cuda', args...)` instead.\n"}
,{"stream_name":"stderr","time":697.692714615,"data":"  with torch.cuda.amp.autocast(enabled=DEVICE.type == \"cuda\", dtype=torch.float16):\n"}
,{"stream_name":"stderr","time":698.120628392,"data":"/kaggle/src/script.py:325: FutureWarning: `torch.cuda.amp.autocast(args...)` is deprecated. Please use `torch.amp.autocast('cuda', args...)` instead.\n"}
,{"stream_name":"stderr","time":698.120697235,"data":"  with torch.cuda.amp.autocast(enabled=DEVICE.type == \"cuda\", dtype=torch.float16):\n"}
,{"stream_name":"stderr","time":698.548384642,"data":"/kaggle/src/script.py:325: FutureWarning: `torch.cuda.amp.autocast(args...)` is deprecated. Please use `torch.amp.autocast('cuda', args...)` instead.\n"}
,{"stream_name":"stderr","time":698.548420721,"data":"  with torch.cuda.amp.autocast(enabled=DEVICE.type == \"cuda\", dtype=torch.float16):\n"}
,{"stream_name":"stderr","time":699.172809335,"data":"/kaggle/src/script.py:325: FutureWarning: `torch.cuda.amp.autocast(args...)` is deprecated. Please use `torch.amp.autocast('cuda', args...)` instead.\n"}
,{"stream_name":"stderr","time":699.172846701,"data":"  with torch.cuda.amp.autocast(enabled=DEVICE.type == \"cuda\", dtype=torch.float16):\n"}
,{"stream_name":"stderr","time":699.629450021,"data":"/kaggle/src/script.py:325: FutureWarning: `torch.cuda.amp.autocast(args...)` is deprecated. Please use `torch.amp.autocast('cuda', args...)` instead.\n"}
,{"stream_name":"stderr","time":699.629488552,"data":"  with torch.cuda.amp.autocast(enabled=DEVICE.type == \"cuda\", dtype=torch.float16):\n"}
,{"stream_name":"stderr","time":700.041141793,"data":"/kaggle/src/script.py:325: FutureWarning: `torch.cuda.amp.autocast(args...)` is deprecated. Please use `torch.amp.autocast('cuda', args...)` instead.\n"}
,{"stream_name":"stderr","time":700.041176938,"data":"  with torch.cuda.amp.autocast(enabled=DEVICE.type == \"cuda\", dtype=torch.float16):\n"}
,{"stream_name":"stderr","time":700.506215946,"data":"/kaggle/src/script.py:325: FutureWarning: `torch.cuda.amp.autocast(args...)` is deprecated. Please use `torch.amp.autocast('cuda', args...)` instead.\n"}
,{"stream_name":"stderr","time":700.506254809,"data":"  with torch.cuda.amp.autocast(enabled=DEVICE.type == \"cuda\", dtype=torch.float16):\n"}
,{"stream_name":"stderr","time":700.919884797,"data":"/kaggle/src/script.py:325: FutureWarning: `torch.cuda.amp.autocast(args...)` is deprecated. Please use `torch.amp.autocast('cuda', args...)` instead.\n"}
,{"stream_name":"stderr","time":700.919930625,"data":"  with torch.cuda.amp.autocast(enabled=DEVICE.type == \"cuda\", dtype=torch.float16):\n"}
,{"stream_name":"stdout","time":701.392406131,"data":"epoch=4 session=50/213 step=228 loss=2.1728 ce=1.2910 rank=0.7043 struct=1.2706\n"}
,{"stream_name":"stderr","time":701.393592104,"data":"/kaggle/src/script.py:325: FutureWarning: `torch.cuda.amp.autocast(args...)` is deprecated. Please use `torch.amp.autocast('cuda', args...)` instead.\n"}
,{"stream_name":"stderr","time":701.39360869,"data":"  with torch.cuda.amp.autocast(enabled=DEVICE.type == \"cuda\", dtype=torch.float16):\n"}
,{"stream_name":"stderr","time":701.998579012,"data":"/kaggle/src/script.py:325: FutureWarning: `torch.cuda.amp.autocast(args...)` is deprecated. Please use `torch.amp.autocast('cuda', args...)` instead.\n"}
,{"stream_name":"stderr","time":701.998618648,"data":"  with torch.cuda.amp.autocast(enabled=DEVICE.type == \"cuda\", dtype=torch.float16):\n"}
,{"stream_name":"stderr","time":702.476002352,"data":"/kaggle/src/script.py:325: FutureWarning: `torch.cuda.amp.autocast(args...)` is deprecated. Please use `torch.amp.autocast('cuda', args...)` instead.\n"}
,{"stream_name":"stderr","time":702.476042805,"data":"  with torch.cuda.amp.autocast(enabled=DEVICE.type == \"cuda\", dtype=torch.float16):\n"}
,{"stream_name":"stderr","time":703.076516408,"data":"/kaggle/src/script.py:325: FutureWarning: `torch.cuda.amp.autocast(args...)` is deprecated. Please use `torch.amp.autocast('cuda', args...)` instead.\n"}
,{"stream_name":"stderr","time":703.07657276,"data":"  with torch.cuda.amp.autocast(enabled=DEVICE.type == \"cuda\", dtype=torch.float16):\n"}
,{"stream_name":"stderr","time":703.485091566,"data":"/kaggle/src/script.py:325: FutureWarning: `torch.cuda.amp.autocast(args...)` is deprecated. Please use `torch.amp.autocast('cuda', args...)` instead.\n"}
,{"stream_name":"stderr","time":703.485152895,"data":"  with torch.cuda.amp.autocast(enabled=DEVICE.type == \"cuda\", dtype=torch.float16):\n"}
,{"stream_name":"stderr","time":703.930566899,"data":"/kaggle/src/script.py:325: FutureWarning: `torch.cuda.amp.autocast(args...)` is deprecated. Please use `torch.amp.autocast('cuda', args...)` instead.\n"}
,{"stream_name":"stderr","time":703.930623402,"data":"  with torch.cuda.amp.autocast(enabled=DEVICE.type == \"cuda\", dtype=torch.float16):\n"}
,{"stream_name":"stderr","time":704.38525555,"data":"/kaggle/src/script.py:325: FutureWarning: `torch.cuda.amp.autocast(args...)` is deprecated. Please use `torch.amp.autocast('cuda', args...)` instead.\n"}
,{"stream_name":"stderr","time":704.385291825,"data":"  with torch.cuda.amp.autocast(enabled=DEVICE.type == \"cuda\", dtype=torch.float16):\n"}
,{"stream_name":"stderr","time":705.006108202,"data":"/kaggle/src/script.py:325: FutureWarning: `torch.cuda.amp.autocast(args...)` is deprecated. Please use `torch.amp.autocast('cuda', args...)` instead.\n"}
,{"stream_name":"stderr","time":705.006143254,"data":"  with torch.cuda.amp.autocast(enabled=DEVICE.type == \"cuda\", dtype=torch.float16):\n"}
,{"stream_name":"stderr","time":705.456384217,"data":"/kaggle/src/script.py:325: FutureWarning: `torch.cuda.amp.autocast(args...)` is deprecated. Please use `torch.amp.autocast('cuda', args...)` instead.\n"}
,{"stream_name":"stderr","time":705.456420517,"data":"  with torch.cuda.amp.autocast(enabled=DEVICE.type == \"cuda\", dtype=torch.float16):\n"}
,{"stream_name":"stderr","time":706.112426319,"data":"/kaggle/src/script.py:325: FutureWarning: `torch.cuda.amp.autocast(args...)` is deprecated. Please use `torch.amp.autocast('cuda', args...)` instead.\n"}
,{"stream_name":"stderr","time":706.112473715,"data":"  with torch.cuda.amp.autocast(enabled=DEVICE.type == \"cuda\", dtype=torch.float16):\n"}
,{"stream_name":"stdout","time":706.552801742,"data":"epoch=4 session=60/213 step=231 loss=2.2492 ce=1.4112 rank=0.6918 struct=1.1917\n"}
,{"stream_name":"stderr","time":706.553853556,"data":"/kaggle/src/script.py:325: FutureWarning: `torch.cuda.amp.autocast(args...)` is deprecated. Please use `torch.amp.autocast('cuda', args...)` instead.\n"}
,{"stream_name":"stderr","time":706.553879194,"data":"  with torch.cuda.amp.autocast(enabled=DEVICE.type == \"cuda\", dtype=torch.float16):\n"}
,{"stream_name":"stderr","time":706.986529911,"data":"/kaggle/src/script.py:325: FutureWarning: `torch.cuda.amp.autocast(args...)` is deprecated. Please use `torch.amp.autocast('cuda', args...)` instead.\n"}
,{"stream_name":"stderr","time":706.986569918,"data":"  with torch.cuda.amp.autocast(enabled=DEVICE.type == \"cuda\", dtype=torch.float16):\n"}
,{"stream_name":"stderr","time":707.562378508,"data":"/kaggle/src/script.py:325: FutureWarning: `torch.cuda.amp.autocast(args...)` is deprecated. Please use `torch.amp.autocast('cuda', args...)` instead.\n"}
,{"stream_name":"stderr","time":707.562433344,"data":"  with torch.cuda.amp.autocast(enabled=DEVICE.type == \"cuda\", dtype=torch.float16):\n"}
,{"stream_name":"stderr","time":708.208681605,"data":"/kaggle/src/script.py:325: FutureWarning: `torch.cuda.amp.autocast(args...)` is deprecated. Please use `torch.amp.autocast('cuda', args...)` instead.\n"}
,{"stream_name":"stderr","time":708.208720615,"data":"  with torch.cuda.amp.autocast(enabled=DEVICE.type == \"cuda\", dtype=torch.float16):\n"}
,{"stream_name":"stderr","time":708.867331996,"data":"/kaggle/src/script.py:325: FutureWarning: `torch.cuda.amp.autocast(args...)` is deprecated. Please use `torch.amp.autocast('cuda', args...)` instead.\n"}
,{"stream_name":"stderr","time":708.867403278,"data":"  with torch.cuda.amp.autocast(enabled=DEVICE.type == \"cuda\", dtype=torch.float16):\n"}
,{"stream_name":"stderr","time":709.33801614,"data":"/kaggle/src/script.py:325: FutureWarning: `torch.cuda.amp.autocast(args...)` is deprecated. Please use `torch.amp.autocast('cuda', args...)` instead.\n"}
,{"stream_name":"stderr","time":709.33805713,"data":"  with torch.cuda.amp.autocast(enabled=DEVICE.type == \"cuda\", dtype=torch.float16):\n"}
,{"stream_name":"stderr","time":709.956530449,"data":"/kaggle/src/script.py:325: FutureWarning: `torch.cuda.amp.autocast(args...)` is deprecated. Please use `torch.amp.autocast('cuda', args...)` instead.\n"}
,{"stream_name":"stderr","time":709.956592939,"data":"  with torch.cuda.amp.autocast(enabled=DEVICE.type == \"cuda\", dtype=torch.float16):\n"}
,{"stream_name":"stderr","time":710.401221946,"data":"/kaggle/src/script.py:325: FutureWarning: `torch.cuda.amp.autocast(args...)` is deprecated. Please use `torch.amp.autocast('cuda', args...)` instead.\n"}
,{"stream_name":"stderr","time":710.401260786,"data":"  with torch.cuda.amp.autocast(enabled=DEVICE.type == \"cuda\", dtype=torch.float16):\n"}
,{"stream_name":"stderr","time":710.862328059,"data":"/kaggle/src/script.py:325: FutureWarning: `torch.cuda.amp.autocast(args...)` is deprecated. Please use `torch.amp.autocast('cuda', args...)` instead.\n"}
,{"stream_name":"stderr","time":710.862369198,"data":"  with torch.cuda.amp.autocast(enabled=DEVICE.type == \"cuda\", dtype=torch.float16):\n"}
,{"stream_name":"stderr","time":711.484509212,"data":"/kaggle/src/script.py:325: FutureWarning: `torch.cuda.amp.autocast(args...)` is deprecated. Please use `torch.amp.autocast('cuda', args...)` instead.\n"}
,{"stream_name":"stderr","time":711.484554906,"data":"  with torch.cuda.amp.autocast(enabled=DEVICE.type == \"cuda\", dtype=torch.float16):\n"}
,{"stream_name":"stdout","time":711.935962961,"data":"epoch=4 session=70/213 step=233 loss=1.8953 ce=1.1199 rank=0.8092 struct=0.9845\n"}
,{"stream_name":"stderr","time":711.93697343,"data":"/kaggle/src/script.py:325: FutureWarning: `torch.cuda.amp.autocast(args...)` is deprecated. Please use `torch.amp.autocast('cuda', args...)` instead.\n"}
,{"stream_name":"stderr","time":711.936993452,"data":"  with torch.cuda.amp.autocast(enabled=DEVICE.type == \"cuda\", dtype=torch.float16):\n"}
,{"stream_name":"stderr","time":712.394546584,"data":"/kaggle/src/script.py:325: FutureWarning: `torch.cuda.amp.autocast(args...)` is deprecated. Please use `torch.amp.autocast('cuda', args...)` instead.\n"}
,{"stream_name":"stderr","time":712.394588565,"data":"  with torch.cuda.amp.autocast(enabled=DEVICE.type == \"cuda\", dtype=torch.float16):\n"}
,{"stream_name":"stderr","time":712.834012948,"data":"/kaggle/src/script.py:325: FutureWarning: `torch.cuda.amp.autocast(args...)` is deprecated. Please use `torch.amp.autocast('cuda', args...)` instead.\n"}
,{"stream_name":"stderr","time":712.834052396,"data":"  with torch.cuda.amp.autocast(enabled=DEVICE.type == \"cuda\", dtype=torch.float16):\n"}
,{"stream_name":"stderr","time":713.301091097,"data":"/kaggle/src/script.py:325: FutureWarning: `torch.cuda.amp.autocast(args...)` is deprecated. Please use `torch.amp.autocast('cuda', args...)` instead.\n"}
,{"stream_name":"stderr","time":713.301132847,"data":"  with torch.cuda.amp.autocast(enabled=DEVICE.type == \"cuda\", dtype=torch.float16):\n"}
,{"stream_name":"stderr","time":713.924233999,"data":"/kaggle/src/script.py:325: FutureWarning: `torch.cuda.amp.autocast(args...)` is deprecated. Please use `torch.amp.autocast('cuda', args...)` instead.\n"}
,{"stream_name":"stderr","time":713.924264105,"data":"  with torch.cuda.amp.autocast(enabled=DEVICE.type == \"cuda\", dtype=torch.float16):\n"}
,{"stream_name":"stderr","time":714.361365485,"data":"/kaggle/src/script.py:325: FutureWarning: `torch.cuda.amp.autocast(args...)` is deprecated. Please use `torch.amp.autocast('cuda', args...)` instead.\n"}
,{"stream_name":"stderr","time":714.361426475,"data":"  with torch.cuda.amp.autocast(enabled=DEVICE.type == \"cuda\", dtype=torch.float16):\n"}
,{"stream_name":"stderr","time":714.788837027,"data":"/kaggle/src/script.py:325: FutureWarning: `torch.cuda.amp.autocast(args...)` is deprecated. Please use `torch.amp.autocast('cuda', args...)` instead.\n"}
,{"stream_name":"stderr","time":714.788875479,"data":"  with torch.cuda.amp.autocast(enabled=DEVICE.type == \"cuda\", dtype=torch.float16):\n"}
,{"stream_name":"stderr","time":715.230925578,"data":"/kaggle/src/script.py:325: FutureWarning: `torch.cuda.amp.autocast(args...)` is deprecated. Please use `torch.amp.autocast('cuda', args...)` instead.\n"}
,{"stream_name":"stderr","time":715.230964939,"data":"  with torch.cuda.amp.autocast(enabled=DEVICE.type == \"cuda\", dtype=torch.float16):\n"}
,{"stream_name":"stderr","time":715.848245577,"data":"/kaggle/src/script.py:325: FutureWarning: `torch.cuda.amp.autocast(args...)` is deprecated. Please use `torch.amp.autocast('cuda', args...)` instead.\n"}
,{"stream_name":"stderr","time":715.848321724,"data":"  with torch.cuda.amp.autocast(enabled=DEVICE.type == \"cuda\", dtype=torch.float16):\n"}
,{"stream_name":"stderr","time":716.510905712,"data":"/kaggle/src/script.py:325: FutureWarning: `torch.cuda.amp.autocast(args...)` is deprecated. Please use `torch.amp.autocast('cuda', args...)` instead.\n"}
,{"stream_name":"stderr","time":716.510943791,"data":"  with torch.cuda.amp.autocast(enabled=DEVICE.type == \"cuda\", dtype=torch.float16):\n"}
,{"stream_name":"stdout","time":717.124236249,"data":"epoch=4 session=80/213 step=236 loss=2.0942 ce=1.2212 rank=0.7582 struct=1.2153\n"}
,{"stream_name":"stderr","time":717.125589762,"data":"/kaggle/src/script.py:325: FutureWarning: `torch.cuda.amp.autocast(args...)` is deprecated. Please use `torch.amp.autocast('cuda', args...)` instead.\n"}
,{"stream_name":"stderr","time":717.125608449,"data":"  with torch.cuda.amp.autocast(enabled=DEVICE.type == \"cuda\", dtype=torch.float16):\n"}
,{"stream_name":"stderr","time":717.72703468,"data":"/kaggle/src/script.py:325: FutureWarning: `torch.cuda.amp.autocast(args...)` is deprecated. Please use `torch.amp.autocast('cuda', args...)` instead.\n"}
,{"stream_name":"stderr","time":717.727082434,"data":"  with torch.cuda.amp.autocast(enabled=DEVICE.type == \"cuda\", dtype=torch.float16):\n"}
,{"stream_name":"stderr","time":718.361751966,"data":"/kaggle/src/script.py:325: FutureWarning: `torch.cuda.amp.autocast(args...)` is deprecated. Please use `torch.amp.autocast('cuda', args...)` instead.\n"}
,{"stream_name":"stderr","time":718.361791145,"data":"  with torch.cuda.amp.autocast(enabled=DEVICE.type == \"cuda\", dtype=torch.float16):\n"}
,{"stream_name":"stderr","time":718.79716773,"data":"/kaggle/src/script.py:325: FutureWarning: `torch.cuda.amp.autocast(args...)` is deprecated. Please use `torch.amp.autocast('cuda', args...)` instead.\n"}
,{"stream_name":"stderr","time":718.797206375,"data":"  with torch.cuda.amp.autocast(enabled=DEVICE.type == \"cuda\", dtype=torch.float16):\n"}
,{"stream_name":"stderr","time":719.248366298,"data":"/kaggle/src/script.py:325: FutureWarning: `torch.cuda.amp.autocast(args...)` is deprecated. Please use `torch.amp.autocast('cuda', args...)` instead.\n"}
,{"stream_name":"stderr","time":719.248396256,"data":"  with torch.cuda.amp.autocast(enabled=DEVICE.type == \"cuda\", dtype=torch.float16):\n"}
,{"stream_name":"stderr","time":719.689008632,"data":"/kaggle/src/script.py:325: FutureWarning: `torch.cuda.amp.autocast(args...)` is deprecated. Please use `torch.amp.autocast('cuda', args...)` instead.\n"}
,{"stream_name":"stderr","time":719.689078723,"data":"  with torch.cuda.amp.autocast(enabled=DEVICE.type == \"cuda\", dtype=torch.float16):\n"}
,{"stream_name":"stderr","time":720.292178169,"data":"/kaggle/src/script.py:325: FutureWarning: `torch.cuda.amp.autocast(args...)` is deprecated. Please use `torch.amp.autocast('cuda', args...)` instead.\n"}
,{"stream_name":"stderr","time":720.292226095,"data":"  with torch.cuda.amp.autocast(enabled=DEVICE.type == \"cuda\", dtype=torch.float16):\n"}
,{"stream_name":"stderr","time":720.734148833,"data":"/kaggle/src/script.py:325: FutureWarning: `torch.cuda.amp.autocast(args...)` is deprecated. Please use `torch.amp.autocast('cuda', args...)` instead.\n"}
,{"stream_name":"stderr","time":720.734181838,"data":"  with torch.cuda.amp.autocast(enabled=DEVICE.type == \"cuda\", dtype=torch.float16):\n"}
,{"stream_name":"stderr","time":721.362305078,"data":"/kaggle/src/script.py:325: FutureWarning: `torch.cuda.amp.autocast(args...)` is deprecated. Please use `torch.amp.autocast('cuda', args...)` instead.\n"}
,{"stream_name":"stderr","time":721.362367631,"data":"  with torch.cuda.amp.autocast(enabled=DEVICE.type == \"cuda\", dtype=torch.float16):\n"}
,{"stream_name":"stderr","time":721.985805387,"data":"/kaggle/src/script.py:325: FutureWarning: `torch.cuda.amp.autocast(args...)` is deprecated. Please use `torch.amp.autocast('cuda', args...)` instead.\n"}
,{"stream_name":"stderr","time":721.985845077,"data":"  with torch.cuda.amp.autocast(enabled=DEVICE.type == \"cuda\", dtype=torch.float16):\n"}
,{"stream_name":"stdout","time":722.655561653,"data":"epoch=4 session=90/213 step=238 loss=2.1073 ce=1.3253 rank=0.7204 struct=1.0597\n"}
,{"stream_name":"stderr","time":722.6568614,"data":"/kaggle/src/script.py:325: FutureWarning: `torch.cuda.amp.autocast(args...)` is deprecated. Please use `torch.amp.autocast('cuda', args...)` instead.\n"}
,{"stream_name":"stderr","time":722.656882053,"data":"  with torch.cuda.amp.autocast(enabled=DEVICE.type == \"cuda\", dtype=torch.float16):\n"}
,{"stream_name":"stderr","time":723.086510066,"data":"/kaggle/src/script.py:325: FutureWarning: `torch.cuda.amp.autocast(args...)` is deprecated. Please use `torch.amp.autocast('cuda', args...)` instead.\n"}
,{"stream_name":"stderr","time":723.086558284,"data":"  with torch.cuda.amp.autocast(enabled=DEVICE.type == \"cuda\", dtype=torch.float16):\n"}
,{"stream_name":"stderr","time":723.537168601,"data":"/kaggle/src/script.py:325: FutureWarning: `torch.cuda.amp.autocast(args...)` is deprecated. Please use `torch.amp.autocast('cuda', args...)` instead.\n"}
,{"stream_name":"stderr","time":723.537208437,"data":"  with torch.cuda.amp.autocast(enabled=DEVICE.type == \"cuda\", dtype=torch.float16):\n"}
,{"stream_name":"stderr","time":724.148115686,"data":"/kaggle/src/script.py:325: FutureWarning: `torch.cuda.amp.autocast(args...)` is deprecated. Please use `torch.amp.autocast('cuda', args...)` instead.\n"}
,{"stream_name":"stderr","time":724.148154416,"data":"  with torch.cuda.amp.autocast(enabled=DEVICE.type == \"cuda\", dtype=torch.float16):\n"}
,{"stream_name":"stderr","time":724.627835521,"data":"/kaggle/src/script.py:325: FutureWarning: `torch.cuda.amp.autocast(args...)` is deprecated. Please use `torch.amp.autocast('cuda', args...)` instead.\n"}
,{"stream_name":"stderr","time":724.627874102,"data":"  with torch.cuda.amp.autocast(enabled=DEVICE.type == \"cuda\", dtype=torch.float16):\n"}
,{"stream_name":"stderr","time":725.246553797,"data":"/kaggle/src/script.py:325: FutureWarning: `torch.cuda.amp.autocast(args...)` is deprecated. Please use `torch.amp.autocast('cuda', args...)` instead.\n"}
,{"stream_name":"stderr","time":725.24659351,"data":"  with torch.cuda.amp.autocast(enabled=DEVICE.type == \"cuda\", dtype=torch.float16):\n"}
,{"stream_name":"stderr","time":725.923432554,"data":"/kaggle/src/script.py:325: FutureWarning: `torch.cuda.amp.autocast(args...)` is deprecated. Please use `torch.amp.autocast('cuda', args...)` instead.\n"}
,{"stream_name":"stderr","time":725.923492597,"data":"  with torch.cuda.amp.autocast(enabled=DEVICE.type == \"cuda\", dtype=torch.float16):\n"}
,{"stream_name":"stderr","time":726.518148997,"data":"/kaggle/src/script.py:325: FutureWarning: `torch.cuda.amp.autocast(args...)` is deprecated. Please use `torch.amp.autocast('cuda', args...)` instead.\n"}
,{"stream_name":"stderr","time":726.518188591,"data":"  with torch.cuda.amp.autocast(enabled=DEVICE.type == \"cuda\", dtype=torch.float16):\n"}
,{"stream_name":"stderr","time":726.970082099,"data":"/kaggle/src/script.py:325: FutureWarning: `torch.cuda.amp.autocast(args...)` is deprecated. Please use `torch.amp.autocast('cuda', args...)` instead.\n"}
,{"stream_name":"stderr","time":726.970123732,"data":"  with torch.cuda.amp.autocast(enabled=DEVICE.type == \"cuda\", dtype=torch.float16):\n"}
,{"stream_name":"stderr","time":727.422429723,"data":"/kaggle/src/script.py:325: FutureWarning: `torch.cuda.amp.autocast(args...)` is deprecated. Please use `torch.amp.autocast('cuda', args...)` instead.\n"}
,{"stream_name":"stderr","time":727.422465662,"data":"  with torch.cuda.amp.autocast(enabled=DEVICE.type == \"cuda\", dtype=torch.float16):\n"}
,{"stream_name":"stdout","time":727.84014774,"data":"epoch=4 session=100/213 step=241 loss=2.3057 ce=1.3980 rank=0.6942 struct=1.3295\n"}
,{"stream_name":"stderr","time":727.841440208,"data":"/kaggle/src/script.py:325: FutureWarning: `torch.cuda.amp.autocast(args...)` is deprecated. Please use `torch.amp.autocast('cuda', args...)` instead.\n"}
,{"stream_name":"stderr","time":727.841460288,"data":"  with torch.cuda.amp.autocast(enabled=DEVICE.type == \"cuda\", dtype=torch.float16):\n"}
,{"stream_name":"stderr","time":728.316765933,"data":"/kaggle/src/script.py:325: FutureWarning: `torch.cuda.amp.autocast(args...)` is deprecated. Please use `torch.amp.autocast('cuda', args...)` instead.\n"}
,{"stream_name":"stderr","time":728.31682951,"data":"  with torch.cuda.amp.autocast(enabled=DEVICE.type == \"cuda\", dtype=torch.float16):\n"}
,{"stream_name":"stderr","time":728.76280197,"data":"/kaggle/src/script.py:325: FutureWarning: `torch.cuda.amp.autocast(args...)` is deprecated. Please use `torch.amp.autocast('cuda', args...)` instead.\n"}
,{"stream_name":"stderr","time":728.762846092,"data":"  with torch.cuda.amp.autocast(enabled=DEVICE.type == \"cuda\", dtype=torch.float16):\n"}
,{"stream_name":"stderr","time":729.19227259,"data":"/kaggle/src/script.py:325: FutureWarning: `torch.cuda.amp.autocast(args...)` is deprecated. Please use `torch.amp.autocast('cuda', args...)` instead.\n"}
,{"stream_name":"stderr","time":729.192337284,"data":"  with torch.cuda.amp.autocast(enabled=DEVICE.type == \"cuda\", dtype=torch.float16):\n"}
,{"stream_name":"stderr","time":729.795789169,"data":"/kaggle/src/script.py:325: FutureWarning: `torch.cuda.amp.autocast(args...)` is deprecated. Please use `torch.amp.autocast('cuda', args...)` instead.\n"}
,{"stream_name":"stderr","time":729.795826643,"data":"  with torch.cuda.amp.autocast(enabled=DEVICE.type == \"cuda\", dtype=torch.float16):\n"}
,{"stream_name":"stderr","time":730.415023282,"data":"/kaggle/src/script.py:325: FutureWarning: `torch.cuda.amp.autocast(args...)` is deprecated. Please use `torch.amp.autocast('cuda', args...)` instead.\n"}
,{"stream_name":"stderr","time":730.415066459,"data":"  with torch.cuda.amp.autocast(enabled=DEVICE.type == \"cuda\", dtype=torch.float16):\n"}
,{"stream_name":"stderr","time":731.054323125,"data":"/kaggle/src/script.py:325: FutureWarning: `torch.cuda.amp.autocast(args...)` is deprecated. Please use `torch.amp.autocast('cuda', args...)` instead.\n"}
,{"stream_name":"stderr","time":731.054384959,"data":"  with torch.cuda.amp.autocast(enabled=DEVICE.type == \"cuda\", dtype=torch.float16):\n"}
,{"stream_name":"stderr","time":731.727060049,"data":"/kaggle/src/script.py:325: FutureWarning: `torch.cuda.amp.autocast(args...)` is deprecated. Please use `torch.amp.autocast('cuda', args...)` instead.\n"}
,{"stream_name":"stderr","time":731.727214904,"data":"  with torch.cuda.amp.autocast(enabled=DEVICE.type == \"cuda\", dtype=torch.float16):\n"}
,{"stream_name":"stderr","time":732.169917057,"data":"/kaggle/src/script.py:325: FutureWarning: `torch.cuda.amp.autocast(args...)` is deprecated. Please use `torch.amp.autocast('cuda', args...)` instead.\n"}
,{"stream_name":"stderr","time":732.169993656,"data":"  with torch.cuda.amp.autocast(enabled=DEVICE.type == \"cuda\", dtype=torch.float16):\n"}
,{"stream_name":"stderr","time":732.780612115,"data":"/kaggle/src/script.py:325: FutureWarning: `torch.cuda.amp.autocast(args...)` is deprecated. Please use `torch.amp.autocast('cuda', args...)` instead.\n"}
,{"stream_name":"stderr","time":732.780648598,"data":"  with torch.cuda.amp.autocast(enabled=DEVICE.type == \"cuda\", dtype=torch.float16):\n"}
,{"stream_name":"stdout","time":733.241023355,"data":"epoch=4 session=110/213 step=243 loss=2.4999 ce=1.4902 rank=0.7467 struct=1.4967\n"}
,{"stream_name":"stderr","time":733.24261443,"data":"/kaggle/src/script.py:325: FutureWarning: `torch.cuda.amp.autocast(args...)` is deprecated. Please use `torch.amp.autocast('cuda', args...)` instead.\n"}
,{"stream_name":"stderr","time":733.24265784,"data":"  with torch.cuda.amp.autocast(enabled=DEVICE.type == \"cuda\", dtype=torch.float16):\n"}
,{"stream_name":"stderr","time":733.718139152,"data":"/kaggle/src/script.py:325: FutureWarning: `torch.cuda.amp.autocast(args...)` is deprecated. Please use `torch.amp.autocast('cuda', args...)` instead.\n"}
,{"stream_name":"stderr","time":733.718178397,"data":"  with torch.cuda.amp.autocast(enabled=DEVICE.type == \"cuda\", dtype=torch.float16):\n"}
,{"stream_name":"stderr","time":734.312482312,"data":"/kaggle/src/script.py:325: FutureWarning: `torch.cuda.amp.autocast(args...)` is deprecated. Please use `torch.amp.autocast('cuda', args...)` instead.\n"}
,{"stream_name":"stderr","time":734.312533317,"data":"  with torch.cuda.amp.autocast(enabled=DEVICE.type == \"cuda\", dtype=torch.float16):\n"}
,{"stream_name":"stderr","time":734.968690509,"data":"/kaggle/src/script.py:325: FutureWarning: `torch.cuda.amp.autocast(args...)` is deprecated. Please use `torch.amp.autocast('cuda', args...)` instead.\n"}
,{"stream_name":"stderr","time":734.968733435,"data":"  with torch.cuda.amp.autocast(enabled=DEVICE.type == \"cuda\", dtype=torch.float16):\n"}
,{"stream_name":"stderr","time":735.646677552,"data":"/kaggle/src/script.py:325: FutureWarning: `torch.cuda.amp.autocast(args...)` is deprecated. Please use `torch.amp.autocast('cuda', args...)` instead.\n"}
,{"stream_name":"stderr","time":735.646716725,"data":"  with torch.cuda.amp.autocast(enabled=DEVICE.type == \"cuda\", dtype=torch.float16):\n"}
,{"stream_name":"stderr","time":736.115332763,"data":"/kaggle/src/script.py:325: FutureWarning: `torch.cuda.amp.autocast(args...)` is deprecated. Please use `torch.amp.autocast('cuda', args...)` instead.\n"}
,{"stream_name":"stderr","time":736.115364034,"data":"  with torch.cuda.amp.autocast(enabled=DEVICE.type == \"cuda\", dtype=torch.float16):\n"}
,{"stream_name":"stderr","time":736.524741519,"data":"/kaggle/src/script.py:325: FutureWarning: `torch.cuda.amp.autocast(args...)` is deprecated. Please use `torch.amp.autocast('cuda', args...)` instead.\n"}
,{"stream_name":"stderr","time":736.524780513,"data":"  with torch.cuda.amp.autocast(enabled=DEVICE.type == \"cuda\", dtype=torch.float16):\n"}
,{"stream_name":"stderr","time":736.968655041,"data":"/kaggle/src/script.py:325: FutureWarning: `torch.cuda.amp.autocast(args...)` is deprecated. Please use `torch.amp.autocast('cuda', args...)` instead.\n"}
,{"stream_name":"stderr","time":736.968693573,"data":"  with torch.cuda.amp.autocast(enabled=DEVICE.type == \"cuda\", dtype=torch.float16):\n"}
,{"stream_name":"stderr","time":737.400361,"data":"/kaggle/src/script.py:325: FutureWarning: `torch.cuda.amp.autocast(args...)` is deprecated. Please use `torch.amp.autocast('cuda', args...)` instead.\n"}
,{"stream_name":"stderr","time":737.40040136,"data":"  with torch.cuda.amp.autocast(enabled=DEVICE.type == \"cuda\", dtype=torch.float16):\n"}
,{"stream_name":"stderr","time":738.047638745,"data":"/kaggle/src/script.py:325: FutureWarning: `torch.cuda.amp.autocast(args...)` is deprecated. Please use `torch.amp.autocast('cuda', args...)` instead.\n"}
,{"stream_name":"stderr","time":738.047676267,"data":"  with torch.cuda.amp.autocast(enabled=DEVICE.type == \"cuda\", dtype=torch.float16):\n"}
,{"stream_name":"stdout","time":738.731056071,"data":"epoch=4 session=120/213 step=246 loss=2.1139 ce=1.2949 rank=0.7480 struct=1.1144\n"}
,{"stream_name":"stderr","time":738.732113926,"data":"/kaggle/src/script.py:325: FutureWarning: `torch.cuda.amp.autocast(args...)` is deprecated. Please use `torch.amp.autocast('cuda', args...)` instead.\n"}
,{"stream_name":"stderr","time":738.732129624,"data":"  with torch.cuda.amp.autocast(enabled=DEVICE.type == \"cuda\", dtype=torch.float16):\n"}
,{"stream_name":"stderr","time":739.205323384,"data":"/kaggle/src/script.py:325: FutureWarning: `torch.cuda.amp.autocast(args...)` is deprecated. Please use `torch.amp.autocast('cuda', args...)` instead.\n"}
,{"stream_name":"stderr","time":739.205358777,"data":"  with torch.cuda.amp.autocast(enabled=DEVICE.type == \"cuda\", dtype=torch.float16):\n"}
,{"stream_name":"stderr","time":739.850689109,"data":"/kaggle/src/script.py:325: FutureWarning: `torch.cuda.amp.autocast(args...)` is deprecated. Please use `torch.amp.autocast('cuda', args...)` instead.\n"}
,{"stream_name":"stderr","time":739.850737474,"data":"  with torch.cuda.amp.autocast(enabled=DEVICE.type == \"cuda\", dtype=torch.float16):\n"}
,{"stream_name":"stderr","time":740.447706728,"data":"/kaggle/src/script.py:325: FutureWarning: `torch.cuda.amp.autocast(args...)` is deprecated. Please use `torch.amp.autocast('cuda', args...)` instead.\n"}
,{"stream_name":"stderr","time":740.447745601,"data":"  with torch.cuda.amp.autocast(enabled=DEVICE.type == \"cuda\", dtype=torch.float16):\n"}
,{"stream_name":"stderr","time":741.079992934,"data":"/kaggle/src/script.py:325: FutureWarning: `torch.cuda.amp.autocast(args...)` is deprecated. Please use `torch.amp.autocast('cuda', args...)` instead.\n"}
,{"stream_name":"stderr","time":741.080047122,"data":"  with torch.cuda.amp.autocast(enabled=DEVICE.type == \"cuda\", dtype=torch.float16):\n"}
,{"stream_name":"stderr","time":741.707393907,"data":"/kaggle/src/script.py:325: FutureWarning: `torch.cuda.amp.autocast(args...)` is deprecated. Please use `torch.amp.autocast('cuda', args...)` instead.\n"}
,{"stream_name":"stderr","time":741.70743578,"data":"  with torch.cuda.amp.autocast(enabled=DEVICE.type == \"cuda\", dtype=torch.float16):\n"}
,{"stream_name":"stderr","time":742.168531157,"data":"/kaggle/src/script.py:325: FutureWarning: `torch.cuda.amp.autocast(args...)` is deprecated. Please use `torch.amp.autocast('cuda', args...)` instead.\n"}
,{"stream_name":"stderr","time":742.168572281,"data":"  with torch.cuda.amp.autocast(enabled=DEVICE.type == \"cuda\", dtype=torch.float16):\n"}
,{"stream_name":"stderr","time":742.624223417,"data":"/kaggle/src/script.py:325: FutureWarning: `torch.cuda.amp.autocast(args...)` is deprecated. Please use `torch.amp.autocast('cuda', args...)` instead.\n"}
,{"stream_name":"stderr","time":742.624324086,"data":"  with torch.cuda.amp.autocast(enabled=DEVICE.type == \"cuda\", dtype=torch.float16):\n"}
,{"stream_name":"stderr","time":743.246169142,"data":"/kaggle/src/script.py:325: FutureWarning: `torch.cuda.amp.autocast(args...)` is deprecated. Please use `torch.amp.autocast('cuda', args...)` instead.\n"}
,{"stream_name":"stderr","time":743.246229,"data":"  with torch.cuda.amp.autocast(enabled=DEVICE.type == \"cuda\", dtype=torch.float16):\n"}
,{"stream_name":"stderr","time":743.65988044,"data":"/kaggle/src/script.py:325: FutureWarning: `torch.cuda.amp.autocast(args...)` is deprecated. Please use `torch.amp.autocast('cuda', args...)` instead.\n"}
,{"stream_name":"stderr","time":743.659919008,"data":"  with torch.cuda.amp.autocast(enabled=DEVICE.type == \"cuda\", dtype=torch.float16):\n"}
,{"stream_name":"stdout","time":744.103060276,"data":"epoch=4 session=130/213 step=248 loss=2.1919 ce=1.3591 rank=0.7333 struct=1.1523\n"}
,{"stream_name":"stderr","time":744.1048123,"data":"/kaggle/src/script.py:325: FutureWarning: `torch.cuda.amp.autocast(args...)` is deprecated. Please use `torch.amp.autocast('cuda', args...)` instead.\n"}
,{"stream_name":"stderr","time":744.10483126,"data":"  with torch.cuda.amp.autocast(enabled=DEVICE.type == \"cuda\", dtype=torch.float16):\n"}
,{"stream_name":"stderr","time":744.745967696,"data":"/kaggle/src/script.py:325: FutureWarning: `torch.cuda.amp.autocast(args...)` is deprecated. Please use `torch.amp.autocast('cuda', args...)` instead.\n"}
,{"stream_name":"stderr","time":744.746007909,"data":"  with torch.cuda.amp.autocast(enabled=DEVICE.type == \"cuda\", dtype=torch.float16):\n"}
,{"stream_name":"stderr","time":745.361199603,"data":"/kaggle/src/script.py:325: FutureWarning: `torch.cuda.amp.autocast(args...)` is deprecated. Please use `torch.amp.autocast('cuda', args...)` instead.\n"}
,{"stream_name":"stderr","time":745.361273432,"data":"  with torch.cuda.amp.autocast(enabled=DEVICE.type == \"cuda\", dtype=torch.float16):\n"}
,{"stream_name":"stderr","time":745.962214388,"data":"/kaggle/src/script.py:325: FutureWarning: `torch.cuda.amp.autocast(args...)` is deprecated. Please use `torch.amp.autocast('cuda', args...)` instead.\n"}
,{"stream_name":"stderr","time":745.96225074,"data":"  with torch.cuda.amp.autocast(enabled=DEVICE.type == \"cuda\", dtype=torch.float16):\n"}
,{"stream_name":"stderr","time":746.587381349,"data":"/kaggle/src/script.py:325: FutureWarning: `torch.cuda.amp.autocast(args...)` is deprecated. Please use `torch.amp.autocast('cuda', args...)` instead.\n"}
,{"stream_name":"stderr","time":746.587414375,"data":"  with torch.cuda.amp.autocast(enabled=DEVICE.type == \"cuda\", dtype=torch.float16):\n"}
,{"stream_name":"stderr","time":747.204616553,"data":"/kaggle/src/script.py:325: FutureWarning: `torch.cuda.amp.autocast(args...)` is deprecated. Please use `torch.amp.autocast('cuda', args...)` instead.\n"}
,{"stream_name":"stderr","time":747.204657312,"data":"  with torch.cuda.amp.autocast(enabled=DEVICE.type == \"cuda\", dtype=torch.float16):\n"}
,{"stream_name":"stderr","time":747.862722523,"data":"/kaggle/src/script.py:325: FutureWarning: `torch.cuda.amp.autocast(args...)` is deprecated. Please use `torch.amp.autocast('cuda', args...)` instead.\n"}
,{"stream_name":"stderr","time":747.862777592,"data":"  with torch.cuda.amp.autocast(enabled=DEVICE.type == \"cuda\", dtype=torch.float16):\n"}
,{"stream_name":"stderr","time":748.298892695,"data":"/kaggle/src/script.py:325: FutureWarning: `torch.cuda.amp.autocast(args...)` is deprecated. Please use `torch.amp.autocast('cuda', args...)` instead.\n"}
,{"stream_name":"stderr","time":748.298936006,"data":"  with torch.cuda.amp.autocast(enabled=DEVICE.type == \"cuda\", dtype=torch.float16):\n"}
,{"stream_name":"stderr","time":748.937406253,"data":"/kaggle/src/script.py:325: FutureWarning: `torch.cuda.amp.autocast(args...)` is deprecated. Please use `torch.amp.autocast('cuda', args...)` instead.\n"}
,{"stream_name":"stderr","time":748.93744344,"data":"  with torch.cuda.amp.autocast(enabled=DEVICE.type == \"cuda\", dtype=torch.float16):\n"}
,{"stream_name":"stderr","time":749.563170675,"data":"/kaggle/src/script.py:325: FutureWarning: `torch.cuda.amp.autocast(args...)` is deprecated. Please use `torch.amp.autocast('cuda', args...)` instead.\n"}
,{"stream_name":"stderr","time":749.563215803,"data":"  with torch.cuda.amp.autocast(enabled=DEVICE.type == \"cuda\", dtype=torch.float16):\n"}
,{"stream_name":"stdout","time":750.242184817,"data":"epoch=4 session=140/213 step=251 loss=2.0135 ce=1.3700 rank=0.7400 struct=0.7689\n"}
,{"stream_name":"stderr","time":750.243225189,"data":"/kaggle/src/script.py:325: FutureWarning: `torch.cuda.amp.autocast(args...)` is deprecated. Please use `torch.amp.autocast('cuda', args...)` instead.\n"}
,{"stream_name":"stderr","time":750.243241056,"data":"  with torch.cuda.amp.autocast(enabled=DEVICE.type == \"cuda\", dtype=torch.float16):\n"}
,{"stream_name":"stderr","time":750.699900083,"data":"/kaggle/src/script.py:325: FutureWarning: `torch.cuda.amp.autocast(args...)` is deprecated. Please use `torch.amp.autocast('cuda', args...)` instead.\n"}
,{"stream_name":"stderr","time":750.69994794,"data":"  with torch.cuda.amp.autocast(enabled=DEVICE.type == \"cuda\", dtype=torch.float16):\n"}
,{"stream_name":"stderr","time":751.12838165,"data":"/kaggle/src/script.py:325: FutureWarning: `torch.cuda.amp.autocast(args...)` is deprecated. Please use `torch.amp.autocast('cuda', args...)` instead.\n"}
,{"stream_name":"stderr","time":751.128453486,"data":"  with torch.cuda.amp.autocast(enabled=DEVICE.type == \"cuda\", dtype=torch.float16):\n"}
,{"stream_name":"stderr","time":751.594566506,"data":"/kaggle/src/script.py:325: FutureWarning: `torch.cuda.amp.autocast(args...)` is deprecated. Please use `torch.amp.autocast('cuda', args...)` instead.\n"}
,{"stream_name":"stderr","time":751.594618287,"data":"  with torch.cuda.amp.autocast(enabled=DEVICE.type == \"cuda\", dtype=torch.float16):\n"}
,{"stream_name":"stderr","time":752.217134887,"data":"/kaggle/src/script.py:325: FutureWarning: `torch.cuda.amp.autocast(args...)` is deprecated. Please use `torch.amp.autocast('cuda', args...)` instead.\n"}
,{"stream_name":"stderr","time":752.217184741,"data":"  with torch.cuda.amp.autocast(enabled=DEVICE.type == \"cuda\", dtype=torch.float16):\n"}
,{"stream_name":"stderr","time":752.663146168,"data":"/kaggle/src/script.py:325: FutureWarning: `torch.cuda.amp.autocast(args...)` is deprecated. Please use `torch.amp.autocast('cuda', args...)` instead.\n"}
,{"stream_name":"stderr","time":752.663188544,"data":"  with torch.cuda.amp.autocast(enabled=DEVICE.type == \"cuda\", dtype=torch.float16):\n"}
,{"stream_name":"stderr","time":753.101124261,"data":"/kaggle/src/script.py:325: FutureWarning: `torch.cuda.amp.autocast(args...)` is deprecated. Please use `torch.amp.autocast('cuda', args...)` instead.\n"}
,{"stream_name":"stderr","time":753.101163311,"data":"  with torch.cuda.amp.autocast(enabled=DEVICE.type == \"cuda\", dtype=torch.float16):\n"}
,{"stream_name":"stderr","time":753.707869626,"data":"/kaggle/src/script.py:325: FutureWarning: `torch.cuda.amp.autocast(args...)` is deprecated. Please use `torch.amp.autocast('cuda', args...)` instead.\n"}
,{"stream_name":"stderr","time":753.707911234,"data":"  with torch.cuda.amp.autocast(enabled=DEVICE.type == \"cuda\", dtype=torch.float16):\n"}
,{"stream_name":"stderr","time":754.17317262,"data":"/kaggle/src/script.py:325: FutureWarning: `torch.cuda.amp.autocast(args...)` is deprecated. Please use `torch.amp.autocast('cuda', args...)` instead.\n"}
,{"stream_name":"stderr","time":754.173234008,"data":"  with torch.cuda.amp.autocast(enabled=DEVICE.type == \"cuda\", dtype=torch.float16):\n"}
,{"stream_name":"stderr","time":754.763864097,"data":"/kaggle/src/script.py:325: FutureWarning: `torch.cuda.amp.autocast(args...)` is deprecated. Please use `torch.amp.autocast('cuda', args...)` instead.\n"}
,{"stream_name":"stderr","time":754.763916767,"data":"  with torch.cuda.amp.autocast(enabled=DEVICE.type == \"cuda\", dtype=torch.float16):\n"}
,{"stream_name":"stdout","time":755.259681653,"data":"epoch=4 session=150/213 step=253 loss=2.5186 ce=1.6584 rank=0.6627 struct=1.2566\n"}
,{"stream_name":"stderr","time":755.261085142,"data":"/kaggle/src/script.py:325: FutureWarning: `torch.cuda.amp.autocast(args...)` is deprecated. Please use `torch.amp.autocast('cuda', args...)` instead.\n"}
,{"stream_name":"stderr","time":755.261111505,"data":"  with torch.cuda.amp.autocast(enabled=DEVICE.type == \"cuda\", dtype=torch.float16):\n"}
,{"stream_name":"stderr","time":755.877810503,"data":"/kaggle/src/script.py:325: FutureWarning: `torch.cuda.amp.autocast(args...)` is deprecated. Please use `torch.amp.autocast('cuda', args...)` instead.\n"}
,{"stream_name":"stderr","time":755.877848004,"data":"  with torch.cuda.amp.autocast(enabled=DEVICE.type == \"cuda\", dtype=torch.float16):\n"}
,{"stream_name":"stderr","time":756.344272022,"data":"/kaggle/src/script.py:325: FutureWarning: `torch.cuda.amp.autocast(args...)` is deprecated. Please use `torch.amp.autocast('cuda', args...)` instead.\n"}
,{"stream_name":"stderr","time":756.344325282,"data":"  with torch.cuda.amp.autocast(enabled=DEVICE.type == \"cuda\", dtype=torch.float16):\n"}
,{"stream_name":"stderr","time":756.801349574,"data":"/kaggle/src/script.py:325: FutureWarning: `torch.cuda.amp.autocast(args...)` is deprecated. Please use `torch.amp.autocast('cuda', args...)` instead.\n"}
,{"stream_name":"stderr","time":756.801388602,"data":"  with torch.cuda.amp.autocast(enabled=DEVICE.type == \"cuda\", dtype=torch.float16):\n"}
,{"stream_name":"stderr","time":757.427398772,"data":"/kaggle/src/script.py:325: FutureWarning: `torch.cuda.amp.autocast(args...)` is deprecated. Please use `torch.amp.autocast('cuda', args...)` instead.\n"}
,{"stream_name":"stderr","time":757.427438113,"data":"  with torch.cuda.amp.autocast(enabled=DEVICE.type == \"cuda\", dtype=torch.float16):\n"}
,{"stream_name":"stderr","time":757.873709248,"data":"/kaggle/src/script.py:325: FutureWarning: `torch.cuda.amp.autocast(args...)` is deprecated. Please use `torch.amp.autocast('cuda', args...)` instead.\n"}
,{"stream_name":"stderr","time":757.873752364,"data":"  with torch.cuda.amp.autocast(enabled=DEVICE.type == \"cuda\", dtype=torch.float16):\n"}
,{"stream_name":"stderr","time":758.292716109,"data":"/kaggle/src/script.py:325: FutureWarning: `torch.cuda.amp.autocast(args...)` is deprecated. Please use `torch.amp.autocast('cuda', args...)` instead.\n"}
,{"stream_name":"stderr","time":758.292756201,"data":"  with torch.cuda.amp.autocast(enabled=DEVICE.type == \"cuda\", dtype=torch.float16):\n"}
,{"stream_name":"stderr","time":758.903806222,"data":"/kaggle/src/script.py:325: FutureWarning: `torch.cuda.amp.autocast(args...)` is deprecated. Please use `torch.amp.autocast('cuda', args...)` instead.\n"}
,{"stream_name":"stderr","time":758.903847351,"data":"  with torch.cuda.amp.autocast(enabled=DEVICE.type == \"cuda\", dtype=torch.float16):\n"}
,{"stream_name":"stderr","time":759.528720689,"data":"/kaggle/src/script.py:325: FutureWarning: `torch.cuda.amp.autocast(args...)` is deprecated. Please use `torch.amp.autocast('cuda', args...)` instead.\n"}
,{"stream_name":"stderr","time":759.528759199,"data":"  with torch.cuda.amp.autocast(enabled=DEVICE.type == \"cuda\", dtype=torch.float16):\n"}
,{"stream_name":"stderr","time":760.165275584,"data":"/kaggle/src/script.py:325: FutureWarning: `torch.cuda.amp.autocast(args...)` is deprecated. Please use `torch.amp.autocast('cuda', args...)` instead.\n"}
,{"stream_name":"stderr","time":760.165334467,"data":"  with torch.cuda.amp.autocast(enabled=DEVICE.type == \"cuda\", dtype=torch.float16):\n"}
,{"stream_name":"stdout","time":760.800954833,"data":"epoch=4 session=160/213 step=256 loss=2.2989 ce=1.3788 rank=0.7360 struct=1.3250\n"}
,{"stream_name":"stderr","time":760.802016527,"data":"/kaggle/src/script.py:325: FutureWarning: `torch.cuda.amp.autocast(args...)` is deprecated. Please use `torch.amp.autocast('cuda', args...)` instead.\n"}
,{"stream_name":"stderr","time":760.802040649,"data":"  with torch.cuda.amp.autocast(enabled=DEVICE.type == \"cuda\", dtype=torch.float16):\n"}
,{"stream_name":"stderr","time":761.473251808,"data":"/kaggle/src/script.py:325: FutureWarning: `torch.cuda.amp.autocast(args...)` is deprecated. Please use `torch.amp.autocast('cuda', args...)` instead.\n"}
,{"stream_name":"stderr","time":761.47329171,"data":"  with torch.cuda.amp.autocast(enabled=DEVICE.type == \"cuda\", dtype=torch.float16):\n"}
,{"stream_name":"stderr","time":762.087142693,"data":"/kaggle/src/script.py:325: FutureWarning: `torch.cuda.amp.autocast(args...)` is deprecated. Please use `torch.amp.autocast('cuda', args...)` instead.\n"}
,{"stream_name":"stderr","time":762.087208063,"data":"  with torch.cuda.amp.autocast(enabled=DEVICE.type == \"cuda\", dtype=torch.float16):\n"}
,{"stream_name":"stderr","time":762.508241693,"data":"/kaggle/src/script.py:325: FutureWarning: `torch.cuda.amp.autocast(args...)` is deprecated. Please use `torch.amp.autocast('cuda', args...)` instead.\n"}
,{"stream_name":"stderr","time":762.508319332,"data":"  with torch.cuda.amp.autocast(enabled=DEVICE.type == \"cuda\", dtype=torch.float16):\n"}
,{"stream_name":"stderr","time":763.090395769,"data":"/kaggle/src/script.py:325: FutureWarning: `torch.cuda.amp.autocast(args...)` is deprecated. Please use `torch.amp.autocast('cuda', args...)` instead.\n"}
,{"stream_name":"stderr","time":763.09043595,"data":"  with torch.cuda.amp.autocast(enabled=DEVICE.type == \"cuda\", dtype=torch.float16):\n"}
,{"stream_name":"stderr","time":763.559170893,"data":"/kaggle/src/script.py:325: FutureWarning: `torch.cuda.amp.autocast(args...)` is deprecated. Please use `torch.amp.autocast('cuda', args...)` instead.\n"}
,{"stream_name":"stderr","time":763.559208978,"data":"  with torch.cuda.amp.autocast(enabled=DEVICE.type == \"cuda\", dtype=torch.float16):\n"}
,{"stream_name":"stderr","time":764.0228176,"data":"/kaggle/src/script.py:325: FutureWarning: `torch.cuda.amp.autocast(args...)` is deprecated. Please use `torch.amp.autocast('cuda', args...)` instead.\n"}
,{"stream_name":"stderr","time":764.022860723,"data":"  with torch.cuda.amp.autocast(enabled=DEVICE.type == \"cuda\", dtype=torch.float16):\n"}
,{"stream_name":"stderr","time":764.609490094,"data":"/kaggle/src/script.py:325: FutureWarning: `torch.cuda.amp.autocast(args...)` is deprecated. Please use `torch.amp.autocast('cuda', args...)` instead.\n"}
,{"stream_name":"stderr","time":764.609520746,"data":"  with torch.cuda.amp.autocast(enabled=DEVICE.type == \"cuda\", dtype=torch.float16):\n"}
,{"stream_name":"stderr","time":765.039777124,"data":"/kaggle/src/script.py:325: FutureWarning: `torch.cuda.amp.autocast(args...)` is deprecated. Please use `torch.amp.autocast('cuda', args...)` instead.\n"}
,{"stream_name":"stderr","time":765.039827597,"data":"  with torch.cuda.amp.autocast(enabled=DEVICE.type == \"cuda\", dtype=torch.float16):\n"}
,{"stream_name":"stderr","time":765.473685782,"data":"/kaggle/src/script.py:325: FutureWarning: `torch.cuda.amp.autocast(args...)` is deprecated. Please use `torch.amp.autocast('cuda', args...)` instead.\n"}
,{"stream_name":"stderr","time":765.473746418,"data":"  with torch.cuda.amp.autocast(enabled=DEVICE.type == \"cuda\", dtype=torch.float16):\n"}
,{"stream_name":"stdout","time":765.899210636,"data":"epoch=4 session=170/213 step=258 loss=2.3466 ce=1.3686 rank=0.7421 struct=1.4366\n"}
,{"stream_name":"stderr","time":765.90081873,"data":"/kaggle/src/script.py:325: FutureWarning: `torch.cuda.amp.autocast(args...)` is deprecated. Please use `torch.amp.autocast('cuda', args...)` instead.\n"}
,{"stream_name":"stderr","time":765.900846429,"data":"  with torch.cuda.amp.autocast(enabled=DEVICE.type == \"cuda\", dtype=torch.float16):\n"}
,{"stream_name":"stderr","time":766.379883756,"data":"/kaggle/src/script.py:325: FutureWarning: `torch.cuda.amp.autocast(args...)` is deprecated. Please use `torch.amp.autocast('cuda', args...)` instead.\n"}
,{"stream_name":"stderr","time":766.379935859,"data":"  with torch.cuda.amp.autocast(enabled=DEVICE.type == \"cuda\", dtype=torch.float16):\n"}
,{"stream_name":"stderr","time":767.014847039,"data":"/kaggle/src/script.py:325: FutureWarning: `torch.cuda.amp.autocast(args...)` is deprecated. Please use `torch.amp.autocast('cuda', args...)` instead.\n"}
,{"stream_name":"stderr","time":767.014884024,"data":"  with torch.cuda.amp.autocast(enabled=DEVICE.type == \"cuda\", dtype=torch.float16):\n"}
,{"stream_name":"stderr","time":767.70055569,"data":"/kaggle/src/script.py:325: FutureWarning: `torch.cuda.amp.autocast(args...)` is deprecated. Please use `torch.amp.autocast('cuda', args...)` instead.\n"}
,{"stream_name":"stderr","time":767.70060368,"data":"  with torch.cuda.amp.autocast(enabled=DEVICE.type == \"cuda\", dtype=torch.float16):\n"}
,{"stream_name":"stderr","time":768.143440941,"data":"/kaggle/src/script.py:325: FutureWarning: `torch.cuda.amp.autocast(args...)` is deprecated. Please use `torch.amp.autocast('cuda', args...)` instead.\n"}
,{"stream_name":"stderr","time":768.143479168,"data":"  with torch.cuda.amp.autocast(enabled=DEVICE.type == \"cuda\", dtype=torch.float16):\n"}
,{"stream_name":"stderr","time":768.783410696,"data":"/kaggle/src/script.py:325: FutureWarning: `torch.cuda.amp.autocast(args...)` is deprecated. Please use `torch.amp.autocast('cuda', args...)` instead.\n"}
,{"stream_name":"stderr","time":768.783455514,"data":"  with torch.cuda.amp.autocast(enabled=DEVICE.type == \"cuda\", dtype=torch.float16):\n"}
,{"stream_name":"stderr","time":769.433002723,"data":"/kaggle/src/script.py:325: FutureWarning: `torch.cuda.amp.autocast(args...)` is deprecated. Please use `torch.amp.autocast('cuda', args...)` instead.\n"}
,{"stream_name":"stderr","time":769.433064513,"data":"  with torch.cuda.amp.autocast(enabled=DEVICE.type == \"cuda\", dtype=torch.float16):\n"}
,{"stream_name":"stderr","time":769.87573306,"data":"/kaggle/src/script.py:325: FutureWarning: `torch.cuda.amp.autocast(args...)` is deprecated. Please use `torch.amp.autocast('cuda', args...)` instead.\n"}
,{"stream_name":"stderr","time":769.875770702,"data":"  with torch.cuda.amp.autocast(enabled=DEVICE.type == \"cuda\", dtype=torch.float16):\n"}
,{"stream_name":"stderr","time":770.532262919,"data":"/kaggle/src/script.py:325: FutureWarning: `torch.cuda.amp.autocast(args...)` is deprecated. Please use `torch.amp.autocast('cuda', args...)` instead.\n"}
,{"stream_name":"stderr","time":770.532323294,"data":"  with torch.cuda.amp.autocast(enabled=DEVICE.type == \"cuda\", dtype=torch.float16):\n"}
,{"stream_name":"stderr","time":771.129110184,"data":"/kaggle/src/script.py:325: FutureWarning: `torch.cuda.amp.autocast(args...)` is deprecated. Please use `torch.amp.autocast('cuda', args...)` instead.\n"}
,{"stream_name":"stderr","time":771.129147538,"data":"  with torch.cuda.amp.autocast(enabled=DEVICE.type == \"cuda\", dtype=torch.float16):\n"}
,{"stream_name":"stdout","time":771.606167719,"data":"epoch=4 session=180/213 step=261 loss=1.9887 ce=1.2840 rank=0.7462 struct=0.8871\n"}
,{"stream_name":"stderr","time":771.607171761,"data":"/kaggle/src/script.py:325: FutureWarning: `torch.cuda.amp.autocast(args...)` is deprecated. Please use `torch.amp.autocast('cuda', args...)` instead.\n"}
,{"stream_name":"stderr","time":771.607196429,"data":"  with torch.cuda.amp.autocast(enabled=DEVICE.type == \"cuda\", dtype=torch.float16):\n"}
,{"stream_name":"stderr","time":772.039039679,"data":"/kaggle/src/script.py:325: FutureWarning: `torch.cuda.amp.autocast(args...)` is deprecated. Please use `torch.amp.autocast('cuda', args...)` instead.\n"}
,{"stream_name":"stderr","time":772.039069124,"data":"  with torch.cuda.amp.autocast(enabled=DEVICE.type == \"cuda\", dtype=torch.float16):\n"}
,{"stream_name":"stderr","time":772.64643325,"data":"/kaggle/src/script.py:325: FutureWarning: `torch.cuda.amp.autocast(args...)` is deprecated. Please use `torch.amp.autocast('cuda', args...)` instead.\n"}
,{"stream_name":"stderr","time":772.646474506,"data":"  with torch.cuda.amp.autocast(enabled=DEVICE.type == \"cuda\", dtype=torch.float16):\n"}
,{"stream_name":"stderr","time":773.288481114,"data":"/kaggle/src/script.py:325: FutureWarning: `torch.cuda.amp.autocast(args...)` is deprecated. Please use `torch.amp.autocast('cuda', args...)` instead.\n"}
,{"stream_name":"stderr","time":773.288529371,"data":"  with torch.cuda.amp.autocast(enabled=DEVICE.type == \"cuda\", dtype=torch.float16):\n"}
,{"stream_name":"stderr","time":773.740781029,"data":"/kaggle/src/script.py:325: FutureWarning: `torch.cuda.amp.autocast(args...)` is deprecated. Please use `torch.amp.autocast('cuda', args...)` instead.\n"}
,{"stream_name":"stderr","time":773.740820079,"data":"  with torch.cuda.amp.autocast(enabled=DEVICE.type == \"cuda\", dtype=torch.float16):\n"}
,{"stream_name":"stderr","time":774.35495415,"data":"/kaggle/src/script.py:325: FutureWarning: `torch.cuda.amp.autocast(args...)` is deprecated. Please use `torch.amp.autocast('cuda', args...)` instead.\n"}
,{"stream_name":"stderr","time":774.354999319,"data":"  with torch.cuda.amp.autocast(enabled=DEVICE.type == \"cuda\", dtype=torch.float16):\n"}
,{"stream_name":"stderr","time":774.802228421,"data":"/kaggle/src/script.py:325: FutureWarning: `torch.cuda.amp.autocast(args...)` is deprecated. Please use `torch.amp.autocast('cuda', args...)` instead.\n"}
,{"stream_name":"stderr","time":774.802261698,"data":"  with torch.cuda.amp.autocast(enabled=DEVICE.type == \"cuda\", dtype=torch.float16):\n"}
,{"stream_name":"stderr","time":775.487380814,"data":"/kaggle/src/script.py:325: FutureWarning: `torch.cuda.amp.autocast(args...)` is deprecated. Please use `torch.amp.autocast('cuda', args...)` instead.\n"}
,{"stream_name":"stderr","time":775.487425812,"data":"  with torch.cuda.amp.autocast(enabled=DEVICE.type == \"cuda\", dtype=torch.float16):\n"}
,{"stream_name":"stderr","time":776.161857645,"data":"/kaggle/src/script.py:325: FutureWarning: `torch.cuda.amp.autocast(args...)` is deprecated. Please use `torch.amp.autocast('cuda', args...)` instead.\n"}
,{"stream_name":"stderr","time":776.161913969,"data":"  with torch.cuda.amp.autocast(enabled=DEVICE.type == \"cuda\", dtype=torch.float16):\n"}
,{"stream_name":"stderr","time":776.772046397,"data":"/kaggle/src/script.py:325: FutureWarning: `torch.cuda.amp.autocast(args...)` is deprecated. Please use `torch.amp.autocast('cuda', args...)` instead.\n"}
,{"stream_name":"stderr","time":776.772093272,"data":"  with torch.cuda.amp.autocast(enabled=DEVICE.type == \"cuda\", dtype=torch.float16):\n"}
,{"stream_name":"stdout","time":777.183435857,"data":"epoch=4 session=190/213 step=263 loss=2.0511 ce=1.3224 rank=0.7326 struct=0.9446\n"}
,{"stream_name":"stderr","time":777.184450714,"data":"/kaggle/src/script.py:325: FutureWarning: `torch.cuda.amp.autocast(args...)` is deprecated. Please use `torch.amp.autocast('cuda', args...)` instead.\n"}
,{"stream_name":"stderr","time":777.184485388,"data":"  with torch.cuda.amp.autocast(enabled=DEVICE.type == \"cuda\", dtype=torch.float16):\n"}
,{"stream_name":"stderr","time":777.615361116,"data":"/kaggle/src/script.py:325: FutureWarning: `torch.cuda.amp.autocast(args...)` is deprecated. Please use `torch.amp.autocast('cuda', args...)` instead.\n"}
,{"stream_name":"stderr","time":777.615400554,"data":"  with torch.cuda.amp.autocast(enabled=DEVICE.type == \"cuda\", dtype=torch.float16):\n"}
,{"stream_name":"stderr","time":778.195741334,"data":"/kaggle/src/script.py:325: FutureWarning: `torch.cuda.amp.autocast(args...)` is deprecated. Please use `torch.amp.autocast('cuda', args...)` instead.\n"}
,{"stream_name":"stderr","time":778.195778034,"data":"  with torch.cuda.amp.autocast(enabled=DEVICE.type == \"cuda\", dtype=torch.float16):\n"}
,{"stream_name":"stderr","time":778.777958792,"data":"/kaggle/src/script.py:325: FutureWarning: `torch.cuda.amp.autocast(args...)` is deprecated. Please use `torch.amp.autocast('cuda', args...)` instead.\n"}
,{"stream_name":"stderr","time":778.778003546,"data":"  with torch.cuda.amp.autocast(enabled=DEVICE.type == \"cuda\", dtype=torch.float16):\n"}
,{"stream_name":"stderr","time":779.209824192,"data":"/kaggle/src/script.py:325: FutureWarning: `torch.cuda.amp.autocast(args...)` is deprecated. Please use `torch.amp.autocast('cuda', args...)` instead.\n"}
,{"stream_name":"stderr","time":779.209856353,"data":"  with torch.cuda.amp.autocast(enabled=DEVICE.type == \"cuda\", dtype=torch.float16):\n"}
,{"stream_name":"stderr","time":779.812799146,"data":"/kaggle/src/script.py:325: FutureWarning: `torch.cuda.amp.autocast(args...)` is deprecated. Please use `torch.amp.autocast('cuda', args...)` instead.\n"}
,{"stream_name":"stderr","time":779.812858675,"data":"  with torch.cuda.amp.autocast(enabled=DEVICE.type == \"cuda\", dtype=torch.float16):\n"}
,{"stream_name":"stderr","time":780.423749782,"data":"/kaggle/src/script.py:325: FutureWarning: `torch.cuda.amp.autocast(args...)` is deprecated. Please use `torch.amp.autocast('cuda', args...)` instead.\n"}
,{"stream_name":"stderr","time":780.42378952,"data":"  with torch.cuda.amp.autocast(enabled=DEVICE.type == \"cuda\", dtype=torch.float16):\n"}
,{"stream_name":"stderr","time":781.045027083,"data":"/kaggle/src/script.py:325: FutureWarning: `torch.cuda.amp.autocast(args...)` is deprecated. Please use `torch.amp.autocast('cuda', args...)` instead.\n"}
,{"stream_name":"stderr","time":781.045081209,"data":"  with torch.cuda.amp.autocast(enabled=DEVICE.type == \"cuda\", dtype=torch.float16):\n"}
,{"stream_name":"stderr","time":781.729349269,"data":"/kaggle/src/script.py:325: FutureWarning: `torch.cuda.amp.autocast(args...)` is deprecated. Please use `torch.amp.autocast('cuda', args...)` instead.\n"}
,{"stream_name":"stderr","time":781.72937906,"data":"  with torch.cuda.amp.autocast(enabled=DEVICE.type == \"cuda\", dtype=torch.float16):\n"}
,{"stream_name":"stderr","time":782.342446633,"data":"/kaggle/src/script.py:325: FutureWarning: `torch.cuda.amp.autocast(args...)` is deprecated. Please use `torch.amp.autocast('cuda', args...)` instead.\n"}
,{"stream_name":"stderr","time":782.342494822,"data":"  with torch.cuda.amp.autocast(enabled=DEVICE.type == \"cuda\", dtype=torch.float16):\n"}
,{"stream_name":"stdout","time":782.976435777,"data":"epoch=4 session=200/213 step=266 loss=2.0119 ce=1.3279 rank=0.6952 struct=0.8815\n"}
,{"stream_name":"stderr","time":782.977468046,"data":"/kaggle/src/script.py:325: FutureWarning: `torch.cuda.amp.autocast(args...)` is deprecated. Please use `torch.amp.autocast('cuda', args...)` instead.\n"}
,{"stream_name":"stderr","time":782.97749576,"data":"  with torch.cuda.amp.autocast(enabled=DEVICE.type == \"cuda\", dtype=torch.float16):\n"}
,{"stream_name":"stderr","time":783.588934176,"data":"/kaggle/src/script.py:325: FutureWarning: `torch.cuda.amp.autocast(args...)` is deprecated. Please use `torch.amp.autocast('cuda', args...)` instead.\n"}
,{"stream_name":"stderr","time":783.588975277,"data":"  with torch.cuda.amp.autocast(enabled=DEVICE.type == \"cuda\", dtype=torch.float16):\n"}
,{"stream_name":"stderr","time":784.008699782,"data":"/kaggle/src/script.py:325: FutureWarning: `torch.cuda.amp.autocast(args...)` is deprecated. Please use `torch.amp.autocast('cuda', args...)` instead.\n"}
,{"stream_name":"stderr","time":784.008734922,"data":"  with torch.cuda.amp.autocast(enabled=DEVICE.type == \"cuda\", dtype=torch.float16):\n"}
,{"stream_name":"stderr","time":784.46548622,"data":"/kaggle/src/script.py:325: FutureWarning: `torch.cuda.amp.autocast(args...)` is deprecated. Please use `torch.amp.autocast('cuda', args...)` instead.\n"}
,{"stream_name":"stderr","time":784.465529164,"data":"  with torch.cuda.amp.autocast(enabled=DEVICE.type == \"cuda\", dtype=torch.float16):\n"}
,{"stream_name":"stderr","time":785.049458288,"data":"/kaggle/src/script.py:325: FutureWarning: `torch.cuda.amp.autocast(args...)` is deprecated. Please use `torch.amp.autocast('cuda', args...)` instead.\n"}
,{"stream_name":"stderr","time":785.049494513,"data":"  with torch.cuda.amp.autocast(enabled=DEVICE.type == \"cuda\", dtype=torch.float16):\n"}
,{"stream_name":"stderr","time":785.664881733,"data":"/kaggle/src/script.py:325: FutureWarning: `torch.cuda.amp.autocast(args...)` is deprecated. Please use `torch.amp.autocast('cuda', args...)` instead.\n"}
,{"stream_name":"stderr","time":785.664932582,"data":"  with torch.cuda.amp.autocast(enabled=DEVICE.type == \"cuda\", dtype=torch.float16):\n"}
,{"stream_name":"stderr","time":786.281115786,"data":"/kaggle/src/script.py:325: FutureWarning: `torch.cuda.amp.autocast(args...)` is deprecated. Please use `torch.amp.autocast('cuda', args...)` instead.\n"}
,{"stream_name":"stderr","time":786.281155828,"data":"  with torch.cuda.amp.autocast(enabled=DEVICE.type == \"cuda\", dtype=torch.float16):\n"}
,{"stream_name":"stderr","time":786.700585566,"data":"/kaggle/src/script.py:325: FutureWarning: `torch.cuda.amp.autocast(args...)` is deprecated. Please use `torch.amp.autocast('cuda', args...)` instead.\n"}
,{"stream_name":"stderr","time":786.700624014,"data":"  with torch.cuda.amp.autocast(enabled=DEVICE.type == \"cuda\", dtype=torch.float16):\n"}
,{"stream_name":"stderr","time":787.322415459,"data":"/kaggle/src/script.py:325: FutureWarning: `torch.cuda.amp.autocast(args...)` is deprecated. Please use `torch.amp.autocast('cuda', args...)` instead.\n"}
,{"stream_name":"stderr","time":787.322456627,"data":"  with torch.cuda.amp.autocast(enabled=DEVICE.type == \"cuda\", dtype=torch.float16):\n"}
,{"stream_name":"stderr","time":787.914498687,"data":"/kaggle/src/script.py:325: FutureWarning: `torch.cuda.amp.autocast(args...)` is deprecated. Please use `torch.amp.autocast('cuda', args...)` instead.\n"}
,{"stream_name":"stderr","time":787.914542709,"data":"  with torch.cuda.amp.autocast(enabled=DEVICE.type == \"cuda\", dtype=torch.float16):\n"}
,{"stream_name":"stdout","time":788.536628096,"data":"epoch=4 session=210/213 step=268 loss=1.9280 ce=1.2536 rank=0.6866 struct=0.8681\n"}
,{"stream_name":"stderr","time":788.538147335,"data":"/kaggle/src/script.py:325: FutureWarning: `torch.cuda.amp.autocast(args...)` is deprecated. Please use `torch.amp.autocast('cuda', args...)` instead.\n"}
,{"stream_name":"stderr","time":788.538167901,"data":"  with torch.cuda.amp.autocast(enabled=DEVICE.type == \"cuda\", dtype=torch.float16):\n"}
,{"stream_name":"stderr","time":788.971832673,"data":"/kaggle/src/script.py:325: FutureWarning: `torch.cuda.amp.autocast(args...)` is deprecated. Please use `torch.amp.autocast('cuda', args...)` instead.\n"}
,{"stream_name":"stderr","time":788.971890373,"data":"  with torch.cuda.amp.autocast(enabled=DEVICE.type == \"cuda\", dtype=torch.float16):\n"}
,{"stream_name":"stderr","time":789.597198708,"data":"/kaggle/src/script.py:325: FutureWarning: `torch.cuda.amp.autocast(args...)` is deprecated. Please use `torch.amp.autocast('cuda', args...)` instead.\n"}
,{"stream_name":"stderr","time":789.597239391,"data":"  with torch.cuda.amp.autocast(enabled=DEVICE.type == \"cuda\", dtype=torch.float16):\n"}
,{"stream_name":"stderr","time":790.372332523,"data":"/kaggle/src/script.py:350: FutureWarning: `torch.cuda.amp.autocast(args...)` is deprecated. Please use `torch.amp.autocast('cuda', args...)` instead.\n"}
,{"stream_name":"stderr","time":790.372372372,"data":"  with torch.cuda.amp.autocast(enabled=DEVICE.type == \"cuda\", dtype=torch.float16):\n"}
,{"stream_name":"stderr","time":790.973344453,"data":"/kaggle/src/script.py:350: FutureWarning: `torch.cuda.amp.autocast(args...)` is deprecated. Please use `torch.amp.autocast('cuda', args...)` instead.\n"}
,{"stream_name":"stderr","time":790.973384703,"data":"  with torch.cuda.amp.autocast(enabled=DEVICE.type == \"cuda\", dtype=torch.float16):\n"}
,{"stream_name":"stderr","time":791.594117202,"data":"/kaggle/src/script.py:350: FutureWarning: `torch.cuda.amp.autocast(args...)` is deprecated. Please use `torch.amp.autocast('cuda', args...)` instead.\n"}
,{"stream_name":"stderr","time":791.594153468,"data":"  with torch.cuda.amp.autocast(enabled=DEVICE.type == \"cuda\", dtype=torch.float16):\n"}
,{"stream_name":"stderr","time":792.125398547,"data":"/kaggle/src/script.py:350: FutureWarning: `torch.cuda.amp.autocast(args...)` is deprecated. Please use `torch.amp.autocast('cuda', args...)` instead.\n"}
,{"stream_name":"stderr","time":792.125447703,"data":"  with torch.cuda.amp.autocast(enabled=DEVICE.type == \"cuda\", dtype=torch.float16):\n"}
,{"stream_name":"stderr","time":792.68784938,"data":"/kaggle/src/script.py:350: FutureWarning: `torch.cuda.amp.autocast(args...)` is deprecated. Please use `torch.amp.autocast('cuda', args...)` instead.\n"}
,{"stream_name":"stderr","time":792.687915714,"data":"  with torch.cuda.amp.autocast(enabled=DEVICE.type == \"cuda\", dtype=torch.float16):\n"}
,{"stream_name":"stdout","time":793.216695988,"data":"regime=full valid=5/55 acc=1.0000\n"}
,{"stream_name":"stderr","time":793.359449191,"data":"/kaggle/src/script.py:350: FutureWarning: `torch.cuda.amp.autocast(args...)` is deprecated. Please use `torch.amp.autocast('cuda', args...)` instead.\n"}
,{"stream_name":"stderr","time":793.359483926,"data":"  with torch.cuda.amp.autocast(enabled=DEVICE.type == \"cuda\", dtype=torch.float16):\n"}
,{"stream_name":"stderr","time":793.886267596,"data":"/kaggle/src/script.py:350: FutureWarning: `torch.cuda.amp.autocast(args...)` is deprecated. Please use `torch.amp.autocast('cuda', args...)` instead.\n"}
,{"stream_name":"stderr","time":793.886487642,"data":"  with torch.cuda.amp.autocast(enabled=DEVICE.type == \"cuda\", dtype=torch.float16):\n"}
,{"stream_name":"stderr","time":794.425354434,"data":"/kaggle/src/script.py:350: FutureWarning: `torch.cuda.amp.autocast(args...)` is deprecated. Please use `torch.amp.autocast('cuda', args...)` instead.\n"}
,{"stream_name":"stderr","time":794.425393937,"data":"  with torch.cuda.amp.autocast(enabled=DEVICE.type == \"cuda\", dtype=torch.float16):\n"}
,{"stream_name":"stderr","time":794.972248242,"data":"/kaggle/src/script.py:350: FutureWarning: `torch.cuda.amp.autocast(args...)` is deprecated. Please use `torch.amp.autocast('cuda', args...)` instead.\n"}
,{"stream_name":"stderr","time":794.972301267,"data":"  with torch.cuda.amp.autocast(enabled=DEVICE.type == \"cuda\", dtype=torch.float16):\n"}
,{"stream_name":"stderr","time":795.508230835,"data":"/kaggle/src/script.py:350: FutureWarning: `torch.cuda.amp.autocast(args...)` is deprecated. Please use `torch.amp.autocast('cuda', args...)` instead.\n"}
,{"stream_name":"stderr","time":795.508254237,"data":"  with torch.cuda.amp.autocast(enabled=DEVICE.type == \"cuda\", dtype=torch.float16):\n"}
,{"stream_name":"stdout","time":795.926878054,"data":"regime=full valid=10/55 acc=1.0000\n"}
,{"stream_name":"stderr","time":796.048196574,"data":"/kaggle/src/script.py:350: FutureWarning: `torch.cuda.amp.autocast(args...)` is deprecated. Please use `torch.amp.autocast('cuda', args...)` instead.\n"}
,{"stream_name":"stderr","time":796.048236797,"data":"  with torch.cuda.amp.autocast(enabled=DEVICE.type == \"cuda\", dtype=torch.float16):\n"}
,{"stream_name":"stderr","time":796.606879092,"data":"/kaggle/src/script.py:350: FutureWarning: `torch.cuda.amp.autocast(args...)` is deprecated. Please use `torch.amp.autocast('cuda', args...)` instead.\n"}
,{"stream_name":"stderr","time":796.606914882,"data":"  with torch.cuda.amp.autocast(enabled=DEVICE.type == \"cuda\", dtype=torch.float16):\n"}
,{"stream_name":"stderr","time":797.172860174,"data":"/kaggle/src/script.py:350: FutureWarning: `torch.cuda.amp.autocast(args...)` is deprecated. Please use `torch.amp.autocast('cuda', args...)` instead.\n"}
,{"stream_name":"stderr","time":797.172897869,"data":"  with torch.cuda.amp.autocast(enabled=DEVICE.type == \"cuda\", dtype=torch.float16):\n"}
,{"stream_name":"stderr","time":797.726807784,"data":"/kaggle/src/script.py:350: FutureWarning: `torch.cuda.amp.autocast(args...)` is deprecated. Please use `torch.amp.autocast('cuda', args...)` instead.\n"}
,{"stream_name":"stderr","time":797.726849186,"data":"  with torch.cuda.amp.autocast(enabled=DEVICE.type == \"cuda\", dtype=torch.float16):\n"}
,{"stream_name":"stderr","time":798.277688211,"data":"/kaggle/src/script.py:350: FutureWarning: `torch.cuda.amp.autocast(args...)` is deprecated. Please use `torch.amp.autocast('cuda', args...)` instead.\n"}
,{"stream_name":"stderr","time":798.277730366,"data":"  with torch.cuda.amp.autocast(enabled=DEVICE.type == \"cuda\", dtype=torch.float16):\n"}
,{"stream_name":"stdout","time":798.711553323,"data":"regime=full valid=15/55 acc=1.0000\n"}
,{"stream_name":"stderr","time":798.833908026,"data":"/kaggle/src/script.py:350: FutureWarning: `torch.cuda.amp.autocast(args...)` is deprecated. Please use `torch.amp.autocast('cuda', args...)` instead.\n"}
,{"stream_name":"stderr","time":798.833967974,"data":"  with torch.cuda.amp.autocast(enabled=DEVICE.type == \"cuda\", dtype=torch.float16):\n"}
,{"stream_name":"stderr","time":799.390683067,"data":"/kaggle/src/script.py:350: FutureWarning: `torch.cuda.amp.autocast(args...)` is deprecated. Please use `torch.amp.autocast('cuda', args...)` instead.\n"}
,{"stream_name":"stderr","time":799.390746942,"data":"  with torch.cuda.amp.autocast(enabled=DEVICE.type == \"cuda\", dtype=torch.float16):\n"}
,{"stream_name":"stderr","time":799.932376622,"data":"/kaggle/src/script.py:350: FutureWarning: `torch.cuda.amp.autocast(args...)` is deprecated. Please use `torch.amp.autocast('cuda', args...)` instead.\n"}
,{"stream_name":"stderr","time":799.932410277,"data":"  with torch.cuda.amp.autocast(enabled=DEVICE.type == \"cuda\", dtype=torch.float16):\n"}
,{"stream_name":"stderr","time":800.461214867,"data":"/kaggle/src/script.py:350: FutureWarning: `torch.cuda.amp.autocast(args...)` is deprecated. Please use `torch.amp.autocast('cuda', args...)` instead.\n"}
,{"stream_name":"stderr","time":800.46124987,"data":"  with torch.cuda.amp.autocast(enabled=DEVICE.type == \"cuda\", dtype=torch.float16):\n"}
,{"stream_name":"stderr","time":800.988383813,"data":"/kaggle/src/script.py:350: FutureWarning: `torch.cuda.amp.autocast(args...)` is deprecated. Please use `torch.amp.autocast('cuda', args...)` instead.\n"}
,{"stream_name":"stderr","time":800.988460573,"data":"  with torch.cuda.amp.autocast(enabled=DEVICE.type == \"cuda\", dtype=torch.float16):\n"}
,{"stream_name":"stdout","time":801.419714168,"data":"regime=full valid=20/55 acc=0.9667\n"}
,{"stream_name":"stderr","time":801.542166302,"data":"/kaggle/src/script.py:350: FutureWarning: `torch.cuda.amp.autocast(args...)` is deprecated. Please use `torch.amp.autocast('cuda', args...)` instead.\n"}
,{"stream_name":"stderr","time":801.542201979,"data":"  with torch.cuda.amp.autocast(enabled=DEVICE.type == \"cuda\", dtype=torch.float16):\n"}
,{"stream_name":"stderr","time":802.120432729,"data":"/kaggle/src/script.py:350: FutureWarning: `torch.cuda.amp.autocast(args...)` is deprecated. Please use `torch.amp.autocast('cuda', args...)` instead.\n"}
,{"stream_name":"stderr","time":802.120470806,"data":"  with torch.cuda.amp.autocast(enabled=DEVICE.type == \"cuda\", dtype=torch.float16):\n"}
,{"stream_name":"stderr","time":802.670097687,"data":"/kaggle/src/script.py:350: FutureWarning: `torch.cuda.amp.autocast(args...)` is deprecated. Please use `torch.amp.autocast('cuda', args...)` instead.\n"}
,{"stream_name":"stderr","time":802.670130802,"data":"  with torch.cuda.amp.autocast(enabled=DEVICE.type == \"cuda\", dtype=torch.float16):\n"}
,{"stream_name":"stderr","time":803.238001409,"data":"/kaggle/src/script.py:350: FutureWarning: `torch.cuda.amp.autocast(args...)` is deprecated. Please use `torch.amp.autocast('cuda', args...)` instead.\n"}
,{"stream_name":"stderr","time":803.238041254,"data":"  with torch.cuda.amp.autocast(enabled=DEVICE.type == \"cuda\", dtype=torch.float16):\n"}
,{"stream_name":"stderr","time":803.796035502,"data":"/kaggle/src/script.py:350: FutureWarning: `torch.cuda.amp.autocast(args...)` is deprecated. Please use `torch.amp.autocast('cuda', args...)` instead.\n"}
,{"stream_name":"stderr","time":803.79607122,"data":"  with torch.cuda.amp.autocast(enabled=DEVICE.type == \"cuda\", dtype=torch.float16):\n"}
,{"stream_name":"stdout","time":804.205283194,"data":"regime=full valid=25/55 acc=0.9200\n"}
,{"stream_name":"stderr","time":804.321585528,"data":"/kaggle/src/script.py:350: FutureWarning: `torch.cuda.amp.autocast(args...)` is deprecated. Please use `torch.amp.autocast('cuda', args...)` instead.\n"}
,{"stream_name":"stderr","time":804.321621335,"data":"  with torch.cuda.amp.autocast(enabled=DEVICE.type == \"cuda\", dtype=torch.float16):\n"}
,{"stream_name":"stderr","time":804.863932896,"data":"/kaggle/src/script.py:350: FutureWarning: `torch.cuda.amp.autocast(args...)` is deprecated. Please use `torch.amp.autocast('cuda', args...)` instead.\n"}
,{"stream_name":"stderr","time":804.86396658,"data":"  with torch.cuda.amp.autocast(enabled=DEVICE.type == \"cuda\", dtype=torch.float16):\n"}
,{"stream_name":"stderr","time":805.395539402,"data":"/kaggle/src/script.py:350: FutureWarning: `torch.cuda.amp.autocast(args...)` is deprecated. Please use `torch.amp.autocast('cuda', args...)` instead.\n"}
,{"stream_name":"stderr","time":805.395572553,"data":"  with torch.cuda.amp.autocast(enabled=DEVICE.type == \"cuda\", dtype=torch.float16):\n"}
,{"stream_name":"stderr","time":805.940270366,"data":"/kaggle/src/script.py:350: FutureWarning: `torch.cuda.amp.autocast(args...)` is deprecated. Please use `torch.amp.autocast('cuda', args...)` instead.\n"}
,{"stream_name":"stderr","time":805.940318992,"data":"  with torch.cuda.amp.autocast(enabled=DEVICE.type == \"cuda\", dtype=torch.float16):\n"}
,{"stream_name":"stderr","time":806.479424212,"data":"/kaggle/src/script.py:350: FutureWarning: `torch.cuda.amp.autocast(args...)` is deprecated. Please use `torch.amp.autocast('cuda', args...)` instead.\n"}
,{"stream_name":"stderr","time":806.479480275,"data":"  with torch.cuda.amp.autocast(enabled=DEVICE.type == \"cuda\", dtype=torch.float16):\n"}
,{"stream_name":"stdout","time":806.930739367,"data":"regime=full valid=30/55 acc=0.9111\n"}
,{"stream_name":"stderr","time":807.041331616,"data":"/kaggle/src/script.py:350: FutureWarning: `torch.cuda.amp.autocast(args...)` is deprecated. Please use `torch.amp.autocast('cuda', args...)` instead.\n"}
,{"stream_name":"stderr","time":807.041369275,"data":"  with torch.cuda.amp.autocast(enabled=DEVICE.type == \"cuda\", dtype=torch.float16):\n"}
,{"stream_name":"stderr","time":807.57184638,"data":"/kaggle/src/script.py:350: FutureWarning: `torch.cuda.amp.autocast(args...)` is deprecated. Please use `torch.amp.autocast('cuda', args...)` instead.\n"}
,{"stream_name":"stderr","time":807.571898929,"data":"  with torch.cuda.amp.autocast(enabled=DEVICE.type == \"cuda\", dtype=torch.float16):\n"}
,{"stream_name":"stderr","time":808.104571716,"data":"/kaggle/src/script.py:350: FutureWarning: `torch.cuda.amp.autocast(args...)` is deprecated. Please use `torch.amp.autocast('cuda', args...)` instead.\n"}
,{"stream_name":"stderr","time":808.104607015,"data":"  with torch.cuda.amp.autocast(enabled=DEVICE.type == \"cuda\", dtype=torch.float16):\n"}
,{"stream_name":"stderr","time":808.642763353,"data":"/kaggle/src/script.py:350: FutureWarning: `torch.cuda.amp.autocast(args...)` is deprecated. Please use `torch.amp.autocast('cuda', args...)` instead.\n"}
,{"stream_name":"stderr","time":808.642797802,"data":"  with torch.cuda.amp.autocast(enabled=DEVICE.type == \"cuda\", dtype=torch.float16):\n"}
,{"stream_name":"stderr","time":809.200341654,"data":"/kaggle/src/script.py:350: FutureWarning: `torch.cuda.amp.autocast(args...)` is deprecated. Please use `torch.amp.autocast('cuda', args...)` instead.\n"}
,{"stream_name":"stderr","time":809.200372749,"data":"  with torch.cuda.amp.autocast(enabled=DEVICE.type == \"cuda\", dtype=torch.float16):\n"}
,{"stream_name":"stdout","time":809.646798806,"data":"regime=full valid=35/55 acc=0.9048\n"}
,{"stream_name":"stderr","time":809.753982289,"data":"/kaggle/src/script.py:350: FutureWarning: `torch.cuda.amp.autocast(args...)` is deprecated. Please use `torch.amp.autocast('cuda', args...)` instead.\n"}
,{"stream_name":"stderr","time":809.754019048,"data":"  with torch.cuda.amp.autocast(enabled=DEVICE.type == \"cuda\", dtype=torch.float16):\n"}
,{"stream_name":"stderr","time":810.29639782,"data":"/kaggle/src/script.py:350: FutureWarning: `torch.cuda.amp.autocast(args...)` is deprecated. Please use `torch.amp.autocast('cuda', args...)` instead.\n"}
,{"stream_name":"stderr","time":810.296634625,"data":"  with torch.cuda.amp.autocast(enabled=DEVICE.type == \"cuda\", dtype=torch.float16):\n"}
,{"stream_name":"stderr","time":810.851610712,"data":"/kaggle/src/script.py:350: FutureWarning: `torch.cuda.amp.autocast(args...)` is deprecated. Please use `torch.amp.autocast('cuda', args...)` instead.\n"}
,{"stream_name":"stderr","time":810.851649064,"data":"  with torch.cuda.amp.autocast(enabled=DEVICE.type == \"cuda\", dtype=torch.float16):\n"}
,{"stream_name":"stderr","time":811.411172669,"data":"/kaggle/src/script.py:350: FutureWarning: `torch.cuda.amp.autocast(args...)` is deprecated. Please use `torch.amp.autocast('cuda', args...)` instead.\n"}
,{"stream_name":"stderr","time":811.411238877,"data":"  with torch.cuda.amp.autocast(enabled=DEVICE.type == \"cuda\", dtype=torch.float16):\n"}
,{"stream_name":"stderr","time":811.972936087,"data":"/kaggle/src/script.py:350: FutureWarning: `torch.cuda.amp.autocast(args...)` is deprecated. Please use `torch.amp.autocast('cuda', args...)` instead.\n"}
,{"stream_name":"stderr","time":811.972985855,"data":"  with torch.cuda.amp.autocast(enabled=DEVICE.type == \"cuda\", dtype=torch.float16):\n"}
,{"stream_name":"stdout","time":812.426360618,"data":"regime=full valid=40/55 acc=0.8833\n"}
,{"stream_name":"stderr","time":812.55118216,"data":"/kaggle/src/script.py:350: FutureWarning: `torch.cuda.amp.autocast(args...)` is deprecated. Please use `torch.amp.autocast('cuda', args...)` instead.\n"}
,{"stream_name":"stderr","time":812.551220688,"data":"  with torch.cuda.amp.autocast(enabled=DEVICE.type == \"cuda\", dtype=torch.float16):\n"}
,{"stream_name":"stderr","time":813.102747972,"data":"/kaggle/src/script.py:350: FutureWarning: `torch.cuda.amp.autocast(args...)` is deprecated. Please use `torch.amp.autocast('cuda', args...)` instead.\n"}
,{"stream_name":"stderr","time":813.10278267,"data":"  with torch.cuda.amp.autocast(enabled=DEVICE.type == \"cuda\", dtype=torch.float16):\n"}
,{"stream_name":"stderr","time":813.636881105,"data":"/kaggle/src/script.py:350: FutureWarning: `torch.cuda.amp.autocast(args...)` is deprecated. Please use `torch.amp.autocast('cuda', args...)` instead.\n"}
,{"stream_name":"stderr","time":813.636918999,"data":"  with torch.cuda.amp.autocast(enabled=DEVICE.type == \"cuda\", dtype=torch.float16):\n"}
,{"stream_name":"stderr","time":814.181483154,"data":"/kaggle/src/script.py:350: FutureWarning: `torch.cuda.amp.autocast(args...)` is deprecated. Please use `torch.amp.autocast('cuda', args...)` instead.\n"}
,{"stream_name":"stderr","time":814.181534791,"data":"  with torch.cuda.amp.autocast(enabled=DEVICE.type == \"cuda\", dtype=torch.float16):\n"}
,{"stream_name":"stderr","time":814.703719906,"data":"/kaggle/src/script.py:350: FutureWarning: `torch.cuda.amp.autocast(args...)` is deprecated. Please use `torch.amp.autocast('cuda', args...)` instead.\n"}
,{"stream_name":"stderr","time":814.703753215,"data":"  with torch.cuda.amp.autocast(enabled=DEVICE.type == \"cuda\", dtype=torch.float16):\n"}
,{"stream_name":"stdout","time":815.131151405,"data":"regime=full valid=45/55 acc=0.8741\n"}
,{"stream_name":"stderr","time":815.238703643,"data":"/kaggle/src/script.py:350: FutureWarning: `torch.cuda.amp.autocast(args...)` is deprecated. Please use `torch.amp.autocast('cuda', args...)` instead.\n"}
,{"stream_name":"stderr","time":815.238738203,"data":"  with torch.cuda.amp.autocast(enabled=DEVICE.type == \"cuda\", dtype=torch.float16):\n"}
,{"stream_name":"stderr","time":815.786501406,"data":"/kaggle/src/script.py:350: FutureWarning: `torch.cuda.amp.autocast(args...)` is deprecated. Please use `torch.amp.autocast('cuda', args...)` instead.\n"}
,{"stream_name":"stderr","time":815.786539946,"data":"  with torch.cuda.amp.autocast(enabled=DEVICE.type == \"cuda\", dtype=torch.float16):\n"}
,{"stream_name":"stderr","time":816.320950834,"data":"/kaggle/src/script.py:350: FutureWarning: `torch.cuda.amp.autocast(args...)` is deprecated. Please use `torch.amp.autocast('cuda', args...)` instead.\n"}
,{"stream_name":"stderr","time":816.321001931,"data":"  with torch.cuda.amp.autocast(enabled=DEVICE.type == \"cuda\", dtype=torch.float16):\n"}
,{"stream_name":"stderr","time":816.842521971,"data":"/kaggle/src/script.py:350: FutureWarning: `torch.cuda.amp.autocast(args...)` is deprecated. Please use `torch.amp.autocast('cuda', args...)` instead.\n"}
,{"stream_name":"stderr","time":816.842568446,"data":"  with torch.cuda.amp.autocast(enabled=DEVICE.type == \"cuda\", dtype=torch.float16):\n"}
,{"stream_name":"stderr","time":817.386421285,"data":"/kaggle/src/script.py:350: FutureWarning: `torch.cuda.amp.autocast(args...)` is deprecated. Please use `torch.amp.autocast('cuda', args...)` instead.\n"}
,{"stream_name":"stderr","time":817.386464176,"data":"  with torch.cuda.amp.autocast(enabled=DEVICE.type == \"cuda\", dtype=torch.float16):\n"}
,{"stream_name":"stdout","time":817.817544386,"data":"regime=full valid=50/55 acc=0.8867\n"}
,{"stream_name":"stderr","time":817.92666184,"data":"/kaggle/src/script.py:350: FutureWarning: `torch.cuda.amp.autocast(args...)` is deprecated. Please use `torch.amp.autocast('cuda', args...)` instead.\n"}
,{"stream_name":"stderr","time":817.926723795,"data":"  with torch.cuda.amp.autocast(enabled=DEVICE.type == \"cuda\", dtype=torch.float16):\n"}
,{"stream_name":"stderr","time":818.469596428,"data":"/kaggle/src/script.py:350: FutureWarning: `torch.cuda.amp.autocast(args...)` is deprecated. Please use `torch.amp.autocast('cuda', args...)` instead.\n"}
,{"stream_name":"stderr","time":818.469635151,"data":"  with torch.cuda.amp.autocast(enabled=DEVICE.type == \"cuda\", dtype=torch.float16):\n"}
,{"stream_name":"stderr","time":819.014468651,"data":"/kaggle/src/script.py:350: FutureWarning: `torch.cuda.amp.autocast(args...)` is deprecated. Please use `torch.amp.autocast('cuda', args...)` instead.\n"}
,{"stream_name":"stderr","time":819.014502063,"data":"  with torch.cuda.amp.autocast(enabled=DEVICE.type == \"cuda\", dtype=torch.float16):\n"}
,{"stream_name":"stderr","time":819.553196172,"data":"/kaggle/src/script.py:350: FutureWarning: `torch.cuda.amp.autocast(args...)` is deprecated. Please use `torch.amp.autocast('cuda', args...)` instead.\n"}
,{"stream_name":"stderr","time":819.553240282,"data":"  with torch.cuda.amp.autocast(enabled=DEVICE.type == \"cuda\", dtype=torch.float16):\n"}
,{"stream_name":"stderr","time":820.111310976,"data":"/kaggle/src/script.py:350: FutureWarning: `torch.cuda.amp.autocast(args...)` is deprecated. Please use `torch.amp.autocast('cuda', args...)` instead.\n"}
,{"stream_name":"stderr","time":820.111346288,"data":"  with torch.cuda.amp.autocast(enabled=DEVICE.type == \"cuda\", dtype=torch.float16):\n"}
,{"stream_name":"stdout","time":820.533113693,"data":"regime=full valid=55/55 acc=0.8606\n"}
,{"stream_name":"stderr","time":820.633559523,"data":"/kaggle/src/script.py:350: FutureWarning: `torch.cuda.amp.autocast(args...)` is deprecated. Please use `torch.amp.autocast('cuda', args...)` instead.\n"}
,{"stream_name":"stderr","time":820.633593269,"data":"  with torch.cuda.amp.autocast(enabled=DEVICE.type == \"cuda\", dtype=torch.float16):\n"}
,{"stream_name":"stderr","time":820.982254091,"data":"/kaggle/src/script.py:350: FutureWarning: `torch.cuda.amp.autocast(args...)` is deprecated. Please use `torch.amp.autocast('cuda', args...)` instead.\n"}
,{"stream_name":"stderr","time":820.982293791,"data":"  with torch.cuda.amp.autocast(enabled=DEVICE.type == \"cuda\", dtype=torch.float16):\n"}
,{"stream_name":"stderr","time":821.354397627,"data":"/kaggle/src/script.py:350: FutureWarning: `torch.cuda.amp.autocast(args...)` is deprecated. Please use `torch.amp.autocast('cuda', args...)` instead.\n"}
,{"stream_name":"stderr","time":821.354449755,"data":"  with torch.cuda.amp.autocast(enabled=DEVICE.type == \"cuda\", dtype=torch.float16):\n"}
,{"stream_name":"stderr","time":821.86513821,"data":"/kaggle/src/script.py:350: FutureWarning: `torch.cuda.amp.autocast(args...)` is deprecated. Please use `torch.amp.autocast('cuda', args...)` instead.\n"}
,{"stream_name":"stderr","time":821.865197653,"data":"  with torch.cuda.amp.autocast(enabled=DEVICE.type == \"cuda\", dtype=torch.float16):\n"}
,{"stream_name":"stderr","time":822.220138875,"data":"/kaggle/src/script.py:350: FutureWarning: `torch.cuda.amp.autocast(args...)` is deprecated. Please use `torch.amp.autocast('cuda', args...)` instead.\n"}
,{"stream_name":"stderr","time":822.22018017,"data":"  with torch.cuda.amp.autocast(enabled=DEVICE.type == \"cuda\", dtype=torch.float16):\n"}
,{"stream_name":"stdout","time":822.463905179,"data":"regime=pair valid=5/55 acc=0.8182\n"}
,{"stream_name":"stderr","time":822.562088887,"data":"/kaggle/src/script.py:350: FutureWarning: `torch.cuda.amp.autocast(args...)` is deprecated. Please use `torch.amp.autocast('cuda', args...)` instead.\n"}
,{"stream_name":"stderr","time":822.562142241,"data":"  with torch.cuda.amp.autocast(enabled=DEVICE.type == \"cuda\", dtype=torch.float16):\n"}
,{"stream_name":"stderr","time":823.058770855,"data":"/kaggle/src/script.py:350: FutureWarning: `torch.cuda.amp.autocast(args...)` is deprecated. Please use `torch.amp.autocast('cuda', args...)` instead.\n"}
,{"stream_name":"stderr","time":823.05881976,"data":"  with torch.cuda.amp.autocast(enabled=DEVICE.type == \"cuda\", dtype=torch.float16):\n"}
,{"stream_name":"stderr","time":823.565826839,"data":"/kaggle/src/script.py:350: FutureWarning: `torch.cuda.amp.autocast(args...)` is deprecated. Please use `torch.amp.autocast('cuda', args...)` instead.\n"}
,{"stream_name":"stderr","time":823.565869193,"data":"  with torch.cuda.amp.autocast(enabled=DEVICE.type == \"cuda\", dtype=torch.float16):\n"}
,{"stream_name":"stderr","time":823.916261349,"data":"/kaggle/src/script.py:350: FutureWarning: `torch.cuda.amp.autocast(args...)` is deprecated. Please use `torch.amp.autocast('cuda', args...)` instead.\n"}
,{"stream_name":"stderr","time":823.916320925,"data":"  with torch.cuda.amp.autocast(enabled=DEVICE.type == \"cuda\", dtype=torch.float16):\n"}
,{"stream_name":"stderr","time":824.427041916,"data":"/kaggle/src/script.py:350: FutureWarning: `torch.cuda.amp.autocast(args...)` is deprecated. Please use `torch.amp.autocast('cuda', args...)` instead.\n"}
,{"stream_name":"stderr","time":824.427105868,"data":"  with torch.cuda.amp.autocast(enabled=DEVICE.type == \"cuda\", dtype=torch.float16):\n"}
,{"stream_name":"stdout","time":824.827745863,"data":"regime=pair valid=10/55 acc=0.8800\n"}
,{"stream_name":"stderr","time":824.941668014,"data":"/kaggle/src/script.py:350: FutureWarning: `torch.cuda.amp.autocast(args...)` is deprecated. Please use `torch.amp.autocast('cuda', args...)` instead.\n"}
,{"stream_name":"stderr","time":824.941710019,"data":"  with torch.cuda.amp.autocast(enabled=DEVICE.type == \"cuda\", dtype=torch.float16):\n"}
,{"stream_name":"stderr","time":825.306345641,"data":"/kaggle/src/script.py:350: FutureWarning: `torch.cuda.amp.autocast(args...)` is deprecated. Please use `torch.amp.autocast('cuda', args...)` instead.\n"}
,{"stream_name":"stderr","time":825.306390414,"data":"  with torch.cuda.amp.autocast(enabled=DEVICE.type == \"cuda\", dtype=torch.float16):\n"}
,{"stream_name":"stderr","time":825.659182499,"data":"/kaggle/src/script.py:350: FutureWarning: `torch.cuda.amp.autocast(args...)` is deprecated. Please use `torch.amp.autocast('cuda', args...)` instead.\n"}
,{"stream_name":"stderr","time":825.65921859,"data":"  with torch.cuda.amp.autocast(enabled=DEVICE.type == \"cuda\", dtype=torch.float16):\n"}
,{"stream_name":"stderr","time":826.187901801,"data":"/kaggle/src/script.py:350: FutureWarning: `torch.cuda.amp.autocast(args...)` is deprecated. Please use `torch.amp.autocast('cuda', args...)` instead.\n"}
,{"stream_name":"stderr","time":826.187937323,"data":"  with torch.cuda.amp.autocast(enabled=DEVICE.type == \"cuda\", dtype=torch.float16):\n"}
,{"stream_name":"stderr","time":826.542701631,"data":"/kaggle/src/script.py:350: FutureWarning: `torch.cuda.amp.autocast(args...)` is deprecated. Please use `torch.amp.autocast('cuda', args...)` instead.\n"}
,{"stream_name":"stderr","time":826.542736174,"data":"  with torch.cuda.amp.autocast(enabled=DEVICE.type == \"cuda\", dtype=torch.float16):\n"}
,{"stream_name":"stdout","time":826.963324806,"data":"regime=pair valid=15/55 acc=0.8378\n"}
,{"stream_name":"stderr","time":827.073093805,"data":"/kaggle/src/script.py:350: FutureWarning: `torch.cuda.amp.autocast(args...)` is deprecated. Please use `torch.amp.autocast('cuda', args...)` instead.\n"}
,{"stream_name":"stderr","time":827.073170729,"data":"  with torch.cuda.amp.autocast(enabled=DEVICE.type == \"cuda\", dtype=torch.float16):\n"}
,{"stream_name":"stderr","time":827.430471738,"data":"/kaggle/src/script.py:350: FutureWarning: `torch.cuda.amp.autocast(args...)` is deprecated. Please use `torch.amp.autocast('cuda', args...)` instead.\n"}
,{"stream_name":"stderr","time":827.43054793,"data":"  with torch.cuda.amp.autocast(enabled=DEVICE.type == \"cuda\", dtype=torch.float16):\n"}
,{"stream_name":"stderr","time":827.948821736,"data":"/kaggle/src/script.py:350: FutureWarning: `torch.cuda.amp.autocast(args...)` is deprecated. Please use `torch.amp.autocast('cuda', args...)` instead.\n"}
,{"stream_name":"stderr","time":827.948860132,"data":"  with torch.cuda.amp.autocast(enabled=DEVICE.type == \"cuda\", dtype=torch.float16):\n"}
,{"stream_name":"stderr","time":828.453817918,"data":"/kaggle/src/script.py:350: FutureWarning: `torch.cuda.amp.autocast(args...)` is deprecated. Please use `torch.amp.autocast('cuda', args...)` instead.\n"}
,{"stream_name":"stderr","time":828.453862991,"data":"  with torch.cuda.amp.autocast(enabled=DEVICE.type == \"cuda\", dtype=torch.float16):\n"}
,{"stream_name":"stderr","time":828.952454831,"data":"/kaggle/src/script.py:350: FutureWarning: `torch.cuda.amp.autocast(args...)` is deprecated. Please use `torch.amp.autocast('cuda', args...)` instead.\n"}
,{"stream_name":"stderr","time":828.952494303,"data":"  with torch.cuda.amp.autocast(enabled=DEVICE.type == \"cuda\", dtype=torch.float16):\n"}
,{"stream_name":"stdout","time":829.355396676,"data":"regime=pair valid=20/55 acc=0.8431\n"}
,{"stream_name":"stderr","time":829.462290582,"data":"/kaggle/src/script.py:350: FutureWarning: `torch.cuda.amp.autocast(args...)` is deprecated. Please use `torch.amp.autocast('cuda', args...)` instead.\n"}
,{"stream_name":"stderr","time":829.462337641,"data":"  with torch.cuda.amp.autocast(enabled=DEVICE.type == \"cuda\", dtype=torch.float16):\n"}
,{"stream_name":"stderr","time":829.987531969,"data":"/kaggle/src/script.py:350: FutureWarning: `torch.cuda.amp.autocast(args...)` is deprecated. Please use `torch.amp.autocast('cuda', args...)` instead.\n"}
,{"stream_name":"stderr","time":829.987566442,"data":"  with torch.cuda.amp.autocast(enabled=DEVICE.type == \"cuda\", dtype=torch.float16):\n"}
,{"stream_name":"stderr","time":830.338901328,"data":"/kaggle/src/script.py:350: FutureWarning: `torch.cuda.amp.autocast(args...)` is deprecated. Please use `torch.amp.autocast('cuda', args...)` instead.\n"}
,{"stream_name":"stderr","time":830.33894583,"data":"  with torch.cuda.amp.autocast(enabled=DEVICE.type == \"cuda\", dtype=torch.float16):\n"}
,{"stream_name":"stderr","time":830.872266148,"data":"/kaggle/src/script.py:350: FutureWarning: `torch.cuda.amp.autocast(args...)` is deprecated. Please use `torch.amp.autocast('cuda', args...)` instead.\n"}
,{"stream_name":"stderr","time":830.874339387,"data":"  with torch.cuda.amp.autocast(enabled=DEVICE.type == \"cuda\", dtype=torch.float16):\n"}
,{"stream_name":"stderr","time":831.428816893,"data":"/kaggle/src/script.py:350: FutureWarning: `torch.cuda.amp.autocast(args...)` is deprecated. Please use `torch.amp.autocast('cuda', args...)` instead.\n"}
,{"stream_name":"stderr","time":831.42888107,"data":"  with torch.cuda.amp.autocast(enabled=DEVICE.type == \"cuda\", dtype=torch.float16):\n"}
,{"stream_name":"stdout","time":831.66469814,"data":"regime=pair valid=25/55 acc=0.7969\n"}
,{"stream_name":"stderr","time":831.769339263,"data":"/kaggle/src/script.py:350: FutureWarning: `torch.cuda.amp.autocast(args...)` is deprecated. Please use `torch.amp.autocast('cuda', args...)` instead.\n"}
,{"stream_name":"stderr","time":831.769371317,"data":"  with torch.cuda.amp.autocast(enabled=DEVICE.type == \"cuda\", dtype=torch.float16):\n"}
,{"stream_name":"stderr","time":832.289615478,"data":"/kaggle/src/script.py:350: FutureWarning: `torch.cuda.amp.autocast(args...)` is deprecated. Please use `torch.amp.autocast('cuda', args...)` instead.\n"}
,{"stream_name":"stderr","time":832.28965167,"data":"  with torch.cuda.amp.autocast(enabled=DEVICE.type == \"cuda\", dtype=torch.float16):\n"}
,{"stream_name":"stderr","time":832.638616912,"data":"/kaggle/src/script.py:350: FutureWarning: `torch.cuda.amp.autocast(args...)` is deprecated. Please use `torch.amp.autocast('cuda', args...)` instead.\n"}
,{"stream_name":"stderr","time":832.638652173,"data":"  with torch.cuda.amp.autocast(enabled=DEVICE.type == \"cuda\", dtype=torch.float16):\n"}
,{"stream_name":"stderr","time":833.156840617,"data":"/kaggle/src/script.py:350: FutureWarning: `torch.cuda.amp.autocast(args...)` is deprecated. Please use `torch.amp.autocast('cuda', args...)` instead.\n"}
,{"stream_name":"stderr","time":833.15688363,"data":"  with torch.cuda.amp.autocast(enabled=DEVICE.type == \"cuda\", dtype=torch.float16):\n"}
,{"stream_name":"stderr","time":833.669247819,"data":"/kaggle/src/script.py:350: FutureWarning: `torch.cuda.amp.autocast(args...)` is deprecated. Please use `torch.amp.autocast('cuda', args...)` instead.\n"}
,{"stream_name":"stderr","time":833.669302834,"data":"  with torch.cuda.amp.autocast(enabled=DEVICE.type == \"cuda\", dtype=torch.float16):\n"}
,{"stream_name":"stdout","time":834.093882357,"data":"regime=pair valid=30/55 acc=0.8333\n"}
,{"stream_name":"stderr","time":834.194120275,"data":"/kaggle/src/script.py:350: FutureWarning: `torch.cuda.amp.autocast(args...)` is deprecated. Please use `torch.amp.autocast('cuda', args...)` instead.\n"}
,{"stream_name":"stderr","time":834.194156958,"data":"  with torch.cuda.amp.autocast(enabled=DEVICE.type == \"cuda\", dtype=torch.float16):\n"}
,{"stream_name":"stderr","time":834.533273265,"data":"/kaggle/src/script.py:350: FutureWarning: `torch.cuda.amp.autocast(args...)` is deprecated. Please use `torch.amp.autocast('cuda', args...)` instead.\n"}
,{"stream_name":"stderr","time":834.533325824,"data":"  with torch.cuda.amp.autocast(enabled=DEVICE.type == \"cuda\", dtype=torch.float16):\n"}
,{"stream_name":"stderr","time":834.872168395,"data":"/kaggle/src/script.py:350: FutureWarning: `torch.cuda.amp.autocast(args...)` is deprecated. Please use `torch.amp.autocast('cuda', args...)` instead.\n"}
,{"stream_name":"stderr","time":834.872204193,"data":"  with torch.cuda.amp.autocast(enabled=DEVICE.type == \"cuda\", dtype=torch.float16):\n"}
,{"stream_name":"stderr","time":835.225335471,"data":"/kaggle/src/script.py:350: FutureWarning: `torch.cuda.amp.autocast(args...)` is deprecated. Please use `torch.amp.autocast('cuda', args...)` instead.\n"}
,{"stream_name":"stderr","time":835.225371928,"data":"  with torch.cuda.amp.autocast(enabled=DEVICE.type == \"cuda\", dtype=torch.float16):\n"}
,{"stream_name":"stderr","time":835.581114689,"data":"/kaggle/src/script.py:350: FutureWarning: `torch.cuda.amp.autocast(args...)` is deprecated. Please use `torch.amp.autocast('cuda', args...)` instead.\n"}
,{"stream_name":"stderr","time":835.581149428,"data":"  with torch.cuda.amp.autocast(enabled=DEVICE.type == \"cuda\", dtype=torch.float16):\n"}
,{"stream_name":"stdout","time":835.823223214,"data":"regime=pair valid=35/55 acc=0.8068\n"}
,{"stream_name":"stderr","time":835.921697438,"data":"/kaggle/src/script.py:350: FutureWarning: `torch.cuda.amp.autocast(args...)` is deprecated. Please use `torch.amp.autocast('cuda', args...)` instead.\n"}
,{"stream_name":"stderr","time":835.921738253,"data":"  with torch.cuda.amp.autocast(enabled=DEVICE.type == \"cuda\", dtype=torch.float16):\n"}
,{"stream_name":"stderr","time":836.267263117,"data":"/kaggle/src/script.py:350: FutureWarning: `torch.cuda.amp.autocast(args...)` is deprecated. Please use `torch.amp.autocast('cuda', args...)` instead.\n"}
,{"stream_name":"stderr","time":836.26733385,"data":"  with torch.cuda.amp.autocast(enabled=DEVICE.type == \"cuda\", dtype=torch.float16):\n"}
,{"stream_name":"stderr","time":836.620089729,"data":"/kaggle/src/script.py:350: FutureWarning: `torch.cuda.amp.autocast(args...)` is deprecated. Please use `torch.amp.autocast('cuda', args...)` instead.\n"}
,{"stream_name":"stderr","time":836.620152428,"data":"  with torch.cuda.amp.autocast(enabled=DEVICE.type == \"cuda\", dtype=torch.float16):\n"}
,{"stream_name":"stderr","time":837.128877236,"data":"/kaggle/src/script.py:350: FutureWarning: `torch.cuda.amp.autocast(args...)` is deprecated. Please use `torch.amp.autocast('cuda', args...)` instead.\n"}
,{"stream_name":"stderr","time":837.128914551,"data":"  with torch.cuda.amp.autocast(enabled=DEVICE.type == \"cuda\", dtype=torch.float16):\n"}
,{"stream_name":"stderr","time":837.65332399,"data":"/kaggle/src/script.py:350: FutureWarning: `torch.cuda.amp.autocast(args...)` is deprecated. Please use `torch.amp.autocast('cuda', args...)` instead.\n"}
,{"stream_name":"stderr","time":837.6533615,"data":"  with torch.cuda.amp.autocast(enabled=DEVICE.type == \"cuda\", dtype=torch.float16):\n"}
,{"stream_name":"stdout","time":838.075438809,"data":"regime=pair valid=40/55 acc=0.7822\n"}
,{"stream_name":"stderr","time":838.189446114,"data":"/kaggle/src/script.py:350: FutureWarning: `torch.cuda.amp.autocast(args...)` is deprecated. Please use `torch.amp.autocast('cuda', args...)` instead.\n"}
,{"stream_name":"stderr","time":838.189479996,"data":"  with torch.cuda.amp.autocast(enabled=DEVICE.type == \"cuda\", dtype=torch.float16):\n"}
,{"stream_name":"stderr","time":838.704251751,"data":"/kaggle/src/script.py:350: FutureWarning: `torch.cuda.amp.autocast(args...)` is deprecated. Please use `torch.amp.autocast('cuda', args...)` instead.\n"}
,{"stream_name":"stderr","time":838.70443098,"data":"  with torch.cuda.amp.autocast(enabled=DEVICE.type == \"cuda\", dtype=torch.float16):\n"}
,{"stream_name":"stderr","time":839.21919628,"data":"/kaggle/src/script.py:350: FutureWarning: `torch.cuda.amp.autocast(args...)` is deprecated. Please use `torch.amp.autocast('cuda', args...)` instead.\n"}
,{"stream_name":"stderr","time":839.219232653,"data":"  with torch.cuda.amp.autocast(enabled=DEVICE.type == \"cuda\", dtype=torch.float16):\n"}
,{"stream_name":"stderr","time":839.554063418,"data":"/kaggle/src/script.py:350: FutureWarning: `torch.cuda.amp.autocast(args...)` is deprecated. Please use `torch.amp.autocast('cuda', args...)` instead.\n"}
,{"stream_name":"stderr","time":839.554103687,"data":"  with torch.cuda.amp.autocast(enabled=DEVICE.type == \"cuda\", dtype=torch.float16):\n"}
,{"stream_name":"stderr","time":840.053108747,"data":"/kaggle/src/script.py:350: FutureWarning: `torch.cuda.amp.autocast(args...)` is deprecated. Please use `torch.amp.autocast('cuda', args...)` instead.\n"}
,{"stream_name":"stderr","time":840.053146713,"data":"  with torch.cuda.amp.autocast(enabled=DEVICE.type == \"cuda\", dtype=torch.float16):\n"}
,{"stream_name":"stdout","time":840.300490068,"data":"regime=pair valid=45/55 acc=0.7456\n"}
,{"stream_name":"stderr","time":840.403042325,"data":"/kaggle/src/script.py:350: FutureWarning: `torch.cuda.amp.autocast(args...)` is deprecated. Please use `torch.amp.autocast('cuda', args...)` instead.\n"}
,{"stream_name":"stderr","time":840.403080482,"data":"  with torch.cuda.amp.autocast(enabled=DEVICE.type == \"cuda\", dtype=torch.float16):\n"}
,{"stream_name":"stderr","time":840.931879897,"data":"/kaggle/src/script.py:350: FutureWarning: `torch.cuda.amp.autocast(args...)` is deprecated. Please use `torch.amp.autocast('cuda', args...)` instead.\n"}
,{"stream_name":"stderr","time":840.931936454,"data":"  with torch.cuda.amp.autocast(enabled=DEVICE.type == \"cuda\", dtype=torch.float16):\n"}
,{"stream_name":"stderr","time":841.453850116,"data":"/kaggle/src/script.py:350: FutureWarning: `torch.cuda.amp.autocast(args...)` is deprecated. Please use `torch.amp.autocast('cuda', args...)` instead.\n"}
,{"stream_name":"stderr","time":841.453889326,"data":"  with torch.cuda.amp.autocast(enabled=DEVICE.type == \"cuda\", dtype=torch.float16):\n"}
,{"stream_name":"stderr","time":841.787405667,"data":"/kaggle/src/script.py:350: FutureWarning: `torch.cuda.amp.autocast(args...)` is deprecated. Please use `torch.amp.autocast('cuda', args...)` instead.\n"}
,{"stream_name":"stderr","time":841.787448615,"data":"  with torch.cuda.amp.autocast(enabled=DEVICE.type == \"cuda\", dtype=torch.float16):\n"}
,{"stream_name":"stderr","time":842.30623297,"data":"/kaggle/src/script.py:350: FutureWarning: `torch.cuda.amp.autocast(args...)` is deprecated. Please use `torch.amp.autocast('cuda', args...)` instead.\n"}
,{"stream_name":"stderr","time":842.306269351,"data":"  with torch.cuda.amp.autocast(enabled=DEVICE.type == \"cuda\", dtype=torch.float16):\n"}
,{"stream_name":"stdout","time":842.728677984,"data":"regime=pair valid=50/55 acc=0.7578\n"}
,{"stream_name":"stderr","time":842.827684375,"data":"/kaggle/src/script.py:350: FutureWarning: `torch.cuda.amp.autocast(args...)` is deprecated. Please use `torch.amp.autocast('cuda', args...)` instead.\n"}
,{"stream_name":"stderr","time":842.827719679,"data":"  with torch.cuda.amp.autocast(enabled=DEVICE.type == \"cuda\", dtype=torch.float16):\n"}
,{"stream_name":"stderr","time":843.179495968,"data":"/kaggle/src/script.py:350: FutureWarning: `torch.cuda.amp.autocast(args...)` is deprecated. Please use `torch.amp.autocast('cuda', args...)` instead.\n"}
,{"stream_name":"stderr","time":843.179560576,"data":"  with torch.cuda.amp.autocast(enabled=DEVICE.type == \"cuda\", dtype=torch.float16):\n"}
,{"stream_name":"stderr","time":843.712655122,"data":"/kaggle/src/script.py:350: FutureWarning: `torch.cuda.amp.autocast(args...)` is deprecated. Please use `torch.amp.autocast('cuda', args...)` instead.\n"}
,{"stream_name":"stderr","time":843.712694903,"data":"  with torch.cuda.amp.autocast(enabled=DEVICE.type == \"cuda\", dtype=torch.float16):\n"}
,{"stream_name":"stderr","time":844.064239314,"data":"/kaggle/src/script.py:350: FutureWarning: `torch.cuda.amp.autocast(args...)` is deprecated. Please use `torch.amp.autocast('cuda', args...)` instead.\n"}
,{"stream_name":"stderr","time":844.064275864,"data":"  with torch.cuda.amp.autocast(enabled=DEVICE.type == \"cuda\", dtype=torch.float16):\n"}
,{"stream_name":"stderr","time":844.613151764,"data":"/kaggle/src/script.py:350: FutureWarning: `torch.cuda.amp.autocast(args...)` is deprecated. Please use `torch.amp.autocast('cuda', args...)` instead.\n"}
,{"stream_name":"stderr","time":844.613190189,"data":"  with torch.cuda.amp.autocast(enabled=DEVICE.type == \"cuda\", dtype=torch.float16):\n"}
,{"stream_name":"stdout","time":844.854466768,"data":"regime=pair valid=55/55 acc=0.7357\n"}
,{"stream_name":"stdout","time":844.864598966,"data":"{\n"}
,{"stream_name":"stdout","time":844.864623715,"data":"  \"model\": \"MCG-NJU/videomae-base-finetuned-kinetics\",\n"}
,{"stream_name":"stdout","time":844.864630127,"data":"  \"fold\": 1,\n"}
,{"stream_name":"stdout","time":844.864634745,"data":"  \"hold_users\": [\n"}
,{"stream_name":"stdout","time":844.864639139,"data":"    \"user1\",\n"}
,{"stream_name":"stdout","time":844.864643774,"data":"    \"user16\",\n"}
,{"stream_name":"stdout","time":844.864648299,"data":"    \"user21\",\n"}
,{"stream_name":"stdout","time":844.864658976,"data":"    \"user24\"\n"}
,{"stream_name":"stdout","time":844.864672312,"data":"  ],\n"}
,{"stream_name":"stdout","time":844.864674737,"data":"  \"frames\": 16,\n"}
,{"stream_name":"stdout","time":844.86467695,"data":"  \"epochs\": 5,\n"}
,{"stream_name":"stdout","time":844.864679168,"data":"  \"unfrozen_blocks\": 2,\n"}
,{"stream_name":"stdout","time":844.864681482,"data":"  \"task\": \"manner_group_plus_ordinal_rank_plus_structured_assignment\",\n"}
,{"stream_name":"stdout","time":844.864683973,"data":"  \"regimes\": {\n"}
,{"stream_name":"stdout","time":844.864686249,"data":"    \"full\": {\n"}
,{"stream_name":"stdout","time":844.864688437,"data":"      \"n\": 165,\n"}
,{"stream_name":"stdout","time":844.864690687,"data":"      \"correct\": 142,\n"}
,{"stream_name":"stdout","time":844.864693053,"data":"      \"accuracy\": 0.8606060606060606\n"}
,{"stream_name":"stdout","time":844.864695375,"data":"    },\n"}
,{"stream_name":"stdout","time":844.86469751,"data":"    \"pair\": {\n"}
,{"stream_name":"stdout","time":844.864699653,"data":"      \"n\": 140,\n"}
,{"stream_name":"stdout","time":844.864701939,"data":"      \"correct\": 103,\n"}
,{"stream_name":"stdout","time":844.864704175,"data":"      \"accuracy\": 0.7357142857142858\n"}
,{"stream_name":"stdout","time":844.864706429,"data":"    }\n"}
,{"stream_name":"stdout","time":844.864708532,"data":"  }\n"}
,{"stream_name":"stdout","time":844.864710726,"data":"}\n"}
,{"stream_name":"stderr","time":848.927465692,"data":"/usr/local/lib/python3.12/dist-packages/mistune.py:435: SyntaxWarning: invalid escape sequence '\\|'\n"}
,{"stream_name":"stderr","time":848.927517548,"data":"  cells[i][c] = re.sub('\\\\\\\\\\|', '|', cell)\n"}
,{"stream_name":"stderr","time":849.136966431,"data":"/usr/local/lib/python3.12/dist-packages/nbconvert/filters/filter_links.py:36: SyntaxWarning: invalid escape sequence '\\_'\n"}
,{"stream_name":"stderr","time":849.137005524,"data":"  text = re.sub(r'_', '\\_', text) # Escape underscores in display text\n"}
,{"stream_name":"stderr","time":849.759369259,"data":"[NbConvertApp] Converting notebook __script__.ipynb to html\n"}
,{"stream_name":"stderr","time":850.641976376,"data":"[NbConvertApp] Writing 369277 bytes to __results__.html\n"}
]