kind,qa_path,user,trial,action,unit_dir,f0,f1,nf,t0,t1,fps
train_hau,HAU/user1/1-1-1,user1,1-1-1,,"/home/fluxx/Workspace/cuchx-large/hf_data_manual/LMT_(IMU,Radar,Skeleton)/Training/HAU/user1/1-1-1",28.0,582.0,555.0,14039319.716,14039375.116,9.999999999932756
train_hau,HAU/user1/1-1-2,user1,1-1-2,,"/home/fluxx/Workspace/cuchx-large/hf_data_manual/LMT_(IMU,Radar,Skeleton)/Training/HAU/user1/1-1-2",29.0,555.0,527.0,14040022.816,14040075.416,10.000000000070823
train_hau,HAU/user1/1-1-3,user1,1-1-3,,"/home/fluxx/Workspace/cuchx-large/hf_data_manual/LMT_(IMU,Radar,Skeleton)/Training/HAU/user1/1-1-3",25.0,224.0,200.0,14040328.416,14040348.316,9.999999999812799
train_hau,HAU/user1/1-2-1,user1,1-2-1,,"/home/fluxx/Workspace/cuchx-large/hf_data_manual/LMT_(IMU,Radar,Skeleton)/Training/HAU/user1/1-2-1",29.0,265.0,237.0,14149682.816,14149706.416,10.00000000015785
train_hau,HAU/user1/1-2-2,user1,1-2-2,,"/home/fluxx/Workspace/cuchx-large/hf_data_manual/LMT_(IMU,Radar,Skeleton)/Training/HAU/user1/1-2-2",,,,,,
train_hau,HAU/user1/1-2-3,user1,1-2-3,,"/home/fluxx/Workspace/cuchx-large/hf_data_manual/LMT_(IMU,Radar,Skeleton)/Training/HAU/user1/1-2-3",19.0,155.0,137.0,,,
train_hau,HAU/user1/2-1-1,user1,2-1-1,,"/home/fluxx/Workspace/cuchx-large/hf_data_manual/LMT_(IMU,Radar,Skeleton)/Training/HAU/user1/2-1-1",17.0,535.0,519.0,,,
train_hau,HAU/user1/2-1-2,user1,2-1-2,,"/home/fluxx/Workspace/cuchx-large/hf_data_manual/LMT_(IMU,Radar,Skeleton)/Training/HAU/user1/2-1-2",28.0,343.0,316.0,14150439.716,14150471.216,10.0
train_hau,HAU/user1/2-1-3,user1,2-1-3,,"/home/fluxx/Workspace/cuchx-large/hf_data_manual/LMT_(IMU,Radar,Skeleton)/Training/HAU/user1/2-1-3",19.0,227.0,209.0,14150605.816,14150626.616,9.9999999996418
train_hau,HAU/user1/2-2-1,user1,2-2-1,,"/home/fluxx/Workspace/cuchx-large/hf_data_manual/LMT_(IMU,Radar,Skeleton)/Training/HAU/user1/2-2-1",20.0,241.0,222.0,14040883.916,14040906.016,9.99999999932574
train_hau,HAU/user1/2-2-2,user1,2-2-2,,"/home/fluxx/Workspace/cuchx-large/hf_data_manual/LMT_(IMU,Radar,Skeleton)/Training/HAU/user1/2-2-2",22.0,259.0,238.0,14041277.116,14041300.816,10.00000000031437
train_hau,HAU/user1/2-2-3,user1,2-2-3,,"/home/fluxx/Workspace/cuchx-large/hf_data_manual/LMT_(IMU,Radar,Skeleton)/Training/HAU/user1/2-2-3",24.0,164.0,141.0,14041539.316,14041553.316,10.0
train_hau,HAU/user1/3-1-1,user1,3-1-1,,"/home/fluxx/Workspace/cuchx-large/hf_data_manual/LMT_(IMU,Radar,Skeleton)/Training/HAU/user1/3-1-1",19.0,154.0,136.0,14150829.816,14150843.316,10.0
train_hau,HAU/user1/3-1-2,user1,3-1-2,,"/home/fluxx/Workspace/cuchx-large/hf_data_manual/LMT_(IMU,Radar,Skeleton)/Training/HAU/user1/3-1-2",24.0,170.0,147.0,14150905.316,14150919.916,10.000000000255158
train_hau,HAU/user1/3-1-3,user1,3-1-3,,"/home/fluxx/Workspace/cuchx-large/hf_data_manual/LMT_(IMU,Radar,Skeleton)/Training/HAU/user1/3-1-3",15.0,80.0,66.0,14150983.416,14150989.916,10.0
train_hau,HAU/user1/3-2-1,user1,3-2-1,,"/home/fluxx/Workspace/cuchx-large/hf_data_manual/LMT_(IMU,Radar,Skeleton)/Training/HAU/user1/3-2-1",15.0,614.0,600.0,14043275.416,14043335.316,9.999999999937808
train_hau,HAU/user1/3-2-2,user1,3-2-2,,"/home/fluxx/Workspace/cuchx-large/hf_data_manual/LMT_(IMU,Radar,Skeleton)/Training/HAU/user1/3-2-2",17.0,639.0,623.0,14043663.616,14043725.816,10.000000000119785
train_hau,HAU/user1/3-2-3,user1,3-2-3,,"/home/fluxx/Workspace/cuchx-large/hf_data_manual/LMT_(IMU,Radar,Skeleton)/Training/HAU/user1/3-2-3",14.0,425.0,412.0,14043946.316,14043987.416,10.00000000009064
train_hau,HAU/user1/4-1-1,user1,4-1-1,,"/home/fluxx/Workspace/cuchx-large/hf_data_manual/LMT_(IMU,Radar,Skeleton)/Training/HAU/user1/4-1-1",21.0,763.0,743.0,14048256.016,14048330.216,10.000000000100412
train_hau,HAU/user1/4-1-2,user1,4-1-2,,"/home/fluxx/Workspace/cuchx-large/hf_data_manual/LMT_(IMU,Radar,Skeleton)/Training/HAU/user1/4-1-2",18.0,625.0,608.0,14048560.716,14048621.416,10.000000000122744
train_hau,HAU/user1/4-1-3,user1,4-1-3,,"/home/fluxx/Workspace/cuchx-large/hf_data_manual/LMT_(IMU,Radar,Skeleton)/Training/HAU/user1/4-1-3",17.0,392.0,376.0,14048860.616,14048898.116,10.0
train_hau,HAU/user1/5-1-1,user1,5-1-1,,"/home/fluxx/Workspace/cuchx-large/hf_data_manual/LMT_(IMU,Radar,Skeleton)/Training/HAU/user1/5-1-1",16.0,437.0,422.0,14050098.516,14050140.616,10.000000000088487
train_hau,HAU/user1/5-1-2,user1,5-1-2,,"/home/fluxx/Workspace/cuchx-large/hf_data_manual/LMT_(IMU,Radar,Skeleton)/Training/HAU/user1/5-1-2",21.0,484.0,464.0,14050555.016,14050601.316,10.00000000024138
train_hau,HAU/user1/5-1-3,user1,5-1-3,,"/home/fluxx/Workspace/cuchx-large/hf_data_manual/LMT_(IMU,Radar,Skeleton)/Training/HAU/user1/5-1-3",18.0,355.0,338.0,14050831.716,14050865.416,10.000000000221085
train_hau,HAU/user1/6-1-1,user1,6-1-1,,"/home/fluxx/Workspace/cuchx-large/hf_data_manual/LMT_(IMU,Radar,Skeleton)/Training/HAU/user1/6-1-1",19.0,145.0,127.0,14151397.816,14151410.416,10.000000000295659
train_hau,HAU/user1/6-1-2,user1,6-1-2,,"/home/fluxx/Workspace/cuchx-large/hf_data_manual/LMT_(IMU,Radar,Skeleton)/Training/HAU/user1/6-1-2",14.0,117.0,104.0,14151258.316,14151268.616,9.999999999276643
train_hau,HAU/user1/6-1-3,user1,6-1-3,,"/home/fluxx/Workspace/cuchx-large/hf_data_manual/LMT_(IMU,Radar,Skeleton)/Training/HAU/user1/6-1-3",10.0,73.0,64.0,14151458.916,14151465.216,9.999999998817367
train_hau,HAU/user1/6-2-1,user1,6-2-1,,"/home/fluxx/Workspace/cuchx-large/hf_data_manual/LMT_(IMU,Radar,Skeleton)/Training/HAU/user1/6-2-1",15.0,319.0,305.0,14051150.416,14051180.816,9.999999999877458
train_hau,HAU/user1/6-2-2,user1,6-2-2,,"/home/fluxx/Workspace/cuchx-large/hf_data_manual/LMT_(IMU,Radar,Skeleton)/Training/HAU/user1/6-2-2",20.0,304.0,285.0,14051381.916,14051410.316,9.999999999868828
train_hau,HAU/user1/6-2-3,user1,6-2-3,,"/home/fluxx/Workspace/cuchx-large/hf_data_manual/LMT_(IMU,Radar,Skeleton)/Training/HAU/user1/6-2-3",19.0,220.0,202.0,14051563.816,14051583.916,10.000000000185338
train_hau,HAU/user1/7-1-1,user1,7-1-1,,"/home/fluxx/Workspace/cuchx-large/hf_data_manual/LMT_(IMU,Radar,Skeleton)/Training/HAU/user1/7-1-1",26.0,457.0,432.0,14052206.516,14052249.616,10.000000000086434
train_hau,HAU/user1/7-1-2,user1,7-1-2,,"/home/fluxx/Workspace/cuchx-large/hf_data_manual/LMT_(IMU,Radar,Skeleton)/Training/HAU/user1/7-1-2",32.0,437.0,406.0,14052470.116,14052510.616,10.0
train_hau,HAU/user1/7-1-3,user1,7-1-3,,"/home/fluxx/Workspace/cuchx-large/hf_data_manual/LMT_(IMU,Radar,Skeleton)/Training/HAU/user1/7-1-3",27.0,287.0,261.0,14052657.616,14052683.616,10.0
train_hau,HAU/user16/1-1-1,user16,1-1-1,,"/home/fluxx/Workspace/cuchx-large/hf_data_manual/LMT_(IMU,Radar,Skeleton)/Training/HAU/user16/1-1-1",29.0,197.0,169.0,16973016.816,16973033.616,9.999999999556513
train_hau,HAU/user16/1-1-2,user16,1-1-2,,"/home/fluxx/Workspace/cuchx-large/hf_data_manual/LMT_(IMU,Radar,Skeleton)/Training/HAU/user16/1-1-2",25.0,197.0,173.0,16973113.416,16973130.616,10.000000000433173
train_hau,HAU/user16/1-1-3,user16,1-1-3,,"/home/fluxx/Workspace/cuchx-large/hf_data_manual/LMT_(IMU,Radar,Skeleton)/Training/HAU/user16/1-1-3",30.0,98.0,69.0,16973192.916,16973199.716,10.000000004382695
train_hau,HAU/user16/1-2-1,user16,1-2-1,,"/home/fluxx/Workspace/cuchx-large/hf_data_manual/LMT_(IMU,Radar,Skeleton)/Training/HAU/user16/1-2-1",17.0,204.0,188.0,17072297.616,17072316.316,10.000000000398426
train_hau,HAU/user16/1-2-2,user16,1-2-2,,"/home/fluxx/Workspace/cuchx-large/hf_data_manual/LMT_(IMU,Radar,Skeleton)/Training/HAU/user16/1-2-2",20.0,257.0,238.0,17072385.916,17072409.616,10.00000000031437
train_hau,HAU/user16/1-2-3,user16,1-2-3,,"/home/fluxx/Workspace/cuchx-large/hf_data_manual/LMT_(IMU,Radar,Skeleton)/Training/HAU/user16/1-2-3",3.0,138.0,136.0,17072477.216,17072490.716,10.0
train_hau,HAU/user16/2-1-1,user16,2-1-1,,"/home/fluxx/Workspace/cuchx-large/hf_data_manual/LMT_(IMU,Radar,Skeleton)/Training/HAU/user16/2-1-1",21.0,193.0,173.0,17072623.016,17072640.216,10.000000000433173
train_hau,HAU/user16/2-1-2,user16,2-1-2,,"/home/fluxx/Workspace/cuchx-large/hf_data_manual/LMT_(IMU,Radar,Skeleton)/Training/HAU/user16/2-1-2",19.0,141.0,123.0,17072723.816,17072736.016,10.000000000610703
train_hau,HAU/user16/2-1-3,user16,2-1-3,,"/home/fluxx/Workspace/cuchx-large/hf_data_manual/LMT_(IMU,Radar,Skeleton)/Training/HAU/user16/2-1-3",20.0,112.0,93.0,17072806.916,17072816.116,10.000000000809846
train_hau,HAU/user16/2-2-1,user16,2-2-1,,"/home/fluxx/Workspace/cuchx-large/hf_data_manual/LMT_(IMU,Radar,Skeleton)/Training/HAU/user16/2-2-1",22.0,117.0,96.0,16973301.116,16973310.616,10.0
train_hau,HAU/user16/2-2-2,user16,2-2-2,,"/home/fluxx/Workspace/cuchx-large/hf_data_manual/LMT_(IMU,Radar,Skeleton)/Training/HAU/user16/2-2-2",3.0,90.0,88.0,16973487.216,16973495.916,9.999999996574445
train_hau,HAU/user16/2-2-3,user16,2-2-3,,"/home/fluxx/Workspace/cuchx-large/hf_data_manual/LMT_(IMU,Radar,Skeleton)/Training/HAU/user16/2-2-3",24.0,74.0,51.0,16973574.316,16973579.316,10.0
train_hau,HAU/user16/2-3-1,user16,2-3-1,,"/home/fluxx/Workspace/cuchx-large/hf_data_manual/LMT_(IMU,Radar,Skeleton)/Training/HAU/user16/2-3-1",19.0,139.0,121.0,17072938.816,17072950.816,10.0
train_hau,HAU/user16/2-3-2,user16,2-3-2,,"/home/fluxx/Workspace/cuchx-large/hf_data_manual/LMT_(IMU,Radar,Skeleton)/Training/HAU/user16/2-3-2",5.0,93.0,89.0,17073027.416,17073036.216,10.000000003386628
train_hau,HAU/user16/2-3-3,user16,2-3-3,,"/home/fluxx/Workspace/cuchx-large/hf_data_manual/LMT_(IMU,Radar,Skeleton)/Training/HAU/user16/2-3-3",15.0,93.0,79.0,17073091.416,17073099.216,10.00000000382081
train_hau,HAU/user16/3-1-1,user16,3-1-1,,"/home/fluxx/Workspace/cuchx-large/hf_data_manual/LMT_(IMU,Radar,Skeleton)/Training/HAU/user16/3-1-1",20.0,311.0,292.0,16886767.916,16886797.016,10.0000000007681
train_hau,HAU/user16/3-1-2,user16,3-1-2,,"/home/fluxx/Workspace/cuchx-large/hf_data_manual/LMT_(IMU,Radar,Skeleton)/Training/HAU/user16/3-1-2",14.0,335.0,322.0,16886976.316,16887008.416,9.99999999953579
train_hau,HAU/user16/3-1-3,user16,3-1-3,,"/home/fluxx/Workspace/cuchx-large/hf_data_manual/LMT_(IMU,Radar,Skeleton)/Training/HAU/user16/3-1-3",21.0,186.0,166.0,16887088.016,16887104.516,10.0
train_hau,HAU/user16/3-2-1,user16,3-2-1,,"/home/fluxx/Workspace/cuchx-large/hf_data_manual/LMT_(IMU,Radar,Skeleton)/Training/HAU/user16/3-2-1",20.0,166.0,147.0,17073510.916,17073525.516,10.00000000153094
train_hau,HAU/user16/3-2-2,user16,3-2-2,,"/home/fluxx/Workspace/cuchx-large/hf_data_manual/LMT_(IMU,Radar,Skeleton)/Training/HAU/user16/3-2-2",17.0,135.0,119.0,17073612.616,17073624.416,9.999999999368596
train_hau,HAU/user16/3-2-3,user16,3-2-3,,"/home/fluxx/Workspace/cuchx-large/hf_data_manual/LMT_(IMU,Radar,Skeleton)/Training/HAU/user16/3-2-3",11.0,102.0,92.0,17073699.016,17073708.116,9.99999999836251
train_hau,HAU/user16/3-3-1,user16,3-3-1,,"/home/fluxx/Workspace/cuchx-large/hf_data_manual/LMT_(IMU,Radar,Skeleton)/Training/HAU/user16/3-3-1",17.0,122.0,106.0,17078164.616,17078175.116,10.0
train_hau,HAU/user16/3-3-2,user16,3-3-2,,"/home/fluxx/Workspace/cuchx-large/hf_data_manual/LMT_(IMU,Radar,Skeleton)/Training/HAU/user16/3-3-2",12.0,91.0,80.0,17078309.116,17078317.016,10.000000001886223
train_hau,HAU/user16/3-3-3,user16,3-3-3,,"/home/fluxx/Workspace/cuchx-large/hf_data_manual/LMT_(IMU,Radar,Skeleton)/Training/HAU/user16/3-3-3",12.0,78.0,67.0,17078395.116,17078401.716,10.000000003386628
train_hau,HAU/user16/4-1-1,user16,4-1-1,,"/home/fluxx/Workspace/cuchx-large/hf_data_manual/LMT_(IMU,Radar,Skeleton)/Training/HAU/user16/4-1-1",9.0,491.0,483.0,16912372.816,16912421.016,10.000000000154577
train_hau,HAU/user16/4-1-2,user16,4-1-2,,"/home/fluxx/Workspace/cuchx-large/hf_data_manual/LMT_(IMU,Radar,Skeleton)/Training/HAU/user16/4-1-2",5.0,356.0,352.0,16912976.416,16913011.516,10.000000000636803
train_hau,HAU/user16/4-1-3,user16,4-1-3,,"/home/fluxx/Workspace/cuchx-large/hf_data_manual/LMT_(IMU,Radar,Skeleton)/Training/HAU/user16/4-1-3",16.0,352.0,337.0,16912666.516,16912700.116,9.999999999556513
train_hau,HAU/user16/5-1-1,user16,5-1-1,,"/home/fluxx/Workspace/cuchx-large/hf_data_manual/LMT_(IMU,Radar,Skeleton)/Training/HAU/user16/5-1-1",12.0,164.0,153.0,17078693.116,17078708.316,10.00000000049017
train_hau,HAU/user16/5-1-2,user16,5-1-2,,"/home/fluxx/Workspace/cuchx-large/hf_data_manual/LMT_(IMU,Radar,Skeleton)/Training/HAU/user16/5-1-2",13.0,150.0,138.0,17078922.216,17078935.916,9.999999997824649
train_hau,HAU/user16/5-1-3,user16,5-1-3,,"/home/fluxx/Workspace/cuchx-large/hf_data_manual/LMT_(IMU,Radar,Skeleton)/Training/HAU/user16/5-1-3",1.0,126.0,126.0,17079041.016,17079053.516,10.0
train_hau,HAU/user16/5-2-1,user16,5-2-1,,"/home/fluxx/Workspace/cuchx-large/hf_data_manual/LMT_(IMU,Radar,Skeleton)/Training/HAU/user16/5-2-1",8.0,138.0,131.0,17073832.716,17073845.716,10.0
train_hau,HAU/user16/5-2-2,user16,5-2-2,,"/home/fluxx/Workspace/cuchx-large/hf_data_manual/LMT_(IMU,Radar,Skeleton)/Training/HAU/user16/5-2-2",13.0,128.0,116.0,17073910.216,17073921.716,10.0
train_hau,HAU/user16/5-2-3,user16,5-2-3,,"/home/fluxx/Workspace/cuchx-large/hf_data_manual/LMT_(IMU,Radar,Skeleton)/Training/HAU/user16/5-2-3",10.0,83.0,74.0,17073987.916,17073995.216,10.00000000408251
train_hau,HAU/user16/5-3-1,user16,5-3-1,,"/home/fluxx/Workspace/cuchx-large/hf_data_manual/LMT_(IMU,Radar,Skeleton)/Training/HAU/user16/5-3-1",23.0,643.0,621.0,16887732.216,16887794.216,10.0
train_hau,HAU/user16/5-3-2,user16,5-3-2,,"/home/fluxx/Workspace/cuchx-large/hf_data_manual/LMT_(IMU,Radar,Skeleton)/Training/HAU/user16/5-3-2",25.0,413.0,389.0,16887879.416,16887918.216,10.0000000007681
train_hau,HAU/user16/5-3-3,user16,5-3-3,,"/home/fluxx/Workspace/cuchx-large/hf_data_manual/LMT_(IMU,Radar,Skeleton)/Training/HAU/user16/5-3-3",19.0,273.0,255.0,16888053.816,16888079.216,10.00000000058666
train_hau,HAU/user16/6-1-1,user16,6-1-1,,"/home/fluxx/Workspace/cuchx-large/hf_data_manual/LMT_(IMU,Radar,Skeleton)/Training/HAU/user16/6-1-1",18.0,338.0,321.0,16888278.716,16888310.716,10.0
train_hau,HAU/user16/6-1-2,user16,6-1-2,,"/home/fluxx/Workspace/cuchx-large/hf_data_manual/LMT_(IMU,Radar,Skeleton)/Training/HAU/user16/6-1-2",24.0,171.0,148.0,16888536.316,16888551.016,10.000000000506843
train_hau,HAU/user16/6-1-3,user16,6-1-3,,"/home/fluxx/Workspace/cuchx-large/hf_data_manual/LMT_(IMU,Radar,Skeleton)/Training/HAU/user16/6-1-3",19.0,199.0,181.0,16888662.816,16888680.816,10.0
train_hau,HAU/user16/6-2-1,user16,6-2-1,,"/home/fluxx/Workspace/cuchx-large/hf_data_manual/LMT_(IMU,Radar,Skeleton)/Training/HAU/user16/6-2-1",9.0,414.0,406.0,17074336.816,17074377.316,10.0
train_hau,HAU/user16/6-2-2,user16,6-2-2,,"/home/fluxx/Workspace/cuchx-large/hf_data_manual/LMT_(IMU,Radar,Skeleton)/Training/HAU/user16/6-2-2",8.0,309.0,302.0,17074476.716,17074506.816,9.999999999504945
train_hau,HAU/user16/6-2-3,user16,6-2-3,,"/home/fluxx/Workspace/cuchx-large/hf_data_manual/LMT_(IMU,Radar,Skeleton)/Training/HAU/user16/6-2-3",6.0,426.0,421.0,17074700.516,17074742.516,10.0
train_hau,HAU/user16/7-1-1,user16,7-1-1,,"/home/fluxx/Workspace/cuchx-large/hf_data_manual/LMT_(IMU,Radar,Skeleton)/Training/HAU/user16/7-1-1",3.0,152.0,150.0,16913108.216,16913123.116,9.999999998499883
train_hau,HAU/user16/7-1-2,user16,7-1-2,,"/home/fluxx/Workspace/cuchx-large/hf_data_manual/LMT_(IMU,Radar,Skeleton)/Training/HAU/user16/7-1-2",17.0,104.0,88.0,16913213.616,16913222.316,10.000000000856389
train_hau,HAU/user16/7-1-3,user16,7-1-3,,"/home/fluxx/Workspace/cuchx-large/hf_data_manual/LMT_(IMU,Radar,Skeleton)/Training/HAU/user16/7-1-3",24.0,73.0,50.0,16913306.316,16913311.216,10.000000003041054
train_hau,HAU/user16/7-2-1,user16,7-2-1,,"/home/fluxx/Workspace/cuchx-large/hf_data_manual/LMT_(IMU,Radar,Skeleton)/Training/HAU/user16/7-2-1",6.0,203.0,198.0,17074865.516,17074885.216,10.000000000378202
train_hau,HAU/user16/7-2-2,user16,7-2-2,,"/home/fluxx/Workspace/cuchx-large/hf_data_manual/LMT_(IMU,Radar,Skeleton)/Training/HAU/user16/7-2-2",14.0,181.0,168.0,17074951.316,17074968.016,10.000000000446143
train_hau,HAU/user16/7-2-3,user16,7-2-3,,"/home/fluxx/Workspace/cuchx-large/hf_data_manual/LMT_(IMU,Radar,Skeleton)/Training/HAU/user16/7-2-3",5.0,135.0,131.0,17075097.416,17075110.416,10.0
train_hau,HAU/user16/7-3-1,user16,7-3-1,,"/home/fluxx/Workspace/cuchx-large/hf_data_manual/LMT_(IMU,Radar,Skeleton)/Training/HAU/user16/7-3-1",15.0,189.0,175.0,16913393.416,16913410.816,10.000000000856389
train_hau,HAU/user16/7-3-2,user16,7-3-2,,"/home/fluxx/Workspace/cuchx-large/hf_data_manual/LMT_(IMU,Radar,Skeleton)/Training/HAU/user16/7-3-2",14.0,200.0,187.0,16913466.316,16913484.916,9.999999999198863
train_hau,HAU/user16/7-3-3,user16,7-3-3,,"/home/fluxx/Workspace/cuchx-large/hf_data_manual/LMT_(IMU,Radar,Skeleton)/Training/HAU/user16/7-3-3",10.0,128.0,119.0,16913544.916,16913556.716,10.00000000252562
train_hau,HAU/user17/1-1-1,user17,1-1-1,,"/home/fluxx/Workspace/cuchx-large/hf_data_manual/LMT_(IMU,Radar,Skeleton)/Training/HAU/user17/1-1-1",15.0,326.0,312.0,16973888.416,16973919.516,10.000000000718705
train_hau,HAU/user17/1-1-2,user17,1-1-2,,"/home/fluxx/Workspace/cuchx-large/hf_data_manual/LMT_(IMU,Radar,Skeleton)/Training/HAU/user17/1-1-2",8.0,196.0,189.0,16973987.716,16974006.516,9.999999999603693
train_hau,HAU/user17/1-1-3,user17,1-1-3,,"/home/fluxx/Workspace/cuchx-large/hf_data_manual/LMT_(IMU,Radar,Skeleton)/Training/HAU/user17/1-1-3",8.0,184.0,177.0,16974067.716,16974085.316,9.999999999153344
train_hau,HAU/user17/1-2-1,user17,1-2-1,,"/home/fluxx/Workspace/cuchx-large/hf_data_manual/LMT_(IMU,Radar,Skeleton)/Training/HAU/user17/1-2-1",17.0,394.0,378.0,16889258.616,16889296.316,10.000000000197629
train_hau,HAU/user17/1-2-2,user17,1-2-2,,"/home/fluxx/Workspace/cuchx-large/hf_data_manual/LMT_(IMU,Radar,Skeleton)/Training/HAU/user17/1-2-2",18.0,198.0,181.0,16889396.716,16889414.716,10.0
train_hau,HAU/user17/1-2-3,user17,1-2-3,,"/home/fluxx/Workspace/cuchx-large/hf_data_manual/LMT_(IMU,Radar,Skeleton)/Training/HAU/user17/1-2-3",15.0,238.0,224.0,16889492.416,16889514.716,10.000000001336428
train_hau,HAU/user17/2-1-1,user17,2-1-1,,"/home/fluxx/Workspace/cuchx-large/hf_data_manual/LMT_(IMU,Radar,Skeleton)/Training/HAU/user17/2-1-1",14.0,282.0,269.0,17068304.316,17068331.116,9.999999999721993
train_hau,HAU/user17/2-1-2,user17,2-1-2,,"/home/fluxx/Workspace/cuchx-large/hf_data_manual/LMT_(IMU,Radar,Skeleton)/Training/HAU/user17/2-1-2",15.0,213.0,199.0,17068396.416,17068416.216,10.000000001505168
train_hau,HAU/user17/2-1-3,user17,2-1-3,,"/home/fluxx/Workspace/cuchx-large/hf_data_manual/LMT_(IMU,Radar,Skeleton)/Training/HAU/user17/2-1-3",16.0,193.0,178.0,17068471.516,17068489.216,10.000000000420936
train_hau,HAU/user17/2-2-1,user17,2-2-1,,"/home/fluxx/Workspace/cuchx-large/hf_data_manual/LMT_(IMU,Radar,Skeleton)/Training/HAU/user17/2-2-1",18.0,338.0,321.0,16890277.716,16890309.716,10.0
train_hau,HAU/user17/2-2-2,user17,2-2-2,,"/home/fluxx/Workspace/cuchx-large/hf_data_manual/LMT_(IMU,Radar,Skeleton)/Training/HAU/user17/2-2-2",9.0,323.0,315.0,16890409.816,16890441.216,10.000000000474559
train_hau,HAU/user17/2-2-3,user17,2-2-3,,"/home/fluxx/Workspace/cuchx-large/hf_data_manual/LMT_(IMU,Radar,Skeleton)/Training/HAU/user17/2-2-3",16.0,173.0,158.0,16890510.516,16890526.216,10.000000000474559
train_hau,HAU/user17/3-1-1,user17,3-1-1,,"/home/fluxx/Workspace/cuchx-large/hf_data_manual/LMT_(IMU,Radar,Skeleton)/Training/HAU/user17/3-1-1",18.0,372.0,355.0,16890646.716,16890682.116,9.999999999368596
train_hau,HAU/user17/3-1-2,user17,3-1-2,,"/home/fluxx/Workspace/cuchx-large/hf_data_manual/LMT_(IMU,Radar,Skeleton)/Training/HAU/user17/3-1-2",9.0,274.0,266.0,16890772.816,16890799.316,10.0
train_hau,HAU/user17/3-1-3,user17,3-1-3,,"/home/fluxx/Workspace/cuchx-large/hf_data_manual/LMT_(IMU,Radar,Skeleton)/Training/HAU/user17/3-1-3",12.0,174.0,163.0,16890918.116,16890934.316,10.000000000459913
train_hau,HAU/user17/3-2-1,user17,3-2-1,,"/home/fluxx/Workspace/cuchx-large/hf_data_manual/LMT_(IMU,Radar,Skeleton)/Training/HAU/user17/3-2-1",19.0,168.0,150.0,17068566.816,17068581.716,10.000000001000078
train_hau,HAU/user17/3-2-2,user17,3-2-2,,"/home/fluxx/Workspace/cuchx-large/hf_data_manual/LMT_(IMU,Radar,Skeleton)/Training/HAU/user17/3-2-2",16.0,136.0,121.0,17068662.516,17068674.516,10.0
train_hau,HAU/user17/3-2-3,user17,3-2-3,,"/home/fluxx/Workspace/cuchx-large/hf_data_manual/LMT_(IMU,Radar,Skeleton)/Training/HAU/user17/3-2-3",19.0,132.0,114.0,17068742.816,17068754.116,9.999999999340657
train_hau,HAU/user17/3-3-1,user17,3-3-1,,"/home/fluxx/Workspace/cuchx-large/hf_data_manual/LMT_(IMU,Radar,Skeleton)/Training/HAU/user17/3-3-1",17.0,91.0,75.0,16891052.616,16891060.016,10.000000002013671
train_hau,HAU/user17/3-3-2,user17,3-3-2,,"/home/fluxx/Workspace/cuchx-large/hf_data_manual/LMT_(IMU,Radar,Skeleton)/Training/HAU/user17/3-3-2",16.0,75.0,60.0,16891138.516,16891144.416,9.999999996211569
train_hau,HAU/user17/3-3-3,user17,3-3-3,,"/home/fluxx/Workspace/cuchx-large/hf_data_manual/LMT_(IMU,Radar,Skeleton)/Training/HAU/user17/3-3-3",7.0,60.0,54.0,16891212.616,16891217.916,9.99999999859423
train_hau,HAU/user17/4-1-1,user17,4-1-1,,"/home/fluxx/Workspace/cuchx-large/hf_data_manual/LMT_(IMU,Radar,Skeleton)/Training/HAU/user17/4-1-1",14.0,489.0,476.0,16910577.316,16910624.816,10.0
train_hau,HAU/user17/4-1-2,user17,4-1-2,,"/home/fluxx/Workspace/cuchx-large/hf_data_manual/LMT_(IMU,Radar,Skeleton)/Training/HAU/user17/4-1-2",21.0,395.0,375.0,16910723.016,16910760.416,9.99999999940236
train_hau,HAU/user17/4-1-3,user17,4-1-3,,"/home/fluxx/Workspace/cuchx-large/hf_data_manual/LMT_(IMU,Radar,Skeleton)/Training/HAU/user17/4-1-3",19.0,318.0,300.0,16910838.816,16910868.716,10.000000000498366
train_hau,HAU/user17/5-1-1,user17,5-1-1,,"/home/fluxx/Workspace/cuchx-large/hf_data_manual/LMT_(IMU,Radar,Skeleton)/Training/HAU/user17/5-1-1",15.0,186.0,172.0,16891636.416,16891653.516,10.00000000130712
train_hau,HAU/user17/5-1-2,user17,5-1-2,,"/home/fluxx/Workspace/cuchx-large/hf_data_manual/LMT_(IMU,Radar,Skeleton)/Training/HAU/user17/5-1-2",12.0,125.0,114.0,16891765.116,16891776.416,9.999999999340657
train_hau,HAU/user17/5-1-3,user17,5-1-3,,"/home/fluxx/Workspace/cuchx-large/hf_data_manual/LMT_(IMU,Radar,Skeleton)/Training/HAU/user17/5-1-3",14.0,91.0,78.0,16891847.316,16891855.016,10.000000000967608
train_hau,HAU/user17/5-2-1,user17,5-2-1,,"/home/fluxx/Workspace/cuchx-large/hf_data_manual/LMT_(IMU,Radar,Skeleton)/Training/HAU/user17/5-2-1",18.0,150.0,133.0,17068901.716,17068914.916,9.999999997742249
train_hau,HAU/user17/5-2-2,user17,5-2-2,,"/home/fluxx/Workspace/cuchx-large/hf_data_manual/LMT_(IMU,Radar,Skeleton)/Training/HAU/user17/5-2-2",17.0,135.0,119.0,17069346.616,17069358.416,9.999999999368596
train_hau,HAU/user17/5-2-3,user17,5-2-3,,"/home/fluxx/Workspace/cuchx-large/hf_data_manual/LMT_(IMU,Radar,Skeleton)/Training/HAU/user17/5-2-3",14.0,107.0,94.0,17069434.316,17069443.616,9.999999999198863
train_hau,HAU/user17/5-3-1,user17,5-3-1,,"/home/fluxx/Workspace/cuchx-large/hf_data_manual/LMT_(IMU,Radar,Skeleton)/Training/HAU/user17/5-3-1",12.0,161.0,150.0,16892569.116,16892584.016,10.000000001000078
train_hau,HAU/user17/5-3-2,user17,5-3-2,,"/home/fluxx/Workspace/cuchx-large/hf_data_manual/LMT_(IMU,Radar,Skeleton)/Training/HAU/user17/5-3-2",14.0,145.0,132.0,16892682.316,16892695.416,9.999999998862506
train_hau,HAU/user17/5-3-3,user17,5-3-3,,"/home/fluxx/Workspace/cuchx-large/hf_data_manual/LMT_(IMU,Radar,Skeleton)/Training/HAU/user17/5-3-3",15.0,97.0,83.0,16892765.416,16892773.616,10.000000000908607
train_hau,HAU/user17/6-1-1,user17,6-1-1,,"/home/fluxx/Workspace/cuchx-large/hf_data_manual/LMT_(IMU,Radar,Skeleton)/Training/HAU/user17/6-1-1",26.0,270.0,245.0,16910954.516,16910978.916,9.999999999083945
train_hau,HAU/user17/6-1-2,user17,6-1-2,,"/home/fluxx/Workspace/cuchx-large/hf_data_manual/LMT_(IMU,Radar,Skeleton)/Training/HAU/user17/6-1-2",27.0,214.0,188.0,16911033.616,16911052.316,10.000000000398426
train_hau,HAU/user17/6-1-3,user17,6-1-3,,"/home/fluxx/Workspace/cuchx-large/hf_data_manual/LMT_(IMU,Radar,Skeleton)/Training/HAU/user17/6-1-3",23.0,173.0,151.0,16911136.216,16911151.216,10.0
train_hau,HAU/user17/6-2-1,user17,6-2-1,,"/home/fluxx/Workspace/cuchx-large/hf_data_manual/LMT_(IMU,Radar,Skeleton)/Training/HAU/user17/6-2-1",17.0,216.0,200.0,16911319.616,16911339.516,10.000000000748802
train_hau,HAU/user17/6-2-2,user17,6-2-2,,"/home/fluxx/Workspace/cuchx-large/hf_data_manual/LMT_(IMU,Radar,Skeleton)/Training/HAU/user17/6-2-2",24.0,137.0,114.0,16911410.316,16911421.616,9.999999999340657
train_hau,HAU/user17/6-2-3,user17,6-2-3,,"/home/fluxx/Workspace/cuchx-large/hf_data_manual/LMT_(IMU,Radar,Skeleton)/Training/HAU/user17/6-2-3",18.0,134.0,117.0,16911619.716,16911631.316,9.999999998715417
train_hau,HAU/user17/6-3-1,user17,6-3-1,,"/home/fluxx/Workspace/cuchx-large/hf_data_manual/LMT_(IMU,Radar,Skeleton)/Training/HAU/user17/6-3-1",14.0,139.0,126.0,16892908.316,16892920.816,10.0
train_hau,HAU/user17/6-3-2,user17,6-3-2,,"/home/fluxx/Workspace/cuchx-large/hf_data_manual/LMT_(IMU,Radar,Skeleton)/Training/HAU/user17/6-3-2",16.0,109.0,94.0,16892985.516,16892994.816,9.999999999198863
train_hau,HAU/user17/6-3-3,user17,6-3-3,,"/home/fluxx/Workspace/cuchx-large/hf_data_manual/LMT_(IMU,Radar,Skeleton)/Training/HAU/user17/6-3-3",8.0,62.0,55.0,16893052.716,16893058.116,9.999999995860788
train_hau,HAU/user17/7-1-1,user17,7-1-1,,"/home/fluxx/Workspace/cuchx-large/hf_data_manual/LMT_(IMU,Radar,Skeleton)/Training/HAU/user17/7-1-1",18.0,239.0,222.0,16911724.716,16911746.816,9.99999999932574
train_hau,HAU/user17/7-1-2,user17,7-1-2,,"/home/fluxx/Workspace/cuchx-large/hf_data_manual/LMT_(IMU,Radar,Skeleton)/Training/HAU/user17/7-1-2",15.0,192.0,178.0,16911814.416,16911832.116,10.000000000420936
train_hau,HAU/user17/7-1-3,user17,7-1-3,,"/home/fluxx/Workspace/cuchx-large/hf_data_manual/LMT_(IMU,Radar,Skeleton)/Training/HAU/user17/7-1-3",11.0,160.0,150.0,16911891.016,16911905.916,9.999999998499883
train_hau,HAU/user17/7-2-1,user17,7-2-1,,"/home/fluxx/Workspace/cuchx-large/hf_data_manual/LMT_(IMU,Radar,Skeleton)/Training/HAU/user17/7-2-1",20.0,177.0,158.0,17069569.916,17069585.616,10.000000000474559
train_hau,HAU/user17/7-2-2,user17,7-2-2,,"/home/fluxx/Workspace/cuchx-large/hf_data_manual/LMT_(IMU,Radar,Skeleton)/Training/HAU/user17/7-2-2",18.0,139.0,122.0,17069886.716,17069898.816,9.9999999987685
train_hau,HAU/user17/7-2-3,user17,7-2-3,,"/home/fluxx/Workspace/cuchx-large/hf_data_manual/LMT_(IMU,Radar,Skeleton)/Training/HAU/user17/7-2-3",21.0,111.0,91.0,17070065.016,17070074.016,10.0
train_hau,HAU/user18/1-1-1,user18,1-1-1,,"/home/fluxx/Workspace/cuchx-large/hf_data_manual/LMT_(IMU,Radar,Skeleton)/Training/HAU/user18/1-1-1",10.0,171.0,162.0,16974396.916,16974413.016,10.000000001388306
train_hau,HAU/user18/1-1-2,user18,1-1-2,,"/home/fluxx/Workspace/cuchx-large/hf_data_manual/LMT_(IMU,Radar,Skeleton)/Training/HAU/user18/1-1-2",14.0,122.0,109.0,16974477.316,16974488.116,9.999999999310132
train_hau,HAU/user18/1-1-3,user18,1-1-3,,"/home/fluxx/Workspace/cuchx-large/hf_data_manual/LMT_(IMU,Radar,Skeleton)/Training/HAU/user18/1-1-3",16.0,118.0,103.0,16974558.516,16974568.716,10.000000000730449
train_hau,HAU/user18/1-2-1,user18,1-2-1,,"/home/fluxx/Workspace/cuchx-large/hf_data_manual/LMT_(IMU,Radar,Skeleton)/Training/HAU/user18/1-2-1",10.0,377.0,368.0,17079348.916,17079385.616,10.000000000203013
train_hau,HAU/user18/1-2-2,user18,1-2-2,,"/home/fluxx/Workspace/cuchx-large/hf_data_manual/LMT_(IMU,Radar,Skeleton)/Training/HAU/user18/1-2-2",6.0,285.0,280.0,17079468.516,17079496.416,9.999999999198863
train_hau,HAU/user18/1-2-3,user18,1-2-3,,"/home/fluxx/Workspace/cuchx-large/hf_data_manual/LMT_(IMU,Radar,Skeleton)/Training/HAU/user18/1-2-3",7.0,333.0,327.0,17079568.616,17079601.216,10.000000000685636
train_hau,HAU/user18/2-1-1,user18,2-1-1,,"/home/fluxx/Workspace/cuchx-large/hf_data_manual/LMT_(IMU,Radar,Skeleton)/Training/HAU/user18/2-1-1",28.0,348.0,321.0,16898379.716,16898411.716,10.0
train_hau,HAU/user18/2-1-2,user18,2-1-2,,"/home/fluxx/Workspace/cuchx-large/hf_data_manual/LMT_(IMU,Radar,Skeleton)/Training/HAU/user18/2-1-2",14.0,300.0,287.0,16898699.316,16898727.916,9.99999999947898
train_hau,HAU/user18/2-1-3,user18,2-1-3,,"/home/fluxx/Workspace/cuchx-large/hf_data_manual/LMT_(IMU,Radar,Skeleton)/Training/HAU/user18/2-1-3",22.0,221.0,200.0,16898801.116,16898821.016,10.000000000748802
train_hau,HAU/user18/2-2-1,user18,2-2-1,,"/home/fluxx/Workspace/cuchx-large/hf_data_manual/LMT_(IMU,Radar,Skeleton)/Training/HAU/user18/2-2-1",17.0,101.0,85.0,17064489.616,17064498.016,10.000000001773948
train_hau,HAU/user18/2-2-2,user18,2-2-2,,"/home/fluxx/Workspace/cuchx-large/hf_data_manual/LMT_(IMU,Radar,Skeleton)/Training/HAU/user18/2-2-2",13.0,87.0,75.0,17064577.216,17064584.616,9.999999996979493
train_hau,HAU/user18/2-2-3,user18,2-2-3,,"/home/fluxx/Workspace/cuchx-large/hf_data_manual/LMT_(IMU,Radar,Skeleton)/Training/HAU/user18/2-2-3",7.0,58.0,52.0,17064894.616,17064899.716,10.000000004382695
train_hau,HAU/user18/3-1-1,user18,3-1-1,,"/home/fluxx/Workspace/cuchx-large/hf_data_manual/LMT_(IMU,Radar,Skeleton)/Training/HAU/user18/3-1-1",16.0,249.0,234.0,16898951.516,16898974.816,9.999999999680233
train_hau,HAU/user18/3-1-2,user18,3-1-2,,"/home/fluxx/Workspace/cuchx-large/hf_data_manual/LMT_(IMU,Radar,Skeleton)/Training/HAU/user18/3-1-2",15.0,151.0,137.0,16899040.416,16899054.016,10.00000000164351
train_hau,HAU/user18/3-1-3,user18,3-1-3,,"/home/fluxx/Workspace/cuchx-large/hf_data_manual/LMT_(IMU,Radar,Skeleton)/Training/HAU/user18/3-1-3",18.0,184.0,167.0,16899113.716,16899130.316,9.99999999910234
train_hau,HAU/user18/3-2-1,user18,3-2-1,,"/home/fluxx/Workspace/cuchx-large/hf_data_manual/LMT_(IMU,Radar,Skeleton)/Training/HAU/user18/3-2-1",12.0,167.0,156.0,17065108.116,17065123.616,10.0
train_hau,HAU/user18/3-2-2,user18,3-2-2,,"/home/fluxx/Workspace/cuchx-large/hf_data_manual/LMT_(IMU,Radar,Skeleton)/Training/HAU/user18/3-2-2",14.0,111.0,98.0,17065237.316,17065247.016,10.0000000007681
train_hau,HAU/user18/3-2-3,user18,3-2-3,,"/home/fluxx/Workspace/cuchx-large/hf_data_manual/LMT_(IMU,Radar,Skeleton)/Training/HAU/user18/3-2-3",14.0,134.0,121.0,17065311.316,17065323.316,10.0
train_hau,HAU/user18/3-3-1,user18,3-3-1,,"/home/fluxx/Workspace/cuchx-large/hf_data_manual/LMT_(IMU,Radar,Skeleton)/Training/HAU/user18/3-3-1",8.0,103.0,96.0,17079713.716,17079723.216,10.0
train_hau,HAU/user18/3-3-2,user18,3-3-2,,"/home/fluxx/Workspace/cuchx-large/hf_data_manual/LMT_(IMU,Radar,Skeleton)/Training/HAU/user18/3-3-2",10.0,72.0,63.0,17079824.916,17079831.116,10.000000001201707
train_hau,HAU/user18/3-3-3,user18,3-3-3,,"/home/fluxx/Workspace/cuchx-large/hf_data_manual/LMT_(IMU,Radar,Skeleton)/Training/HAU/user18/3-3-3",10.0,106.0,97.0,17079900.916,17079910.516,10.000000002328306
train_hau,HAU/user18/4-1-1,user18,4-1-1,,"/home/fluxx/Workspace/cuchx-large/hf_data_manual/LMT_(IMU,Radar,Skeleton)/Training/HAU/user18/4-1-1",17.0,322.0,306.0,16909211.616,16909242.116,10.0
train_hau,HAU/user18/4-1-2,user18,4-1-2,,"/home/fluxx/Workspace/cuchx-large/hf_data_manual/LMT_(IMU,Radar,Skeleton)/Training/HAU/user18/4-1-2",18.0,229.0,212.0,16909496.716,16909517.816,9.999999999293784
train_hau,HAU/user18/4-1-3,user18,4-1-3,,"/home/fluxx/Workspace/cuchx-large/hf_data_manual/LMT_(IMU,Radar,Skeleton)/Training/HAU/user18/4-1-3",13.0,297.0,285.0,16909658.216,16909686.616,9.999999999212967
train_hau,HAU/user18/4-2-1,user18,4-2-1,,"/home/fluxx/Workspace/cuchx-large/hf_data_manual/LMT_(IMU,Radar,Skeleton)/Training/HAU/user18/4-2-1",13.0,198.0,186.0,17070720.216,17070738.716,10.0
train_hau,HAU/user18/4-2-2,user18,4-2-2,,"/home/fluxx/Workspace/cuchx-large/hf_data_manual/LMT_(IMU,Radar,Skeleton)/Training/HAU/user18/4-2-2",21.0,149.0,129.0,17070890.016,17070902.816,9.999999999417923
train_hau,HAU/user18/4-2-3,user18,4-2-3,,"/home/fluxx/Workspace/cuchx-large/hf_data_manual/LMT_(IMU,Radar,Skeleton)/Training/HAU/user18/4-2-3",16.0,148.0,133.0,17071048.516,17071061.716,10.000000000564437
train_hau,HAU/user18/5-1-1,user18,5-1-1,,"/home/fluxx/Workspace/cuchx-large/hf_data_manual/LMT_(IMU,Radar,Skeleton)/Training/HAU/user18/5-1-1",9.0,282.0,274.0,16899642.816,16899670.116,9.999999999727084
train_hau,HAU/user18/5-1-2,user18,5-1-2,,"/home/fluxx/Workspace/cuchx-large/hf_data_manual/LMT_(IMU,Radar,Skeleton)/Training/HAU/user18/5-1-2",13.0,268.0,256.0,16899751.216,16899776.716,10.0
train_hau,HAU/user18/5-1-3,user18,5-1-3,,"/home/fluxx/Workspace/cuchx-large/hf_data_manual/LMT_(IMU,Radar,Skeleton)/Training/HAU/user18/5-1-3",9.0,136.0,128.0,16899830.816,16899843.516,10.00000000058666
train_hau,HAU/user18/6-1-1,user18,6-1-1,,"/home/fluxx/Workspace/cuchx-large/hf_data_manual/LMT_(IMU,Radar,Skeleton)/Training/HAU/user18/6-1-1",15.0,270.0,256.0,16909814.416,16909839.916,10.0
train_hau,HAU/user18/6-1-2,user18,6-1-2,,"/home/fluxx/Workspace/cuchx-large/hf_data_manual/LMT_(IMU,Radar,Skeleton)/Training/HAU/user18/6-1-2",12.0,205.0,194.0,16909895.116,16909914.416,9.99999999961396
train_hau,HAU/user18/6-1-3,user18,6-1-3,,"/home/fluxx/Workspace/cuchx-large/hf_data_manual/LMT_(IMU,Radar,Skeleton)/Training/HAU/user18/6-1-3",10.0,211.0,202.0,16910114.916,16910135.016,10.000000001112028
train_hau,HAU/user18/6-2-1,user18,6-2-1,,"/home/fluxx/Workspace/cuchx-large/hf_data_manual/LMT_(IMU,Radar,Skeleton)/Training/HAU/user18/6-2-1",14.0,456.0,443.0,16900015.316,16900059.516,10.000000000168566
train_hau,HAU/user18/6-2-2,user18,6-2-2,,"/home/fluxx/Workspace/cuchx-large/hf_data_manual/LMT_(IMU,Radar,Skeleton)/Training/HAU/user18/6-2-2",19.0,248.0,230.0,16900118.816,16900141.716,10.000000000650706
train_hau,HAU/user18/6-2-3,user18,6-2-3,,"/home/fluxx/Workspace/cuchx-large/hf_data_manual/LMT_(IMU,Radar,Skeleton)/Training/HAU/user18/6-2-3",21.0,316.0,296.0,16900234.016,16900263.516,10.0
train_hau,HAU/user18/7-1-1,user18,7-1-1,,"/home/fluxx/Workspace/cuchx-large/hf_data_manual/LMT_(IMU,Radar,Skeleton)/Training/HAU/user18/7-1-1",14.0,664.0,651.0,16975744.316,16975809.316,10.0
train_hau,HAU/user18/7-1-2,user18,7-1-2,,"/home/fluxx/Workspace/cuchx-large/hf_data_manual/LMT_(IMU,Radar,Skeleton)/Training/HAU/user18/7-1-2",26.0,496.0,471.0,16975869.516,16975916.516,10.0
train_hau,HAU/user18/7-1-3,user18,7-1-3,,"/home/fluxx/Workspace/cuchx-large/hf_data_manual/LMT_(IMU,Radar,Skeleton)/Training/HAU/user18/7-1-3",11.0,347.0,337.0,16975989.016,16976022.616,9.999999999556513
train_hau,HAU/user18/7-2-1,user18,7-2-1,,"/home/fluxx/Workspace/cuchx-large/hf_data_manual/LMT_(IMU,Radar,Skeleton)/Training/HAU/user18/7-2-1",13.0,184.0,172.0,17071217.216,17071234.316,9.999999999128587
train_hau,HAU/user18/7-2-2,user18,7-2-2,,"/home/fluxx/Workspace/cuchx-large/hf_data_manual/LMT_(IMU,Radar,Skeleton)/Training/HAU/user18/7-2-2",20.0,139.0,120.0,17071305.916,17071317.816,10.000000001252198
train_hau,HAU/user18/7-2-3,user18,7-2-3,,"/home/fluxx/Workspace/cuchx-large/hf_data_manual/LMT_(IMU,Radar,Skeleton)/Training/HAU/user18/7-2-3",18.0,135.0,118.0,17071400.716,17071412.416,9.999999997452793
train_hau,HAU/user19/1-1-1,user19,1-1-1,,"/home/fluxx/Workspace/cuchx-large/hf_data_manual/LMT_(IMU,Radar,Skeleton)/Training/HAU/user19/1-1-1",29.0,334.0,306.0,16974947.816,16974978.316,10.0
train_hau,HAU/user19/1-1-2,user19,1-1-2,,"/home/fluxx/Workspace/cuchx-large/hf_data_manual/LMT_(IMU,Radar,Skeleton)/Training/HAU/user19/1-1-2",22.0,263.0,242.0,16975052.116,16975076.216,10.000000000927459
train_hau,HAU/user19/1-1-3,user19,1-1-3,,"/home/fluxx/Workspace/cuchx-large/hf_data_manual/LMT_(IMU,Radar,Skeleton)/Training/HAU/user19/1-1-3",21.0,248.0,228.0,16975141.016,16975163.716,10.00000000032822
train_hau,HAU/user19/1-2-1,user19,1-2-1,,"/home/fluxx/Workspace/cuchx-large/hf_data_manual/LMT_(IMU,Radar,Skeleton)/Training/HAU/user19/1-2-1",13.0,128.0,116.0,16905387.216,16905398.716,10.0
train_hau,HAU/user19/1-2-2,user19,1-2-2,,"/home/fluxx/Workspace/cuchx-large/hf_data_manual/LMT_(IMU,Radar,Skeleton)/Training/HAU/user19/1-2-2",14.0,83.0,70.0,16905480.316,16905487.216,10.000000002159588
train_hau,HAU/user19/1-2-3,user19,1-2-3,,"/home/fluxx/Workspace/cuchx-large/hf_data_manual/LMT_(IMU,Radar,Skeleton)/Training/HAU/user19/1-2-3",16.0,109.0,94.0,16905571.516,16905580.816,9.999999999198863
train_hau,HAU/user19/2-1-1,user19,2-1-1,,"/home/fluxx/Workspace/cuchx-large/hf_data_manual/LMT_(IMU,Radar,Skeleton)/Training/HAU/user19/2-1-1",20.0,225.0,206.0,17061309.916,17061330.416,10.0
train_hau,HAU/user19/2-1-2,user19,2-1-2,,"/home/fluxx/Workspace/cuchx-large/hf_data_manual/LMT_(IMU,Radar,Skeleton)/Training/HAU/user19/2-1-2",23.0,186.0,164.0,17061410.216,17061426.516,9.99999999954291
train_hau,HAU/user19/2-1-3,user19,2-1-3,,"/home/fluxx/Workspace/cuchx-large/hf_data_manual/LMT_(IMU,Radar,Skeleton)/Training/HAU/user19/2-1-3",16.0,100.0,85.0,17061496.516,17061504.916,9.999999997339078
train_hau,HAU/user19/2-2-1,user19,2-2-1,,"/home/fluxx/Workspace/cuchx-large/hf_data_manual/LMT_(IMU,Radar,Skeleton)/Training/HAU/user19/2-2-1",17.0,146.0,130.0,16905678.616,16905691.516,10.00000000115513
train_hau,HAU/user19/2-2-2,user19,2-2-2,,"/home/fluxx/Workspace/cuchx-large/hf_data_manual/LMT_(IMU,Radar,Skeleton)/Training/HAU/user19/2-2-2",15.0,99.0,85.0,16905768.416,16905776.816,10.000000001773948
train_hau,HAU/user19/2-2-3,user19,2-2-3,,"/home/fluxx/Workspace/cuchx-large/hf_data_manual/LMT_(IMU,Radar,Skeleton)/Training/HAU/user19/2-2-3",13.0,69.0,57.0,16905842.216,16905847.816,9.999999997339078
train_hau,HAU/user19/2-3-1,user19,2-3-1,,"/home/fluxx/Workspace/cuchx-large/hf_data_manual/LMT_(IMU,Radar,Skeleton)/Training/HAU/user19/2-3-1",16.0,123.0,108.0,17061663.516,17061674.216,10.000000000696316
train_hau,HAU/user19/2-3-2,user19,2-3-2,,"/home/fluxx/Workspace/cuchx-large/hf_data_manual/LMT_(IMU,Radar,Skeleton)/Training/HAU/user19/2-3-2",12.0,100.0,89.0,17061755.116,17061763.916,9.999999999153344
train_hau,HAU/user19/2-3-3,user19,2-3-3,,"/home/fluxx/Workspace/cuchx-large/hf_data_manual/LMT_(IMU,Radar,Skeleton)/Training/HAU/user19/2-3-3",20.0,87.0,68.0,17061824.916,17061831.616,10.000000001112028
train_hau,HAU/user19/3-1-1,user19,3-1-1,,"/home/fluxx/Workspace/cuchx-large/hf_data_manual/LMT_(IMU,Radar,Skeleton)/Training/HAU/user19/3-1-1",14.0,127.0,114.0,16900540.316,16900551.616,9.999999999340657
train_hau,HAU/user19/3-1-2,user19,3-1-2,,"/home/fluxx/Workspace/cuchx-large/hf_data_manual/LMT_(IMU,Radar,Skeleton)/Training/HAU/user19/3-1-2",12.0,123.0,112.0,16900647.116,16900658.216,10.000000002013671
train_hau,HAU/user19/3-1-3,user19,3-1-3,,"/home/fluxx/Workspace/cuchx-large/hf_data_manual/LMT_(IMU,Radar,Skeleton)/Training/HAU/user19/3-1-3",14.0,69.0,56.0,16900735.316,16900740.816,10.0
train_hau,HAU/user19/3-2-1,user19,3-2-1,,"/home/fluxx/Workspace/cuchx-large/hf_data_manual/LMT_(IMU,Radar,Skeleton)/Training/HAU/user19/3-2-1",16.0,153.0,138.0,17062141.516,17062155.216,10.000000000543839
train_hau,HAU/user19/3-2-2,user19,3-2-2,,"/home/fluxx/Workspace/cuchx-large/hf_data_manual/LMT_(IMU,Radar,Skeleton)/Training/HAU/user19/3-2-2",19.0,142.0,124.0,17062249.816,17062262.116,9.999999999394262
train_hau,HAU/user19/3-2-3,user19,3-2-3,,"/home/fluxx/Workspace/cuchx-large/hf_data_manual/LMT_(IMU,Radar,Skeleton)/Training/HAU/user19/3-2-3",21.0,125.0,105.0,17062509.016,17062519.416,9.999999997850795
train_hau,HAU/user19/3-3-1,user19,3-3-1,,"/home/fluxx/Workspace/cuchx-large/hf_data_manual/LMT_(IMU,Radar,Skeleton)/Training/HAU/user19/3-3-1",16.0,376.0,361.0,16900875.516,16900911.516,10.0
train_hau,HAU/user19/3-3-2,user19,3-3-2,,"/home/fluxx/Workspace/cuchx-large/hf_data_manual/LMT_(IMU,Radar,Skeleton)/Training/HAU/user19/3-3-2",14.0,294.0,281.0,16900969.316,16900997.316,10.0
train_hau,HAU/user19/3-3-3,user19,3-3-3,,"/home/fluxx/Workspace/cuchx-large/hf_data_manual/LMT_(IMU,Radar,Skeleton)/Training/HAU/user19/3-3-3",1.0,179.0,179.0,16901048.016,16901065.816,9.999999999581428
train_hau,HAU/user19/4-1-1,user19,4-1-1,,"/home/fluxx/Workspace/cuchx-large/hf_data_manual/LMT_(IMU,Radar,Skeleton)/Training/HAU/user19/4-1-1",14.0,104.0,91.0,16905989.316,16905998.316,10.0
train_hau,HAU/user19/4-1-2,user19,4-1-2,,"/home/fluxx/Workspace/cuchx-large/hf_data_manual/LMT_(IMU,Radar,Skeleton)/Training/HAU/user19/4-1-2",12.0,85.0,74.0,16906064.116,16906071.416,9.999999998979373
train_hau,HAU/user19/4-1-3,user19,4-1-3,,"/home/fluxx/Workspace/cuchx-large/hf_data_manual/LMT_(IMU,Radar,Skeleton)/Training/HAU/user19/4-1-3",8.0,61.0,54.0,16906167.716,16906173.016,9.99999999859423
train_hau,HAU/user19/4-2-1,user19,4-2-1,,"/home/fluxx/Workspace/cuchx-large/hf_data_manual/LMT_(IMU,Radar,Skeleton)/Training/HAU/user19/4-2-1",17.0,108.0,92.0,16901210.616,16901219.716,10.000000002456236
train_hau,HAU/user19/4-2-2,user19,4-2-2,,"/home/fluxx/Workspace/cuchx-large/hf_data_manual/LMT_(IMU,Radar,Skeleton)/Training/HAU/user19/4-2-2",18.0,107.0,90.0,16901318.716,16901327.616,9.999999997488569
train_hau,HAU/user19/4-2-3,user19,4-2-3,,"/home/fluxx/Workspace/cuchx-large/hf_data_manual/LMT_(IMU,Radar,Skeleton)/Training/HAU/user19/4-2-3",19.0,67.0,49.0,16901377.816,16901382.616,9.999999998447796
train_hau,HAU/user19/4-3-1,user19,4-3-1,,"/home/fluxx/Workspace/cuchx-large/hf_data_manual/LMT_(IMU,Radar,Skeleton)/Training/HAU/user19/4-3-1",12.0,81.0,70.0,16906248.116,16906255.016,10.000000002159588
train_hau,HAU/user19/4-3-2,user19,4-3-2,,"/home/fluxx/Workspace/cuchx-large/hf_data_manual/LMT_(IMU,Radar,Skeleton)/Training/HAU/user19/4-3-2",13.0,103.0,91.0,16906321.216,16906330.216,10.0
train_hau,HAU/user19/4-3-3,user19,4-3-3,,"/home/fluxx/Workspace/cuchx-large/hf_data_manual/LMT_(IMU,Radar,Skeleton)/Training/HAU/user19/4-3-3",18.0,63.0,46.0,16906402.716,16906407.216,10.0
train_hau,HAU/user19/5-1-1,user19,5-1-1,,"/home/fluxx/Workspace/cuchx-large/hf_data_manual/LMT_(IMU,Radar,Skeleton)/Training/HAU/user19/5-1-1",13.0,92.0,80.0,16906773.216,16906781.116,9.999999997170665
train_hau,HAU/user19/5-1-2,user19,5-1-2,,"/home/fluxx/Workspace/cuchx-large/hf_data_manual/LMT_(IMU,Radar,Skeleton)/Training/HAU/user19/5-1-2",9.0,78.0,70.0,16906880.816,16906887.716,10.000000002159588
train_hau,HAU/user19/5-1-3,user19,5-1-3,,"/home/fluxx/Workspace/cuchx-large/hf_data_manual/LMT_(IMU,Radar,Skeleton)/Training/HAU/user19/5-1-3",13.0,67.0,55.0,16906961.216,16906966.616,9.999999995860788
train_hau,HAU/user19/5-2-1,user19,5-2-1,,"/home/fluxx/Workspace/cuchx-large/hf_data_manual/LMT_(IMU,Radar,Skeleton)/Training/HAU/user19/5-2-1",21.0,192.0,172.0,17063187.016,17063204.116,9.999999999128587
train_hau,HAU/user19/5-2-2,user19,5-2-2,,"/home/fluxx/Workspace/cuchx-large/hf_data_manual/LMT_(IMU,Radar,Skeleton)/Training/HAU/user19/5-2-2",23.0,142.0,120.0,17063304.216,17063316.116,9.999999998121702
train_hau,HAU/user19/5-2-3,user19,5-2-3,,"/home/fluxx/Workspace/cuchx-large/hf_data_manual/LMT_(IMU,Radar,Skeleton)/Training/HAU/user19/5-2-3",20.0,100.0,81.0,17063399.916,17063407.916,10.0
train_hau,HAU/user19/5-3-1,user19,5-3-1,,"/home/fluxx/Workspace/cuchx-large/hf_data_manual/LMT_(IMU,Radar,Skeleton)/Training/HAU/user19/5-3-1",14.0,158.0,145.0,16907137.316,16907151.716,10.000000001034802
train_hau,HAU/user19/5-3-2,user19,5-3-2,,"/home/fluxx/Workspace/cuchx-large/hf_data_manual/LMT_(IMU,Radar,Skeleton)/Training/HAU/user19/5-3-2",9.0,161.0,153.0,16907203.816,16907219.016,10.00000000049017
train_hau,HAU/user19/5-3-3,user19,5-3-3,,"/home/fluxx/Workspace/cuchx-large/hf_data_manual/LMT_(IMU,Radar,Skeleton)/Training/HAU/user19/5-3-3",11.0,93.0,83.0,16907277.016,16907285.216,10.000000000908607
train_hau,HAU/user19/6-1-1,user19,6-1-1,,"/home/fluxx/Workspace/cuchx-large/hf_data_manual/LMT_(IMU,Radar,Skeleton)/Training/HAU/user19/6-1-1",10.0,116.0,107.0,16907348.916,16907359.516,10.000000002108655
train_hau,HAU/user19/6-1-2,user19,6-1-2,,"/home/fluxx/Workspace/cuchx-large/hf_data_manual/LMT_(IMU,Radar,Skeleton)/Training/HAU/user19/6-1-2",10.0,71.0,62.0,16907415.916,16907422.016,10.00000000366422
train_hau,HAU/user19/6-1-3,user19,6-1-3,,"/home/fluxx/Workspace/cuchx-large/hf_data_manual/LMT_(IMU,Radar,Skeleton)/Training/HAU/user19/6-1-3",14.0,111.0,98.0,16907484.316,16907494.016,10.0000000007681
train_hau,HAU/user19/6-2-1,user19,6-2-1,,"/home/fluxx/Workspace/cuchx-large/hf_data_manual/LMT_(IMU,Radar,Skeleton)/Training/HAU/user19/6-2-1",14.0,198.0,185.0,16901493.316,16901511.716,10.000000000809846
train_hau,HAU/user19/6-2-2,user19,6-2-2,,"/home/fluxx/Workspace/cuchx-large/hf_data_manual/LMT_(IMU,Radar,Skeleton)/Training/HAU/user19/6-2-2",27.0,105.0,79.0,16901627.616,16901635.416,9.999999999044798
train_hau,HAU/user19/6-2-3,user19,6-2-3,,"/home/fluxx/Workspace/cuchx-large/hf_data_manual/LMT_(IMU,Radar,Skeleton)/Training/HAU/user19/6-2-3",18.0,144.0,127.0,16901700.716,16901713.316,9.999999998817367
train_hau,HAU/user19/7-1-1,user19,7-1-1,,"/home/fluxx/Workspace/cuchx-large/hf_data_manual/LMT_(IMU,Radar,Skeleton)/Training/HAU/user19/7-1-1",16.0,275.0,260.0,16975271.516,16975297.416,9.999999999136998
train_hau,HAU/user19/7-1-2,user19,7-1-2,,"/home/fluxx/Workspace/cuchx-large/hf_data_manual/LMT_(IMU,Radar,Skeleton)/Training/HAU/user19/7-1-2",14.0,189.0,176.0,16975357.316,16975374.816,10.0
train_hau,HAU/user19/7-1-3,user19,7-1-3,,"/home/fluxx/Workspace/cuchx-large/hf_data_manual/LMT_(IMU,Radar,Skeleton)/Training/HAU/user19/7-1-3",11.0,179.0,169.0,16975473.016,16975489.816,9.999999999556513
train_hau,HAU/user19/7-2-1,user19,7-2-1,,"/home/fluxx/Workspace/cuchx-large/hf_data_manual/LMT_(IMU,Radar,Skeleton)/Training/HAU/user19/7-2-1",21.0,476.0,456.0,17063809.016,17063854.516,10.0
train_hau,HAU/user19/7-2-2,user19,7-2-2,,"/home/fluxx/Workspace/cuchx-large/hf_data_manual/LMT_(IMU,Radar,Skeleton)/Training/HAU/user19/7-2-2",18.0,347.0,330.0,17063931.716,17063964.616,9.999999999320616
train_hau,HAU/user19/7-2-3,user19,7-2-3,,"/home/fluxx/Workspace/cuchx-large/hf_data_manual/LMT_(IMU,Radar,Skeleton)/Training/HAU/user19/7-2-3",18.0,328.0,311.0,17064030.716,17064061.716,10.0
train_hau,HAU/user2/1-1-1,user2,1-1-1,,"/home/fluxx/Workspace/cuchx-large/hf_data_manual/LMT_(IMU,Radar,Skeleton)/Training/HAU/user2/1-1-1",18.0,187.0,170.0,,,
train_hau,HAU/user2/1-1-2,user2,1-1-2,,"/home/fluxx/Workspace/cuchx-large/hf_data_manual/LMT_(IMU,Radar,Skeleton)/Training/HAU/user2/1-1-2",19.0,145.0,127.0,,,
train_hau,HAU/user2/1-1-3,user2,1-1-3,,"/home/fluxx/Workspace/cuchx-large/hf_data_manual/LMT_(IMU,Radar,Skeleton)/Training/HAU/user2/1-1-3",,,,,,
train_hau,HAU/user2/1-2-1,user2,1-2-1,,"/home/fluxx/Workspace/cuchx-large/hf_data_manual/LMT_(IMU,Radar,Skeleton)/Training/HAU/user2/1-2-1",21.0,250.0,230.0,14144444.016,14144466.916,10.000000000650706
train_hau,HAU/user2/1-2-2,user2,1-2-2,,"/home/fluxx/Workspace/cuchx-large/hf_data_manual/LMT_(IMU,Radar,Skeleton)/Training/HAU/user2/1-2-2",14.0,201.0,188.0,14144584.316,14144603.016,9.99999999940236
train_hau,HAU/user2/1-2-3,user2,1-2-3,,"/home/fluxx/Workspace/cuchx-large/hf_data_manual/LMT_(IMU,Radar,Skeleton)/Training/HAU/user2/1-2-3",20.0,150.0,131.0,14144697.916,14144710.916,10.0
train_hau,HAU/user2/2-1-1,user2,2-1-1,,"/home/fluxx/Workspace/cuchx-large/hf_data_manual/LMT_(IMU,Radar,Skeleton)/Training/HAU/user2/2-1-1",21.0,400.0,380.0,14144879.016,14144916.916,10.00000000039317
train_hau,HAU/user2/2-1-2,user2,2-1-2,,"/home/fluxx/Workspace/cuchx-large/hf_data_manual/LMT_(IMU,Radar,Skeleton)/Training/HAU/user2/2-1-2",19.0,355.0,337.0,14145009.816,14145043.416,10.000000000110871
train_hau,HAU/user2/2-1-3,user2,2-1-3,,"/home/fluxx/Workspace/cuchx-large/hf_data_manual/LMT_(IMU,Radar,Skeleton)/Training/HAU/user2/2-1-3",12.0,194.0,183.0,14145111.116,14145129.316,10.000000000409372
train_hau,HAU/user2/2-2-1,user2,2-2-1,,"/home/fluxx/Workspace/cuchx-large/hf_data_manual/LMT_(IMU,Radar,Skeleton)/Training/HAU/user2/2-2-1",15.0,746.0,732.0,14053654.416,14053727.516,9.999999999796154
train_hau,HAU/user2/2-2-2,user2,2-2-2,,"/home/fluxx/Workspace/cuchx-large/hf_data_manual/LMT_(IMU,Radar,Skeleton)/Training/HAU/user2/2-2-2",6.0,547.0,542.0,14053905.516,14053959.616,10.000000000068859
train_hau,HAU/user2/2-2-3,user2,2-2-3,,"/home/fluxx/Workspace/cuchx-large/hf_data_manual/LMT_(IMU,Radar,Skeleton)/Training/HAU/user2/2-2-3",4.0,332.0,329.0,14054133.316,14054166.116,9.999999999772848
train_hau,HAU/user2/3-1-1,user2,3-1-1,,"/home/fluxx/Workspace/cuchx-large/hf_data_manual/LMT_(IMU,Radar,Skeleton)/Training/HAU/user2/3-1-1",,,,,,
train_hau,HAU/user2/3-1-2,user2,3-1-2,,"/home/fluxx/Workspace/cuchx-large/hf_data_manual/LMT_(IMU,Radar,Skeleton)/Training/HAU/user2/3-1-2",18.0,235.0,218.0,14145311.716,14145333.416,10.000000000343345
train_hau,HAU/user2/3-1-3,user2,3-1-3,,"/home/fluxx/Workspace/cuchx-large/hf_data_manual/LMT_(IMU,Radar,Skeleton)/Training/HAU/user2/3-1-3",17.0,149.0,133.0,14145380.616,14145393.816,10.000000000564437
train_hau,HAU/user2/3-2-2,user2,3-2-2,,"/home/fluxx/Workspace/cuchx-large/hf_data_manual/LMT_(IMU,Radar,Skeleton)/Training/HAU/user2/3-2-2",14.0,189.0,176.0,14054764.316,14054781.816,10.0
train_hau,HAU/user2/3-2-3,user2,3-2-3,,"/home/fluxx/Workspace/cuchx-large/hf_data_manual/LMT_(IMU,Radar,Skeleton)/Training/HAU/user2/3-2-3",7.0,134.0,128.0,14055319.616,14055332.316,10.00000000058666
train_hau,HAU/user2/4-1-1,user2,4-1-1,,"/home/fluxx/Workspace/cuchx-large/hf_data_manual/LMT_(IMU,Radar,Skeleton)/Training/HAU/user2/4-1-1",13.0,325.0,313.0,14055852.216,14055883.416,10.000000000238801
train_hau,HAU/user2/4-1-2,user2,4-1-2,,"/home/fluxx/Workspace/cuchx-large/hf_data_manual/LMT_(IMU,Radar,Skeleton)/Training/HAU/user2/4-1-2",10.0,294.0,285.0,14056107.916,14056136.316,9.999999999868828
train_hau,HAU/user2/4-1-3,user2,4-1-3,,"/home/fluxx/Workspace/cuchx-large/hf_data_manual/LMT_(IMU,Radar,Skeleton)/Training/HAU/user2/4-1-3",21.0,237.0,217.0,14056274.016,14056295.616,10.000000000172466
train_hau,HAU/user2/4-2-1,user2,4-2-1,,"/home/fluxx/Workspace/cuchx-large/hf_data_manual/LMT_(IMU,Radar,Skeleton)/Training/HAU/user2/4-2-1",26.0,174.0,149.0,14148308.516,14148323.316,10.000000000755126
train_hau,HAU/user2/4-2-2,user2,4-2-2,,"/home/fluxx/Workspace/cuchx-large/hf_data_manual/LMT_(IMU,Radar,Skeleton)/Training/HAU/user2/4-2-2",26.0,202.0,177.0,14148391.516,14148409.116,10.000000000211664
train_hau,HAU/user2/4-2-3,user2,4-2-3,,"/home/fluxx/Workspace/cuchx-large/hf_data_manual/LMT_(IMU,Radar,Skeleton)/Training/HAU/user2/4-2-3",22.0,127.0,106.0,14148455.116,14148465.616,10.0
train_hau,HAU/user2/4-3-1,user2,4-3-1,,"/home/fluxx/Workspace/cuchx-large/hf_data_manual/LMT_(IMU,Radar,Skeleton)/Training/HAU/user2/4-3-1",6.0,141.0,136.0,14056451.516,14056465.016,10.0
train_hau,HAU/user2/4-3-2,user2,4-3-2,,"/home/fluxx/Workspace/cuchx-large/hf_data_manual/LMT_(IMU,Radar,Skeleton)/Training/HAU/user2/4-3-2",3.0,159.0,157.0,14056572.216,14056587.816,10.000000000238801
train_hau,HAU/user2/4-3-3,user2,4-3-3,,"/home/fluxx/Workspace/cuchx-large/hf_data_manual/LMT_(IMU,Radar,Skeleton)/Training/HAU/user2/4-3-3",9.0,136.0,128.0,14056692.816,14056705.516,9.99999999912001
train_hau,HAU/user2/5-1-1,user2,5-1-1,,"/home/fluxx/Workspace/cuchx-large/hf_data_manual/LMT_(IMU,Radar,Skeleton)/Training/HAU/user2/5-1-1",21.0,293.0,273.0,14056937.016,14056964.216,10.000000000273918
train_hau,HAU/user2/5-1-2,user2,5-1-2,,"/home/fluxx/Workspace/cuchx-large/hf_data_manual/LMT_(IMU,Radar,Skeleton)/Training/HAU/user2/5-1-2",22.0,236.0,215.0,14057111.116,14057132.516,9.99999999982592
train_hau,HAU/user2/5-1-3,user2,5-1-3,,"/home/fluxx/Workspace/cuchx-large/hf_data_manual/LMT_(IMU,Radar,Skeleton)/Training/HAU/user2/5-1-3",8.0,196.0,189.0,14057238.716,14057257.516,9.999999999603693
train_hau,HAU/user2/5-2-1,user2,5-2-1,,"/home/fluxx/Workspace/cuchx-large/hf_data_manual/LMT_(IMU,Radar,Skeleton)/Training/HAU/user2/5-2-1",28.0,197.0,170.0,14148646.716,14148663.616,9.999999999779568
train_hau,HAU/user2/5-2-2,user2,5-2-2,,"/home/fluxx/Workspace/cuchx-large/hf_data_manual/LMT_(IMU,Radar,Skeleton)/Training/HAU/user2/5-2-2",20.0,117.0,98.0,14148751.916,14148761.616,9.999999998847848
train_hau,HAU/user2/5-2-3,user2,5-2-3,,"/home/fluxx/Workspace/cuchx-large/hf_data_manual/LMT_(IMU,Radar,Skeleton)/Training/HAU/user2/5-2-3",18.0,78.0,61.0,14148843.716,14148849.716,10.0
train_hau,HAU/user2/6-1-1,user2,6-1-1,,"/home/fluxx/Workspace/cuchx-large/hf_data_manual/LMT_(IMU,Radar,Skeleton)/Training/HAU/user2/6-1-1",14.0,463.0,450.0,14057747.316,14057792.216,9.999999999917032
train_hau,HAU/user2/6-1-2,user2,6-1-2,,"/home/fluxx/Workspace/cuchx-large/hf_data_manual/LMT_(IMU,Radar,Skeleton)/Training/HAU/user2/6-1-2",22.0,287.0,266.0,14057916.116,14057942.616,10.0
train_hau,HAU/user2/7-1-1,user2,7-1-1,,"/home/fluxx/Workspace/cuchx-large/hf_data_manual/LMT_(IMU,Radar,Skeleton)/Training/HAU/user2/7-1-1",9.0,168.0,160.0,14058787.816,14058803.716,9.999999999765706
train_hau,HAU/user2/7-1-2,user2,7-1-2,,"/home/fluxx/Workspace/cuchx-large/hf_data_manual/LMT_(IMU,Radar,Skeleton)/Training/HAU/user2/7-1-2",13.0,156.0,144.0,14058889.216,14058903.516,9.99999999947898
train_hau,HAU/user2/7-1-3,user2,7-1-3,,"/home/fluxx/Workspace/cuchx-large/hf_data_manual/LMT_(IMU,Radar,Skeleton)/Training/HAU/user2/7-1-3",11.0,128.0,118.0,14059051.016,14059062.716,10.000000000636803
train_hau,HAU/user2/7-2-1,user2,7-2-1,,"/home/fluxx/Workspace/cuchx-large/hf_data_manual/LMT_(IMU,Radar,Skeleton)/Training/HAU/user2/7-2-1",20.0,138.0,119.0,14149085.916,14149097.716,9.999999999368596
train_hau,HAU/user2/7-2-2,user2,7-2-2,,"/home/fluxx/Workspace/cuchx-large/hf_data_manual/LMT_(IMU,Radar,Skeleton)/Training/HAU/user2/7-2-2",26.0,84.0,59.0,14149141.516,14149147.316,10.000000001926875
train_hau,HAU/user2/7-2-3,user2,7-2-3,,"/home/fluxx/Workspace/cuchx-large/hf_data_manual/LMT_(IMU,Radar,Skeleton)/Training/HAU/user2/7-2-3",13.0,57.0,45.0,14149224.216,14149228.616,9.999999999153344
train_hau,HAU/user2/7-3-1,user2,7-3-1,,"/home/fluxx/Workspace/cuchx-large/hf_data_manual/LMT_(IMU,Radar,Skeleton)/Training/HAU/user2/7-3-1",12.0,389.0,378.0,14059187.116,14059224.816,10.000000000197629
train_hau,HAU/user2/7-3-2,user2,7-3-2,,"/home/fluxx/Workspace/cuchx-large/hf_data_manual/LMT_(IMU,Radar,Skeleton)/Training/HAU/user2/7-3-2",13.0,270.0,258.0,14059444.216,14059469.916,10.000000000289905
train_hau,HAU/user2/7-3-3,user2,7-3-3,,"/home/fluxx/Workspace/cuchx-large/hf_data_manual/LMT_(IMU,Radar,Skeleton)/Training/HAU/user2/7-3-3",17.0,230.0,214.0,14059556.616,14059577.916,10.00000000052469
train_hau,HAU/user20/1-1-1,user20,1-1-1,,"/home/fluxx/Workspace/cuchx-large/hf_data_manual/LMT_(IMU,Radar,Skeleton)/Training/HAU/user20/1-1-1",20.0,123.0,104.0,17056148.916,17056159.216,10.00000000289343
train_hau,HAU/user20/1-1-2,user20,1-1-2,,"/home/fluxx/Workspace/cuchx-large/hf_data_manual/LMT_(IMU,Radar,Skeleton)/Training/HAU/user20/1-1-2",13.0,74.0,62.0,17056390.216,17056396.316,9.999999997557186
train_hau,HAU/user20/1-1-3,user20,1-1-3,,"/home/fluxx/Workspace/cuchx-large/hf_data_manual/LMT_(IMU,Radar,Skeleton)/Training/HAU/user20/1-1-3",20.0,103.0,84.0,17057099.916,17057108.216,10.00000000359064
train_hau,HAU/user20/1-2-1,user20,1-2-1,,"/home/fluxx/Workspace/cuchx-large/hf_data_manual/LMT_(IMU,Radar,Skeleton)/Training/HAU/user20/1-2-1",18.0,300.0,283.0,16903794.716,16903822.916,9.99999999894318
train_hau,HAU/user20/1-2-2,user20,1-2-2,,"/home/fluxx/Workspace/cuchx-large/hf_data_manual/LMT_(IMU,Radar,Skeleton)/Training/HAU/user20/1-2-2",19.0,153.0,135.0,16903904.816,16903918.216,10.000000001112028
train_hau,HAU/user20/1-2-3,user20,1-2-3,,"/home/fluxx/Workspace/cuchx-large/hf_data_manual/LMT_(IMU,Radar,Skeleton)/Training/HAU/user20/1-2-3",14.0,198.0,185.0,16904127.316,16904145.716,10.000000000809846
train_hau,HAU/user20/2-1-1,user20,2-1-1,,"/home/fluxx/Workspace/cuchx-large/hf_data_manual/LMT_(IMU,Radar,Skeleton)/Training/HAU/user20/2-1-1",8.0,572.0,565.0,17059735.716,17059792.116,9.999999999603693
train_hau,HAU/user20/2-1-2,user20,2-1-2,,"/home/fluxx/Workspace/cuchx-large/hf_data_manual/LMT_(IMU,Radar,Skeleton)/Training/HAU/user20/2-1-2",12.0,495.0,484.0,17059976.116,17060024.416,9.999999999845743
train_hau,HAU/user20/2-1-3,user20,2-1-3,,"/home/fluxx/Workspace/cuchx-large/hf_data_manual/LMT_(IMU,Radar,Skeleton)/Training/HAU/user20/2-1-3",14.0,281.0,268.0,17060095.316,17060122.016,10.000000000279048
train_hau,HAU/user20/2-2-1,user20,2-2-1,,"/home/fluxx/Workspace/cuchx-large/hf_data_manual/LMT_(IMU,Radar,Skeleton)/Training/HAU/user20/2-2-1",16.0,161.0,146.0,16904230.516,16904245.016,10.0
train_hau,HAU/user20/2-2-2,user20,2-2-2,,"/home/fluxx/Workspace/cuchx-large/hf_data_manual/LMT_(IMU,Radar,Skeleton)/Training/HAU/user20/2-2-2",17.0,156.0,140.0,16904307.616,16904321.516,10.000000001072026
train_hau,HAU/user20/2-2-3,user20,2-2-3,,"/home/fluxx/Workspace/cuchx-large/hf_data_manual/LMT_(IMU,Radar,Skeleton)/Training/HAU/user20/2-2-3",17.0,96.0,80.0,16904415.616,16904423.516,10.000000001886223
train_hau,HAU/user20/3-1-1,user20,3-1-1,,"/home/fluxx/Workspace/cuchx-large/hf_data_manual/LMT_(IMU,Radar,Skeleton)/Training/HAU/user20/3-1-1",22.0,290.0,269.0,17060238.116,17060264.916,9.999999999721993
train_hau,HAU/user20/3-1-2,user20,3-1-2,,"/home/fluxx/Workspace/cuchx-large/hf_data_manual/LMT_(IMU,Radar,Skeleton)/Training/HAU/user20/3-1-2",13.0,273.0,261.0,17060441.216,17060467.216,10.0
train_hau,HAU/user20/3-1-3,user20,3-1-3,,"/home/fluxx/Workspace/cuchx-large/hf_data_manual/LMT_(IMU,Radar,Skeleton)/Training/HAU/user20/3-1-3",28.0,186.0,159.0,17060598.716,17060614.516,9.999999999528445
train_hau,HAU/user20/3-2-1,user20,3-2-1,,"/home/fluxx/Workspace/cuchx-large/hf_data_manual/LMT_(IMU,Radar,Skeleton)/Training/HAU/user20/3-2-1",15.0,209.0,195.0,16904548.416,16904567.816,10.0000000007681
train_hau,HAU/user20/3-2-2,user20,3-2-2,,"/home/fluxx/Workspace/cuchx-large/hf_data_manual/LMT_(IMU,Radar,Skeleton)/Training/HAU/user20/3-2-2",11.0,183.0,173.0,16904635.016,16904652.216,10.000000000433173
train_hau,HAU/user20/3-2-3,user20,3-2-3,,"/home/fluxx/Workspace/cuchx-large/hf_data_manual/LMT_(IMU,Radar,Skeleton)/Training/HAU/user20/3-2-3",24.0,118.0,95.0,16904784.316,16904793.716,10.00000000158523
train_hau,HAU/user20/4-1-1,user20,4-1-1,,"/home/fluxx/Workspace/cuchx-large/hf_data_manual/LMT_(IMU,Radar,Skeleton)/Training/HAU/user20/4-1-1",19.0,363.0,345.0,16902068.816,16902103.216,10.000000000433173
train_hau,HAU/user20/4-1-2,user20,4-1-2,,"/home/fluxx/Workspace/cuchx-large/hf_data_manual/LMT_(IMU,Radar,Skeleton)/Training/HAU/user20/4-1-2",18.0,219.0,202.0,16902162.716,16902182.816,9.999999999258648
train_hau,HAU/user20/4-1-3,user20,4-1-3,,"/home/fluxx/Workspace/cuchx-large/hf_data_manual/LMT_(IMU,Radar,Skeleton)/Training/HAU/user20/4-1-3",12.0,245.0,234.0,16902232.116,16902255.416,9.999999999680233
train_hau,HAU/user20/4-2-1,user20,4-2-1,,"/home/fluxx/Workspace/cuchx-large/hf_data_manual/LMT_(IMU,Radar,Skeleton)/Training/HAU/user20/4-2-1",24.0,188.0,165.0,17057242.316,17057258.716,10.000000000908607
train_hau,HAU/user20/4-2-2,user20,4-2-2,,"/home/fluxx/Workspace/cuchx-large/hf_data_manual/LMT_(IMU,Radar,Skeleton)/Training/HAU/user20/4-2-2",17.0,121.0,105.0,17057402.616,17057413.016,10.000000001432804
train_hau,HAU/user20/4-2-3,user20,4-2-3,,"/home/fluxx/Workspace/cuchx-large/hf_data_manual/LMT_(IMU,Radar,Skeleton)/Training/HAU/user20/4-2-3",14.0,173.0,160.0,17057505.316,17057521.216,10.00000000093718
train_hau,HAU/user20/5-1-1,user20,5-1-1,,"/home/fluxx/Workspace/cuchx-large/hf_data_manual/LMT_(IMU,Radar,Skeleton)/Training/HAU/user20/5-1-1",13.0,162.0,150.0,16904879.216,16904894.116,9.999999998499883
train_hau,HAU/user20/5-1-2,user20,5-1-2,,"/home/fluxx/Workspace/cuchx-large/hf_data_manual/LMT_(IMU,Radar,Skeleton)/Training/HAU/user20/5-1-2",16.0,189.0,174.0,16905015.516,16905032.816,9.999999999569331
train_hau,HAU/user20/5-1-3,user20,5-1-3,,"/home/fluxx/Workspace/cuchx-large/hf_data_manual/LMT_(IMU,Radar,Skeleton)/Training/HAU/user20/5-1-3",13.0,218.0,206.0,16905108.216,16905128.716,10.0
train_hau,HAU/user20/6-1-1,user20,6-1-1,,"/home/fluxx/Workspace/cuchx-large/hf_data_manual/LMT_(IMU,Radar,Skeleton)/Training/HAU/user20/6-1-1",13.0,111.0,99.0,16902325.216,16902335.016,9.999999999239737
train_hau,HAU/user20/6-1-2,user20,6-1-2,,"/home/fluxx/Workspace/cuchx-large/hf_data_manual/LMT_(IMU,Radar,Skeleton)/Training/HAU/user20/6-1-2",12.0,69.0,58.0,16902392.116,16902397.816,10.00000000130712
train_hau,HAU/user20/6-1-3,user20,6-1-3,,"/home/fluxx/Workspace/cuchx-large/hf_data_manual/LMT_(IMU,Radar,Skeleton)/Training/HAU/user20/6-1-3",16.0,97.0,82.0,16902469.516,16902477.616,9.99999999816035
train_hau,HAU/user20/6-2-1,user20,6-2-1,,"/home/fluxx/Workspace/cuchx-large/hf_data_manual/LMT_(IMU,Radar,Skeleton)/Training/HAU/user20/6-2-1",16.0,108.0,93.0,17057655.516,17057664.716,10.000000000809846
train_hau,HAU/user20/6-2-2,user20,6-2-2,,"/home/fluxx/Workspace/cuchx-large/hf_data_manual/LMT_(IMU,Radar,Skeleton)/Training/HAU/user20/6-2-2",7.0,73.0,67.0,17057725.616,17057732.216,10.000000003386628
train_hau,HAU/user20/6-2-3,user20,6-2-3,,"/home/fluxx/Workspace/cuchx-large/hf_data_manual/LMT_(IMU,Radar,Skeleton)/Training/HAU/user20/6-2-3",13.0,93.0,81.0,17057796.216,17057804.216,10.0
train_hau,HAU/user20/6-3-1,user20,6-3-1,,"/home/fluxx/Workspace/cuchx-large/hf_data_manual/LMT_(IMU,Radar,Skeleton)/Training/HAU/user20/6-3-1",14.0,331.0,318.0,16902542.316,16902574.016,10.000000000235033
train_hau,HAU/user20/6-3-2,user20,6-3-2,,"/home/fluxx/Workspace/cuchx-large/hf_data_manual/LMT_(IMU,Radar,Skeleton)/Training/HAU/user20/6-3-2",19.0,186.0,168.0,16902627.816,16902644.516,10.000000000446143
train_hau,HAU/user20/6-3-3,user20,6-3-3,,"/home/fluxx/Workspace/cuchx-large/hf_data_manual/LMT_(IMU,Radar,Skeleton)/Training/HAU/user20/6-3-3",14.0,273.0,260.0,16902686.316,16902712.216,10.000000000575334
train_hau,HAU/user20/7-1-1,user20,7-1-1,,"/home/fluxx/Workspace/cuchx-large/hf_data_manual/LMT_(IMU,Radar,Skeleton)/Training/HAU/user20/7-1-1",14.0,358.0,345.0,17060793.316,17060827.716,10.000000000433173
train_hau,HAU/user20/7-1-2,user20,7-1-2,,"/home/fluxx/Workspace/cuchx-large/hf_data_manual/LMT_(IMU,Radar,Skeleton)/Training/HAU/user20/7-1-2",19.0,339.0,321.0,17060899.816,17060931.816,10.0
train_hau,HAU/user20/7-1-3,user20,7-1-3,,"/home/fluxx/Workspace/cuchx-large/hf_data_manual/LMT_(IMU,Radar,Skeleton)/Training/HAU/user20/7-1-3",20.0,224.0,205.0,17060985.916,17061006.316,10.000000000730449
train_hau,HAU/user20/7-2-1,user20,7-2-1,,"/home/fluxx/Workspace/cuchx-large/hf_data_manual/LMT_(IMU,Radar,Skeleton)/Training/HAU/user20/7-2-1",12.0,147.0,136.0,17057898.116,17057911.616,10.0
train_hau,HAU/user20/7-2-2,user20,7-2-2,,"/home/fluxx/Workspace/cuchx-large/hf_data_manual/LMT_(IMU,Radar,Skeleton)/Training/HAU/user20/7-2-2",15.0,155.0,141.0,17057982.416,17057996.416,10.0
train_hau,HAU/user20/7-2-3,user20,7-2-3,,"/home/fluxx/Workspace/cuchx-large/hf_data_manual/LMT_(IMU,Radar,Skeleton)/Training/HAU/user20/7-2-3",12.0,97.0,86.0,17058148.116,17058156.616,10.0
train_hau,HAU/user21/1-1-1,user21,1-1-1,,"/home/fluxx/Workspace/cuchx-large/hf_data_manual/LMT_(IMU,Radar,Skeleton)/Training/HAU/user21/1-1-1",16.0,121.0,106.0,17253773.516,17253784.016,10.0
train_hau,HAU/user21/1-1-2,user21,1-1-2,,"/home/fluxx/Workspace/cuchx-large/hf_data_manual/LMT_(IMU,Radar,Skeleton)/Training/HAU/user21/1-1-2",13.0,113.0,101.0,17253850.216,17253860.216,10.0
train_hau,HAU/user21/1-1-3,user21,1-1-3,,"/home/fluxx/Workspace/cuchx-large/hf_data_manual/LMT_(IMU,Radar,Skeleton)/Training/HAU/user21/1-1-3",19.0,63.0,45.0,17253934.816,17253939.216,10.000000003386628
train_hau,HAU/user21/1-2-1,user21,1-2-1,,"/home/fluxx/Workspace/cuchx-large/hf_data_manual/LMT_(IMU,Radar,Skeleton)/Training/HAU/user21/1-2-1",17.0,176.0,160.0,17164545.616,17164561.516,10.00000000093718
train_hau,HAU/user21/1-2-2,user21,1-2-2,,"/home/fluxx/Workspace/cuchx-large/hf_data_manual/LMT_(IMU,Radar,Skeleton)/Training/HAU/user21/1-2-2",12.0,173.0,162.0,17256902.116,17256918.216,10.000000001388306
train_hau,HAU/user21/1-2-3,user21,1-2-3,,"/home/fluxx/Workspace/cuchx-large/hf_data_manual/LMT_(IMU,Radar,Skeleton)/Training/HAU/user21/1-2-3",10.0,159.0,150.0,17164632.916,17164647.816,10.000000001000078
train_hau,HAU/user21/2-1-1,user21,2-1-1,,"/home/fluxx/Workspace/cuchx-large/hf_data_manual/LMT_(IMU,Radar,Skeleton)/Training/HAU/user21/2-1-1",19.0,331.0,313.0,17159373.816,17159405.016,10.000000000238801
train_hau,HAU/user21/2-1-2,user21,2-1-2,,"/home/fluxx/Workspace/cuchx-large/hf_data_manual/LMT_(IMU,Radar,Skeleton)/Training/HAU/user21/2-1-2",11.0,306.0,296.0,17159476.016,17159505.516,10.0
train_hau,HAU/user21/2-1-3,user21,2-1-3,,"/home/fluxx/Workspace/cuchx-large/hf_data_manual/LMT_(IMU,Radar,Skeleton)/Training/HAU/user21/2-1-3",15.0,159.0,145.0,17159578.416,17159592.816,10.000000001034802
train_hau,HAU/user21/2-2-1,user21,2-2-1,,"/home/fluxx/Workspace/cuchx-large/hf_data_manual/LMT_(IMU,Radar,Skeleton)/Training/HAU/user21/2-2-1",15.0,252.0,238.0,17164830.416,17164854.116,10.00000000031437
train_hau,HAU/user21/2-2-2,user21,2-2-2,,"/home/fluxx/Workspace/cuchx-large/hf_data_manual/LMT_(IMU,Radar,Skeleton)/Training/HAU/user21/2-2-2",17.0,186.0,170.0,17164926.616,17164943.516,10.000000000881725
train_hau,HAU/user21/2-2-3,user21,2-2-3,,"/home/fluxx/Workspace/cuchx-large/hf_data_manual/LMT_(IMU,Radar,Skeleton)/Training/HAU/user21/2-2-3",8.0,132.0,125.0,17165367.716,17165380.116,9.99999999819744
train_hau,HAU/user21/3-1-1,user21,3-1-1,,"/home/fluxx/Workspace/cuchx-large/hf_data_manual/LMT_(IMU,Radar,Skeleton)/Training/HAU/user21/3-1-1",15.0,151.0,137.0,17159654.416,17159668.016,10.00000000164351
train_hau,HAU/user21/3-1-2,user21,3-1-2,,"/home/fluxx/Workspace/cuchx-large/hf_data_manual/LMT_(IMU,Radar,Skeleton)/Training/HAU/user21/3-1-2",16.0,109.0,94.0,17159719.516,17159728.816,9.999999999198863
train_hau,HAU/user21/3-1-3,user21,3-1-3,,"/home/fluxx/Workspace/cuchx-large/hf_data_manual/LMT_(IMU,Radar,Skeleton)/Training/HAU/user21/3-1-3",10.0,70.0,61.0,17159793.916,17159799.916,10.0
train_hau,HAU/user21/3-2-1,user21,3-2-1,,"/home/fluxx/Workspace/cuchx-large/hf_data_manual/LMT_(IMU,Radar,Skeleton)/Training/HAU/user21/3-2-1",11.0,247.0,237.0,17165154.016,17165177.616,9.999999999368596
train_hau,HAU/user21/3-2-2,user21,3-2-2,,"/home/fluxx/Workspace/cuchx-large/hf_data_manual/LMT_(IMU,Radar,Skeleton)/Training/HAU/user21/3-2-2",20.0,193.0,174.0,17165513.916,17165531.216,10.000000001722677
train_hau,HAU/user21/3-2-3,user21,3-2-3,,"/home/fluxx/Workspace/cuchx-large/hf_data_manual/LMT_(IMU,Radar,Skeleton)/Training/HAU/user21/3-2-3",12.0,124.0,113.0,17165623.116,17165634.316,10.00000000066523
train_hau,HAU/user21/4-1-1,user21,4-1-1,,"/home/fluxx/Workspace/cuchx-large/hf_data_manual/LMT_(IMU,Radar,Skeleton)/Training/HAU/user21/4-1-1",11.0,280.0,270.0,17082268.016,17082294.916,9.99999999916908
train_hau,HAU/user21/4-1-2,user21,4-1-2,,"/home/fluxx/Workspace/cuchx-large/hf_data_manual/LMT_(IMU,Radar,Skeleton)/Training/HAU/user21/4-1-2",11.0,195.0,185.0,17082453.016,17082471.416,9.999999998785231
train_hau,HAU/user21/4-1-3,user21,4-1-3,,"/home/fluxx/Workspace/cuchx-large/hf_data_manual/LMT_(IMU,Radar,Skeleton)/Training/HAU/user21/4-1-3",10.0,124.0,115.0,17082540.916,17082552.316,10.00000000130712
train_hau,HAU/user21/4-2-1,user21,4-2-1,,"/home/fluxx/Workspace/cuchx-large/hf_data_manual/LMT_(IMU,Radar,Skeleton)/Training/HAU/user21/4-2-1",12.0,134.0,123.0,17254001.116,17254013.316,10.000000000610703
train_hau,HAU/user21/4-2-2,user21,4-2-2,,"/home/fluxx/Workspace/cuchx-large/hf_data_manual/LMT_(IMU,Radar,Skeleton)/Training/HAU/user21/4-2-2",15.0,73.0,59.0,17254068.416,17254074.216,10.00000000513833
train_hau,HAU/user21/4-2-3,user21,4-2-3,,"/home/fluxx/Workspace/cuchx-large/hf_data_manual/LMT_(IMU,Radar,Skeleton)/Training/HAU/user21/4-2-3",10.0,67.0,58.0,17254122.916,17254128.616,10.00000000130712
train_hau,HAU/user21/5-1-1,user21,5-1-1,,"/home/fluxx/Workspace/cuchx-large/hf_data_manual/LMT_(IMU,Radar,Skeleton)/Training/HAU/user21/5-1-1",12.0,99.0,88.0,17254208.116,17254216.816,10.000000000856389
train_hau,HAU/user21/5-1-2,user21,5-1-2,,"/home/fluxx/Workspace/cuchx-large/hf_data_manual/LMT_(IMU,Radar,Skeleton)/Training/HAU/user21/5-1-2",13.0,92.0,80.0,17254276.216,17254284.116,9.999999997170665
train_hau,HAU/user21/5-1-3,user21,5-1-3,,"/home/fluxx/Workspace/cuchx-large/hf_data_manual/LMT_(IMU,Radar,Skeleton)/Training/HAU/user21/5-1-3",21.0,65.0,45.0,17254469.016,17254473.416,9.999999994920058
train_hau,HAU/user21/5-2-1,user21,5-2-1,,"/home/fluxx/Workspace/cuchx-large/hf_data_manual/LMT_(IMU,Radar,Skeleton)/Training/HAU/user21/5-2-1",6.0,248.0,243.0,17082816.516,17082840.716,10.000000000307875
train_hau,HAU/user21/5-2-2,user21,5-2-2,,"/home/fluxx/Workspace/cuchx-large/hf_data_manual/LMT_(IMU,Radar,Skeleton)/Training/HAU/user21/5-2-2",1.0,199.0,199.0,17082945.016,17082964.816,9.999999999623707
train_hau,HAU/user21/5-2-3,user21,5-2-3,,"/home/fluxx/Workspace/cuchx-large/hf_data_manual/LMT_(IMU,Radar,Skeleton)/Training/HAU/user21/5-2-3",8.0,168.0,161.0,17083113.716,17083129.716,10.0
train_hau,HAU/user21/6-1-1,user21,6-1-1,,"/home/fluxx/Workspace/cuchx-large/hf_data_manual/LMT_(IMU,Radar,Skeleton)/Training/HAU/user21/6-1-1",17.0,170.0,154.0,17254596.616,17254611.916,9.999999999513033
train_hau,HAU/user21/6-1-2,user21,6-1-2,,"/home/fluxx/Workspace/cuchx-large/hf_data_manual/LMT_(IMU,Radar,Skeleton)/Training/HAU/user21/6-1-2",13.0,202.0,190.0,17254673.216,17254692.116,9.999999998817367
train_hau,HAU/user21/6-1-3,user21,6-1-3,,"/home/fluxx/Workspace/cuchx-large/hf_data_manual/LMT_(IMU,Radar,Skeleton)/Training/HAU/user21/6-1-3",16.0,94.0,79.0,17254760.516,17254768.316,9.999999999044798
train_hau,HAU/user21/6-2-1,user21,6-2-1,,"/home/fluxx/Workspace/cuchx-large/hf_data_manual/LMT_(IMU,Radar,Skeleton)/Training/HAU/user21/6-2-1",18.0,232.0,215.0,17083390.716,17083412.116,9.999999998955525
train_hau,HAU/user21/6-2-2,user21,6-2-2,,"/home/fluxx/Workspace/cuchx-large/hf_data_manual/LMT_(IMU,Radar,Skeleton)/Training/HAU/user21/6-2-2",10.0,167.0,158.0,17083479.916,17083495.616,10.000000000474559
train_hau,HAU/user21/6-2-3,user21,6-2-3,,"/home/fluxx/Workspace/cuchx-large/hf_data_manual/LMT_(IMU,Radar,Skeleton)/Training/HAU/user21/6-2-3",12.0,96.0,85.0,17083553.116,17083561.516,10.000000001773948
train_hau,HAU/user21/7-1-1,user21,7-1-1,,"/home/fluxx/Workspace/cuchx-large/hf_data_manual/LMT_(IMU,Radar,Skeleton)/Training/HAU/user21/7-1-1",17.0,219.0,203.0,17160256.616,17160276.816,10.000000000368841
train_hau,HAU/user21/7-1-2,user21,7-1-2,,"/home/fluxx/Workspace/cuchx-large/hf_data_manual/LMT_(IMU,Radar,Skeleton)/Training/HAU/user21/7-1-2",13.0,148.0,136.0,17160342.216,17160355.716,10.0
train_hau,HAU/user21/7-1-3,user21,7-1-3,,"/home/fluxx/Workspace/cuchx-large/hf_data_manual/LMT_(IMU,Radar,Skeleton)/Training/HAU/user21/7-1-3",20.0,272.0,253.0,17160416.916,17160442.116,10.000000000295659
train_hau,HAU/user21/7-2-1,user21,7-2-1,,"/home/fluxx/Workspace/cuchx-large/hf_data_manual/LMT_(IMU,Radar,Skeleton)/Training/HAU/user21/7-2-1",15.0,69.0,55.0,17254918.416,17254923.816,10.000000002759474
train_hau,HAU/user21/7-2-2,user21,7-2-2,,"/home/fluxx/Workspace/cuchx-large/hf_data_manual/LMT_(IMU,Radar,Skeleton)/Training/HAU/user21/7-2-2",13.0,56.0,44.0,17255016.216,17255020.516,9.999999998267306
train_hau,HAU/user21/7-2-3,user21,7-2-3,,"/home/fluxx/Workspace/cuchx-large/hf_data_manual/LMT_(IMU,Radar,Skeleton)/Training/HAU/user21/7-2-3",14.0,69.0,56.0,17255092.316,17255097.816,10.0
train_hau,HAU/user22/1-1-2,user22,1-1-2,,"/home/fluxx/Workspace/cuchx-large/hf_data_manual/LMT_(IMU,Radar,Skeleton)/Training/HAU/user22/1-1-2",18.0,121.0,104.0,17249767.716,17249778.016,9.999999999276643
train_hau,HAU/user22/1-1-3,user22,1-1-3,,"/home/fluxx/Workspace/cuchx-large/hf_data_manual/LMT_(IMU,Radar,Skeleton)/Training/HAU/user22/1-1-3",15.0,75.0,61.0,17249842.416,17249848.416,10.0
train_hau,HAU/user22/1-2-1,user22,1-2-1,,"/home/fluxx/Workspace/cuchx-large/hf_data_manual/LMT_(IMU,Radar,Skeleton)/Training/HAU/user22/1-2-1",15.0,281.0,267.0,17169805.416,17169832.016,10.000000000840291
train_hau,HAU/user22/1-2-2,user22,1-2-2,,"/home/fluxx/Workspace/cuchx-large/hf_data_manual/LMT_(IMU,Radar,Skeleton)/Training/HAU/user22/1-2-2",8.0,208.0,201.0,17170697.716,17170717.716,10.0
train_hau,HAU/user22/1-2-3,user22,1-2-3,,"/home/fluxx/Workspace/cuchx-large/hf_data_manual/LMT_(IMU,Radar,Skeleton)/Training/HAU/user22/1-2-3",17.0,136.0,120.0,17170026.616,17170038.516,10.000000001252198
train_hau,HAU/user22/2-1-1,user22,2-1-1,,"/home/fluxx/Workspace/cuchx-large/hf_data_manual/LMT_(IMU,Radar,Skeleton)/Training/HAU/user22/2-1-1",16.0,412.0,397.0,17157967.516,17158007.116,9.999999999623707
train_hau,HAU/user22/2-1-2,user22,2-1-2,,"/home/fluxx/Workspace/cuchx-large/hf_data_manual/LMT_(IMU,Radar,Skeleton)/Training/HAU/user22/2-1-2",18.0,343.0,326.0,17158088.716,17158121.216,10.0
train_hau,HAU/user22/2-1-3,user22,2-1-3,,"/home/fluxx/Workspace/cuchx-large/hf_data_manual/LMT_(IMU,Radar,Skeleton)/Training/HAU/user22/2-1-3",14.0,194.0,181.0,17158261.316,17158279.316,10.0
train_hau,HAU/user22/2-2-1,user22,2-2-1,,"/home/fluxx/Workspace/cuchx-large/hf_data_manual/LMT_(IMU,Radar,Skeleton)/Training/HAU/user22/2-2-1",13.0,273.0,261.0,17250233.216,17250259.216,10.0
train_hau,HAU/user22/2-2-2,user22,2-2-2,,"/home/fluxx/Workspace/cuchx-large/hf_data_manual/LMT_(IMU,Radar,Skeleton)/Training/HAU/user22/2-2-2",14.0,304.0,291.0,17250344.316,17250373.316,10.0
train_hau,HAU/user22/2-2-3,user22,2-2-3,,"/home/fluxx/Workspace/cuchx-large/hf_data_manual/LMT_(IMU,Radar,Skeleton)/Training/HAU/user22/2-2-3",16.0,152.0,137.0,17250435.516,17250449.116,9.999999998904327
train_hau,HAU/user22/3-1-1,user22,3-1-1,,"/home/fluxx/Workspace/cuchx-large/hf_data_manual/LMT_(IMU,Radar,Skeleton)/Training/HAU/user22/3-1-1",13.0,196.0,184.0,17158397.216,17158415.516,9.999999999592864
train_hau,HAU/user22/3-1-2,user22,3-1-2,,"/home/fluxx/Workspace/cuchx-large/hf_data_manual/LMT_(IMU,Radar,Skeleton)/Training/HAU/user22/3-1-2",13.0,185.0,173.0,17158484.216,17158501.416,9.999999998267306
train_hau,HAU/user22/3-2-1,user22,3-2-1,,"/home/fluxx/Workspace/cuchx-large/hf_data_manual/LMT_(IMU,Radar,Skeleton)/Training/HAU/user22/3-2-1",11.0,156.0,146.0,17170269.016,17170283.516,10.0
train_hau,HAU/user22/3-2-2,user22,3-2-2,,"/home/fluxx/Workspace/cuchx-large/hf_data_manual/LMT_(IMU,Radar,Skeleton)/Training/HAU/user22/3-2-2",17.0,135.0,119.0,17170346.616,17170358.416,9.999999999368596
train_hau,HAU/user22/3-2-3,user22,3-2-3,,"/home/fluxx/Workspace/cuchx-large/hf_data_manual/LMT_(IMU,Radar,Skeleton)/Training/HAU/user22/3-2-3",16.0,103.0,88.0,17170413.516,17170422.216,10.000000000856389
train_hau,HAU/user22/3-3-1,user22,3-3-1,,"/home/fluxx/Workspace/cuchx-large/hf_data_manual/LMT_(IMU,Radar,Skeleton)/Training/HAU/user22/3-3-1",16.0,146.0,131.0,17158693.516,17158706.516,10.0
train_hau,HAU/user22/3-3-2,user22,3-3-2,,"/home/fluxx/Workspace/cuchx-large/hf_data_manual/LMT_(IMU,Radar,Skeleton)/Training/HAU/user22/3-3-2",18.0,98.0,81.0,17158795.716,17158803.716,10.0
train_hau,HAU/user22/3-3-3,user22,3-3-3,,"/home/fluxx/Workspace/cuchx-large/hf_data_manual/LMT_(IMU,Radar,Skeleton)/Training/HAU/user22/3-3-3",20.0,68.0,49.0,17158860.916,17158865.716,10.000000006208817
train_hau,HAU/user22/4-1-1,user22,4-1-1,,"/home/fluxx/Workspace/cuchx-large/hf_data_manual/LMT_(IMU,Radar,Skeleton)/Training/HAU/user22/4-1-1",13.0,197.0,185.0,17084006.216,17084024.616,9.999999998785231
train_hau,HAU/user22/4-1-2,user22,4-1-2,,"/home/fluxx/Workspace/cuchx-large/hf_data_manual/LMT_(IMU,Radar,Skeleton)/Training/HAU/user22/4-1-2",9.0,200.0,192.0,17084089.816,17084108.916,9.999999999219835
train_hau,HAU/user22/4-1-3,user22,4-1-3,,"/home/fluxx/Workspace/cuchx-large/hf_data_manual/LMT_(IMU,Radar,Skeleton)/Training/HAU/user22/4-1-3",9.0,203.0,195.0,17084165.816,17084185.216,10.0000000007681
train_hau,HAU/user22/4-2-1,user22,4-2-1,,"/home/fluxx/Workspace/cuchx-large/hf_data_manual/LMT_(IMU,Radar,Skeleton)/Training/HAU/user22/4-2-1",16.0,107.0,92.0,17250536.516,17250545.616,9.99999999836251
train_hau,HAU/user22/4-2-2,user22,4-2-2,,"/home/fluxx/Workspace/cuchx-large/hf_data_manual/LMT_(IMU,Radar,Skeleton)/Training/HAU/user22/4-2-2",12.0,87.0,76.0,17250599.116,17250606.616,10.0
train_hau,HAU/user22/4-2-3,user22,4-2-3,,"/home/fluxx/Workspace/cuchx-large/hf_data_manual/LMT_(IMU,Radar,Skeleton)/Training/HAU/user22/4-2-3",13.0,44.0,32.0,17250673.216,17250676.316,9.999999995193173
train_hau,HAU/user22/4-3-1,user22,4-3-1,,"/home/fluxx/Workspace/cuchx-large/hf_data_manual/LMT_(IMU,Radar,Skeleton)/Training/HAU/user22/4-3-1",8.0,162.0,155.0,17084303.716,17084319.116,9.999999998548589
train_hau,HAU/user22/4-3-2,user22,4-3-2,,"/home/fluxx/Workspace/cuchx-large/hf_data_manual/LMT_(IMU,Radar,Skeleton)/Training/HAU/user22/4-3-2",14.0,188.0,175.0,17258520.316,17258537.716,10.000000000856389
train_hau,HAU/user22/4-3-3,user22,4-3-3,,"/home/fluxx/Workspace/cuchx-large/hf_data_manual/LMT_(IMU,Radar,Skeleton)/Training/HAU/user22/4-3-3",11.0,163.0,153.0,17084729.016,17084744.216,10.00000000049017
train_hau,HAU/user22/5-1-1,user22,5-1-1,,"/home/fluxx/Workspace/cuchx-large/hf_data_manual/LMT_(IMU,Radar,Skeleton)/Training/HAU/user22/5-1-1",23.0,111.0,89.0,17250804.216,17250813.016,9.999999999153344
train_hau,HAU/user22/5-1-2,user22,5-1-2,,"/home/fluxx/Workspace/cuchx-large/hf_data_manual/LMT_(IMU,Radar,Skeleton)/Training/HAU/user22/5-1-2",16.0,75.0,60.0,17250872.516,17250878.416,9.999999996211569
train_hau,HAU/user22/5-1-3,user22,5-1-3,,"/home/fluxx/Workspace/cuchx-large/hf_data_manual/LMT_(IMU,Radar,Skeleton)/Training/HAU/user22/5-1-3",14.0,43.0,30.0,17250931.316,17250934.216,10.00000000513833
train_hau,HAU/user22/5-2-1,user22,5-2-1,,"/home/fluxx/Workspace/cuchx-large/hf_data_manual/LMT_(IMU,Radar,Skeleton)/Training/HAU/user22/5-2-1",9.0,197.0,189.0,17084867.816,17084886.616,9.999999999603693
train_hau,HAU/user22/5-2-2,user22,5-2-2,,"/home/fluxx/Workspace/cuchx-large/hf_data_manual/LMT_(IMU,Radar,Skeleton)/Training/HAU/user22/5-2-2",17.0,169.0,153.0,17085191.616,17085206.816,10.00000000049017
train_hau,HAU/user22/5-2-3,user22,5-2-3,,"/home/fluxx/Workspace/cuchx-large/hf_data_manual/LMT_(IMU,Radar,Skeleton)/Training/HAU/user22/5-2-3",10.0,143.0,134.0,17085271.916,17085285.216,10.000000002240776
train_hau,HAU/user22/6-1-1,user22,6-1-1,,"/home/fluxx/Workspace/cuchx-large/hf_data_manual/LMT_(IMU,Radar,Skeleton)/Training/HAU/user22/6-1-1",15.0,177.0,163.0,17251009.416,17251025.616,10.000000000459913
train_hau,HAU/user22/6-1-2,user22,6-1-2,,"/home/fluxx/Workspace/cuchx-large/hf_data_manual/LMT_(IMU,Radar,Skeleton)/Training/HAU/user22/6-1-2",15.0,153.0,139.0,17251090.416,17251104.216,10.000000002159588
train_hau,HAU/user22/6-1-3,user22,6-1-3,,"/home/fluxx/Workspace/cuchx-large/hf_data_manual/LMT_(IMU,Radar,Skeleton)/Training/HAU/user22/6-1-3",15.0,124.0,110.0,17251160.416,17251171.316,10.000000001367079
train_hau,HAU/user22/6-2-1,user22,6-2-1,,"/home/fluxx/Workspace/cuchx-large/hf_data_manual/LMT_(IMU,Radar,Skeleton)/Training/HAU/user22/6-2-1",14.0,534.0,521.0,17085610.316,17085662.316,10.0
train_hau,HAU/user22/6-2-2,user22,6-2-2,,"/home/fluxx/Workspace/cuchx-large/hf_data_manual/LMT_(IMU,Radar,Skeleton)/Training/HAU/user22/6-2-2",16.0,444.0,429.0,17085751.516,17085794.316,9.99999999982592
train_hau,HAU/user22/6-2-3,user22,6-2-3,,"/home/fluxx/Workspace/cuchx-large/hf_data_manual/LMT_(IMU,Radar,Skeleton)/Training/HAU/user22/6-2-3",9.0,339.0,331.0,17085840.816,17085873.816,10.0
train_hau,HAU/user22/7-1-1,user22,7-1-1,,"/home/fluxx/Workspace/cuchx-large/hf_data_manual/LMT_(IMU,Radar,Skeleton)/Training/HAU/user22/7-1-1",10.0,137.0,128.0,17086112.916,17086125.616,10.00000000058666
train_hau,HAU/user22/7-1-2,user22,7-1-2,,"/home/fluxx/Workspace/cuchx-large/hf_data_manual/LMT_(IMU,Radar,Skeleton)/Training/HAU/user22/7-1-2",12.0,113.0,102.0,17086179.116,17086189.216,10.000000002213044
train_hau,HAU/user22/7-1-3,user22,7-1-3,,"/home/fluxx/Workspace/cuchx-large/hf_data_manual/LMT_(IMU,Radar,Skeleton)/Training/HAU/user22/7-1-3",8.0,71.0,64.0,17086247.716,17086254.016,9.999999998817367
train_hau,HAU/user22/7-2-1,user22,7-2-1,,"/home/fluxx/Workspace/cuchx-large/hf_data_manual/LMT_(IMU,Radar,Skeleton)/Training/HAU/user22/7-2-1",13.0,270.0,258.0,17086524.216,17086549.916,9.999999998840376
train_hau,HAU/user22/7-2-2,user22,7-2-2,,"/home/fluxx/Workspace/cuchx-large/hf_data_manual/LMT_(IMU,Radar,Skeleton)/Training/HAU/user22/7-2-2",11.0,232.0,222.0,17086606.016,17086628.116,9.99999999932574
train_hau,HAU/user22/7-2-3,user22,7-2-3,,"/home/fluxx/Workspace/cuchx-large/hf_data_manual/LMT_(IMU,Radar,Skeleton)/Training/HAU/user22/7-2-3",11.0,114.0,104.0,17086672.016,17086682.316,9.999999999276643
train_hau,HAU/user22/7-3-1,user22,7-3-1,,"/home/fluxx/Workspace/cuchx-large/hf_data_manual/LMT_(IMU,Radar,Skeleton)/Training/HAU/user22/7-3-1",11.0,162.0,152.0,17086744.016,17086759.116,9.999999999013168
train_hau,HAU/user22/7-3-2,user22,7-3-2,,"/home/fluxx/Workspace/cuchx-large/hf_data_manual/LMT_(IMU,Radar,Skeleton)/Training/HAU/user22/7-3-2",11.0,123.0,113.0,17086888.016,17086899.216,10.00000000066523
train_hau,HAU/user22/7-3-3,user22,7-3-3,,"/home/fluxx/Workspace/cuchx-large/hf_data_manual/LMT_(IMU,Radar,Skeleton)/Training/HAU/user22/7-3-3",10.0,100.0,91.0,17086800.916,17086809.916,10.0
train_hau,HAU/user23/1-1-1,user23,1-1-1,,"/home/fluxx/Workspace/cuchx-large/hf_data_manual/LMT_(IMU,Radar,Skeleton)/Training/HAU/user23/1-1-1",18.0,155.0,138.0,17242646.716,17242660.416,9.999999997824649
train_hau,HAU/user23/1-1-2,user23,1-1-2,,"/home/fluxx/Workspace/cuchx-large/hf_data_manual/LMT_(IMU,Radar,Skeleton)/Training/HAU/user23/1-1-2",13.0,86.0,74.0,17242744.216,17242751.516,9.999999998979373
train_hau,HAU/user23/1-1-3,user23,1-1-3,,"/home/fluxx/Workspace/cuchx-large/hf_data_manual/LMT_(IMU,Radar,Skeleton)/Training/HAU/user23/1-1-3",18.0,99.0,82.0,17242824.716,17242832.816,9.99999999816035
train_hau,HAU/user23/1-2-1,user23,1-2-1,,"/home/fluxx/Workspace/cuchx-large/hf_data_manual/LMT_(IMU,Radar,Skeleton)/Training/HAU/user23/1-2-1",14.0,88.0,75.0,17167107.316,17167114.716,10.000000002013671
train_hau,HAU/user23/1-2-2,user23,1-2-2,,"/home/fluxx/Workspace/cuchx-large/hf_data_manual/LMT_(IMU,Radar,Skeleton)/Training/HAU/user23/1-2-2",13.0,60.0,48.0,17167400.216,17167404.916,9.999999993659081
train_hau,HAU/user23/1-2-3,user23,1-2-3,,"/home/fluxx/Workspace/cuchx-large/hf_data_manual/LMT_(IMU,Radar,Skeleton)/Training/HAU/user23/1-2-3",11.0,60.0,50.0,17167465.016,17167469.916,9.99999999543842
train_hau,HAU/user23/2-1-1,user23,2-1-1,,"/home/fluxx/Workspace/cuchx-large/hf_data_manual/LMT_(IMU,Radar,Skeleton)/Training/HAU/user23/2-1-1",19.0,203.0,185.0,17156624.816,17156643.216,10.000000000809846
train_hau,HAU/user23/2-1-2,user23,2-1-2,,"/home/fluxx/Workspace/cuchx-large/hf_data_manual/LMT_(IMU,Radar,Skeleton)/Training/HAU/user23/2-1-2",13.0,175.0,163.0,17156806.216,17156822.416,9.99999999816035
train_hau,HAU/user23/2-1-3,user23,2-1-3,,"/home/fluxx/Workspace/cuchx-large/hf_data_manual/LMT_(IMU,Radar,Skeleton)/Training/HAU/user23/2-1-3",19.0,93.0,75.0,17157091.816,17157099.216,10.000000002013671
train_hau,HAU/user23/2-2-1,user23,2-2-1,,"/home/fluxx/Workspace/cuchx-large/hf_data_manual/LMT_(IMU,Radar,Skeleton)/Training/HAU/user23/2-2-1",18.0,107.0,90.0,17242949.716,17242958.616,9.999999997488569
train_hau,HAU/user23/2-2-2,user23,2-2-2,,"/home/fluxx/Workspace/cuchx-large/hf_data_manual/LMT_(IMU,Radar,Skeleton)/Training/HAU/user23/2-2-2",17.0,106.0,90.0,17243014.616,17243023.516,10.000000001674287
train_hau,HAU/user23/2-2-3,user23,2-2-3,,"/home/fluxx/Workspace/cuchx-large/hf_data_manual/LMT_(IMU,Radar,Skeleton)/Training/HAU/user23/2-2-3",16.0,68.0,53.0,17243071.516,17243076.716,10.000000001432804
train_hau,HAU/user23/2-3-1,user23,2-3-1,,"/home/fluxx/Workspace/cuchx-large/hf_data_manual/LMT_(IMU,Radar,Skeleton)/Training/HAU/user23/2-3-1",16.0,194.0,179.0,17157205.516,17157223.316,9.999999999581428
train_hau,HAU/user23/2-3-2,user23,2-3-2,,"/home/fluxx/Workspace/cuchx-large/hf_data_manual/LMT_(IMU,Radar,Skeleton)/Training/HAU/user23/2-3-2",16.0,135.0,120.0,17157286.516,17157298.416,9.999999998121702
train_hau,HAU/user23/2-3-3,user23,2-3-3,,"/home/fluxx/Workspace/cuchx-large/hf_data_manual/LMT_(IMU,Radar,Skeleton)/Training/HAU/user23/2-3-3",19.0,90.0,72.0,17157347.816,17157354.916,9.999999997901245
train_hau,HAU/user23/3-1-1,user23,3-1-1,,"/home/fluxx/Workspace/cuchx-large/hf_data_manual/LMT_(IMU,Radar,Skeleton)/Training/HAU/user23/3-1-1",14.0,99.0,86.0,17167608.316,17167616.816,10.0
train_hau,HAU/user23/3-1-2,user23,3-1-2,,"/home/fluxx/Workspace/cuchx-large/hf_data_manual/LMT_(IMU,Radar,Skeleton)/Training/HAU/user23/3-1-2",10.0,56.0,47.0,17167680.916,17167685.516,10.000000004859075
train_hau,HAU/user23/3-1-3,user23,3-1-3,,"/home/fluxx/Workspace/cuchx-large/hf_data_manual/LMT_(IMU,Radar,Skeleton)/Training/HAU/user23/3-1-3",14.0,130.0,117.0,17237011.316,17237022.916,9.999999998715417
train_hau,HAU/user23/3-2-1,user23,3-2-1,,"/home/fluxx/Workspace/cuchx-large/hf_data_manual/LMT_(IMU,Radar,Skeleton)/Training/HAU/user23/3-2-1",24.0,168.0,145.0,17143632.316,17143646.716,10.000000001034802
train_hau,HAU/user23/3-2-2,user23,3-2-2,,"/home/fluxx/Workspace/cuchx-large/hf_data_manual/LMT_(IMU,Radar,Skeleton)/Training/HAU/user23/3-2-2",19.0,167.0,149.0,17143785.816,17143800.616,9.999999999496582
train_hau,HAU/user23/3-2-3,user23,3-2-3,,"/home/fluxx/Workspace/cuchx-large/hf_data_manual/LMT_(IMU,Radar,Skeleton)/Training/HAU/user23/3-2-3",16.0,218.0,203.0,17143891.516,17143911.716,10.000000000368841
train_hau,HAU/user23/4-1-1,user23,4-1-1,,"/home/fluxx/Workspace/cuchx-large/hf_data_manual/LMT_(IMU,Radar,Skeleton)/Training/HAU/user23/4-1-1",11.0,138.0,128.0,17167848.016,17167860.716,10.00000000058666
train_hau,HAU/user23/4-1-2,user23,4-1-2,,"/home/fluxx/Workspace/cuchx-large/hf_data_manual/LMT_(IMU,Radar,Skeleton)/Training/HAU/user23/4-1-2",13.0,63.0,51.0,17167911.216,17167916.216,10.0
train_hau,HAU/user23/4-1-3,user23,4-1-3,,"/home/fluxx/Workspace/cuchx-large/hf_data_manual/LMT_(IMU,Radar,Skeleton)/Training/HAU/user23/4-1-3",15.0,86.0,72.0,17168045.416,17168052.516,10.000000003148132
train_hau,HAU/user23/4-2-1,user23,4-2-1,,"/home/fluxx/Workspace/cuchx-large/hf_data_manual/LMT_(IMU,Radar,Skeleton)/Training/HAU/user23/4-2-1",16.0,107.0,92.0,17243139.516,17243148.616,9.99999999836251
train_hau,HAU/user23/4-2-2,user23,4-2-2,,"/home/fluxx/Workspace/cuchx-large/hf_data_manual/LMT_(IMU,Radar,Skeleton)/Training/HAU/user23/4-2-2",16.0,121.0,106.0,17243262.516,17243273.016,10.0
train_hau,HAU/user23/4-2-3,user23,4-2-3,,"/home/fluxx/Workspace/cuchx-large/hf_data_manual/LMT_(IMU,Radar,Skeleton)/Training/HAU/user23/4-2-3",13.0,57.0,45.0,17243502.216,17243506.616,9.999999994920058
train_hau,HAU/user23/4-3-1,user23,4-3-1,,"/home/fluxx/Workspace/cuchx-large/hf_data_manual/LMT_(IMU,Radar,Skeleton)/Training/HAU/user23/4-3-1",9.0,158.0,150.0,17168547.816,17168562.716,10.000000001000078
train_hau,HAU/user23/4-3-2,user23,4-3-2,,"/home/fluxx/Workspace/cuchx-large/hf_data_manual/LMT_(IMU,Radar,Skeleton)/Training/HAU/user23/4-3-2",1.0,130.0,130.0,17168678.016,17168690.916,9.999999998267306
train_hau,HAU/user23/4-3-3,user23,4-3-3,,"/home/fluxx/Workspace/cuchx-large/hf_data_manual/LMT_(IMU,Radar,Skeleton)/Training/HAU/user23/4-3-3",8.0,90.0,83.0,17168757.716,17168765.916,9.99999999636557
train_hau,HAU/user23/5-1-1,user23,5-1-1,,"/home/fluxx/Workspace/cuchx-large/hf_data_manual/LMT_(IMU,Radar,Skeleton)/Training/HAU/user23/5-1-1",13.0,141.0,129.0,17144049.216,17144062.016,9.999999999417923
train_hau,HAU/user23/5-1-2,user23,5-1-2,,"/home/fluxx/Workspace/cuchx-large/hf_data_manual/LMT_(IMU,Radar,Skeleton)/Training/HAU/user23/5-1-2",13.0,133.0,121.0,17144210.216,17144222.216,10.0
train_hau,HAU/user23/5-1-3,user23,5-1-3,,"/home/fluxx/Workspace/cuchx-large/hf_data_manual/LMT_(IMU,Radar,Skeleton)/Training/HAU/user23/5-1-3",10.0,218.0,209.0,17144392.916,17144413.716,10.000000001432804
train_hau,HAU/user23/5-2-1,user23,5-2-1,,"/home/fluxx/Workspace/cuchx-large/hf_data_manual/LMT_(IMU,Radar,Skeleton)/Training/HAU/user23/5-2-1",14.0,151.0,138.0,17244439.316,17244453.016,10.000000000543839
train_hau,HAU/user23/5-2-2,user23,5-2-2,,"/home/fluxx/Workspace/cuchx-large/hf_data_manual/LMT_(IMU,Radar,Skeleton)/Training/HAU/user23/5-2-2",12.0,173.0,162.0,17244548.116,17244564.216,10.000000001388306
train_hau,HAU/user23/5-2-3,user23,5-2-3,,"/home/fluxx/Workspace/cuchx-large/hf_data_manual/LMT_(IMU,Radar,Skeleton)/Training/HAU/user23/5-2-3",16.0,105.0,90.0,17244616.516,17244625.416,9.999999997488569
train_hau,HAU/user23/5-3-1,user23,5-3-1,,"/home/fluxx/Workspace/cuchx-large/hf_data_manual/LMT_(IMU,Radar,Skeleton)/Training/HAU/user23/5-3-1",11.0,116.0,106.0,17144563.016,17144573.516,10.0
train_hau,HAU/user23/5-3-2,user23,5-3-2,,"/home/fluxx/Workspace/cuchx-large/hf_data_manual/LMT_(IMU,Radar,Skeleton)/Training/HAU/user23/5-3-2",11.0,229.0,219.0,17144677.016,17144698.816,9.99999999965823
train_hau,HAU/user23/5-3-3,user23,5-3-3,,"/home/fluxx/Workspace/cuchx-large/hf_data_manual/LMT_(IMU,Radar,Skeleton)/Training/HAU/user23/5-3-3",17.0,275.0,259.0,17144765.616,17144791.416,9.999999999711218
train_hau,HAU/user23/6-1-1,user23,6-1-1,,"/home/fluxx/Workspace/cuchx-large/hf_data_manual/LMT_(IMU,Radar,Skeleton)/Training/HAU/user23/6-1-1",11.0,90.0,80.0,17168910.016,17168917.916,9.999999997170665
train_hau,HAU/user23/6-1-2,user23,6-1-2,,"/home/fluxx/Workspace/cuchx-large/hf_data_manual/LMT_(IMU,Radar,Skeleton)/Training/HAU/user23/6-1-2",22.0,80.0,59.0,17168995.116,17169000.916,9.999999998715417
train_hau,HAU/user23/6-1-3,user23,6-1-3,,"/home/fluxx/Workspace/cuchx-large/hf_data_manual/LMT_(IMU,Radar,Skeleton)/Training/HAU/user23/6-1-3",24.0,86.0,63.0,17169058.316,17169064.516,10.000000001201707
train_hau,HAU/user23/6-3-1,user23,6-3-1,,"/home/fluxx/Workspace/cuchx-large/hf_data_manual/LMT_(IMU,Radar,Skeleton)/Training/HAU/user23/6-3-1",1.0,116.0,116.0,17169198.016,17169209.516,10.0
train_hau,HAU/user23/6-3-2,user23,6-3-2,,"/home/fluxx/Workspace/cuchx-large/hf_data_manual/LMT_(IMU,Radar,Skeleton)/Training/HAU/user23/6-3-2",12.0,68.0,57.0,17169306.116,17169311.716,10.000000003991383
train_hau,HAU/user23/6-3-3,user23,6-3-3,,"/home/fluxx/Workspace/cuchx-large/hf_data_manual/LMT_(IMU,Radar,Skeleton)/Training/HAU/user23/6-3-3",10.0,86.0,77.0,17169379.916,17169387.516,10.000000002941018
train_hau,HAU/user23/7-1-1,user23,7-1-1,,"/home/fluxx/Workspace/cuchx-large/hf_data_manual/LMT_(IMU,Radar,Skeleton)/Training/HAU/user23/7-1-1",13.0,225.0,213.0,17145216.216,17145237.416,9.99999999859423
train_hau,HAU/user23/7-1-2,user23,7-1-2,,"/home/fluxx/Workspace/cuchx-large/hf_data_manual/LMT_(IMU,Radar,Skeleton)/Training/HAU/user23/7-1-2",23.0,127.0,105.0,17145297.216,17145307.616,9.999999997850795
train_hau,HAU/user23/7-1-3,user23,7-1-3,,"/home/fluxx/Workspace/cuchx-large/hf_data_manual/LMT_(IMU,Radar,Skeleton)/Training/HAU/user23/7-1-3",17.0,128.0,112.0,17145373.616,17145384.716,10.000000002013671
train_hau,HAU/user23/7-2-1,user23,7-2-1,,"/home/fluxx/Workspace/cuchx-large/hf_data_manual/LMT_(IMU,Radar,Skeleton)/Training/HAU/user23/7-2-1",13.0,87.0,75.0,17244703.216,17244710.616,9.999999996979493
train_hau,HAU/user23/7-2-2,user23,7-2-2,,"/home/fluxx/Workspace/cuchx-large/hf_data_manual/LMT_(IMU,Radar,Skeleton)/Training/HAU/user23/7-2-2",9.0,78.0,70.0,17244918.816,17244925.716,10.000000002159588
train_hau,HAU/user23/7-2-3,user23,7-2-3,,"/home/fluxx/Workspace/cuchx-large/hf_data_manual/LMT_(IMU,Radar,Skeleton)/Training/HAU/user23/7-2-3",13.0,46.0,34.0,17245100.216,17245103.516,9.999999997742249
train_hau,HAU/user23/7-3-1,user23,7-3-1,,"/home/fluxx/Workspace/cuchx-large/hf_data_manual/LMT_(IMU,Radar,Skeleton)/Training/HAU/user23/7-3-1",14.0,207.0,194.0,17145555.316,17145574.616,9.99999999961396
train_hau,HAU/user23/7-3-2,user23,7-3-2,,"/home/fluxx/Workspace/cuchx-large/hf_data_manual/LMT_(IMU,Radar,Skeleton)/Training/HAU/user23/7-3-2",23.0,186.0,164.0,17145653.216,17145669.516,9.99999999954291
train_hau,HAU/user23/7-3-3,user23,7-3-3,,"/home/fluxx/Workspace/cuchx-large/hf_data_manual/LMT_(IMU,Radar,Skeleton)/Training/HAU/user23/7-3-3",12.0,89.0,78.0,17145727.116,17145734.816,10.000000000967608
train_hau,HAU/user24/1-1-1,user24,1-1-1,,"/home/fluxx/Workspace/cuchx-large/hf_data_manual/LMT_(IMU,Radar,Skeleton)/Training/HAU/user24/1-1-1",17.0,115.0,99.0,17251517.616,17251527.416,9.999999999239737
train_hau,HAU/user24/1-1-2,user24,1-1-2,,"/home/fluxx/Workspace/cuchx-large/hf_data_manual/LMT_(IMU,Radar,Skeleton)/Training/HAU/user24/1-1-2",12.0,83.0,72.0,17251572.116,17251579.216,10.000000003148132
train_hau,HAU/user24/1-1-3,user24,1-1-3,,"/home/fluxx/Workspace/cuchx-large/hf_data_manual/LMT_(IMU,Radar,Skeleton)/Training/HAU/user24/1-1-3",14.0,50.0,37.0,17251632.316,17251635.916,9.999999995860788
train_hau,HAU/user24/1-2-1,user24,1-2-1,,"/home/fluxx/Workspace/cuchx-large/hf_data_manual/LMT_(IMU,Radar,Skeleton)/Training/HAU/user24/1-2-1",14.0,434.0,421.0,17230393.316,17230435.316,10.0
train_hau,HAU/user24/1-2-2,user24,1-2-2,,"/home/fluxx/Workspace/cuchx-large/hf_data_manual/LMT_(IMU,Radar,Skeleton)/Training/HAU/user24/1-2-2",13.0,199.0,187.0,17230524.216,17230542.816,9.999999999198863
train_hau,HAU/user24/1-2-3,user24,1-2-3,,"/home/fluxx/Workspace/cuchx-large/hf_data_manual/LMT_(IMU,Radar,Skeleton)/Training/HAU/user24/1-2-3",13.0,189.0,177.0,17230640.216,17230657.816,9.999999999153344
train_hau,HAU/user24/2-1-1,user24,2-1-1,,"/home/fluxx/Workspace/cuchx-large/hf_data_manual/LMT_(IMU,Radar,Skeleton)/Training/HAU/user24/2-1-1",13.0,178.0,166.0,17146713.216,17146729.716,10.0
train_hau,HAU/user24/2-1-2,user24,2-1-2,,"/home/fluxx/Workspace/cuchx-large/hf_data_manual/LMT_(IMU,Radar,Skeleton)/Training/HAU/user24/2-1-2",15.0,201.0,187.0,17146872.416,17146891.016,10.000000001201707
train_hau,HAU/user24/2-1-3,user24,2-1-3,,"/home/fluxx/Workspace/cuchx-large/hf_data_manual/LMT_(IMU,Radar,Skeleton)/Training/HAU/user24/2-1-3",12.0,106.0,95.0,17146957.116,17146966.516,10.00000000158523
train_hau,HAU/user24/2-2-1,user24,2-2-1,,"/home/fluxx/Workspace/cuchx-large/hf_data_manual/LMT_(IMU,Radar,Skeleton)/Training/HAU/user24/2-2-1",12.0,156.0,145.0,17230872.116,17230886.516,10.000000001034802
train_hau,HAU/user24/2-2-2,user24,2-2-2,,"/home/fluxx/Workspace/cuchx-large/hf_data_manual/LMT_(IMU,Radar,Skeleton)/Training/HAU/user24/2-2-2",1.0,140.0,140.0,17230973.016,17230986.916,9.999999998391962
train_hau,HAU/user24/2-2-3,user24,2-2-3,,"/home/fluxx/Workspace/cuchx-large/hf_data_manual/LMT_(IMU,Radar,Skeleton)/Training/HAU/user24/2-2-3",9.0,82.0,74.0,17231055.816,17231063.116,9.999999998979373
train_hau,HAU/user24/3-2-1,user24,3-2-1,,"/home/fluxx/Workspace/cuchx-large/hf_data_manual/LMT_(IMU,Radar,Skeleton)/Training/HAU/user24/3-2-1",16.0,329.0,314.0,17147039.516,17147070.816,9.999999999761963
train_hau,HAU/user24/3-2-2,user24,3-2-2,,"/home/fluxx/Workspace/cuchx-large/hf_data_manual/LMT_(IMU,Radar,Skeleton)/Training/HAU/user24/3-2-2",8.0,159.0,152.0,17147229.716,17147244.816,9.999999999013168
train_hau,HAU/user24/3-2-3,user24,3-2-3,,"/home/fluxx/Workspace/cuchx-large/hf_data_manual/LMT_(IMU,Radar,Skeleton)/Training/HAU/user24/3-2-3",13.0,245.0,233.0,17147462.216,17147485.416,9.999999998715417
train_hau,HAU/user24/4-1-1,user24,4-1-1,,"/home/fluxx/Workspace/cuchx-large/hf_data_manual/LMT_(IMU,Radar,Skeleton)/Training/HAU/user24/4-1-1",3.0,249.0,247.0,17231169.216,17231193.816,9.999999999394262
train_hau,HAU/user24/4-1-2,user24,4-1-2,,"/home/fluxx/Workspace/cuchx-large/hf_data_manual/LMT_(IMU,Radar,Skeleton)/Training/HAU/user24/4-1-2",17.0,153.0,137.0,17231282.616,17231296.216,10.00000000164351
train_hau,HAU/user24/4-1-3,user24,4-1-3,,"/home/fluxx/Workspace/cuchx-large/hf_data_manual/LMT_(IMU,Radar,Skeleton)/Training/HAU/user24/4-1-3",12.0,106.0,95.0,17231698.116,17231707.516,10.00000000158523
train_hau,HAU/user24/4-2-1,user24,4-2-1,,"/home/fluxx/Workspace/cuchx-large/hf_data_manual/LMT_(IMU,Radar,Skeleton)/Training/HAU/user24/4-2-1",11.0,236.0,226.0,17156053.016,17156075.516,10.0
train_hau,HAU/user24/4-2-2,user24,4-2-2,,"/home/fluxx/Workspace/cuchx-large/hf_data_manual/LMT_(IMU,Radar,Skeleton)/Training/HAU/user24/4-2-2",18.0,176.0,159.0,17156157.716,17156173.516,9.999999999528445
train_hau,HAU/user24/4-2-3,user24,4-2-3,,"/home/fluxx/Workspace/cuchx-large/hf_data_manual/LMT_(IMU,Radar,Skeleton)/Training/HAU/user24/4-2-3",16.0,106.0,91.0,17156225.516,17156234.516,10.0
train_hau,HAU/user24/4-3-1,user24,4-3-1,,"/home/fluxx/Workspace/cuchx-large/hf_data_manual/LMT_(IMU,Radar,Skeleton)/Training/HAU/user24/4-3-1",14.0,118.0,105.0,17231837.316,17231847.716,10.000000001432804
train_hau,HAU/user24/4-3-2,user24,4-3-2,,"/home/fluxx/Workspace/cuchx-large/hf_data_manual/LMT_(IMU,Radar,Skeleton)/Training/HAU/user24/4-3-2",10.0,82.0,73.0,17231931.916,17231939.116,10.000000001034802
train_hau,HAU/user24/4-3-3,user24,4-3-3,,"/home/fluxx/Workspace/cuchx-large/hf_data_manual/LMT_(IMU,Radar,Skeleton)/Training/HAU/user24/4-3-3",14.0,72.0,59.0,17232001.316,17232007.116,9.999999998715417
train_hau,HAU/user24/5-1-1,user24,5-1-1,,"/home/fluxx/Workspace/cuchx-large/hf_data_manual/LMT_(IMU,Radar,Skeleton)/Training/HAU/user24/5-1-1",18.0,213.0,196.0,17147938.716,17147958.216,10.0
train_hau,HAU/user24/5-1-2,user24,5-1-2,,"/home/fluxx/Workspace/cuchx-large/hf_data_manual/LMT_(IMU,Radar,Skeleton)/Training/HAU/user24/5-1-2",13.0,165.0,153.0,17148020.216,17148035.416,9.999999998039321
train_hau,HAU/user24/5-1-3,user24,5-1-3,,"/home/fluxx/Workspace/cuchx-large/hf_data_manual/LMT_(IMU,Radar,Skeleton)/Training/HAU/user24/5-1-3",13.0,133.0,121.0,17148281.216,17148293.216,10.0
train_hau,HAU/user24/5-2-1,user24,5-2-1,,"/home/fluxx/Workspace/cuchx-large/hf_data_manual/LMT_(IMU,Radar,Skeleton)/Training/HAU/user24/5-2-1",16.0,104.0,89.0,17251793.516,17251802.316,9.999999999153344
train_hau,HAU/user24/5-2-2,user24,5-2-2,,"/home/fluxx/Workspace/cuchx-large/hf_data_manual/LMT_(IMU,Radar,Skeleton)/Training/HAU/user24/5-2-2",13.0,80.0,68.0,17251855.216,17251861.916,9.999999995551892
train_hau,HAU/user24/5-2-3,user24,5-2-3,,"/home/fluxx/Workspace/cuchx-large/hf_data_manual/LMT_(IMU,Radar,Skeleton)/Training/HAU/user24/5-2-3",15.0,58.0,44.0,17251914.416,17251918.716,10.000000006930772
train_hau,HAU/user24/5-3-1,user24,5-3-1,,"/home/fluxx/Workspace/cuchx-large/hf_data_manual/LMT_(IMU,Radar,Skeleton)/Training/HAU/user24/5-3-1",14.0,157.0,144.0,17148374.316,17148388.616,9.99999999947898
train_hau,HAU/user24/5-3-2,user24,5-3-2,,"/home/fluxx/Workspace/cuchx-large/hf_data_manual/LMT_(IMU,Radar,Skeleton)/Training/HAU/user24/5-3-2",15.0,135.0,121.0,17148458.416,17148470.416,10.0
train_hau,HAU/user24/5-3-3,user24,5-3-3,,"/home/fluxx/Workspace/cuchx-large/hf_data_manual/LMT_(IMU,Radar,Skeleton)/Training/HAU/user24/5-3-3",14.0,114.0,101.0,17148521.316,17148531.316,10.0
train_hau,HAU/user24/6-2-1,user24,6-2-1,,"/home/fluxx/Workspace/cuchx-large/hf_data_manual/LMT_(IMU,Radar,Skeleton)/Training/HAU/user24/6-2-1",14.0,167.0,154.0,17252015.316,17252030.616,9.999999999513033
train_hau,HAU/user24/6-2-2,user24,6-2-2,,"/home/fluxx/Workspace/cuchx-large/hf_data_manual/LMT_(IMU,Radar,Skeleton)/Training/HAU/user24/6-2-2",12.0,109.0,98.0,17252077.116,17252086.816,10.0000000007681
train_hau,HAU/user24/6-2-3,user24,6-2-3,,"/home/fluxx/Workspace/cuchx-large/hf_data_manual/LMT_(IMU,Radar,Skeleton)/Training/HAU/user24/6-2-3",15.0,80.0,66.0,17252147.416,17252153.916,10.0
train_hau,HAU/user24/6-3-1,user24,6-3-1,,"/home/fluxx/Workspace/cuchx-large/hf_data_manual/LMT_(IMU,Radar,Skeleton)/Training/HAU/user24/6-3-1",16.0,144.0,129.0,17232179.516,17232192.316,9.999999999417923
train_hau,HAU/user24/6-3-2,user24,6-3-2,,"/home/fluxx/Workspace/cuchx-large/hf_data_manual/LMT_(IMU,Radar,Skeleton)/Training/HAU/user24/6-3-2",13.0,119.0,107.0,17232251.216,17232261.816,9.99999999859423
train_hau,HAU/user24/6-3-3,user24,6-3-3,,"/home/fluxx/Workspace/cuchx-large/hf_data_manual/LMT_(IMU,Radar,Skeleton)/Training/HAU/user24/6-3-3",17.0,90.0,74.0,17232335.616,17232342.916,9.999999998979373
train_hau,HAU/user24/7-1-1,user24,7-1-1,,"/home/fluxx/Workspace/cuchx-large/hf_data_manual/LMT_(IMU,Radar,Skeleton)/Training/HAU/user24/7-1-1",19.0,290.0,272.0,17252251.816,17252278.916,9.999999999450141
train_hau,HAU/user24/7-1-2,user24,7-1-2,,"/home/fluxx/Workspace/cuchx-large/hf_data_manual/LMT_(IMU,Radar,Skeleton)/Training/HAU/user24/7-1-2",18.0,134.0,117.0,17252332.716,17252344.316,9.999999998715417
train_hau,HAU/user24/7-1-3,user24,7-1-3,,"/home/fluxx/Workspace/cuchx-large/hf_data_manual/LMT_(IMU,Radar,Skeleton)/Training/HAU/user24/7-1-3",18.0,171.0,154.0,17252392.716,17252408.016,9.999999999513033
train_hau,HAU/user24/7-2-1,user24,7-2-1,,"/home/fluxx/Workspace/cuchx-large/hf_data_manual/LMT_(IMU,Radar,Skeleton)/Training/HAU/user24/7-2-1",21.0,312.0,292.0,17148901.016,17148930.116,9.999999999487933
train_hau,HAU/user24/7-2-2,user24,7-2-2,,"/home/fluxx/Workspace/cuchx-large/hf_data_manual/LMT_(IMU,Radar,Skeleton)/Training/HAU/user24/7-2-2",17.0,168.0,152.0,17148996.616,17149011.716,10.000000001480247
train_hau,HAU/user24/7-2-3,user24,7-2-3,,"/home/fluxx/Workspace/cuchx-large/hf_data_manual/LMT_(IMU,Radar,Skeleton)/Training/HAU/user24/7-2-3",17.0,192.0,176.0,17149087.616,17149105.116,10.0
train_hau,HAU/user3/1-1-1,user3,1-1-1,,"/home/fluxx/Workspace/cuchx-large/hf_data_manual/LMT_(IMU,Radar,Skeleton)/Training/HAU/user3/1-1-1",14.0,146.0,133.0,,,
train_hau,HAU/user3/1-1-2,user3,1-1-2,,"/home/fluxx/Workspace/cuchx-large/hf_data_manual/LMT_(IMU,Radar,Skeleton)/Training/HAU/user3/1-1-2",10.0,107.0,98.0,,,
train_hau,HAU/user3/1-1-3,user3,1-1-3,,"/home/fluxx/Workspace/cuchx-large/hf_data_manual/LMT_(IMU,Radar,Skeleton)/Training/HAU/user3/1-1-3",13.0,75.0,63.0,,,
train_hau,HAU/user3/1-2-1,user3,1-2-1,,"/home/fluxx/Workspace/cuchx-large/hf_data_manual/LMT_(IMU,Radar,Skeleton)/Training/HAU/user3/1-2-1",16.0,189.0,174.0,14141512.516,14141529.816,10.000000000646004
train_hau,HAU/user3/1-2-2,user3,1-2-2,,"/home/fluxx/Workspace/cuchx-large/hf_data_manual/LMT_(IMU,Radar,Skeleton)/Training/HAU/user3/1-2-2",10.0,190.0,181.0,14141620.916,14141638.916,10.0
train_hau,HAU/user3/1-2-3,user3,1-2-3,,"/home/fluxx/Workspace/cuchx-large/hf_data_manual/LMT_(IMU,Radar,Skeleton)/Training/HAU/user3/1-2-3",9.0,117.0,109.0,14141726.816,14141737.616,9.999999999310132
train_hau,HAU/user3/2-1-1,user3,2-1-1,,"/home/fluxx/Workspace/cuchx-large/hf_data_manual/LMT_(IMU,Radar,Skeleton)/Training/HAU/user3/2-1-1",39.0,351.0,313.0,14061173.816,14061205.016,9.9999999996418
train_hau,HAU/user3/2-1-2,user3,2-1-2,,"/home/fluxx/Workspace/cuchx-large/hf_data_manual/LMT_(IMU,Radar,Skeleton)/Training/HAU/user3/2-1-2",9.0,223.0,215.0,14061943.816,14061965.216,9.99999999982592
train_hau,HAU/user3/2-1-3,user3,2-1-3,,"/home/fluxx/Workspace/cuchx-large/hf_data_manual/LMT_(IMU,Radar,Skeleton)/Training/HAU/user3/2-1-3",12.0,233.0,222.0,14062094.116,14062116.216,10.000000000168566
train_hau,HAU/user3/2-2-1,user3,2-2-1,,"/home/fluxx/Workspace/cuchx-large/hf_data_manual/LMT_(IMU,Radar,Skeleton)/Training/HAU/user3/2-2-1",15.0,348.0,334.0,14141871.416,14141904.716,9.999999999776259
train_hau,HAU/user3/2-2-2,user3,2-2-2,,"/home/fluxx/Workspace/cuchx-large/hf_data_manual/LMT_(IMU,Radar,Skeleton)/Training/HAU/user3/2-2-2",9.0,176.0,168.0,14141965.816,14141982.516,9.999999999330786
train_hau,HAU/user3/2-2-3,user3,2-2-3,,"/home/fluxx/Workspace/cuchx-large/hf_data_manual/LMT_(IMU,Radar,Skeleton)/Training/HAU/user3/2-2-3",23.0,275.0,253.0,14142049.216,14142074.416,10.000000000295659
train_hau,HAU/user3/3-1-1,user3,3-1-1,,"/home/fluxx/Workspace/cuchx-large/hf_data_manual/LMT_(IMU,Radar,Skeleton)/Training/HAU/user3/3-1-1",7.0,185.0,179.0,14142205.616,14142223.416,10.000000000627859
train_hau,HAU/user3/3-1-2,user3,3-1-2,,"/home/fluxx/Workspace/cuchx-large/hf_data_manual/LMT_(IMU,Radar,Skeleton)/Training/HAU/user3/3-1-2",13.0,188.0,176.0,14142590.216,14142607.716,10.0
train_hau,HAU/user3/3-1-3,user3,3-1-3,,"/home/fluxx/Workspace/cuchx-large/hf_data_manual/LMT_(IMU,Radar,Skeleton)/Training/HAU/user3/3-1-3",11.0,146.0,136.0,14142683.016,14142696.516,10.0
train_hau,HAU/user3/3-2-1,user3,3-2-1,,"/home/fluxx/Workspace/cuchx-large/hf_data_manual/LMT_(IMU,Radar,Skeleton)/Training/HAU/user3/3-2-1",6.0,289.0,284.0,14062301.516,14062329.816,10.000000000394907
train_hau,HAU/user3/3-2-2,user3,3-2-2,,"/home/fluxx/Workspace/cuchx-large/hf_data_manual/LMT_(IMU,Radar,Skeleton)/Training/HAU/user3/3-2-2",15.0,233.0,219.0,14062477.416,14062499.216,9.99999999965823
train_hau,HAU/user3/3-2-3,user3,3-2-3,,"/home/fluxx/Workspace/cuchx-large/hf_data_manual/LMT_(IMU,Radar,Skeleton)/Training/HAU/user3/3-2-3",12.0,249.0,238.0,14062601.116,14062624.816,10.00000000031437
train_hau,HAU/user3/4-1-1,user3,4-1-1,,"/home/fluxx/Workspace/cuchx-large/hf_data_manual/LMT_(IMU,Radar,Skeleton)/Training/HAU/user3/4-1-1",17.0,631.0,615.0,14062803.616,14062865.016,9.999999999939327
train_hau,HAU/user3/4-1-2,user3,4-1-2,,"/home/fluxx/Workspace/cuchx-large/hf_data_manual/LMT_(IMU,Radar,Skeleton)/Training/HAU/user3/4-1-2",17.0,510.0,494.0,14062970.616,14063019.916,10.000000000226692
train_hau,HAU/user3/4-1-3,user3,4-1-3,,"/home/fluxx/Workspace/cuchx-large/hf_data_manual/LMT_(IMU,Radar,Skeleton)/Training/HAU/user3/4-1-3",9.0,410.0,402.0,14063118.816,14063158.916,10.0000000000929
train_hau,HAU/user3/5-1-1,user3,5-1-1,,"/home/fluxx/Workspace/cuchx-large/hf_data_manual/LMT_(IMU,Radar,Skeleton)/Training/HAU/user3/5-1-1",15.0,202.0,188.0,14142802.416,14142821.116,9.99999999940236
train_hau,HAU/user3/5-1-2,user3,5-1-2,,"/home/fluxx/Workspace/cuchx-large/hf_data_manual/LMT_(IMU,Radar,Skeleton)/Training/HAU/user3/5-1-2",15.0,113.0,99.0,14142897.416,14142907.216,9.999999999239737
train_hau,HAU/user3/5-1-3,user3,5-1-3,,"/home/fluxx/Workspace/cuchx-large/hf_data_manual/LMT_(IMU,Radar,Skeleton)/Training/HAU/user3/5-1-3",11.0,180.0,170.0,14142984.016,14143000.916,10.000000000881725
train_hau,HAU/user3/5-2-1,user3,5-2-1,,"/home/fluxx/Workspace/cuchx-large/hf_data_manual/LMT_(IMU,Radar,Skeleton)/Training/HAU/user3/5-2-1",5.0,359.0,355.0,14063492.416,14063527.816,9.999999999894765
train_hau,HAU/user3/5-2-2,user3,5-2-2,,"/home/fluxx/Workspace/cuchx-large/hf_data_manual/LMT_(IMU,Radar,Skeleton)/Training/HAU/user3/5-2-2",9.0,208.0,200.0,14063629.816,14063649.716,9.999999999812799
train_hau,HAU/user3/5-2-3,user3,5-2-3,,"/home/fluxx/Workspace/cuchx-large/hf_data_manual/LMT_(IMU,Radar,Skeleton)/Training/HAU/user3/5-2-3",10.0,342.0,333.0,14063773.916,14063807.116,9.999999999663377
train_hau,HAU/user3/6-1-1,user3,6-1-1,,"/home/fluxx/Workspace/cuchx-large/hf_data_manual/LMT_(IMU,Radar,Skeleton)/Training/HAU/user3/6-1-1",10.0,198.0,189.0,14143149.916,14143168.716,9.999999999603693
train_hau,HAU/user3/6-1-2,user3,6-1-2,,"/home/fluxx/Workspace/cuchx-large/hf_data_manual/LMT_(IMU,Radar,Skeleton)/Training/HAU/user3/6-1-2",14.0,206.0,193.0,14143256.316,14143275.516,9.999999999417923
train_hau,HAU/user3/6-1-3,user3,6-1-3,,"/home/fluxx/Workspace/cuchx-large/hf_data_manual/LMT_(IMU,Radar,Skeleton)/Training/HAU/user3/6-1-3",9.0,107.0,99.0,14143364.816,14143374.616,9.999999999239737
train_hau,HAU/user3/6-2-1,user3,6-2-1,,"/home/fluxx/Workspace/cuchx-large/hf_data_manual/LMT_(IMU,Radar,Skeleton)/Training/HAU/user3/6-2-1",9.0,393.0,385.0,,,
train_hau,HAU/user3/6-2-2,user3,6-2-2,,"/home/fluxx/Workspace/cuchx-large/hf_data_manual/LMT_(IMU,Radar,Skeleton)/Training/HAU/user3/6-2-2",10.0,367.0,358.0,,,
train_hau,HAU/user3/6-2-3,user3,6-2-3,,"/home/fluxx/Workspace/cuchx-large/hf_data_manual/LMT_(IMU,Radar,Skeleton)/Training/HAU/user3/6-2-3",10.0,242.0,233.0,,,
train_hau,HAU/user3/7-1-1,user3,7-1-1,,"/home/fluxx/Workspace/cuchx-large/hf_data_manual/LMT_(IMU,Radar,Skeleton)/Training/HAU/user3/7-1-1",8.0,611.0,604.0,14064499.716,14064560.016,9.999999999876442
train_hau,HAU/user3/7-1-2,user3,7-1-2,,"/home/fluxx/Workspace/cuchx-large/hf_data_manual/LMT_(IMU,Radar,Skeleton)/Training/HAU/user3/7-1-2",28.0,485.0,458.0,14064627.716,14064673.416,10.000000000163032
train_hau,HAU/user3/7-1-3,user3,7-1-3,,"/home/fluxx/Workspace/cuchx-large/hf_data_manual/LMT_(IMU,Radar,Skeleton)/Training/HAU/user3/7-1-3",16.0,302.0,287.0,14064795.516,14064824.116,10.000000000130255
train_hau,HAU/user4/1-1-1,user4,1-1-1,,"/home/fluxx/Workspace/cuchx-large/hf_data_manual/LMT_(IMU,Radar,Skeleton)/Training/HAU/user4/1-1-1",11.0,180.0,170.0,14125395.016,14125411.916,10.000000000881725
train_hau,HAU/user4/1-1-2,user4,1-1-2,,"/home/fluxx/Workspace/cuchx-large/hf_data_manual/LMT_(IMU,Radar,Skeleton)/Training/HAU/user4/1-1-2",14.0,195.0,182.0,14125517.316,14125535.416,10.000000000205818
train_hau,HAU/user4/1-1-3,user4,1-1-3,,"/home/fluxx/Workspace/cuchx-large/hf_data_manual/LMT_(IMU,Radar,Skeleton)/Training/HAU/user4/1-1-3",9.0,117.0,109.0,14125656.816,14125667.616,9.999999999310132
train_hau,HAU/user4/1-2-1,user4,1-2-1,,"/home/fluxx/Workspace/cuchx-large/hf_data_manual/LMT_(IMU,Radar,Skeleton)/Training/HAU/user4/1-2-1",21.0,432.0,412.0,14137543.016,14137584.116,10.00000000009064
train_hau,HAU/user4/1-2-2,user4,1-2-2,,"/home/fluxx/Workspace/cuchx-large/hf_data_manual/LMT_(IMU,Radar,Skeleton)/Training/HAU/user4/1-2-2",13.0,406.0,394.0,14138243.216,14138282.516,9.999999999810418
train_hau,HAU/user4/1-2-3,user4,1-2-3,,"/home/fluxx/Workspace/cuchx-large/hf_data_manual/LMT_(IMU,Radar,Skeleton)/Training/HAU/user4/1-2-3",10.0,263.0,254.0,14138370.916,14138396.216,9.99999999970551
train_hau,HAU/user4/2-1-1,user4,2-1-1,,"/home/fluxx/Workspace/cuchx-large/hf_data_manual/LMT_(IMU,Radar,Skeleton)/Training/HAU/user4/2-1-1",15.0,410.0,396.0,14065372.416,14065411.916,10.0
train_hau,HAU/user4/2-1-2,user4,2-1-2,,"/home/fluxx/Workspace/cuchx-large/hf_data_manual/LMT_(IMU,Radar,Skeleton)/Training/HAU/user4/2-1-2",20.0,311.0,292.0,14065524.916,14065554.016,9.999999999487933
train_hau,HAU/user4/2-1-3,user4,2-1-3,,"/home/fluxx/Workspace/cuchx-large/hf_data_manual/LMT_(IMU,Radar,Skeleton)/Training/HAU/user4/2-1-3",18.0,239.0,222.0,14065599.716,14065621.816,10.000000000168566
train_hau,HAU/user4/2-2-1,user4,2-2-1,,"/home/fluxx/Workspace/cuchx-large/hf_data_manual/LMT_(IMU,Radar,Skeleton)/Training/HAU/user4/2-2-1",15.0,274.0,260.0,14138950.416,14138976.316,9.999999999856167
train_hau,HAU/user4/2-2-2,user4,2-2-2,,"/home/fluxx/Workspace/cuchx-large/hf_data_manual/LMT_(IMU,Radar,Skeleton)/Training/HAU/user4/2-2-2",15.0,321.0,307.0,14139080.416,14139111.016,9.999999999513033
train_hau,HAU/user4/2-2-3,user4,2-2-3,,"/home/fluxx/Workspace/cuchx-large/hf_data_manual/LMT_(IMU,Radar,Skeleton)/Training/HAU/user4/2-2-3",29.0,201.0,173.0,14139339.816,14139357.016,9.99999999935024
train_hau,HAU/user4/3-2-1,user4,3-2-1,,"/home/fluxx/Workspace/cuchx-large/hf_data_manual/LMT_(IMU,Radar,Skeleton)/Training/HAU/user4/3-2-1",19.0,303.0,285.0,14065832.816,14065861.216,9.999999999868828
train_hau,HAU/user4/3-2-2,user4,3-2-2,,"/home/fluxx/Workspace/cuchx-large/hf_data_manual/LMT_(IMU,Radar,Skeleton)/Training/HAU/user4/3-2-2",19.0,321.0,303.0,14065966.816,14065997.016,9.999999999629939
train_hau,HAU/user4/3-2-3,user4,3-2-3,,"/home/fluxx/Workspace/cuchx-large/hf_data_manual/LMT_(IMU,Radar,Skeleton)/Training/HAU/user4/3-2-3",27.0,228.0,202.0,14066076.616,14066096.716,10.000000000185338
train_hau,HAU/user4/4-1-1,user4,4-1-1,,"/home/fluxx/Workspace/cuchx-large/hf_data_manual/LMT_(IMU,Radar,Skeleton)/Training/HAU/user4/4-1-1",18.0,285.0,268.0,14066206.716,14066233.416,10.000000000279048
train_hau,HAU/user4/4-1-2,user4,4-1-2,,"/home/fluxx/Workspace/cuchx-large/hf_data_manual/LMT_(IMU,Radar,Skeleton)/Training/HAU/user4/4-1-2",20.0,274.0,255.0,14066289.916,14066315.316,9.999999999853335
train_hau,HAU/user4/4-1-3,user4,4-1-3,,"/home/fluxx/Workspace/cuchx-large/hf_data_manual/LMT_(IMU,Radar,Skeleton)/Training/HAU/user4/4-1-3",22.0,204.0,183.0,14066375.116,14066393.316,10.000000000409372
train_hau,HAU/user4/4-2-1,user4,4-2-1,,"/home/fluxx/Workspace/cuchx-large/hf_data_manual/LMT_(IMU,Radar,Skeleton)/Training/HAU/user4/4-2-1",19.0,321.0,303.0,14139547.816,14139578.016,9.999999999629939
train_hau,HAU/user4/4-2-2,user4,4-2-2,,"/home/fluxx/Workspace/cuchx-large/hf_data_manual/LMT_(IMU,Radar,Skeleton)/Training/HAU/user4/4-2-2",19.0,262.0,244.0,14139764.816,14139789.116,9.999999999693392
train_hau,HAU/user4/4-2-3,user4,4-2-3,,"/home/fluxx/Workspace/cuchx-large/hf_data_manual/LMT_(IMU,Radar,Skeleton)/Training/HAU/user4/4-2-3",8.0,163.0,156.0,14139898.716,14139914.216,10.0
train_hau,HAU/user4/5-1-1,user4,5-1-1,,"/home/fluxx/Workspace/cuchx-large/hf_data_manual/LMT_(IMU,Radar,Skeleton)/Training/HAU/user4/5-1-1",17.0,263.0,247.0,14140316.616,14140341.216,10.000000000151434
train_hau,HAU/user4/5-1-2,user4,5-1-2,,"/home/fluxx/Workspace/cuchx-large/hf_data_manual/LMT_(IMU,Radar,Skeleton)/Training/HAU/user4/5-1-2",17.0,229.0,213.0,14140487.616,14140508.816,10.000000000351443
train_hau,HAU/user4/5-1-3,user4,5-1-3,,"/home/fluxx/Workspace/cuchx-large/hf_data_manual/LMT_(IMU,Radar,Skeleton)/Training/HAU/user4/5-1-3",13.0,157.0,145.0,14140605.216,14140619.616,9.999999999741298
train_hau,HAU/user4/5-2-1,user4,5-2-1,,"/home/fluxx/Workspace/cuchx-large/hf_data_manual/LMT_(IMU,Radar,Skeleton)/Training/HAU/user4/5-2-1",16.0,284.0,269.0,14066548.516,14066575.316,10.00000000041701
train_hau,HAU/user4/5-2-2,user4,5-2-2,,"/home/fluxx/Workspace/cuchx-large/hf_data_manual/LMT_(IMU,Radar,Skeleton)/Training/HAU/user4/5-2-2",25.0,341.0,317.0,14066694.416,14066726.016,9.999999999528445
train_hau,HAU/user4/5-2-3,user4,5-2-3,,"/home/fluxx/Workspace/cuchx-large/hf_data_manual/LMT_(IMU,Radar,Skeleton)/Training/HAU/user4/5-2-3",18.0,271.0,254.0,14066864.716,14066890.016,9.99999999970551
train_hau,HAU/user4/6-1-1,user4,6-1-1,,"/home/fluxx/Workspace/cuchx-large/hf_data_manual/LMT_(IMU,Radar,Skeleton)/Training/HAU/user4/6-1-1",13.0,508.0,496.0,14067170.216,14067219.716,10.0
train_hau,HAU/user4/6-1-2,user4,6-1-2,,"/home/fluxx/Workspace/cuchx-large/hf_data_manual/LMT_(IMU,Radar,Skeleton)/Training/HAU/user4/6-1-2",10.0,506.0,497.0,14067608.916,14067658.516,9.999999999699574
train_hau,HAU/user4/6-1-3,user4,6-1-3,,"/home/fluxx/Workspace/cuchx-large/hf_data_manual/LMT_(IMU,Radar,Skeleton)/Training/HAU/user4/6-1-3",18.0,365.0,348.0,14067721.716,14067756.416,10.000000000214714
train_hau,HAU/user4/7-1-1,user4,7-1-1,,"/home/fluxx/Workspace/cuchx-large/hf_data_manual/LMT_(IMU,Radar,Skeleton)/Training/HAU/user4/7-1-1",16.0,320.0,305.0,14140928.516,14140958.916,10.00000000049017
train_hau,HAU/user4/7-1-2,user4,7-1-2,,"/home/fluxx/Workspace/cuchx-large/hf_data_manual/LMT_(IMU,Radar,Skeleton)/Training/HAU/user4/7-1-2",20.0,415.0,396.0,14141041.916,14141081.416,10.0
train_hau,HAU/user4/7-1-3,user4,7-1-3,,"/home/fluxx/Workspace/cuchx-large/hf_data_manual/LMT_(IMU,Radar,Skeleton)/Training/HAU/user4/7-1-3",8.0,258.0,251.0,14141158.716,14141183.716,10.0
train_hau,HAU/user4/7-2-1,user4,7-2-1,,"/home/fluxx/Workspace/cuchx-large/hf_data_manual/LMT_(IMU,Radar,Skeleton)/Training/HAU/user4/7-2-1",10.0,159.0,150.0,14068008.916,14068023.816,9.999999999749981
train_hau,HAU/user4/7-2-2,user4,7-2-2,,"/home/fluxx/Workspace/cuchx-large/hf_data_manual/LMT_(IMU,Radar,Skeleton)/Training/HAU/user4/7-2-2",16.0,167.0,152.0,14068201.516,14068216.616,10.000000000246708
train_hau,HAU/user4/7-2-3,user4,7-2-3,,"/home/fluxx/Workspace/cuchx-large/hf_data_manual/LMT_(IMU,Radar,Skeleton)/Training/HAU/user4/7-2-3",15.0,126.0,112.0,14068352.416,14068363.516,9.999999998657554
train_hau,HAU/user5/1-1-1,user5,1-1-1,,"/home/fluxx/Workspace/cuchx-large/hf_data_manual/LMT_(IMU,Radar,Skeleton)/Training/HAU/user5/1-1-1",7.0,222.0,216.0,14123191.616,14123213.116,10.0
train_hau,HAU/user5/1-1-2,user5,1-1-2,,"/home/fluxx/Workspace/cuchx-large/hf_data_manual/LMT_(IMU,Radar,Skeleton)/Training/HAU/user5/1-1-2",18.0,182.0,165.0,14124511.716,14124528.116,9.999999999772848
train_hau,HAU/user5/1-1-3,user5,1-1-3,,"/home/fluxx/Workspace/cuchx-large/hf_data_manual/LMT_(IMU,Radar,Skeleton)/Training/HAU/user5/1-1-3",12.0,96.0,85.0,14124682.116,14124690.516,9.999999999556513
train_hau,HAU/user5/1-2-1,user5,1-2-1,,"/home/fluxx/Workspace/cuchx-large/hf_data_manual/LMT_(IMU,Radar,Skeleton)/Training/HAU/user5/1-2-1",16.0,460.0,445.0,14133126.516,14133170.916,10.000000000335612
train_hau,HAU/user5/1-2-2,user5,1-2-2,,"/home/fluxx/Workspace/cuchx-large/hf_data_manual/LMT_(IMU,Radar,Skeleton)/Training/HAU/user5/1-2-2",13.0,427.0,415.0,14133307.216,14133348.616,9.999999999910017
train_hau,HAU/user5/1-2-3,user5,1-2-3,,"/home/fluxx/Workspace/cuchx-large/hf_data_manual/LMT_(IMU,Radar,Skeleton)/Training/HAU/user5/1-2-3",36.0,313.0,278.0,14133438.516,14133466.216,10.000000000268974
train_hau,HAU/user5/2-1-1,user5,2-1-1,,"/home/fluxx/Workspace/cuchx-large/hf_data_manual/LMT_(IMU,Radar,Skeleton)/Training/HAU/user5/2-1-1",14.0,348.0,335.0,14120475.316,14120508.716,9.999999999888464
train_hau,HAU/user5/2-1-2,user5,2-1-2,,"/home/fluxx/Workspace/cuchx-large/hf_data_manual/LMT_(IMU,Radar,Skeleton)/Training/HAU/user5/2-1-2",14.0,306.0,293.0,14120601.316,14120630.516,9.999999999617264
train_hau,HAU/user5/2-1-3,user5,2-1-3,,"/home/fluxx/Workspace/cuchx-large/hf_data_manual/LMT_(IMU,Radar,Skeleton)/Training/HAU/user5/2-1-3",23.0,211.0,189.0,14120685.216,14120704.016,9.999999999603693
train_hau,HAU/user5/3-1-1,user5,3-1-1,,"/home/fluxx/Workspace/cuchx-large/hf_data_manual/LMT_(IMU,Radar,Skeleton)/Training/HAU/user5/3-1-1",23.0,342.0,320.0,14120840.216,14120872.116,9.99999999988322
train_hau,HAU/user5/3-1-2,user5,3-1-2,,"/home/fluxx/Workspace/cuchx-large/hf_data_manual/LMT_(IMU,Radar,Skeleton)/Training/HAU/user5/3-1-2",20.0,349.0,330.0,14120948.916,14120981.816,9.99999999988677
train_hau,HAU/user5/3-1-3,user5,3-1-3,,"/home/fluxx/Workspace/cuchx-large/hf_data_manual/LMT_(IMU,Radar,Skeleton)/Training/HAU/user5/3-1-3",19.0,231.0,213.0,14121029.816,14121051.016,9.999999999472836
train_hau,HAU/user5/3-2-1,user5,3-2-1,,"/home/fluxx/Workspace/cuchx-large/hf_data_manual/LMT_(IMU,Radar,Skeleton)/Training/HAU/user5/3-2-1",22.0,357.0,336.0,14133829.116,14133862.616,10.0
train_hau,HAU/user5/3-2-2,user5,3-2-2,,"/home/fluxx/Workspace/cuchx-large/hf_data_manual/LMT_(IMU,Radar,Skeleton)/Training/HAU/user5/3-2-2",18.0,270.0,253.0,14133964.716,14133989.916,10.000000000295659
train_hau,HAU/user5/3-2-3,user5,3-2-3,,"/home/fluxx/Workspace/cuchx-large/hf_data_manual/LMT_(IMU,Radar,Skeleton)/Training/HAU/user5/3-2-3",10.0,234.0,225.0,14134107.916,14134130.316,9.999999999833692
train_hau,HAU/user5/4-1-1,user5,4-1-1,,"/home/fluxx/Workspace/cuchx-large/hf_data_manual/LMT_(IMU,Radar,Skeleton)/Training/HAU/user5/4-1-1",12.0,241.0,230.0,14128671.116,14128694.016,9.999999999837323
train_hau,HAU/user5/4-1-2,user5,4-1-2,,"/home/fluxx/Workspace/cuchx-large/hf_data_manual/LMT_(IMU,Radar,Skeleton)/Training/HAU/user5/4-1-2",18.0,230.0,213.0,14128776.716,14128797.916,10.000000000351443
train_hau,HAU/user5/4-1-3,user5,4-1-3,,"/home/fluxx/Workspace/cuchx-large/hf_data_manual/LMT_(IMU,Radar,Skeleton)/Training/HAU/user5/4-1-3",38.0,198.0,161.0,14129082.716,14129098.716,10.0
train_hau,HAU/user5/4-2-1,user5,4-2-1,,"/home/fluxx/Workspace/cuchx-large/hf_data_manual/LMT_(IMU,Radar,Skeleton)/Training/HAU/user5/4-2-1",11.0,184.0,174.0,14134260.016,14134277.316,10.000000000646004
train_hau,HAU/user5/4-2-2,user5,4-2-2,,"/home/fluxx/Workspace/cuchx-large/hf_data_manual/LMT_(IMU,Radar,Skeleton)/Training/HAU/user5/4-2-2",7.0,171.0,165.0,14134346.616,14134363.016,9.999999999772848
train_hau,HAU/user5/4-2-3,user5,4-2-3,,"/home/fluxx/Workspace/cuchx-large/hf_data_manual/LMT_(IMU,Radar,Skeleton)/Training/HAU/user5/4-2-3",19.0,162.0,144.0,14134436.816,14134451.116,9.99999999947898
train_hau,HAU/user5/4-3-1,user5,4-3-1,,"/home/fluxx/Workspace/cuchx-large/hf_data_manual/LMT_(IMU,Radar,Skeleton)/Training/HAU/user5/4-3-1",22.0,156.0,135.0,14129223.116,14129236.516,9.999999999721993
train_hau,HAU/user5/4-3-2,user5,4-3-2,,"/home/fluxx/Workspace/cuchx-large/hf_data_manual/LMT_(IMU,Radar,Skeleton)/Training/HAU/user5/4-3-2",22.0,118.0,97.0,14129341.116,14129350.716,10.00000000038805
train_hau,HAU/user5/4-3-3,user5,4-3-3,,"/home/fluxx/Workspace/cuchx-large/hf_data_manual/LMT_(IMU,Radar,Skeleton)/Training/HAU/user5/4-3-3",16.0,103.0,88.0,14129416.516,14129425.216,10.000000000856389
train_hau,HAU/user5/5-1-1,user5,5-1-1,,"/home/fluxx/Workspace/cuchx-large/hf_data_manual/LMT_(IMU,Radar,Skeleton)/Training/HAU/user5/5-1-1",10.0,226.0,217.0,14134794.916,14134816.516,9.999999999310132
train_hau,HAU/user5/5-1-2,user5,5-1-2,,"/home/fluxx/Workspace/cuchx-large/hf_data_manual/LMT_(IMU,Radar,Skeleton)/Training/HAU/user5/5-1-2",15.0,250.0,236.0,14134896.416,14134919.916,10.0
train_hau,HAU/user5/5-1-3,user5,5-1-3,,"/home/fluxx/Workspace/cuchx-large/hf_data_manual/LMT_(IMU,Radar,Skeleton)/Training/HAU/user5/5-1-3",13.0,146.0,134.0,14135012.216,14135025.516,9.999999999439806
train_hau,HAU/user5/5-2-1,user5,5-2-1,,"/home/fluxx/Workspace/cuchx-large/hf_data_manual/LMT_(IMU,Radar,Skeleton)/Training/HAU/user5/5-2-1",30.0,183.0,154.0,14121285.916,14121301.216,9.999999999513033
train_hau,HAU/user5/5-2-2,user5,5-2-2,,"/home/fluxx/Workspace/cuchx-large/hf_data_manual/LMT_(IMU,Radar,Skeleton)/Training/HAU/user5/5-2-2",20.0,129.0,110.0,14121354.916,14121365.816,9.99999999965823
train_hau,HAU/user5/5-2-3,user5,5-2-3,,"/home/fluxx/Workspace/cuchx-large/hf_data_manual/LMT_(IMU,Radar,Skeleton)/Training/HAU/user5/5-2-3",26.0,85.0,60.0,14121423.516,14121429.416,10.00000000252562
train_hau,HAU/user5/6-1-1,user5,6-1-1,,"/home/fluxx/Workspace/cuchx-large/hf_data_manual/LMT_(IMU,Radar,Skeleton)/Training/HAU/user5/6-1-1",27.0,268.0,242.0,14121518.616,14121542.716,10.000000000154577
train_hau,HAU/user5/6-1-2,user5,6-1-2,,"/home/fluxx/Workspace/cuchx-large/hf_data_manual/LMT_(IMU,Radar,Skeleton)/Training/HAU/user5/6-1-2",26.0,196.0,171.0,14121582.516,14121599.516,10.0
train_hau,HAU/user5/6-1-3,user5,6-1-3,,"/home/fluxx/Workspace/cuchx-large/hf_data_manual/LMT_(IMU,Radar,Skeleton)/Training/HAU/user5/6-1-3",18.0,141.0,124.0,14121653.716,14121666.016,9.999999999394262
train_hau,HAU/user5/6-2-1,user5,6-2-1,,"/home/fluxx/Workspace/cuchx-large/hf_data_manual/LMT_(IMU,Radar,Skeleton)/Training/HAU/user5/6-2-1",11.0,222.0,212.0,14135175.016,14135196.116,10.000000000176554
train_hau,HAU/user5/6-2-2,user5,6-2-2,,"/home/fluxx/Workspace/cuchx-large/hf_data_manual/LMT_(IMU,Radar,Skeleton)/Training/HAU/user5/6-2-2",12.0,283.0,272.0,14135704.116,14135731.216,10.000000000137465
train_hau,HAU/user5/6-2-3,user5,6-2-3,,"/home/fluxx/Workspace/cuchx-large/hf_data_manual/LMT_(IMU,Radar,Skeleton)/Training/HAU/user5/6-2-3",16.0,172.0,157.0,14135868.516,14135884.116,10.000000000238801
train_hau,HAU/user5/7-1-1,user5,7-1-1,,"/home/fluxx/Workspace/cuchx-large/hf_data_manual/LMT_(IMU,Radar,Skeleton)/Training/HAU/user5/7-1-1",7.0,371.0,365.0,14121932.616,14121969.016,9.999999999897657
train_hau,HAU/user5/7-1-2,user5,7-1-2,,"/home/fluxx/Workspace/cuchx-large/hf_data_manual/LMT_(IMU,Radar,Skeleton)/Training/HAU/user5/7-1-2",16.0,254.0,239.0,14122029.516,14122053.316,10.000000000469575
train_hau,HAU/user5/7-1-3,user5,7-1-3,,"/home/fluxx/Workspace/cuchx-large/hf_data_manual/LMT_(IMU,Radar,Skeleton)/Training/HAU/user5/7-1-3",18.0,231.0,214.0,14122113.716,14122135.016,9.999999999650207
train_hau,HAU/user5/7-2-1,user5,7-2-1,,"/home/fluxx/Workspace/cuchx-large/hf_data_manual/LMT_(IMU,Radar,Skeleton)/Training/HAU/user5/7-2-1",12.0,279.0,268.0,14136006.116,14136032.816,10.000000000279048
train_hau,HAU/user5/7-2-2,user5,7-2-2,,"/home/fluxx/Workspace/cuchx-large/hf_data_manual/LMT_(IMU,Radar,Skeleton)/Training/HAU/user5/7-2-2",21.0,205.0,185.0,14136142.016,14136160.416,10.000000000809846
train_hau,HAU/user5/7-2-3,user5,7-2-3,,"/home/fluxx/Workspace/cuchx-large/hf_data_manual/LMT_(IMU,Radar,Skeleton)/Training/HAU/user5/7-2-3",21.0,165.0,145.0,14136247.016,14136261.416,10.000000001034802
train_hau,HAU/user6/1-1-1,user6,1-1-1,,"/home/fluxx/Workspace/cuchx-large/hf_data_manual/LMT_(IMU,Radar,Skeleton)/Training/HAU/user6/1-1-1",27.0,182.0,156.0,16134153.616,16134169.116,10.0
train_hau,HAU/user6/1-1-2,user6,1-1-2,,"/home/fluxx/Workspace/cuchx-large/hf_data_manual/LMT_(IMU,Radar,Skeleton)/Training/HAU/user6/1-1-2",20.0,171.0,152.0,16134338.916,16134354.016,9.999999999013168
train_hau,HAU/user6/1-1-3,user6,1-1-3,,"/home/fluxx/Workspace/cuchx-large/hf_data_manual/LMT_(IMU,Radar,Skeleton)/Training/HAU/user6/1-1-3",21.0,102.0,82.0,16134452.016,16134460.116,10.000000000459913
train_hau,HAU/user6/1-2-1,user6,1-2-1,,"/home/fluxx/Workspace/cuchx-large/hf_data_manual/LMT_(IMU,Radar,Skeleton)/Training/HAU/user6/1-2-1",19.0,335.0,317.0,16201552.816,16201584.416,10.00000000011789
train_hau,HAU/user6/1-2-2,user6,1-2-2,,"/home/fluxx/Workspace/cuchx-large/hf_data_manual/LMT_(IMU,Radar,Skeleton)/Training/HAU/user6/1-2-2",20.0,222.0,203.0,16201676.916,16201697.116,9.99999999944674
train_hau,HAU/user6/1-2-3,user6,1-2-3,,"/home/fluxx/Workspace/cuchx-large/hf_data_manual/LMT_(IMU,Radar,Skeleton)/Training/HAU/user6/1-2-3",23.0,123.0,101.0,16201744.216,16201754.216,10.0
train_hau,HAU/user6/2-1-1,user6,2-1-1,,"/home/fluxx/Workspace/cuchx-large/hf_data_manual/LMT_(IMU,Radar,Skeleton)/Training/HAU/user6/2-1-1",20.0,208.0,189.0,16201949.916,16201968.716,9.999999999603693
train_hau,HAU/user6/2-1-2,user6,2-1-2,,"/home/fluxx/Workspace/cuchx-large/hf_data_manual/LMT_(IMU,Radar,Skeleton)/Training/HAU/user6/2-1-2",23.0,176.0,154.0,16202046.216,16202061.516,9.999999999513033
train_hau,HAU/user6/2-1-3,user6,2-1-3,,"/home/fluxx/Workspace/cuchx-large/hf_data_manual/LMT_(IMU,Radar,Skeleton)/Training/HAU/user6/2-1-3",26.0,125.0,100.0,16202118.516,16202128.416,10.000000001505168
train_hau,HAU/user6/2-2-1,user6,2-2-1,,"/home/fluxx/Workspace/cuchx-large/hf_data_manual/LMT_(IMU,Radar,Skeleton)/Training/HAU/user6/2-2-1",20.0,114.0,95.0,16134589.916,16134599.316,9.999999999603693
train_hau,HAU/user6/2-2-2,user6,2-2-2,,"/home/fluxx/Workspace/cuchx-large/hf_data_manual/LMT_(IMU,Radar,Skeleton)/Training/HAU/user6/2-2-2",14.0,92.0,79.0,16134674.316,16134682.116,9.999999999044798
train_hau,HAU/user6/2-2-3,user6,2-2-3,,"/home/fluxx/Workspace/cuchx-large/hf_data_manual/LMT_(IMU,Radar,Skeleton)/Training/HAU/user6/2-2-3",24.0,75.0,52.0,16134816.316,16134821.416,10.000000000730449
train_hau,HAU/user6/2-3-1,user6,2-3-1,,"/home/fluxx/Workspace/cuchx-large/hf_data_manual/LMT_(IMU,Radar,Skeleton)/Training/HAU/user6/2-3-1",22.0,172.0,151.0,16202296.116,16202311.116,10.0
train_hau,HAU/user6/2-3-2,user6,2-3-2,,"/home/fluxx/Workspace/cuchx-large/hf_data_manual/LMT_(IMU,Radar,Skeleton)/Training/HAU/user6/2-3-2",23.0,152.0,130.0,16202365.216,16202378.116,9.999999999711218
train_hau,HAU/user6/2-3-3,user6,2-3-3,,"/home/fluxx/Workspace/cuchx-large/hf_data_manual/LMT_(IMU,Radar,Skeleton)/Training/HAU/user6/2-3-3",27.0,103.0,77.0,16202416.616,16202424.216,10.00000000049017
train_hau,HAU/user6/3-1-1,user6,3-1-1,,"/home/fluxx/Workspace/cuchx-large/hf_data_manual/LMT_(IMU,Radar,Skeleton)/Training/HAU/user6/3-1-1",14.0,420.0,407.0,16052985.316,16053025.916,10.000000000091756
train_hau,HAU/user6/3-1-2,user6,3-1-2,,"/home/fluxx/Workspace/cuchx-large/hf_data_manual/LMT_(IMU,Radar,Skeleton)/Training/HAU/user6/3-1-2",14.0,254.0,241.0,16053128.316,16053152.316,10.0
train_hau,HAU/user6/3-1-3,user6,3-1-3,,"/home/fluxx/Workspace/cuchx-large/hf_data_manual/LMT_(IMU,Radar,Skeleton)/Training/HAU/user6/3-1-3",12.0,125.0,114.0,16053219.116,16053230.416,10.000000000989015
train_hau,HAU/user6/3-2-1,user6,3-2-1,,"/home/fluxx/Workspace/cuchx-large/hf_data_manual/LMT_(IMU,Radar,Skeleton)/Training/HAU/user6/3-2-1",18.0,228.0,211.0,16202520.716,16202541.716,10.0
train_hau,HAU/user6/3-2-2,user6,3-2-2,,"/home/fluxx/Workspace/cuchx-large/hf_data_manual/LMT_(IMU,Radar,Skeleton)/Training/HAU/user6/3-2-2",13.0,194.0,182.0,16202600.216,16202618.316,10.000000000205818
train_hau,HAU/user6/3-2-3,user6,3-2-3,,"/home/fluxx/Workspace/cuchx-large/hf_data_manual/LMT_(IMU,Radar,Skeleton)/Training/HAU/user6/3-2-3",17.0,131.0,115.0,16202694.616,16202706.016,9.99999999967322
train_hau,HAU/user6/3-3-1,user6,3-3-1,,"/home/fluxx/Workspace/cuchx-large/hf_data_manual/LMT_(IMU,Radar,Skeleton)/Training/HAU/user6/3-3-1",25.0,141.0,117.0,16051734.416,16051746.016,9.999999998715417
train_hau,HAU/user6/3-3-2,user6,3-3-2,,"/home/fluxx/Workspace/cuchx-large/hf_data_manual/LMT_(IMU,Radar,Skeleton)/Training/HAU/user6/3-3-2",33.0,135.0,103.0,16052312.216,16052322.416,10.000000000730449
train_hau,HAU/user6/3-3-3,user6,3-3-3,,"/home/fluxx/Workspace/cuchx-large/hf_data_manual/LMT_(IMU,Radar,Skeleton)/Training/HAU/user6/3-3-3",22.0,89.0,68.0,16052729.116,16052735.816,10.000000001112028
train_hau,HAU/user6/4-1-1,user6,4-1-1,,"/home/fluxx/Workspace/cuchx-large/hf_data_manual/LMT_(IMU,Radar,Skeleton)/Training/HAU/user6/4-1-1",7.0,275.0,269.0,16126796.616,16126823.416,10.00000000041701
train_hau,HAU/user6/4-1-2,user6,4-1-2,,"/home/fluxx/Workspace/cuchx-large/hf_data_manual/LMT_(IMU,Radar,Skeleton)/Training/HAU/user6/4-1-2",5.0,248.0,244.0,16126929.416,16126953.716,9.999999999693392
train_hau,HAU/user6/4-1-3,user6,4-1-3,,"/home/fluxx/Workspace/cuchx-large/hf_data_manual/LMT_(IMU,Radar,Skeleton)/Training/HAU/user6/4-1-3",14.0,213.0,200.0,16127043.316,16127063.216,9.999999999812799
train_hau,HAU/user6/5-1-1,user6,5-1-1,,"/home/fluxx/Workspace/cuchx-large/hf_data_manual/LMT_(IMU,Radar,Skeleton)/Training/HAU/user6/5-1-1",11.0,109.0,99.0,16054209.016,16054218.816,10.000000001140394
train_hau,HAU/user6/5-1-2,user6,5-1-2,,"/home/fluxx/Workspace/cuchx-large/hf_data_manual/LMT_(IMU,Radar,Skeleton)/Training/HAU/user6/5-1-2",12.0,98.0,87.0,16054316.116,16054324.716,10.000000000433173
train_hau,HAU/user6/5-1-3,user6,5-1-3,,"/home/fluxx/Workspace/cuchx-large/hf_data_manual/LMT_(IMU,Radar,Skeleton)/Training/HAU/user6/5-1-3",6.0,58.0,53.0,16054394.516,16054399.716,10.000000001432804
train_hau,HAU/user6/5-2-1,user6,5-2-1,,"/home/fluxx/Workspace/cuchx-large/hf_data_manual/LMT_(IMU,Radar,Skeleton)/Training/HAU/user6/5-2-1",24.0,154.0,131.0,16202821.316,16202834.316,10.0
train_hau,HAU/user6/5-2-2,user6,5-2-2,,"/home/fluxx/Workspace/cuchx-large/hf_data_manual/LMT_(IMU,Radar,Skeleton)/Training/HAU/user6/5-2-2",26.0,138.0,113.0,16202899.516,16202910.716,10.00000000066523
train_hau,HAU/user6/5-2-3,user6,5-2-3,,"/home/fluxx/Workspace/cuchx-large/hf_data_manual/LMT_(IMU,Radar,Skeleton)/Training/HAU/user6/5-2-3",20.0,97.0,78.0,16202955.916,16202963.616,9.999999998548589
train_hau,HAU/user6/5-3-1,user6,5-3-1,,"/home/fluxx/Workspace/cuchx-large/hf_data_manual/LMT_(IMU,Radar,Skeleton)/Training/HAU/user6/5-3-1",16.0,293.0,278.0,16055140.516,16055168.216,10.000000000268974
train_hau,HAU/user6/5-3-2,user6,5-3-2,,"/home/fluxx/Workspace/cuchx-large/hf_data_manual/LMT_(IMU,Radar,Skeleton)/Training/HAU/user6/5-3-2",15.0,280.0,266.0,16055255.416,16055281.916,10.0
train_hau,HAU/user6/5-3-3,user6,5-3-3,,"/home/fluxx/Workspace/cuchx-large/hf_data_manual/LMT_(IMU,Radar,Skeleton)/Training/HAU/user6/5-3-3",12.0,155.0,144.0,16055847.116,16055861.416,10.00000000078153
train_hau,HAU/user6/6-1-1,user6,6-1-1,,"/home/fluxx/Workspace/cuchx-large/hf_data_manual/LMT_(IMU,Radar,Skeleton)/Training/HAU/user6/6-1-1",11.0,180.0,170.0,16055975.016,16055991.916,10.000000000881725
train_hau,HAU/user6/6-1-2,user6,6-1-2,,"/home/fluxx/Workspace/cuchx-large/hf_data_manual/LMT_(IMU,Radar,Skeleton)/Training/HAU/user6/6-1-2",11.0,120.0,110.0,16056104.016,16056114.916,10.000000001367079
train_hau,HAU/user6/6-1-3,user6,6-1-3,,"/home/fluxx/Workspace/cuchx-large/hf_data_manual/LMT_(IMU,Radar,Skeleton)/Training/HAU/user6/6-1-3",3.0,137.0,135.0,16056213.216,16056226.616,9.999999999721993
train_hau,HAU/user6/6-2-1,user6,6-2-1,,"/home/fluxx/Workspace/cuchx-large/hf_data_manual/LMT_(IMU,Radar,Skeleton)/Training/HAU/user6/6-2-1",14.0,405.0,392.0,16203143.316,16203182.416,10.000000000095277
train_hau,HAU/user6/6-2-2,user6,6-2-2,,"/home/fluxx/Workspace/cuchx-large/hf_data_manual/LMT_(IMU,Radar,Skeleton)/Training/HAU/user6/6-2-2",24.0,203.0,180.0,16203241.316,16203259.216,9.999999999791884
train_hau,HAU/user6/6-2-3,user6,6-2-3,,"/home/fluxx/Workspace/cuchx-large/hf_data_manual/LMT_(IMU,Radar,Skeleton)/Training/HAU/user6/6-2-3",22.0,357.0,336.0,16203334.116,16203367.616,10.0
train_hau,HAU/user6/7-1-1,user6,7-1-1,,"/home/fluxx/Workspace/cuchx-large/hf_data_manual/LMT_(IMU,Radar,Skeleton)/Training/HAU/user6/7-1-1",12.0,126.0,115.0,16127177.116,16127188.516,9.99999999967322
train_hau,HAU/user6/7-1-2,user6,7-1-2,,"/home/fluxx/Workspace/cuchx-large/hf_data_manual/LMT_(IMU,Radar,Skeleton)/Training/HAU/user6/7-1-2",14.0,99.0,86.0,16127256.316,16127264.816,10.0
train_hau,HAU/user6/7-1-3,user6,7-1-3,,"/home/fluxx/Workspace/cuchx-large/hf_data_manual/LMT_(IMU,Radar,Skeleton)/Training/HAU/user6/7-1-3",9.0,90.0,82.0,16127322.816,16127330.916,10.000000000459913
train_hau,HAU/user6/7-2-1,user6,7-2-1,,"/home/fluxx/Workspace/cuchx-large/hf_data_manual/LMT_(IMU,Radar,Skeleton)/Training/HAU/user6/7-2-1",17.0,163.0,147.0,16203457.616,16203472.216,10.000000000255158
train_hau,HAU/user6/7-2-2,user6,7-2-2,,"/home/fluxx/Workspace/cuchx-large/hf_data_manual/LMT_(IMU,Radar,Skeleton)/Training/HAU/user6/7-2-2",22.0,136.0,115.0,16203548.116,16203559.516,9.99999999967322
train_hau,HAU/user6/7-2-3,user6,7-2-3,,"/home/fluxx/Workspace/cuchx-large/hf_data_manual/LMT_(IMU,Radar,Skeleton)/Training/HAU/user6/7-2-3",22.0,95.0,74.0,16203636.116,16203643.416,10.00000000153094
train_hau,HAU/user6/7-3-1,user6,7-3-1,,"/home/fluxx/Workspace/cuchx-large/hf_data_manual/LMT_(IMU,Radar,Skeleton)/Training/HAU/user6/7-3-1",14.0,125.0,112.0,16127422.316,16127433.416,10.000000000335612
train_hau,HAU/user6/7-3-2,user6,7-3-2,,"/home/fluxx/Workspace/cuchx-large/hf_data_manual/LMT_(IMU,Radar,Skeleton)/Training/HAU/user6/7-3-2",9.0,112.0,104.0,16127488.816,16127499.116,9.999999999276643
train_hau,HAU/user6/7-3-3,user6,7-3-3,,"/home/fluxx/Workspace/cuchx-large/hf_data_manual/LMT_(IMU,Radar,Skeleton)/Training/HAU/user6/7-3-3",19.0,97.0,79.0,16127555.816,16127563.616,9.999999999044798
train_hau,HAU/user7/1-1-1,user7,1-1-1,,"/home/fluxx/Workspace/cuchx-large/hf_data_manual/LMT_(IMU,Radar,Skeleton)/Training/HAU/user7/1-1-1",16.0,226.0,211.0,16135144.516,16135165.516,10.0
train_hau,HAU/user7/1-1-2,user7,1-1-2,,"/home/fluxx/Workspace/cuchx-large/hf_data_manual/LMT_(IMU,Radar,Skeleton)/Training/HAU/user7/1-1-2",20.0,165.0,146.0,16135270.916,16135285.416,10.0
train_hau,HAU/user7/1-1-3,user7,1-1-3,,"/home/fluxx/Workspace/cuchx-large/hf_data_manual/LMT_(IMU,Radar,Skeleton)/Training/HAU/user7/1-1-3",29.0,201.0,173.0,16135347.816,16135365.016,9.99999999935024
train_hau,HAU/user7/1-2-1,user7,1-2-1,,"/home/fluxx/Workspace/cuchx-large/hf_data_manual/LMT_(IMU,Radar,Skeleton)/Training/HAU/user7/1-2-1",17.0,243.0,227.0,16056563.616,16056586.216,10.000000000164835
train_hau,HAU/user7/1-2-2,user7,1-2-2,,"/home/fluxx/Workspace/cuchx-large/hf_data_manual/LMT_(IMU,Radar,Skeleton)/Training/HAU/user7/1-2-2",11.0,135.0,125.0,16056694.016,16056706.416,10.000000001201707
train_hau,HAU/user7/1-2-3,user7,1-2-3,,"/home/fluxx/Workspace/cuchx-large/hf_data_manual/LMT_(IMU,Radar,Skeleton)/Training/HAU/user7/1-2-3",14.0,186.0,173.0,16056794.316,16056811.516,9.99999999935024
train_hau,HAU/user7/2-1-1,user7,2-1-1,,"/home/fluxx/Workspace/cuchx-large/hf_data_manual/LMT_(IMU,Radar,Skeleton)/Training/HAU/user7/2-1-1",28.0,259.0,232.0,16204142.716,16204165.816,10.000000000161268
train_hau,HAU/user7/2-1-2,user7,2-1-2,,"/home/fluxx/Workspace/cuchx-large/hf_data_manual/LMT_(IMU,Radar,Skeleton)/Training/HAU/user7/2-1-2",16.0,232.0,217.0,16204230.516,16204252.116,10.000000000172466
train_hau,HAU/user7/2-1-3,user7,2-1-3,,"/home/fluxx/Workspace/cuchx-large/hf_data_manual/LMT_(IMU,Radar,Skeleton)/Training/HAU/user7/2-1-3",25.0,172.0,148.0,16204351.416,16204366.116,9.999999999239737
train_hau,HAU/user7/2-2-1,user7,2-2-1,,"/home/fluxx/Workspace/cuchx-large/hf_data_manual/LMT_(IMU,Radar,Skeleton)/Training/HAU/user7/2-2-1",20.0,268.0,249.0,16057061.916,16057086.716,9.999999999699574
train_hau,HAU/user7/2-2-2,user7,2-2-2,,"/home/fluxx/Workspace/cuchx-large/hf_data_manual/LMT_(IMU,Radar,Skeleton)/Training/HAU/user7/2-2-2",9.0,211.0,203.0,16057264.816,16057285.016,9.99999999944674
train_hau,HAU/user7/2-2-3,user7,2-2-3,,"/home/fluxx/Workspace/cuchx-large/hf_data_manual/LMT_(IMU,Radar,Skeleton)/Training/HAU/user7/2-2-3",14.0,163.0,150.0,16057417.316,16057432.216,9.999999999749981
train_hau,HAU/user7/3-1-1,user7,3-1-1,,"/home/fluxx/Workspace/cuchx-large/hf_data_manual/LMT_(IMU,Radar,Skeleton)/Training/HAU/user7/3-1-1",13.0,242.0,230.0,16057676.216,16057699.116,9.999999999837323
train_hau,HAU/user7/3-1-2,user7,3-1-2,,"/home/fluxx/Workspace/cuchx-large/hf_data_manual/LMT_(IMU,Radar,Skeleton)/Training/HAU/user7/3-1-2",1.0,185.0,185.0,16057771.016,16057789.416,10.000000000809846
train_hau,HAU/user7/3-1-3,user7,3-1-3,,"/home/fluxx/Workspace/cuchx-large/hf_data_manual/LMT_(IMU,Radar,Skeleton)/Training/HAU/user7/3-1-3",10.0,131.0,122.0,16057858.916,16057871.016,9.9999999987685
train_hau,HAU/user7/3-2-1,user7,3-2-1,,"/home/fluxx/Workspace/cuchx-large/hf_data_manual/LMT_(IMU,Radar,Skeleton)/Training/HAU/user7/3-2-1",5.0,170.0,166.0,16204441.416,16204457.916,10.0
train_hau,HAU/user7/3-2-2,user7,3-2-2,,"/home/fluxx/Workspace/cuchx-large/hf_data_manual/LMT_(IMU,Radar,Skeleton)/Training/HAU/user7/3-2-2",6.0,155.0,150.0,16204519.516,16204534.416,10.000000001000078
train_hau,HAU/user7/3-2-3,user7,3-2-3,,"/home/fluxx/Workspace/cuchx-large/hf_data_manual/LMT_(IMU,Radar,Skeleton)/Training/HAU/user7/3-2-3",19.0,96.0,78.0,16204580.816,16204588.516,9.999999998548589
train_hau,HAU/user7/3-3-1,user7,3-3-1,,"/home/fluxx/Workspace/cuchx-large/hf_data_manual/LMT_(IMU,Radar,Skeleton)/Training/HAU/user7/3-3-1",10.0,101.0,92.0,16058410.916,16058420.016,9.99999999836251
train_hau,HAU/user7/3-3-3,user7,3-3-3,,"/home/fluxx/Workspace/cuchx-large/hf_data_manual/LMT_(IMU,Radar,Skeleton)/Training/HAU/user7/3-3-3",16.0,78.0,63.0,16058587.516,16058593.716,10.000000001201707
train_hau,HAU/user7/4-1-1,user7,4-1-1,,"/home/fluxx/Workspace/cuchx-large/hf_data_manual/LMT_(IMU,Radar,Skeleton)/Training/HAU/user7/4-1-1",15.0,350.0,336.0,16125121.416,16125154.916,10.0
train_hau,HAU/user7/4-1-2,user7,4-1-2,,"/home/fluxx/Workspace/cuchx-large/hf_data_manual/LMT_(IMU,Radar,Skeleton)/Training/HAU/user7/4-1-2",10.0,256.0,247.0,16125256.916,16125281.516,9.999999999394262
train_hau,HAU/user7/4-1-3,user7,4-1-3,,"/home/fluxx/Workspace/cuchx-large/hf_data_manual/LMT_(IMU,Radar,Skeleton)/Training/HAU/user7/4-1-3",17.0,210.0,194.0,16125409.616,16125428.916,10.00000000057906
train_hau,HAU/user7/5-1-1,user7,5-1-1,,"/home/fluxx/Workspace/cuchx-large/hf_data_manual/LMT_(IMU,Radar,Skeleton)/Training/HAU/user7/5-1-1",29.0,163.0,135.0,16058706.816,16058720.216,9.999999999721993
train_hau,HAU/user7/5-1-2,user7,5-1-2,,"/home/fluxx/Workspace/cuchx-large/hf_data_manual/LMT_(IMU,Radar,Skeleton)/Training/HAU/user7/5-1-2",13.0,156.0,144.0,16058800.216,16058814.516,9.99999999947898
train_hau,HAU/user7/5-1-3,user7,5-1-3,,"/home/fluxx/Workspace/cuchx-large/hf_data_manual/LMT_(IMU,Radar,Skeleton)/Training/HAU/user7/5-1-3",1.0,85.0,85.0,16058888.016,16058896.416,10.000000001773948
train_hau,HAU/user7/5-2-1,user7,5-2-1,,"/home/fluxx/Workspace/cuchx-large/hf_data_manual/LMT_(IMU,Radar,Skeleton)/Training/HAU/user7/5-2-1",17.0,176.0,160.0,16204650.616,16204666.516,9.999999999765706
train_hau,HAU/user7/5-2-2,user7,5-2-2,,"/home/fluxx/Workspace/cuchx-large/hf_data_manual/LMT_(IMU,Radar,Skeleton)/Training/HAU/user7/5-2-2",21.0,170.0,150.0,16204708.016,16204722.916,10.000000001000078
train_hau,HAU/user7/5-2-3,user7,5-2-3,,"/home/fluxx/Workspace/cuchx-large/hf_data_manual/LMT_(IMU,Radar,Skeleton)/Training/HAU/user7/5-2-3",18.0,87.0,70.0,16204776.716,16204783.616,9.999999999460103
train_hau,HAU/user7/5-3-1,user7,5-3-1,,"/home/fluxx/Workspace/cuchx-large/hf_data_manual/LMT_(IMU,Radar,Skeleton)/Training/HAU/user7/5-3-1",19.0,161.0,143.0,16059155.816,16059170.016,9.999999999212967
train_hau,HAU/user7/5-3-2,user7,5-3-2,,"/home/fluxx/Workspace/cuchx-large/hf_data_manual/LMT_(IMU,Radar,Skeleton)/Training/HAU/user7/5-3-2",17.0,121.0,105.0,16059239.616,16059250.016,9.9999999996418
train_hau,HAU/user7/5-3-3,user7,5-3-3,,"/home/fluxx/Workspace/cuchx-large/hf_data_manual/LMT_(IMU,Radar,Skeleton)/Training/HAU/user7/5-3-3",12.0,83.0,72.0,16059313.116,16059320.216,10.00000000052469
train_hau,HAU/user7/6-1-1,user7,6-1-1,,"/home/fluxx/Workspace/cuchx-large/hf_data_manual/LMT_(IMU,Radar,Skeleton)/Training/HAU/user7/6-1-1",21.0,155.0,135.0,16125571.016,16125584.416,10.000000001112028
train_hau,HAU/user7/6-1-2,user7,6-1-2,,"/home/fluxx/Workspace/cuchx-large/hf_data_manual/LMT_(IMU,Radar,Skeleton)/Training/HAU/user7/6-1-2",20.0,204.0,185.0,16125663.916,16125682.316,9.999999999797538
train_hau,HAU/user7/6-1-3,user7,6-1-3,,"/home/fluxx/Workspace/cuchx-large/hf_data_manual/LMT_(IMU,Radar,Skeleton)/Training/HAU/user7/6-1-3",19.0,106.0,88.0,16125840.816,16125849.516,9.999999998715417
train_hau,HAU/user7/6-2-1,user7,6-2-1,,"/home/fluxx/Workspace/cuchx-large/hf_data_manual/LMT_(IMU,Radar,Skeleton)/Training/HAU/user7/6-2-1",20.0,97.0,78.0,16125978.916,16125986.616,9.999999998548589
train_hau,HAU/user7/6-2-2,user7,6-2-2,,"/home/fluxx/Workspace/cuchx-large/hf_data_manual/LMT_(IMU,Radar,Skeleton)/Training/HAU/user7/6-2-2",15.0,77.0,63.0,16126062.416,16126068.616,9.99999999819744
train_hau,HAU/user7/6-2-3,user7,6-2-3,,"/home/fluxx/Workspace/cuchx-large/hf_data_manual/LMT_(IMU,Radar,Skeleton)/Training/HAU/user7/6-2-3",11.0,61.0,51.0,16126153.016,16126158.016,10.0
train_hau,HAU/user7/6-3-1,user7,6-3-1,,"/home/fluxx/Workspace/cuchx-large/hf_data_manual/LMT_(IMU,Radar,Skeleton)/Training/HAU/user7/6-3-1",24.0,129.0,106.0,16059523.316,16059533.816,10.0
train_hau,HAU/user7/6-3-3,user7,6-3-3,,"/home/fluxx/Workspace/cuchx-large/hf_data_manual/LMT_(IMU,Radar,Skeleton)/Training/HAU/user7/6-3-3",36.0,114.0,79.0,16059671.516,16059679.316,10.000000001432804
train_hau,HAU/user7/7-1-1,user7,7-1-1,,"/home/fluxx/Workspace/cuchx-large/hf_data_manual/LMT_(IMU,Radar,Skeleton)/Training/HAU/user7/7-1-1",18.0,169.0,152.0,16126270.716,16126285.816,10.000000000246708
train_hau,HAU/user7/7-1-2,user7,7-1-2,,"/home/fluxx/Workspace/cuchx-large/hf_data_manual/LMT_(IMU,Radar,Skeleton)/Training/HAU/user7/7-1-2",12.0,135.0,124.0,16126361.116,16126373.416,10.000000000908607
train_hau,HAU/user7/7-1-3,user7,7-1-3,,"/home/fluxx/Workspace/cuchx-large/hf_data_manual/LMT_(IMU,Radar,Skeleton)/Training/HAU/user7/7-1-3",25.0,113.0,89.0,16126497.416,16126506.216,9.999999999153344
train_hau,HAU/user7/7-2-1,user7,7-2-1,,"/home/fluxx/Workspace/cuchx-large/hf_data_manual/LMT_(IMU,Radar,Skeleton)/Training/HAU/user7/7-2-1",19.0,175.0,157.0,16204855.816,16204871.416,10.000000000238801
train_hau,HAU/user7/7-2-2,user7,7-2-2,,"/home/fluxx/Workspace/cuchx-large/hf_data_manual/LMT_(IMU,Radar,Skeleton)/Training/HAU/user7/7-2-2",17.0,120.0,104.0,16204928.616,16204938.916,10.000000001085036
train_hau,HAU/user7/7-2-3,user7,7-2-3,,"/home/fluxx/Workspace/cuchx-large/hf_data_manual/LMT_(IMU,Radar,Skeleton)/Training/HAU/user7/7-2-3",16.0,79.0,64.0,16204984.516,16204990.816,10.000000001773948
train_hau,HAU/user8/1-1-1,user8,1-1-1,,"/home/fluxx/Workspace/cuchx-large/hf_data_manual/LMT_(IMU,Radar,Skeleton)/Training/HAU/user8/1-1-1",10.0,107.0,98.0,16135580.916,16135590.616,9.999999998847848
train_hau,HAU/user8/1-1-2,user8,1-1-2,,"/home/fluxx/Workspace/cuchx-large/hf_data_manual/LMT_(IMU,Radar,Skeleton)/Training/HAU/user8/1-1-2",17.0,95.0,79.0,16135651.616,16135659.416,10.000000001432804
train_hau,HAU/user8/1-1-3,user8,1-1-3,,"/home/fluxx/Workspace/cuchx-large/hf_data_manual/LMT_(IMU,Radar,Skeleton)/Training/HAU/user8/1-1-3",10.0,84.0,75.0,16135746.916,16135754.316,9.999999999496582
train_hau,HAU/user8/1-2-1,user8,1-2-1,,"/home/fluxx/Workspace/cuchx-large/hf_data_manual/LMT_(IMU,Radar,Skeleton)/Training/HAU/user8/1-2-1",12.0,292.0,281.0,16060297.116,16060325.116,10.0
train_hau,HAU/user8/1-2-2,user8,1-2-2,,"/home/fluxx/Workspace/cuchx-large/hf_data_manual/LMT_(IMU,Radar,Skeleton)/Training/HAU/user8/1-2-2",28.0,183.0,156.0,16060381.716,16060397.216,10.0
train_hau,HAU/user8/1-2-3,user8,1-2-3,,"/home/fluxx/Workspace/cuchx-large/hf_data_manual/LMT_(IMU,Radar,Skeleton)/Training/HAU/user8/1-2-3",30.0,342.0,313.0,16060460.916,16060492.116,9.9999999996418
train_hau,HAU/user8/2-1-1,user8,2-1-1,,"/home/fluxx/Workspace/cuchx-large/hf_data_manual/LMT_(IMU,Radar,Skeleton)/Training/HAU/user8/2-1-1",16.0,316.0,301.0,16060618.516,16060648.516,10.0
train_hau,HAU/user8/2-1-2,user8,2-1-2,,"/home/fluxx/Workspace/cuchx-large/hf_data_manual/LMT_(IMU,Radar,Skeleton)/Training/HAU/user8/2-1-2",15.0,295.0,281.0,16060752.416,16060780.416,10.0
train_hau,HAU/user8/2-1-3,user8,2-1-3,,"/home/fluxx/Workspace/cuchx-large/hf_data_manual/LMT_(IMU,Radar,Skeleton)/Training/HAU/user8/2-1-3",31.0,181.0,151.0,16060983.016,16060998.016,10.0
train_hau,HAU/user8/2-2-1,user8,2-2-1,,"/home/fluxx/Workspace/cuchx-large/hf_data_manual/LMT_(IMU,Radar,Skeleton)/Training/HAU/user8/2-2-1",31.0,79.0,49.0,16208094.016,16208098.816,10.000000002328306
train_hau,HAU/user8/2-2-2,user8,2-2-2,,"/home/fluxx/Workspace/cuchx-large/hf_data_manual/LMT_(IMU,Radar,Skeleton)/Training/HAU/user8/2-2-2",34.0,79.0,46.0,16208233.316,16208237.816,10.0
train_hau,HAU/user8/2-2-3,user8,2-2-3,,"/home/fluxx/Workspace/cuchx-large/hf_data_manual/LMT_(IMU,Radar,Skeleton)/Training/HAU/user8/2-2-3",33.0,66.0,34.0,16208300.216,16208303.516,9.999999997742249
train_hau,HAU/user8/3-1-1,user8,3-1-1,,"/home/fluxx/Workspace/cuchx-large/hf_data_manual/LMT_(IMU,Radar,Skeleton)/Training/HAU/user8/3-1-1",21.0,251.0,231.0,16061132.016,16061155.016,10.0
train_hau,HAU/user8/3-1-2,user8,3-1-2,,"/home/fluxx/Workspace/cuchx-large/hf_data_manual/LMT_(IMU,Radar,Skeleton)/Training/HAU/user8/3-1-2",1.0,94.0,94.0,16061276.016,16061285.316,10.000000001201707
train_hau,HAU/user8/3-1-3,user8,3-1-3,,"/home/fluxx/Workspace/cuchx-large/hf_data_manual/LMT_(IMU,Radar,Skeleton)/Training/HAU/user8/3-1-3",10.0,159.0,150.0,16061390.916,16061405.816,9.999999999749981
train_hau,HAU/user8/3-2-1,user8,3-2-1,,"/home/fluxx/Workspace/cuchx-large/hf_data_manual/LMT_(IMU,Radar,Skeleton)/Training/HAU/user8/3-2-1",19.0,192.0,174.0,16208451.816,16208469.116,9.999999999569331
train_hau,HAU/user8/3-2-2,user8,3-2-2,,"/home/fluxx/Workspace/cuchx-large/hf_data_manual/LMT_(IMU,Radar,Skeleton)/Training/HAU/user8/3-2-2",30.0,177.0,148.0,16208516.916,16208531.616,9.999999999239737
train_hau,HAU/user8/3-2-3,user8,3-2-3,,"/home/fluxx/Workspace/cuchx-large/hf_data_manual/LMT_(IMU,Radar,Skeleton)/Training/HAU/user8/3-2-3",22.0,166.0,145.0,16208594.116,16208608.516,9.999999999741298
train_hau,HAU/user8/3-3-1,user8,3-3-1,,"/home/fluxx/Workspace/cuchx-large/hf_data_manual/LMT_(IMU,Radar,Skeleton)/Training/HAU/user8/3-3-1",26.0,107.0,82.0,16062045.516,16062053.616,10.000000000459913
train_hau,HAU/user8/3-3-2,user8,3-3-2,,"/home/fluxx/Workspace/cuchx-large/hf_data_manual/LMT_(IMU,Radar,Skeleton)/Training/HAU/user8/3-3-2",21.0,53.0,33.0,16062157.016,16062160.216,10.000000002328306
train_hau,HAU/user8/3-3-3,user8,3-3-3,,"/home/fluxx/Workspace/cuchx-large/hf_data_manual/LMT_(IMU,Radar,Skeleton)/Training/HAU/user8/3-3-3",13.0,62.0,50.0,16062216.216,16062221.116,9.999999999239737
train_hau,HAU/user8/4-1-1,user8,4-1-1,,"/home/fluxx/Workspace/cuchx-large/hf_data_manual/LMT_(IMU,Radar,Skeleton)/Training/HAU/user8/4-1-1",12.0,210.0,199.0,16127925.116,16127944.916,10.000000000564437
train_hau,HAU/user8/4-1-2,user8,4-1-2,,"/home/fluxx/Workspace/cuchx-large/hf_data_manual/LMT_(IMU,Radar,Skeleton)/Training/HAU/user8/4-1-2",19.0,183.0,165.0,16128052.816,16128069.216,9.999999999772848
train_hau,HAU/user8/4-1-3,user8,4-1-3,,"/home/fluxx/Workspace/cuchx-large/hf_data_manual/LMT_(IMU,Radar,Skeleton)/Training/HAU/user8/4-1-3",18.0,217.0,200.0,16128129.716,16128149.616,9.999999999812799
train_hau,HAU/user8/4-2-1,user8,4-2-1,,"/home/fluxx/Workspace/cuchx-large/hf_data_manual/LMT_(IMU,Radar,Skeleton)/Training/HAU/user8/4-2-1",48.0,213.0,166.0,16208762.716,16208779.216,10.0
train_hau,HAU/user8/4-2-2,user8,4-2-2,,"/home/fluxx/Workspace/cuchx-large/hf_data_manual/LMT_(IMU,Radar,Skeleton)/Training/HAU/user8/4-2-2",28.0,102.0,75.0,16208842.716,16208850.116,9.999999999496582
train_hau,HAU/user8/4-2-3,user8,4-2-3,,"/home/fluxx/Workspace/cuchx-large/hf_data_manual/LMT_(IMU,Radar,Skeleton)/Training/HAU/user8/4-2-3",37.0,169.0,133.0,16208927.616,16208940.816,10.000000000564437
train_hau,HAU/user8/5-1-1,user8,5-1-1,,"/home/fluxx/Workspace/cuchx-large/hf_data_manual/LMT_(IMU,Radar,Skeleton)/Training/HAU/user8/5-1-1",11.0,271.0,261.0,16062342.016,16062368.016,10.0
train_hau,HAU/user8/5-1-2,user8,5-1-2,,"/home/fluxx/Workspace/cuchx-large/hf_data_manual/LMT_(IMU,Radar,Skeleton)/Training/HAU/user8/5-1-2",10.0,209.0,200.0,16062443.916,16062463.816,9.999999999812799
train_hau,HAU/user8/5-1-3,user8,5-1-3,,"/home/fluxx/Workspace/cuchx-large/hf_data_manual/LMT_(IMU,Radar,Skeleton)/Training/HAU/user8/5-1-3",13.0,169.0,157.0,16062535.216,16062550.816,10.000000000238801
train_hau,HAU/user8/6-1-1,user8,6-1-1,,"/home/fluxx/Workspace/cuchx-large/hf_data_manual/LMT_(IMU,Radar,Skeleton)/Training/HAU/user8/6-1-1",18.0,290.0,273.0,16128509.716,16128536.916,10.000000000273918
train_hau,HAU/user8/6-1-2,user8,6-1-2,,"/home/fluxx/Workspace/cuchx-large/hf_data_manual/LMT_(IMU,Radar,Skeleton)/Training/HAU/user8/6-1-2",16.0,220.0,205.0,16128598.516,16128618.916,10.000000000730449
train_hau,HAU/user8/6-1-3,user8,6-1-3,,"/home/fluxx/Workspace/cuchx-large/hf_data_manual/LMT_(IMU,Radar,Skeleton)/Training/HAU/user8/6-1-3",21.0,208.0,188.0,16128678.016,16128696.716,10.000000000398426
train_hau,HAU/user8/6-2-1,user8,6-2-1,,"/home/fluxx/Workspace/cuchx-large/hf_data_manual/LMT_(IMU,Radar,Skeleton)/Training/HAU/user8/6-2-1",28.0,463.0,436.0,16062738.716,16062782.216,10.0
train_hau,HAU/user8/6-2-2,user8,6-2-2,,"/home/fluxx/Workspace/cuchx-large/hf_data_manual/LMT_(IMU,Radar,Skeleton)/Training/HAU/user8/6-2-2",29.0,279.0,251.0,16062876.816,16062901.816,10.0
train_hau,HAU/user8/6-2-3,user8,6-2-3,,"/home/fluxx/Workspace/cuchx-large/hf_data_manual/LMT_(IMU,Radar,Skeleton)/Training/HAU/user8/6-2-3",34.0,391.0,358.0,16062991.316,16063027.016,9.99999999968695
train_hau,HAU/user8/7-1-1,user8,7-1-1,,"/home/fluxx/Workspace/cuchx-large/hf_data_manual/LMT_(IMU,Radar,Skeleton)/Training/HAU/user8/7-1-1",29.0,410.0,382.0,16136335.816,16136373.916,10.000000000097776
train_hau,HAU/user8/7-1-2,user8,7-1-2,,"/home/fluxx/Workspace/cuchx-large/hf_data_manual/LMT_(IMU,Radar,Skeleton)/Training/HAU/user8/7-1-2",10.0,386.0,377.0,16136213.916,16136251.516,9.999999999603693
train_hau,HAU/user8/7-1-3,user8,7-1-3,,"/home/fluxx/Workspace/cuchx-large/hf_data_manual/LMT_(IMU,Radar,Skeleton)/Training/HAU/user8/7-1-3",11.0,230.0,220.0,16136448.016,16136469.916,10.000000000680418
train_hau,HAU/user8/7-2-1,user8,7-2-1,,"/home/fluxx/Workspace/cuchx-large/hf_data_manual/LMT_(IMU,Radar,Skeleton)/Training/HAU/user8/7-2-1",20.0,257.0,238.0,16209100.916,16209124.616,9.999999999528445
train_hau,HAU/user8/7-2-2,user8,7-2-2,,"/home/fluxx/Workspace/cuchx-large/hf_data_manual/LMT_(IMU,Radar,Skeleton)/Training/HAU/user8/7-2-2",29.0,192.0,164.0,16209173.816,16209190.116,9.99999999954291
train_hau,HAU/user8/7-2-3,user8,7-2-3,,"/home/fluxx/Workspace/cuchx-large/hf_data_manual/LMT_(IMU,Radar,Skeleton)/Training/HAU/user8/7-2-3",15.0,133.0,119.0,16209234.416,16209246.216,9.999999999368596
train_hau,HAU/user9/1-1-1,user9,1-1-1,,"/home/fluxx/Workspace/cuchx-large/hf_data_manual/LMT_(IMU,Radar,Skeleton)/Training/HAU/user9/1-1-1",19.0,275.0,257.0,16136787.816,16136813.416,10.00000000014552
train_hau,HAU/user9/1-1-2,user9,1-1-2,,"/home/fluxx/Workspace/cuchx-large/hf_data_manual/LMT_(IMU,Radar,Skeleton)/Training/HAU/user9/1-1-2",17.0,166.0,150.0,16136876.616,16136891.516,9.999999999749981
train_hau,HAU/user9/1-1-3,user9,1-1-3,,"/home/fluxx/Workspace/cuchx-large/hf_data_manual/LMT_(IMU,Radar,Skeleton)/Training/HAU/user9/1-1-3",9.0,231.0,223.0,16136972.816,16136995.016,9.999999999496582
train_hau,HAU/user9/1-2-1,user9,1-2-1,,"/home/fluxx/Workspace/cuchx-large/hf_data_manual/LMT_(IMU,Radar,Skeleton)/Training/HAU/user9/1-2-1",28.0,147.0,120.0,16129522.716,16129534.616,9.99999999968695
train_hau,HAU/user9/1-2-2,user9,1-2-2,,"/home/fluxx/Workspace/cuchx-large/hf_data_manual/LMT_(IMU,Radar,Skeleton)/Training/HAU/user9/1-2-2",16.0,91.0,76.0,16129677.516,16129685.016,10.0
train_hau,HAU/user9/1-2-3,user9,1-2-3,,"/home/fluxx/Workspace/cuchx-large/hf_data_manual/LMT_(IMU,Radar,Skeleton)/Training/HAU/user9/1-2-3",24.0,120.0,97.0,16129775.316,16129784.916,10.00000000038805
train_hau,HAU/user9/2-1-1,user9,2-1-1,,"/home/fluxx/Workspace/cuchx-large/hf_data_manual/LMT_(IMU,Radar,Skeleton)/Training/HAU/user9/2-1-1",21.0,175.0,155.0,16209623.016,16209638.416,10.000000000967608
train_hau,HAU/user9/2-1-2,user9,2-1-2,,"/home/fluxx/Workspace/cuchx-large/hf_data_manual/LMT_(IMU,Radar,Skeleton)/Training/HAU/user9/2-1-2",12.0,155.0,144.0,16209692.116,16209706.416,10.00000000078153
train_hau,HAU/user9/2-1-3,user9,2-1-3,,"/home/fluxx/Workspace/cuchx-large/hf_data_manual/LMT_(IMU,Radar,Skeleton)/Training/HAU/user9/2-1-3",23.0,110.0,88.0,16209759.216,16209767.916,10.000000000856389
train_hau,HAU/user9/2-2-1,user9,2-2-1,,"/home/fluxx/Workspace/cuchx-large/hf_data_manual/LMT_(IMU,Radar,Skeleton)/Training/HAU/user9/2-2-1",28.0,103.0,76.0,16130039.716,16130047.216,10.0
train_hau,HAU/user9/2-2-2,user9,2-2-2,,"/home/fluxx/Workspace/cuchx-large/hf_data_manual/LMT_(IMU,Radar,Skeleton)/Training/HAU/user9/2-2-2",17.0,90.0,74.0,16130143.616,16130150.916,10.00000000153094
train_hau,HAU/user9/2-2-3,user9,2-2-3,,"/home/fluxx/Workspace/cuchx-large/hf_data_manual/LMT_(IMU,Radar,Skeleton)/Training/HAU/user9/2-2-3",9.0,64.0,56.0,16130255.816,16130261.316,10.0
train_hau,HAU/user9/2-3-1,user9,2-3-1,,"/home/fluxx/Workspace/cuchx-large/hf_data_manual/LMT_(IMU,Radar,Skeleton)/Training/HAU/user9/2-3-1",25.0,122.0,98.0,16209835.416,16209845.116,9.999999998847848
train_hau,HAU/user9/2-3-2,user9,2-3-2,,"/home/fluxx/Workspace/cuchx-large/hf_data_manual/LMT_(IMU,Radar,Skeleton)/Training/HAU/user9/2-3-2",21.0,100.0,80.0,16209910.016,16209917.916,10.000000001886223
train_hau,HAU/user9/2-3-3,user9,2-3-3,,"/home/fluxx/Workspace/cuchx-large/hf_data_manual/LMT_(IMU,Radar,Skeleton)/Training/HAU/user9/2-3-3",17.0,88.0,72.0,16209965.616,16209972.716,10.00000000052469
train_hau,HAU/user9/3-1-1,user9,3-1-1,,"/home/fluxx/Workspace/cuchx-large/hf_data_manual/LMT_(IMU,Radar,Skeleton)/Training/HAU/user9/3-1-1",11.0,163.0,153.0,16104971.016,16104986.216,10.00000000049017
train_hau,HAU/user9/3-1-2,user9,3-1-2,,"/home/fluxx/Workspace/cuchx-large/hf_data_manual/LMT_(IMU,Radar,Skeleton)/Training/HAU/user9/3-1-2",15.0,122.0,108.0,16105288.416,16105299.116,9.999999998955525
train_hau,HAU/user9/3-1-3,user9,3-1-3,,"/home/fluxx/Workspace/cuchx-large/hf_data_manual/LMT_(IMU,Radar,Skeleton)/Training/HAU/user9/3-1-3",12.0,93.0,82.0,16105466.116,16105474.216,10.000000000459913
train_hau,HAU/user9/3-2-1,user9,3-2-1,,"/home/fluxx/Workspace/cuchx-large/hf_data_manual/LMT_(IMU,Radar,Skeleton)/Training/HAU/user9/3-2-1",24.0,199.0,176.0,16210051.316,16210068.816,10.0
train_hau,HAU/user9/3-2-2,user9,3-2-2,,"/home/fluxx/Workspace/cuchx-large/hf_data_manual/LMT_(IMU,Radar,Skeleton)/Training/HAU/user9/3-2-2",18.0,148.0,131.0,16210124.716,16210137.716,10.0
train_hau,HAU/user9/3-2-3,user9,3-2-3,,"/home/fluxx/Workspace/cuchx-large/hf_data_manual/LMT_(IMU,Radar,Skeleton)/Training/HAU/user9/3-2-3",22.0,111.0,90.0,16210180.116,16210189.016,9.999999999581428
train_hau,HAU/user9/3-3-1,user9,3-3-1,,"/home/fluxx/Workspace/cuchx-large/hf_data_manual/LMT_(IMU,Radar,Skeleton)/Training/HAU/user9/3-3-1",12.0,365.0,354.0,16105700.116,16105735.416,10.000000000316597
train_hau,HAU/user9/3-3-2,user9,3-3-2,,"/home/fluxx/Workspace/cuchx-large/hf_data_manual/LMT_(IMU,Radar,Skeleton)/Training/HAU/user9/3-3-2",9.0,328.0,320.0,16106034.816,16106066.716,9.99999999988322
train_hau,HAU/user9/3-3-3,user9,3-3-3,,"/home/fluxx/Workspace/cuchx-large/hf_data_manual/LMT_(IMU,Radar,Skeleton)/Training/HAU/user9/3-3-3",11.0,272.0,262.0,16106159.016,16106185.116,10.000000000142732
train_hau,HAU/user9/4-1-1,user9,4-1-1,,"/home/fluxx/Workspace/cuchx-large/hf_data_manual/LMT_(IMU,Radar,Skeleton)/Training/HAU/user9/4-1-1",14.0,149.0,136.0,16130864.316,16130877.816,10.0
train_hau,HAU/user9/4-1-2,user9,4-1-2,,"/home/fluxx/Workspace/cuchx-large/hf_data_manual/LMT_(IMU,Radar,Skeleton)/Training/HAU/user9/4-1-2",21.0,145.0,125.0,16130968.016,16130980.416,10.000000001201707
train_hau,HAU/user9/4-1-3,user9,4-1-3,,"/home/fluxx/Workspace/cuchx-large/hf_data_manual/LMT_(IMU,Radar,Skeleton)/Training/HAU/user9/4-1-3",22.0,142.0,121.0,16131085.116,16131097.116,10.0
train_hau,HAU/user9/4-2-1,user9,4-2-1,,"/home/fluxx/Workspace/cuchx-large/hf_data_manual/LMT_(IMU,Radar,Skeleton)/Training/HAU/user9/4-2-1",10.0,90.0,81.0,16106381.916,16106389.916,10.0
train_hau,HAU/user9/4-2-2,user9,4-2-2,,"/home/fluxx/Workspace/cuchx-large/hf_data_manual/LMT_(IMU,Radar,Skeleton)/Training/HAU/user9/4-2-2",4.0,116.0,113.0,16106460.316,16106471.516,9.999999999002155
train_hau,HAU/user9/4-2-3,user9,4-2-3,,"/home/fluxx/Workspace/cuchx-large/hf_data_manual/LMT_(IMU,Radar,Skeleton)/Training/HAU/user9/4-2-3",9.0,67.0,59.0,16106548.816,16106554.616,9.999999998715417
train_hau,HAU/user9/4-3-1,user9,4-3-1,,"/home/fluxx/Workspace/cuchx-large/hf_data_manual/LMT_(IMU,Radar,Skeleton)/Training/HAU/user9/4-3-1",25.0,115.0,91.0,16131208.416,16131217.416,10.0
train_hau,HAU/user9/4-3-2,user9,4-3-2,,"/home/fluxx/Workspace/cuchx-large/hf_data_manual/LMT_(IMU,Radar,Skeleton)/Training/HAU/user9/4-3-2",24.0,99.0,76.0,16131295.316,16131302.816,10.0
train_hau,HAU/user9/4-3-3,user9,4-3-3,,"/home/fluxx/Workspace/cuchx-large/hf_data_manual/LMT_(IMU,Radar,Skeleton)/Training/HAU/user9/4-3-3",24.0,76.0,53.0,16131398.316,16131403.516,9.999999997850795
train_hau,HAU/user9/5-1-1,user9,5-1-1,,"/home/fluxx/Workspace/cuchx-large/hf_data_manual/LMT_(IMU,Radar,Skeleton)/Training/HAU/user9/5-1-1",19.0,110.0,92.0,16131565.816,16131574.916,10.000000000409372
train_hau,HAU/user9/5-1-2,user9,5-1-2,,"/home/fluxx/Workspace/cuchx-large/hf_data_manual/LMT_(IMU,Radar,Skeleton)/Training/HAU/user9/5-1-2",19.0,107.0,89.0,16131651.816,16131660.616,9.999999999153344
train_hau,HAU/user9/5-1-3,user9,5-1-3,,"/home/fluxx/Workspace/cuchx-large/hf_data_manual/LMT_(IMU,Radar,Skeleton)/Training/HAU/user9/5-1-3",14.0,70.0,57.0,16131744.316,16131749.916,10.00000000066523
train_hau,HAU/user9/5-2-1,user9,5-2-1,,"/home/fluxx/Workspace/cuchx-large/hf_data_manual/LMT_(IMU,Radar,Skeleton)/Training/HAU/user9/5-2-1",19.0,140.0,122.0,16210288.816,16210300.916,10.000000000307875
train_hau,HAU/user9/5-2-2,user9,5-2-2,,"/home/fluxx/Workspace/cuchx-large/hf_data_manual/LMT_(IMU,Radar,Skeleton)/Training/HAU/user9/5-2-2",21.0,118.0,98.0,16210355.016,16210364.716,10.0000000007681
train_hau,HAU/user9/5-2-3,user9,5-2-3,,"/home/fluxx/Workspace/cuchx-large/hf_data_manual/LMT_(IMU,Radar,Skeleton)/Training/HAU/user9/5-2-3",18.0,78.0,61.0,16210424.716,16210430.716,10.0
train_hau,HAU/user9/5-3-1,user9,5-3-1,,"/home/fluxx/Workspace/cuchx-large/hf_data_manual/LMT_(IMU,Radar,Skeleton)/Training/HAU/user9/5-3-1",20.0,162.0,143.0,16131876.916,16131891.116,9.999999999212967
train_hau,HAU/user9/5-3-2,user9,5-3-2,,"/home/fluxx/Workspace/cuchx-large/hf_data_manual/LMT_(IMU,Radar,Skeleton)/Training/HAU/user9/5-3-2",13.0,169.0,157.0,16131978.216,16131993.816,10.000000000238801
train_hau,HAU/user9/5-3-3,user9,5-3-3,,"/home/fluxx/Workspace/cuchx-large/hf_data_manual/LMT_(IMU,Radar,Skeleton)/Training/HAU/user9/5-3-3",13.0,150.0,138.0,16132085.216,16132098.916,10.000000000543839
train_hau,HAU/user9/6-1-1,user9,6-1-1,,"/home/fluxx/Workspace/cuchx-large/hf_data_manual/LMT_(IMU,Radar,Skeleton)/Training/HAU/user9/6-1-1",22.0,177.0,156.0,16314832.116,16314847.616,10.0
train_hau,HAU/user9/6-1-2,user9,6-1-2,,"/home/fluxx/Workspace/cuchx-large/hf_data_manual/LMT_(IMU,Radar,Skeleton)/Training/HAU/user9/6-1-2",26.0,119.0,94.0,16314907.516,16314916.816,10.000000001201707
train_hau,HAU/user9/6-1-3,user9,6-1-3,,"/home/fluxx/Workspace/cuchx-large/hf_data_manual/LMT_(IMU,Radar,Skeleton)/Training/HAU/user9/6-1-3",12.0,113.0,102.0,16132727.116,16132737.216,10.000000000368841
train_hau,HAU/user9/6-2-1,user9,6-2-1,,"/home/fluxx/Workspace/cuchx-large/hf_data_manual/LMT_(IMU,Radar,Skeleton)/Training/HAU/user9/6-2-1",10.0,211.0,202.0,16106727.916,16106748.016,9.999999999258648
train_hau,HAU/user9/6-2-2,user9,6-2-2,,"/home/fluxx/Workspace/cuchx-large/hf_data_manual/LMT_(IMU,Radar,Skeleton)/Training/HAU/user9/6-2-2",6.0,116.0,111.0,16106852.516,16106863.516,10.0
train_hau,HAU/user9/6-2-3,user9,6-2-3,,"/home/fluxx/Workspace/cuchx-large/hf_data_manual/LMT_(IMU,Radar,Skeleton)/Training/HAU/user9/6-2-3",8.0,172.0,165.0,16106936.716,16106953.116,9.999999999772848
train_hau,HAU/user9/7-1-1,user9,7-1-1,,"/home/fluxx/Workspace/cuchx-large/hf_data_manual/LMT_(IMU,Radar,Skeleton)/Training/HAU/user9/7-1-1",8.0,193.0,186.0,16137213.716,16137232.216,10.0
train_hau,HAU/user9/7-1-2,user9,7-1-2,,"/home/fluxx/Workspace/cuchx-large/hf_data_manual/LMT_(IMU,Radar,Skeleton)/Training/HAU/user9/7-1-2",18.0,124.0,107.0,16137305.716,16137316.316,10.000000000351443
train_hau,HAU/user9/7-1-3,user9,7-1-3,,"/home/fluxx/Workspace/cuchx-large/hf_data_manual/LMT_(IMU,Radar,Skeleton)/Training/HAU/user9/7-1-3",8.0,134.0,127.0,16137394.716,16137407.316,10.000000000295659
train_hau,HAU/user9/7-2-1,user9,7-2-1,,"/home/fluxx/Workspace/cuchx-large/hf_data_manual/LMT_(IMU,Radar,Skeleton)/Training/HAU/user9/7-2-1",19.0,369.0,351.0,16210503.816,16210538.816,10.0
train_hau,HAU/user9/7-2-2,user9,7-2-2,,"/home/fluxx/Workspace/cuchx-large/hf_data_manual/LMT_(IMU,Radar,Skeleton)/Training/HAU/user9/7-2-2",18.0,216.0,199.0,16210606.716,16210626.516,9.999999999623707
train_hau,HAU/user9/7-2-3,user9,7-2-3,,"/home/fluxx/Workspace/cuchx-large/hf_data_manual/LMT_(IMU,Radar,Skeleton)/Training/HAU/user9/7-2-3",16.0,298.0,283.0,16210671.516,16210699.716,10.000000000264205
train_harn,HARn/0_Wash_face/user16/1-1-1,user16,1-1-1,0_Wash_face,"/home/fluxx/Workspace/cuchx-large/hf_data_manual/LMT_(IMU,Radar,Skeleton)/Training/HARn/0_Wash_face/user16/1-1-1",151.0,197.0,47.0,16973029.016,16973033.616,9.999999996760618
train_harn,HARn/0_Wash_face/user16/1-1-2,user16,1-1-2,0_Wash_face,"/home/fluxx/Workspace/cuchx-large/hf_data_manual/LMT_(IMU,Radar,Skeleton)/Training/HARn/0_Wash_face/user16/1-1-2",143.0,197.0,55.0,16973125.216,16973130.616,9.999999995860788
train_harn,HARn/0_Wash_face/user16/1-1-3,user16,1-1-3,0_Wash_face,"/home/fluxx/Workspace/cuchx-large/hf_data_manual/LMT_(IMU,Radar,Skeleton)/Training/HARn/0_Wash_face/user16/1-1-3",77.0,98.0,22.0,16973197.616,16973199.716,10.000000010643687
train_harn,HARn/0_Wash_face/user18/7-1-1,user18,7-1-1,0_Wash_face,"/home/fluxx/Workspace/cuchx-large/hf_data_manual/LMT_(IMU,Radar,Skeleton)/Training/HARn/0_Wash_face/user18/7-1-1",62.0,81.0,20.0,16975749.116,16975751.016,10.000000007842717
train_harn,HARn/0_Wash_face/user18/7-1-2,user18,7-1-2,0_Wash_face,"/home/fluxx/Workspace/cuchx-large/hf_data_manual/LMT_(IMU,Radar,Skeleton)/Training/HARn/0_Wash_face/user18/7-1-2",50.0,62.0,13.0,16975871.916,16975873.116,10.000000006208817
train_harn,HARn/0_Wash_face/user18/7-1-3,user18,7-1-3,0_Wash_face,"/home/fluxx/Workspace/cuchx-large/hf_data_manual/LMT_(IMU,Radar,Skeleton)/Training/HARn/0_Wash_face/user18/7-1-3",33.0,35.0,3.0,16975991.216,16975991.416,9.99999985098839
train_harn,HARn/0_Wash_face/user20/4-2-1,user20,4-2-1,0_Wash_face,"/home/fluxx/Workspace/cuchx-large/hf_data_manual/LMT_(IMU,Radar,Skeleton)/Training/HARn/0_Wash_face/user20/4-2-1",57.0,98.0,42.0,17057245.616,17057249.716,10.000000005451644
train_harn,HARn/0_Wash_face/user20/4-2-2,user20,4-2-2,0_Wash_face,"/home/fluxx/Workspace/cuchx-large/hf_data_manual/LMT_(IMU,Radar,Skeleton)/Training/HARn/0_Wash_face/user20/4-2-2",43.0,65.0,23.0,17057405.216,17057407.416,9.99999998645349
train_harn,HARn/0_Wash_face/user20/4-2-3,user20,4-2-3,0_Wash_face,"/home/fluxx/Workspace/cuchx-large/hf_data_manual/LMT_(IMU,Radar,Skeleton)/Training/HARn/0_Wash_face/user20/4-2-3",71.0,104.0,34.0,17057511.016,17057514.316,9.999999997742249
train_harn,HARn/0_Wash_face/user21/1-1-1,user21,1-1-1,0_Wash_face,"/home/fluxx/Workspace/cuchx-large/hf_data_manual/LMT_(IMU,Radar,Skeleton)/Training/HARn/0_Wash_face/user21/1-1-1",75.0,88.0,14.0,17253779.416,17253780.716,10.000000022924864
train_harn,HARn/0_Wash_face/user21/1-1-2,user21,1-1-2,0_Wash_face,"/home/fluxx/Workspace/cuchx-large/hf_data_manual/LMT_(IMU,Radar,Skeleton)/Training/HARn/0_Wash_face/user21/1-1-2",70.0,79.0,10.0,17253855.916,17253856.816,10.000000016556847
train_harn,HARn/0_Wash_face/user21/1-1-3,user21,1-1-3,0_Wash_face,"/home/fluxx/Workspace/cuchx-large/hf_data_manual/LMT_(IMU,Radar,Skeleton)/Training/HARn/0_Wash_face/user21/1-1-3",44.0,48.0,5.0,17253937.316,17253937.716,10.000000037252903
train_harn,HARn/0_Wash_face/user21/4-2-1,user21,4-2-1,0_Wash_face,"/home/fluxx/Workspace/cuchx-large/hf_data_manual/LMT_(IMU,Radar,Skeleton)/Training/HARn/0_Wash_face/user21/4-2-1",51.0,57.0,7.0,17254005.016,17254005.616,9.999999975164732
train_harn,HARn/0_Wash_face/user21/4-2-2,user21,4-2-2,0_Wash_face,"/home/fluxx/Workspace/cuchx-large/hf_data_manual/LMT_(IMU,Radar,Skeleton)/Training/HARn/0_Wash_face/user21/4-2-2",31.0,36.0,6.0,17254070.016,17254070.516,10.0
train_harn,HARn/0_Wash_face/user21/4-2-3,user21,4-2-3,0_Wash_face,"/home/fluxx/Workspace/cuchx-large/hf_data_manual/LMT_(IMU,Radar,Skeleton)/Training/HARn/0_Wash_face/user21/4-2-3",24.0,32.0,9.0,17254124.316,17254125.116,9.999999990686774
train_harn,HARn/0_Wash_face/user22/1-1-2,user22,1-1-2,0_Wash_face,"/home/fluxx/Workspace/cuchx-large/hf_data_manual/LMT_(IMU,Radar,Skeleton)/Training/HARn/0_Wash_face/user22/1-1-2",74.0,98.0,25.0,17249773.316,17249775.716,10.000000006208817
train_harn,HARn/0_Wash_face/user22/1-1-3,user22,1-1-3,0_Wash_face,"/home/fluxx/Workspace/cuchx-large/hf_data_manual/LMT_(IMU,Radar,Skeleton)/Training/HARn/0_Wash_face/user22/1-1-3",55.0,62.0,8.0,17249846.416,17249847.116,10.000000010643687
train_harn,HARn/0_Wash_face/user22/2-2-1,user22,2-2-1,0_Wash_face,"/home/fluxx/Workspace/cuchx-large/hf_data_manual/LMT_(IMU,Radar,Skeleton)/Training/HARn/0_Wash_face/user22/2-2-1",67.0,83.0,17.0,17250238.616,17250240.216,10.000000013969839
train_harn,HARn/0_Wash_face/user22/2-2-2,user22,2-2-2,0_Wash_face,"/home/fluxx/Workspace/cuchx-large/hf_data_manual/LMT_(IMU,Radar,Skeleton)/Training/HARn/0_Wash_face/user22/2-2-2",55.0,67.0,13.0,17250348.416,17250349.616,10.000000006208817
train_harn,HARn/0_Wash_face/user22/2-2-3,user22,2-2-3,0_Wash_face,"/home/fluxx/Workspace/cuchx-large/hf_data_manual/LMT_(IMU,Radar,Skeleton)/Training/HARn/0_Wash_face/user22/2-2-3",35.0,38.0,4.0,17250437.416,17250437.716,10.000000099341076
train_harn,HARn/0_Wash_face/user23/1-1-1,user23,1-1-1,0_Wash_face,"/home/fluxx/Workspace/cuchx-large/hf_data_manual/LMT_(IMU,Radar,Skeleton)/Training/HARn/0_Wash_face/user23/1-1-1",82.0,124.0,43.0,17242653.116,17242657.316,10.000000001773948
train_harn,HARn/0_Wash_face/user23/1-1-2,user23,1-1-2,0_Wash_face,"/home/fluxx/Workspace/cuchx-large/hf_data_manual/LMT_(IMU,Radar,Skeleton)/Training/HARn/0_Wash_face/user23/1-1-2",54.0,72.0,19.0,17242748.316,17242750.116,9.999999995860788
train_harn,HARn/0_Wash_face/user23/1-1-3,user23,1-1-3,0_Wash_face,"/home/fluxx/Workspace/cuchx-large/hf_data_manual/LMT_(IMU,Radar,Skeleton)/Training/HARn/0_Wash_face/user23/1-1-3",59.0,76.0,18.0,17242828.816,17242830.516,10.000000004382695
train_harn,HARn/0_Wash_face/user24/6-2-1,user24,6-2-1,0_Wash_face,"/home/fluxx/Workspace/cuchx-large/hf_data_manual/LMT_(IMU,Radar,Skeleton)/Training/HARn/0_Wash_face/user24/6-2-1",48.0,82.0,35.0,17252018.716,17252022.116,9.99999999342596
train_harn,HARn/0_Wash_face/user24/6-2-2,user24,6-2-2,0_Wash_face,"/home/fluxx/Workspace/cuchx-large/hf_data_manual/LMT_(IMU,Radar,Skeleton)/Training/HARn/0_Wash_face/user24/6-2-2",33.0,58.0,26.0,17252079.216,17252081.716,10.0
train_harn,HARn/0_Wash_face/user24/6-2-3,user24,6-2-3,0_Wash_face,"/home/fluxx/Workspace/cuchx-large/hf_data_manual/LMT_(IMU,Radar,Skeleton)/Training/HARn/0_Wash_face/user24/6-2-3",28.0,44.0,17.0,17252148.716,17252150.316,9.999999990686774
train_harn,HARn/0_Wash_face/user24/7-1-1,user24,7-1-1,0_Wash_face,"/home/fluxx/Workspace/cuchx-large/hf_data_manual/LMT_(IMU,Radar,Skeleton)/Training/HARn/0_Wash_face/user24/7-1-1",21.0,51.0,31.0,17252252.016,17252255.016,10.0
train_harn,HARn/0_Wash_face/user24/7-1-2,user24,7-1-2,0_Wash_face,"/home/fluxx/Workspace/cuchx-large/hf_data_manual/LMT_(IMU,Radar,Skeleton)/Training/HARn/0_Wash_face/user24/7-1-2",18.0,32.0,15.0,17252332.716,17252334.116,9.99999998403447
train_harn,HARn/0_Wash_face/user24/7-1-3,user24,7-1-3,0_Wash_face,"/home/fluxx/Workspace/cuchx-large/hf_data_manual/LMT_(IMU,Radar,Skeleton)/Training/HARn/0_Wash_face/user24/7-1-3",24.0,44.0,21.0,17252393.316,17252395.316,10.0
train_harn,HARn/0_Wash_face/user4/1-1-1,user4,1-1-1,0_Wash_face,"/home/fluxx/Workspace/cuchx-large/hf_data_manual/LMT_(IMU,Radar,Skeleton)/Training/HARn/0_Wash_face/user4/1-1-1",92.0,133.0,42.0,14125403.116,14125407.216,10.000000000908607
train_harn,HARn/0_Wash_face/user4/1-1-2,user4,1-1-2,0_Wash_face,"/home/fluxx/Workspace/cuchx-large/hf_data_manual/LMT_(IMU,Radar,Skeleton)/Training/HARn/0_Wash_face/user4/1-1-2",92.0,154.0,63.0,14125525.116,14125531.316,10.000000001201707
train_harn,HARn/0_Wash_face/user4/1-1-3,user4,1-1-3,0_Wash_face,"/home/fluxx/Workspace/cuchx-large/hf_data_manual/LMT_(IMU,Radar,Skeleton)/Training/HARn/0_Wash_face/user4/1-1-3",54.0,84.0,31.0,14125661.316,14125664.316,10.0
train_harn,HARn/0_Wash_face/user5/1-1-1,user5,1-1-1,0_Wash_face,"/home/fluxx/Workspace/cuchx-large/hf_data_manual/LMT_(IMU,Radar,Skeleton)/Training/HARn/0_Wash_face/user5/1-1-1",87.0,126.0,40.0,14123199.616,14123203.516,9.999999999044798
train_harn,HARn/0_Wash_face/user5/1-1-2,user5,1-1-2,0_Wash_face,"/home/fluxx/Workspace/cuchx-large/hf_data_manual/LMT_(IMU,Radar,Skeleton)/Training/HARn/0_Wash_face/user5/1-1-2",48.0,85.0,38.0,14124514.716,14124518.416,10.000000002013671
train_harn,HARn/0_Wash_face/user5/1-1-3,user5,1-1-3,0_Wash_face,"/home/fluxx/Workspace/cuchx-large/hf_data_manual/LMT_(IMU,Radar,Skeleton)/Training/HARn/0_Wash_face/user5/1-1-3",34.0,63.0,30.0,14124684.316,14124687.216,9.999999998715417
train_harn,HARn/0_Wash_face/user6/1-1-1,user6,1-1-1,0_Wash_face,"/home/fluxx/Workspace/cuchx-large/hf_data_manual/LMT_(IMU,Radar,Skeleton)/Training/HARn/0_Wash_face/user6/1-1-1",136.0,182.0,47.0,16134164.516,16134169.116,10.000000000809846
train_harn,HARn/0_Wash_face/user6/1-1-2,user6,1-1-2,0_Wash_face,"/home/fluxx/Workspace/cuchx-large/hf_data_manual/LMT_(IMU,Radar,Skeleton)/Training/HARn/0_Wash_face/user6/1-1-2",127.0,171.0,45.0,16134349.616,16134354.016,9.999999999153344
train_harn,HARn/0_Wash_face/user6/1-1-3,user6,1-1-3,0_Wash_face,"/home/fluxx/Workspace/cuchx-large/hf_data_manual/LMT_(IMU,Radar,Skeleton)/Training/HARn/0_Wash_face/user6/1-1-3",69.0,102.0,34.0,16134456.816,16134460.116,9.999999997742249
train_harn,HARn/0_Wash_face/user8/1-1-1,user8,1-1-1,0_Wash_face,"/home/fluxx/Workspace/cuchx-large/hf_data_manual/LMT_(IMU,Radar,Skeleton)/Training/HARn/0_Wash_face/user8/1-1-1",82.0,107.0,26.0,16135588.116,16135590.616,10.0
train_harn,HARn/0_Wash_face/user8/1-1-2,user8,1-1-2,0_Wash_face,"/home/fluxx/Workspace/cuchx-large/hf_data_manual/LMT_(IMU,Radar,Skeleton)/Training/HARn/0_Wash_face/user8/1-1-2",72.0,95.0,24.0,16135657.116,16135659.416,10.000000004859075
train_harn,HARn/0_Wash_face/user8/1-1-3,user8,1-1-3,0_Wash_face,"/home/fluxx/Workspace/cuchx-large/hf_data_manual/LMT_(IMU,Radar,Skeleton)/Training/HARn/0_Wash_face/user8/1-1-3",67.0,84.0,18.0,16135752.616,16135754.316,10.000000004382695
train_harn,HARn/0_Wash_face/user8/7-1-1,user8,7-1-1,0_Wash_face,"/home/fluxx/Workspace/cuchx-large/hf_data_manual/LMT_(IMU,Radar,Skeleton)/Training/HARn/0_Wash_face/user8/7-1-1",135.0,159.0,25.0,16136346.416,16136348.816,9.999999998447796
train_harn,HARn/0_Wash_face/user8/7-1-2,user8,7-1-2,0_Wash_face,"/home/fluxx/Workspace/cuchx-large/hf_data_manual/LMT_(IMU,Radar,Skeleton)/Training/HARn/0_Wash_face/user8/7-1-2",170.0,197.0,28.0,16136229.916,16136232.616,9.999999995860788
train_harn,HARn/0_Wash_face/user8/7-1-3,user8,7-1-3,0_Wash_face,"/home/fluxx/Workspace/cuchx-large/hf_data_manual/LMT_(IMU,Radar,Skeleton)/Training/HARn/0_Wash_face/user8/7-1-3",94.0,111.0,18.0,16136456.316,16136458.016,9.99999999342596
train_harn,HARn/10_Stir_drinks/user1/2-1-2,user1,2-1-2,10_Stir_drinks,"/home/fluxx/Workspace/cuchx-large/hf_data_manual/LMT_(IMU,Radar,Skeleton)/Training/HARn/10_Stir_drinks/user1/2-1-2",148.0,171.0,24.0,14150451.716,14150454.016,9.999999996760618
train_harn,HARn/10_Stir_drinks/user1/2-1-3,user1,2-1-3,10_Stir_drinks,"/home/fluxx/Workspace/cuchx-large/hf_data_manual/LMT_(IMU,Radar,Skeleton)/Training/HARn/10_Stir_drinks/user1/2-1-3",114.0,138.0,25.0,14150615.316,14150617.716,9.999999998447796
train_harn,HARn/10_Stir_drinks/user1/3-1-1,user1,3-1-1,10_Stir_drinks,"/home/fluxx/Workspace/cuchx-large/hf_data_manual/LMT_(IMU,Radar,Skeleton)/Training/HARn/10_Stir_drinks/user1/3-1-1",47.0,82.0,36.0,14150832.616,14150836.116,10.0
train_harn,HARn/10_Stir_drinks/user1/3-1-2,user1,3-1-2,10_Stir_drinks,"/home/fluxx/Workspace/cuchx-large/hf_data_manual/LMT_(IMU,Radar,Skeleton)/Training/HARn/10_Stir_drinks/user1/3-1-2",68.0,104.0,37.0,14150909.716,14150913.316,10.000000001034802
train_harn,HARn/10_Stir_drinks/user1/3-1-3,user1,3-1-3,10_Stir_drinks,"/home/fluxx/Workspace/cuchx-large/hf_data_manual/LMT_(IMU,Radar,Skeleton)/Training/HARn/10_Stir_drinks/user1/3-1-3",33.0,49.0,17.0,14150985.216,14150986.816,10.000000002328306
train_harn,HARn/10_Stir_drinks/user1/4-1-1,user1,4-1-1,10_Stir_drinks,"/home/fluxx/Workspace/cuchx-large/hf_data_manual/LMT_(IMU,Radar,Skeleton)/Training/HARn/10_Stir_drinks/user1/4-1-1",476.0,501.0,26.0,14048301.516,14048304.016,10.0
train_harn,HARn/10_Stir_drinks/user16/1-2-1,user16,1-2-1,10_Stir_drinks,"/home/fluxx/Workspace/cuchx-large/hf_data_manual/LMT_(IMU,Radar,Skeleton)/Training/HARn/10_Stir_drinks/user16/1-2-1",154.0,174.0,21.0,17072311.316,17072313.316,10.0
train_harn,HARn/10_Stir_drinks/user16/1-2-2,user16,1-2-2,10_Stir_drinks,"/home/fluxx/Workspace/cuchx-large/hf_data_manual/LMT_(IMU,Radar,Skeleton)/Training/HARn/10_Stir_drinks/user16/1-2-2",196.0,221.0,26.0,17072403.516,17072406.016,10.0
train_harn,HARn/10_Stir_drinks/user16/1-2-3,user16,1-2-3,10_Stir_drinks,"/home/fluxx/Workspace/cuchx-large/hf_data_manual/LMT_(IMU,Radar,Skeleton)/Training/HARn/10_Stir_drinks/user16/1-2-3",102.0,116.0,15.0,17072487.116,17072488.516,10.000000010643687
train_harn,HARn/10_Stir_drinks/user16/2-1-1,user16,2-1-1,10_Stir_drinks,"/home/fluxx/Workspace/cuchx-large/hf_data_manual/LMT_(IMU,Radar,Skeleton)/Training/HARn/10_Stir_drinks/user16/2-1-1",162.0,192.0,31.0,17072637.116,17072640.116,10.0
train_harn,HARn/10_Stir_drinks/user16/2-1-2,user16,2-1-2,10_Stir_drinks,"/home/fluxx/Workspace/cuchx-large/hf_data_manual/LMT_(IMU,Radar,Skeleton)/Training/HARn/10_Stir_drinks/user16/2-1-2",124.0,141.0,18.0,17072734.316,17072736.016,10.000000004382695
train_harn,HARn/10_Stir_drinks/user16/2-1-3,user16,2-1-3,10_Stir_drinks,"/home/fluxx/Workspace/cuchx-large/hf_data_manual/LMT_(IMU,Radar,Skeleton)/Training/HARn/10_Stir_drinks/user16/2-1-3",99.0,112.0,14.0,17072814.816,17072816.116,9.999999994268784
train_harn,HARn/10_Stir_drinks/user16/7-2-1,user16,7-2-1,10_Stir_drinks,"/home/fluxx/Workspace/cuchx-large/hf_data_manual/LMT_(IMU,Radar,Skeleton)/Training/HARn/10_Stir_drinks/user16/7-2-1",92.0,130.0,39.0,17074874.116,17074877.916,9.999999998039321
train_harn,HARn/10_Stir_drinks/user16/7-2-2,user16,7-2-2,10_Stir_drinks,"/home/fluxx/Workspace/cuchx-large/hf_data_manual/LMT_(IMU,Radar,Skeleton)/Training/HARn/10_Stir_drinks/user16/7-2-2",81.0,118.0,38.0,17074958.016,17074961.716,10.000000002013671
train_harn,HARn/10_Stir_drinks/user16/7-2-3,user16,7-2-3,10_Stir_drinks,"/home/fluxx/Workspace/cuchx-large/hf_data_manual/LMT_(IMU,Radar,Skeleton)/Training/HARn/10_Stir_drinks/user16/7-2-3",61.0,80.0,20.0,17075103.016,17075104.916,9.999999988235926
train_harn,HARn/10_Stir_drinks/user17/2-1-1,user17,2-1-1,10_Stir_drinks,"/home/fluxx/Workspace/cuchx-large/hf_data_manual/LMT_(IMU,Radar,Skeleton)/Training/HARn/10_Stir_drinks/user17/2-1-1",250.0,282.0,33.0,17068327.916,17068331.116,10.000000002328306
train_harn,HARn/10_Stir_drinks/user17/2-1-2,user17,2-1-2,10_Stir_drinks,"/home/fluxx/Workspace/cuchx-large/hf_data_manual/LMT_(IMU,Radar,Skeleton)/Training/HARn/10_Stir_drinks/user17/2-1-2",185.0,212.0,28.0,17068413.416,17068416.116,10.000000002759474
train_harn,HARn/10_Stir_drinks/user17/2-1-3,user17,2-1-3,10_Stir_drinks,"/home/fluxx/Workspace/cuchx-large/hf_data_manual/LMT_(IMU,Radar,Skeleton)/Training/HARn/10_Stir_drinks/user17/2-1-3",172.0,193.0,22.0,17068487.116,17068489.216,10.000000010643687
train_harn,HARn/10_Stir_drinks/user17/2-2-1,user17,2-2-1,10_Stir_drinks,"/home/fluxx/Workspace/cuchx-large/hf_data_manual/LMT_(IMU,Radar,Skeleton)/Training/HARn/10_Stir_drinks/user17/2-2-1",30.0,56.0,27.0,16890278.916,16890281.516,10.000000008596825
train_harn,HARn/10_Stir_drinks/user17/2-2-2,user17,2-2-2,10_Stir_drinks,"/home/fluxx/Workspace/cuchx-large/hf_data_manual/LMT_(IMU,Radar,Skeleton)/Training/HARn/10_Stir_drinks/user17/2-2-2",22.0,49.0,28.0,16890411.116,16890413.816,10.000000002759474
train_harn,HARn/10_Stir_drinks/user17/2-2-3,user17,2-2-3,10_Stir_drinks,"/home/fluxx/Workspace/cuchx-large/hf_data_manual/LMT_(IMU,Radar,Skeleton)/Training/HARn/10_Stir_drinks/user17/2-2-3",21.0,40.0,20.0,16890511.016,16890512.916,9.999999988235926
train_harn,HARn/10_Stir_drinks/user17/5-2-1,user17,5-2-1,10_Stir_drinks,"/home/fluxx/Workspace/cuchx-large/hf_data_manual/LMT_(IMU,Radar,Skeleton)/Training/HARn/10_Stir_drinks/user17/5-2-1",99.0,120.0,22.0,17068909.816,17068911.916,9.99999999290421
train_harn,HARn/10_Stir_drinks/user17/5-2-2,user17,5-2-2,10_Stir_drinks,"/home/fluxx/Workspace/cuchx-large/hf_data_manual/LMT_(IMU,Radar,Skeleton)/Training/HARn/10_Stir_drinks/user17/5-2-2",96.0,107.0,12.0,17069354.516,17069355.616,9.99999998645349
train_harn,HARn/10_Stir_drinks/user17/5-2-3,user17,5-2-3,10_Stir_drinks,"/home/fluxx/Workspace/cuchx-large/hf_data_manual/LMT_(IMU,Radar,Skeleton)/Training/HARn/10_Stir_drinks/user17/5-2-3",71.0,85.0,15.0,17069440.016,17069441.416,9.99999998403447
train_harn,HARn/10_Stir_drinks/user18/3-2-1,user18,3-2-1,10_Stir_drinks,"/home/fluxx/Workspace/cuchx-large/hf_data_manual/LMT_(IMU,Radar,Skeleton)/Training/HARn/10_Stir_drinks/user18/3-2-1",130.0,167.0,38.0,17065119.916,17065123.616,10.000000002013671
train_harn,HARn/10_Stir_drinks/user18/3-2-2,user18,3-2-2,10_Stir_drinks,"/home/fluxx/Workspace/cuchx-large/hf_data_manual/LMT_(IMU,Radar,Skeleton)/Training/HARn/10_Stir_drinks/user18/3-2-2",95.0,111.0,17.0,17065245.416,17065247.016,10.000000013969839
train_harn,HARn/10_Stir_drinks/user18/3-2-3,user18,3-2-3,10_Stir_drinks,"/home/fluxx/Workspace/cuchx-large/hf_data_manual/LMT_(IMU,Radar,Skeleton)/Training/HARn/10_Stir_drinks/user18/3-2-3",117.0,134.0,18.0,17065321.616,17065323.316,10.000000004382695
train_harn,HARn/10_Stir_drinks/user18/4-2-1,user18,4-2-1,10_Stir_drinks,"/home/fluxx/Workspace/cuchx-large/hf_data_manual/LMT_(IMU,Radar,Skeleton)/Training/HARn/10_Stir_drinks/user18/4-2-1",95.0,127.0,33.0,17070728.416,17070731.616,10.000000002328306
train_harn,HARn/10_Stir_drinks/user18/4-2-2,user18,4-2-2,10_Stir_drinks,"/home/fluxx/Workspace/cuchx-large/hf_data_manual/LMT_(IMU,Radar,Skeleton)/Training/HARn/10_Stir_drinks/user18/4-2-2",88.0,97.0,10.0,17070896.716,17070897.616,9.999999975164732
train_harn,HARn/10_Stir_drinks/user18/4-2-3,user18,4-2-3,10_Stir_drinks,"/home/fluxx/Workspace/cuchx-large/hf_data_manual/LMT_(IMU,Radar,Skeleton)/Training/HARn/10_Stir_drinks/user18/4-2-3",82.0,95.0,14.0,17071055.116,17071056.416,9.999999994268784
train_harn,HARn/10_Stir_drinks/user18/7-2-1,user18,7-2-1,10_Stir_drinks,"/home/fluxx/Workspace/cuchx-large/hf_data_manual/LMT_(IMU,Radar,Skeleton)/Training/HARn/10_Stir_drinks/user18/7-2-1",63.0,75.0,13.0,17071222.216,17071223.416,9.999999975164732
train_harn,HARn/10_Stir_drinks/user18/7-2-2,user18,7-2-2,10_Stir_drinks,"/home/fluxx/Workspace/cuchx-large/hf_data_manual/LMT_(IMU,Radar,Skeleton)/Training/HARn/10_Stir_drinks/user18/7-2-2",55.0,72.0,18.0,17071309.416,17071311.116,10.000000004382695
train_harn,HARn/10_Stir_drinks/user18/7-2-3,user18,7-2-3,10_Stir_drinks,"/home/fluxx/Workspace/cuchx-large/hf_data_manual/LMT_(IMU,Radar,Skeleton)/Training/HARn/10_Stir_drinks/user18/7-2-3",43.0,56.0,14.0,17071403.216,17071404.516,9.999999994268784
train_harn,HARn/10_Stir_drinks/user19/2-1-1,user19,2-1-1,10_Stir_drinks,"/home/fluxx/Workspace/cuchx-large/hf_data_manual/LMT_(IMU,Radar,Skeleton)/Training/HARn/10_Stir_drinks/user19/2-1-1",185.0,225.0,41.0,17061326.416,17061330.416,10.0
train_harn,HARn/10_Stir_drinks/user19/2-1-2,user19,2-1-2,10_Stir_drinks,"/home/fluxx/Workspace/cuchx-large/hf_data_manual/LMT_(IMU,Radar,Skeleton)/Training/HARn/10_Stir_drinks/user19/2-1-2",157.0,186.0,30.0,17061423.616,17061426.516,10.00000000513833
train_harn,HARn/10_Stir_drinks/user19/2-1-3,user19,2-1-3,10_Stir_drinks,"/home/fluxx/Workspace/cuchx-large/hf_data_manual/LMT_(IMU,Radar,Skeleton)/Training/HARn/10_Stir_drinks/user19/2-1-3",93.0,100.0,8.0,17061504.216,17061504.916,9.999999957425254
train_harn,HARn/10_Stir_drinks/user19/3-2-1,user19,3-2-1,10_Stir_drinks,"/home/fluxx/Workspace/cuchx-large/hf_data_manual/LMT_(IMU,Radar,Skeleton)/Training/HARn/10_Stir_drinks/user19/3-2-1",117.0,129.0,13.0,17062151.616,17062152.816,10.000000006208817
train_harn,HARn/10_Stir_drinks/user19/3-2-2,user19,3-2-2,10_Stir_drinks,"/home/fluxx/Workspace/cuchx-large/hf_data_manual/LMT_(IMU,Radar,Skeleton)/Training/HARn/10_Stir_drinks/user19/3-2-2",96.0,102.0,7.0,17062257.516,17062258.116,9.999999975164732
train_harn,HARn/10_Stir_drinks/user19/3-2-3,user19,3-2-3,10_Stir_drinks,"/home/fluxx/Workspace/cuchx-large/hf_data_manual/LMT_(IMU,Radar,Skeleton)/Training/HARn/10_Stir_drinks/user19/3-2-3",97.0,102.0,6.0,17062516.616,17062517.116,10.0
train_harn,HARn/10_Stir_drinks/user19/7-2-1,user19,7-2-1,10_Stir_drinks,"/home/fluxx/Workspace/cuchx-large/hf_data_manual/LMT_(IMU,Radar,Skeleton)/Training/HARn/10_Stir_drinks/user19/7-2-1",428.0,442.0,15.0,17063849.716,17063851.116,9.99999998403447
train_harn,HARn/10_Stir_drinks/user19/7-2-2,user19,7-2-2,10_Stir_drinks,"/home/fluxx/Workspace/cuchx-large/hf_data_manual/LMT_(IMU,Radar,Skeleton)/Training/HARn/10_Stir_drinks/user19/7-2-2",300.0,319.0,20.0,17063959.916,17063961.816,10.000000007842717
train_harn,HARn/10_Stir_drinks/user19/7-2-3,user19,7-2-3,10_Stir_drinks,"/home/fluxx/Workspace/cuchx-large/hf_data_manual/LMT_(IMU,Radar,Skeleton)/Training/HARn/10_Stir_drinks/user19/7-2-3",291.0,306.0,16.0,17064058.016,17064059.516,10.0
train_harn,HARn/10_Stir_drinks/user2/6-1-1,user2,6-1-1,10_Stir_drinks,"/home/fluxx/Workspace/cuchx-large/hf_data_manual/LMT_(IMU,Radar,Skeleton)/Training/HARn/10_Stir_drinks/user2/6-1-1",172.0,216.0,45.0,14057763.116,14057767.516,9.999999999153344
train_harn,HARn/10_Stir_drinks/user2/6-1-2,user2,6-1-2,10_Stir_drinks,"/home/fluxx/Workspace/cuchx-large/hf_data_manual/LMT_(IMU,Radar,Skeleton)/Training/HARn/10_Stir_drinks/user2/6-1-2",118.0,131.0,14.0,14057925.716,14057927.016,9.999999994268784
train_harn,HARn/10_Stir_drinks/user20/3-1-1,user20,3-1-1,10_Stir_drinks,"/home/fluxx/Workspace/cuchx-large/hf_data_manual/LMT_(IMU,Radar,Skeleton)/Training/HARn/10_Stir_drinks/user20/3-1-1",125.0,153.0,29.0,17060248.416,17060251.216,10.000000010643687
train_harn,HARn/10_Stir_drinks/user20/3-1-2,user20,3-1-2,10_Stir_drinks,"/home/fluxx/Workspace/cuchx-large/hf_data_manual/LMT_(IMU,Radar,Skeleton)/Training/HARn/10_Stir_drinks/user20/3-1-2",108.0,149.0,42.0,17060450.716,17060454.816,9.99999999636557
train_harn,HARn/10_Stir_drinks/user20/3-1-3,user20,3-1-3,10_Stir_drinks,"/home/fluxx/Workspace/cuchx-large/hf_data_manual/LMT_(IMU,Radar,Skeleton)/Training/HARn/10_Stir_drinks/user20/3-1-3",83.0,103.0,21.0,17060604.216,17060606.216,10.0
train_harn,HARn/10_Stir_drinks/user20/5-1-1,user20,5-1-1,10_Stir_drinks,"/home/fluxx/Workspace/cuchx-large/hf_data_manual/LMT_(IMU,Radar,Skeleton)/Training/HARn/10_Stir_drinks/user20/5-1-1",134.0,142.0,9.0,16904891.316,16904892.116,9.999999990686774
train_harn,HARn/10_Stir_drinks/user20/5-1-2,user20,5-1-2,10_Stir_drinks,"/home/fluxx/Workspace/cuchx-large/hf_data_manual/LMT_(IMU,Radar,Skeleton)/Training/HARn/10_Stir_drinks/user20/5-1-2",169.0,189.0,21.0,16905030.816,16905032.816,10.0
train_harn,HARn/10_Stir_drinks/user20/5-1-3,user20,5-1-3,10_Stir_drinks,"/home/fluxx/Workspace/cuchx-large/hf_data_manual/LMT_(IMU,Radar,Skeleton)/Training/HARn/10_Stir_drinks/user20/5-1-3",162.0,194.0,33.0,16905123.116,16905126.316,10.000000002328306
train_harn,HARn/10_Stir_drinks/user20/6-3-1,user20,6-3-1,10_Stir_drinks,"/home/fluxx/Workspace/cuchx-large/hf_data_manual/LMT_(IMU,Radar,Skeleton)/Training/HARn/10_Stir_drinks/user20/6-3-1",108.0,136.0,29.0,16902551.716,16902554.516,9.999999997339078
train_harn,HARn/10_Stir_drinks/user20/6-3-2,user20,6-3-2,10_Stir_drinks,"/home/fluxx/Workspace/cuchx-large/hf_data_manual/LMT_(IMU,Radar,Skeleton)/Training/HARn/10_Stir_drinks/user20/6-3-2",75.0,90.0,16.0,16902633.416,16902634.916,10.0
train_harn,HARn/10_Stir_drinks/user20/6-3-3,user20,6-3-3,10_Stir_drinks,"/home/fluxx/Workspace/cuchx-large/hf_data_manual/LMT_(IMU,Radar,Skeleton)/Training/HARn/10_Stir_drinks/user20/6-3-3",94.0,118.0,25.0,16902694.316,16902696.716,10.000000006208817
train_harn,HARn/10_Stir_drinks/user20/7-1-1,user20,7-1-1,10_Stir_drinks,"/home/fluxx/Workspace/cuchx-large/hf_data_manual/LMT_(IMU,Radar,Skeleton)/Training/HARn/10_Stir_drinks/user20/7-1-1",179.0,209.0,31.0,17060809.816,17060812.816,10.0
train_harn,HARn/10_Stir_drinks/user20/7-1-2,user20,7-1-2,10_Stir_drinks,"/home/fluxx/Workspace/cuchx-large/hf_data_manual/LMT_(IMU,Radar,Skeleton)/Training/HARn/10_Stir_drinks/user20/7-1-2",180.0,207.0,28.0,17060915.916,17060918.616,10.000000002759474
train_harn,HARn/10_Stir_drinks/user20/7-1-3,user20,7-1-3,10_Stir_drinks,"/home/fluxx/Workspace/cuchx-large/hf_data_manual/LMT_(IMU,Radar,Skeleton)/Training/HARn/10_Stir_drinks/user20/7-1-3",132.0,137.0,6.0,17060997.116,17060997.616,10.0
train_harn,HARn/10_Stir_drinks/user22/4-3-1,user22,4-3-1,10_Stir_drinks,"/home/fluxx/Workspace/cuchx-large/hf_data_manual/LMT_(IMU,Radar,Skeleton)/Training/HARn/10_Stir_drinks/user22/4-3-1",57.0,66.0,10.0,17084308.616,17084309.516,10.000000016556847
train_harn,HARn/10_Stir_drinks/user22/4-3-2,user22,4-3-2,10_Stir_drinks,"/home/fluxx/Workspace/cuchx-large/hf_data_manual/LMT_(IMU,Radar,Skeleton)/Training/HARn/10_Stir_drinks/user22/4-3-2",75.0,96.0,22.0,17258526.416,17258528.516,10.000000010643687
train_harn,HARn/10_Stir_drinks/user22/4-3-3,user22,4-3-3,10_Stir_drinks,"/home/fluxx/Workspace/cuchx-large/hf_data_manual/LMT_(IMU,Radar,Skeleton)/Training/HARn/10_Stir_drinks/user22/4-3-3",64.0,76.0,13.0,17084734.316,17084735.516,10.000000006208817
train_harn,HARn/10_Stir_drinks/user23/5-3-3,user23,5-3-3,10_Stir_drinks,"/home/fluxx/Workspace/cuchx-large/hf_data_manual/LMT_(IMU,Radar,Skeleton)/Training/HARn/10_Stir_drinks/user23/5-3-3",230.0,236.0,7.0,17144786.916,17144787.516,10.000000037252903
train_harn,HARn/10_Stir_drinks/user3/4-1-1,user3,4-1-1,10_Stir_drinks,"/home/fluxx/Workspace/cuchx-large/hf_data_manual/LMT_(IMU,Radar,Skeleton)/Training/HARn/10_Stir_drinks/user3/4-1-1",373.0,396.0,24.0,14062839.216,14062841.516,9.999999996760618
train_harn,HARn/10_Stir_drinks/user3/4-1-2,user3,4-1-2,10_Stir_drinks,"/home/fluxx/Workspace/cuchx-large/hf_data_manual/LMT_(IMU,Radar,Skeleton)/Training/HARn/10_Stir_drinks/user3/4-1-2",316.0,328.0,13.0,14063000.516,14063001.716,10.000000006208817
train_harn,HARn/10_Stir_drinks/user3/4-1-3,user3,4-1-3,10_Stir_drinks,"/home/fluxx/Workspace/cuchx-large/hf_data_manual/LMT_(IMU,Radar,Skeleton)/Training/HARn/10_Stir_drinks/user3/4-1-3",261.0,272.0,12.0,14063144.016,14063145.116,10.000000003386628
train_harn,HARn/10_Stir_drinks/user3/5-1-1,user3,5-1-1,10_Stir_drinks,"/home/fluxx/Workspace/cuchx-large/hf_data_manual/LMT_(IMU,Radar,Skeleton)/Training/HARn/10_Stir_drinks/user3/5-1-1",129.0,166.0,38.0,14142813.816,14142817.516,9.999999996979493
train_harn,HARn/10_Stir_drinks/user3/5-1-2,user3,5-1-2,10_Stir_drinks,"/home/fluxx/Workspace/cuchx-large/hf_data_manual/LMT_(IMU,Radar,Skeleton)/Training/HARn/10_Stir_drinks/user3/5-1-2",79.0,96.0,18.0,14142903.816,14142905.516,9.99999999342596
train_harn,HARn/10_Stir_drinks/user3/5-1-3,user3,5-1-3,10_Stir_drinks,"/home/fluxx/Workspace/cuchx-large/hf_data_manual/LMT_(IMU,Radar,Skeleton)/Training/HARn/10_Stir_drinks/user3/5-1-3",129.0,145.0,17.0,14142995.816,14142997.416,10.000000002328306
train_harn,HARn/10_Stir_drinks/user3/7-1-1,user3,7-1-1,10_Stir_drinks,"/home/fluxx/Workspace/cuchx-large/hf_data_manual/LMT_(IMU,Radar,Skeleton)/Training/HARn/10_Stir_drinks/user3/7-1-1",373.0,401.0,29.0,14064536.216,14064539.016,9.999999997339078
train_harn,HARn/10_Stir_drinks/user3/7-1-2,user3,7-1-2,10_Stir_drinks,"/home/fluxx/Workspace/cuchx-large/hf_data_manual/LMT_(IMU,Radar,Skeleton)/Training/HARn/10_Stir_drinks/user3/7-1-2",271.0,286.0,16.0,14064652.016,14064653.516,10.0
train_harn,HARn/10_Stir_drinks/user3/7-1-3,user3,7-1-3,10_Stir_drinks,"/home/fluxx/Workspace/cuchx-large/hf_data_manual/LMT_(IMU,Radar,Skeleton)/Training/HARn/10_Stir_drinks/user3/7-1-3",139.0,149.0,11.0,14064807.816,14064808.816,10.0
train_harn,HARn/10_Stir_drinks/user4/1-2-1,user4,1-2-1,10_Stir_drinks,"/home/fluxx/Workspace/cuchx-large/hf_data_manual/LMT_(IMU,Radar,Skeleton)/Training/HARn/10_Stir_drinks/user4/1-2-1",177.0,209.0,33.0,14137558.616,14137561.816,10.000000002328306
train_harn,HARn/10_Stir_drinks/user4/1-2-2,user4,1-2-2,10_Stir_drinks,"/home/fluxx/Workspace/cuchx-large/hf_data_manual/LMT_(IMU,Radar,Skeleton)/Training/HARn/10_Stir_drinks/user4/1-2-2",174.0,211.0,38.0,14138259.316,14138263.016,9.999999996979493
train_harn,HARn/10_Stir_drinks/user4/1-2-3,user4,1-2-3,10_Stir_drinks,"/home/fluxx/Workspace/cuchx-large/hf_data_manual/LMT_(IMU,Radar,Skeleton)/Training/HARn/10_Stir_drinks/user4/1-2-3",130.0,155.0,26.0,14138382.916,14138385.416,10.0
train_harn,HARn/10_Stir_drinks/user4/5-1-1,user4,5-1-1,10_Stir_drinks,"/home/fluxx/Workspace/cuchx-large/hf_data_manual/LMT_(IMU,Radar,Skeleton)/Training/HARn/10_Stir_drinks/user4/5-1-1",134.0,182.0,49.0,14140328.316,14140333.116,9.999999998447796
train_harn,HARn/10_Stir_drinks/user4/5-1-2,user4,5-1-2,10_Stir_drinks,"/home/fluxx/Workspace/cuchx-large/hf_data_manual/LMT_(IMU,Radar,Skeleton)/Training/HARn/10_Stir_drinks/user4/5-1-2",84.0,145.0,62.0,14140494.316,14140500.416,10.000000000610703
train_harn,HARn/10_Stir_drinks/user4/5-1-3,user4,5-1-3,10_Stir_drinks,"/home/fluxx/Workspace/cuchx-large/hf_data_manual/LMT_(IMU,Radar,Skeleton)/Training/HARn/10_Stir_drinks/user4/5-1-3",72.0,98.0,27.0,14140611.116,14140613.716,10.000000001432804
train_harn,HARn/10_Stir_drinks/user5/1-2-1,user5,1-2-1,10_Stir_drinks,"/home/fluxx/Workspace/cuchx-large/hf_data_manual/LMT_(IMU,Radar,Skeleton)/Training/HARn/10_Stir_drinks/user5/1-2-1",173.0,204.0,32.0,14133142.216,14133145.316,10.000000001201707
train_harn,HARn/10_Stir_drinks/user5/1-2-2,user5,1-2-2,10_Stir_drinks,"/home/fluxx/Workspace/cuchx-large/hf_data_manual/LMT_(IMU,Radar,Skeleton)/Training/HARn/10_Stir_drinks/user5/1-2-2",166.0,195.0,30.0,14133322.516,14133325.416,10.00000000513833
train_harn,HARn/10_Stir_drinks/user5/4-2-1,user5,4-2-1,10_Stir_drinks,"/home/fluxx/Workspace/cuchx-large/hf_data_manual/LMT_(IMU,Radar,Skeleton)/Training/HARn/10_Stir_drinks/user5/4-2-1",177.0,183.0,7.0,14134276.616,14134277.216,10.000000006208817
train_harn,HARn/10_Stir_drinks/user5/4-2-2,user5,4-2-2,10_Stir_drinks,"/home/fluxx/Workspace/cuchx-large/hf_data_manual/LMT_(IMU,Radar,Skeleton)/Training/HARn/10_Stir_drinks/user5/4-2-2",139.0,171.0,33.0,14134359.816,14134363.016,9.99999999650754
train_harn,HARn/10_Stir_drinks/user5/4-2-3,user5,4-2-3,10_Stir_drinks,"/home/fluxx/Workspace/cuchx-large/hf_data_manual/LMT_(IMU,Radar,Skeleton)/Training/HARn/10_Stir_drinks/user5/4-2-3",127.0,162.0,36.0,14134447.616,14134451.116,10.0
train_harn,HARn/10_Stir_drinks/user6/1-2-1,user6,1-2-1,10_Stir_drinks,"/home/fluxx/Workspace/cuchx-large/hf_data_manual/LMT_(IMU,Radar,Skeleton)/Training/HARn/10_Stir_drinks/user6/1-2-1",249.0,278.0,30.0,16201575.816,16201578.716,9.999999998715417
train_harn,HARn/10_Stir_drinks/user6/1-2-2,user6,1-2-2,10_Stir_drinks,"/home/fluxx/Workspace/cuchx-large/hf_data_manual/LMT_(IMU,Radar,Skeleton)/Training/HARn/10_Stir_drinks/user6/1-2-2",141.0,163.0,23.0,16201689.016,16201691.216,10.000000003386628
train_harn,HARn/10_Stir_drinks/user6/1-2-3,user6,1-2-3,10_Stir_drinks,"/home/fluxx/Workspace/cuchx-large/hf_data_manual/LMT_(IMU,Radar,Skeleton)/Training/HARn/10_Stir_drinks/user6/1-2-3",74.0,86.0,13.0,16201749.316,16201750.516,9.999999990686774
train_harn,HARn/10_Stir_drinks/user6/2-1-1,user6,2-1-1,10_Stir_drinks,"/home/fluxx/Workspace/cuchx-large/hf_data_manual/LMT_(IMU,Radar,Skeleton)/Training/HARn/10_Stir_drinks/user6/2-1-1",146.0,206.0,61.0,16201962.516,16201968.516,10.0
train_harn,HARn/10_Stir_drinks/user6/2-1-2,user6,2-1-2,10_Stir_drinks,"/home/fluxx/Workspace/cuchx-large/hf_data_manual/LMT_(IMU,Radar,Skeleton)/Training/HARn/10_Stir_drinks/user6/2-1-2",137.0,176.0,40.0,16202057.616,16202061.516,9.999999999044798
train_harn,HARn/10_Stir_drinks/user6/2-1-3,user6,2-1-3,10_Stir_drinks,"/home/fluxx/Workspace/cuchx-large/hf_data_manual/LMT_(IMU,Radar,Skeleton)/Training/HARn/10_Stir_drinks/user6/2-1-3",89.0,125.0,37.0,16202124.816,16202128.416,10.000000001034802
train_harn,HARn/10_Stir_drinks/user6/7-2-1,user6,7-2-1,10_Stir_drinks,"/home/fluxx/Workspace/cuchx-large/hf_data_manual/LMT_(IMU,Radar,Skeleton)/Training/HARn/10_Stir_drinks/user6/7-2-1",86.0,109.0,24.0,16203464.516,16203466.816,10.000000004859075
train_harn,HARn/10_Stir_drinks/user6/7-2-2,user6,7-2-2,10_Stir_drinks,"/home/fluxx/Workspace/cuchx-large/hf_data_manual/LMT_(IMU,Radar,Skeleton)/Training/HARn/10_Stir_drinks/user6/7-2-2",64.0,86.0,23.0,16203552.316,16203554.516,9.999999994920058
train_harn,HARn/10_Stir_drinks/user6/7-2-3,user6,7-2-3,10_Stir_drinks,"/home/fluxx/Workspace/cuchx-large/hf_data_manual/LMT_(IMU,Radar,Skeleton)/Training/HARn/10_Stir_drinks/user6/7-2-3",48.0,62.0,15.0,16203638.716,16203640.116,9.999999997339078
train_harn,HARn/10_Stir_drinks/user7/2-1-1,user7,2-1-1,10_Stir_drinks,"/home/fluxx/Workspace/cuchx-large/hf_data_manual/LMT_(IMU,Radar,Skeleton)/Training/HARn/10_Stir_drinks/user7/2-1-1",236.0,259.0,24.0,16204163.516,16204165.816,10.000000004859075
train_harn,HARn/10_Stir_drinks/user7/2-1-2,user7,2-1-2,10_Stir_drinks,"/home/fluxx/Workspace/cuchx-large/hf_data_manual/LMT_(IMU,Radar,Skeleton)/Training/HARn/10_Stir_drinks/user7/2-1-2",215.0,232.0,18.0,16204250.416,16204252.116,9.99999999342596
train_harn,HARn/10_Stir_drinks/user7/2-1-3,user7,2-1-3,10_Stir_drinks,"/home/fluxx/Workspace/cuchx-large/hf_data_manual/LMT_(IMU,Radar,Skeleton)/Training/HARn/10_Stir_drinks/user7/2-1-3",153.0,171.0,19.0,16204364.216,16204366.016,9.999999995860788
train_harn,HARn/10_Stir_drinks/user7/2-2-1,user7,2-2-1,10_Stir_drinks,"/home/fluxx/Workspace/cuchx-large/hf_data_manual/LMT_(IMU,Radar,Skeleton)/Training/HARn/10_Stir_drinks/user7/2-2-1",20.0,40.0,21.0,16057061.916,16057063.916,10.0
train_harn,HARn/10_Stir_drinks/user7/2-2-2,user7,2-2-2,10_Stir_drinks,"/home/fluxx/Workspace/cuchx-large/hf_data_manual/LMT_(IMU,Radar,Skeleton)/Training/HARn/10_Stir_drinks/user7/2-2-2",10.0,30.0,21.0,16057264.916,16057266.916,10.0
train_harn,HARn/10_Stir_drinks/user7/2-2-3,user7,2-2-3,10_Stir_drinks,"/home/fluxx/Workspace/cuchx-large/hf_data_manual/LMT_(IMU,Radar,Skeleton)/Training/HARn/10_Stir_drinks/user7/2-2-3",14.0,24.0,11.0,16057417.316,16057418.316,10.0
train_harn,HARn/10_Stir_drinks/user7/5-2-1,user7,5-2-1,10_Stir_drinks,"/home/fluxx/Workspace/cuchx-large/hf_data_manual/LMT_(IMU,Radar,Skeleton)/Training/HARn/10_Stir_drinks/user7/5-2-1",120.0,139.0,20.0,16204660.916,16204662.816,9.999999998039321
train_harn,HARn/10_Stir_drinks/user7/5-2-2,user7,5-2-2,10_Stir_drinks,"/home/fluxx/Workspace/cuchx-large/hf_data_manual/LMT_(IMU,Radar,Skeleton)/Training/HARn/10_Stir_drinks/user7/5-2-2",87.0,109.0,23.0,16204714.616,16204716.816,10.000000003386628
train_harn,HARn/10_Stir_drinks/user7/5-2-3,user7,5-2-3,10_Stir_drinks,"/home/fluxx/Workspace/cuchx-large/hf_data_manual/LMT_(IMU,Radar,Skeleton)/Training/HARn/10_Stir_drinks/user7/5-2-3",54.0,70.0,17.0,16204780.316,16204781.916,10.000000002328306
train_harn,HARn/10_Stir_drinks/user8/3-2-1,user8,3-2-1,10_Stir_drinks,"/home/fluxx/Workspace/cuchx-large/hf_data_manual/LMT_(IMU,Radar,Skeleton)/Training/HARn/10_Stir_drinks/user8/3-2-1",164.0,191.0,28.0,16208466.316,16208469.016,9.999999995860788
train_harn,HARn/10_Stir_drinks/user8/3-2-2,user8,3-2-2,10_Stir_drinks,"/home/fluxx/Workspace/cuchx-large/hf_data_manual/LMT_(IMU,Radar,Skeleton)/Training/HARn/10_Stir_drinks/user8/3-2-2",135.0,176.0,42.0,16208527.416,16208531.516,9.99999999636557
train_harn,HARn/10_Stir_drinks/user8/3-2-3,user8,3-2-3,10_Stir_drinks,"/home/fluxx/Workspace/cuchx-large/hf_data_manual/LMT_(IMU,Radar,Skeleton)/Training/HARn/10_Stir_drinks/user8/3-2-3",134.0,166.0,33.0,16208605.316,16208608.516,9.99999999650754
train_harn,HARn/10_Stir_drinks/user8/4-2-1,user8,4-2-1,10_Stir_drinks,"/home/fluxx/Workspace/cuchx-large/hf_data_manual/LMT_(IMU,Radar,Skeleton)/Training/HARn/10_Stir_drinks/user8/4-2-1",91.0,137.0,47.0,16208767.016,16208771.616,10.000000000809846
train_harn,HARn/10_Stir_drinks/user8/4-2-2,user8,4-2-2,10_Stir_drinks,"/home/fluxx/Workspace/cuchx-large/hf_data_manual/LMT_(IMU,Radar,Skeleton)/Training/HARn/10_Stir_drinks/user8/4-2-2",63.0,70.0,8.0,16208846.216,16208846.916,10.000000010643687
train_harn,HARn/10_Stir_drinks/user8/4-2-3,user8,4-2-3,10_Stir_drinks,"/home/fluxx/Workspace/cuchx-large/hf_data_manual/LMT_(IMU,Radar,Skeleton)/Training/HARn/10_Stir_drinks/user8/4-2-3",82.0,109.0,28.0,16208932.116,16208934.816,10.000000002759474
train_harn,HARn/10_Stir_drinks/user8/7-2-1,user8,7-2-1,10_Stir_drinks,"/home/fluxx/Workspace/cuchx-large/hf_data_manual/LMT_(IMU,Radar,Skeleton)/Training/HARn/10_Stir_drinks/user8/7-2-1",74.0,95.0,22.0,16209106.316,16209108.416,10.000000001773948
train_harn,HARn/10_Stir_drinks/user8/7-2-2,user8,7-2-2,10_Stir_drinks,"/home/fluxx/Workspace/cuchx-large/hf_data_manual/LMT_(IMU,Radar,Skeleton)/Training/HARn/10_Stir_drinks/user8/7-2-2",65.0,81.0,17.0,16209177.416,16209179.016,9.999999990686774
train_harn,HARn/10_Stir_drinks/user8/7-2-3,user8,7-2-3,10_Stir_drinks,"/home/fluxx/Workspace/cuchx-large/hf_data_manual/LMT_(IMU,Radar,Skeleton)/Training/HARn/10_Stir_drinks/user8/7-2-3",50.0,60.0,11.0,16209237.916,16209238.916,10.0
train_harn,HARn/10_Stir_drinks/user9/2-1-1,user9,2-1-1,10_Stir_drinks,"/home/fluxx/Workspace/cuchx-large/hf_data_manual/LMT_(IMU,Radar,Skeleton)/Training/HARn/10_Stir_drinks/user9/2-1-1",152.0,175.0,24.0,16209636.116,16209638.416,10.000000004859075
train_harn,HARn/10_Stir_drinks/user9/2-1-2,user9,2-1-2,10_Stir_drinks,"/home/fluxx/Workspace/cuchx-large/hf_data_manual/LMT_(IMU,Radar,Skeleton)/Training/HARn/10_Stir_drinks/user9/2-1-2",123.0,155.0,33.0,16209703.216,16209706.416,10.000000002328306
train_harn,HARn/10_Stir_drinks/user9/2-1-3,user9,2-1-3,10_Stir_drinks,"/home/fluxx/Workspace/cuchx-large/hf_data_manual/LMT_(IMU,Radar,Skeleton)/Training/HARn/10_Stir_drinks/user9/2-1-3",77.0,110.0,34.0,16209764.616,16209767.916,10.000000003386628
train_harn,HARn/10_Stir_drinks/user9/3-2-1,user9,3-2-1,10_Stir_drinks,"/home/fluxx/Workspace/cuchx-large/hf_data_manual/LMT_(IMU,Radar,Skeleton)/Training/HARn/10_Stir_drinks/user9/3-2-1",118.0,144.0,27.0,16210060.716,16210063.316,10.000000001432804
train_harn,HARn/10_Stir_drinks/user9/3-2-2,user9,3-2-2,10_Stir_drinks,"/home/fluxx/Workspace/cuchx-large/hf_data_manual/LMT_(IMU,Radar,Skeleton)/Training/HARn/10_Stir_drinks/user9/3-2-2",98.0,117.0,20.0,16210132.716,16210134.616,9.999999998039321
train_harn,HARn/10_Stir_drinks/user9/3-2-3,user9,3-2-3,10_Stir_drinks,"/home/fluxx/Workspace/cuchx-large/hf_data_manual/LMT_(IMU,Radar,Skeleton)/Training/HARn/10_Stir_drinks/user9/3-2-3",79.0,84.0,6.0,16210185.816,16210186.316,10.0
train_harn,HARn/10_Stir_drinks/user9/7-2-1,user9,7-2-1,10_Stir_drinks,"/home/fluxx/Workspace/cuchx-large/hf_data_manual/LMT_(IMU,Radar,Skeleton)/Training/HARn/10_Stir_drinks/user9/7-2-1",325.0,344.0,20.0,16210534.416,16210536.316,9.999999998039321
train_harn,HARn/10_Stir_drinks/user9/7-2-2,user9,7-2-2,10_Stir_drinks,"/home/fluxx/Workspace/cuchx-large/hf_data_manual/LMT_(IMU,Radar,Skeleton)/Training/HARn/10_Stir_drinks/user9/7-2-2",186.0,197.0,12.0,16210623.516,16210624.616,10.000000003386628
train_harn,HARn/10_Stir_drinks/user9/7-2-3,user9,7-2-3,10_Stir_drinks,"/home/fluxx/Workspace/cuchx-large/hf_data_manual/LMT_(IMU,Radar,Skeleton)/Training/HARn/10_Stir_drinks/user9/7-2-3",258.0,275.0,18.0,16210695.716,16210697.416,10.000000004382695
train_harn,HARn/11_Peel_fruits/user1/1-2-1,user1,1-2-1,11_Peel_fruits,"/home/fluxx/Workspace/cuchx-large/hf_data_manual/LMT_(IMU,Radar,Skeleton)/Training/HARn/11_Peel_fruits/user1/1-2-1",72.0,109.0,38.0,14149687.116,14149690.816,10.000000002013671
train_harn,HARn/11_Peel_fruits/user1/1-2-2,user1,1-2-2,11_Peel_fruits,"/home/fluxx/Workspace/cuchx-large/hf_data_manual/LMT_(IMU,Radar,Skeleton)/Training/HARn/11_Peel_fruits/user1/1-2-2",90.0,138.0,49.0,14149860.916,14149865.716,9.999999998447796
train_harn,HARn/11_Peel_fruits/user1/4-1-1,user1,4-1-1,11_Peel_fruits,"/home/fluxx/Workspace/cuchx-large/hf_data_manual/LMT_(IMU,Radar,Skeleton)/Training/HARn/11_Peel_fruits/user1/4-1-1",76.0,183.0,108.0,14048261.516,14048272.216,10.000000000696316
train_harn,HARn/11_Peel_fruits/user1/4-1-2,user1,4-1-2,11_Peel_fruits,"/home/fluxx/Workspace/cuchx-large/hf_data_manual/LMT_(IMU,Radar,Skeleton)/Training/HARn/11_Peel_fruits/user1/4-1-2",71.0,179.0,109.0,14048566.016,14048576.816,10.000000001034802
train_harn,HARn/11_Peel_fruits/user1/4-1-3,user1,4-1-3,11_Peel_fruits,"/home/fluxx/Workspace/cuchx-large/hf_data_manual/LMT_(IMU,Radar,Skeleton)/Training/HARn/11_Peel_fruits/user1/4-1-3",48.0,83.0,36.0,14048863.716,14048867.216,10.0
train_harn,HARn/11_Peel_fruits/user1/6-1-1,user1,6-1-1,11_Peel_fruits,"/home/fluxx/Workspace/cuchx-large/hf_data_manual/LMT_(IMU,Radar,Skeleton)/Training/HARn/11_Peel_fruits/user1/6-1-1",82.0,117.0,36.0,14151404.116,14151407.616,10.0
train_harn,HARn/11_Peel_fruits/user1/6-1-2,user1,6-1-2,11_Peel_fruits,"/home/fluxx/Workspace/cuchx-large/hf_data_manual/LMT_(IMU,Radar,Skeleton)/Training/HARn/11_Peel_fruits/user1/6-1-2",56.0,84.0,29.0,14151262.516,14151265.316,10.000000003991383
train_harn,HARn/11_Peel_fruits/user1/6-1-3,user1,6-1-3,11_Peel_fruits,"/home/fluxx/Workspace/cuchx-large/hf_data_manual/LMT_(IMU,Radar,Skeleton)/Training/HARn/11_Peel_fruits/user1/6-1-3",34.0,45.0,12.0,14151461.316,14151462.416,10.000000003386628
train_harn,HARn/11_Peel_fruits/user16/1-2-1,user16,1-2-1,11_Peel_fruits,"/home/fluxx/Workspace/cuchx-large/hf_data_manual/LMT_(IMU,Radar,Skeleton)/Training/HARn/11_Peel_fruits/user16/1-2-1",17.0,66.0,50.0,17072297.616,17072302.516,10.000000003041054
train_harn,HARn/11_Peel_fruits/user16/1-2-2,user16,1-2-2,11_Peel_fruits,"/home/fluxx/Workspace/cuchx-large/hf_data_manual/LMT_(IMU,Radar,Skeleton)/Training/HARn/11_Peel_fruits/user16/1-2-2",20.0,71.0,52.0,17072385.916,17072391.016,10.000000004382695
train_harn,HARn/11_Peel_fruits/user16/1-2-3,user16,1-2-3,11_Peel_fruits,"/home/fluxx/Workspace/cuchx-large/hf_data_manual/LMT_(IMU,Radar,Skeleton)/Training/HARn/11_Peel_fruits/user16/1-2-3",3.0,26.0,24.0,17072477.216,17072479.516,9.999999996760618
train_harn,HARn/11_Peel_fruits/user16/3-2-1,user16,3-2-1,11_Peel_fruits,"/home/fluxx/Workspace/cuchx-large/hf_data_manual/LMT_(IMU,Radar,Skeleton)/Training/HARn/11_Peel_fruits/user16/3-2-1",150.0,166.0,17.0,17073523.916,17073525.516,10.000000013969839
train_harn,HARn/11_Peel_fruits/user16/3-2-2,user16,3-2-2,11_Peel_fruits,"/home/fluxx/Workspace/cuchx-large/hf_data_manual/LMT_(IMU,Radar,Skeleton)/Training/HARn/11_Peel_fruits/user16/3-2-2",115.0,135.0,21.0,17073622.416,17073624.416,10.0
train_harn,HARn/11_Peel_fruits/user16/3-2-3,user16,3-2-3,11_Peel_fruits,"/home/fluxx/Workspace/cuchx-large/hf_data_manual/LMT_(IMU,Radar,Skeleton)/Training/HARn/11_Peel_fruits/user16/3-2-3",89.0,102.0,14.0,17073706.816,17073708.116,9.999999994268784
train_harn,HARn/11_Peel_fruits/user16/5-2-1,user16,5-2-1,11_Peel_fruits,"/home/fluxx/Workspace/cuchx-large/hf_data_manual/LMT_(IMU,Radar,Skeleton)/Training/HARn/11_Peel_fruits/user16/5-2-1",68.0,105.0,38.0,17073838.716,17073842.416,9.999999991945318
train_harn,HARn/11_Peel_fruits/user16/5-2-2,user16,5-2-2,11_Peel_fruits,"/home/fluxx/Workspace/cuchx-large/hf_data_manual/LMT_(IMU,Radar,Skeleton)/Training/HARn/11_Peel_fruits/user16/5-2-2",66.0,92.0,27.0,17073915.516,17073918.116,9.999999994268784
train_harn,HARn/11_Peel_fruits/user16/5-2-3,user16,5-2-3,11_Peel_fruits,"/home/fluxx/Workspace/cuchx-large/hf_data_manual/LMT_(IMU,Radar,Skeleton)/Training/HARn/11_Peel_fruits/user16/5-2-3",54.0,64.0,11.0,17073992.316,17073993.316,10.0
train_harn,HARn/11_Peel_fruits/user17/7-2-1,user17,7-2-1,11_Peel_fruits,"/home/fluxx/Workspace/cuchx-large/hf_data_manual/LMT_(IMU,Radar,Skeleton)/Training/HARn/11_Peel_fruits/user17/7-2-1",30.0,70.0,41.0,17069570.916,17069574.916,10.0
train_harn,HARn/11_Peel_fruits/user17/7-2-2,user17,7-2-2,11_Peel_fruits,"/home/fluxx/Workspace/cuchx-large/hf_data_manual/LMT_(IMU,Radar,Skeleton)/Training/HARn/11_Peel_fruits/user17/7-2-2",28.0,62.0,35.0,17069887.716,17069891.116,9.99999999342596
train_harn,HARn/11_Peel_fruits/user17/7-2-3,user17,7-2-3,11_Peel_fruits,"/home/fluxx/Workspace/cuchx-large/hf_data_manual/LMT_(IMU,Radar,Skeleton)/Training/HARn/11_Peel_fruits/user17/7-2-3",31.0,56.0,26.0,17070066.016,17070068.516,10.0
train_harn,HARn/11_Peel_fruits/user18/4-2-1,user18,4-2-1,11_Peel_fruits,"/home/fluxx/Workspace/cuchx-large/hf_data_manual/LMT_(IMU,Radar,Skeleton)/Training/HARn/11_Peel_fruits/user18/4-2-1",141.0,165.0,25.0,17070733.016,17070735.416,9.999999990686774
train_harn,HARn/11_Peel_fruits/user18/4-2-2,user18,4-2-2,11_Peel_fruits,"/home/fluxx/Workspace/cuchx-large/hf_data_manual/LMT_(IMU,Radar,Skeleton)/Training/HARn/11_Peel_fruits/user18/4-2-2",111.0,122.0,12.0,17070899.016,17070900.116,9.99999998645349
train_harn,HARn/11_Peel_fruits/user18/4-2-3,user18,4-2-3,11_Peel_fruits,"/home/fluxx/Workspace/cuchx-large/hf_data_manual/LMT_(IMU,Radar,Skeleton)/Training/HARn/11_Peel_fruits/user18/4-2-3",111.0,126.0,16.0,17071058.016,17071059.516,10.0
train_harn,HARn/11_Peel_fruits/user18/6-2-1,user18,6-2-1,11_Peel_fruits,"/home/fluxx/Workspace/cuchx-large/hf_data_manual/LMT_(IMU,Radar,Skeleton)/Training/HARn/11_Peel_fruits/user18/6-2-1",227.0,318.0,92.0,16900036.616,16900045.716,10.000000002456236
train_harn,HARn/11_Peel_fruits/user18/6-2-2,user18,6-2-2,11_Peel_fruits,"/home/fluxx/Workspace/cuchx-large/hf_data_manual/LMT_(IMU,Radar,Skeleton)/Training/HARn/11_Peel_fruits/user18/6-2-2",160.0,180.0,21.0,16900132.916,16900134.916,10.0
train_harn,HARn/11_Peel_fruits/user18/6-2-3,user18,6-2-3,11_Peel_fruits,"/home/fluxx/Workspace/cuchx-large/hf_data_manual/LMT_(IMU,Radar,Skeleton)/Training/HARn/11_Peel_fruits/user18/6-2-3",187.0,209.0,23.0,16900250.616,16900252.816,10.000000003386628
train_harn,HARn/11_Peel_fruits/user18/7-2-1,user18,7-2-1,11_Peel_fruits,"/home/fluxx/Workspace/cuchx-large/hf_data_manual/LMT_(IMU,Radar,Skeleton)/Training/HARn/11_Peel_fruits/user18/7-2-1",137.0,161.0,25.0,17071229.616,17071232.016,10.000000006208817
train_harn,HARn/11_Peel_fruits/user18/7-2-2,user18,7-2-2,11_Peel_fruits,"/home/fluxx/Workspace/cuchx-large/hf_data_manual/LMT_(IMU,Radar,Skeleton)/Training/HARn/11_Peel_fruits/user18/7-2-2",105.0,124.0,20.0,17071314.416,17071316.316,10.000000007842717
train_harn,HARn/11_Peel_fruits/user18/7-2-3,user18,7-2-3,11_Peel_fruits,"/home/fluxx/Workspace/cuchx-large/hf_data_manual/LMT_(IMU,Radar,Skeleton)/Training/HARn/11_Peel_fruits/user18/7-2-3",88.0,106.0,19.0,17071407.716,17071409.516,9.999999995860788
train_harn,HARn/11_Peel_fruits/user19/2-3-1,user19,2-3-1,11_Peel_fruits,"/home/fluxx/Workspace/cuchx-large/hf_data_manual/LMT_(IMU,Radar,Skeleton)/Training/HARn/11_Peel_fruits/user19/2-3-1",71.0,123.0,53.0,17061669.016,17061674.216,10.000000001432804
train_harn,HARn/11_Peel_fruits/user19/2-3-2,user19,2-3-2,11_Peel_fruits,"/home/fluxx/Workspace/cuchx-large/hf_data_manual/LMT_(IMU,Radar,Skeleton)/Training/HARn/11_Peel_fruits/user19/2-3-2",57.0,100.0,44.0,17061759.616,17061763.916,9.999999998267306
train_harn,HARn/11_Peel_fruits/user19/2-3-3,user19,2-3-3,11_Peel_fruits,"/home/fluxx/Workspace/cuchx-large/hf_data_manual/LMT_(IMU,Radar,Skeleton)/Training/HARn/11_Peel_fruits/user19/2-3-3",57.0,87.0,31.0,17061828.616,17061831.616,10.0
train_harn,HARn/11_Peel_fruits/user2/5-2-1,user2,5-2-1,11_Peel_fruits,"/home/fluxx/Workspace/cuchx-large/hf_data_manual/LMT_(IMU,Radar,Skeleton)/Training/HARn/11_Peel_fruits/user2/5-2-1",80.0,182.0,103.0,14148651.916,14148662.116,9.999999998904327
train_harn,HARn/11_Peel_fruits/user2/5-2-2,user2,5-2-2,11_Peel_fruits,"/home/fluxx/Workspace/cuchx-large/hf_data_manual/LMT_(IMU,Radar,Skeleton)/Training/HARn/11_Peel_fruits/user2/5-2-2",62.0,94.0,33.0,14148756.116,14148759.316,10.000000002328306
train_harn,HARn/11_Peel_fruits/user2/5-2-3,user2,5-2-3,11_Peel_fruits,"/home/fluxx/Workspace/cuchx-large/hf_data_manual/LMT_(IMU,Radar,Skeleton)/Training/HARn/11_Peel_fruits/user2/5-2-3",45.0,62.0,18.0,14148846.416,14148848.116,9.99999999342596
train_harn,HARn/11_Peel_fruits/user2/7-2-1,user2,7-2-1,11_Peel_fruits,"/home/fluxx/Workspace/cuchx-large/hf_data_manual/LMT_(IMU,Radar,Skeleton)/Training/HARn/11_Peel_fruits/user2/7-2-1",73.0,122.0,50.0,14149091.216,14149096.116,9.999999999239737
train_harn,HARn/11_Peel_fruits/user2/7-2-2,user2,7-2-2,11_Peel_fruits,"/home/fluxx/Workspace/cuchx-large/hf_data_manual/LMT_(IMU,Radar,Skeleton)/Training/HARn/11_Peel_fruits/user2/7-2-2",60.0,76.0,17.0,14149144.916,14149146.516,9.999999990686774
train_harn,HARn/11_Peel_fruits/user2/7-2-3,user2,7-2-3,11_Peel_fruits,"/home/fluxx/Workspace/cuchx-large/hf_data_manual/LMT_(IMU,Radar,Skeleton)/Training/HARn/11_Peel_fruits/user2/7-2-3",38.0,44.0,7.0,14149226.716,14149227.316,10.000000006208817
train_harn,HARn/11_Peel_fruits/user21/5-2-1,user21,5-2-1,11_Peel_fruits,"/home/fluxx/Workspace/cuchx-large/hf_data_manual/LMT_(IMU,Radar,Skeleton)/Training/HARn/11_Peel_fruits/user21/5-2-1",195.0,245.0,51.0,17082835.416,17082840.416,10.0
train_harn,HARn/11_Peel_fruits/user21/5-2-2,user21,5-2-2,11_Peel_fruits,"/home/fluxx/Workspace/cuchx-large/hf_data_manual/LMT_(IMU,Radar,Skeleton)/Training/HARn/11_Peel_fruits/user21/5-2-2",125.0,188.0,64.0,17082957.416,17082963.716,10.000000004730527
train_harn,HARn/11_Peel_fruits/user21/5-2-3,user21,5-2-3,11_Peel_fruits,"/home/fluxx/Workspace/cuchx-large/hf_data_manual/LMT_(IMU,Radar,Skeleton)/Training/HARn/11_Peel_fruits/user21/5-2-3",136.0,168.0,33.0,17083126.516,17083129.716,10.000000002328306
train_harn,HARn/11_Peel_fruits/user22/3-3-1,user22,3-3-1,11_Peel_fruits,"/home/fluxx/Workspace/cuchx-large/hf_data_manual/LMT_(IMU,Radar,Skeleton)/Training/HARn/11_Peel_fruits/user22/3-3-1",35.0,47.0,13.0,17158695.416,17158696.616,10.000000006208817
train_harn,HARn/11_Peel_fruits/user22/3-3-2,user22,3-3-2,11_Peel_fruits,"/home/fluxx/Workspace/cuchx-large/hf_data_manual/LMT_(IMU,Radar,Skeleton)/Training/HARn/11_Peel_fruits/user22/3-3-2",27.0,32.0,6.0,17158796.616,17158797.116,10.0
train_harn,HARn/11_Peel_fruits/user22/3-3-3,user22,3-3-3,11_Peel_fruits,"/home/fluxx/Workspace/cuchx-large/hf_data_manual/LMT_(IMU,Radar,Skeleton)/Training/HARn/11_Peel_fruits/user22/3-3-3",25.0,31.0,7.0,17158861.416,17158862.016,10.000000037252903
train_harn,HARn/11_Peel_fruits/user22/4-3-1,user22,4-3-1,11_Peel_fruits,"/home/fluxx/Workspace/cuchx-large/hf_data_manual/LMT_(IMU,Radar,Skeleton)/Training/HARn/11_Peel_fruits/user22/4-3-1",103.0,131.0,29.0,17084313.216,17084316.016,9.999999997339078
train_harn,HARn/11_Peel_fruits/user22/4-3-2,user22,4-3-2,11_Peel_fruits,"/home/fluxx/Workspace/cuchx-large/hf_data_manual/LMT_(IMU,Radar,Skeleton)/Training/HARn/11_Peel_fruits/user22/4-3-2",140.0,160.0,21.0,17258532.916,17258534.916,10.0
train_harn,HARn/11_Peel_fruits/user22/4-3-3,user22,4-3-3,11_Peel_fruits,"/home/fluxx/Workspace/cuchx-large/hf_data_manual/LMT_(IMU,Radar,Skeleton)/Training/HARn/11_Peel_fruits/user22/4-3-3",123.0,144.0,22.0,17084740.216,17084742.316,9.99999999290421
train_harn,HARn/11_Peel_fruits/user22/5-2-1,user22,5-2-1,11_Peel_fruits,"/home/fluxx/Workspace/cuchx-large/hf_data_manual/LMT_(IMU,Radar,Skeleton)/Training/HARn/11_Peel_fruits/user22/5-2-1",152.0,196.0,45.0,17084882.116,17084886.516,10.000000003386628
train_harn,HARn/11_Peel_fruits/user22/5-2-2,user22,5-2-2,11_Peel_fruits,"/home/fluxx/Workspace/cuchx-large/hf_data_manual/LMT_(IMU,Radar,Skeleton)/Training/HARn/11_Peel_fruits/user22/5-2-2",137.0,168.0,32.0,17085203.616,17085206.716,10.00000000721024
train_harn,HARn/11_Peel_fruits/user22/5-2-3,user22,5-2-3,11_Peel_fruits,"/home/fluxx/Workspace/cuchx-large/hf_data_manual/LMT_(IMU,Radar,Skeleton)/Training/HARn/11_Peel_fruits/user22/5-2-3",110.0,142.0,33.0,17085281.916,17085285.116,10.000000002328306
train_harn,HARn/11_Peel_fruits/user24/4-2-1,user24,4-2-1,11_Peel_fruits,"/home/fluxx/Workspace/cuchx-large/hf_data_manual/LMT_(IMU,Radar,Skeleton)/Training/HARn/11_Peel_fruits/user24/4-2-1",116.0,196.0,81.0,17156063.516,17156071.516,10.0
train_harn,HARn/11_Peel_fruits/user24/4-2-2,user24,4-2-2,11_Peel_fruits,"/home/fluxx/Workspace/cuchx-large/hf_data_manual/LMT_(IMU,Radar,Skeleton)/Training/HARn/11_Peel_fruits/user24/4-2-2",97.0,148.0,52.0,17156165.616,17156170.716,10.000000004382695
train_harn,HARn/11_Peel_fruits/user24/4-2-3,user24,4-2-3,11_Peel_fruits,"/home/fluxx/Workspace/cuchx-large/hf_data_manual/LMT_(IMU,Radar,Skeleton)/Training/HARn/11_Peel_fruits/user24/4-2-3",66.0,91.0,26.0,17156230.516,17156233.016,10.0
train_harn,HARn/11_Peel_fruits/user3/3-1-1,user3,3-1-1,11_Peel_fruits,"/home/fluxx/Workspace/cuchx-large/hf_data_manual/LMT_(IMU,Radar,Skeleton)/Training/HARn/11_Peel_fruits/user3/3-1-1",124.0,145.0,22.0,14142217.316,14142219.416,10.000000001773948
train_harn,HARn/11_Peel_fruits/user3/3-1-2,user3,3-1-2,11_Peel_fruits,"/home/fluxx/Workspace/cuchx-large/hf_data_manual/LMT_(IMU,Radar,Skeleton)/Training/HARn/11_Peel_fruits/user3/3-1-2",106.0,136.0,31.0,14142599.516,14142602.516,10.0
train_harn,HARn/11_Peel_fruits/user3/3-1-3,user3,3-1-3,11_Peel_fruits,"/home/fluxx/Workspace/cuchx-large/hf_data_manual/LMT_(IMU,Radar,Skeleton)/Training/HARn/11_Peel_fruits/user3/3-1-3",99.0,109.0,11.0,14142691.816,14142692.816,10.0
train_harn,HARn/11_Peel_fruits/user3/4-1-1,user3,4-1-1,11_Peel_fruits,"/home/fluxx/Workspace/cuchx-large/hf_data_manual/LMT_(IMU,Radar,Skeleton)/Training/HARn/11_Peel_fruits/user3/4-1-1",505.0,544.0,40.0,14062852.416,14062856.316,9.999999999044798
train_harn,HARn/11_Peel_fruits/user3/4-1-2,user3,4-1-2,11_Peel_fruits,"/home/fluxx/Workspace/cuchx-large/hf_data_manual/LMT_(IMU,Radar,Skeleton)/Training/HARn/11_Peel_fruits/user3/4-1-2",420.0,456.0,37.0,14063010.916,14063014.516,9.999999995860788
train_harn,HARn/11_Peel_fruits/user4/1-2-1,user4,1-2-1,11_Peel_fruits,"/home/fluxx/Workspace/cuchx-large/hf_data_manual/LMT_(IMU,Radar,Skeleton)/Training/HARn/11_Peel_fruits/user4/1-2-1",224.0,302.0,79.0,14137563.316,14137571.116,9.999999999044798
train_harn,HARn/11_Peel_fruits/user4/1-2-2,user4,1-2-2,11_Peel_fruits,"/home/fluxx/Workspace/cuchx-large/hf_data_manual/LMT_(IMU,Radar,Skeleton)/Training/HARn/11_Peel_fruits/user4/1-2-2",242.0,299.0,58.0,14138266.116,14138271.816,10.00000000130712
train_harn,HARn/11_Peel_fruits/user4/1-2-3,user4,1-2-3,11_Peel_fruits,"/home/fluxx/Workspace/cuchx-large/hf_data_manual/LMT_(IMU,Radar,Skeleton)/Training/HARn/11_Peel_fruits/user4/1-2-3",167.0,188.0,22.0,14138386.616,14138388.716,10.000000001773948
train_harn,HARn/11_Peel_fruits/user4/2-1-1,user4,2-1-1,11_Peel_fruits,"/home/fluxx/Workspace/cuchx-large/hf_data_manual/LMT_(IMU,Radar,Skeleton)/Training/HARn/11_Peel_fruits/user4/2-1-1",98.0,138.0,41.0,14065380.716,14065384.716,10.0
train_harn,HARn/11_Peel_fruits/user4/2-1-2,user4,2-1-2,11_Peel_fruits,"/home/fluxx/Workspace/cuchx-large/hf_data_manual/LMT_(IMU,Radar,Skeleton)/Training/HARn/11_Peel_fruits/user4/2-1-2",83.0,100.0,18.0,14065531.216,14065532.916,10.000000004382695
train_harn,HARn/11_Peel_fruits/user4/2-1-3,user4,2-1-3,11_Peel_fruits,"/home/fluxx/Workspace/cuchx-large/hf_data_manual/LMT_(IMU,Radar,Skeleton)/Training/HARn/11_Peel_fruits/user4/2-1-3",45.0,73.0,29.0,14065602.416,14065605.216,9.999999997339078
train_harn,HARn/11_Peel_fruits/user4/6-1-1,user4,6-1-1,11_Peel_fruits,"/home/fluxx/Workspace/cuchx-large/hf_data_manual/LMT_(IMU,Radar,Skeleton)/Training/HARn/11_Peel_fruits/user4/6-1-1",44.0,87.0,44.0,14067173.316,14067177.616,9.999999998267306
train_harn,HARn/11_Peel_fruits/user4/6-1-2,user4,6-1-2,11_Peel_fruits,"/home/fluxx/Workspace/cuchx-large/hf_data_manual/LMT_(IMU,Radar,Skeleton)/Training/HARn/11_Peel_fruits/user4/6-1-2",53.0,103.0,51.0,14067613.216,14067618.216,10.0
train_harn,HARn/11_Peel_fruits/user4/6-1-3,user4,6-1-3,11_Peel_fruits,"/home/fluxx/Workspace/cuchx-large/hf_data_manual/LMT_(IMU,Radar,Skeleton)/Training/HARn/11_Peel_fruits/user4/6-1-3",55.0,76.0,22.0,14067725.416,14067727.516,9.99999999290421
train_harn,HARn/11_Peel_fruits/user4/7-1-1,user4,7-1-1,11_Peel_fruits,"/home/fluxx/Workspace/cuchx-large/hf_data_manual/LMT_(IMU,Radar,Skeleton)/Training/HARn/11_Peel_fruits/user4/7-1-1",244.0,289.0,46.0,14140951.316,14140955.816,10.0
train_harn,HARn/11_Peel_fruits/user4/7-1-2,user4,7-1-2,11_Peel_fruits,"/home/fluxx/Workspace/cuchx-large/hf_data_manual/LMT_(IMU,Radar,Skeleton)/Training/HARn/11_Peel_fruits/user4/7-1-2",341.0,383.0,43.0,14141074.016,14141078.216,10.000000001773948
train_harn,HARn/11_Peel_fruits/user4/7-1-3,user4,7-1-3,11_Peel_fruits,"/home/fluxx/Workspace/cuchx-large/hf_data_manual/LMT_(IMU,Radar,Skeleton)/Training/HARn/11_Peel_fruits/user4/7-1-3",211.0,241.0,31.0,14141179.016,14141182.016,10.0
train_harn,HARn/11_Peel_fruits/user5/1-2-1,user5,1-2-1,11_Peel_fruits,"/home/fluxx/Workspace/cuchx-large/hf_data_manual/LMT_(IMU,Radar,Skeleton)/Training/HARn/11_Peel_fruits/user5/1-2-1",260.0,360.0,101.0,14133150.916,14133160.916,10.0
train_harn,HARn/11_Peel_fruits/user5/1-2-2,user5,1-2-2,11_Peel_fruits,"/home/fluxx/Workspace/cuchx-large/hf_data_manual/LMT_(IMU,Radar,Skeleton)/Training/HARn/11_Peel_fruits/user5/1-2-2",258.0,308.0,51.0,14133331.716,14133336.716,10.0
train_harn,HARn/11_Peel_fruits/user5/1-2-3,user5,1-2-3,11_Peel_fruits,"/home/fluxx/Workspace/cuchx-large/hf_data_manual/LMT_(IMU,Radar,Skeleton)/Training/HARn/11_Peel_fruits/user5/1-2-3",204.0,239.0,36.0,14133455.316,14133458.816,10.0
train_harn,HARn/11_Peel_fruits/user5/2-1-1,user5,2-1-1,11_Peel_fruits,"/home/fluxx/Workspace/cuchx-large/hf_data_manual/LMT_(IMU,Radar,Skeleton)/Training/HARn/11_Peel_fruits/user5/2-1-1",39.0,120.0,82.0,14120477.816,14120485.916,10.000000000459913
train_harn,HARn/11_Peel_fruits/user5/2-1-2,user5,2-1-2,11_Peel_fruits,"/home/fluxx/Workspace/cuchx-large/hf_data_manual/LMT_(IMU,Radar,Skeleton)/Training/HARn/11_Peel_fruits/user5/2-1-2",40.0,118.0,79.0,14120603.916,14120611.716,9.999999999044798
train_harn,HARn/11_Peel_fruits/user5/2-1-3,user5,2-1-3,11_Peel_fruits,"/home/fluxx/Workspace/cuchx-large/hf_data_manual/LMT_(IMU,Radar,Skeleton)/Training/HARn/11_Peel_fruits/user5/2-1-3",40.0,69.0,30.0,14120686.916,14120689.816,9.999999998715417
train_harn,HARn/11_Peel_fruits/user5/3-2-1,user5,3-2-1,11_Peel_fruits,"/home/fluxx/Workspace/cuchx-large/hf_data_manual/LMT_(IMU,Radar,Skeleton)/Training/HARn/11_Peel_fruits/user5/3-2-1",247.0,317.0,71.0,14133851.616,14133858.616,10.0
train_harn,HARn/11_Peel_fruits/user5/3-2-2,user5,3-2-2,11_Peel_fruits,"/home/fluxx/Workspace/cuchx-large/hf_data_manual/LMT_(IMU,Radar,Skeleton)/Training/HARn/11_Peel_fruits/user5/3-2-2",177.0,204.0,28.0,14133980.616,14133983.316,10.000000002759474
train_harn,HARn/11_Peel_fruits/user5/3-2-3,user5,3-2-3,11_Peel_fruits,"/home/fluxx/Workspace/cuchx-large/hf_data_manual/LMT_(IMU,Radar,Skeleton)/Training/HARn/11_Peel_fruits/user5/3-2-3",156.0,184.0,29.0,14134122.516,14134125.316,10.000000003991383
train_harn,HARn/11_Peel_fruits/user5/6-2-1,user5,6-2-1,11_Peel_fruits,"/home/fluxx/Workspace/cuchx-large/hf_data_manual/LMT_(IMU,Radar,Skeleton)/Training/HARn/11_Peel_fruits/user5/6-2-1",86.0,140.0,55.0,14135182.516,14135187.916,10.000000002759474
train_harn,HARn/11_Peel_fruits/user5/6-2-2,user5,6-2-2,11_Peel_fruits,"/home/fluxx/Workspace/cuchx-large/hf_data_manual/LMT_(IMU,Radar,Skeleton)/Training/HARn/11_Peel_fruits/user5/6-2-2",89.0,142.0,54.0,14135711.816,14135717.116,9.99999999859423
train_harn,HARn/11_Peel_fruits/user5/6-2-3,user5,6-2-3,11_Peel_fruits,"/home/fluxx/Workspace/cuchx-large/hf_data_manual/LMT_(IMU,Radar,Skeleton)/Training/HARn/11_Peel_fruits/user5/6-2-3",69.0,91.0,23.0,14135873.816,14135876.016,9.999999994920058
train_harn,HARn/11_Peel_fruits/user6/1-2-1,user6,1-2-1,11_Peel_fruits,"/home/fluxx/Workspace/cuchx-large/hf_data_manual/LMT_(IMU,Radar,Skeleton)/Training/HARn/11_Peel_fruits/user6/1-2-1",19.0,64.0,46.0,16201552.816,16201557.316,10.0
train_harn,HARn/11_Peel_fruits/user6/1-2-2,user6,1-2-2,11_Peel_fruits,"/home/fluxx/Workspace/cuchx-large/hf_data_manual/LMT_(IMU,Radar,Skeleton)/Training/HARn/11_Peel_fruits/user6/1-2-2",20.0,43.0,24.0,16201676.916,16201679.216,9.999999996760618
train_harn,HARn/11_Peel_fruits/user6/1-2-3,user6,1-2-3,11_Peel_fruits,"/home/fluxx/Workspace/cuchx-large/hf_data_manual/LMT_(IMU,Radar,Skeleton)/Training/HARn/11_Peel_fruits/user6/1-2-3",23.0,33.0,11.0,16201744.216,16201745.216,10.0
train_harn,HARn/11_Peel_fruits/user6/3-2-1,user6,3-2-1,11_Peel_fruits,"/home/fluxx/Workspace/cuchx-large/hf_data_manual/LMT_(IMU,Radar,Skeleton)/Training/HARn/11_Peel_fruits/user6/3-2-1",166.0,199.0,34.0,16202535.516,16202538.816,10.000000003386628
train_harn,HARn/11_Peel_fruits/user6/3-2-2,user6,3-2-2,11_Peel_fruits,"/home/fluxx/Workspace/cuchx-large/hf_data_manual/LMT_(IMU,Radar,Skeleton)/Training/HARn/11_Peel_fruits/user6/3-2-2",146.0,171.0,26.0,16202613.516,16202616.016,10.0
train_harn,HARn/11_Peel_fruits/user6/3-2-3,user6,3-2-3,11_Peel_fruits,"/home/fluxx/Workspace/cuchx-large/hf_data_manual/LMT_(IMU,Radar,Skeleton)/Training/HARn/11_Peel_fruits/user6/3-2-3",109.0,131.0,23.0,16202703.816,16202706.016,9.999999994920058
train_harn,HARn/11_Peel_fruits/user6/5-2-1,user6,5-2-1,11_Peel_fruits,"/home/fluxx/Workspace/cuchx-large/hf_data_manual/LMT_(IMU,Radar,Skeleton)/Training/HARn/11_Peel_fruits/user6/5-2-1",68.0,118.0,51.0,16202825.716,16202830.716,10.0
train_harn,HARn/11_Peel_fruits/user6/5-2-2,user6,5-2-2,11_Peel_fruits,"/home/fluxx/Workspace/cuchx-large/hf_data_manual/LMT_(IMU,Radar,Skeleton)/Training/HARn/11_Peel_fruits/user6/5-2-2",64.0,104.0,41.0,16202903.316,16202907.316,10.0
train_harn,HARn/11_Peel_fruits/user6/5-2-3,user6,5-2-3,11_Peel_fruits,"/home/fluxx/Workspace/cuchx-large/hf_data_manual/LMT_(IMU,Radar,Skeleton)/Training/HARn/11_Peel_fruits/user6/5-2-3",42.0,55.0,14.0,16202958.116,16202959.416,10.000000008596825
train_harn,HARn/11_Peel_fruits/user7/7-2-1,user7,7-2-1,11_Peel_fruits,"/home/fluxx/Workspace/cuchx-large/hf_data_manual/LMT_(IMU,Radar,Skeleton)/Training/HARn/11_Peel_fruits/user7/7-2-1",21.0,77.0,57.0,16204856.016,16204861.616,10.00000000066523
train_harn,HARn/11_Peel_fruits/user7/7-2-2,user7,7-2-2,11_Peel_fruits,"/home/fluxx/Workspace/cuchx-large/hf_data_manual/LMT_(IMU,Radar,Skeleton)/Training/HARn/11_Peel_fruits/user7/7-2-2",18.0,59.0,42.0,16204928.716,16204932.816,10.000000000908607
train_harn,HARn/11_Peel_fruits/user7/7-2-3,user7,7-2-3,11_Peel_fruits,"/home/fluxx/Workspace/cuchx-large/hf_data_manual/LMT_(IMU,Radar,Skeleton)/Training/HARn/11_Peel_fruits/user7/7-2-3",18.0,35.0,18.0,16204984.716,16204986.416,10.000000004382695
train_harn,HARn/11_Peel_fruits/user8/4-2-1,user8,4-2-1,11_Peel_fruits,"/home/fluxx/Workspace/cuchx-large/hf_data_manual/LMT_(IMU,Radar,Skeleton)/Training/HARn/11_Peel_fruits/user8/4-2-1",144.0,167.0,24.0,16208772.316,16208774.616,9.999999996760618
train_harn,HARn/11_Peel_fruits/user8/4-2-2,user8,4-2-2,11_Peel_fruits,"/home/fluxx/Workspace/cuchx-large/hf_data_manual/LMT_(IMU,Radar,Skeleton)/Training/HARn/11_Peel_fruits/user8/4-2-2",75.0,86.0,12.0,16208847.416,16208848.516,9.99999998645349
train_harn,HARn/11_Peel_fruits/user8/4-2-3,user8,4-2-3,11_Peel_fruits,"/home/fluxx/Workspace/cuchx-large/hf_data_manual/LMT_(IMU,Radar,Skeleton)/Training/HARn/11_Peel_fruits/user8/4-2-3",122.0,142.0,21.0,16208936.116,16208938.116,10.0
train_harn,HARn/11_Peel_fruits/user8/6-2-1,user8,6-2-1,11_Peel_fruits,"/home/fluxx/Workspace/cuchx-large/hf_data_manual/LMT_(IMU,Radar,Skeleton)/Training/HARn/11_Peel_fruits/user8/6-2-1",202.0,308.0,107.0,16062756.116,16062766.716,10.000000000351443
train_harn,HARn/11_Peel_fruits/user8/6-2-2,user8,6-2-2,11_Peel_fruits,"/home/fluxx/Workspace/cuchx-large/hf_data_manual/LMT_(IMU,Radar,Skeleton)/Training/HARn/11_Peel_fruits/user8/6-2-2",145.0,180.0,36.0,16062888.416,16062891.916,10.0
train_harn,HARn/11_Peel_fruits/user8/6-2-3,user8,6-2-3,11_Peel_fruits,"/home/fluxx/Workspace/cuchx-large/hf_data_manual/LMT_(IMU,Radar,Skeleton)/Training/HARn/11_Peel_fruits/user8/6-2-3",202.0,260.0,59.0,16063008.116,16063013.916,10.000000001926875
train_harn,HARn/11_Peel_fruits/user8/7-2-1,user8,7-2-1,11_Peel_fruits,"/home/fluxx/Workspace/cuchx-large/hf_data_manual/LMT_(IMU,Radar,Skeleton)/Training/HARn/11_Peel_fruits/user8/7-2-1",178.0,205.0,28.0,16209116.716,16209119.416,10.000000002759474
train_harn,HARn/11_Peel_fruits/user8/7-2-2,user8,7-2-2,11_Peel_fruits,"/home/fluxx/Workspace/cuchx-large/hf_data_manual/LMT_(IMU,Radar,Skeleton)/Training/HARn/11_Peel_fruits/user8/7-2-2",112.0,128.0,17.0,16209182.116,16209183.716,10.000000002328306
train_harn,HARn/11_Peel_fruits/user8/7-2-3,user8,7-2-3,11_Peel_fruits,"/home/fluxx/Workspace/cuchx-large/hf_data_manual/LMT_(IMU,Radar,Skeleton)/Training/HARn/11_Peel_fruits/user8/7-2-3",94.0,98.0,5.0,16209242.316,16209242.716,9.999999990686774
train_harn,HARn/11_Peel_fruits/user9/2-3-1,user9,2-3-1,11_Peel_fruits,"/home/fluxx/Workspace/cuchx-large/hf_data_manual/LMT_(IMU,Radar,Skeleton)/Training/HARn/11_Peel_fruits/user9/2-3-1",63.0,107.0,45.0,16209839.216,16209843.616,9.999999999153344
train_harn,HARn/11_Peel_fruits/user9/2-3-2,user9,2-3-2,11_Peel_fruits,"/home/fluxx/Workspace/cuchx-large/hf_data_manual/LMT_(IMU,Radar,Skeleton)/Training/HARn/11_Peel_fruits/user9/2-3-2",59.0,96.0,38.0,16209913.816,16209917.516,9.999999996979493
train_harn,HARn/11_Peel_fruits/user9/2-3-3,user9,2-3-3,11_Peel_fruits,"/home/fluxx/Workspace/cuchx-large/hf_data_manual/LMT_(IMU,Radar,Skeleton)/Training/HARn/11_Peel_fruits/user9/2-3-3",48.0,73.0,26.0,16209968.716,16209971.216,10.0
train_harn,HARn/12_Sweep_the_floor/user1/6-2-1,user1,6-2-1,12_Sweep_the_floor,"/home/fluxx/Workspace/cuchx-large/hf_data_manual/LMT_(IMU,Radar,Skeleton)/Training/HARn/12_Sweep_the_floor/user1/6-2-1",97.0,202.0,106.0,14051158.616,14051169.116,10.0
train_harn,HARn/12_Sweep_the_floor/user1/6-2-2,user1,6-2-2,12_Sweep_the_floor,"/home/fluxx/Workspace/cuchx-large/hf_data_manual/LMT_(IMU,Radar,Skeleton)/Training/HARn/12_Sweep_the_floor/user1/6-2-2",93.0,186.0,94.0,14051389.216,14051398.516,9.999999999198863
train_harn,HARn/12_Sweep_the_floor/user1/6-2-3,user1,6-2-3,12_Sweep_the_floor,"/home/fluxx/Workspace/cuchx-large/hf_data_manual/LMT_(IMU,Radar,Skeleton)/Training/HARn/12_Sweep_the_floor/user1/6-2-3",82.0,148.0,67.0,14051570.116,14051576.716,10.000000000564437
train_harn,HARn/12_Sweep_the_floor/user16/3-1-1,user16,3-1-1,12_Sweep_the_floor,"/home/fluxx/Workspace/cuchx-large/hf_data_manual/LMT_(IMU,Radar,Skeleton)/Training/HARn/12_Sweep_the_floor/user16/3-1-1",20.0,121.0,102.0,16886767.916,16886778.016,10.000000002213044
train_harn,HARn/12_Sweep_the_floor/user16/3-1-2,user16,3-1-2,12_Sweep_the_floor,"/home/fluxx/Workspace/cuchx-large/hf_data_manual/LMT_(IMU,Radar,Skeleton)/Training/HARn/12_Sweep_the_floor/user16/3-1-2",14.0,127.0,114.0,16886976.316,16886987.616,9.999999999340657
train_harn,HARn/12_Sweep_the_floor/user16/3-1-3,user16,3-1-3,12_Sweep_the_floor,"/home/fluxx/Workspace/cuchx-large/hf_data_manual/LMT_(IMU,Radar,Skeleton)/Training/HARn/12_Sweep_the_floor/user16/3-1-3",21.0,86.0,66.0,16887088.016,16887094.516,10.0
train_harn,HARn/12_Sweep_the_floor/user16/6-2-1,user16,6-2-1,12_Sweep_the_floor,"/home/fluxx/Workspace/cuchx-large/hf_data_manual/LMT_(IMU,Radar,Skeleton)/Training/HARn/12_Sweep_the_floor/user16/6-2-1",174.0,240.0,67.0,17074353.316,17074359.916,9.999999997742249
train_harn,HARn/12_Sweep_the_floor/user16/6-2-2,user16,6-2-2,12_Sweep_the_floor,"/home/fluxx/Workspace/cuchx-large/hf_data_manual/LMT_(IMU,Radar,Skeleton)/Training/HARn/12_Sweep_the_floor/user16/6-2-2",126.0,170.0,45.0,17074488.516,17074492.916,9.999999994920058
train_harn,HARn/12_Sweep_the_floor/user16/6-2-3,user16,6-2-3,12_Sweep_the_floor,"/home/fluxx/Workspace/cuchx-large/hf_data_manual/LMT_(IMU,Radar,Skeleton)/Training/HARn/12_Sweep_the_floor/user16/6-2-3",177.0,221.0,45.0,17074717.616,17074722.016,10.000000003386628
train_harn,HARn/12_Sweep_the_floor/user17/3-1-1,user17,3-1-1,12_Sweep_the_floor,"/home/fluxx/Workspace/cuchx-large/hf_data_manual/LMT_(IMU,Radar,Skeleton)/Training/HARn/12_Sweep_the_floor/user17/3-1-1",18.0,111.0,94.0,16890646.716,16890656.016,9.999999999198863
train_harn,HARn/12_Sweep_the_floor/user17/3-1-2,user17,3-1-2,12_Sweep_the_floor,"/home/fluxx/Workspace/cuchx-large/hf_data_manual/LMT_(IMU,Radar,Skeleton)/Training/HARn/12_Sweep_the_floor/user17/3-1-2",9.0,97.0,89.0,16890772.816,16890781.616,9.999999999153344
train_harn,HARn/12_Sweep_the_floor/user17/3-1-3,user17,3-1-3,12_Sweep_the_floor,"/home/fluxx/Workspace/cuchx-large/hf_data_manual/LMT_(IMU,Radar,Skeleton)/Training/HARn/12_Sweep_the_floor/user17/3-1-3",12.0,50.0,39.0,16890918.116,16890921.916,9.999999998039321
train_harn,HARn/12_Sweep_the_floor/user18/3-1-1,user18,3-1-1,12_Sweep_the_floor,"/home/fluxx/Workspace/cuchx-large/hf_data_manual/LMT_(IMU,Radar,Skeleton)/Training/HARn/12_Sweep_the_floor/user18/3-1-1",60.0,105.0,46.0,16898955.916,16898960.416,10.0
train_harn,HARn/12_Sweep_the_floor/user18/3-1-2,user18,3-1-2,12_Sweep_the_floor,"/home/fluxx/Workspace/cuchx-large/hf_data_manual/LMT_(IMU,Radar,Skeleton)/Training/HARn/12_Sweep_the_floor/user18/3-1-2",36.0,50.0,15.0,16899042.516,16899043.916,9.99999998403447
train_harn,HARn/12_Sweep_the_floor/user18/3-1-3,user18,3-1-3,12_Sweep_the_floor,"/home/fluxx/Workspace/cuchx-large/hf_data_manual/LMT_(IMU,Radar,Skeleton)/Training/HARn/12_Sweep_the_floor/user18/3-1-3",41.0,69.0,29.0,16899116.016,16899118.816,9.999999997339078
train_harn,HARn/12_Sweep_the_floor/user19/3-3-1,user19,3-3-1,12_Sweep_the_floor,"/home/fluxx/Workspace/cuchx-large/hf_data_manual/LMT_(IMU,Radar,Skeleton)/Training/HARn/12_Sweep_the_floor/user19/3-3-1",56.0,88.0,33.0,16900879.516,16900882.716,10.000000002328306
train_harn,HARn/12_Sweep_the_floor/user19/3-3-2,user19,3-3-2,12_Sweep_the_floor,"/home/fluxx/Workspace/cuchx-large/hf_data_manual/LMT_(IMU,Radar,Skeleton)/Training/HARn/12_Sweep_the_floor/user19/3-3-2",44.0,73.0,30.0,16900972.316,16900975.216,10.00000000513833
train_harn,HARn/12_Sweep_the_floor/user19/3-3-3,user19,3-3-3,12_Sweep_the_floor,"/home/fluxx/Workspace/cuchx-large/hf_data_manual/LMT_(IMU,Radar,Skeleton)/Training/HARn/12_Sweep_the_floor/user19/3-3-3",24.0,39.0,16.0,16901050.316,16901051.816,10.0
train_harn,HARn/12_Sweep_the_floor/user19/7-2-1,user19,7-2-1,12_Sweep_the_floor,"/home/fluxx/Workspace/cuchx-large/hf_data_manual/LMT_(IMU,Radar,Skeleton)/Training/HARn/12_Sweep_the_floor/user19/7-2-1",79.0,129.0,51.0,17063814.816,17063819.816,10.0
train_harn,HARn/12_Sweep_the_floor/user19/7-2-2,user19,7-2-2,12_Sweep_the_floor,"/home/fluxx/Workspace/cuchx-large/hf_data_manual/LMT_(IMU,Radar,Skeleton)/Training/HARn/12_Sweep_the_floor/user19/7-2-2",63.0,94.0,32.0,17063936.216,17063939.316,9.999999995193173
train_harn,HARn/12_Sweep_the_floor/user19/7-2-3,user19,7-2-3,12_Sweep_the_floor,"/home/fluxx/Workspace/cuchx-large/hf_data_manual/LMT_(IMU,Radar,Skeleton)/Training/HARn/12_Sweep_the_floor/user19/7-2-3",62.0,85.0,24.0,17064035.116,17064037.416,9.999999996760618
train_harn,HARn/12_Sweep_the_floor/user2/3-1-1,user2,3-1-1,12_Sweep_the_floor,"/home/fluxx/Workspace/cuchx-large/hf_data_manual/LMT_(IMU,Radar,Skeleton)/Training/HARn/12_Sweep_the_floor/user2/3-1-1",63.0,118.0,56.0,17161994.216,17161999.716,10.0
train_harn,HARn/12_Sweep_the_floor/user2/3-1-2,user2,3-1-2,12_Sweep_the_floor,"/home/fluxx/Workspace/cuchx-large/hf_data_manual/LMT_(IMU,Radar,Skeleton)/Training/HARn/12_Sweep_the_floor/user2/3-1-2",54.0,143.0,90.0,14145315.316,14145324.216,9.999999999581428
train_harn,HARn/12_Sweep_the_floor/user2/3-1-3,user2,3-1-3,12_Sweep_the_floor,"/home/fluxx/Workspace/cuchx-large/hf_data_manual/LMT_(IMU,Radar,Skeleton)/Training/HARn/12_Sweep_the_floor/user2/3-1-3",34.0,87.0,54.0,14145382.316,14145387.616,9.99999999859423
train_harn,HARn/12_Sweep_the_floor/user20/2-1-1,user20,2-1-1,12_Sweep_the_floor,"/home/fluxx/Workspace/cuchx-large/hf_data_manual/LMT_(IMU,Radar,Skeleton)/Training/HARn/12_Sweep_the_floor/user20/2-1-1",393.0,492.0,100.0,17059774.216,17059784.116,9.999999997742249
train_harn,HARn/12_Sweep_the_floor/user20/2-1-2,user20,2-1-2,12_Sweep_the_floor,"/home/fluxx/Workspace/cuchx-large/hf_data_manual/LMT_(IMU,Radar,Skeleton)/Training/HARn/12_Sweep_the_floor/user20/2-1-2",392.0,451.0,60.0,17060014.116,17060020.016,10.00000000252562
train_harn,HARn/12_Sweep_the_floor/user20/2-1-3,user20,2-1-3,12_Sweep_the_floor,"/home/fluxx/Workspace/cuchx-large/hf_data_manual/LMT_(IMU,Radar,Skeleton)/Training/HARn/12_Sweep_the_floor/user20/2-1-3",218.0,249.0,32.0,17060115.716,17060118.816,9.999999995193173
train_harn,HARn/12_Sweep_the_floor/user20/3-2-1,user20,3-2-1,12_Sweep_the_floor,"/home/fluxx/Workspace/cuchx-large/hf_data_manual/LMT_(IMU,Radar,Skeleton)/Training/HARn/12_Sweep_the_floor/user20/3-2-1",80.0,126.0,47.0,16904554.916,16904559.516,10.000000004859075
train_harn,HARn/12_Sweep_the_floor/user20/3-2-2,user20,3-2-2,12_Sweep_the_floor,"/home/fluxx/Workspace/cuchx-large/hf_data_manual/LMT_(IMU,Radar,Skeleton)/Training/HARn/12_Sweep_the_floor/user20/3-2-2",87.0,123.0,37.0,16904642.616,16904646.216,10.000000006208817
train_harn,HARn/12_Sweep_the_floor/user20/3-2-3,user20,3-2-3,12_Sweep_the_floor,"/home/fluxx/Workspace/cuchx-large/hf_data_manual/LMT_(IMU,Radar,Skeleton)/Training/HARn/12_Sweep_the_floor/user20/3-2-3",60.0,84.0,25.0,16904787.916,16904790.316,10.000000006208817
train_harn,HARn/12_Sweep_the_floor/user21/2-1-1,user21,2-1-1,12_Sweep_the_floor,"/home/fluxx/Workspace/cuchx-large/hf_data_manual/LMT_(IMU,Radar,Skeleton)/Training/HARn/12_Sweep_the_floor/user21/2-1-1",145.0,252.0,108.0,17159386.416,17159397.116,10.000000000696316
train_harn,HARn/12_Sweep_the_floor/user21/2-1-2,user21,2-1-2,12_Sweep_the_floor,"/home/fluxx/Workspace/cuchx-large/hf_data_manual/LMT_(IMU,Radar,Skeleton)/Training/HARn/12_Sweep_the_floor/user21/2-1-2",121.0,226.0,106.0,17159487.016,17159497.516,10.0
train_harn,HARn/12_Sweep_the_floor/user21/2-1-3,user21,2-1-3,12_Sweep_the_floor,"/home/fluxx/Workspace/cuchx-large/hf_data_manual/LMT_(IMU,Radar,Skeleton)/Training/HARn/12_Sweep_the_floor/user21/2-1-3",62.0,129.0,68.0,17159583.116,17159589.816,10.000000001112028
train_harn,HARn/12_Sweep_the_floor/user23/3-2-1,user23,3-2-1,12_Sweep_the_floor,"/home/fluxx/Workspace/cuchx-large/hf_data_manual/LMT_(IMU,Radar,Skeleton)/Training/HARn/12_Sweep_the_floor/user23/3-2-1",56.0,144.0,89.0,17143635.516,17143644.316,9.999999999153344
train_harn,HARn/12_Sweep_the_floor/user23/3-2-2,user23,3-2-2,12_Sweep_the_floor,"/home/fluxx/Workspace/cuchx-large/hf_data_manual/LMT_(IMU,Radar,Skeleton)/Training/HARn/12_Sweep_the_floor/user23/3-2-2",33.0,100.0,68.0,17143787.216,17143793.916,9.999999995551892
train_harn,HARn/12_Sweep_the_floor/user23/3-2-3,user23,3-2-3,12_Sweep_the_floor,"/home/fluxx/Workspace/cuchx-large/hf_data_manual/LMT_(IMU,Radar,Skeleton)/Training/HARn/12_Sweep_the_floor/user23/3-2-3",29.0,104.0,76.0,17143892.816,17143900.316,10.0
train_harn,HARn/12_Sweep_the_floor/user3/6-2-1,user3,6-2-1,12_Sweep_the_floor,"/home/fluxx/Workspace/cuchx-large/hf_data_manual/LMT_(IMU,Radar,Skeleton)/Training/HARn/12_Sweep_the_floor/user3/6-2-1",81.0,139.0,59.0,17081186.016,17081191.816,9.999999998715417
train_harn,HARn/12_Sweep_the_floor/user3/6-2-2,user3,6-2-2,12_Sweep_the_floor,"/home/fluxx/Workspace/cuchx-large/hf_data_manual/LMT_(IMU,Radar,Skeleton)/Training/HARn/12_Sweep_the_floor/user3/6-2-2",88.0,154.0,67.0,17081445.716,17081452.316,9.999999997742249
train_harn,HARn/12_Sweep_the_floor/user3/6-2-3,user3,6-2-3,12_Sweep_the_floor,"/home/fluxx/Workspace/cuchx-large/hf_data_manual/LMT_(IMU,Radar,Skeleton)/Training/HARn/12_Sweep_the_floor/user3/6-2-3",85.0,124.0,40.0,17081608.416,17081612.316,10.00000000382081
train_harn,HARn/12_Sweep_the_floor/user4/2-2-1,user4,2-2-1,12_Sweep_the_floor,"/home/fluxx/Workspace/cuchx-large/hf_data_manual/LMT_(IMU,Radar,Skeleton)/Training/HARn/12_Sweep_the_floor/user4/2-2-1",98.0,190.0,93.0,14138958.716,14138967.916,10.000000000809846
train_harn,HARn/12_Sweep_the_floor/user4/2-2-2,user4,2-2-2,12_Sweep_the_floor,"/home/fluxx/Workspace/cuchx-large/hf_data_manual/LMT_(IMU,Radar,Skeleton)/Training/HARn/12_Sweep_the_floor/user4/2-2-2",111.0,180.0,70.0,14139090.016,14139096.916,10.000000002159588
train_harn,HARn/12_Sweep_the_floor/user4/2-2-3,user4,2-2-3,12_Sweep_the_floor,"/home/fluxx/Workspace/cuchx-large/hf_data_manual/LMT_(IMU,Radar,Skeleton)/Training/HARn/12_Sweep_the_floor/user4/2-2-3",102.0,158.0,57.0,14139347.116,14139352.716,10.00000000066523
train_harn,HARn/12_Sweep_the_floor/user5/3-1-1,user5,3-1-1,12_Sweep_the_floor,"/home/fluxx/Workspace/cuchx-large/hf_data_manual/LMT_(IMU,Radar,Skeleton)/Training/HARn/12_Sweep_the_floor/user5/3-1-1",73.0,233.0,161.0,14120845.216,14120861.216,10.0
train_harn,HARn/12_Sweep_the_floor/user5/3-1-2,user5,3-1-2,12_Sweep_the_floor,"/home/fluxx/Workspace/cuchx-large/hf_data_manual/LMT_(IMU,Radar,Skeleton)/Training/HARn/12_Sweep_the_floor/user5/3-1-2",60.0,238.0,179.0,14120952.916,14120970.716,9.999999999581428
train_harn,HARn/12_Sweep_the_floor/user5/3-1-3,user5,3-1-3,12_Sweep_the_floor,"/home/fluxx/Workspace/cuchx-large/hf_data_manual/LMT_(IMU,Radar,Skeleton)/Training/HARn/12_Sweep_the_floor/user5/3-1-3",38.0,136.0,99.0,14121031.716,14121041.516,9.999999999239737
train_harn,HARn/12_Sweep_the_floor/user6/3-1-1,user6,3-1-1,12_Sweep_the_floor,"/home/fluxx/Workspace/cuchx-large/hf_data_manual/LMT_(IMU,Radar,Skeleton)/Training/HARn/12_Sweep_the_floor/user6/3-1-1",14.0,249.0,236.0,16052985.316,16053008.816,10.0
train_harn,HARn/12_Sweep_the_floor/user6/3-1-2,user6,3-1-2,12_Sweep_the_floor,"/home/fluxx/Workspace/cuchx-large/hf_data_manual/LMT_(IMU,Radar,Skeleton)/Training/HARn/12_Sweep_the_floor/user6/3-1-2",14.0,114.0,101.0,16053128.316,16053138.316,10.0
train_harn,HARn/12_Sweep_the_floor/user6/3-1-3,user6,3-1-3,12_Sweep_the_floor,"/home/fluxx/Workspace/cuchx-large/hf_data_manual/LMT_(IMU,Radar,Skeleton)/Training/HARn/12_Sweep_the_floor/user6/3-1-3",12.0,61.0,50.0,16053219.116,16053224.016,9.999999999239737
train_harn,HARn/12_Sweep_the_floor/user6/6-2-1,user6,6-2-1,12_Sweep_the_floor,"/home/fluxx/Workspace/cuchx-large/hf_data_manual/LMT_(IMU,Radar,Skeleton)/Training/HARn/12_Sweep_the_floor/user6/6-2-1",129.0,182.0,54.0,16203154.816,16203160.116,9.99999999859423
train_harn,HARn/12_Sweep_the_floor/user6/6-2-2,user6,6-2-2,12_Sweep_the_floor,"/home/fluxx/Workspace/cuchx-large/hf_data_manual/LMT_(IMU,Radar,Skeleton)/Training/HARn/12_Sweep_the_floor/user6/6-2-2",82.0,96.0,15.0,16203247.116,16203248.516,9.999999997339078
train_harn,HARn/12_Sweep_the_floor/user6/6-2-3,user6,6-2-3,12_Sweep_the_floor,"/home/fluxx/Workspace/cuchx-large/hf_data_manual/LMT_(IMU,Radar,Skeleton)/Training/HARn/12_Sweep_the_floor/user6/6-2-3",133.0,171.0,39.0,16203345.216,16203349.016,9.999999998039321
train_harn,HARn/12_Sweep_the_floor/user7/3-1-1,user7,3-1-1,12_Sweep_the_floor,"/home/fluxx/Workspace/cuchx-large/hf_data_manual/LMT_(IMU,Radar,Skeleton)/Training/HARn/12_Sweep_the_floor/user7/3-1-1",13.0,82.0,70.0,16057676.216,16057683.116,9.999999999460103
train_harn,HARn/12_Sweep_the_floor/user7/3-1-2,user7,3-1-2,12_Sweep_the_floor,"/home/fluxx/Workspace/cuchx-large/hf_data_manual/LMT_(IMU,Radar,Skeleton)/Training/HARn/12_Sweep_the_floor/user7/3-1-2",1.0,42.0,42.0,16057771.016,16057775.116,10.000000000908607
train_harn,HARn/12_Sweep_the_floor/user7/3-1-3,user7,3-1-3,12_Sweep_the_floor,"/home/fluxx/Workspace/cuchx-large/hf_data_manual/LMT_(IMU,Radar,Skeleton)/Training/HARn/12_Sweep_the_floor/user7/3-1-3",11.0,42.0,32.0,16057859.016,16057862.116,10.000000001201707
train_harn,HARn/12_Sweep_the_floor/user8/3-1-1,user8,3-1-1,12_Sweep_the_floor,"/home/fluxx/Workspace/cuchx-large/hf_data_manual/LMT_(IMU,Radar,Skeleton)/Training/HARn/12_Sweep_the_floor/user8/3-1-1",28.0,101.0,74.0,16061132.716,16061140.016,9.999999998979373
train_harn,HARn/12_Sweep_the_floor/user8/3-1-2,user8,3-1-2,12_Sweep_the_floor,"/home/fluxx/Workspace/cuchx-large/hf_data_manual/LMT_(IMU,Radar,Skeleton)/Training/HARn/12_Sweep_the_floor/user8/3-1-2",2.0,38.0,37.0,16061276.116,16061279.716,10.000000001034802
train_harn,HARn/12_Sweep_the_floor/user8/3-1-3,user8,3-1-3,12_Sweep_the_floor,"/home/fluxx/Workspace/cuchx-large/hf_data_manual/LMT_(IMU,Radar,Skeleton)/Training/HARn/12_Sweep_the_floor/user8/3-1-3",22.0,68.0,47.0,16061392.116,16061396.716,10.000000000809846
train_harn,HARn/12_Sweep_the_floor/user9/3-3-1,user9,3-3-1,12_Sweep_the_floor,"/home/fluxx/Workspace/cuchx-large/hf_data_manual/LMT_(IMU,Radar,Skeleton)/Training/HARn/12_Sweep_the_floor/user9/3-3-1",77.0,119.0,43.0,16105706.616,16105710.816,10.000000001773948
train_harn,HARn/12_Sweep_the_floor/user9/3-3-2,user9,3-3-2,12_Sweep_the_floor,"/home/fluxx/Workspace/cuchx-large/hf_data_manual/LMT_(IMU,Radar,Skeleton)/Training/HARn/12_Sweep_the_floor/user9/3-3-2",60.0,108.0,49.0,16106039.916,16106044.716,9.999999998447796
train_harn,HARn/12_Sweep_the_floor/user9/3-3-3,user9,3-3-3,12_Sweep_the_floor,"/home/fluxx/Workspace/cuchx-large/hf_data_manual/LMT_(IMU,Radar,Skeleton)/Training/HARn/12_Sweep_the_floor/user9/3-3-3",56.0,96.0,41.0,16106163.516,16106167.516,10.0
train_harn,HARn/12_Sweep_the_floor/user9/7-2-1,user9,7-2-1,12_Sweep_the_floor,"/home/fluxx/Workspace/cuchx-large/hf_data_manual/LMT_(IMU,Radar,Skeleton)/Training/HARn/12_Sweep_the_floor/user9/7-2-1",69.0,96.0,28.0,16210508.816,16210511.516,9.999999995860788
train_harn,HARn/12_Sweep_the_floor/user9/7-2-2,user9,7-2-2,12_Sweep_the_floor,"/home/fluxx/Workspace/cuchx-large/hf_data_manual/LMT_(IMU,Radar,Skeleton)/Training/HARn/12_Sweep_the_floor/user9/7-2-2",44.0,56.0,13.0,16210609.316,16210610.516,9.999999990686774
train_harn,HARn/12_Sweep_the_floor/user9/7-2-3,user9,7-2-3,12_Sweep_the_floor,"/home/fluxx/Workspace/cuchx-large/hf_data_manual/LMT_(IMU,Radar,Skeleton)/Training/HARn/12_Sweep_the_floor/user9/7-2-3",55.0,72.0,18.0,16210675.416,16210677.116,9.99999999342596
train_harn,HARn/13_Mop_the_floor/user1/3-2-1,user1,3-2-1,13_Mop_the_floor,"/home/fluxx/Workspace/cuchx-large/hf_data_manual/LMT_(IMU,Radar,Skeleton)/Training/HARn/13_Mop_the_floor/user1/3-2-1",91.0,195.0,105.0,14043283.016,14043293.416,10.000000001432804
train_harn,HARn/13_Mop_the_floor/user1/3-2-2,user1,3-2-2,13_Mop_the_floor,"/home/fluxx/Workspace/cuchx-large/hf_data_manual/LMT_(IMU,Radar,Skeleton)/Training/HARn/13_Mop_the_floor/user1/3-2-2",90.0,213.0,124.0,14043670.916,14043683.216,9.999999999394262
train_harn,HARn/13_Mop_the_floor/user1/3-2-3,user1,3-2-3,13_Mop_the_floor,"/home/fluxx/Workspace/cuchx-large/hf_data_manual/LMT_(IMU,Radar,Skeleton)/Training/HARn/13_Mop_the_floor/user1/3-2-3",58.0,137.0,80.0,14043950.716,14043958.616,9.999999999528445
train_harn,HARn/13_Mop_the_floor/user16/3-1-1,user16,3-1-1,13_Mop_the_floor,"/home/fluxx/Workspace/cuchx-large/hf_data_manual/LMT_(IMU,Radar,Skeleton)/Training/HARn/13_Mop_the_floor/user16/3-1-1",234.0,311.0,78.0,16886789.316,16886797.016,10.000000000967608
train_harn,HARn/13_Mop_the_floor/user16/3-1-2,user16,3-1-2,13_Mop_the_floor,"/home/fluxx/Workspace/cuchx-large/hf_data_manual/LMT_(IMU,Radar,Skeleton)/Training/HARn/13_Mop_the_floor/user16/3-1-2",247.0,335.0,89.0,16886999.616,16887008.416,9.999999999153344
train_harn,HARn/13_Mop_the_floor/user16/3-1-3,user16,3-1-3,13_Mop_the_floor,"/home/fluxx/Workspace/cuchx-large/hf_data_manual/LMT_(IMU,Radar,Skeleton)/Training/HARn/13_Mop_the_floor/user16/3-1-3",145.0,186.0,42.0,16887100.416,16887104.516,10.000000005451644
train_harn,HARn/13_Mop_the_floor/user17/3-1-1,user17,3-1-1,13_Mop_the_floor,"/home/fluxx/Workspace/cuchx-large/hf_data_manual/LMT_(IMU,Radar,Skeleton)/Training/HARn/13_Mop_the_floor/user17/3-1-1",150.0,212.0,63.0,16890659.916,16890666.116,10.000000001201707
train_harn,HARn/13_Mop_the_floor/user17/3-1-2,user17,3-1-2,13_Mop_the_floor,"/home/fluxx/Workspace/cuchx-large/hf_data_manual/LMT_(IMU,Radar,Skeleton)/Training/HARn/13_Mop_the_floor/user17/3-1-2",122.0,163.0,42.0,16890784.116,16890788.216,10.000000005451644
train_harn,HARn/13_Mop_the_floor/user17/3-1-3,user17,3-1-3,13_Mop_the_floor,"/home/fluxx/Workspace/cuchx-large/hf_data_manual/LMT_(IMU,Radar,Skeleton)/Training/HARn/13_Mop_the_floor/user17/3-1-3",70.0,96.0,27.0,16890923.916,16890926.516,10.000000008596825
train_harn,HARn/13_Mop_the_floor/user18/3-1-1,user18,3-1-1,13_Mop_the_floor,"/home/fluxx/Workspace/cuchx-large/hf_data_manual/LMT_(IMU,Radar,Skeleton)/Training/HARn/13_Mop_the_floor/user18/3-1-1",145.0,182.0,38.0,16898964.416,16898968.116,10.000000002013671
train_harn,HARn/13_Mop_the_floor/user18/3-1-2,user18,3-1-2,13_Mop_the_floor,"/home/fluxx/Workspace/cuchx-large/hf_data_manual/LMT_(IMU,Radar,Skeleton)/Training/HARn/13_Mop_the_floor/user18/3-1-2",73.0,102.0,30.0,16899046.216,16899049.116,9.999999992292503
train_harn,HARn/13_Mop_the_floor/user18/3-1-3,user18,3-1-3,13_Mop_the_floor,"/home/fluxx/Workspace/cuchx-large/hf_data_manual/LMT_(IMU,Radar,Skeleton)/Training/HARn/13_Mop_the_floor/user18/3-1-3",96.0,128.0,33.0,16899121.516,16899124.716,10.000000002328306
train_harn,HARn/13_Mop_the_floor/user19/3-3-1,user19,3-3-1,13_Mop_the_floor,"/home/fluxx/Workspace/cuchx-large/hf_data_manual/LMT_(IMU,Radar,Skeleton)/Training/HARn/13_Mop_the_floor/user19/3-3-1",342.0,376.0,35.0,16900908.116,16900911.516,10.000000004382695
train_harn,HARn/13_Mop_the_floor/user19/3-3-2,user19,3-3-2,13_Mop_the_floor,"/home/fluxx/Workspace/cuchx-large/hf_data_manual/LMT_(IMU,Radar,Skeleton)/Training/HARn/13_Mop_the_floor/user19/3-3-2",250.0,294.0,45.0,16900992.916,16900997.316,10.000000003386628
train_harn,HARn/13_Mop_the_floor/user19/3-3-3,user19,3-3-3,13_Mop_the_floor,"/home/fluxx/Workspace/cuchx-large/hf_data_manual/LMT_(IMU,Radar,Skeleton)/Training/HARn/13_Mop_the_floor/user19/3-3-3",161.0,179.0,19.0,16901064.016,16901065.816,9.999999995860788
train_harn,HARn/13_Mop_the_floor/user19/7-2-1,user19,7-2-1,13_Mop_the_floor,"/home/fluxx/Workspace/cuchx-large/hf_data_manual/LMT_(IMU,Radar,Skeleton)/Training/HARn/13_Mop_the_floor/user19/7-2-1",154.0,222.0,69.0,17063822.316,17063829.116,9.999999998904327
train_harn,HARn/13_Mop_the_floor/user19/7-2-2,user19,7-2-2,13_Mop_the_floor,"/home/fluxx/Workspace/cuchx-large/hf_data_manual/LMT_(IMU,Radar,Skeleton)/Training/HARn/13_Mop_the_floor/user19/7-2-2",120.0,145.0,26.0,17063941.916,17063944.416,10.0
train_harn,HARn/13_Mop_the_floor/user19/7-2-3,user19,7-2-3,13_Mop_the_floor,"/home/fluxx/Workspace/cuchx-large/hf_data_manual/LMT_(IMU,Radar,Skeleton)/Training/HARn/13_Mop_the_floor/user19/7-2-3",109.0,132.0,24.0,17064039.816,17064042.116,9.999999996760618
train_harn,HARn/13_Mop_the_floor/user2/3-1-1,user2,3-1-1,13_Mop_the_floor,"/home/fluxx/Workspace/cuchx-large/hf_data_manual/LMT_(IMU,Radar,Skeleton)/Training/HARn/13_Mop_the_floor/user2/3-1-1",183.0,211.0,29.0,17162006.216,17162009.016,9.999999997339078
train_harn,HARn/13_Mop_the_floor/user2/3-1-2,user2,3-1-2,13_Mop_the_floor,"/home/fluxx/Workspace/cuchx-large/hf_data_manual/LMT_(IMU,Radar,Skeleton)/Training/HARn/13_Mop_the_floor/user2/3-1-2",220.0,235.0,16.0,14145331.916,14145333.416,10.0
train_harn,HARn/13_Mop_the_floor/user2/3-1-3,user2,3-1-3,13_Mop_the_floor,"/home/fluxx/Workspace/cuchx-large/hf_data_manual/LMT_(IMU,Radar,Skeleton)/Training/HARn/13_Mop_the_floor/user2/3-1-3",129.0,148.0,20.0,14145391.816,14145393.716,9.999999998039321
train_harn,HARn/13_Mop_the_floor/user20/2-1-1,user20,2-1-1,13_Mop_the_floor,"/home/fluxx/Workspace/cuchx-large/hf_data_manual/LMT_(IMU,Radar,Skeleton)/Training/HARn/13_Mop_the_floor/user20/2-1-1",498.0,572.0,75.0,17059784.716,17059792.116,9.999999996979493
train_harn,HARn/13_Mop_the_floor/user20/2-1-2,user20,2-1-2,13_Mop_the_floor,"/home/fluxx/Workspace/cuchx-large/hf_data_manual/LMT_(IMU,Radar,Skeleton)/Training/HARn/13_Mop_the_floor/user20/2-1-2",460.0,494.0,35.0,17060020.916,17060024.316,10.000000004382695
train_harn,HARn/13_Mop_the_floor/user20/2-1-3,user20,2-1-3,13_Mop_the_floor,"/home/fluxx/Workspace/cuchx-large/hf_data_manual/LMT_(IMU,Radar,Skeleton)/Training/HARn/13_Mop_the_floor/user20/2-1-3",268.0,280.0,13.0,17060120.716,17060121.916,9.999999975164732
train_harn,HARn/13_Mop_the_floor/user20/3-2-1,user20,3-2-1,13_Mop_the_floor,"/home/fluxx/Workspace/cuchx-large/hf_data_manual/LMT_(IMU,Radar,Skeleton)/Training/HARn/13_Mop_the_floor/user20/3-2-1",160.0,209.0,50.0,16904562.916,16904567.816,10.000000003041054
train_harn,HARn/13_Mop_the_floor/user20/3-2-2,user20,3-2-2,13_Mop_the_floor,"/home/fluxx/Workspace/cuchx-large/hf_data_manual/LMT_(IMU,Radar,Skeleton)/Training/HARn/13_Mop_the_floor/user20/3-2-2",151.0,183.0,33.0,16904649.016,16904652.216,10.000000002328306
train_harn,HARn/13_Mop_the_floor/user20/3-2-3,user20,3-2-3,13_Mop_the_floor,"/home/fluxx/Workspace/cuchx-large/hf_data_manual/LMT_(IMU,Radar,Skeleton)/Training/HARn/13_Mop_the_floor/user20/3-2-3",99.0,118.0,20.0,16904791.816,16904793.716,10.000000007842717
train_harn,HARn/13_Mop_the_floor/user20/6-3-1,user20,6-3-1,13_Mop_the_floor,"/home/fluxx/Workspace/cuchx-large/hf_data_manual/LMT_(IMU,Radar,Skeleton)/Training/HARn/13_Mop_the_floor/user20/6-3-1",282.0,329.0,48.0,16902569.116,16902573.816,10.00000000158523
train_harn,HARn/13_Mop_the_floor/user20/6-3-2,user20,6-3-2,13_Mop_the_floor,"/home/fluxx/Workspace/cuchx-large/hf_data_manual/LMT_(IMU,Radar,Skeleton)/Training/HARn/13_Mop_the_floor/user20/6-3-2",162.0,184.0,23.0,16902642.116,16902644.316,10.000000003386628
train_harn,HARn/13_Mop_the_floor/user20/6-3-3,user20,6-3-3,13_Mop_the_floor,"/home/fluxx/Workspace/cuchx-large/hf_data_manual/LMT_(IMU,Radar,Skeleton)/Training/HARn/13_Mop_the_floor/user20/6-3-3",229.0,273.0,45.0,16902707.816,16902712.216,10.000000003386628
train_harn,HARn/13_Mop_the_floor/user21/2-1-1,user21,2-1-1,13_Mop_the_floor,"/home/fluxx/Workspace/cuchx-large/hf_data_manual/LMT_(IMU,Radar,Skeleton)/Training/HARn/13_Mop_the_floor/user21/2-1-1",290.0,330.0,41.0,17159400.916,17159404.916,10.0
train_harn,HARn/13_Mop_the_floor/user21/2-1-2,user21,2-1-2,13_Mop_the_floor,"/home/fluxx/Workspace/cuchx-large/hf_data_manual/LMT_(IMU,Radar,Skeleton)/Training/HARn/13_Mop_the_floor/user21/2-1-2",258.0,306.0,49.0,17159500.716,17159505.516,9.999999998447796
train_harn,HARn/13_Mop_the_floor/user21/2-1-3,user21,2-1-3,13_Mop_the_floor,"/home/fluxx/Workspace/cuchx-large/hf_data_manual/LMT_(IMU,Radar,Skeleton)/Training/HARn/13_Mop_the_floor/user21/2-1-3",136.0,159.0,24.0,17159590.516,17159592.816,9.999999996760618
train_harn,HARn/13_Mop_the_floor/user4/2-2-1,user4,2-2-1,13_Mop_the_floor,"/home/fluxx/Workspace/cuchx-large/hf_data_manual/LMT_(IMU,Radar,Skeleton)/Training/HARn/13_Mop_the_floor/user4/2-2-1",230.0,273.0,44.0,14138971.916,14138976.216,9.999999998267306
train_harn,HARn/13_Mop_the_floor/user4/2-2-2,user4,2-2-2,13_Mop_the_floor,"/home/fluxx/Workspace/cuchx-large/hf_data_manual/LMT_(IMU,Radar,Skeleton)/Training/HARn/13_Mop_the_floor/user4/2-2-2",217.0,320.0,104.0,14139100.616,14139110.916,10.000000001085036
train_harn,HARn/13_Mop_the_floor/user4/2-2-3,user4,2-2-3,13_Mop_the_floor,"/home/fluxx/Workspace/cuchx-large/hf_data_manual/LMT_(IMU,Radar,Skeleton)/Training/HARn/13_Mop_the_floor/user4/2-2-3",182.0,201.0,20.0,14139355.116,14139357.016,9.999999998039321
train_harn,HARn/13_Mop_the_floor/user5/5-1-1,user5,5-1-1,13_Mop_the_floor,"/home/fluxx/Workspace/cuchx-large/hf_data_manual/LMT_(IMU,Radar,Skeleton)/Training/HARn/13_Mop_the_floor/user5/5-1-1",74.0,138.0,65.0,14134801.316,14134807.716,9.999999999417923
train_harn,HARn/13_Mop_the_floor/user5/5-1-2,user5,5-1-2,13_Mop_the_floor,"/home/fluxx/Workspace/cuchx-large/hf_data_manual/LMT_(IMU,Radar,Skeleton)/Training/HARn/13_Mop_the_floor/user5/5-1-2",65.0,135.0,71.0,14134901.416,14134908.416,10.0
train_harn,HARn/13_Mop_the_floor/user5/5-1-3,user5,5-1-3,13_Mop_the_floor,"/home/fluxx/Workspace/cuchx-large/hf_data_manual/LMT_(IMU,Radar,Skeleton)/Training/HARn/13_Mop_the_floor/user5/5-1-3",51.0,86.0,36.0,14135016.016,14135019.516,10.0
train_harn,HARn/13_Mop_the_floor/user5/7-2-1,user5,7-2-1,13_Mop_the_floor,"/home/fluxx/Workspace/cuchx-large/hf_data_manual/LMT_(IMU,Radar,Skeleton)/Training/HARn/13_Mop_the_floor/user5/7-2-1",209.0,278.0,70.0,14136025.816,14136032.716,9.999999999460103
train_harn,HARn/13_Mop_the_floor/user5/7-2-2,user5,7-2-2,13_Mop_the_floor,"/home/fluxx/Workspace/cuchx-large/hf_data_manual/LMT_(IMU,Radar,Skeleton)/Training/HARn/13_Mop_the_floor/user5/7-2-2",155.0,205.0,51.0,14136155.416,14136160.416,10.0
train_harn,HARn/13_Mop_the_floor/user5/7-2-3,user5,7-2-3,13_Mop_the_floor,"/home/fluxx/Workspace/cuchx-large/hf_data_manual/LMT_(IMU,Radar,Skeleton)/Training/HARn/13_Mop_the_floor/user5/7-2-3",130.0,164.0,35.0,14136257.916,14136261.316,9.999999998904327
train_harn,HARn/13_Mop_the_floor/user6/3-1-1,user6,3-1-1,13_Mop_the_floor,"/home/fluxx/Workspace/cuchx-large/hf_data_manual/LMT_(IMU,Radar,Skeleton)/Training/HARn/13_Mop_the_floor/user6/3-1-1",310.0,420.0,111.0,16053014.916,16053025.916,10.0
train_harn,HARn/13_Mop_the_floor/user6/3-1-2,user6,3-1-2,13_Mop_the_floor,"/home/fluxx/Workspace/cuchx-large/hf_data_manual/LMT_(IMU,Radar,Skeleton)/Training/HARn/13_Mop_the_floor/user6/3-1-2",192.0,254.0,63.0,16053146.116,16053152.316,10.000000001201707
train_harn,HARn/13_Mop_the_floor/user6/3-1-3,user6,3-1-3,13_Mop_the_floor,"/home/fluxx/Workspace/cuchx-large/hf_data_manual/LMT_(IMU,Radar,Skeleton)/Training/HARn/13_Mop_the_floor/user6/3-1-3",91.0,121.0,31.0,16053227.016,16053230.016,10.0
train_harn,HARn/13_Mop_the_floor/user7/3-1-1,user7,3-1-1,13_Mop_the_floor,"/home/fluxx/Workspace/cuchx-large/hf_data_manual/LMT_(IMU,Radar,Skeleton)/Training/HARn/13_Mop_the_floor/user7/3-1-1",96.0,149.0,54.0,16057684.516,16057689.816,10.000000002108655
train_harn,HARn/13_Mop_the_floor/user7/3-1-2,user7,3-1-2,13_Mop_the_floor,"/home/fluxx/Workspace/cuchx-large/hf_data_manual/LMT_(IMU,Radar,Skeleton)/Training/HARn/13_Mop_the_floor/user7/3-1-2",61.0,113.0,53.0,16057777.016,16057782.216,10.000000001432804
train_harn,HARn/13_Mop_the_floor/user7/3-1-3,user7,3-1-3,13_Mop_the_floor,"/home/fluxx/Workspace/cuchx-large/hf_data_manual/LMT_(IMU,Radar,Skeleton)/Training/HARn/13_Mop_the_floor/user7/3-1-3",49.0,76.0,28.0,16057862.816,16057865.516,9.999999995860788
train_harn,HARn/13_Mop_the_floor/user8/3-1-1,user8,3-1-1,13_Mop_the_floor,"/home/fluxx/Workspace/cuchx-large/hf_data_manual/LMT_(IMU,Radar,Skeleton)/Training/HARn/13_Mop_the_floor/user8/3-1-1",117.0,173.0,57.0,16061141.616,16061147.216,10.00000000066523
train_harn,HARn/13_Mop_the_floor/user8/3-1-3,user8,3-1-3,13_Mop_the_floor,"/home/fluxx/Workspace/cuchx-large/hf_data_manual/LMT_(IMU,Radar,Skeleton)/Training/HARn/13_Mop_the_floor/user8/3-1-3",76.0,125.0,50.0,16061397.516,16061402.416,10.000000003041054
train_harn,HARn/13_Mop_the_floor/user9/3-3-1,user9,3-3-1,13_Mop_the_floor,"/home/fluxx/Workspace/cuchx-large/hf_data_manual/LMT_(IMU,Radar,Skeleton)/Training/HARn/13_Mop_the_floor/user9/3-3-1",333.0,365.0,33.0,16105732.216,16105735.416,10.000000002328306
train_harn,HARn/13_Mop_the_floor/user9/3-3-2,user9,3-3-2,13_Mop_the_floor,"/home/fluxx/Workspace/cuchx-large/hf_data_manual/LMT_(IMU,Radar,Skeleton)/Training/HARn/13_Mop_the_floor/user9/3-3-2",297.0,328.0,32.0,16106063.616,16106066.716,10.000000001201707
train_harn,HARn/13_Mop_the_floor/user9/3-3-3,user9,3-3-3,13_Mop_the_floor,"/home/fluxx/Workspace/cuchx-large/hf_data_manual/LMT_(IMU,Radar,Skeleton)/Training/HARn/13_Mop_the_floor/user9/3-3-3",249.0,272.0,24.0,16106182.816,16106185.116,9.999999996760618
train_harn,HARn/13_Mop_the_floor/user9/7-2-1,user9,7-2-1,13_Mop_the_floor,"/home/fluxx/Workspace/cuchx-large/hf_data_manual/LMT_(IMU,Radar,Skeleton)/Training/HARn/13_Mop_the_floor/user9/7-2-1",127.0,153.0,27.0,16210514.616,16210517.216,10.000000001432804
train_harn,HARn/13_Mop_the_floor/user9/7-2-2,user9,7-2-2,13_Mop_the_floor,"/home/fluxx/Workspace/cuchx-large/hf_data_manual/LMT_(IMU,Radar,Skeleton)/Training/HARn/13_Mop_the_floor/user9/7-2-2",77.0,87.0,11.0,16210612.616,16210613.616,10.0
train_harn,HARn/13_Mop_the_floor/user9/7-2-3,user9,7-2-3,13_Mop_the_floor,"/home/fluxx/Workspace/cuchx-large/hf_data_manual/LMT_(IMU,Radar,Skeleton)/Training/HARn/13_Mop_the_floor/user9/7-2-3",101.0,122.0,22.0,16210680.016,16210682.116,10.000000001773948
train_harn,HARn/14_Wipe_bowls/user1/1-2-1,user1,1-2-1,14_Wipe_bowls,"/home/fluxx/Workspace/cuchx-large/hf_data_manual/LMT_(IMU,Radar,Skeleton)/Training/HARn/14_Wipe_bowls/user1/1-2-1",234.0,265.0,32.0,14149703.316,14149706.416,10.000000001201707
train_harn,HARn/14_Wipe_bowls/user1/1-2-2,user1,1-2-2,14_Wipe_bowls,"/home/fluxx/Workspace/cuchx-large/hf_data_manual/LMT_(IMU,Radar,Skeleton)/Training/HARn/14_Wipe_bowls/user1/1-2-2",261.0,279.0,19.0,14149878.016,14149879.816,10.000000006208817
train_harn,HARn/14_Wipe_bowls/user1/4-1-1,user1,4-1-1,14_Wipe_bowls,"/home/fluxx/Workspace/cuchx-large/hf_data_manual/LMT_(IMU,Radar,Skeleton)/Training/HARn/14_Wipe_bowls/user1/4-1-1",734.0,763.0,30.0,14048327.316,14048330.216,9.999999998715417
train_harn,HARn/14_Wipe_bowls/user1/4-1-2,user1,4-1-2,14_Wipe_bowls,"/home/fluxx/Workspace/cuchx-large/hf_data_manual/LMT_(IMU,Radar,Skeleton)/Training/HARn/14_Wipe_bowls/user1/4-1-2",594.0,625.0,32.0,14048618.316,14048621.416,10.000000001201707
train_harn,HARn/14_Wipe_bowls/user1/4-1-3,user1,4-1-3,14_Wipe_bowls,"/home/fluxx/Workspace/cuchx-large/hf_data_manual/LMT_(IMU,Radar,Skeleton)/Training/HARn/14_Wipe_bowls/user1/4-1-3",370.0,392.0,23.0,14048895.916,14048898.116,9.999999994920058
train_harn,HARn/14_Wipe_bowls/user16/3-2-1,user16,3-2-1,14_Wipe_bowls,"/home/fluxx/Workspace/cuchx-large/hf_data_manual/LMT_(IMU,Radar,Skeleton)/Training/HARn/14_Wipe_bowls/user16/3-2-1",49.0,80.0,32.0,17073513.816,17073516.916,9.999999995193173
train_harn,HARn/14_Wipe_bowls/user16/3-2-2,user16,3-2-2,14_Wipe_bowls,"/home/fluxx/Workspace/cuchx-large/hf_data_manual/LMT_(IMU,Radar,Skeleton)/Training/HARn/14_Wipe_bowls/user16/3-2-2",24.0,62.0,39.0,17073613.316,17073617.116,9.999999998039321
train_harn,HARn/14_Wipe_bowls/user16/3-2-3,user16,3-2-3,14_Wipe_bowls,"/home/fluxx/Workspace/cuchx-large/hf_data_manual/LMT_(IMU,Radar,Skeleton)/Training/HARn/14_Wipe_bowls/user16/3-2-3",25.0,50.0,26.0,17073700.416,17073702.916,10.0
train_harn,HARn/14_Wipe_bowls/user17/3-2-1,user17,3-2-1,14_Wipe_bowls,"/home/fluxx/Workspace/cuchx-large/hf_data_manual/LMT_(IMU,Radar,Skeleton)/Training/HARn/14_Wipe_bowls/user17/3-2-1",62.0,107.0,46.0,17068571.116,17068575.616,10.0
train_harn,HARn/14_Wipe_bowls/user17/3-2-2,user17,3-2-2,14_Wipe_bowls,"/home/fluxx/Workspace/cuchx-large/hf_data_manual/LMT_(IMU,Radar,Skeleton)/Training/HARn/14_Wipe_bowls/user17/3-2-2",54.0,82.0,29.0,17068666.316,17068669.116,9.999999997339078
train_harn,HARn/14_Wipe_bowls/user17/3-2-3,user17,3-2-3,14_Wipe_bowls,"/home/fluxx/Workspace/cuchx-large/hf_data_manual/LMT_(IMU,Radar,Skeleton)/Training/HARn/14_Wipe_bowls/user17/3-2-3",49.0,85.0,37.0,17068745.816,17068749.416,9.999999995860788
train_harn,HARn/14_Wipe_bowls/user18/3-2-1,user18,3-2-1,14_Wipe_bowls,"/home/fluxx/Workspace/cuchx-large/hf_data_manual/LMT_(IMU,Radar,Skeleton)/Training/HARn/14_Wipe_bowls/user18/3-2-1",27.0,53.0,27.0,17065109.616,17065112.216,10.000000008596825
train_harn,HARn/14_Wipe_bowls/user18/3-2-2,user18,3-2-2,14_Wipe_bowls,"/home/fluxx/Workspace/cuchx-large/hf_data_manual/LMT_(IMU,Radar,Skeleton)/Training/HARn/14_Wipe_bowls/user18/3-2-2",26.0,50.0,25.0,17065238.516,17065240.916,9.999999990686774
train_harn,HARn/14_Wipe_bowls/user18/3-2-3,user18,3-2-3,14_Wipe_bowls,"/home/fluxx/Workspace/cuchx-large/hf_data_manual/LMT_(IMU,Radar,Skeleton)/Training/HARn/14_Wipe_bowls/user18/3-2-3",29.0,56.0,28.0,17065312.816,17065315.516,10.000000002759474
train_harn,HARn/14_Wipe_bowls/user20/3-1-1,user20,3-1-1,14_Wipe_bowls,"/home/fluxx/Workspace/cuchx-large/hf_data_manual/LMT_(IMU,Radar,Skeleton)/Training/HARn/14_Wipe_bowls/user20/3-1-1",242.0,289.0,48.0,17060260.116,17060264.816,10.00000000158523
train_harn,HARn/14_Wipe_bowls/user20/3-1-2,user20,3-1-2,14_Wipe_bowls,"/home/fluxx/Workspace/cuchx-large/hf_data_manual/LMT_(IMU,Radar,Skeleton)/Training/HARn/14_Wipe_bowls/user20/3-1-2",235.0,272.0,38.0,17060463.416,17060467.116,10.000000002013671
train_harn,HARn/14_Wipe_bowls/user20/3-1-3,user20,3-1-3,14_Wipe_bowls,"/home/fluxx/Workspace/cuchx-large/hf_data_manual/LMT_(IMU,Radar,Skeleton)/Training/HARn/14_Wipe_bowls/user20/3-1-3",154.0,186.0,33.0,17060611.316,17060614.516,10.000000002328306
train_harn,HARn/14_Wipe_bowls/user22/2-1-1,user22,2-1-1,14_Wipe_bowls,"/home/fluxx/Workspace/cuchx-large/hf_data_manual/LMT_(IMU,Radar,Skeleton)/Training/HARn/14_Wipe_bowls/user22/2-1-1",328.0,358.0,31.0,17157998.716,17158001.716,10.0
train_harn,HARn/14_Wipe_bowls/user22/2-1-2,user22,2-1-2,14_Wipe_bowls,"/home/fluxx/Workspace/cuchx-large/hf_data_manual/LMT_(IMU,Radar,Skeleton)/Training/HARn/14_Wipe_bowls/user22/2-1-2",289.0,311.0,23.0,17158115.816,17158118.016,10.000000003386628
train_harn,HARn/14_Wipe_bowls/user22/2-1-3,user22,2-1-3,14_Wipe_bowls,"/home/fluxx/Workspace/cuchx-large/hf_data_manual/LMT_(IMU,Radar,Skeleton)/Training/HARn/14_Wipe_bowls/user22/2-1-3",160.0,172.0,13.0,17158275.916,17158277.116,10.000000006208817
train_harn,HARn/14_Wipe_bowls/user3/3-1-1,user3,3-1-1,14_Wipe_bowls,"/home/fluxx/Workspace/cuchx-large/hf_data_manual/LMT_(IMU,Radar,Skeleton)/Training/HARn/14_Wipe_bowls/user3/3-1-1",39.0,101.0,63.0,14142208.816,14142215.016,9.99999999819744
train_harn,HARn/14_Wipe_bowls/user3/3-1-2,user3,3-1-2,14_Wipe_bowls,"/home/fluxx/Workspace/cuchx-large/hf_data_manual/LMT_(IMU,Radar,Skeleton)/Training/HARn/14_Wipe_bowls/user3/3-1-2",35.0,89.0,55.0,14142592.416,14142597.816,9.999999999310132
train_harn,HARn/14_Wipe_bowls/user3/3-1-3,user3,3-1-3,14_Wipe_bowls,"/home/fluxx/Workspace/cuchx-large/hf_data_manual/LMT_(IMU,Radar,Skeleton)/Training/HARn/14_Wipe_bowls/user3/3-1-3",24.0,89.0,66.0,14142684.316,14142690.816,10.0
train_harn,HARn/14_Wipe_bowls/user4/4-2-1,user4,4-2-1,14_Wipe_bowls,"/home/fluxx/Workspace/cuchx-large/hf_data_manual/LMT_(IMU,Radar,Skeleton)/Training/HARn/14_Wipe_bowls/user4/4-2-1",142.0,191.0,50.0,14139560.116,14139565.016,9.999999999239737
train_harn,HARn/14_Wipe_bowls/user4/4-2-2,user4,4-2-2,14_Wipe_bowls,"/home/fluxx/Workspace/cuchx-large/hf_data_manual/LMT_(IMU,Radar,Skeleton)/Training/HARn/14_Wipe_bowls/user4/4-2-2",111.0,178.0,68.0,14139774.016,14139780.716,10.000000001112028
train_harn,HARn/14_Wipe_bowls/user4/4-2-3,user4,4-2-3,14_Wipe_bowls,"/home/fluxx/Workspace/cuchx-large/hf_data_manual/LMT_(IMU,Radar,Skeleton)/Training/HARn/14_Wipe_bowls/user4/4-2-3",75.0,105.0,31.0,14139905.416,14139908.416,10.0
train_harn,HARn/14_Wipe_bowls/user6/3-2-1,user6,3-2-1,14_Wipe_bowls,"/home/fluxx/Workspace/cuchx-large/hf_data_manual/LMT_(IMU,Radar,Skeleton)/Training/HARn/14_Wipe_bowls/user6/3-2-1",18.0,83.0,66.0,16202520.716,16202527.216,10.0
train_harn,HARn/14_Wipe_bowls/user6/3-2-2,user6,3-2-2,14_Wipe_bowls,"/home/fluxx/Workspace/cuchx-large/hf_data_manual/LMT_(IMU,Radar,Skeleton)/Training/HARn/14_Wipe_bowls/user6/3-2-2",13.0,77.0,65.0,16202600.216,16202606.616,9.999999999417923
train_harn,HARn/14_Wipe_bowls/user6/3-2-3,user6,3-2-3,14_Wipe_bowls,"/home/fluxx/Workspace/cuchx-large/hf_data_manual/LMT_(IMU,Radar,Skeleton)/Training/HARn/14_Wipe_bowls/user6/3-2-3",17.0,63.0,47.0,16202694.616,16202699.216,10.000000000809846
train_harn,HARn/14_Wipe_bowls/user7/3-2-1,user7,3-2-1,14_Wipe_bowls,"/home/fluxx/Workspace/cuchx-large/hf_data_manual/LMT_(IMU,Radar,Skeleton)/Training/HARn/14_Wipe_bowls/user7/3-2-1",45.0,113.0,69.0,16204445.416,16204452.216,9.999999998904327
train_harn,HARn/14_Wipe_bowls/user7/3-2-2,user7,3-2-2,14_Wipe_bowls,"/home/fluxx/Workspace/cuchx-large/hf_data_manual/LMT_(IMU,Radar,Skeleton)/Training/HARn/14_Wipe_bowls/user7/3-2-2",42.0,91.0,50.0,16204523.116,16204528.016,9.999999999239737
train_harn,HARn/14_Wipe_bowls/user7/3-2-3,user7,3-2-3,14_Wipe_bowls,"/home/fluxx/Workspace/cuchx-large/hf_data_manual/LMT_(IMU,Radar,Skeleton)/Training/HARn/14_Wipe_bowls/user7/3-2-3",35.0,60.0,26.0,16204582.416,16204584.916,10.0
train_harn,HARn/14_Wipe_bowls/user8/3-2-1,user8,3-2-1,14_Wipe_bowls,"/home/fluxx/Workspace/cuchx-large/hf_data_manual/LMT_(IMU,Radar,Skeleton)/Training/HARn/14_Wipe_bowls/user8/3-2-1",25.0,81.0,57.0,16208452.416,16208458.016,9.999999997339078
train_harn,HARn/14_Wipe_bowls/user8/3-2-2,user8,3-2-2,14_Wipe_bowls,"/home/fluxx/Workspace/cuchx-large/hf_data_manual/LMT_(IMU,Radar,Skeleton)/Training/HARn/14_Wipe_bowls/user8/3-2-2",30.0,93.0,64.0,16208516.916,16208523.216,9.999999998817367
train_harn,HARn/14_Wipe_bowls/user8/3-2-3,user8,3-2-3,14_Wipe_bowls,"/home/fluxx/Workspace/cuchx-large/hf_data_manual/LMT_(IMU,Radar,Skeleton)/Training/HARn/14_Wipe_bowls/user8/3-2-3",22.0,74.0,53.0,16208594.116,16208599.316,10.000000001432804
train_harn,HARn/15_Wipe_windows_and_tables/user16/3-3-1,user16,3-3-1,15_Wipe_windows_and_tables,"/home/fluxx/Workspace/cuchx-large/hf_data_manual/LMT_(IMU,Radar,Skeleton)/Training/HARn/15_Wipe_windows_and_tables/user16/3-3-1",82.0,122.0,41.0,17078171.116,17078175.116,10.0
train_harn,HARn/15_Wipe_windows_and_tables/user16/3-3-2,user16,3-3-2,15_Wipe_windows_and_tables,"/home/fluxx/Workspace/cuchx-large/hf_data_manual/LMT_(IMU,Radar,Skeleton)/Training/HARn/15_Wipe_windows_and_tables/user16/3-3-2",71.0,91.0,21.0,17078315.016,17078317.016,10.0
train_harn,HARn/15_Wipe_windows_and_tables/user16/3-3-3,user16,3-3-3,15_Wipe_windows_and_tables,"/home/fluxx/Workspace/cuchx-large/hf_data_manual/LMT_(IMU,Radar,Skeleton)/Training/HARn/15_Wipe_windows_and_tables/user16/3-3-3",65.0,78.0,14.0,17078400.416,17078401.716,10.000000022924864
train_harn,HARn/15_Wipe_windows_and_tables/user16/6-2-1,user16,6-2-1,15_Wipe_windows_and_tables,"/home/fluxx/Workspace/cuchx-large/hf_data_manual/LMT_(IMU,Radar,Skeleton)/Training/HARn/15_Wipe_windows_and_tables/user16/6-2-1",264.0,316.0,53.0,17074362.316,17074367.516,10.000000001432804
train_harn,HARn/15_Wipe_windows_and_tables/user16/6-2-2,user16,6-2-2,15_Wipe_windows_and_tables,"/home/fluxx/Workspace/cuchx-large/hf_data_manual/LMT_(IMU,Radar,Skeleton)/Training/HARn/15_Wipe_windows_and_tables/user16/6-2-2",190.0,224.0,35.0,17074494.916,17074498.316,10.000000004382695
train_harn,HARn/15_Wipe_windows_and_tables/user16/6-2-3,user16,6-2-3,15_Wipe_windows_and_tables,"/home/fluxx/Workspace/cuchx-large/hf_data_manual/LMT_(IMU,Radar,Skeleton)/Training/HARn/15_Wipe_windows_and_tables/user16/6-2-3",241.0,287.0,47.0,17074724.016,17074728.616,9.999999996760618
train_harn,HARn/15_Wipe_windows_and_tables/user17/2-2-1,user17,2-2-1,15_Wipe_windows_and_tables,"/home/fluxx/Workspace/cuchx-large/hf_data_manual/LMT_(IMU,Radar,Skeleton)/Training/HARn/15_Wipe_windows_and_tables/user17/2-2-1",176.0,215.0,40.0,16890293.516,16890297.416,9.999999994268784
train_harn,HARn/15_Wipe_windows_and_tables/user17/2-2-2,user17,2-2-2,15_Wipe_windows_and_tables,"/home/fluxx/Workspace/cuchx-large/hf_data_manual/LMT_(IMU,Radar,Skeleton)/Training/HARn/15_Wipe_windows_and_tables/user17/2-2-2",187.0,227.0,41.0,16890427.616,16890431.616,10.0
train_harn,HARn/15_Wipe_windows_and_tables/user17/2-2-3,user17,2-2-3,15_Wipe_windows_and_tables,"/home/fluxx/Workspace/cuchx-large/hf_data_manual/LMT_(IMU,Radar,Skeleton)/Training/HARn/15_Wipe_windows_and_tables/user17/2-2-3",111.0,132.0,22.0,16890520.016,16890522.116,9.99999999290421
train_harn,HARn/15_Wipe_windows_and_tables/user17/3-3-1,user17,3-3-1,15_Wipe_windows_and_tables,"/home/fluxx/Workspace/cuchx-large/hf_data_manual/LMT_(IMU,Radar,Skeleton)/Training/HARn/15_Wipe_windows_and_tables/user17/3-3-1",61.0,89.0,29.0,16891057.016,16891059.816,9.999999997339078
train_harn,HARn/15_Wipe_windows_and_tables/user17/3-3-2,user17,3-3-2,15_Wipe_windows_and_tables,"/home/fluxx/Workspace/cuchx-large/hf_data_manual/LMT_(IMU,Radar,Skeleton)/Training/HARn/15_Wipe_windows_and_tables/user17/3-3-2",52.0,70.0,19.0,16891142.116,16891143.916,9.999999995860788
train_harn,HARn/15_Wipe_windows_and_tables/user17/3-3-3,user17,3-3-3,15_Wipe_windows_and_tables,"/home/fluxx/Workspace/cuchx-large/hf_data_manual/LMT_(IMU,Radar,Skeleton)/Training/HARn/15_Wipe_windows_and_tables/user17/3-3-3",29.0,56.0,28.0,16891214.816,16891217.516,10.000000002759474
train_harn,HARn/15_Wipe_windows_and_tables/user18/2-2-1,user18,2-2-1,15_Wipe_windows_and_tables,"/home/fluxx/Workspace/cuchx-large/hf_data_manual/LMT_(IMU,Radar,Skeleton)/Training/HARn/15_Wipe_windows_and_tables/user18/2-2-1",66.0,101.0,36.0,17064494.516,17064498.016,10.0
train_harn,HARn/15_Wipe_windows_and_tables/user18/2-2-2,user18,2-2-2,15_Wipe_windows_and_tables,"/home/fluxx/Workspace/cuchx-large/hf_data_manual/LMT_(IMU,Radar,Skeleton)/Training/HARn/15_Wipe_windows_and_tables/user18/2-2-2",52.0,87.0,36.0,17064581.116,17064584.616,10.0
train_harn,HARn/15_Wipe_windows_and_tables/user18/2-2-3,user18,2-2-3,15_Wipe_windows_and_tables,"/home/fluxx/Workspace/cuchx-large/hf_data_manual/LMT_(IMU,Radar,Skeleton)/Training/HARn/15_Wipe_windows_and_tables/user18/2-2-3",34.0,58.0,25.0,17064897.316,17064899.716,10.000000006208817
train_harn,HARn/15_Wipe_windows_and_tables/user18/3-3-1,user18,3-3-1,15_Wipe_windows_and_tables,"/home/fluxx/Workspace/cuchx-large/hf_data_manual/LMT_(IMU,Radar,Skeleton)/Training/HARn/15_Wipe_windows_and_tables/user18/3-3-1",62.0,103.0,42.0,17079719.116,17079723.216,10.000000005451644
train_harn,HARn/15_Wipe_windows_and_tables/user18/3-3-2,user18,3-3-2,15_Wipe_windows_and_tables,"/home/fluxx/Workspace/cuchx-large/hf_data_manual/LMT_(IMU,Radar,Skeleton)/Training/HARn/15_Wipe_windows_and_tables/user18/3-3-2",46.0,72.0,27.0,17079828.516,17079831.116,9.999999994268784
train_harn,HARn/15_Wipe_windows_and_tables/user18/3-3-3,user18,3-3-3,15_Wipe_windows_and_tables,"/home/fluxx/Workspace/cuchx-large/hf_data_manual/LMT_(IMU,Radar,Skeleton)/Training/HARn/15_Wipe_windows_and_tables/user18/3-3-3",62.0,106.0,45.0,17079906.116,17079910.516,10.000000003386628
train_harn,HARn/15_Wipe_windows_and_tables/user19/7-2-1,user19,7-2-1,15_Wipe_windows_and_tables,"/home/fluxx/Workspace/cuchx-large/hf_data_manual/LMT_(IMU,Radar,Skeleton)/Training/HARn/15_Wipe_windows_and_tables/user19/7-2-1",246.0,261.0,16.0,17063831.516,17063833.016,10.0
train_harn,HARn/15_Wipe_windows_and_tables/user19/7-2-2,user19,7-2-2,15_Wipe_windows_and_tables,"/home/fluxx/Workspace/cuchx-large/hf_data_manual/LMT_(IMU,Radar,Skeleton)/Training/HARn/15_Wipe_windows_and_tables/user19/7-2-2",158.0,196.0,39.0,17063945.716,17063949.516,9.999999998039321
train_harn,HARn/15_Wipe_windows_and_tables/user19/7-2-3,user19,7-2-3,15_Wipe_windows_and_tables,"/home/fluxx/Workspace/cuchx-large/hf_data_manual/LMT_(IMU,Radar,Skeleton)/Training/HARn/15_Wipe_windows_and_tables/user19/7-2-3",147.0,177.0,31.0,17064043.616,17064046.616,10.0
train_harn,HARn/15_Wipe_windows_and_tables/user20/3-2-1,user20,3-2-1,15_Wipe_windows_and_tables,"/home/fluxx/Workspace/cuchx-large/hf_data_manual/LMT_(IMU,Radar,Skeleton)/Training/HARn/15_Wipe_windows_and_tables/user20/3-2-1",24.0,59.0,36.0,16904549.316,16904552.816,10.0
train_harn,HARn/15_Wipe_windows_and_tables/user20/3-2-2,user20,3-2-2,15_Wipe_windows_and_tables,"/home/fluxx/Workspace/cuchx-large/hf_data_manual/LMT_(IMU,Radar,Skeleton)/Training/HARn/15_Wipe_windows_and_tables/user20/3-2-2",14.0,60.0,47.0,16904635.316,16904639.916,9.999999996760618
train_harn,HARn/15_Wipe_windows_and_tables/user20/3-2-3,user20,3-2-3,15_Wipe_windows_and_tables,"/home/fluxx/Workspace/cuchx-large/hf_data_manual/LMT_(IMU,Radar,Skeleton)/Training/HARn/15_Wipe_windows_and_tables/user20/3-2-3",27.0,40.0,14.0,16904784.616,16904785.916,9.999999994268784
train_harn,HARn/15_Wipe_windows_and_tables/user22/2-1-1,user22,2-1-1,15_Wipe_windows_and_tables,"/home/fluxx/Workspace/cuchx-large/hf_data_manual/LMT_(IMU,Radar,Skeleton)/Training/HARn/15_Wipe_windows_and_tables/user22/2-1-1",363.0,412.0,50.0,17158002.216,17158007.116,9.99999999543842
train_harn,HARn/15_Wipe_windows_and_tables/user22/2-1-2,user22,2-1-2,15_Wipe_windows_and_tables,"/home/fluxx/Workspace/cuchx-large/hf_data_manual/LMT_(IMU,Radar,Skeleton)/Training/HARn/15_Wipe_windows_and_tables/user22/2-1-2",286.0,338.0,53.0,17158115.516,17158120.716,10.000000001432804
train_harn,HARn/15_Wipe_windows_and_tables/user22/2-1-3,user22,2-1-3,15_Wipe_windows_and_tables,"/home/fluxx/Workspace/cuchx-large/hf_data_manual/LMT_(IMU,Radar,Skeleton)/Training/HARn/15_Wipe_windows_and_tables/user22/2-1-3",175.0,184.0,10.0,17158277.416,17158278.316,10.000000016556847
train_harn,HARn/15_Wipe_windows_and_tables/user23/3-1-1,user23,3-1-1,15_Wipe_windows_and_tables,"/home/fluxx/Workspace/cuchx-large/hf_data_manual/LMT_(IMU,Radar,Skeleton)/Training/HARn/15_Wipe_windows_and_tables/user23/3-1-1",16.0,99.0,84.0,17167608.516,17167616.816,9.99999999910234
train_harn,HARn/15_Wipe_windows_and_tables/user23/3-1-2,user23,3-1-2,15_Wipe_windows_and_tables,"/home/fluxx/Workspace/cuchx-large/hf_data_manual/LMT_(IMU,Radar,Skeleton)/Training/HARn/15_Wipe_windows_and_tables/user23/3-1-2",10.0,56.0,47.0,17167680.916,17167685.516,10.000000004859075
train_harn,HARn/15_Wipe_windows_and_tables/user23/3-1-3,user23,3-1-3,15_Wipe_windows_and_tables,"/home/fluxx/Workspace/cuchx-large/hf_data_manual/LMT_(IMU,Radar,Skeleton)/Training/HARn/15_Wipe_windows_and_tables/user23/3-1-3",18.0,130.0,113.0,17237011.716,17237022.916,9.999999997339078
train_harn,HARn/15_Wipe_windows_and_tables/user5/5-1-1,user5,5-1-1,15_Wipe_windows_and_tables,"/home/fluxx/Workspace/cuchx-large/hf_data_manual/LMT_(IMU,Radar,Skeleton)/Training/HARn/15_Wipe_windows_and_tables/user5/5-1-1",183.0,224.0,42.0,14134812.216,14134816.316,10.000000000908607
train_harn,HARn/15_Wipe_windows_and_tables/user5/5-1-2,user5,5-1-2,15_Wipe_windows_and_tables,"/home/fluxx/Workspace/cuchx-large/hf_data_manual/LMT_(IMU,Radar,Skeleton)/Training/HARn/15_Wipe_windows_and_tables/user5/5-1-2",181.0,250.0,70.0,14134913.016,14134919.916,10.000000002159588
train_harn,HARn/15_Wipe_windows_and_tables/user5/5-1-3,user5,5-1-3,15_Wipe_windows_and_tables,"/home/fluxx/Workspace/cuchx-large/hf_data_manual/LMT_(IMU,Radar,Skeleton)/Training/HARn/15_Wipe_windows_and_tables/user5/5-1-3",112.0,145.0,34.0,14135022.116,14135025.416,10.000000003386628
train_harn,HARn/15_Wipe_windows_and_tables/user6/3-3-1,user6,3-3-1,15_Wipe_windows_and_tables,"/home/fluxx/Workspace/cuchx-large/hf_data_manual/LMT_(IMU,Radar,Skeleton)/Training/HARn/15_Wipe_windows_and_tables/user6/3-3-1",69.0,141.0,73.0,16051738.816,16051746.016,9.999999998447796
train_harn,HARn/15_Wipe_windows_and_tables/user6/3-3-3,user6,3-3-3,15_Wipe_windows_and_tables,"/home/fluxx/Workspace/cuchx-large/hf_data_manual/LMT_(IMU,Radar,Skeleton)/Training/HARn/15_Wipe_windows_and_tables/user6/3-3-3",48.0,89.0,42.0,16052731.716,16052735.816,10.000000000908607
train_harn,HARn/15_Wipe_windows_and_tables/user6/6-2-1,user6,6-2-1,15_Wipe_windows_and_tables,"/home/fluxx/Workspace/cuchx-large/hf_data_manual/LMT_(IMU,Radar,Skeleton)/Training/HARn/15_Wipe_windows_and_tables/user6/6-2-1",190.0,230.0,41.0,16203160.916,16203164.916,10.0
train_harn,HARn/15_Wipe_windows_and_tables/user6/6-2-2,user6,6-2-2,15_Wipe_windows_and_tables,"/home/fluxx/Workspace/cuchx-large/hf_data_manual/LMT_(IMU,Radar,Skeleton)/Training/HARn/15_Wipe_windows_and_tables/user6/6-2-2",103.0,119.0,17.0,16203249.216,16203250.816,10.000000002328306
train_harn,HARn/15_Wipe_windows_and_tables/user6/6-2-3,user6,6-2-3,15_Wipe_windows_and_tables,"/home/fluxx/Workspace/cuchx-large/hf_data_manual/LMT_(IMU,Radar,Skeleton)/Training/HARn/15_Wipe_windows_and_tables/user6/6-2-3",189.0,220.0,32.0,16203350.816,16203353.916,10.000000001201707
train_harn,HARn/15_Wipe_windows_and_tables/user7/2-2-1,user7,2-2-1,15_Wipe_windows_and_tables,"/home/fluxx/Workspace/cuchx-large/hf_data_manual/LMT_(IMU,Radar,Skeleton)/Training/HARn/15_Wipe_windows_and_tables/user7/2-2-1",169.0,192.0,24.0,16057076.816,16057079.116,9.999999996760618
train_harn,HARn/15_Wipe_windows_and_tables/user7/2-2-2,user7,2-2-2,15_Wipe_windows_and_tables,"/home/fluxx/Workspace/cuchx-large/hf_data_manual/LMT_(IMU,Radar,Skeleton)/Training/HARn/15_Wipe_windows_and_tables/user7/2-2-2",127.0,156.0,30.0,16057276.616,16057279.516,9.999999998715417
train_harn,HARn/15_Wipe_windows_and_tables/user7/2-2-3,user7,2-2-3,15_Wipe_windows_and_tables,"/home/fluxx/Workspace/cuchx-large/hf_data_manual/LMT_(IMU,Radar,Skeleton)/Training/HARn/15_Wipe_windows_and_tables/user7/2-2-3",94.0,109.0,16.0,16057425.316,16057426.816,10.0
train_harn,HARn/15_Wipe_windows_and_tables/user7/3-3-1,user7,3-3-1,15_Wipe_windows_and_tables,"/home/fluxx/Workspace/cuchx-large/hf_data_manual/LMT_(IMU,Radar,Skeleton)/Training/HARn/15_Wipe_windows_and_tables/user7/3-3-1",33.0,100.0,68.0,16058413.216,16058419.916,10.000000001112028
train_harn,HARn/15_Wipe_windows_and_tables/user7/3-3-3,user7,3-3-3,15_Wipe_windows_and_tables,"/home/fluxx/Workspace/cuchx-large/hf_data_manual/LMT_(IMU,Radar,Skeleton)/Training/HARn/15_Wipe_windows_and_tables/user7/3-3-3",36.0,77.0,42.0,16058589.516,16058593.616,10.000000000908607
train_harn,HARn/15_Wipe_windows_and_tables/user8/2-2-1,user8,2-2-1,15_Wipe_windows_and_tables,"/home/fluxx/Workspace/cuchx-large/hf_data_manual/LMT_(IMU,Radar,Skeleton)/Training/HARn/15_Wipe_windows_and_tables/user8/2-2-1",42.0,79.0,38.0,16208095.116,16208098.816,10.000000002013671
train_harn,HARn/15_Wipe_windows_and_tables/user8/2-2-2,user8,2-2-2,15_Wipe_windows_and_tables,"/home/fluxx/Workspace/cuchx-large/hf_data_manual/LMT_(IMU,Radar,Skeleton)/Training/HARn/15_Wipe_windows_and_tables/user8/2-2-2",43.0,79.0,37.0,16208234.216,16208237.816,10.000000001034802
train_harn,HARn/15_Wipe_windows_and_tables/user8/2-2-3,user8,2-2-3,15_Wipe_windows_and_tables,"/home/fluxx/Workspace/cuchx-large/hf_data_manual/LMT_(IMU,Radar,Skeleton)/Training/HARn/15_Wipe_windows_and_tables/user8/2-2-3",40.0,66.0,27.0,16208300.916,16208303.516,9.999999994268784
train_harn,HARn/15_Wipe_windows_and_tables/user8/3-3-1,user8,3-3-1,15_Wipe_windows_and_tables,"/home/fluxx/Workspace/cuchx-large/hf_data_manual/LMT_(IMU,Radar,Skeleton)/Training/HARn/15_Wipe_windows_and_tables/user8/3-3-1",43.0,107.0,65.0,16062047.216,16062053.616,9.999999999417923
train_harn,HARn/15_Wipe_windows_and_tables/user8/3-3-2,user8,3-3-2,15_Wipe_windows_and_tables,"/home/fluxx/Workspace/cuchx-large/hf_data_manual/LMT_(IMU,Radar,Skeleton)/Training/HARn/15_Wipe_windows_and_tables/user8/3-3-2",29.0,53.0,25.0,16062157.816,16062160.216,9.999999998447796
train_harn,HARn/15_Wipe_windows_and_tables/user8/3-3-3,user8,3-3-3,15_Wipe_windows_and_tables,"/home/fluxx/Workspace/cuchx-large/hf_data_manual/LMT_(IMU,Radar,Skeleton)/Training/HARn/15_Wipe_windows_and_tables/user8/3-3-3",23.0,62.0,40.0,16062217.216,16062221.116,9.999999999044798
train_harn,HARn/15_Wipe_windows_and_tables/user9/7-2-1,user9,7-2-1,15_Wipe_windows_and_tables,"/home/fluxx/Workspace/cuchx-large/hf_data_manual/LMT_(IMU,Radar,Skeleton)/Training/HARn/15_Wipe_windows_and_tables/user9/7-2-1",179.0,201.0,23.0,16210519.816,16210522.016,9.999999994920058
train_harn,HARn/15_Wipe_windows_and_tables/user9/7-2-2,user9,7-2-2,15_Wipe_windows_and_tables,"/home/fluxx/Workspace/cuchx-large/hf_data_manual/LMT_(IMU,Radar,Skeleton)/Training/HARn/15_Wipe_windows_and_tables/user9/7-2-2",96.0,112.0,17.0,16210614.516,16210616.116,10.000000002328306
train_harn,HARn/15_Wipe_windows_and_tables/user9/7-2-3,user9,7-2-3,15_Wipe_windows_and_tables,"/home/fluxx/Workspace/cuchx-large/hf_data_manual/LMT_(IMU,Radar,Skeleton)/Training/HARn/15_Wipe_windows_and_tables/user9/7-2-3",135.0,163.0,29.0,16210683.416,16210686.216,9.999999997339078
train_harn,HARn/16_Fold_clothes/user17/6-1-1,user17,6-1-1,16_Fold_clothes,"/home/fluxx/Workspace/cuchx-large/hf_data_manual/LMT_(IMU,Radar,Skeleton)/Training/HARn/16_Fold_clothes/user17/6-1-1",182.0,269.0,88.0,16910970.116,16910978.816,10.000000000856389
train_harn,HARn/16_Fold_clothes/user17/6-1-2,user17,6-1-2,16_Fold_clothes,"/home/fluxx/Workspace/cuchx-large/hf_data_manual/LMT_(IMU,Radar,Skeleton)/Training/HARn/16_Fold_clothes/user17/6-1-2",161.0,214.0,54.0,16911047.016,16911052.316,9.99999999859423
train_harn,HARn/16_Fold_clothes/user17/6-1-3,user17,6-1-3,16_Fold_clothes,"/home/fluxx/Workspace/cuchx-large/hf_data_manual/LMT_(IMU,Radar,Skeleton)/Training/HARn/16_Fold_clothes/user17/6-1-3",140.0,164.0,25.0,16911147.916,16911150.316,10.000000006208817
train_harn,HARn/16_Fold_clothes/user18/2-1-1,user18,2-1-1,16_Fold_clothes,"/home/fluxx/Workspace/cuchx-large/hf_data_manual/LMT_(IMU,Radar,Skeleton)/Training/HARn/16_Fold_clothes/user18/2-1-1",48.0,152.0,105.0,16898381.716,16898392.116,9.999999997850795
train_harn,HARn/16_Fold_clothes/user18/2-1-2,user18,2-1-2,16_Fold_clothes,"/home/fluxx/Workspace/cuchx-large/hf_data_manual/LMT_(IMU,Radar,Skeleton)/Training/HARn/16_Fold_clothes/user18/2-1-2",26.0,133.0,108.0,16898700.516,16898711.216,10.000000000696316
train_harn,HARn/16_Fold_clothes/user18/2-1-3,user18,2-1-3,16_Fold_clothes,"/home/fluxx/Workspace/cuchx-large/hf_data_manual/LMT_(IMU,Radar,Skeleton)/Training/HARn/16_Fold_clothes/user18/2-1-3",37.0,79.0,43.0,16898802.616,16898806.816,10.000000001773948
train_harn,HARn/16_Fold_clothes/user2/1-1-1,user2,1-1-1,16_Fold_clothes,"/home/fluxx/Workspace/cuchx-large/hf_data_manual/LMT_(IMU,Radar,Skeleton)/Training/HARn/16_Fold_clothes/user2/1-1-1",48.0,187.0,140.0,17238076.716,17238090.616,9.999999998391962
train_harn,HARn/16_Fold_clothes/user2/1-1-2,user2,1-1-2,16_Fold_clothes,"/home/fluxx/Workspace/cuchx-large/hf_data_manual/LMT_(IMU,Radar,Skeleton)/Training/HARn/16_Fold_clothes/user2/1-1-2",51.0,145.0,95.0,17238338.016,17238347.416,9.999999997622155
train_harn,HARn/16_Fold_clothes/user2/1-1-3,user2,1-1-3,16_Fold_clothes,"/home/fluxx/Workspace/cuchx-large/hf_data_manual/LMT_(IMU,Radar,Skeleton)/Training/HARn/16_Fold_clothes/user2/1-1-3",31.0,72.0,42.0,17238423.016,17238427.116,9.99999999636557
train_harn,HARn/16_Fold_clothes/user22/3-2-1,user22,3-2-1,16_Fold_clothes,"/home/fluxx/Workspace/cuchx-large/hf_data_manual/LMT_(IMU,Radar,Skeleton)/Training/HARn/16_Fold_clothes/user22/3-2-1",52.0,100.0,49.0,17170273.116,17170277.916,9.999999998447796
train_harn,HARn/16_Fold_clothes/user22/3-2-2,user22,3-2-2,16_Fold_clothes,"/home/fluxx/Workspace/cuchx-large/hf_data_manual/LMT_(IMU,Radar,Skeleton)/Training/HARn/16_Fold_clothes/user22/3-2-2",57.0,88.0,32.0,17170350.616,17170353.716,10.00000000721024
train_harn,HARn/16_Fold_clothes/user22/3-2-3,user22,3-2-3,16_Fold_clothes,"/home/fluxx/Workspace/cuchx-large/hf_data_manual/LMT_(IMU,Radar,Skeleton)/Training/HARn/16_Fold_clothes/user22/3-2-3",42.0,56.0,15.0,17170416.116,17170417.516,10.000000010643687
train_harn,HARn/16_Fold_clothes/user23/4-3-1,user23,4-3-1,16_Fold_clothes,"/home/fluxx/Workspace/cuchx-large/hf_data_manual/LMT_(IMU,Radar,Skeleton)/Training/HARn/16_Fold_clothes/user23/4-3-1",39.0,80.0,42.0,17168550.816,17168554.916,9.99999999636557
train_harn,HARn/16_Fold_clothes/user23/4-3-2,user23,4-3-2,16_Fold_clothes,"/home/fluxx/Workspace/cuchx-large/hf_data_manual/LMT_(IMU,Radar,Skeleton)/Training/HARn/16_Fold_clothes/user23/4-3-2",40.0,56.0,17.0,17168681.916,17168683.516,10.000000013969839
train_harn,HARn/16_Fold_clothes/user23/4-3-3,user23,4-3-3,16_Fold_clothes,"/home/fluxx/Workspace/cuchx-large/hf_data_manual/LMT_(IMU,Radar,Skeleton)/Training/HARn/16_Fold_clothes/user23/4-3-3",36.0,56.0,21.0,17168760.516,17168762.516,10.0
train_harn,HARn/16_Fold_clothes/user24/4-1-1,user24,4-1-1,16_Fold_clothes,"/home/fluxx/Workspace/cuchx-large/hf_data_manual/LMT_(IMU,Radar,Skeleton)/Training/HARn/16_Fold_clothes/user24/4-1-1",16.0,109.0,94.0,17231170.516,17231179.816,9.999999999198863
train_harn,HARn/16_Fold_clothes/user24/4-1-2,user24,4-1-2,16_Fold_clothes,"/home/fluxx/Workspace/cuchx-large/hf_data_manual/LMT_(IMU,Radar,Skeleton)/Training/HARn/16_Fold_clothes/user24/4-1-2",20.0,74.0,55.0,17231282.916,17231288.316,10.000000002759474
train_harn,HARn/16_Fold_clothes/user24/4-1-3,user24,4-1-3,16_Fold_clothes,"/home/fluxx/Workspace/cuchx-large/hf_data_manual/LMT_(IMU,Radar,Skeleton)/Training/HARn/16_Fold_clothes/user24/4-1-3",21.0,48.0,28.0,17231699.016,17231701.716,10.000000002759474
train_harn,HARn/16_Fold_clothes/user7/6-1-1,user7,6-1-1,16_Fold_clothes,"/home/fluxx/Workspace/cuchx-large/hf_data_manual/LMT_(IMU,Radar,Skeleton)/Training/HARn/16_Fold_clothes/user7/6-1-1",98.0,155.0,58.0,16125578.716,16125584.416,10.00000000130712
train_harn,HARn/16_Fold_clothes/user7/6-1-2,user7,6-1-2,16_Fold_clothes,"/home/fluxx/Workspace/cuchx-large/hf_data_manual/LMT_(IMU,Radar,Skeleton)/Training/HARn/16_Fold_clothes/user7/6-1-2",137.0,200.0,64.0,16125675.616,16125681.916,10.000000001773948
train_harn,HARn/16_Fold_clothes/user7/6-1-3,user7,6-1-3,16_Fold_clothes,"/home/fluxx/Workspace/cuchx-large/hf_data_manual/LMT_(IMU,Radar,Skeleton)/Training/HARn/16_Fold_clothes/user7/6-1-3",80.0,105.0,26.0,16125846.916,16125849.416,10.0
train_harn,HARn/16_Fold_clothes/user8/2-1-1,user8,2-1-1,16_Fold_clothes,"/home/fluxx/Workspace/cuchx-large/hf_data_manual/LMT_(IMU,Radar,Skeleton)/Training/HARn/16_Fold_clothes/user8/2-1-1",16.0,138.0,123.0,16060618.516,16060630.716,10.000000000610703
train_harn,HARn/16_Fold_clothes/user8/2-1-2,user8,2-1-2,16_Fold_clothes,"/home/fluxx/Workspace/cuchx-large/hf_data_manual/LMT_(IMU,Radar,Skeleton)/Training/HARn/16_Fold_clothes/user8/2-1-2",35.0,102.0,68.0,16060754.416,16060761.116,9.99999999833196
train_harn,HARn/16_Fold_clothes/user8/2-1-3,user8,2-1-3,16_Fold_clothes,"/home/fluxx/Workspace/cuchx-large/hf_data_manual/LMT_(IMU,Radar,Skeleton)/Training/HARn/16_Fold_clothes/user8/2-1-3",40.0,72.0,33.0,16060983.916,16060987.116,9.99999999650754
train_harn,HARn/17_Tap_the_keyboard/user1/2-2-1,user1,2-2-1,17_Tap_the_keyboard,"/home/fluxx/Workspace/cuchx-large/hf_data_manual/LMT_(IMU,Radar,Skeleton)/Training/HARn/17_Tap_the_keyboard/user1/2-2-1",142.0,241.0,100.0,14040896.116,14040906.016,9.999999999623707
train_harn,HARn/17_Tap_the_keyboard/user1/2-2-2,user1,2-2-2,17_Tap_the_keyboard,"/home/fluxx/Workspace/cuchx-large/hf_data_manual/LMT_(IMU,Radar,Skeleton)/Training/HARn/17_Tap_the_keyboard/user1/2-2-2",146.0,259.0,114.0,14041289.516,14041300.816,10.000000000989015
train_harn,HARn/17_Tap_the_keyboard/user1/2-2-3,user1,2-2-3,17_Tap_the_keyboard,"/home/fluxx/Workspace/cuchx-large/hf_data_manual/LMT_(IMU,Radar,Skeleton)/Training/HARn/17_Tap_the_keyboard/user1/2-2-3",90.0,164.0,75.0,14041545.916,14041553.316,9.999999999496582
train_harn,HARn/17_Tap_the_keyboard/user1/3-2-1,user1,3-2-1,17_Tap_the_keyboard,"/home/fluxx/Workspace/cuchx-large/hf_data_manual/LMT_(IMU,Radar,Skeleton)/Training/HARn/17_Tap_the_keyboard/user1/3-2-1",265.0,331.0,67.0,14043300.416,14043307.016,9.999999997742249
train_harn,HARn/17_Tap_the_keyboard/user1/3-2-2,user1,3-2-2,17_Tap_the_keyboard,"/home/fluxx/Workspace/cuchx-large/hf_data_manual/LMT_(IMU,Radar,Skeleton)/Training/HARn/17_Tap_the_keyboard/user1/3-2-2",278.0,343.0,66.0,14043689.716,14043696.216,10.0
train_harn,HARn/17_Tap_the_keyboard/user1/3-2-3,user1,3-2-3,17_Tap_the_keyboard,"/home/fluxx/Workspace/cuchx-large/hf_data_manual/LMT_(IMU,Radar,Skeleton)/Training/HARn/17_Tap_the_keyboard/user1/3-2-3",184.0,212.0,29.0,14043963.316,14043966.116,9.999999997339078
train_harn,HARn/17_Tap_the_keyboard/user16/4-1-1,user16,4-1-1,17_Tap_the_keyboard,"/home/fluxx/Workspace/cuchx-large/hf_data_manual/LMT_(IMU,Radar,Skeleton)/Training/HARn/17_Tap_the_keyboard/user16/4-1-1",9.0,87.0,79.0,16912372.816,16912380.616,9.999999999044798
train_harn,HARn/17_Tap_the_keyboard/user16/4-1-2,user16,4-1-2,17_Tap_the_keyboard,"/home/fluxx/Workspace/cuchx-large/hf_data_manual/LMT_(IMU,Radar,Skeleton)/Training/HARn/17_Tap_the_keyboard/user16/4-1-2",5.0,69.0,65.0,16912976.416,16912982.816,10.000000002328306
train_harn,HARn/17_Tap_the_keyboard/user16/4-1-3,user16,4-1-3,17_Tap_the_keyboard,"/home/fluxx/Workspace/cuchx-large/hf_data_manual/LMT_(IMU,Radar,Skeleton)/Training/HARn/17_Tap_the_keyboard/user16/4-1-3",16.0,78.0,63.0,16912666.516,16912672.716,10.000000001201707
train_harn,HARn/17_Tap_the_keyboard/user17/4-1-1,user17,4-1-1,17_Tap_the_keyboard,"/home/fluxx/Workspace/cuchx-large/hf_data_manual/LMT_(IMU,Radar,Skeleton)/Training/HARn/17_Tap_the_keyboard/user17/4-1-1",66.0,125.0,60.0,16910582.516,16910588.416,9.999999996211569
train_harn,HARn/17_Tap_the_keyboard/user17/4-1-2,user17,4-1-2,17_Tap_the_keyboard,"/home/fluxx/Workspace/cuchx-large/hf_data_manual/LMT_(IMU,Radar,Skeleton)/Training/HARn/17_Tap_the_keyboard/user17/4-1-2",63.0,130.0,68.0,16910727.216,16910733.916,9.999999995551892
train_harn,HARn/17_Tap_the_keyboard/user17/4-1-3,user17,4-1-3,17_Tap_the_keyboard,"/home/fluxx/Workspace/cuchx-large/hf_data_manual/LMT_(IMU,Radar,Skeleton)/Training/HARn/17_Tap_the_keyboard/user17/4-1-3",49.0,97.0,49.0,16910841.816,16910846.616,9.999999998447796
train_harn,HARn/17_Tap_the_keyboard/user18/5-1-1,user18,5-1-1,17_Tap_the_keyboard,"/home/fluxx/Workspace/cuchx-large/hf_data_manual/LMT_(IMU,Radar,Skeleton)/Training/HARn/17_Tap_the_keyboard/user18/5-1-1",114.0,195.0,82.0,16899653.316,16899661.416,9.99999999816035
train_harn,HARn/17_Tap_the_keyboard/user18/5-1-2,user18,5-1-2,17_Tap_the_keyboard,"/home/fluxx/Workspace/cuchx-large/hf_data_manual/LMT_(IMU,Radar,Skeleton)/Training/HARn/17_Tap_the_keyboard/user18/5-1-2",124.0,160.0,37.0,16899762.316,16899765.916,9.999999995860788
train_harn,HARn/17_Tap_the_keyboard/user18/5-1-3,user18,5-1-3,17_Tap_the_keyboard,"/home/fluxx/Workspace/cuchx-large/hf_data_manual/LMT_(IMU,Radar,Skeleton)/Training/HARn/17_Tap_the_keyboard/user18/5-1-3",70.0,90.0,21.0,16899836.916,16899838.916,10.0
train_harn,HARn/17_Tap_the_keyboard/user19/1-2-1,user19,1-2-1,17_Tap_the_keyboard,"/home/fluxx/Workspace/cuchx-large/hf_data_manual/LMT_(IMU,Radar,Skeleton)/Training/HARn/17_Tap_the_keyboard/user19/1-2-1",70.0,92.0,23.0,16905392.916,16905395.116,10.000000003386628
train_harn,HARn/17_Tap_the_keyboard/user19/1-2-2,user19,1-2-2,17_Tap_the_keyboard,"/home/fluxx/Workspace/cuchx-large/hf_data_manual/LMT_(IMU,Radar,Skeleton)/Training/HARn/17_Tap_the_keyboard/user19/1-2-2",45.0,57.0,13.0,16905483.416,16905484.616,10.000000006208817
train_harn,HARn/17_Tap_the_keyboard/user19/1-2-3,user19,1-2-3,17_Tap_the_keyboard,"/home/fluxx/Workspace/cuchx-large/hf_data_manual/LMT_(IMU,Radar,Skeleton)/Training/HARn/17_Tap_the_keyboard/user19/1-2-3",55.0,78.0,24.0,16905575.416,16905577.716,10.000000012957532
train_harn,HARn/17_Tap_the_keyboard/user19/4-1-1,user19,4-1-1,17_Tap_the_keyboard,"/home/fluxx/Workspace/cuchx-large/hf_data_manual/LMT_(IMU,Radar,Skeleton)/Training/HARn/17_Tap_the_keyboard/user19/4-1-1",37.0,62.0,26.0,16905991.616,16905994.116,10.0
train_harn,HARn/17_Tap_the_keyboard/user19/4-1-2,user19,4-1-2,17_Tap_the_keyboard,"/home/fluxx/Workspace/cuchx-large/hf_data_manual/LMT_(IMU,Radar,Skeleton)/Training/HARn/17_Tap_the_keyboard/user19/4-1-2",27.0,49.0,23.0,16906065.616,16906067.816,10.000000003386628
train_harn,HARn/17_Tap_the_keyboard/user19/4-1-3,user19,4-1-3,17_Tap_the_keyboard,"/home/fluxx/Workspace/cuchx-large/hf_data_manual/LMT_(IMU,Radar,Skeleton)/Training/HARn/17_Tap_the_keyboard/user19/4-1-3",22.0,34.0,13.0,16906169.116,16906170.316,10.000000006208817
train_harn,HARn/17_Tap_the_keyboard/user19/4-3-1,user19,4-3-1,17_Tap_the_keyboard,"/home/fluxx/Workspace/cuchx-large/hf_data_manual/LMT_(IMU,Radar,Skeleton)/Training/HARn/17_Tap_the_keyboard/user19/4-3-1",53.0,81.0,29.0,16906252.216,16906255.016,9.999999997339078
train_harn,HARn/17_Tap_the_keyboard/user19/4-3-2,user19,4-3-2,17_Tap_the_keyboard,"/home/fluxx/Workspace/cuchx-large/hf_data_manual/LMT_(IMU,Radar,Skeleton)/Training/HARn/17_Tap_the_keyboard/user19/4-3-2",51.0,103.0,53.0,16906325.016,16906330.216,10.000000001432804
train_harn,HARn/17_Tap_the_keyboard/user19/4-3-3,user19,4-3-3,17_Tap_the_keyboard,"/home/fluxx/Workspace/cuchx-large/hf_data_manual/LMT_(IMU,Radar,Skeleton)/Training/HARn/17_Tap_the_keyboard/user19/4-3-3",46.0,63.0,18.0,16906405.516,16906407.216,10.000000004382695
train_harn,HARn/17_Tap_the_keyboard/user19/6-1-1,user19,6-1-1,17_Tap_the_keyboard,"/home/fluxx/Workspace/cuchx-large/hf_data_manual/LMT_(IMU,Radar,Skeleton)/Training/HARn/17_Tap_the_keyboard/user19/6-1-1",42.0,58.0,17.0,16907352.116,16907353.716,10.000000013969839
train_harn,HARn/17_Tap_the_keyboard/user19/6-1-2,user19,6-1-2,17_Tap_the_keyboard,"/home/fluxx/Workspace/cuchx-large/hf_data_manual/LMT_(IMU,Radar,Skeleton)/Training/HARn/17_Tap_the_keyboard/user19/6-1-2",28.0,35.0,8.0,16907417.716,16907418.416,9.999999957425254
train_harn,HARn/17_Tap_the_keyboard/user19/6-1-3,user19,6-1-3,17_Tap_the_keyboard,"/home/fluxx/Workspace/cuchx-large/hf_data_manual/LMT_(IMU,Radar,Skeleton)/Training/HARn/17_Tap_the_keyboard/user19/6-1-3",37.0,60.0,24.0,16907486.616,16907488.916,9.999999996760618
train_harn,HARn/17_Tap_the_keyboard/user20/2-2-1,user20,2-2-1,17_Tap_the_keyboard,"/home/fluxx/Workspace/cuchx-large/hf_data_manual/LMT_(IMU,Radar,Skeleton)/Training/HARn/17_Tap_the_keyboard/user20/2-2-1",63.0,93.0,31.0,16904235.216,16904238.216,10.0
train_harn,HARn/17_Tap_the_keyboard/user20/2-2-2,user20,2-2-2,17_Tap_the_keyboard,"/home/fluxx/Workspace/cuchx-large/hf_data_manual/LMT_(IMU,Radar,Skeleton)/Training/HARn/17_Tap_the_keyboard/user20/2-2-2",57.0,78.0,22.0,16904311.616,16904313.716,10.000000010643687
train_harn,HARn/17_Tap_the_keyboard/user20/2-2-3,user20,2-2-3,17_Tap_the_keyboard,"/home/fluxx/Workspace/cuchx-large/hf_data_manual/LMT_(IMU,Radar,Skeleton)/Training/HARn/17_Tap_the_keyboard/user20/2-2-3",44.0,54.0,11.0,16904418.316,16904419.316,10.0
train_harn,HARn/17_Tap_the_keyboard/user20/4-1-1,user20,4-1-1,17_Tap_the_keyboard,"/home/fluxx/Workspace/cuchx-large/hf_data_manual/LMT_(IMU,Radar,Skeleton)/Training/HARn/17_Tap_the_keyboard/user20/4-1-1",23.0,72.0,50.0,16902069.216,16902074.116,9.99999999543842
train_harn,HARn/17_Tap_the_keyboard/user20/4-1-2,user20,4-1-2,17_Tap_the_keyboard,"/home/fluxx/Workspace/cuchx-large/hf_data_manual/LMT_(IMU,Radar,Skeleton)/Training/HARn/17_Tap_the_keyboard/user20/4-1-2",21.0,66.0,46.0,16902163.016,16902167.516,10.0
train_harn,HARn/17_Tap_the_keyboard/user20/4-1-3,user20,4-1-3,17_Tap_the_keyboard,"/home/fluxx/Workspace/cuchx-large/hf_data_manual/LMT_(IMU,Radar,Skeleton)/Training/HARn/17_Tap_the_keyboard/user20/4-1-3",14.0,69.0,56.0,16902232.316,16902237.816,10.0
train_harn,HARn/17_Tap_the_keyboard/user20/5-1-1,user20,5-1-1,17_Tap_the_keyboard,"/home/fluxx/Workspace/cuchx-large/hf_data_manual/LMT_(IMU,Radar,Skeleton)/Training/HARn/17_Tap_the_keyboard/user20/5-1-1",18.0,93.0,76.0,16904879.716,16904887.216,10.0
train_harn,HARn/17_Tap_the_keyboard/user20/5-1-2,user20,5-1-2,17_Tap_the_keyboard,"/home/fluxx/Workspace/cuchx-large/hf_data_manual/LMT_(IMU,Radar,Skeleton)/Training/HARn/17_Tap_the_keyboard/user20/5-1-2",22.0,50.0,29.0,16905016.116,16905018.916,9.999999997339078
train_harn,HARn/17_Tap_the_keyboard/user20/5-1-3,user20,5-1-3,17_Tap_the_keyboard,"/home/fluxx/Workspace/cuchx-large/hf_data_manual/LMT_(IMU,Radar,Skeleton)/Training/HARn/17_Tap_the_keyboard/user20/5-1-3",18.0,55.0,38.0,16905108.716,16905112.416,9.999999991945318
train_harn,HARn/17_Tap_the_keyboard/user22/1-2-1,user22,1-2-1,17_Tap_the_keyboard,"/home/fluxx/Workspace/cuchx-large/hf_data_manual/LMT_(IMU,Radar,Skeleton)/Training/HARn/17_Tap_the_keyboard/user22/1-2-1",172.0,202.0,31.0,17169821.116,17169824.116,10.0
train_harn,HARn/17_Tap_the_keyboard/user22/1-2-2,user22,1-2-2,17_Tap_the_keyboard,"/home/fluxx/Workspace/cuchx-large/hf_data_manual/LMT_(IMU,Radar,Skeleton)/Training/HARn/17_Tap_the_keyboard/user22/1-2-2",141.0,150.0,10.0,17170711.016,17170711.916,9.999999975164732
train_harn,HARn/17_Tap_the_keyboard/user22/1-2-3,user22,1-2-3,17_Tap_the_keyboard,"/home/fluxx/Workspace/cuchx-large/hf_data_manual/LMT_(IMU,Radar,Skeleton)/Training/HARn/17_Tap_the_keyboard/user22/1-2-3",103.0,113.0,11.0,17170035.216,17170036.216,10.0
train_harn,HARn/17_Tap_the_keyboard/user22/4-1-1,user22,4-1-1,17_Tap_the_keyboard,"/home/fluxx/Workspace/cuchx-large/hf_data_manual/LMT_(IMU,Radar,Skeleton)/Training/HARn/17_Tap_the_keyboard/user22/4-1-1",36.0,36.0,1.0,,,
train_harn,HARn/17_Tap_the_keyboard/user22/4-1-2,user22,4-1-2,17_Tap_the_keyboard,"/home/fluxx/Workspace/cuchx-large/hf_data_manual/LMT_(IMU,Radar,Skeleton)/Training/HARn/17_Tap_the_keyboard/user22/4-1-2",16.0,60.0,45.0,17084090.516,17084094.916,9.999999994920058
train_harn,HARn/17_Tap_the_keyboard/user22/4-1-3,user22,4-1-3,17_Tap_the_keyboard,"/home/fluxx/Workspace/cuchx-large/hf_data_manual/LMT_(IMU,Radar,Skeleton)/Training/HARn/17_Tap_the_keyboard/user22/4-1-3",11.0,56.0,46.0,17084166.016,17084170.516,10.0
train_harn,HARn/17_Tap_the_keyboard/user23/5-3-2,user23,5-3-2,17_Tap_the_keyboard,"/home/fluxx/Workspace/cuchx-large/hf_data_manual/LMT_(IMU,Radar,Skeleton)/Training/HARn/17_Tap_the_keyboard/user23/5-3-2",159.0,181.0,23.0,17144691.816,17144694.016,10.000000003386628
train_harn,HARn/17_Tap_the_keyboard/user23/5-3-3,user23,5-3-3,17_Tap_the_keyboard,"/home/fluxx/Workspace/cuchx-large/hf_data_manual/LMT_(IMU,Radar,Skeleton)/Training/HARn/17_Tap_the_keyboard/user23/5-3-3",213.0,242.0,30.0,17144785.216,17144788.116,9.999999992292503
train_harn,HARn/17_Tap_the_keyboard/user24/1-2-1,user24,1-2-1,17_Tap_the_keyboard,"/home/fluxx/Workspace/cuchx-large/hf_data_manual/LMT_(IMU,Radar,Skeleton)/Training/HARn/17_Tap_the_keyboard/user24/1-2-1",310.0,364.0,55.0,17230422.916,17230428.316,10.000000002759474
train_harn,HARn/17_Tap_the_keyboard/user24/1-2-2,user24,1-2-2,17_Tap_the_keyboard,"/home/fluxx/Workspace/cuchx-large/hf_data_manual/LMT_(IMU,Radar,Skeleton)/Training/HARn/17_Tap_the_keyboard/user24/1-2-2",119.0,143.0,25.0,17230534.816,17230537.216,10.000000006208817
train_harn,HARn/17_Tap_the_keyboard/user24/1-2-3,user24,1-2-3,17_Tap_the_keyboard,"/home/fluxx/Workspace/cuchx-large/hf_data_manual/LMT_(IMU,Radar,Skeleton)/Training/HARn/17_Tap_the_keyboard/user24/1-2-3",130.0,160.0,31.0,17230651.916,17230654.916,10.0
train_harn,HARn/17_Tap_the_keyboard/user24/7-2-1,user24,7-2-1,17_Tap_the_keyboard,"/home/fluxx/Workspace/cuchx-large/hf_data_manual/LMT_(IMU,Radar,Skeleton)/Training/HARn/17_Tap_the_keyboard/user24/7-2-1",273.0,303.0,31.0,17148926.216,17148929.216,10.0
train_harn,HARn/17_Tap_the_keyboard/user24/7-2-2,user24,7-2-2,17_Tap_the_keyboard,"/home/fluxx/Workspace/cuchx-large/hf_data_manual/LMT_(IMU,Radar,Skeleton)/Training/HARn/17_Tap_the_keyboard/user24/7-2-2",150.0,168.0,19.0,17149009.916,17149011.716,10.000000016556847
train_harn,HARn/17_Tap_the_keyboard/user24/7-2-3,user24,7-2-3,17_Tap_the_keyboard,"/home/fluxx/Workspace/cuchx-large/hf_data_manual/LMT_(IMU,Radar,Skeleton)/Training/HARn/17_Tap_the_keyboard/user24/7-2-3",174.0,192.0,19.0,17149103.316,17149105.116,9.999999995860788
train_harn,HARn/17_Tap_the_keyboard/user3/3-2-1,user3,3-2-1,17_Tap_the_keyboard,"/home/fluxx/Workspace/cuchx-large/hf_data_manual/LMT_(IMU,Radar,Skeleton)/Training/HARn/17_Tap_the_keyboard/user3/3-2-1",170.0,219.0,50.0,14062317.916,14062322.816,9.999999999239737
train_harn,HARn/17_Tap_the_keyboard/user3/3-2-2,user3,3-2-2,17_Tap_the_keyboard,"/home/fluxx/Workspace/cuchx-large/hf_data_manual/LMT_(IMU,Radar,Skeleton)/Training/HARn/17_Tap_the_keyboard/user3/3-2-2",156.0,194.0,39.0,14062491.516,14062495.316,10.000000002941018
train_harn,HARn/17_Tap_the_keyboard/user3/3-2-3,user3,3-2-3,17_Tap_the_keyboard,"/home/fluxx/Workspace/cuchx-large/hf_data_manual/LMT_(IMU,Radar,Skeleton)/Training/HARn/17_Tap_the_keyboard/user3/3-2-3",160.0,216.0,57.0,14062615.916,14062621.516,9.999999997339078
train_harn,HARn/17_Tap_the_keyboard/user3/4-1-1,user3,4-1-1,17_Tap_the_keyboard,"/home/fluxx/Workspace/cuchx-large/hf_data_manual/LMT_(IMU,Radar,Skeleton)/Training/HARn/17_Tap_the_keyboard/user3/4-1-1",47.0,115.0,69.0,14062806.616,14062813.416,10.00000000164351
train_harn,HARn/17_Tap_the_keyboard/user3/4-1-2,user3,4-1-2,17_Tap_the_keyboard,"/home/fluxx/Workspace/cuchx-large/hf_data_manual/LMT_(IMU,Radar,Skeleton)/Training/HARn/17_Tap_the_keyboard/user3/4-1-2",28.0,99.0,72.0,14062971.716,14062978.816,10.00000000052469
train_harn,HARn/17_Tap_the_keyboard/user3/4-1-3,user3,4-1-3,17_Tap_the_keyboard,"/home/fluxx/Workspace/cuchx-large/hf_data_manual/LMT_(IMU,Radar,Skeleton)/Training/HARn/17_Tap_the_keyboard/user3/4-1-3",29.0,83.0,55.0,14063120.816,14063126.216,9.999999999310132
train_harn,HARn/17_Tap_the_keyboard/user4/4-1-1,user4,4-1-1,17_Tap_the_keyboard,"/home/fluxx/Workspace/cuchx-large/hf_data_manual/LMT_(IMU,Radar,Skeleton)/Training/HARn/17_Tap_the_keyboard/user4/4-1-1",47.0,96.0,50.0,14066209.616,14066214.516,9.999999999239737
train_harn,HARn/17_Tap_the_keyboard/user4/4-1-2,user4,4-1-2,17_Tap_the_keyboard,"/home/fluxx/Workspace/cuchx-large/hf_data_manual/LMT_(IMU,Radar,Skeleton)/Training/HARn/17_Tap_the_keyboard/user4/4-1-2",53.0,81.0,29.0,14066293.216,14066296.016,9.999999997339078
train_harn,HARn/17_Tap_the_keyboard/user4/4-1-3,user4,4-1-3,17_Tap_the_keyboard,"/home/fluxx/Workspace/cuchx-large/hf_data_manual/LMT_(IMU,Radar,Skeleton)/Training/HARn/17_Tap_the_keyboard/user4/4-1-3",31.0,73.0,43.0,14066376.016,14066380.216,10.000000001773948
train_harn,HARn/17_Tap_the_keyboard/user4/5-2-1,user4,5-2-1,17_Tap_the_keyboard,"/home/fluxx/Workspace/cuchx-large/hf_data_manual/LMT_(IMU,Radar,Skeleton)/Training/HARn/17_Tap_the_keyboard/user4/5-2-1",234.0,284.0,51.0,14066570.316,14066575.316,10.0
train_harn,HARn/17_Tap_the_keyboard/user4/5-2-2,user4,5-2-2,17_Tap_the_keyboard,"/home/fluxx/Workspace/cuchx-large/hf_data_manual/LMT_(IMU,Radar,Skeleton)/Training/HARn/17_Tap_the_keyboard/user4/5-2-2",292.0,341.0,50.0,14066721.116,14066726.016,9.999999999239737
train_harn,HARn/17_Tap_the_keyboard/user4/5-2-3,user4,5-2-3,17_Tap_the_keyboard,"/home/fluxx/Workspace/cuchx-large/hf_data_manual/LMT_(IMU,Radar,Skeleton)/Training/HARn/17_Tap_the_keyboard/user4/5-2-3",212.0,271.0,60.0,14066884.116,14066890.016,9.999999999368596
train_harn,HARn/17_Tap_the_keyboard/user5/4-1-1,user5,4-1-1,17_Tap_the_keyboard,"/home/fluxx/Workspace/cuchx-large/hf_data_manual/LMT_(IMU,Radar,Skeleton)/Training/HARn/17_Tap_the_keyboard/user5/4-1-1",14.0,60.0,47.0,14128671.316,14128675.916,10.000000000809846
train_harn,HARn/17_Tap_the_keyboard/user5/4-1-2,user5,4-1-2,17_Tap_the_keyboard,"/home/fluxx/Workspace/cuchx-large/hf_data_manual/LMT_(IMU,Radar,Skeleton)/Training/HARn/17_Tap_the_keyboard/user5/4-1-2",18.0,71.0,54.0,14128776.716,14128782.016,9.99999999859423
train_harn,HARn/17_Tap_the_keyboard/user5/4-1-3,user5,4-1-3,17_Tap_the_keyboard,"/home/fluxx/Workspace/cuchx-large/hf_data_manual/LMT_(IMU,Radar,Skeleton)/Training/HARn/17_Tap_the_keyboard/user5/4-1-3",39.0,60.0,22.0,14129082.816,14129084.916,10.000000001773948
train_harn,HARn/17_Tap_the_keyboard/user6/4-1-1,user6,4-1-1,17_Tap_the_keyboard,"/home/fluxx/Workspace/cuchx-large/hf_data_manual/LMT_(IMU,Radar,Skeleton)/Training/HARn/17_Tap_the_keyboard/user6/4-1-1",7.0,69.0,63.0,16126796.616,16126802.816,10.000000001201707
train_harn,HARn/17_Tap_the_keyboard/user6/4-1-2,user6,4-1-2,17_Tap_the_keyboard,"/home/fluxx/Workspace/cuchx-large/hf_data_manual/LMT_(IMU,Radar,Skeleton)/Training/HARn/17_Tap_the_keyboard/user6/4-1-2",10.0,75.0,66.0,16126929.916,16126936.416,10.0
train_harn,HARn/17_Tap_the_keyboard/user6/4-1-3,user6,4-1-3,17_Tap_the_keyboard,"/home/fluxx/Workspace/cuchx-large/hf_data_manual/LMT_(IMU,Radar,Skeleton)/Training/HARn/17_Tap_the_keyboard/user6/4-1-3",14.0,72.0,59.0,16127043.316,16127049.116,9.999999998715417
train_harn,HARn/17_Tap_the_keyboard/user7/4-1-1,user7,4-1-1,17_Tap_the_keyboard,"/home/fluxx/Workspace/cuchx-large/hf_data_manual/LMT_(IMU,Radar,Skeleton)/Training/HARn/17_Tap_the_keyboard/user7/4-1-1",62.0,73.0,12.0,16125126.116,16125127.216,10.000000003386628
train_harn,HARn/17_Tap_the_keyboard/user7/4-1-2,user7,4-1-2,17_Tap_the_keyboard,"/home/fluxx/Workspace/cuchx-large/hf_data_manual/LMT_(IMU,Radar,Skeleton)/Training/HARn/17_Tap_the_keyboard/user7/4-1-2",40.0,58.0,19.0,16125259.916,16125261.716,9.999999995860788
train_harn,HARn/17_Tap_the_keyboard/user7/4-1-3,user7,4-1-3,17_Tap_the_keyboard,"/home/fluxx/Workspace/cuchx-large/hf_data_manual/LMT_(IMU,Radar,Skeleton)/Training/HARn/17_Tap_the_keyboard/user7/4-1-3",38.0,56.0,19.0,16125411.716,16125413.516,9.999999995860788
train_harn,HARn/17_Tap_the_keyboard/user7/6-3-1,user7,6-3-1,17_Tap_the_keyboard,"/home/fluxx/Workspace/cuchx-large/hf_data_manual/LMT_(IMU,Radar,Skeleton)/Training/HARn/17_Tap_the_keyboard/user7/6-3-1",78.0,129.0,52.0,16059528.716,16059533.816,10.000000000730449
train_harn,HARn/17_Tap_the_keyboard/user8/5-1-1,user8,5-1-1,17_Tap_the_keyboard,"/home/fluxx/Workspace/cuchx-large/hf_data_manual/LMT_(IMU,Radar,Skeleton)/Training/HARn/17_Tap_the_keyboard/user8/5-1-1",120.0,155.0,36.0,16062352.916,16062356.416,10.0
train_harn,HARn/17_Tap_the_keyboard/user8/5-1-2,user8,5-1-2,17_Tap_the_keyboard,"/home/fluxx/Workspace/cuchx-large/hf_data_manual/LMT_(IMU,Radar,Skeleton)/Training/HARn/17_Tap_the_keyboard/user8/5-1-2",101.0,121.0,21.0,16062453.016,16062455.016,10.0
train_harn,HARn/17_Tap_the_keyboard/user8/5-1-3,user8,5-1-3,17_Tap_the_keyboard,"/home/fluxx/Workspace/cuchx-large/hf_data_manual/LMT_(IMU,Radar,Skeleton)/Training/HARn/17_Tap_the_keyboard/user8/5-1-3",85.0,96.0,12.0,16062542.416,16062543.516,9.99999998645349
train_harn,HARn/17_Tap_the_keyboard/user9/1-2-2,user9,1-2-2,17_Tap_the_keyboard,"/home/fluxx/Workspace/cuchx-large/hf_data_manual/LMT_(IMU,Radar,Skeleton)/Training/HARn/17_Tap_the_keyboard/user9/1-2-2",49.0,62.0,14.0,16129680.816,16129682.116,9.999999994268784
train_harn,HARn/17_Tap_the_keyboard/user9/1-2-3,user9,1-2-3,17_Tap_the_keyboard,"/home/fluxx/Workspace/cuchx-large/hf_data_manual/LMT_(IMU,Radar,Skeleton)/Training/HARn/17_Tap_the_keyboard/user9/1-2-3",59.0,73.0,15.0,16129778.816,16129780.216,9.999999997339078
train_harn,HARn/17_Tap_the_keyboard/user9/4-1-1,user9,4-1-1,17_Tap_the_keyboard,"/home/fluxx/Workspace/cuchx-large/hf_data_manual/LMT_(IMU,Radar,Skeleton)/Training/HARn/17_Tap_the_keyboard/user9/4-1-1",57.0,77.0,21.0,16130868.616,16130870.616,10.0
train_harn,HARn/17_Tap_the_keyboard/user9/4-1-2,user9,4-1-2,17_Tap_the_keyboard,"/home/fluxx/Workspace/cuchx-large/hf_data_manual/LMT_(IMU,Radar,Skeleton)/Training/HARn/17_Tap_the_keyboard/user9/4-1-2",61.0,81.0,21.0,16130972.016,16130974.016,10.0
train_harn,HARn/17_Tap_the_keyboard/user9/4-1-3,user9,4-1-3,17_Tap_the_keyboard,"/home/fluxx/Workspace/cuchx-large/hf_data_manual/LMT_(IMU,Radar,Skeleton)/Training/HARn/17_Tap_the_keyboard/user9/4-1-3",58.0,74.0,17.0,16131088.716,16131090.316,10.000000002328306
train_harn,HARn/17_Tap_the_keyboard/user9/4-3-1,user9,4-3-1,17_Tap_the_keyboard,"/home/fluxx/Workspace/cuchx-large/hf_data_manual/LMT_(IMU,Radar,Skeleton)/Training/HARn/17_Tap_the_keyboard/user9/4-3-1",62.0,115.0,54.0,16131212.116,16131217.416,10.000000002108655
train_harn,HARn/17_Tap_the_keyboard/user9/4-3-2,user9,4-3-2,17_Tap_the_keyboard,"/home/fluxx/Workspace/cuchx-large/hf_data_manual/LMT_(IMU,Radar,Skeleton)/Training/HARn/17_Tap_the_keyboard/user9/4-3-2",59.0,98.0,40.0,16131298.816,16131302.716,9.999999999044798
train_harn,HARn/17_Tap_the_keyboard/user9/4-3-3,user9,4-3-3,17_Tap_the_keyboard,"/home/fluxx/Workspace/cuchx-large/hf_data_manual/LMT_(IMU,Radar,Skeleton)/Training/HARn/17_Tap_the_keyboard/user9/4-3-3",55.0,76.0,22.0,16131401.416,16131403.516,9.99999999290421
train_harn,HARn/17_Tap_the_keyboard/user9/6-1-1,user9,6-1-1,17_Tap_the_keyboard,"/home/fluxx/Workspace/cuchx-large/hf_data_manual/LMT_(IMU,Radar,Skeleton)/Training/HARn/17_Tap_the_keyboard/user9/6-1-1",61.0,77.0,17.0,16314836.016,16314837.616,10.000000002328306
train_harn,HARn/17_Tap_the_keyboard/user9/6-1-2,user9,6-1-2,17_Tap_the_keyboard,"/home/fluxx/Workspace/cuchx-large/hf_data_manual/LMT_(IMU,Radar,Skeleton)/Training/HARn/17_Tap_the_keyboard/user9/6-1-2",41.0,73.0,33.0,16314909.016,16314912.216,10.000000002328306
train_harn,HARn/17_Tap_the_keyboard/user9/6-1-3,user9,6-1-3,17_Tap_the_keyboard,"/home/fluxx/Workspace/cuchx-large/hf_data_manual/LMT_(IMU,Radar,Skeleton)/Training/HARn/17_Tap_the_keyboard/user9/6-1-3",39.0,64.0,26.0,16132729.816,16132732.316,10.0
train_harn,HARn/18_Write/user18/4-1-1,user18,4-1-1,18_Write,"/home/fluxx/Workspace/cuchx-large/hf_data_manual/LMT_(IMU,Radar,Skeleton)/Training/HARn/18_Write/user18/4-1-1",161.0,196.0,36.0,16909226.016,16909229.516,10.0
train_harn,HARn/18_Write/user18/4-1-2,user18,4-1-2,18_Write,"/home/fluxx/Workspace/cuchx-large/hf_data_manual/LMT_(IMU,Radar,Skeleton)/Training/HARn/18_Write/user18/4-1-2",161.0,163.0,3.0,16909511.016,16909511.216,10.000000037252903
train_harn,HARn/18_Write/user18/4-1-3,user18,4-1-3,18_Write,"/home/fluxx/Workspace/cuchx-large/hf_data_manual/LMT_(IMU,Radar,Skeleton)/Training/HARn/18_Write/user18/4-1-3",146.0,176.0,31.0,16909671.516,16909674.516,10.0
train_harn,HARn/18_Write/user18/6-2-1,user18,6-2-1,18_Write,"/home/fluxx/Workspace/cuchx-large/hf_data_manual/LMT_(IMU,Radar,Skeleton)/Training/HARn/18_Write/user18/6-2-1",356.0,371.0,16.0,16900049.516,16900051.016,10.0
train_harn,HARn/18_Write/user18/6-2-2,user18,6-2-2,18_Write,"/home/fluxx/Workspace/cuchx-large/hf_data_manual/LMT_(IMU,Radar,Skeleton)/Training/HARn/18_Write/user18/6-2-2",193.0,198.0,6.0,16900136.216,16900136.716,10.0
train_harn,HARn/18_Write/user18/6-2-3,user18,6-2-3,18_Write,"/home/fluxx/Workspace/cuchx-large/hf_data_manual/LMT_(IMU,Radar,Skeleton)/Training/HARn/18_Write/user18/6-2-3",221.0,231.0,11.0,16900254.016,16900255.016,10.0
train_harn,HARn/18_Write/user2/4-1-2,user2,4-1-2,18_Write,"/home/fluxx/Workspace/cuchx-large/hf_data_manual/LMT_(IMU,Radar,Skeleton)/Training/HARn/18_Write/user2/4-1-2",184.0,226.0,43.0,14056125.316,14056129.516,9.999999997339078
train_harn,HARn/18_Write/user2/4-1-3,user2,4-1-3,18_Write,"/home/fluxx/Workspace/cuchx-large/hf_data_manual/LMT_(IMU,Radar,Skeleton)/Training/HARn/18_Write/user2/4-1-3",167.0,184.0,18.0,14056288.616,14056290.316,10.000000004382695
train_harn,HARn/18_Write/user2/4-3-1,user2,4-3-1,18_Write,"/home/fluxx/Workspace/cuchx-large/hf_data_manual/LMT_(IMU,Radar,Skeleton)/Training/HARn/18_Write/user2/4-3-1",115.0,141.0,27.0,14056462.416,14056465.016,9.999999994268784
train_harn,HARn/18_Write/user2/4-3-2,user2,4-3-2,18_Write,"/home/fluxx/Workspace/cuchx-large/hf_data_manual/LMT_(IMU,Radar,Skeleton)/Training/HARn/18_Write/user2/4-3-2",126.0,158.0,33.0,14056584.516,14056587.716,10.000000002328306
train_harn,HARn/18_Write/user2/4-3-3,user2,4-3-3,18_Write,"/home/fluxx/Workspace/cuchx-large/hf_data_manual/LMT_(IMU,Radar,Skeleton)/Training/HARn/18_Write/user2/4-3-3",109.0,135.0,27.0,14056702.816,14056705.416,10.000000001432804
train_harn,HARn/18_Write/user20/2-2-1,user20,2-2-1,18_Write,"/home/fluxx/Workspace/cuchx-large/hf_data_manual/LMT_(IMU,Radar,Skeleton)/Training/HARn/18_Write/user20/2-2-1",84.0,97.0,14.0,16904237.316,16904238.616,9.999999994268784
train_harn,HARn/18_Write/user20/2-2-2,user20,2-2-2,18_Write,"/home/fluxx/Workspace/cuchx-large/hf_data_manual/LMT_(IMU,Radar,Skeleton)/Training/HARn/18_Write/user20/2-2-2",78.0,94.0,17.0,16904313.716,16904315.316,9.999999990686774
train_harn,HARn/18_Write/user20/2-2-3,user20,2-2-3,18_Write,"/home/fluxx/Workspace/cuchx-large/hf_data_manual/LMT_(IMU,Radar,Skeleton)/Training/HARn/18_Write/user20/2-2-3",53.0,60.0,8.0,16904419.216,16904419.916,9.999999957425254
train_harn,HARn/18_Write/user22/3-1-1,user22,3-1-1,18_Write,"/home/fluxx/Workspace/cuchx-large/hf_data_manual/LMT_(IMU,Radar,Skeleton)/Training/HARn/18_Write/user22/3-1-1",59.0,89.0,31.0,17158401.816,17158404.816,10.0
train_harn,HARn/18_Write/user22/3-1-2,user22,3-1-2,18_Write,"/home/fluxx/Workspace/cuchx-large/hf_data_manual/LMT_(IMU,Radar,Skeleton)/Training/HARn/18_Write/user22/3-1-2",64.0,89.0,26.0,17158489.316,17158491.816,10.0
train_harn,HARn/18_Write/user23/4-1-1,user23,4-1-1,18_Write,"/home/fluxx/Workspace/cuchx-large/hf_data_manual/LMT_(IMU,Radar,Skeleton)/Training/HARn/18_Write/user23/4-1-1",17.0,80.0,64.0,17167848.616,17167854.916,9.999999998817367
train_harn,HARn/18_Write/user23/4-1-2,user23,4-1-2,18_Write,"/home/fluxx/Workspace/cuchx-large/hf_data_manual/LMT_(IMU,Radar,Skeleton)/Training/HARn/18_Write/user23/4-1-2",13.0,63.0,51.0,17167911.216,17167916.216,10.0
train_harn,HARn/18_Write/user23/4-1-3,user23,4-1-3,18_Write,"/home/fluxx/Workspace/cuchx-large/hf_data_manual/LMT_(IMU,Radar,Skeleton)/Training/HARn/18_Write/user23/4-1-3",16.0,86.0,71.0,17168045.516,17168052.516,10.0
train_harn,HARn/18_Write/user23/7-1-1,user23,7-1-1,18_Write,"/home/fluxx/Workspace/cuchx-large/hf_data_manual/LMT_(IMU,Radar,Skeleton)/Training/HARn/18_Write/user23/7-1-1",162.0,192.0,31.0,17145231.116,17145234.116,10.0
train_harn,HARn/18_Write/user23/7-1-3,user23,7-1-3,18_Write,"/home/fluxx/Workspace/cuchx-large/hf_data_manual/LMT_(IMU,Radar,Skeleton)/Training/HARn/18_Write/user23/7-1-3",107.0,128.0,22.0,17145382.616,17145384.716,10.000000010643687
train_harn,HARn/18_Write/user24/1-2-1,user24,1-2-1,18_Write,"/home/fluxx/Workspace/cuchx-large/hf_data_manual/LMT_(IMU,Radar,Skeleton)/Training/HARn/18_Write/user24/1-2-1",401.0,434.0,34.0,17230432.016,17230435.316,9.999999997742249
train_harn,HARn/18_Write/user24/1-2-2,user24,1-2-2,18_Write,"/home/fluxx/Workspace/cuchx-large/hf_data_manual/LMT_(IMU,Radar,Skeleton)/Training/HARn/18_Write/user24/1-2-2",169.0,199.0,31.0,17230539.816,17230542.816,10.0
train_harn,HARn/18_Write/user24/1-2-3,user24,1-2-3,18_Write,"/home/fluxx/Workspace/cuchx-large/hf_data_manual/LMT_(IMU,Radar,Skeleton)/Training/HARn/18_Write/user24/1-2-3",173.0,189.0,17.0,17230656.216,17230657.816,9.999999990686774
train_harn,HARn/18_Write/user3/3-2-1,user3,3-2-1,18_Write,"/home/fluxx/Workspace/cuchx-large/hf_data_manual/LMT_(IMU,Radar,Skeleton)/Training/HARn/18_Write/user3/3-2-1",224.0,289.0,66.0,14062323.316,14062329.816,10.0
train_harn,HARn/18_Write/user3/3-2-2,user3,3-2-2,18_Write,"/home/fluxx/Workspace/cuchx-large/hf_data_manual/LMT_(IMU,Radar,Skeleton)/Training/HARn/18_Write/user3/3-2-2",202.0,232.0,31.0,14062496.116,14062499.116,10.0
train_harn,HARn/18_Write/user3/3-2-3,user3,3-2-3,18_Write,"/home/fluxx/Workspace/cuchx-large/hf_data_manual/LMT_(IMU,Radar,Skeleton)/Training/HARn/18_Write/user3/3-2-3",224.0,247.0,24.0,14062622.316,14062624.616,9.999999996760618
train_harn,HARn/18_Write/user4/4-1-1,user4,4-1-1,18_Write,"/home/fluxx/Workspace/cuchx-large/hf_data_manual/LMT_(IMU,Radar,Skeleton)/Training/HARn/18_Write/user4/4-1-1",111.0,141.0,31.0,14066216.016,14066219.016,10.0
train_harn,HARn/18_Write/user4/4-1-2,user4,4-1-2,18_Write,"/home/fluxx/Workspace/cuchx-large/hf_data_manual/LMT_(IMU,Radar,Skeleton)/Training/HARn/18_Write/user4/4-1-2",98.0,141.0,44.0,14066297.716,14066302.016,9.999999998267306
train_harn,HARn/18_Write/user4/4-1-3,user4,4-1-3,18_Write,"/home/fluxx/Workspace/cuchx-large/hf_data_manual/LMT_(IMU,Radar,Skeleton)/Training/HARn/18_Write/user4/4-1-3",82.0,101.0,20.0,14066381.116,14066383.016,9.999999998039321
train_harn,HARn/18_Write/user5/4-3-1,user5,4-3-1,18_Write,"/home/fluxx/Workspace/cuchx-large/hf_data_manual/LMT_(IMU,Radar,Skeleton)/Training/HARn/18_Write/user5/4-3-1",145.0,156.0,12.0,14129235.416,14129236.516,9.99999998645349
train_harn,HARn/18_Write/user5/4-3-3,user5,4-3-3,18_Write,"/home/fluxx/Workspace/cuchx-large/hf_data_manual/LMT_(IMU,Radar,Skeleton)/Training/HARn/18_Write/user5/4-3-3",86.0,103.0,18.0,14129423.516,14129425.216,10.000000004382695
train_harn,HARn/18_Write/user6/4-1-1,user6,4-1-1,18_Write,"/home/fluxx/Workspace/cuchx-large/hf_data_manual/LMT_(IMU,Radar,Skeleton)/Training/HARn/18_Write/user6/4-1-1",7.0,80.0,74.0,16126796.616,16126803.916,10.00000000153094
train_harn,HARn/18_Write/user6/4-1-2,user6,4-1-2,18_Write,"/home/fluxx/Workspace/cuchx-large/hf_data_manual/LMT_(IMU,Radar,Skeleton)/Training/HARn/18_Write/user6/4-1-2",10.0,70.0,61.0,16126929.916,16126935.916,10.0
train_harn,HARn/18_Write/user6/4-1-3,user6,4-1-3,18_Write,"/home/fluxx/Workspace/cuchx-large/hf_data_manual/LMT_(IMU,Radar,Skeleton)/Training/HARn/18_Write/user6/4-1-3",14.0,71.0,58.0,16127043.316,16127049.016,9.999999998039321
train_harn,HARn/18_Write/user8/6-2-1,user8,6-2-1,18_Write,"/home/fluxx/Workspace/cuchx-large/hf_data_manual/LMT_(IMU,Radar,Skeleton)/Training/HARn/18_Write/user8/6-2-1",318.0,344.0,27.0,16062767.716,16062770.316,10.000000001432804
train_harn,HARn/18_Write/user8/6-2-2,user8,6-2-2,18_Write,"/home/fluxx/Workspace/cuchx-large/hf_data_manual/LMT_(IMU,Radar,Skeleton)/Training/HARn/18_Write/user8/6-2-2",190.0,208.0,19.0,16062892.916,16062894.716,9.999999995860788
train_harn,HARn/18_Write/user8/6-2-3,user8,6-2-3,18_Write,"/home/fluxx/Workspace/cuchx-large/hf_data_manual/LMT_(IMU,Radar,Skeleton)/Training/HARn/18_Write/user8/6-2-3",283.0,298.0,16.0,16063016.216,16063017.716,10.0
train_harn,HARn/19_Make_a_phone_call/user16/4-1-1,user16,4-1-1,19_Make_a_phone_call,"/home/fluxx/Workspace/cuchx-large/hf_data_manual/LMT_(IMU,Radar,Skeleton)/Training/HARn/19_Make_a_phone_call/user16/4-1-1",248.0,288.0,41.0,16912396.716,16912400.716,10.0
train_harn,HARn/19_Make_a_phone_call/user16/4-1-2,user16,4-1-2,19_Make_a_phone_call,"/home/fluxx/Workspace/cuchx-large/hf_data_manual/LMT_(IMU,Radar,Skeleton)/Training/HARn/19_Make_a_phone_call/user16/4-1-2",190.0,216.0,27.0,16912994.916,16912997.516,10.000000008596825
train_harn,HARn/19_Make_a_phone_call/user16/4-1-3,user16,4-1-3,19_Make_a_phone_call,"/home/fluxx/Workspace/cuchx-large/hf_data_manual/LMT_(IMU,Radar,Skeleton)/Training/HARn/19_Make_a_phone_call/user16/4-1-3",190.0,221.0,32.0,16912683.916,16912687.016,10.00000000721024
train_harn,HARn/19_Make_a_phone_call/user18/1-2-1,user18,1-2-1,19_Make_a_phone_call,"/home/fluxx/Workspace/cuchx-large/hf_data_manual/LMT_(IMU,Radar,Skeleton)/Training/HARn/19_Make_a_phone_call/user18/1-2-1",344.0,377.0,34.0,17079382.316,17079385.616,9.999999997742249
train_harn,HARn/19_Make_a_phone_call/user18/1-2-2,user18,1-2-2,19_Make_a_phone_call,"/home/fluxx/Workspace/cuchx-large/hf_data_manual/LMT_(IMU,Radar,Skeleton)/Training/HARn/19_Make_a_phone_call/user18/1-2-2",241.0,285.0,45.0,17079492.016,17079496.416,9.999999994920058
train_harn,HARn/19_Make_a_phone_call/user18/1-2-3,user18,1-2-3,19_Make_a_phone_call,"/home/fluxx/Workspace/cuchx-large/hf_data_manual/LMT_(IMU,Radar,Skeleton)/Training/HARn/19_Make_a_phone_call/user18/1-2-3",297.0,333.0,37.0,17079597.616,17079601.216,10.000000006208817
train_harn,HARn/19_Make_a_phone_call/user18/2-1-1,user18,2-1-1,19_Make_a_phone_call,"/home/fluxx/Workspace/cuchx-large/hf_data_manual/LMT_(IMU,Radar,Skeleton)/Training/HARn/19_Make_a_phone_call/user18/2-1-1",330.0,348.0,19.0,16898409.916,16898411.716,10.000000016556847
train_harn,HARn/19_Make_a_phone_call/user18/2-1-2,user18,2-1-2,19_Make_a_phone_call,"/home/fluxx/Workspace/cuchx-large/hf_data_manual/LMT_(IMU,Radar,Skeleton)/Training/HARn/19_Make_a_phone_call/user18/2-1-2",280.0,300.0,21.0,16898725.916,16898727.916,10.0
train_harn,HARn/19_Make_a_phone_call/user18/2-1-3,user18,2-1-3,19_Make_a_phone_call,"/home/fluxx/Workspace/cuchx-large/hf_data_manual/LMT_(IMU,Radar,Skeleton)/Training/HARn/19_Make_a_phone_call/user18/2-1-3",201.0,221.0,21.0,16898819.016,16898821.016,10.0
train_harn,HARn/19_Make_a_phone_call/user2/4-1-1,user2,4-1-1,19_Make_a_phone_call,"/home/fluxx/Workspace/cuchx-large/hf_data_manual/LMT_(IMU,Radar,Skeleton)/Training/HARn/19_Make_a_phone_call/user2/4-1-1",49.0,79.0,31.0,14055855.816,14055858.816,10.0
train_harn,HARn/19_Make_a_phone_call/user2/4-1-2,user2,4-1-2,19_Make_a_phone_call,"/home/fluxx/Workspace/cuchx-large/hf_data_manual/LMT_(IMU,Radar,Skeleton)/Training/HARn/19_Make_a_phone_call/user2/4-1-2",45.0,63.0,19.0,14056111.416,14056113.216,9.999999995860788
train_harn,HARn/19_Make_a_phone_call/user2/4-1-3,user2,4-1-3,19_Make_a_phone_call,"/home/fluxx/Workspace/cuchx-large/hf_data_manual/LMT_(IMU,Radar,Skeleton)/Training/HARn/19_Make_a_phone_call/user2/4-1-3",55.0,69.0,15.0,14056277.416,14056278.816,9.999999997339078
train_harn,HARn/19_Make_a_phone_call/user21/4-1-1,user21,4-1-1,19_Make_a_phone_call,"/home/fluxx/Workspace/cuchx-large/hf_data_manual/LMT_(IMU,Radar,Skeleton)/Training/HARn/19_Make_a_phone_call/user21/4-1-1",115.0,184.0,70.0,17082278.416,17082285.316,10.000000002159588
train_harn,HARn/19_Make_a_phone_call/user21/4-1-2,user21,4-1-2,19_Make_a_phone_call,"/home/fluxx/Workspace/cuchx-large/hf_data_manual/LMT_(IMU,Radar,Skeleton)/Training/HARn/19_Make_a_phone_call/user21/4-1-2",84.0,139.0,56.0,17082460.316,17082465.816,10.0
train_harn,HARn/19_Make_a_phone_call/user21/4-1-3,user21,4-1-3,19_Make_a_phone_call,"/home/fluxx/Workspace/cuchx-large/hf_data_manual/LMT_(IMU,Radar,Skeleton)/Training/HARn/19_Make_a_phone_call/user21/4-1-3",66.0,95.0,30.0,17082546.516,17082549.416,9.999999992292503
train_harn,HARn/19_Make_a_phone_call/user22/4-1-1,user22,4-1-1,19_Make_a_phone_call,"/home/fluxx/Workspace/cuchx-large/hf_data_manual/LMT_(IMU,Radar,Skeleton)/Training/HARn/19_Make_a_phone_call/user22/4-1-1",80.0,117.0,38.0,17084012.916,17084016.616,10.000000002013671
train_harn,HARn/19_Make_a_phone_call/user22/4-1-2,user22,4-1-2,19_Make_a_phone_call,"/home/fluxx/Workspace/cuchx-large/hf_data_manual/LMT_(IMU,Radar,Skeleton)/Training/HARn/19_Make_a_phone_call/user22/4-1-2",70.0,99.0,30.0,17084095.916,17084098.816,10.00000000513833
train_harn,HARn/19_Make_a_phone_call/user22/4-1-3,user22,4-1-3,19_Make_a_phone_call,"/home/fluxx/Workspace/cuchx-large/hf_data_manual/LMT_(IMU,Radar,Skeleton)/Training/HARn/19_Make_a_phone_call/user22/4-1-3",66.0,97.0,32.0,17084171.516,17084174.616,9.999999995193173
train_harn,HARn/19_Make_a_phone_call/user23/4-2-1,user23,4-2-1,19_Make_a_phone_call,"/home/fluxx/Workspace/cuchx-large/hf_data_manual/LMT_(IMU,Radar,Skeleton)/Training/HARn/19_Make_a_phone_call/user23/4-2-1",81.0,102.0,22.0,17243146.016,17243148.116,9.99999999290421
train_harn,HARn/19_Make_a_phone_call/user23/4-2-2,user23,4-2-2,19_Make_a_phone_call,"/home/fluxx/Workspace/cuchx-large/hf_data_manual/LMT_(IMU,Radar,Skeleton)/Training/HARn/19_Make_a_phone_call/user23/4-2-2",85.0,121.0,37.0,17243269.416,17243273.016,10.000000006208817
train_harn,HARn/19_Make_a_phone_call/user23/4-2-3,user23,4-2-3,19_Make_a_phone_call,"/home/fluxx/Workspace/cuchx-large/hf_data_manual/LMT_(IMU,Radar,Skeleton)/Training/HARn/19_Make_a_phone_call/user23/4-2-3",40.0,57.0,18.0,17243504.916,17243506.616,10.000000004382695
train_harn,HARn/19_Make_a_phone_call/user24/3-2-1,user24,3-2-1,19_Make_a_phone_call,"/home/fluxx/Workspace/cuchx-large/hf_data_manual/LMT_(IMU,Radar,Skeleton)/Training/HARn/19_Make_a_phone_call/user24/3-2-1",136.0,164.0,29.0,17147051.516,17147054.316,9.999999997339078
train_harn,HARn/19_Make_a_phone_call/user24/3-2-2,user24,3-2-2,19_Make_a_phone_call,"/home/fluxx/Workspace/cuchx-large/hf_data_manual/LMT_(IMU,Radar,Skeleton)/Training/HARn/19_Make_a_phone_call/user24/3-2-2",51.0,62.0,12.0,17147234.016,17147235.116,9.99999998645349
train_harn,HARn/19_Make_a_phone_call/user24/3-2-3,user24,3-2-3,19_Make_a_phone_call,"/home/fluxx/Workspace/cuchx-large/hf_data_manual/LMT_(IMU,Radar,Skeleton)/Training/HARn/19_Make_a_phone_call/user24/3-2-3",69.0,91.0,23.0,17147467.816,17147470.016,10.000000003386628
train_harn,HARn/19_Make_a_phone_call/user3/3-2-1,user3,3-2-1,19_Make_a_phone_call,"/home/fluxx/Workspace/cuchx-large/hf_data_manual/LMT_(IMU,Radar,Skeleton)/Training/HARn/19_Make_a_phone_call/user3/3-2-1",96.0,129.0,34.0,14062310.516,14062313.816,10.000000003386628
train_harn,HARn/19_Make_a_phone_call/user3/3-2-2,user3,3-2-2,19_Make_a_phone_call,"/home/fluxx/Workspace/cuchx-large/hf_data_manual/LMT_(IMU,Radar,Skeleton)/Training/HARn/19_Make_a_phone_call/user3/3-2-2",91.0,117.0,27.0,14062485.016,14062487.616,10.000000001432804
train_harn,HARn/19_Make_a_phone_call/user3/3-2-3,user3,3-2-3,19_Make_a_phone_call,"/home/fluxx/Workspace/cuchx-large/hf_data_manual/LMT_(IMU,Radar,Skeleton)/Training/HARn/19_Make_a_phone_call/user3/3-2-3",94.0,124.0,31.0,14062609.316,14062612.316,10.0
train_harn,HARn/19_Make_a_phone_call/user3/4-1-1,user3,4-1-1,19_Make_a_phone_call,"/home/fluxx/Workspace/cuchx-large/hf_data_manual/LMT_(IMU,Radar,Skeleton)/Training/HARn/19_Make_a_phone_call/user3/4-1-1",149.0,200.0,52.0,14062816.816,14062821.916,10.000000000730449
train_harn,HARn/19_Make_a_phone_call/user3/4-1-2,user3,4-1-2,19_Make_a_phone_call,"/home/fluxx/Workspace/cuchx-large/hf_data_manual/LMT_(IMU,Radar,Skeleton)/Training/HARn/19_Make_a_phone_call/user3/4-1-2",120.0,164.0,45.0,14062980.916,14062985.316,9.999999999153344
train_harn,HARn/19_Make_a_phone_call/user3/4-1-3,user3,4-1-3,19_Make_a_phone_call,"/home/fluxx/Workspace/cuchx-large/hf_data_manual/LMT_(IMU,Radar,Skeleton)/Training/HARn/19_Make_a_phone_call/user3/4-1-3",89.0,143.0,55.0,14063126.816,14063132.216,9.999999999310132
train_harn,HARn/19_Make_a_phone_call/user4/6-1-2,user4,6-1-2,19_Make_a_phone_call,"/home/fluxx/Workspace/cuchx-large/hf_data_manual/LMT_(IMU,Radar,Skeleton)/Training/HARn/19_Make_a_phone_call/user4/6-1-2",473.0,506.0,34.0,14067655.216,14067658.516,9.999999997742249
train_harn,HARn/19_Make_a_phone_call/user4/6-1-3,user4,6-1-3,19_Make_a_phone_call,"/home/fluxx/Workspace/cuchx-large/hf_data_manual/LMT_(IMU,Radar,Skeleton)/Training/HARn/19_Make_a_phone_call/user4/6-1-3",328.0,365.0,38.0,14067752.716,14067756.416,10.000000002013671
train_harn,HARn/19_Make_a_phone_call/user5/4-1-1,user5,4-1-1,19_Make_a_phone_call,"/home/fluxx/Workspace/cuchx-large/hf_data_manual/LMT_(IMU,Radar,Skeleton)/Training/HARn/19_Make_a_phone_call/user5/4-1-1",180.0,240.0,61.0,14128687.916,14128693.916,10.0
train_harn,HARn/19_Make_a_phone_call/user5/4-1-2,user5,4-1-2,19_Make_a_phone_call,"/home/fluxx/Workspace/cuchx-large/hf_data_manual/LMT_(IMU,Radar,Skeleton)/Training/HARn/19_Make_a_phone_call/user5/4-1-2",142.0,230.0,89.0,14128789.116,14128797.916,10.000000001269985
train_harn,HARn/19_Make_a_phone_call/user5/4-1-3,user5,4-1-3,19_Make_a_phone_call,"/home/fluxx/Workspace/cuchx-large/hf_data_manual/LMT_(IMU,Radar,Skeleton)/Training/HARn/19_Make_a_phone_call/user5/4-1-3",114.0,191.0,78.0,14129090.316,14129098.016,9.999999998548589
train_harn,HARn/19_Make_a_phone_call/user6/4-1-1,user6,4-1-1,19_Make_a_phone_call,"/home/fluxx/Workspace/cuchx-large/hf_data_manual/LMT_(IMU,Radar,Skeleton)/Training/HARn/19_Make_a_phone_call/user6/4-1-1",152.0,174.0,23.0,16126811.116,16126813.316,10.000000003386628
train_harn,HARn/19_Make_a_phone_call/user6/4-1-2,user6,4-1-2,19_Make_a_phone_call,"/home/fluxx/Workspace/cuchx-large/hf_data_manual/LMT_(IMU,Radar,Skeleton)/Training/HARn/19_Make_a_phone_call/user6/4-1-2",127.0,162.0,36.0,16126941.616,16126945.116,10.0
train_harn,HARn/19_Make_a_phone_call/user6/4-1-3,user6,4-1-3,19_Make_a_phone_call,"/home/fluxx/Workspace/cuchx-large/hf_data_manual/LMT_(IMU,Radar,Skeleton)/Training/HARn/19_Make_a_phone_call/user6/4-1-3",138.0,151.0,14.0,16127055.716,16127057.016,9.999999994268784
train_harn,HARn/19_Make_a_phone_call/user8/1-2-1,user8,1-2-1,19_Make_a_phone_call,"/home/fluxx/Workspace/cuchx-large/hf_data_manual/LMT_(IMU,Radar,Skeleton)/Training/HARn/19_Make_a_phone_call/user8/1-2-1",284.0,292.0,9.0,16060324.316,16060325.116,9.999999990686774
train_harn,HARn/19_Make_a_phone_call/user8/1-2-2,user8,1-2-2,19_Make_a_phone_call,"/home/fluxx/Workspace/cuchx-large/hf_data_manual/LMT_(IMU,Radar,Skeleton)/Training/HARn/19_Make_a_phone_call/user8/1-2-2",159.0,182.0,24.0,16060394.816,16060397.116,9.999999996760618
train_harn,HARn/19_Make_a_phone_call/user8/1-2-3,user8,1-2-3,19_Make_a_phone_call,"/home/fluxx/Workspace/cuchx-large/hf_data_manual/LMT_(IMU,Radar,Skeleton)/Training/HARn/19_Make_a_phone_call/user8/1-2-3",313.0,327.0,15.0,16060489.216,16060490.616,9.999999997339078
train_harn,HARn/19_Make_a_phone_call/user8/2-1-1,user8,2-1-1,19_Make_a_phone_call,"/home/fluxx/Workspace/cuchx-large/hf_data_manual/LMT_(IMU,Radar,Skeleton)/Training/HARn/19_Make_a_phone_call/user8/2-1-1",289.0,316.0,28.0,16060645.816,16060648.516,9.999999995860788
train_harn,HARn/19_Make_a_phone_call/user8/2-1-3,user8,2-1-3,19_Make_a_phone_call,"/home/fluxx/Workspace/cuchx-large/hf_data_manual/LMT_(IMU,Radar,Skeleton)/Training/HARn/19_Make_a_phone_call/user8/2-1-3",162.0,180.0,19.0,16060996.116,16060997.916,10.000000006208817
train_harn,HARn/1_Brush_teeth/user16/1-1-1,user16,1-1-1,1_Brush_teeth,"/home/fluxx/Workspace/cuchx-large/hf_data_manual/LMT_(IMU,Radar,Skeleton)/Training/HARn/1_Brush_teeth/user16/1-1-1",96.0,127.0,32.0,16973023.516,16973026.616,9.999999995193173
train_harn,HARn/1_Brush_teeth/user16/1-1-2,user16,1-1-2,1_Brush_teeth,"/home/fluxx/Workspace/cuchx-large/hf_data_manual/LMT_(IMU,Radar,Skeleton)/Training/HARn/1_Brush_teeth/user16/1-1-2",61.0,118.0,58.0,16973117.016,16973122.716,10.00000000130712
train_harn,HARn/1_Brush_teeth/user16/1-1-3,user16,1-1-3,1_Brush_teeth,"/home/fluxx/Workspace/cuchx-large/hf_data_manual/LMT_(IMU,Radar,Skeleton)/Training/HARn/1_Brush_teeth/user16/1-1-3",50.0,68.0,19.0,16973194.916,16973196.716,10.000000016556847
train_harn,HARn/1_Brush_teeth/user17/1-1-1,user17,1-1-1,1_Brush_teeth,"/home/fluxx/Workspace/cuchx-large/hf_data_manual/LMT_(IMU,Radar,Skeleton)/Training/HARn/1_Brush_teeth/user17/1-1-1",42.0,61.0,20.0,16973891.116,16973893.016,10.000000007842717
train_harn,HARn/1_Brush_teeth/user17/1-1-2,user17,1-1-2,1_Brush_teeth,"/home/fluxx/Workspace/cuchx-large/hf_data_manual/LMT_(IMU,Radar,Skeleton)/Training/HARn/1_Brush_teeth/user17/1-1-2",32.0,56.0,25.0,16973990.116,16973992.516,10.000000006208817
train_harn,HARn/1_Brush_teeth/user17/1-1-3,user17,1-1-3,1_Brush_teeth,"/home/fluxx/Workspace/cuchx-large/hf_data_manual/LMT_(IMU,Radar,Skeleton)/Training/HARn/1_Brush_teeth/user17/1-1-3",29.0,52.0,24.0,16974069.816,16974072.116,9.999999996760618
train_harn,HARn/1_Brush_teeth/user18/1-1-1,user18,1-1-1,1_Brush_teeth,"/home/fluxx/Workspace/cuchx-large/hf_data_manual/LMT_(IMU,Radar,Skeleton)/Training/HARn/1_Brush_teeth/user18/1-1-1",55.0,95.0,41.0,16974401.416,16974405.416,10.0
train_harn,HARn/1_Brush_teeth/user18/1-1-2,user18,1-1-2,1_Brush_teeth,"/home/fluxx/Workspace/cuchx-large/hf_data_manual/LMT_(IMU,Radar,Skeleton)/Training/HARn/1_Brush_teeth/user18/1-1-2",46.0,80.0,35.0,16974480.516,16974483.916,9.99999999342596
train_harn,HARn/1_Brush_teeth/user18/1-1-3,user18,1-1-3,1_Brush_teeth,"/home/fluxx/Workspace/cuchx-large/hf_data_manual/LMT_(IMU,Radar,Skeleton)/Training/HARn/1_Brush_teeth/user18/1-1-3",45.0,75.0,31.0,16974561.416,16974564.416,10.0
train_harn,HARn/1_Brush_teeth/user18/7-1-1,user18,7-1-1,1_Brush_teeth,"/home/fluxx/Workspace/cuchx-large/hf_data_manual/LMT_(IMU,Radar,Skeleton)/Training/HARn/1_Brush_teeth/user18/7-1-1",117.0,139.0,23.0,16975754.616,16975756.816,10.000000003386628
train_harn,HARn/1_Brush_teeth/user18/7-1-2,user18,7-1-2,1_Brush_teeth,"/home/fluxx/Workspace/cuchx-large/hf_data_manual/LMT_(IMU,Radar,Skeleton)/Training/HARn/1_Brush_teeth/user18/7-1-2",99.0,111.0,13.0,16975876.816,16975878.016,10.000000006208817
train_harn,HARn/1_Brush_teeth/user18/7-1-3,user18,7-1-3,1_Brush_teeth,"/home/fluxx/Workspace/cuchx-large/hf_data_manual/LMT_(IMU,Radar,Skeleton)/Training/HARn/1_Brush_teeth/user18/7-1-3",55.0,59.0,5.0,16975993.416,16975993.816,10.000000037252903
train_harn,HARn/1_Brush_teeth/user19/1-1-1,user19,1-1-1,1_Brush_teeth,"/home/fluxx/Workspace/cuchx-large/hf_data_manual/LMT_(IMU,Radar,Skeleton)/Training/HARn/1_Brush_teeth/user19/1-1-1",42.0,59.0,18.0,16974949.116,16974950.816,10.000000004382695
train_harn,HARn/1_Brush_teeth/user19/1-1-2,user19,1-1-2,1_Brush_teeth,"/home/fluxx/Workspace/cuchx-large/hf_data_manual/LMT_(IMU,Radar,Skeleton)/Training/HARn/1_Brush_teeth/user19/1-1-2",38.0,44.0,7.0,16975053.716,16975054.316,9.999999975164732
train_harn,HARn/1_Brush_teeth/user19/1-1-3,user19,1-1-3,1_Brush_teeth,"/home/fluxx/Workspace/cuchx-large/hf_data_manual/LMT_(IMU,Radar,Skeleton)/Training/HARn/1_Brush_teeth/user19/1-1-3",31.0,44.0,14.0,16975142.016,16975143.316,9.999999994268784
train_harn,HARn/1_Brush_teeth/user20/4-2-1,user20,4-2-1,1_Brush_teeth,"/home/fluxx/Workspace/cuchx-large/hf_data_manual/LMT_(IMU,Radar,Skeleton)/Training/HARn/1_Brush_teeth/user20/4-2-1",110.0,131.0,22.0,17057250.916,17057253.016,10.000000010643687
train_harn,HARn/1_Brush_teeth/user20/4-2-2,user20,4-2-2,1_Brush_teeth,"/home/fluxx/Workspace/cuchx-large/hf_data_manual/LMT_(IMU,Radar,Skeleton)/Training/HARn/1_Brush_teeth/user20/4-2-2",83.0,94.0,12.0,17057409.216,17057410.316,9.99999998645349
train_harn,HARn/1_Brush_teeth/user20/4-2-3,user20,4-2-3,1_Brush_teeth,"/home/fluxx/Workspace/cuchx-large/hf_data_manual/LMT_(IMU,Radar,Skeleton)/Training/HARn/1_Brush_teeth/user20/4-2-3",119.0,138.0,20.0,17057515.816,17057517.716,10.000000007842717
train_harn,HARn/1_Brush_teeth/user21/4-2-1,user21,4-2-1,1_Brush_teeth,"/home/fluxx/Workspace/cuchx-large/hf_data_manual/LMT_(IMU,Radar,Skeleton)/Training/HARn/1_Brush_teeth/user21/4-2-1",77.0,91.0,15.0,17254007.616,17254009.016,10.000000010643687
train_harn,HARn/1_Brush_teeth/user21/4-2-2,user21,4-2-2,1_Brush_teeth,"/home/fluxx/Workspace/cuchx-large/hf_data_manual/LMT_(IMU,Radar,Skeleton)/Training/HARn/1_Brush_teeth/user21/4-2-2",52.0,62.0,11.0,17254072.116,17254073.116,10.0
train_harn,HARn/1_Brush_teeth/user21/4-2-3,user21,4-2-3,1_Brush_teeth,"/home/fluxx/Workspace/cuchx-large/hf_data_manual/LMT_(IMU,Radar,Skeleton)/Training/HARn/1_Brush_teeth/user21/4-2-3",39.0,48.0,10.0,17254125.816,17254126.716,10.000000016556847
train_harn,HARn/1_Brush_teeth/user22/1-1-2,user22,1-1-2,1_Brush_teeth,"/home/fluxx/Workspace/cuchx-large/hf_data_manual/LMT_(IMU,Radar,Skeleton)/Training/HARn/1_Brush_teeth/user22/1-1-2",51.0,66.0,16.0,17249771.016,17249772.516,10.0
train_harn,HARn/1_Brush_teeth/user22/1-1-3,user22,1-1-3,1_Brush_teeth,"/home/fluxx/Workspace/cuchx-large/hf_data_manual/LMT_(IMU,Radar,Skeleton)/Training/HARn/1_Brush_teeth/user22/1-1-3",40.0,47.0,8.0,17249844.916,17249845.616,10.000000010643687
train_harn,HARn/1_Brush_teeth/user22/2-2-1,user22,2-2-1,1_Brush_teeth,"/home/fluxx/Workspace/cuchx-large/hf_data_manual/LMT_(IMU,Radar,Skeleton)/Training/HARn/1_Brush_teeth/user22/2-2-1",99.0,116.0,18.0,17250241.816,17250243.516,10.000000004382695
train_harn,HARn/1_Brush_teeth/user22/2-2-2,user22,2-2-2,1_Brush_teeth,"/home/fluxx/Workspace/cuchx-large/hf_data_manual/LMT_(IMU,Radar,Skeleton)/Training/HARn/1_Brush_teeth/user22/2-2-2",83.0,92.0,10.0,17250351.216,17250352.116,9.999999975164732
train_harn,HARn/1_Brush_teeth/user22/2-2-3,user22,2-2-3,1_Brush_teeth,"/home/fluxx/Workspace/cuchx-large/hf_data_manual/LMT_(IMU,Radar,Skeleton)/Training/HARn/1_Brush_teeth/user22/2-2-3",48.0,54.0,7.0,17250438.716,17250439.316,9.999999975164732
train_harn,HARn/1_Brush_teeth/user23/1-1-1,user23,1-1-1,1_Brush_teeth,"/home/fluxx/Workspace/cuchx-large/hf_data_manual/LMT_(IMU,Radar,Skeleton)/Training/HARn/1_Brush_teeth/user23/1-1-1",36.0,74.0,39.0,17242648.516,17242652.316,9.999999998039321
train_harn,HARn/1_Brush_teeth/user23/1-1-2,user23,1-1-2,1_Brush_teeth,"/home/fluxx/Workspace/cuchx-large/hf_data_manual/LMT_(IMU,Radar,Skeleton)/Training/HARn/1_Brush_teeth/user23/1-1-2",33.0,48.0,16.0,17242746.216,17242747.716,10.0
train_harn,HARn/1_Brush_teeth/user23/1-1-3,user23,1-1-3,1_Brush_teeth,"/home/fluxx/Workspace/cuchx-large/hf_data_manual/LMT_(IMU,Radar,Skeleton)/Training/HARn/1_Brush_teeth/user23/1-1-3",26.0,48.0,23.0,17242825.516,17242827.716,10.000000003386628
train_harn,HARn/1_Brush_teeth/user24/6-2-1,user24,6-2-1,1_Brush_teeth,"/home/fluxx/Workspace/cuchx-large/hf_data_manual/LMT_(IMU,Radar,Skeleton)/Training/HARn/1_Brush_teeth/user24/6-2-1",98.0,123.0,26.0,17252023.716,17252026.216,10.0
train_harn,HARn/1_Brush_teeth/user24/6-2-2,user24,6-2-2,1_Brush_teeth,"/home/fluxx/Workspace/cuchx-large/hf_data_manual/LMT_(IMU,Radar,Skeleton)/Training/HARn/1_Brush_teeth/user24/6-2-2",73.0,80.0,8.0,17252083.216,17252083.916,9.999999957425254
train_harn,HARn/1_Brush_teeth/user24/6-2-3,user24,6-2-3,1_Brush_teeth,"/home/fluxx/Workspace/cuchx-large/hf_data_manual/LMT_(IMU,Radar,Skeleton)/Training/HARn/1_Brush_teeth/user24/6-2-3",48.0,51.0,4.0,17252150.716,17252151.016,9.999999975164732
train_harn,HARn/1_Brush_teeth/user24/7-1-1,user24,7-1-1,1_Brush_teeth,"/home/fluxx/Workspace/cuchx-large/hf_data_manual/LMT_(IMU,Radar,Skeleton)/Training/HARn/1_Brush_teeth/user24/7-1-1",62.0,73.0,12.0,17252256.116,17252257.216,10.000000020319765
train_harn,HARn/1_Brush_teeth/user24/7-1-2,user24,7-1-2,1_Brush_teeth,"/home/fluxx/Workspace/cuchx-large/hf_data_manual/LMT_(IMU,Radar,Skeleton)/Training/HARn/1_Brush_teeth/user24/7-1-2",38.0,40.0,3.0,17252334.716,17252334.916,9.99999985098839
train_harn,HARn/1_Brush_teeth/user24/7-1-3,user24,7-1-3,1_Brush_teeth,"/home/fluxx/Workspace/cuchx-large/hf_data_manual/LMT_(IMU,Radar,Skeleton)/Training/HARn/1_Brush_teeth/user24/7-1-3",53.0,59.0,7.0,17252396.216,17252396.816,9.999999975164732
train_harn,HARn/1_Brush_teeth/user6/1-1-1,user6,1-1-1,1_Brush_teeth,"/home/fluxx/Workspace/cuchx-large/hf_data_manual/LMT_(IMU,Radar,Skeleton)/Training/HARn/1_Brush_teeth/user6/1-1-1",61.0,132.0,72.0,16134157.016,16134164.116,10.00000000052469
train_harn,HARn/1_Brush_teeth/user6/1-1-2,user6,1-1-2,1_Brush_teeth,"/home/fluxx/Workspace/cuchx-large/hf_data_manual/LMT_(IMU,Radar,Skeleton)/Training/HARn/1_Brush_teeth/user6/1-1-2",48.0,123.0,76.0,16134341.716,16134349.216,10.0
train_harn,HARn/1_Brush_teeth/user6/1-1-3,user6,1-1-3,1_Brush_teeth,"/home/fluxx/Workspace/cuchx-large/hf_data_manual/LMT_(IMU,Radar,Skeleton)/Training/HARn/1_Brush_teeth/user6/1-1-3",40.0,67.0,28.0,16134453.916,16134456.616,9.999999995860788
train_harn,HARn/1_Brush_teeth/user7/1-1-1,user7,1-1-1,1_Brush_teeth,"/home/fluxx/Workspace/cuchx-large/hf_data_manual/LMT_(IMU,Radar,Skeleton)/Training/HARn/1_Brush_teeth/user7/1-1-1",19.0,54.0,36.0,16135144.816,16135148.316,10.0
train_harn,HARn/1_Brush_teeth/user7/1-1-2,user7,1-1-2,1_Brush_teeth,"/home/fluxx/Workspace/cuchx-large/hf_data_manual/LMT_(IMU,Radar,Skeleton)/Training/HARn/1_Brush_teeth/user7/1-1-2",22.0,39.0,18.0,16135271.116,16135272.816,10.000000004382695
train_harn,HARn/1_Brush_teeth/user7/1-1-3,user7,1-1-3,1_Brush_teeth,"/home/fluxx/Workspace/cuchx-large/hf_data_manual/LMT_(IMU,Radar,Skeleton)/Training/HARn/1_Brush_teeth/user7/1-1-3",30.0,50.0,21.0,16135347.916,16135349.916,10.0
train_harn,HARn/1_Brush_teeth/user8/1-1-1,user8,1-1-1,1_Brush_teeth,"/home/fluxx/Workspace/cuchx-large/hf_data_manual/LMT_(IMU,Radar,Skeleton)/Training/HARn/1_Brush_teeth/user8/1-1-1",41.0,66.0,26.0,16135584.016,16135586.516,10.0
train_harn,HARn/1_Brush_teeth/user8/1-1-2,user8,1-1-2,1_Brush_teeth,"/home/fluxx/Workspace/cuchx-large/hf_data_manual/LMT_(IMU,Radar,Skeleton)/Training/HARn/1_Brush_teeth/user8/1-1-2",17.0,62.0,46.0,16135651.616,16135656.116,10.0
train_harn,HARn/1_Brush_teeth/user8/1-1-3,user8,1-1-3,1_Brush_teeth,"/home/fluxx/Workspace/cuchx-large/hf_data_manual/LMT_(IMU,Radar,Skeleton)/Training/HARn/1_Brush_teeth/user8/1-1-3",18.0,57.0,40.0,16135747.716,16135751.616,9.999999999044798
train_harn,HARn/1_Brush_teeth/user8/7-1-1,user8,7-1-1,1_Brush_teeth,"/home/fluxx/Workspace/cuchx-large/hf_data_manual/LMT_(IMU,Radar,Skeleton)/Training/HARn/1_Brush_teeth/user8/7-1-1",60.0,72.0,13.0,16136338.916,16136340.116,9.999999990686774
train_harn,HARn/1_Brush_teeth/user8/7-1-2,user8,7-1-2,1_Brush_teeth,"/home/fluxx/Workspace/cuchx-large/hf_data_manual/LMT_(IMU,Radar,Skeleton)/Training/HARn/1_Brush_teeth/user8/7-1-2",60.0,75.0,16.0,16136218.916,16136220.416,10.0
train_harn,HARn/1_Brush_teeth/user8/7-1-3,user8,7-1-3,1_Brush_teeth,"/home/fluxx/Workspace/cuchx-large/hf_data_manual/LMT_(IMU,Radar,Skeleton)/Training/HARn/1_Brush_teeth/user8/7-1-3",31.0,42.0,12.0,16136450.016,16136451.116,10.000000003386628
train_harn,HARn/1_Brush_teeth/user9/1-1-1,user9,1-1-1,1_Brush_teeth,"/home/fluxx/Workspace/cuchx-large/hf_data_manual/LMT_(IMU,Radar,Skeleton)/Training/HARn/1_Brush_teeth/user9/1-1-1",21.0,45.0,25.0,16136788.016,16136790.416,10.000000006208817
train_harn,HARn/20_Check_the_time/user1/3-2-1,user1,3-2-1,20_Check_the_time,"/home/fluxx/Workspace/cuchx-large/hf_data_manual/LMT_(IMU,Radar,Skeleton)/Training/HARn/20_Check_the_time/user1/3-2-1",308.0,320.0,13.0,14043304.716,14043305.916,10.000000006208817
train_harn,HARn/20_Check_the_time/user1/3-2-2,user1,3-2-2,20_Check_the_time,"/home/fluxx/Workspace/cuchx-large/hf_data_manual/LMT_(IMU,Radar,Skeleton)/Training/HARn/20_Check_the_time/user1/3-2-2",319.0,327.0,9.0,14043693.816,14043694.616,9.999999990686774
train_harn,HARn/20_Check_the_time/user1/3-2-3,user1,3-2-3,20_Check_the_time,"/home/fluxx/Workspace/cuchx-large/hf_data_manual/LMT_(IMU,Radar,Skeleton)/Training/HARn/20_Check_the_time/user1/3-2-3",202.0,205.0,4.0,14043965.116,14043965.416,10.000000037252903
train_harn,HARn/20_Check_the_time/user1/5-1-1,user1,5-1-1,20_Check_the_time,"/home/fluxx/Workspace/cuchx-large/hf_data_manual/LMT_(IMU,Radar,Skeleton)/Training/HARn/20_Check_the_time/user1/5-1-1",301.0,317.0,17.0,14050127.016,14050128.616,10.000000002328306
train_harn,HARn/20_Check_the_time/user1/5-1-2,user1,5-1-2,20_Check_the_time,"/home/fluxx/Workspace/cuchx-large/hf_data_manual/LMT_(IMU,Radar,Skeleton)/Training/HARn/20_Check_the_time/user1/5-1-2",341.0,380.0,40.0,14050587.016,14050590.916,10.00000000382081
train_harn,HARn/20_Check_the_time/user1/5-1-3,user1,5-1-3,20_Check_the_time,"/home/fluxx/Workspace/cuchx-large/hf_data_manual/LMT_(IMU,Radar,Skeleton)/Training/HARn/20_Check_the_time/user1/5-1-3",253.0,277.0,25.0,14050855.216,14050857.616,9.999999998447796
train_harn,HARn/20_Check_the_time/user16/4-1-1,user16,4-1-1,20_Check_the_time,"/home/fluxx/Workspace/cuchx-large/hf_data_manual/LMT_(IMU,Radar,Skeleton)/Training/HARn/20_Check_the_time/user16/4-1-1",151.0,166.0,16.0,16912387.016,16912388.516,10.0
train_harn,HARn/20_Check_the_time/user16/4-1-2,user16,4-1-2,20_Check_the_time,"/home/fluxx/Workspace/cuchx-large/hf_data_manual/LMT_(IMU,Radar,Skeleton)/Training/HARn/20_Check_the_time/user16/4-1-2",103.0,128.0,26.0,16912986.216,16912988.716,10.0
train_harn,HARn/20_Check_the_time/user16/4-1-3,user16,4-1-3,20_Check_the_time,"/home/fluxx/Workspace/cuchx-large/hf_data_manual/LMT_(IMU,Radar,Skeleton)/Training/HARn/20_Check_the_time/user16/4-1-3",105.0,130.0,26.0,16912675.416,16912677.916,10.0
train_harn,HARn/20_Check_the_time/user16/5-3-1,user16,5-3-1,20_Check_the_time,"/home/fluxx/Workspace/cuchx-large/hf_data_manual/LMT_(IMU,Radar,Skeleton)/Training/HARn/20_Check_the_time/user16/5-3-1",602.0,643.0,42.0,16887790.116,16887794.216,10.000000005451644
train_harn,HARn/20_Check_the_time/user16/5-3-2,user16,5-3-2,20_Check_the_time,"/home/fluxx/Workspace/cuchx-large/hf_data_manual/LMT_(IMU,Radar,Skeleton)/Training/HARn/20_Check_the_time/user16/5-3-2",388.0,413.0,26.0,16887915.716,16887918.216,10.0
train_harn,HARn/20_Check_the_time/user16/5-3-3,user16,5-3-3,20_Check_the_time,"/home/fluxx/Workspace/cuchx-large/hf_data_manual/LMT_(IMU,Radar,Skeleton)/Training/HARn/20_Check_the_time/user16/5-3-3",246.0,273.0,28.0,16888076.516,16888079.216,10.000000002759474
train_harn,HARn/20_Check_the_time/user16/7-3-1,user16,7-3-1,20_Check_the_time,"/home/fluxx/Workspace/cuchx-large/hf_data_manual/LMT_(IMU,Radar,Skeleton)/Training/HARn/20_Check_the_time/user16/7-3-1",68.0,93.0,26.0,16913398.716,16913401.216,10.0
train_harn,HARn/20_Check_the_time/user16/7-3-2,user16,7-3-2,20_Check_the_time,"/home/fluxx/Workspace/cuchx-large/hf_data_manual/LMT_(IMU,Radar,Skeleton)/Training/HARn/20_Check_the_time/user16/7-3-2",57.0,90.0,34.0,16913470.616,16913473.916,9.999999997742249
train_harn,HARn/20_Check_the_time/user16/7-3-3,user16,7-3-3,20_Check_the_time,"/home/fluxx/Workspace/cuchx-large/hf_data_manual/LMT_(IMU,Radar,Skeleton)/Training/HARn/20_Check_the_time/user16/7-3-3",41.0,62.0,22.0,16913548.016,16913550.116,9.99999999290421
train_harn,HARn/20_Check_the_time/user17/1-2-1,user17,1-2-1,20_Check_the_time,"/home/fluxx/Workspace/cuchx-large/hf_data_manual/LMT_(IMU,Radar,Skeleton)/Training/HARn/20_Check_the_time/user17/1-2-1",277.0,293.0,17.0,16889284.616,16889286.216,10.000000013969839
train_harn,HARn/20_Check_the_time/user17/1-2-2,user17,1-2-2,20_Check_the_time,"/home/fluxx/Workspace/cuchx-large/hf_data_manual/LMT_(IMU,Radar,Skeleton)/Training/HARn/20_Check_the_time/user17/1-2-2",126.0,145.0,20.0,16889407.516,16889409.416,9.999999988235926
train_harn,HARn/20_Check_the_time/user17/1-2-3,user17,1-2-3,20_Check_the_time,"/home/fluxx/Workspace/cuchx-large/hf_data_manual/LMT_(IMU,Radar,Skeleton)/Training/HARn/20_Check_the_time/user17/1-2-3",166.0,176.0,11.0,16889507.516,16889508.516,10.0
train_harn,HARn/20_Check_the_time/user17/4-1-1,user17,4-1-1,20_Check_the_time,"/home/fluxx/Workspace/cuchx-large/hf_data_manual/LMT_(IMU,Radar,Skeleton)/Training/HARn/20_Check_the_time/user17/4-1-1",127.0,140.0,14.0,16910588.616,16910589.916,9.999999994268784
train_harn,HARn/20_Check_the_time/user17/4-1-2,user17,4-1-2,20_Check_the_time,"/home/fluxx/Workspace/cuchx-large/hf_data_manual/LMT_(IMU,Radar,Skeleton)/Training/HARn/20_Check_the_time/user17/4-1-2",131.0,138.0,8.0,16910734.016,16910734.716,10.000000010643687
train_harn,HARn/20_Check_the_time/user17/4-1-3,user17,4-1-3,20_Check_the_time,"/home/fluxx/Workspace/cuchx-large/hf_data_manual/LMT_(IMU,Radar,Skeleton)/Training/HARn/20_Check_the_time/user17/4-1-3",98.0,104.0,7.0,16910846.716,16910847.316,9.999999975164732
train_harn,HARn/20_Check_the_time/user18/2-1-1,user18,2-1-1,20_Check_the_time,"/home/fluxx/Workspace/cuchx-large/hf_data_manual/LMT_(IMU,Radar,Skeleton)/Training/HARn/20_Check_the_time/user18/2-1-1",173.0,191.0,19.0,16898394.216,16898396.016,9.999999995860788
train_harn,HARn/20_Check_the_time/user18/2-1-2,user18,2-1-2,20_Check_the_time,"/home/fluxx/Workspace/cuchx-large/hf_data_manual/LMT_(IMU,Radar,Skeleton)/Training/HARn/20_Check_the_time/user18/2-1-2",166.0,177.0,12.0,16898714.516,16898715.616,9.99999998645349
train_harn,HARn/20_Check_the_time/user18/2-1-3,user18,2-1-3,20_Check_the_time,"/home/fluxx/Workspace/cuchx-large/hf_data_manual/LMT_(IMU,Radar,Skeleton)/Training/HARn/20_Check_the_time/user18/2-1-3",133.0,145.0,13.0,16898812.216,16898813.416,9.999999975164732
train_harn,HARn/20_Check_the_time/user18/5-1-1,user18,5-1-1,20_Check_the_time,"/home/fluxx/Workspace/cuchx-large/hf_data_manual/LMT_(IMU,Radar,Skeleton)/Training/HARn/20_Check_the_time/user18/5-1-1",198.0,218.0,21.0,16899661.716,16899663.716,10.0
train_harn,HARn/20_Check_the_time/user18/5-1-2,user18,5-1-2,20_Check_the_time,"/home/fluxx/Workspace/cuchx-large/hf_data_manual/LMT_(IMU,Radar,Skeleton)/Training/HARn/20_Check_the_time/user18/5-1-2",165.0,186.0,22.0,16899766.416,16899768.516,10.000000010643687
train_harn,HARn/20_Check_the_time/user18/5-1-3,user18,5-1-3,20_Check_the_time,"/home/fluxx/Workspace/cuchx-large/hf_data_manual/LMT_(IMU,Radar,Skeleton)/Training/HARn/20_Check_the_time/user18/5-1-3",92.0,107.0,16.0,16899839.116,16899840.616,10.0
train_harn,HARn/20_Check_the_time/user18/6-2-1,user18,6-2-1,20_Check_the_time,"/home/fluxx/Workspace/cuchx-large/hf_data_manual/LMT_(IMU,Radar,Skeleton)/Training/HARn/20_Check_the_time/user18/6-2-1",83.0,96.0,14.0,16900022.216,16900023.516,9.999999994268784
train_harn,HARn/20_Check_the_time/user18/6-2-2,user18,6-2-2,20_Check_the_time,"/home/fluxx/Workspace/cuchx-large/hf_data_manual/LMT_(IMU,Radar,Skeleton)/Training/HARn/20_Check_the_time/user18/6-2-2",62.0,68.0,7.0,16900123.116,16900123.716,10.000000037252903
train_harn,HARn/20_Check_the_time/user18/6-2-3,user18,6-2-3,20_Check_the_time,"/home/fluxx/Workspace/cuchx-large/hf_data_manual/LMT_(IMU,Radar,Skeleton)/Training/HARn/20_Check_the_time/user18/6-2-3",70.0,78.0,9.0,16900238.916,16900239.716,10.000000037252903
train_harn,HARn/20_Check_the_time/user19/4-1-1,user19,4-1-1,20_Check_the_time,"/home/fluxx/Workspace/cuchx-large/hf_data_manual/LMT_(IMU,Radar,Skeleton)/Training/HARn/20_Check_the_time/user19/4-1-1",20.0,30.0,11.0,16905989.916,16905990.916,10.0
train_harn,HARn/20_Check_the_time/user19/4-1-2,user19,4-1-2,20_Check_the_time,"/home/fluxx/Workspace/cuchx-large/hf_data_manual/LMT_(IMU,Radar,Skeleton)/Training/HARn/20_Check_the_time/user19/4-1-2",14.0,22.0,9.0,16906064.316,16906065.116,9.999999990686774
train_harn,HARn/20_Check_the_time/user19/4-1-3,user19,4-1-3,20_Check_the_time,"/home/fluxx/Workspace/cuchx-large/hf_data_manual/LMT_(IMU,Radar,Skeleton)/Training/HARn/20_Check_the_time/user19/4-1-3",10.0,16.0,7.0,16906167.916,16906168.516,10.000000037252903
train_harn,HARn/20_Check_the_time/user19/5-3-1,user19,5-3-1,20_Check_the_time,"/home/fluxx/Workspace/cuchx-large/hf_data_manual/LMT_(IMU,Radar,Skeleton)/Training/HARn/20_Check_the_time/user19/5-3-1",61.0,72.0,12.0,16907142.016,16907143.116,9.99999998645349
train_harn,HARn/20_Check_the_time/user19/5-3-2,user19,5-3-2,20_Check_the_time,"/home/fluxx/Workspace/cuchx-large/hf_data_manual/LMT_(IMU,Radar,Skeleton)/Training/HARn/20_Check_the_time/user19/5-3-2",64.0,77.0,14.0,16907209.316,16907210.616,9.999999994268784
train_harn,HARn/20_Check_the_time/user19/5-3-3,user19,5-3-3,20_Check_the_time,"/home/fluxx/Workspace/cuchx-large/hf_data_manual/LMT_(IMU,Radar,Skeleton)/Training/HARn/20_Check_the_time/user19/5-3-3",44.0,48.0,5.0,16907280.316,16907280.716,10.000000037252903
train_harn,HARn/20_Check_the_time/user20/1-1-1,user20,1-1-1,20_Check_the_time,"/home/fluxx/Workspace/cuchx-large/hf_data_manual/LMT_(IMU,Radar,Skeleton)/Training/HARn/20_Check_the_time/user20/1-1-1",92.0,123.0,32.0,17056156.116,17056159.216,10.00000000721024
train_harn,HARn/20_Check_the_time/user20/1-1-2,user20,1-1-2,20_Check_the_time,"/home/fluxx/Workspace/cuchx-large/hf_data_manual/LMT_(IMU,Radar,Skeleton)/Training/HARn/20_Check_the_time/user20/1-1-2",53.0,70.0,18.0,17056394.216,17056395.916,9.999999982469221
train_harn,HARn/20_Check_the_time/user20/1-1-3,user20,1-1-3,20_Check_the_time,"/home/fluxx/Workspace/cuchx-large/hf_data_manual/LMT_(IMU,Radar,Skeleton)/Training/HARn/20_Check_the_time/user20/1-1-3",76.0,101.0,26.0,17057105.516,17057108.016,10.0
train_harn,HARn/20_Check_the_time/user20/2-2-1,user20,2-2-1,20_Check_the_time,"/home/fluxx/Workspace/cuchx-large/hf_data_manual/LMT_(IMU,Radar,Skeleton)/Training/HARn/20_Check_the_time/user20/2-2-1",142.0,155.0,14.0,16904243.116,16904244.416,9.999999994268784
train_harn,HARn/20_Check_the_time/user20/2-2-2,user20,2-2-2,20_Check_the_time,"/home/fluxx/Workspace/cuchx-large/hf_data_manual/LMT_(IMU,Radar,Skeleton)/Training/HARn/20_Check_the_time/user20/2-2-2",133.0,143.0,11.0,16904319.216,16904320.216,10.0
train_harn,HARn/20_Check_the_time/user20/2-2-3,user20,2-2-3,20_Check_the_time,"/home/fluxx/Workspace/cuchx-large/hf_data_manual/LMT_(IMU,Radar,Skeleton)/Training/HARn/20_Check_the_time/user20/2-2-3",88.0,91.0,4.0,16904422.716,16904423.016,9.999999975164732
train_harn,HARn/20_Check_the_time/user20/4-1-1,user20,4-1-1,20_Check_the_time,"/home/fluxx/Workspace/cuchx-large/hf_data_manual/LMT_(IMU,Radar,Skeleton)/Training/HARn/20_Check_the_time/user20/4-1-1",292.0,312.0,21.0,16902096.116,16902098.116,10.0
train_harn,HARn/20_Check_the_time/user20/4-1-2,user20,4-1-2,20_Check_the_time,"/home/fluxx/Workspace/cuchx-large/hf_data_manual/LMT_(IMU,Radar,Skeleton)/Training/HARn/20_Check_the_time/user20/4-1-2",183.0,188.0,6.0,16902179.216,16902179.716,10.0
train_harn,HARn/20_Check_the_time/user20/4-1-3,user20,4-1-3,20_Check_the_time,"/home/fluxx/Workspace/cuchx-large/hf_data_manual/LMT_(IMU,Radar,Skeleton)/Training/HARn/20_Check_the_time/user20/4-1-3",72.0,84.0,13.0,16902238.116,16902239.316,10.000000006208817
train_harn,HARn/20_Check_the_time/user20/5-1-1,user20,5-1-1,20_Check_the_time,"/home/fluxx/Workspace/cuchx-large/hf_data_manual/LMT_(IMU,Radar,Skeleton)/Training/HARn/20_Check_the_time/user20/5-1-1",48.0,52.0,5.0,16904882.716,16904883.116,9.999999944120646
train_harn,HARn/20_Check_the_time/user20/5-1-2,user20,5-1-2,20_Check_the_time,"/home/fluxx/Workspace/cuchx-large/hf_data_manual/LMT_(IMU,Radar,Skeleton)/Training/HARn/20_Check_the_time/user20/5-1-2",53.0,57.0,5.0,16905019.216,16905019.616,9.999999944120646
train_harn,HARn/20_Check_the_time/user20/5-1-3,user20,5-1-3,20_Check_the_time,"/home/fluxx/Workspace/cuchx-large/hf_data_manual/LMT_(IMU,Radar,Skeleton)/Training/HARn/20_Check_the_time/user20/5-1-3",60.0,70.0,11.0,16905112.916,16905113.916,10.0
train_harn,HARn/20_Check_the_time/user21/2-2-1,user21,2-2-1,20_Check_the_time,"/home/fluxx/Workspace/cuchx-large/hf_data_manual/LMT_(IMU,Radar,Skeleton)/Training/HARn/20_Check_the_time/user21/2-2-1",148.0,166.0,19.0,17164843.716,17164845.516,9.999999995860788
train_harn,HARn/20_Check_the_time/user21/2-2-2,user21,2-2-2,20_Check_the_time,"/home/fluxx/Workspace/cuchx-large/hf_data_manual/LMT_(IMU,Radar,Skeleton)/Training/HARn/20_Check_the_time/user21/2-2-2",123.0,130.0,8.0,17164937.216,17164937.916,9.999999957425254
train_harn,HARn/20_Check_the_time/user21/2-2-3,user21,2-2-3,20_Check_the_time,"/home/fluxx/Workspace/cuchx-large/hf_data_manual/LMT_(IMU,Radar,Skeleton)/Training/HARn/20_Check_the_time/user21/2-2-3",63.0,76.0,14.0,17165373.216,17165374.516,9.999999994268784
train_harn,HARn/20_Check_the_time/user21/6-2-1,user21,6-2-1,20_Check_the_time,"/home/fluxx/Workspace/cuchx-large/hf_data_manual/LMT_(IMU,Radar,Skeleton)/Training/HARn/20_Check_the_time/user21/6-2-1",205.0,232.0,28.0,17083409.416,17083412.116,10.000000002759474
train_harn,HARn/20_Check_the_time/user21/6-2-2,user21,6-2-2,20_Check_the_time,"/home/fluxx/Workspace/cuchx-large/hf_data_manual/LMT_(IMU,Radar,Skeleton)/Training/HARn/20_Check_the_time/user21/6-2-2",150.0,167.0,18.0,17083493.916,17083495.616,10.000000004382695
train_harn,HARn/20_Check_the_time/user21/6-2-3,user21,6-2-3,20_Check_the_time,"/home/fluxx/Workspace/cuchx-large/hf_data_manual/LMT_(IMU,Radar,Skeleton)/Training/HARn/20_Check_the_time/user21/6-2-3",79.0,96.0,18.0,17083559.816,17083561.516,10.000000004382695
train_harn,HARn/20_Check_the_time/user22/6-1-1,user22,6-1-1,20_Check_the_time,"/home/fluxx/Workspace/cuchx-large/hf_data_manual/LMT_(IMU,Radar,Skeleton)/Training/HARn/20_Check_the_time/user22/6-1-1",22.0,36.0,15.0,17251010.116,17251011.516,10.000000010643687
train_harn,HARn/20_Check_the_time/user22/6-1-2,user22,6-1-2,20_Check_the_time,"/home/fluxx/Workspace/cuchx-large/hf_data_manual/LMT_(IMU,Radar,Skeleton)/Training/HARn/20_Check_the_time/user22/6-1-2",27.0,38.0,12.0,17251091.616,17251092.716,10.000000020319765
train_harn,HARn/20_Check_the_time/user22/6-1-3,user22,6-1-3,20_Check_the_time,"/home/fluxx/Workspace/cuchx-large/hf_data_manual/LMT_(IMU,Radar,Skeleton)/Training/HARn/20_Check_the_time/user22/6-1-3",16.0,18.0,3.0,17251160.516,17251160.716,10.000000037252903
train_harn,HARn/20_Check_the_time/user24/7-2-1,user24,7-2-1,20_Check_the_time,"/home/fluxx/Workspace/cuchx-large/hf_data_manual/LMT_(IMU,Radar,Skeleton)/Training/HARn/20_Check_the_time/user24/7-2-1",127.0,148.0,22.0,17148911.616,17148913.716,10.000000010643687
train_harn,HARn/20_Check_the_time/user24/7-2-2,user24,7-2-2,20_Check_the_time,"/home/fluxx/Workspace/cuchx-large/hf_data_manual/LMT_(IMU,Radar,Skeleton)/Training/HARn/20_Check_the_time/user24/7-2-2",79.0,89.0,11.0,17149002.816,17149003.816,10.0
train_harn,HARn/20_Check_the_time/user24/7-2-3,user24,7-2-3,20_Check_the_time,"/home/fluxx/Workspace/cuchx-large/hf_data_manual/LMT_(IMU,Radar,Skeleton)/Training/HARn/20_Check_the_time/user24/7-2-3",83.0,101.0,19.0,17149094.216,17149096.016,9.999999995860788
train_harn,HARn/20_Check_the_time/user4/5-2-1,user4,5-2-1,20_Check_the_time,"/home/fluxx/Workspace/cuchx-large/hf_data_manual/LMT_(IMU,Radar,Skeleton)/Training/HARn/20_Check_the_time/user4/5-2-1",190.0,212.0,23.0,14066565.916,14066568.116,9.999999994920058
train_harn,HARn/20_Check_the_time/user4/5-2-2,user4,5-2-2,20_Check_the_time,"/home/fluxx/Workspace/cuchx-large/hf_data_manual/LMT_(IMU,Radar,Skeleton)/Training/HARn/20_Check_the_time/user4/5-2-2",250.0,265.0,16.0,14066716.916,14066718.416,10.0
train_harn,HARn/20_Check_the_time/user4/5-2-3,user4,5-2-3,20_Check_the_time,"/home/fluxx/Workspace/cuchx-large/hf_data_manual/LMT_(IMU,Radar,Skeleton)/Training/HARn/20_Check_the_time/user4/5-2-3",166.0,176.0,11.0,14066879.516,14066880.516,10.0
train_harn,HARn/20_Check_the_time/user5/4-1-1,user5,4-1-1,20_Check_the_time,"/home/fluxx/Workspace/cuchx-large/hf_data_manual/LMT_(IMU,Radar,Skeleton)/Training/HARn/20_Check_the_time/user5/4-1-1",54.0,69.0,16.0,14128675.316,14128676.816,10.0
train_harn,HARn/20_Check_the_time/user5/4-1-2,user5,4-1-2,20_Check_the_time,"/home/fluxx/Workspace/cuchx-large/hf_data_manual/LMT_(IMU,Radar,Skeleton)/Training/HARn/20_Check_the_time/user5/4-1-2",67.0,80.0,14.0,14128781.616,14128782.916,10.000000008596825
train_harn,HARn/20_Check_the_time/user5/4-1-3,user5,4-1-3,20_Check_the_time,"/home/fluxx/Workspace/cuchx-large/hf_data_manual/LMT_(IMU,Radar,Skeleton)/Training/HARn/20_Check_the_time/user5/4-1-3",59.0,70.0,12.0,14129084.816,14129085.916,10.000000003386628
train_harn,HARn/20_Check_the_time/user6/4-1-1,user6,4-1-1,20_Check_the_time,"/home/fluxx/Workspace/cuchx-large/hf_data_manual/LMT_(IMU,Radar,Skeleton)/Training/HARn/20_Check_the_time/user6/4-1-1",72.0,96.0,25.0,16126803.116,16126805.516,9.999999998447796
train_harn,HARn/20_Check_the_time/user6/4-1-2,user6,4-1-2,20_Check_the_time,"/home/fluxx/Workspace/cuchx-large/hf_data_manual/LMT_(IMU,Radar,Skeleton)/Training/HARn/20_Check_the_time/user6/4-1-2",62.0,70.0,9.0,16126935.116,16126935.916,10.000000013969839
train_harn,HARn/20_Check_the_time/user6/4-1-3,user6,4-1-3,20_Check_the_time,"/home/fluxx/Workspace/cuchx-large/hf_data_manual/LMT_(IMU,Radar,Skeleton)/Training/HARn/20_Check_the_time/user6/4-1-3",75.0,88.0,14.0,16127049.416,16127050.716,9.999999994268784
train_harn,HARn/20_Check_the_time/user6/5-3-1,user6,5-3-1,20_Check_the_time,"/home/fluxx/Workspace/cuchx-large/hf_data_manual/LMT_(IMU,Radar,Skeleton)/Training/HARn/20_Check_the_time/user6/5-3-1",273.0,289.0,17.0,16055166.216,16055167.816,10.000000002328306
train_harn,HARn/20_Check_the_time/user6/5-3-2,user6,5-3-2,20_Check_the_time,"/home/fluxx/Workspace/cuchx-large/hf_data_manual/LMT_(IMU,Radar,Skeleton)/Training/HARn/20_Check_the_time/user6/5-3-2",253.0,280.0,28.0,16055279.216,16055281.916,10.000000002759474
train_harn,HARn/20_Check_the_time/user6/5-3-3,user6,5-3-3,20_Check_the_time,"/home/fluxx/Workspace/cuchx-large/hf_data_manual/LMT_(IMU,Radar,Skeleton)/Training/HARn/20_Check_the_time/user6/5-3-3",132.0,147.0,16.0,16055859.116,16055860.616,10.0
train_harn,HARn/20_Check_the_time/user6/6-2-1,user6,6-2-1,20_Check_the_time,"/home/fluxx/Workspace/cuchx-large/hf_data_manual/LMT_(IMU,Radar,Skeleton)/Training/HARn/20_Check_the_time/user6/6-2-1",98.0,109.0,12.0,16203151.716,16203152.816,10.000000003386628
train_harn,HARn/20_Check_the_time/user6/6-2-2,user6,6-2-2,20_Check_the_time,"/home/fluxx/Workspace/cuchx-large/hf_data_manual/LMT_(IMU,Radar,Skeleton)/Training/HARn/20_Check_the_time/user6/6-2-2",61.0,66.0,6.0,16203245.016,16203245.516,10.0
train_harn,HARn/20_Check_the_time/user6/6-2-3,user6,6-2-3,20_Check_the_time,"/home/fluxx/Workspace/cuchx-large/hf_data_manual/LMT_(IMU,Radar,Skeleton)/Training/HARn/20_Check_the_time/user6/6-2-3",99.0,115.0,17.0,16203341.816,16203343.416,10.000000002328306
train_harn,HARn/20_Check_the_time/user6/7-3-1,user6,7-3-1,20_Check_the_time,"/home/fluxx/Workspace/cuchx-large/hf_data_manual/LMT_(IMU,Radar,Skeleton)/Training/HARn/20_Check_the_time/user6/7-3-1",39.0,50.0,12.0,16127424.816,16127425.916,10.000000003386628
train_harn,HARn/20_Check_the_time/user6/7-3-2,user6,7-3-2,20_Check_the_time,"/home/fluxx/Workspace/cuchx-large/hf_data_manual/LMT_(IMU,Radar,Skeleton)/Training/HARn/20_Check_the_time/user6/7-3-2",32.0,45.0,14.0,16127491.116,16127492.416,10.000000008596825
train_harn,HARn/20_Check_the_time/user6/7-3-3,user6,7-3-3,20_Check_the_time,"/home/fluxx/Workspace/cuchx-large/hf_data_manual/LMT_(IMU,Radar,Skeleton)/Training/HARn/20_Check_the_time/user6/7-3-3",35.0,41.0,7.0,16127557.416,16127558.016,9.999999975164732
train_harn,HARn/20_Check_the_time/user7/4-1-1,user7,4-1-1,20_Check_the_time,"/home/fluxx/Workspace/cuchx-large/hf_data_manual/LMT_(IMU,Radar,Skeleton)/Training/HARn/20_Check_the_time/user7/4-1-1",75.0,85.0,11.0,16125127.416,16125128.416,10.0
train_harn,HARn/20_Check_the_time/user7/4-1-2,user7,4-1-2,20_Check_the_time,"/home/fluxx/Workspace/cuchx-large/hf_data_manual/LMT_(IMU,Radar,Skeleton)/Training/HARn/20_Check_the_time/user7/4-1-2",60.0,66.0,7.0,16125261.916,16125262.516,9.999999975164732
train_harn,HARn/20_Check_the_time/user7/4-1-3,user7,4-1-3,20_Check_the_time,"/home/fluxx/Workspace/cuchx-large/hf_data_manual/LMT_(IMU,Radar,Skeleton)/Training/HARn/20_Check_the_time/user7/4-1-3",58.0,64.0,7.0,16125413.716,16125414.316,10.000000006208817
train_harn,HARn/20_Check_the_time/user8/2-1-1,user8,2-1-1,20_Check_the_time,"/home/fluxx/Workspace/cuchx-large/hf_data_manual/LMT_(IMU,Radar,Skeleton)/Training/HARn/20_Check_the_time/user8/2-1-1",170.0,185.0,16.0,16060633.916,16060635.416,10.0
train_harn,HARn/20_Check_the_time/user8/2-1-2,user8,2-1-2,20_Check_the_time,"/home/fluxx/Workspace/cuchx-large/hf_data_manual/LMT_(IMU,Radar,Skeleton)/Training/HARn/20_Check_the_time/user8/2-1-2",146.0,165.0,20.0,16060765.516,16060767.416,10.000000007842717
train_harn,HARn/20_Check_the_time/user8/2-1-3,user8,2-1-3,20_Check_the_time,"/home/fluxx/Workspace/cuchx-large/hf_data_manual/LMT_(IMU,Radar,Skeleton)/Training/HARn/20_Check_the_time/user8/2-1-3",81.0,103.0,23.0,16060988.016,16060990.216,10.000000003386628
train_harn,HARn/20_Check_the_time/user8/5-1-1,user8,5-1-1,20_Check_the_time,"/home/fluxx/Workspace/cuchx-large/hf_data_manual/LMT_(IMU,Radar,Skeleton)/Training/HARn/20_Check_the_time/user8/5-1-1",173.0,184.0,12.0,16062358.216,16062359.316,10.000000003386628
train_harn,HARn/20_Check_the_time/user8/5-1-2,user8,5-1-2,20_Check_the_time,"/home/fluxx/Workspace/cuchx-large/hf_data_manual/LMT_(IMU,Radar,Skeleton)/Training/HARn/20_Check_the_time/user8/5-1-2",149.0,163.0,15.0,16062457.816,16062459.216,9.999999997339078
train_harn,HARn/20_Check_the_time/user8/5-1-3,user8,5-1-3,20_Check_the_time,"/home/fluxx/Workspace/cuchx-large/hf_data_manual/LMT_(IMU,Radar,Skeleton)/Training/HARn/20_Check_the_time/user8/5-1-3",113.0,132.0,20.0,16062545.216,16062547.116,9.999999998039321
train_harn,HARn/20_Check_the_time/user8/6-2-1,user8,6-2-1,20_Check_the_time,"/home/fluxx/Workspace/cuchx-large/hf_data_manual/LMT_(IMU,Radar,Skeleton)/Training/HARn/20_Check_the_time/user8/6-2-1",55.0,78.0,24.0,16062741.416,16062743.716,9.999999996760618
train_harn,HARn/20_Check_the_time/user9/5-3-1,user9,5-3-1,20_Check_the_time,"/home/fluxx/Workspace/cuchx-large/hf_data_manual/LMT_(IMU,Radar,Skeleton)/Training/HARn/20_Check_the_time/user9/5-3-1",69.0,79.0,11.0,16131881.816,16131882.816,10.0
train_harn,HARn/20_Check_the_time/user9/5-3-2,user9,5-3-2,20_Check_the_time,"/home/fluxx/Workspace/cuchx-large/hf_data_manual/LMT_(IMU,Radar,Skeleton)/Training/HARn/20_Check_the_time/user9/5-3-2",69.0,81.0,13.0,16131983.816,16131985.016,9.999999990686774
train_harn,HARn/20_Check_the_time/user9/5-3-3,user9,5-3-3,20_Check_the_time,"/home/fluxx/Workspace/cuchx-large/hf_data_manual/LMT_(IMU,Radar,Skeleton)/Training/HARn/20_Check_the_time/user9/5-3-3",67.0,75.0,9.0,16132090.616,16132091.416,10.000000013969839
train_harn,HARn/20_Check_the_time/user9/6-1-1,user9,6-1-1,20_Check_the_time,"/home/fluxx/Workspace/cuchx-large/hf_data_manual/LMT_(IMU,Radar,Skeleton)/Training/HARn/20_Check_the_time/user9/6-1-1",105.0,110.0,6.0,16314840.416,16314840.916,10.0
train_harn,HARn/20_Check_the_time/user9/6-1-2,user9,6-1-2,20_Check_the_time,"/home/fluxx/Workspace/cuchx-large/hf_data_manual/LMT_(IMU,Radar,Skeleton)/Training/HARn/20_Check_the_time/user9/6-1-2",76.0,80.0,5.0,16314912.516,16314912.916,10.000000037252903
train_harn,HARn/20_Check_the_time/user9/6-1-3,user9,6-1-3,20_Check_the_time,"/home/fluxx/Workspace/cuchx-large/hf_data_manual/LMT_(IMU,Radar,Skeleton)/Training/HARn/20_Check_the_time/user9/6-1-3",67.0,74.0,8.0,16132732.616,16132733.316,10.000000010643687
train_harn,HARn/21_Read_documents/user1/6-2-1,user1,6-2-1,21_Read_documents,"/home/fluxx/Workspace/cuchx-large/hf_data_manual/LMT_(IMU,Radar,Skeleton)/Training/HARn/21_Read_documents/user1/6-2-1",268.0,297.0,30.0,14051175.716,14051178.616,9.999999998715417
train_harn,HARn/21_Read_documents/user1/6-2-2,user1,6-2-2,21_Read_documents,"/home/fluxx/Workspace/cuchx-large/hf_data_manual/LMT_(IMU,Radar,Skeleton)/Training/HARn/21_Read_documents/user1/6-2-2",294.0,304.0,11.0,14051409.316,14051410.316,10.0
train_harn,HARn/21_Read_documents/user1/6-2-3,user1,6-2-3,21_Read_documents,"/home/fluxx/Workspace/cuchx-large/hf_data_manual/LMT_(IMU,Radar,Skeleton)/Training/HARn/21_Read_documents/user1/6-2-3",202.0,211.0,10.0,14051582.116,14051583.016,9.999999995860788
train_harn,HARn/21_Read_documents/user16/4-1-1,user16,4-1-1,21_Read_documents,"/home/fluxx/Workspace/cuchx-large/hf_data_manual/LMT_(IMU,Radar,Skeleton)/Training/HARn/21_Read_documents/user16/4-1-1",420.0,444.0,25.0,16912413.916,16912416.316,10.000000006208817
train_harn,HARn/21_Read_documents/user16/4-1-2,user16,4-1-2,21_Read_documents,"/home/fluxx/Workspace/cuchx-large/hf_data_manual/LMT_(IMU,Radar,Skeleton)/Training/HARn/21_Read_documents/user16/4-1-2",306.0,323.0,18.0,16913006.516,16913008.216,10.000000004382695
train_harn,HARn/21_Read_documents/user16/4-1-3,user16,4-1-3,21_Read_documents,"/home/fluxx/Workspace/cuchx-large/hf_data_manual/LMT_(IMU,Radar,Skeleton)/Training/HARn/21_Read_documents/user16/4-1-3",300.0,303.0,4.0,16912694.916,16912695.216,10.000000099341076
train_harn,HARn/21_Read_documents/user16/7-3-1,user16,7-3-1,21_Read_documents,"/home/fluxx/Workspace/cuchx-large/hf_data_manual/LMT_(IMU,Radar,Skeleton)/Training/HARn/21_Read_documents/user16/7-3-1",109.0,125.0,17.0,16913402.816,16913404.416,9.999999990686774
train_harn,HARn/21_Read_documents/user16/7-3-2,user16,7-3-2,21_Read_documents,"/home/fluxx/Workspace/cuchx-large/hf_data_manual/LMT_(IMU,Radar,Skeleton)/Training/HARn/21_Read_documents/user16/7-3-2",105.0,122.0,18.0,16913475.416,16913477.116,10.000000004382695
train_harn,HARn/21_Read_documents/user16/7-3-3,user16,7-3-3,21_Read_documents,"/home/fluxx/Workspace/cuchx-large/hf_data_manual/LMT_(IMU,Radar,Skeleton)/Training/HARn/21_Read_documents/user16/7-3-3",77.0,80.0,4.0,16913551.616,16913551.916,9.999999975164732
train_harn,HARn/21_Read_documents/user17/4-1-1,user17,4-1-1,21_Read_documents,"/home/fluxx/Workspace/cuchx-large/hf_data_manual/LMT_(IMU,Radar,Skeleton)/Training/HARn/21_Read_documents/user17/4-1-1",187.0,258.0,72.0,16910594.616,16910601.716,10.000000003148132
train_harn,HARn/21_Read_documents/user17/4-1-2,user17,4-1-2,21_Read_documents,"/home/fluxx/Workspace/cuchx-large/hf_data_manual/LMT_(IMU,Radar,Skeleton)/Training/HARn/21_Read_documents/user17/4-1-2",180.0,236.0,57.0,16910738.916,16910744.516,10.000000003991383
train_harn,HARn/21_Read_documents/user17/4-1-3,user17,4-1-3,21_Read_documents,"/home/fluxx/Workspace/cuchx-large/hf_data_manual/LMT_(IMU,Radar,Skeleton)/Training/HARn/21_Read_documents/user17/4-1-3",146.0,173.0,28.0,16910851.516,16910854.216,10.000000002759474
train_harn,HARn/21_Read_documents/user18/1-2-1,user18,1-2-1,21_Read_documents,"/home/fluxx/Workspace/cuchx-large/hf_data_manual/LMT_(IMU,Radar,Skeleton)/Training/HARn/21_Read_documents/user18/1-2-1",175.0,228.0,54.0,17079365.416,17079370.716,10.000000005623079
train_harn,HARn/21_Read_documents/user18/1-2-2,user18,1-2-2,21_Read_documents,"/home/fluxx/Workspace/cuchx-large/hf_data_manual/LMT_(IMU,Radar,Skeleton)/Training/HARn/21_Read_documents/user18/1-2-2",98.0,137.0,40.0,17079477.716,17079481.616,9.999999994268784
train_harn,HARn/21_Read_documents/user18/1-2-3,user18,1-2-3,21_Read_documents,"/home/fluxx/Workspace/cuchx-large/hf_data_manual/LMT_(IMU,Radar,Skeleton)/Training/HARn/21_Read_documents/user18/1-2-3",157.0,204.0,48.0,17079583.616,17079588.316,10.00000000158523
train_harn,HARn/21_Read_documents/user18/4-1-1,user18,4-1-1,21_Read_documents,"/home/fluxx/Workspace/cuchx-large/hf_data_manual/LMT_(IMU,Radar,Skeleton)/Training/HARn/21_Read_documents/user18/4-1-1",227.0,294.0,68.0,16909232.616,16909239.316,10.000000001112028
train_harn,HARn/21_Read_documents/user18/4-1-2,user18,4-1-2,21_Read_documents,"/home/fluxx/Workspace/cuchx-large/hf_data_manual/LMT_(IMU,Radar,Skeleton)/Training/HARn/21_Read_documents/user18/4-1-2",186.0,217.0,32.0,16909513.516,16909516.616,9.999999995193173
train_harn,HARn/21_Read_documents/user18/4-1-3,user18,4-1-3,21_Read_documents,"/home/fluxx/Workspace/cuchx-large/hf_data_manual/LMT_(IMU,Radar,Skeleton)/Training/HARn/21_Read_documents/user18/4-1-3",203.0,267.0,65.0,16909677.216,16909683.616,9.99999999650754
train_harn,HARn/21_Read_documents/user19/4-1-1,user19,4-1-1,21_Read_documents,"/home/fluxx/Workspace/cuchx-large/hf_data_manual/LMT_(IMU,Radar,Skeleton)/Training/HARn/21_Read_documents/user19/4-1-1",75.0,79.0,5.0,16905995.416,16905995.816,10.000000037252903
train_harn,HARn/21_Read_documents/user19/4-1-2,user19,4-1-2,21_Read_documents,"/home/fluxx/Workspace/cuchx-large/hf_data_manual/LMT_(IMU,Radar,Skeleton)/Training/HARn/21_Read_documents/user19/4-1-2",60.0,67.0,8.0,16906068.916,16906069.616,10.000000010643687
train_harn,HARn/21_Read_documents/user19/4-1-3,user19,4-1-3,21_Read_documents,"/home/fluxx/Workspace/cuchx-large/hf_data_manual/LMT_(IMU,Radar,Skeleton)/Training/HARn/21_Read_documents/user19/4-1-3",57.0,61.0,5.0,16906172.616,16906173.016,10.000000037252903
train_harn,HARn/21_Read_documents/user2/3-2-2,user2,3-2-2,21_Read_documents,"/home/fluxx/Workspace/cuchx-large/hf_data_manual/LMT_(IMU,Radar,Skeleton)/Training/HARn/21_Read_documents/user2/3-2-2",117.0,123.0,7.0,14054774.616,14054775.216,10.000000006208817
train_harn,HARn/21_Read_documents/user2/3-2-3,user2,3-2-3,21_Read_documents,"/home/fluxx/Workspace/cuchx-large/hf_data_manual/LMT_(IMU,Radar,Skeleton)/Training/HARn/21_Read_documents/user2/3-2-3",96.0,110.0,15.0,14055328.516,14055329.916,10.000000010643687
train_harn,HARn/21_Read_documents/user20/4-1-1,user20,4-1-1,21_Read_documents,"/home/fluxx/Workspace/cuchx-large/hf_data_manual/LMT_(IMU,Radar,Skeleton)/Training/HARn/21_Read_documents/user20/4-1-1",145.0,210.0,66.0,16902081.416,16902087.916,10.0
train_harn,HARn/21_Read_documents/user20/4-1-2,user20,4-1-2,21_Read_documents,"/home/fluxx/Workspace/cuchx-large/hf_data_manual/LMT_(IMU,Radar,Skeleton)/Training/HARn/21_Read_documents/user20/4-1-2",123.0,131.0,9.0,16902173.216,16902174.016,9.999999990686774
train_harn,HARn/21_Read_documents/user20/4-1-3,user20,4-1-3,21_Read_documents,"/home/fluxx/Workspace/cuchx-large/hf_data_manual/LMT_(IMU,Radar,Skeleton)/Training/HARn/21_Read_documents/user20/4-1-3",114.0,129.0,16.0,16902242.316,16902243.816,10.0
train_harn,HARn/21_Read_documents/user22/1-2-1,user22,1-2-1,21_Read_documents,"/home/fluxx/Workspace/cuchx-large/hf_data_manual/LMT_(IMU,Radar,Skeleton)/Training/HARn/21_Read_documents/user22/1-2-1",236.0,264.0,29.0,17169827.516,17169830.316,9.999999997339078
train_harn,HARn/21_Read_documents/user22/1-2-2,user22,1-2-2,21_Read_documents,"/home/fluxx/Workspace/cuchx-large/hf_data_manual/LMT_(IMU,Radar,Skeleton)/Training/HARn/21_Read_documents/user22/1-2-2",176.0,207.0,32.0,17170714.516,17170717.616,9.999999995193173
train_harn,HARn/21_Read_documents/user22/1-2-3,user22,1-2-3,21_Read_documents,"/home/fluxx/Workspace/cuchx-large/hf_data_manual/LMT_(IMU,Radar,Skeleton)/Training/HARn/21_Read_documents/user22/1-2-3",127.0,135.0,9.0,17170037.616,17170038.416,9.999999990686774
train_harn,HARn/21_Read_documents/user22/4-1-1,user22,4-1-1,21_Read_documents,"/home/fluxx/Workspace/cuchx-large/hf_data_manual/LMT_(IMU,Radar,Skeleton)/Training/HARn/21_Read_documents/user22/4-1-1",132.0,140.0,9.0,17084018.116,17084018.916,9.999999990686774
train_harn,HARn/21_Read_documents/user22/4-1-2,user22,4-1-2,21_Read_documents,"/home/fluxx/Workspace/cuchx-large/hf_data_manual/LMT_(IMU,Radar,Skeleton)/Training/HARn/21_Read_documents/user22/4-1-2",129.0,143.0,15.0,17084101.816,17084103.216,10.000000010643687
train_harn,HARn/21_Read_documents/user22/4-1-3,user22,4-1-3,21_Read_documents,"/home/fluxx/Workspace/cuchx-large/hf_data_manual/LMT_(IMU,Radar,Skeleton)/Training/HARn/21_Read_documents/user22/4-1-3",120.0,144.0,25.0,17084176.916,17084179.316,10.000000006208817
train_harn,HARn/21_Read_documents/user23/4-1-1,user23,4-1-1,21_Read_documents,"/home/fluxx/Workspace/cuchx-large/hf_data_manual/LMT_(IMU,Radar,Skeleton)/Training/HARn/21_Read_documents/user23/4-1-1",91.0,136.0,46.0,17167856.016,17167860.516,10.0
train_harn,HARn/21_Read_documents/user23/4-1-2,user23,4-1-2,21_Read_documents,"/home/fluxx/Workspace/cuchx-large/hf_data_manual/LMT_(IMU,Radar,Skeleton)/Training/HARn/21_Read_documents/user23/4-1-2",28.0,60.0,33.0,17167912.716,17167915.916,9.999999990686774
train_harn,HARn/21_Read_documents/user23/4-1-3,user23,4-1-3,21_Read_documents,"/home/fluxx/Workspace/cuchx-large/hf_data_manual/LMT_(IMU,Radar,Skeleton)/Training/HARn/21_Read_documents/user23/4-1-3",43.0,86.0,44.0,17168048.216,17168052.516,9.999999998267306
train_harn,HARn/21_Read_documents/user24/1-2-1,user24,1-2-1,21_Read_documents,"/home/fluxx/Workspace/cuchx-large/hf_data_manual/LMT_(IMU,Radar,Skeleton)/Training/HARn/21_Read_documents/user24/1-2-1",98.0,232.0,135.0,17230401.716,17230415.116,9.99999999833196
train_harn,HARn/21_Read_documents/user24/1-2-2,user24,1-2-2,21_Read_documents,"/home/fluxx/Workspace/cuchx-large/hf_data_manual/LMT_(IMU,Radar,Skeleton)/Training/HARn/21_Read_documents/user24/1-2-2",61.0,96.0,36.0,17230529.016,17230532.516,10.0
train_harn,HARn/21_Read_documents/user24/1-2-3,user24,1-2-3,21_Read_documents,"/home/fluxx/Workspace/cuchx-large/hf_data_manual/LMT_(IMU,Radar,Skeleton)/Training/HARn/21_Read_documents/user24/1-2-3",60.0,107.0,48.0,17230644.916,17230649.616,10.00000000158523
train_harn,HARn/21_Read_documents/user24/7-2-1,user24,7-2-1,21_Read_documents,"/home/fluxx/Workspace/cuchx-large/hf_data_manual/LMT_(IMU,Radar,Skeleton)/Training/HARn/21_Read_documents/user24/7-2-1",179.0,261.0,83.0,17148916.816,17148925.016,10.000000000908607
train_harn,HARn/21_Read_documents/user24/7-2-2,user24,7-2-2,21_Read_documents,"/home/fluxx/Workspace/cuchx-large/hf_data_manual/LMT_(IMU,Radar,Skeleton)/Training/HARn/21_Read_documents/user24/7-2-2",102.0,146.0,45.0,17149005.116,17149009.516,10.000000003386628
train_harn,HARn/21_Read_documents/user24/7-2-3,user24,7-2-3,21_Read_documents,"/home/fluxx/Workspace/cuchx-large/hf_data_manual/LMT_(IMU,Radar,Skeleton)/Training/HARn/21_Read_documents/user24/7-2-3",121.0,171.0,51.0,17149098.016,17149103.016,10.0
train_harn,HARn/21_Read_documents/user3/4-1-1,user3,4-1-1,21_Read_documents,"/home/fluxx/Workspace/cuchx-large/hf_data_manual/LMT_(IMU,Radar,Skeleton)/Training/HARn/21_Read_documents/user3/4-1-1",240.0,344.0,105.0,14062825.916,14062836.316,9.9999999996418
train_harn,HARn/21_Read_documents/user3/4-1-2,user3,4-1-2,21_Read_documents,"/home/fluxx/Workspace/cuchx-large/hf_data_manual/LMT_(IMU,Radar,Skeleton)/Training/HARn/21_Read_documents/user3/4-1-2",201.0,294.0,94.0,14062989.016,14062998.316,10.000000001201707
train_harn,HARn/21_Read_documents/user3/4-1-3,user3,4-1-3,21_Read_documents,"/home/fluxx/Workspace/cuchx-large/hf_data_manual/LMT_(IMU,Radar,Skeleton)/Training/HARn/21_Read_documents/user3/4-1-3",169.0,240.0,72.0,14063134.816,14063141.916,10.00000000052469
train_harn,HARn/21_Read_documents/user3/5-2-1,user3,5-2-1,21_Read_documents,"/home/fluxx/Workspace/cuchx-large/hf_data_manual/LMT_(IMU,Radar,Skeleton)/Training/HARn/21_Read_documents/user3/5-2-1",93.0,359.0,99.0,14063501.216,14063527.816,3.6842105263673863
train_harn,HARn/21_Read_documents/user3/5-2-2,user3,5-2-2,21_Read_documents,"/home/fluxx/Workspace/cuchx-large/hf_data_manual/LMT_(IMU,Radar,Skeleton)/Training/HARn/21_Read_documents/user3/5-2-2",81.0,208.0,50.0,14063637.016,14063649.716,3.858267716761782
train_harn,HARn/21_Read_documents/user3/5-2-3,user3,5-2-3,21_Read_documents,"/home/fluxx/Workspace/cuchx-large/hf_data_manual/LMT_(IMU,Radar,Skeleton)/Training/HARn/21_Read_documents/user3/5-2-3",106.0,341.0,94.0,14063783.516,14063807.016,3.9574468085106385
train_harn,HARn/21_Read_documents/user3/6-2-2,user3,6-2-2,21_Read_documents,"/home/fluxx/Workspace/cuchx-large/hf_data_manual/LMT_(IMU,Radar,Skeleton)/Training/HARn/21_Read_documents/user3/6-2-2",321.0,351.0,31.0,17081469.016,17081472.016,10.0
train_harn,HARn/21_Read_documents/user3/6-2-3,user3,6-2-3,21_Read_documents,"/home/fluxx/Workspace/cuchx-large/hf_data_manual/LMT_(IMU,Radar,Skeleton)/Training/HARn/21_Read_documents/user3/6-2-3",219.0,242.0,24.0,17081621.816,17081624.116,9.999999996760618
train_harn,HARn/21_Read_documents/user4/4-1-1,user4,4-1-1,21_Read_documents,"/home/fluxx/Workspace/cuchx-large/hf_data_manual/LMT_(IMU,Radar,Skeleton)/Training/HARn/21_Read_documents/user4/4-1-1",240.0,248.0,9.0,14066228.916,14066229.716,9.999999990686774
train_harn,HARn/21_Read_documents/user4/4-1-2,user4,4-1-2,21_Read_documents,"/home/fluxx/Workspace/cuchx-large/hf_data_manual/LMT_(IMU,Radar,Skeleton)/Training/HARn/21_Read_documents/user4/4-1-2",229.0,240.0,12.0,14066310.816,14066311.916,10.000000003386628
train_harn,HARn/21_Read_documents/user4/4-1-3,user4,4-1-3,21_Read_documents,"/home/fluxx/Workspace/cuchx-large/hf_data_manual/LMT_(IMU,Radar,Skeleton)/Training/HARn/21_Read_documents/user4/4-1-3",159.0,164.0,6.0,14066388.816,14066389.316,10.0
train_harn,HARn/21_Read_documents/user6/4-1-1,user6,4-1-1,21_Read_documents,"/home/fluxx/Workspace/cuchx-large/hf_data_manual/LMT_(IMU,Radar,Skeleton)/Training/HARn/21_Read_documents/user6/4-1-1",229.0,275.0,47.0,16126818.816,16126823.416,10.000000000809846
train_harn,HARn/21_Read_documents/user6/4-1-2,user6,4-1-2,21_Read_documents,"/home/fluxx/Workspace/cuchx-large/hf_data_manual/LMT_(IMU,Radar,Skeleton)/Training/HARn/21_Read_documents/user6/4-1-2",212.0,248.0,37.0,16126950.116,16126953.716,10.000000001034802
train_harn,HARn/21_Read_documents/user6/4-1-3,user6,4-1-3,21_Read_documents,"/home/fluxx/Workspace/cuchx-large/hf_data_manual/LMT_(IMU,Radar,Skeleton)/Training/HARn/21_Read_documents/user6/4-1-3",188.0,213.0,26.0,16127060.716,16127063.216,10.0
train_harn,HARn/21_Read_documents/user6/7-3-1,user6,7-3-1,21_Read_documents,"/home/fluxx/Workspace/cuchx-large/hf_data_manual/LMT_(IMU,Radar,Skeleton)/Training/HARn/21_Read_documents/user6/7-3-1",74.0,125.0,52.0,16127428.316,16127433.416,10.000000000730449
train_harn,HARn/21_Read_documents/user6/7-3-2,user6,7-3-2,21_Read_documents,"/home/fluxx/Workspace/cuchx-large/hf_data_manual/LMT_(IMU,Radar,Skeleton)/Training/HARn/21_Read_documents/user6/7-3-2",71.0,112.0,42.0,16127495.016,16127499.116,10.000000000908607
train_harn,HARn/21_Read_documents/user6/7-3-3,user6,7-3-3,21_Read_documents,"/home/fluxx/Workspace/cuchx-large/hf_data_manual/LMT_(IMU,Radar,Skeleton)/Training/HARn/21_Read_documents/user6/7-3-3",49.0,96.0,48.0,16127558.816,16127563.516,9.999999997622155
train_harn,HARn/21_Read_documents/user7/4-1-1,user7,4-1-1,21_Read_documents,"/home/fluxx/Workspace/cuchx-large/hf_data_manual/LMT_(IMU,Radar,Skeleton)/Training/HARn/21_Read_documents/user7/4-1-1",112.0,174.0,63.0,16125131.116,16125137.316,10.000000001201707
train_harn,HARn/21_Read_documents/user7/4-1-2,user7,4-1-2,21_Read_documents,"/home/fluxx/Workspace/cuchx-large/hf_data_manual/LMT_(IMU,Radar,Skeleton)/Training/HARn/21_Read_documents/user7/4-1-2",74.0,119.0,46.0,16125263.316,16125267.816,10.0
train_harn,HARn/21_Read_documents/user7/4-1-3,user7,4-1-3,21_Read_documents,"/home/fluxx/Workspace/cuchx-large/hf_data_manual/LMT_(IMU,Radar,Skeleton)/Training/HARn/21_Read_documents/user7/4-1-3",76.0,108.0,33.0,16125415.516,16125418.716,10.000000002328306
train_harn,HARn/21_Read_documents/user8/1-2-1,user8,1-2-1,21_Read_documents,"/home/fluxx/Workspace/cuchx-large/hf_data_manual/LMT_(IMU,Radar,Skeleton)/Training/HARn/21_Read_documents/user8/1-2-1",116.0,164.0,49.0,16060307.516,16060312.316,10.000000002328306
train_harn,HARn/21_Read_documents/user8/1-2-2,user8,1-2-2,21_Read_documents,"/home/fluxx/Workspace/cuchx-large/hf_data_manual/LMT_(IMU,Radar,Skeleton)/Training/HARn/21_Read_documents/user8/1-2-2",76.0,99.0,24.0,16060386.516,16060388.816,10.000000004859075
train_harn,HARn/21_Read_documents/user8/1-2-3,user8,1-2-3,21_Read_documents,"/home/fluxx/Workspace/cuchx-large/hf_data_manual/LMT_(IMU,Radar,Skeleton)/Training/HARn/21_Read_documents/user8/1-2-3",150.0,189.0,40.0,16060472.916,16060476.816,9.999999999044798
train_harn,HARn/21_Read_documents/user8/4-1-1,user8,4-1-1,21_Read_documents,"/home/fluxx/Workspace/cuchx-large/hf_data_manual/LMT_(IMU,Radar,Skeleton)/Training/HARn/21_Read_documents/user8/4-1-1",121.0,193.0,73.0,16127936.016,16127943.216,10.000000001034802
train_harn,HARn/21_Read_documents/user8/4-1-2,user8,4-1-2,21_Read_documents,"/home/fluxx/Workspace/cuchx-large/hf_data_manual/LMT_(IMU,Radar,Skeleton)/Training/HARn/21_Read_documents/user8/4-1-2",124.0,168.0,45.0,16128063.316,16128067.716,9.999999999153344
train_harn,HARn/21_Read_documents/user8/4-1-3,user8,4-1-3,21_Read_documents,"/home/fluxx/Workspace/cuchx-large/hf_data_manual/LMT_(IMU,Radar,Skeleton)/Training/HARn/21_Read_documents/user8/4-1-3",173.0,204.0,32.0,16128145.216,16128148.316,10.000000001201707
train_harn,HARn/21_Read_documents/user9/4-1-1,user9,4-1-1,21_Read_documents,"/home/fluxx/Workspace/cuchx-large/hf_data_manual/LMT_(IMU,Radar,Skeleton)/Training/HARn/21_Read_documents/user9/4-1-1",103.0,149.0,47.0,16130873.216,16130877.816,10.000000000809846
train_harn,HARn/21_Read_documents/user9/4-1-2,user9,4-1-2,21_Read_documents,"/home/fluxx/Workspace/cuchx-large/hf_data_manual/LMT_(IMU,Radar,Skeleton)/Training/HARn/21_Read_documents/user9/4-1-2",109.0,145.0,37.0,16130976.816,16130980.416,10.000000001034802
train_harn,HARn/21_Read_documents/user9/4-1-3,user9,4-1-3,21_Read_documents,"/home/fluxx/Workspace/cuchx-large/hf_data_manual/LMT_(IMU,Radar,Skeleton)/Training/HARn/21_Read_documents/user9/4-1-3",97.0,141.0,45.0,16131092.616,16131097.016,9.999999999153344
train_harn,HARn/21_Read_documents/user9/6-1-1,user9,6-1-1,21_Read_documents,"/home/fluxx/Workspace/cuchx-large/hf_data_manual/LMT_(IMU,Radar,Skeleton)/Training/HARn/21_Read_documents/user9/6-1-1",131.0,177.0,47.0,16314843.016,16314847.616,10.000000000809846
train_harn,HARn/21_Read_documents/user9/6-1-2,user9,6-1-2,21_Read_documents,"/home/fluxx/Workspace/cuchx-large/hf_data_manual/LMT_(IMU,Radar,Skeleton)/Training/HARn/21_Read_documents/user9/6-1-2",93.0,119.0,27.0,16314914.216,16314916.816,10.000000001432804
train_harn,HARn/21_Read_documents/user9/6-1-3,user9,6-1-3,21_Read_documents,"/home/fluxx/Workspace/cuchx-large/hf_data_manual/LMT_(IMU,Radar,Skeleton)/Training/HARn/21_Read_documents/user9/6-1-3",90.0,113.0,24.0,16132734.916,16132737.216,9.999999996760618
train_harn,HARn/22_Turn_pages/user1/6-2-1,user1,6-2-1,22_Turn_pages,"/home/fluxx/Workspace/cuchx-large/hf_data_manual/LMT_(IMU,Radar,Skeleton)/Training/HARn/22_Turn_pages/user1/6-2-1",281.0,310.0,30.0,14051177.016,14051179.916,10.00000000513833
train_harn,HARn/22_Turn_pages/user1/6-2-2,user1,6-2-2,22_Turn_pages,"/home/fluxx/Workspace/cuchx-large/hf_data_manual/LMT_(IMU,Radar,Skeleton)/Training/HARn/22_Turn_pages/user1/6-2-2",282.0,300.0,19.0,14051408.116,14051409.916,10.000000006208817
train_harn,HARn/22_Turn_pages/user1/6-2-3,user1,6-2-3,22_Turn_pages,"/home/fluxx/Workspace/cuchx-large/hf_data_manual/LMT_(IMU,Radar,Skeleton)/Training/HARn/22_Turn_pages/user1/6-2-3",179.0,215.0,37.0,14051579.816,14051583.416,10.000000001034802
train_harn,HARn/22_Turn_pages/user16/4-1-1,user16,4-1-1,22_Turn_pages,"/home/fluxx/Workspace/cuchx-large/hf_data_manual/LMT_(IMU,Radar,Skeleton)/Training/HARn/22_Turn_pages/user16/4-1-1",445.0,491.0,47.0,16912416.416,16912421.016,10.000000004859075
train_harn,HARn/22_Turn_pages/user16/4-1-2,user16,4-1-2,22_Turn_pages,"/home/fluxx/Workspace/cuchx-large/hf_data_manual/LMT_(IMU,Radar,Skeleton)/Training/HARn/22_Turn_pages/user16/4-1-2",324.0,356.0,33.0,16913008.316,16913011.516,10.000000002328306
train_harn,HARn/22_Turn_pages/user16/4-1-3,user16,4-1-3,22_Turn_pages,"/home/fluxx/Workspace/cuchx-large/hf_data_manual/LMT_(IMU,Radar,Skeleton)/Training/HARn/22_Turn_pages/user16/4-1-3",305.0,352.0,48.0,16912695.416,16912700.116,10.00000000158523
train_harn,HARn/22_Turn_pages/user16/7-3-1,user16,7-3-1,22_Turn_pages,"/home/fluxx/Workspace/cuchx-large/hf_data_manual/LMT_(IMU,Radar,Skeleton)/Training/HARn/22_Turn_pages/user16/7-3-1",126.0,189.0,64.0,16913404.516,16913410.816,9.999999998817367
train_harn,HARn/22_Turn_pages/user16/7-3-2,user16,7-3-2,22_Turn_pages,"/home/fluxx/Workspace/cuchx-large/hf_data_manual/LMT_(IMU,Radar,Skeleton)/Training/HARn/22_Turn_pages/user16/7-3-2",123.0,190.0,68.0,16913477.216,16913483.916,9.999999995551892
train_harn,HARn/22_Turn_pages/user16/7-3-3,user16,7-3-3,22_Turn_pages,"/home/fluxx/Workspace/cuchx-large/hf_data_manual/LMT_(IMU,Radar,Skeleton)/Training/HARn/22_Turn_pages/user16/7-3-3",81.0,128.0,48.0,16913552.016,16913556.716,10.00000000158523
train_harn,HARn/22_Turn_pages/user18/1-2-1,user18,1-2-1,22_Turn_pages,"/home/fluxx/Workspace/cuchx-large/hf_data_manual/LMT_(IMU,Radar,Skeleton)/Training/HARn/22_Turn_pages/user18/1-2-1",135.0,156.0,22.0,17079361.416,17079363.516,10.000000010643687
train_harn,HARn/22_Turn_pages/user18/1-2-2,user18,1-2-2,22_Turn_pages,"/home/fluxx/Workspace/cuchx-large/hf_data_manual/LMT_(IMU,Radar,Skeleton)/Training/HARn/22_Turn_pages/user18/1-2-2",89.0,109.0,21.0,17079476.816,17079478.816,10.0
train_harn,HARn/22_Turn_pages/user18/1-2-3,user18,1-2-3,22_Turn_pages,"/home/fluxx/Workspace/cuchx-large/hf_data_manual/LMT_(IMU,Radar,Skeleton)/Training/HARn/22_Turn_pages/user18/1-2-3",127.0,149.0,23.0,17079580.616,17079582.816,10.000000003386628
train_harn,HARn/22_Turn_pages/user18/4-1-1,user18,4-1-1,22_Turn_pages,"/home/fluxx/Workspace/cuchx-large/hf_data_manual/LMT_(IMU,Radar,Skeleton)/Training/HARn/22_Turn_pages/user18/4-1-1",231.0,293.0,63.0,16909233.016,16909239.216,10.000000001201707
train_harn,HARn/22_Turn_pages/user18/4-1-2,user18,4-1-2,22_Turn_pages,"/home/fluxx/Workspace/cuchx-large/hf_data_manual/LMT_(IMU,Radar,Skeleton)/Training/HARn/22_Turn_pages/user18/4-1-2",201.0,215.0,15.0,16909515.016,16909516.416,9.99999998403447
train_harn,HARn/22_Turn_pages/user18/4-1-3,user18,4-1-3,22_Turn_pages,"/home/fluxx/Workspace/cuchx-large/hf_data_manual/LMT_(IMU,Radar,Skeleton)/Training/HARn/22_Turn_pages/user18/4-1-3",224.0,254.0,31.0,16909679.316,16909682.316,10.0
train_harn,HARn/22_Turn_pages/user2/3-2-2,user2,3-2-2,22_Turn_pages,"/home/fluxx/Workspace/cuchx-large/hf_data_manual/LMT_(IMU,Radar,Skeleton)/Training/HARn/22_Turn_pages/user2/3-2-2",130.0,151.0,22.0,14054775.916,14054778.016,9.99999999290421
train_harn,HARn/22_Turn_pages/user2/3-2-3,user2,3-2-3,22_Turn_pages,"/home/fluxx/Workspace/cuchx-large/hf_data_manual/LMT_(IMU,Radar,Skeleton)/Training/HARn/22_Turn_pages/user2/3-2-3",98.0,134.0,37.0,14055328.716,14055332.316,10.000000001034802
train_harn,HARn/22_Turn_pages/user20/2-2-1,user20,2-2-1,22_Turn_pages,"/home/fluxx/Workspace/cuchx-large/hf_data_manual/LMT_(IMU,Radar,Skeleton)/Training/HARn/22_Turn_pages/user20/2-2-1",108.0,134.0,27.0,16904239.716,16904242.316,9.999999994268784
train_harn,HARn/22_Turn_pages/user20/2-2-2,user20,2-2-2,22_Turn_pages,"/home/fluxx/Workspace/cuchx-large/hf_data_manual/LMT_(IMU,Radar,Skeleton)/Training/HARn/22_Turn_pages/user20/2-2-2",98.0,128.0,31.0,16904315.716,16904318.716,10.0
train_harn,HARn/22_Turn_pages/user20/2-2-3,user20,2-2-3,22_Turn_pages,"/home/fluxx/Workspace/cuchx-large/hf_data_manual/LMT_(IMU,Radar,Skeleton)/Training/HARn/22_Turn_pages/user20/2-2-3",64.0,74.0,11.0,16904420.316,16904421.316,10.0
train_harn,HARn/22_Turn_pages/user20/4-1-1,user20,4-1-1,22_Turn_pages,"/home/fluxx/Workspace/cuchx-large/hf_data_manual/LMT_(IMU,Radar,Skeleton)/Training/HARn/22_Turn_pages/user20/4-1-1",214.0,246.0,33.0,16902088.316,16902091.516,10.000000002328306
train_harn,HARn/22_Turn_pages/user20/4-1-2,user20,4-1-2,22_Turn_pages,"/home/fluxx/Workspace/cuchx-large/hf_data_manual/LMT_(IMU,Radar,Skeleton)/Training/HARn/22_Turn_pages/user20/4-1-2",134.0,162.0,29.0,16902174.316,16902177.116,9.999999997339078
train_harn,HARn/22_Turn_pages/user20/4-1-3,user20,4-1-3,22_Turn_pages,"/home/fluxx/Workspace/cuchx-large/hf_data_manual/LMT_(IMU,Radar,Skeleton)/Training/HARn/22_Turn_pages/user20/4-1-3",158.0,185.0,28.0,16902246.716,16902249.416,9.999999988962102
train_harn,HARn/22_Turn_pages/user21/2-2-1,user21,2-2-1,22_Turn_pages,"/home/fluxx/Workspace/cuchx-large/hf_data_manual/LMT_(IMU,Radar,Skeleton)/Training/HARn/22_Turn_pages/user21/2-2-1",77.0,200.0,102.0,17164836.616,17164848.916,8.211382113323744
train_harn,HARn/22_Turn_pages/user21/2-2-2,user21,2-2-2,22_Turn_pages,"/home/fluxx/Workspace/cuchx-large/hf_data_manual/LMT_(IMU,Radar,Skeleton)/Training/HARn/22_Turn_pages/user21/2-2-2",81.0,157.0,66.0,17164933.016,17164940.616,8.552631577270471
train_harn,HARn/22_Turn_pages/user21/2-2-3,user21,2-2-3,22_Turn_pages,"/home/fluxx/Workspace/cuchx-large/hf_data_manual/LMT_(IMU,Radar,Skeleton)/Training/HARn/22_Turn_pages/user21/2-2-3",35.0,118.0,66.0,17165370.416,17165378.716,7.831325304016767
train_harn,HARn/22_Turn_pages/user22/4-1-1,user22,4-1-1,22_Turn_pages,"/home/fluxx/Workspace/cuchx-large/hf_data_manual/LMT_(IMU,Radar,Skeleton)/Training/HARn/22_Turn_pages/user22/4-1-1",144.0,195.0,52.0,17084019.316,17084024.416,9.999999997078204
train_harn,HARn/22_Turn_pages/user22/4-1-2,user22,4-1-2,22_Turn_pages,"/home/fluxx/Workspace/cuchx-large/hf_data_manual/LMT_(IMU,Radar,Skeleton)/Training/HARn/22_Turn_pages/user22/4-1-2",160.0,198.0,39.0,17084104.916,17084108.716,10.000000007842717
train_harn,HARn/22_Turn_pages/user22/4-1-3,user22,4-1-3,22_Turn_pages,"/home/fluxx/Workspace/cuchx-large/hf_data_manual/LMT_(IMU,Radar,Skeleton)/Training/HARn/22_Turn_pages/user22/4-1-3",187.0,200.0,14.0,17084183.616,17084184.916,9.999999994268784
train_harn,HARn/22_Turn_pages/user24/1-2-1,user24,1-2-1,22_Turn_pages,"/home/fluxx/Workspace/cuchx-large/hf_data_manual/LMT_(IMU,Radar,Skeleton)/Training/HARn/22_Turn_pages/user24/1-2-1",179.0,224.0,46.0,17230409.816,17230414.316,10.0
train_harn,HARn/22_Turn_pages/user24/1-2-2,user24,1-2-2,22_Turn_pages,"/home/fluxx/Workspace/cuchx-large/hf_data_manual/LMT_(IMU,Radar,Skeleton)/Training/HARn/22_Turn_pages/user24/1-2-2",68.0,98.0,31.0,17230529.716,17230532.716,10.0
train_harn,HARn/22_Turn_pages/user24/1-2-3,user24,1-2-3,22_Turn_pages,"/home/fluxx/Workspace/cuchx-large/hf_data_manual/LMT_(IMU,Radar,Skeleton)/Training/HARn/22_Turn_pages/user24/1-2-3",71.0,111.0,41.0,17230646.016,17230650.016,10.0
train_harn,HARn/22_Turn_pages/user24/7-2-1,user24,7-2-1,22_Turn_pages,"/home/fluxx/Workspace/cuchx-large/hf_data_manual/LMT_(IMU,Radar,Skeleton)/Training/HARn/22_Turn_pages/user24/7-2-1",203.0,216.0,14.0,17148919.216,17148920.516,9.999999994268784
train_harn,HARn/22_Turn_pages/user24/7-2-2,user24,7-2-2,22_Turn_pages,"/home/fluxx/Workspace/cuchx-large/hf_data_manual/LMT_(IMU,Radar,Skeleton)/Training/HARn/22_Turn_pages/user24/7-2-2",106.0,133.0,28.0,17149005.516,17149008.216,10.000000002759474
train_harn,HARn/22_Turn_pages/user24/7-2-3,user24,7-2-3,22_Turn_pages,"/home/fluxx/Workspace/cuchx-large/hf_data_manual/LMT_(IMU,Radar,Skeleton)/Training/HARn/22_Turn_pages/user24/7-2-3",128.0,170.0,43.0,17149098.716,17149102.916,9.99999999290421
train_harn,HARn/22_Turn_pages/user3/4-1-1,user3,4-1-1,22_Turn_pages,"/home/fluxx/Workspace/cuchx-large/hf_data_manual/LMT_(IMU,Radar,Skeleton)/Training/HARn/22_Turn_pages/user3/4-1-1",330.0,338.0,9.0,14062834.916,14062835.716,9.999999990686774
train_harn,HARn/22_Turn_pages/user3/4-1-2,user3,4-1-2,22_Turn_pages,"/home/fluxx/Workspace/cuchx-large/hf_data_manual/LMT_(IMU,Radar,Skeleton)/Training/HARn/22_Turn_pages/user3/4-1-2",259.0,268.0,10.0,14062994.816,14062995.716,9.999999995860788
train_harn,HARn/22_Turn_pages/user3/4-1-3,user3,4-1-3,22_Turn_pages,"/home/fluxx/Workspace/cuchx-large/hf_data_manual/LMT_(IMU,Radar,Skeleton)/Training/HARn/22_Turn_pages/user3/4-1-3",174.0,236.0,63.0,14063135.316,14063141.516,9.99999999819744
train_harn,HARn/22_Turn_pages/user3/5-2-1,user3,5-2-1,22_Turn_pages,"/home/fluxx/Workspace/cuchx-large/hf_data_manual/LMT_(IMU,Radar,Skeleton)/Training/HARn/22_Turn_pages/user3/5-2-1",353.0,359.0,7.0,14063527.216,14063527.816,10.000000006208817
train_harn,HARn/22_Turn_pages/user3/5-2-2,user3,5-2-2,22_Turn_pages,"/home/fluxx/Workspace/cuchx-large/hf_data_manual/LMT_(IMU,Radar,Skeleton)/Training/HARn/22_Turn_pages/user3/5-2-2",199.0,206.0,8.0,14063648.816,14063649.516,9.99999998403447
train_harn,HARn/22_Turn_pages/user3/5-2-3,user3,5-2-3,22_Turn_pages,"/home/fluxx/Workspace/cuchx-large/hf_data_manual/LMT_(IMU,Radar,Skeleton)/Training/HARn/22_Turn_pages/user3/5-2-3",318.0,336.0,19.0,14063804.716,14063806.516,9.999999995860788
train_harn,HARn/22_Turn_pages/user4/4-1-1,user4,4-1-1,22_Turn_pages,"/home/fluxx/Workspace/cuchx-large/hf_data_manual/LMT_(IMU,Radar,Skeleton)/Training/HARn/22_Turn_pages/user4/4-1-1",249.0,284.0,36.0,14066229.816,14066233.316,10.0
train_harn,HARn/22_Turn_pages/user4/4-1-2,user4,4-1-2,22_Turn_pages,"/home/fluxx/Workspace/cuchx-large/hf_data_manual/LMT_(IMU,Radar,Skeleton)/Training/HARn/22_Turn_pages/user4/4-1-2",240.0,273.0,34.0,14066311.916,14066315.216,9.999999997742249
train_harn,HARn/22_Turn_pages/user4/4-1-3,user4,4-1-3,22_Turn_pages,"/home/fluxx/Workspace/cuchx-large/hf_data_manual/LMT_(IMU,Radar,Skeleton)/Training/HARn/22_Turn_pages/user4/4-1-3",164.0,204.0,41.0,14066389.316,14066393.316,10.0
train_harn,HARn/22_Turn_pages/user5/2-1-1,user5,2-1-1,22_Turn_pages,"/home/fluxx/Workspace/cuchx-large/hf_data_manual/LMT_(IMU,Radar,Skeleton)/Training/HARn/22_Turn_pages/user5/2-1-1",297.0,348.0,52.0,14120503.616,14120508.716,10.000000000730449
train_harn,HARn/22_Turn_pages/user5/2-1-2,user5,2-1-2,22_Turn_pages,"/home/fluxx/Workspace/cuchx-large/hf_data_manual/LMT_(IMU,Radar,Skeleton)/Training/HARn/22_Turn_pages/user5/2-1-2",246.0,281.0,36.0,14120624.516,14120628.016,10.0
train_harn,HARn/22_Turn_pages/user5/2-1-3,user5,2-1-3,22_Turn_pages,"/home/fluxx/Workspace/cuchx-large/hf_data_manual/LMT_(IMU,Radar,Skeleton)/Training/HARn/22_Turn_pages/user5/2-1-3",168.0,211.0,44.0,14120699.716,14120704.016,9.999999998267306
train_harn,HARn/22_Turn_pages/user6/4-1-1,user6,4-1-1,22_Turn_pages,"/home/fluxx/Workspace/cuchx-large/hf_data_manual/LMT_(IMU,Radar,Skeleton)/Training/HARn/22_Turn_pages/user6/4-1-1",241.0,275.0,35.0,16126820.016,16126823.416,10.000000004382695
train_harn,HARn/22_Turn_pages/user6/4-1-2,user6,4-1-2,22_Turn_pages,"/home/fluxx/Workspace/cuchx-large/hf_data_manual/LMT_(IMU,Radar,Skeleton)/Training/HARn/22_Turn_pages/user6/4-1-2",219.0,248.0,30.0,16126950.816,16126953.716,9.999999998715417
train_harn,HARn/22_Turn_pages/user6/4-1-3,user6,4-1-3,22_Turn_pages,"/home/fluxx/Workspace/cuchx-large/hf_data_manual/LMT_(IMU,Radar,Skeleton)/Training/HARn/22_Turn_pages/user6/4-1-3",196.0,213.0,18.0,16127061.516,16127063.216,10.000000004382695
train_harn,HARn/22_Turn_pages/user6/7-3-1,user6,7-3-1,22_Turn_pages,"/home/fluxx/Workspace/cuchx-large/hf_data_manual/LMT_(IMU,Radar,Skeleton)/Training/HARn/22_Turn_pages/user6/7-3-1",84.0,125.0,42.0,16127429.316,16127433.416,10.000000000908607
train_harn,HARn/22_Turn_pages/user6/7-3-2,user6,7-3-2,22_Turn_pages,"/home/fluxx/Workspace/cuchx-large/hf_data_manual/LMT_(IMU,Radar,Skeleton)/Training/HARn/22_Turn_pages/user6/7-3-2",73.0,112.0,40.0,16127495.216,16127499.116,9.999999999044798
train_harn,HARn/22_Turn_pages/user6/7-3-3,user6,7-3-3,22_Turn_pages,"/home/fluxx/Workspace/cuchx-large/hf_data_manual/LMT_(IMU,Radar,Skeleton)/Training/HARn/22_Turn_pages/user6/7-3-3",58.0,96.0,39.0,16127559.716,16127563.516,9.999999998039321
train_harn,HARn/22_Turn_pages/user8/4-1-1,user8,4-1-1,22_Turn_pages,"/home/fluxx/Workspace/cuchx-large/hf_data_manual/LMT_(IMU,Radar,Skeleton)/Training/HARn/22_Turn_pages/user8/4-1-1",129.0,193.0,65.0,16127936.816,16127943.216,9.999999999417923
train_harn,HARn/22_Turn_pages/user8/4-1-2,user8,4-1-2,22_Turn_pages,"/home/fluxx/Workspace/cuchx-large/hf_data_manual/LMT_(IMU,Radar,Skeleton)/Training/HARn/22_Turn_pages/user8/4-1-2",131.0,168.0,38.0,16128064.016,16128067.716,10.000000002013671
train_harn,HARn/22_Turn_pages/user8/4-1-3,user8,4-1-3,22_Turn_pages,"/home/fluxx/Workspace/cuchx-large/hf_data_manual/LMT_(IMU,Radar,Skeleton)/Training/HARn/22_Turn_pages/user8/4-1-3",172.0,201.0,30.0,16128145.116,16128148.016,9.999999998715417
train_harn,HARn/22_Turn_pages/user8/6-2-1,user8,6-2-1,22_Turn_pages,"/home/fluxx/Workspace/cuchx-large/hf_data_manual/LMT_(IMU,Radar,Skeleton)/Training/HARn/22_Turn_pages/user8/6-2-1",351.0,377.0,27.0,16062771.016,16062773.616,10.000000001432804
train_harn,HARn/22_Turn_pages/user8/6-2-2,user8,6-2-2,22_Turn_pages,"/home/fluxx/Workspace/cuchx-large/hf_data_manual/LMT_(IMU,Radar,Skeleton)/Training/HARn/22_Turn_pages/user8/6-2-2",210.0,214.0,5.0,16062894.916,16062895.316,9.999999990686774
train_harn,HARn/22_Turn_pages/user8/6-2-3,user8,6-2-3,22_Turn_pages,"/home/fluxx/Workspace/cuchx-large/hf_data_manual/LMT_(IMU,Radar,Skeleton)/Training/HARn/22_Turn_pages/user8/6-2-3",305.0,318.0,14.0,16063018.416,16063019.716,9.999999994268784
train_harn,HARn/23_Listen_to_music_with_headphones/user1/5-1-1,user1,5-1-1,23_Listen_to_music_with_headphones,"/home/fluxx/Workspace/cuchx-large/hf_data_manual/LMT_(IMU,Radar,Skeleton)/Training/HARn/23_Listen_to_music_with_headphones/user1/5-1-1",145.0,192.0,48.0,14050111.416,14050116.116,9.999999997622155
train_harn,HARn/23_Listen_to_music_with_headphones/user1/5-1-2,user1,5-1-2,23_Listen_to_music_with_headphones,"/home/fluxx/Workspace/cuchx-large/hf_data_manual/LMT_(IMU,Radar,Skeleton)/Training/HARn/23_Listen_to_music_with_headphones/user1/5-1-2",230.0,245.0,16.0,14050575.916,14050577.416,10.0
train_harn,HARn/23_Listen_to_music_with_headphones/user1/5-1-3,user1,5-1-3,23_Listen_to_music_with_headphones,"/home/fluxx/Workspace/cuchx-large/hf_data_manual/LMT_(IMU,Radar,Skeleton)/Training/HARn/23_Listen_to_music_with_headphones/user1/5-1-3",190.0,196.0,7.0,14050848.916,14050849.516,9.999999975164732
train_harn,HARn/23_Listen_to_music_with_headphones/user16/4-1-1,user16,4-1-1,23_Listen_to_music_with_headphones,"/home/fluxx/Workspace/cuchx-large/hf_data_manual/LMT_(IMU,Radar,Skeleton)/Training/HARn/23_Listen_to_music_with_headphones/user16/4-1-1",190.0,240.0,51.0,16912390.916,16912395.916,10.0
train_harn,HARn/23_Listen_to_music_with_headphones/user16/4-1-2,user16,4-1-2,23_Listen_to_music_with_headphones,"/home/fluxx/Workspace/cuchx-large/hf_data_manual/LMT_(IMU,Radar,Skeleton)/Training/HARn/23_Listen_to_music_with_headphones/user16/4-1-2",146.0,178.0,33.0,16912990.516,16912993.716,10.000000002328306
train_harn,HARn/23_Listen_to_music_with_headphones/user16/4-1-3,user16,4-1-3,23_Listen_to_music_with_headphones,"/home/fluxx/Workspace/cuchx-large/hf_data_manual/LMT_(IMU,Radar,Skeleton)/Training/HARn/23_Listen_to_music_with_headphones/user16/4-1-3",147.0,180.0,34.0,16912679.616,16912682.916,9.999999997742249
train_harn,HARn/23_Listen_to_music_with_headphones/user16/5-1-1,user16,5-1-1,23_Listen_to_music_with_headphones,"/home/fluxx/Workspace/cuchx-large/hf_data_manual/LMT_(IMU,Radar,Skeleton)/Training/HARn/23_Listen_to_music_with_headphones/user16/5-1-1",113.0,131.0,19.0,17078703.216,17078705.016,9.999999995860788
train_harn,HARn/23_Listen_to_music_with_headphones/user16/5-1-2,user16,5-1-2,23_Listen_to_music_with_headphones,"/home/fluxx/Workspace/cuchx-large/hf_data_manual/LMT_(IMU,Radar,Skeleton)/Training/HARn/23_Listen_to_music_with_headphones/user16/5-1-2",128.0,150.0,23.0,17078933.716,17078935.916,9.99999998645349
train_harn,HARn/23_Listen_to_music_with_headphones/user16/5-1-3,user16,5-1-3,23_Listen_to_music_with_headphones,"/home/fluxx/Workspace/cuchx-large/hf_data_manual/LMT_(IMU,Radar,Skeleton)/Training/HARn/23_Listen_to_music_with_headphones/user16/5-1-3",79.0,115.0,37.0,17079048.816,17079052.416,9.999999995860788
train_harn,HARn/23_Listen_to_music_with_headphones/user17/6-2-1,user17,6-2-1,23_Listen_to_music_with_headphones,"/home/fluxx/Workspace/cuchx-large/hf_data_manual/LMT_(IMU,Radar,Skeleton)/Training/HARn/23_Listen_to_music_with_headphones/user17/6-2-1",142.0,187.0,46.0,16911332.116,16911336.616,10.0
train_harn,HARn/23_Listen_to_music_with_headphones/user17/6-2-2,user17,6-2-2,23_Listen_to_music_with_headphones,"/home/fluxx/Workspace/cuchx-large/hf_data_manual/LMT_(IMU,Radar,Skeleton)/Training/HARn/23_Listen_to_music_with_headphones/user17/6-2-2",51.0,67.0,17.0,16911413.016,16911414.616,9.999999990686774
train_harn,HARn/23_Listen_to_music_with_headphones/user17/6-2-3,user17,6-2-3,23_Listen_to_music_with_headphones,"/home/fluxx/Workspace/cuchx-large/hf_data_manual/LMT_(IMU,Radar,Skeleton)/Training/HARn/23_Listen_to_music_with_headphones/user17/6-2-3",77.0,90.0,14.0,16911625.616,16911626.916,9.999999994268784
train_harn,HARn/23_Listen_to_music_with_headphones/user17/7-1-1,user17,7-1-1,23_Listen_to_music_with_headphones,"/home/fluxx/Workspace/cuchx-large/hf_data_manual/LMT_(IMU,Radar,Skeleton)/Training/HARn/23_Listen_to_music_with_headphones/user17/7-1-1",177.0,239.0,63.0,16911740.616,16911746.816,10.000000001201707
train_harn,HARn/23_Listen_to_music_with_headphones/user17/7-1-2,user17,7-1-2,23_Listen_to_music_with_headphones,"/home/fluxx/Workspace/cuchx-large/hf_data_manual/LMT_(IMU,Radar,Skeleton)/Training/HARn/23_Listen_to_music_with_headphones/user17/7-1-2",122.0,191.0,70.0,16911825.116,16911832.016,10.000000002159588
train_harn,HARn/23_Listen_to_music_with_headphones/user17/7-1-3,user17,7-1-3,23_Listen_to_music_with_headphones,"/home/fluxx/Workspace/cuchx-large/hf_data_manual/LMT_(IMU,Radar,Skeleton)/Training/HARn/23_Listen_to_music_with_headphones/user17/7-1-3",92.0,160.0,69.0,16911899.116,16911905.916,9.999999998904327
train_harn,HARn/23_Listen_to_music_with_headphones/user18/1-2-1,user18,1-2-1,23_Listen_to_music_with_headphones,"/home/fluxx/Workspace/cuchx-large/hf_data_manual/LMT_(IMU,Radar,Skeleton)/Training/HARn/23_Listen_to_music_with_headphones/user18/1-2-1",99.0,329.0,231.0,17079357.816,17079380.816,10.0
train_harn,HARn/23_Listen_to_music_with_headphones/user18/1-2-2,user18,1-2-2,23_Listen_to_music_with_headphones,"/home/fluxx/Workspace/cuchx-large/hf_data_manual/LMT_(IMU,Radar,Skeleton)/Training/HARn/23_Listen_to_music_with_headphones/user18/1-2-2",54.0,228.0,175.0,17079473.316,17079490.716,10.000000000856389
train_harn,HARn/23_Listen_to_music_with_headphones/user18/1-2-3,user18,1-2-3,23_Listen_to_music_with_headphones,"/home/fluxx/Workspace/cuchx-large/hf_data_manual/LMT_(IMU,Radar,Skeleton)/Training/HARn/23_Listen_to_music_with_headphones/user18/1-2-3",96.0,283.0,188.0,17079577.516,17079596.216,10.000000000398426
train_harn,HARn/23_Listen_to_music_with_headphones/user19/1-2-1,user19,1-2-1,23_Listen_to_music_with_headphones,"/home/fluxx/Workspace/cuchx-large/hf_data_manual/LMT_(IMU,Radar,Skeleton)/Training/HARn/23_Listen_to_music_with_headphones/user19/1-2-1",112.0,128.0,17.0,16905397.116,16905398.716,10.000000013969839
train_harn,HARn/23_Listen_to_music_with_headphones/user19/1-2-2,user19,1-2-2,23_Listen_to_music_with_headphones,"/home/fluxx/Workspace/cuchx-large/hf_data_manual/LMT_(IMU,Radar,Skeleton)/Training/HARn/23_Listen_to_music_with_headphones/user19/1-2-2",61.0,83.0,23.0,16905485.016,16905487.216,10.000000003386628
train_harn,HARn/23_Listen_to_music_with_headphones/user19/1-2-3,user19,1-2-3,23_Listen_to_music_with_headphones,"/home/fluxx/Workspace/cuchx-large/hf_data_manual/LMT_(IMU,Radar,Skeleton)/Training/HARn/23_Listen_to_music_with_headphones/user19/1-2-3",92.0,109.0,18.0,16905579.116,16905580.816,10.000000004382695
train_harn,HARn/23_Listen_to_music_with_headphones/user19/3-3-1,user19,3-3-1,23_Listen_to_music_with_headphones,"/home/fluxx/Workspace/cuchx-large/hf_data_manual/LMT_(IMU,Radar,Skeleton)/Training/HARn/23_Listen_to_music_with_headphones/user19/3-3-1",134.0,168.0,35.0,16900887.316,16900890.716,10.000000004382695
train_harn,HARn/23_Listen_to_music_with_headphones/user19/3-3-2,user19,3-3-2,23_Listen_to_music_with_headphones,"/home/fluxx/Workspace/cuchx-large/hf_data_manual/LMT_(IMU,Radar,Skeleton)/Training/HARn/23_Listen_to_music_with_headphones/user19/3-3-2",120.0,130.0,11.0,16900979.916,16900980.916,10.0
train_harn,HARn/23_Listen_to_music_with_headphones/user19/3-3-3,user19,3-3-3,23_Listen_to_music_with_headphones,"/home/fluxx/Workspace/cuchx-large/hf_data_manual/LMT_(IMU,Radar,Skeleton)/Training/HARn/23_Listen_to_music_with_headphones/user19/3-3-3",68.0,77.0,10.0,16901054.716,16901055.616,9.999999975164732
train_harn,HARn/23_Listen_to_music_with_headphones/user2/6-1-2,user2,6-1-2,23_Listen_to_music_with_headphones,"/home/fluxx/Workspace/cuchx-large/hf_data_manual/LMT_(IMU,Radar,Skeleton)/Training/HARn/23_Listen_to_music_with_headphones/user2/6-1-2",172.0,201.0,30.0,14057931.116,14057934.016,9.999999998715417
train_harn,HARn/23_Listen_to_music_with_headphones/user2/7-3-1,user2,7-3-1,23_Listen_to_music_with_headphones,"/home/fluxx/Workspace/cuchx-large/hf_data_manual/LMT_(IMU,Radar,Skeleton)/Training/HARn/23_Listen_to_music_with_headphones/user2/7-3-1",133.0,166.0,34.0,14059199.216,14059202.516,9.999999997742249
train_harn,HARn/23_Listen_to_music_with_headphones/user2/7-3-2,user2,7-3-2,23_Listen_to_music_with_headphones,"/home/fluxx/Workspace/cuchx-large/hf_data_manual/LMT_(IMU,Radar,Skeleton)/Training/HARn/23_Listen_to_music_with_headphones/user2/7-3-2",82.0,116.0,35.0,14059451.116,14059454.516,9.999999998904327
train_harn,HARn/23_Listen_to_music_with_headphones/user2/7-3-3,user2,7-3-3,23_Listen_to_music_with_headphones,"/home/fluxx/Workspace/cuchx-large/hf_data_manual/LMT_(IMU,Radar,Skeleton)/Training/HARn/23_Listen_to_music_with_headphones/user2/7-3-3",83.0,95.0,13.0,14059563.216,14059564.416,10.000000006208817
train_harn,HARn/23_Listen_to_music_with_headphones/user20/6-3-1,user20,6-3-1,23_Listen_to_music_with_headphones,"/home/fluxx/Workspace/cuchx-large/hf_data_manual/LMT_(IMU,Radar,Skeleton)/Training/HARn/23_Listen_to_music_with_headphones/user20/6-3-1",182.0,219.0,38.0,16902559.116,16902562.816,10.000000002013671
train_harn,HARn/23_Listen_to_music_with_headphones/user20/6-3-2,user20,6-3-2,23_Listen_to_music_with_headphones,"/home/fluxx/Workspace/cuchx-large/hf_data_manual/LMT_(IMU,Radar,Skeleton)/Training/HARn/23_Listen_to_music_with_headphones/user20/6-3-2",99.0,131.0,33.0,16902635.816,16902639.016,10.000000002328306
train_harn,HARn/23_Listen_to_music_with_headphones/user20/6-3-3,user20,6-3-3,23_Listen_to_music_with_headphones,"/home/fluxx/Workspace/cuchx-large/hf_data_manual/LMT_(IMU,Radar,Skeleton)/Training/HARn/23_Listen_to_music_with_headphones/user20/6-3-3",138.0,178.0,41.0,16902698.716,16902702.716,10.0
train_harn,HARn/23_Listen_to_music_with_headphones/user21/1-2-1,user21,1-2-1,23_Listen_to_music_with_headphones,"/home/fluxx/Workspace/cuchx-large/hf_data_manual/LMT_(IMU,Radar,Skeleton)/Training/HARn/23_Listen_to_music_with_headphones/user21/1-2-1",143.0,176.0,34.0,17164558.216,17164561.516,9.999999997742249
train_harn,HARn/23_Listen_to_music_with_headphones/user21/1-2-2,user21,1-2-2,23_Listen_to_music_with_headphones,"/home/fluxx/Workspace/cuchx-large/hf_data_manual/LMT_(IMU,Radar,Skeleton)/Training/HARn/23_Listen_to_music_with_headphones/user21/1-2-2",145.0,173.0,29.0,17256915.416,17256918.216,10.000000010643687
train_harn,HARn/23_Listen_to_music_with_headphones/user21/1-2-3,user21,1-2-3,23_Listen_to_music_with_headphones,"/home/fluxx/Workspace/cuchx-large/hf_data_manual/LMT_(IMU,Radar,Skeleton)/Training/HARn/23_Listen_to_music_with_headphones/user21/1-2-3",138.0,159.0,22.0,17164645.716,17164647.816,9.99999999290421
train_harn,HARn/23_Listen_to_music_with_headphones/user21/5-2-1,user21,5-2-1,23_Listen_to_music_with_headphones,"/home/fluxx/Workspace/cuchx-large/hf_data_manual/LMT_(IMU,Radar,Skeleton)/Training/HARn/23_Listen_to_music_with_headphones/user21/5-2-1",117.0,127.0,11.0,17082827.616,17082828.616,10.0
train_harn,HARn/23_Listen_to_music_with_headphones/user21/5-2-2,user21,5-2-2,23_Listen_to_music_with_headphones,"/home/fluxx/Workspace/cuchx-large/hf_data_manual/LMT_(IMU,Radar,Skeleton)/Training/HARn/23_Listen_to_music_with_headphones/user21/5-2-2",95.0,115.0,21.0,17082954.416,17082956.416,10.0
train_harn,HARn/23_Listen_to_music_with_headphones/user21/5-2-3,user21,5-2-3,23_Listen_to_music_with_headphones,"/home/fluxx/Workspace/cuchx-large/hf_data_manual/LMT_(IMU,Radar,Skeleton)/Training/HARn/23_Listen_to_music_with_headphones/user21/5-2-3",88.0,126.0,39.0,17083121.716,17083125.516,9.999999998039321
train_harn,HARn/23_Listen_to_music_with_headphones/user22/1-2-1,user22,1-2-1,23_Listen_to_music_with_headphones,"/home/fluxx/Workspace/cuchx-large/hf_data_manual/LMT_(IMU,Radar,Skeleton)/Training/HARn/23_Listen_to_music_with_headphones/user22/1-2-1",132.0,171.0,40.0,17169817.116,17169821.016,10.00000000382081
train_harn,HARn/23_Listen_to_music_with_headphones/user22/1-2-2,user22,1-2-2,23_Listen_to_music_with_headphones,"/home/fluxx/Workspace/cuchx-large/hf_data_manual/LMT_(IMU,Radar,Skeleton)/Training/HARn/23_Listen_to_music_with_headphones/user22/1-2-2",108.0,128.0,21.0,17170707.716,17170709.716,10.0
train_harn,HARn/23_Listen_to_music_with_headphones/user22/1-2-3,user22,1-2-3,23_Listen_to_music_with_headphones,"/home/fluxx/Workspace/cuchx-large/hf_data_manual/LMT_(IMU,Radar,Skeleton)/Training/HARn/23_Listen_to_music_with_headphones/user22/1-2-3",76.0,92.0,17.0,17170032.516,17170034.116,9.999999990686774
train_harn,HARn/23_Listen_to_music_with_headphones/user23/4-2-1,user23,4-2-1,23_Listen_to_music_with_headphones,"/home/fluxx/Workspace/cuchx-large/hf_data_manual/LMT_(IMU,Radar,Skeleton)/Training/HARn/23_Listen_to_music_with_headphones/user23/4-2-1",36.0,72.0,37.0,17243141.516,17243145.116,9.999999995860788
train_harn,HARn/23_Listen_to_music_with_headphones/user23/4-2-2,user23,4-2-2,23_Listen_to_music_with_headphones,"/home/fluxx/Workspace/cuchx-large/hf_data_manual/LMT_(IMU,Radar,Skeleton)/Training/HARn/23_Listen_to_music_with_headphones/user23/4-2-2",41.0,84.0,44.0,17243265.016,17243269.316,9.999999998267306
train_harn,HARn/23_Listen_to_music_with_headphones/user23/4-2-3,user23,4-2-3,23_Listen_to_music_with_headphones,"/home/fluxx/Workspace/cuchx-large/hf_data_manual/LMT_(IMU,Radar,Skeleton)/Training/HARn/23_Listen_to_music_with_headphones/user23/4-2-3",31.0,39.0,9.0,17243504.016,17243504.816,9.999999990686774
train_harn,HARn/23_Listen_to_music_with_headphones/user23/5-1-1,user23,5-1-1,23_Listen_to_music_with_headphones,"/home/fluxx/Workspace/cuchx-large/hf_data_manual/LMT_(IMU,Radar,Skeleton)/Training/HARn/23_Listen_to_music_with_headphones/user23/5-1-1",84.0,132.0,49.0,17144056.316,17144061.116,9.999999998447796
train_harn,HARn/23_Listen_to_music_with_headphones/user23/5-1-2,user23,5-1-2,23_Listen_to_music_with_headphones,"/home/fluxx/Workspace/cuchx-large/hf_data_manual/LMT_(IMU,Radar,Skeleton)/Training/HARn/23_Listen_to_music_with_headphones/user23/5-1-2",81.0,125.0,45.0,17144217.016,17144221.416,9.999999994920058
train_harn,HARn/23_Listen_to_music_with_headphones/user24/5-1-1,user24,5-1-1,23_Listen_to_music_with_headphones,"/home/fluxx/Workspace/cuchx-large/hf_data_manual/LMT_(IMU,Radar,Skeleton)/Training/HARn/23_Listen_to_music_with_headphones/user24/5-1-1",84.0,116.0,33.0,17147945.316,17147948.516,10.000000002328306
train_harn,HARn/23_Listen_to_music_with_headphones/user24/5-1-2,user24,5-1-2,23_Listen_to_music_with_headphones,"/home/fluxx/Workspace/cuchx-large/hf_data_manual/LMT_(IMU,Radar,Skeleton)/Training/HARn/23_Listen_to_music_with_headphones/user24/5-1-2",76.0,97.0,22.0,17148026.516,17148028.616,9.99999999290421
train_harn,HARn/23_Listen_to_music_with_headphones/user24/5-1-3,user24,5-1-3,23_Listen_to_music_with_headphones,"/home/fluxx/Workspace/cuchx-large/hf_data_manual/LMT_(IMU,Radar,Skeleton)/Training/HARn/23_Listen_to_music_with_headphones/user24/5-1-3",57.0,83.0,27.0,17148285.616,17148288.216,10.000000008596825
train_harn,HARn/23_Listen_to_music_with_headphones/user24/7-2-1,user24,7-2-1,23_Listen_to_music_with_headphones,"/home/fluxx/Workspace/cuchx-large/hf_data_manual/LMT_(IMU,Radar,Skeleton)/Training/HARn/23_Listen_to_music_with_headphones/user24/7-2-1",84.0,115.0,32.0,17148907.316,17148910.416,9.999999995193173
train_harn,HARn/23_Listen_to_music_with_headphones/user24/7-2-2,user24,7-2-2,23_Listen_to_music_with_headphones,"/home/fluxx/Workspace/cuchx-large/hf_data_manual/LMT_(IMU,Radar,Skeleton)/Training/HARn/23_Listen_to_music_with_headphones/user24/7-2-2",64.0,78.0,15.0,17149001.316,17149002.716,10.000000010643687
train_harn,HARn/23_Listen_to_music_with_headphones/user24/7-2-3,user24,7-2-3,23_Listen_to_music_with_headphones,"/home/fluxx/Workspace/cuchx-large/hf_data_manual/LMT_(IMU,Radar,Skeleton)/Training/HARn/23_Listen_to_music_with_headphones/user24/7-2-3",65.0,83.0,19.0,17149092.416,17149094.216,10.000000016556847
train_harn,HARn/23_Listen_to_music_with_headphones/user3/1-2-1,user3,1-2-1,23_Listen_to_music_with_headphones,"/home/fluxx/Workspace/cuchx-large/hf_data_manual/LMT_(IMU,Radar,Skeleton)/Training/HARn/23_Listen_to_music_with_headphones/user3/1-2-1",46.0,67.0,22.0,14141515.516,14141517.616,10.000000001773948
train_harn,HARn/23_Listen_to_music_with_headphones/user3/1-2-2,user3,1-2-2,23_Listen_to_music_with_headphones,"/home/fluxx/Workspace/cuchx-large/hf_data_manual/LMT_(IMU,Radar,Skeleton)/Training/HARn/23_Listen_to_music_with_headphones/user3/1-2-2",45.0,60.0,16.0,14141624.416,14141625.916,10.0
train_harn,HARn/23_Listen_to_music_with_headphones/user3/3-2-1,user3,3-2-1,23_Listen_to_music_with_headphones,"/home/fluxx/Workspace/cuchx-large/hf_data_manual/LMT_(IMU,Radar,Skeleton)/Training/HARn/23_Listen_to_music_with_headphones/user3/3-2-1",148.0,173.0,26.0,14062315.716,14062318.216,10.0
train_harn,HARn/23_Listen_to_music_with_headphones/user3/3-2-2,user3,3-2-2,23_Listen_to_music_with_headphones,"/home/fluxx/Workspace/cuchx-large/hf_data_manual/LMT_(IMU,Radar,Skeleton)/Training/HARn/23_Listen_to_music_with_headphones/user3/3-2-2",136.0,155.0,20.0,14062489.516,14062491.416,10.000000007842717
train_harn,HARn/23_Listen_to_music_with_headphones/user3/3-2-3,user3,3-2-3,23_Listen_to_music_with_headphones,"/home/fluxx/Workspace/cuchx-large/hf_data_manual/LMT_(IMU,Radar,Skeleton)/Training/HARn/23_Listen_to_music_with_headphones/user3/3-2-3",139.0,157.0,19.0,14062613.816,14062615.616,9.999999995860788
train_harn,HARn/23_Listen_to_music_with_headphones/user6/4-1-1,user6,4-1-1,23_Listen_to_music_with_headphones,"/home/fluxx/Workspace/cuchx-large/hf_data_manual/LMT_(IMU,Radar,Skeleton)/Training/HARn/23_Listen_to_music_with_headphones/user6/4-1-1",96.0,140.0,45.0,16126805.516,16126809.916,10.000000003386628
train_harn,HARn/23_Listen_to_music_with_headphones/user6/4-1-2,user6,4-1-2,23_Listen_to_music_with_headphones,"/home/fluxx/Workspace/cuchx-large/hf_data_manual/LMT_(IMU,Radar,Skeleton)/Training/HARn/23_Listen_to_music_with_headphones/user6/4-1-2",84.0,124.0,41.0,16126937.316,16126941.316,10.0
train_harn,HARn/23_Listen_to_music_with_headphones/user6/4-1-3,user6,4-1-3,23_Listen_to_music_with_headphones,"/home/fluxx/Workspace/cuchx-large/hf_data_manual/LMT_(IMU,Radar,Skeleton)/Training/HARn/23_Listen_to_music_with_headphones/user6/4-1-3",98.0,129.0,32.0,16127051.716,16127054.816,10.000000001201707
train_harn,HARn/23_Listen_to_music_with_headphones/user7/6-2-1,user7,6-2-1,23_Listen_to_music_with_headphones,"/home/fluxx/Workspace/cuchx-large/hf_data_manual/LMT_(IMU,Radar,Skeleton)/Training/HARn/23_Listen_to_music_with_headphones/user7/6-2-1",81.0,97.0,17.0,16125985.016,16125986.616,10.000000002328306
train_harn,HARn/23_Listen_to_music_with_headphones/user7/6-2-2,user7,6-2-2,23_Listen_to_music_with_headphones,"/home/fluxx/Workspace/cuchx-large/hf_data_manual/LMT_(IMU,Radar,Skeleton)/Training/HARn/23_Listen_to_music_with_headphones/user7/6-2-2",47.0,76.0,30.0,16126065.616,16126068.516,9.999999998715417
train_harn,HARn/23_Listen_to_music_with_headphones/user7/6-2-3,user7,6-2-3,23_Listen_to_music_with_headphones,"/home/fluxx/Workspace/cuchx-large/hf_data_manual/LMT_(IMU,Radar,Skeleton)/Training/HARn/23_Listen_to_music_with_headphones/user7/6-2-3",36.0,50.0,15.0,16126155.516,16126156.916,10.000000010643687
train_harn,HARn/23_Listen_to_music_with_headphones/user7/7-1-1,user7,7-1-1,23_Listen_to_music_with_headphones,"/home/fluxx/Workspace/cuchx-large/hf_data_manual/LMT_(IMU,Radar,Skeleton)/Training/HARn/23_Listen_to_music_with_headphones/user7/7-1-1",151.0,169.0,19.0,16126284.016,16126285.816,10.000000006208817
train_harn,HARn/23_Listen_to_music_with_headphones/user7/7-1-2,user7,7-1-2,23_Listen_to_music_with_headphones,"/home/fluxx/Workspace/cuchx-large/hf_data_manual/LMT_(IMU,Radar,Skeleton)/Training/HARn/23_Listen_to_music_with_headphones/user7/7-1-2",113.0,135.0,23.0,16126371.216,16126373.416,10.000000003386628
train_harn,HARn/23_Listen_to_music_with_headphones/user7/7-1-3,user7,7-1-3,23_Listen_to_music_with_headphones,"/home/fluxx/Workspace/cuchx-large/hf_data_manual/LMT_(IMU,Radar,Skeleton)/Training/HARn/23_Listen_to_music_with_headphones/user7/7-1-3",101.0,113.0,13.0,16126505.016,16126506.216,10.000000006208817
train_harn,HARn/23_Listen_to_music_with_headphones/user8/2-1-1,user8,2-1-1,23_Listen_to_music_with_headphones,"/home/fluxx/Workspace/cuchx-large/hf_data_manual/LMT_(IMU,Radar,Skeleton)/Training/HARn/23_Listen_to_music_with_headphones/user8/2-1-1",222.0,277.0,56.0,16060639.116,16060644.616,10.0
train_harn,HARn/23_Listen_to_music_with_headphones/user8/2-1-2,user8,2-1-2,23_Listen_to_music_with_headphones,"/home/fluxx/Workspace/cuchx-large/hf_data_manual/LMT_(IMU,Radar,Skeleton)/Training/HARn/23_Listen_to_music_with_headphones/user8/2-1-2",193.0,228.0,36.0,16060770.216,16060773.716,10.0
train_harn,HARn/23_Listen_to_music_with_headphones/user8/2-1-3,user8,2-1-3,23_Listen_to_music_with_headphones,"/home/fluxx/Workspace/cuchx-large/hf_data_manual/LMT_(IMU,Radar,Skeleton)/Training/HARn/23_Listen_to_music_with_headphones/user8/2-1-3",116.0,133.0,18.0,16060991.516,16060993.216,10.000000004382695
train_harn,HARn/23_Listen_to_music_with_headphones/user8/4-1-3,user8,4-1-3,23_Listen_to_music_with_headphones,"/home/fluxx/Workspace/cuchx-large/hf_data_manual/LMT_(IMU,Radar,Skeleton)/Training/HARn/23_Listen_to_music_with_headphones/user8/4-1-3",89.0,217.0,129.0,16128136.816,16128149.616,9.999999999417923
train_harn,HARn/23_Listen_to_music_with_headphones/user9/1-2-1,user9,1-2-1,23_Listen_to_music_with_headphones,"/home/fluxx/Workspace/cuchx-large/hf_data_manual/LMT_(IMU,Radar,Skeleton)/Training/HARn/23_Listen_to_music_with_headphones/user9/1-2-1",106.0,147.0,42.0,16129530.516,16129534.616,10.000000000908607
train_harn,HARn/23_Listen_to_music_with_headphones/user9/1-2-2,user9,1-2-2,23_Listen_to_music_with_headphones,"/home/fluxx/Workspace/cuchx-large/hf_data_manual/LMT_(IMU,Radar,Skeleton)/Training/HARn/23_Listen_to_music_with_headphones/user9/1-2-2",70.0,91.0,22.0,16129682.916,16129685.016,9.99999999290421
train_harn,HARn/23_Listen_to_music_with_headphones/user9/1-2-3,user9,1-2-3,23_Listen_to_music_with_headphones,"/home/fluxx/Workspace/cuchx-large/hf_data_manual/LMT_(IMU,Radar,Skeleton)/Training/HARn/23_Listen_to_music_with_headphones/user9/1-2-3",83.0,120.0,38.0,16129781.216,16129784.916,10.000000002013671
train_harn,HARn/23_Listen_to_music_with_headphones/user9/3-3-1,user9,3-3-1,23_Listen_to_music_with_headphones,"/home/fluxx/Workspace/cuchx-large/hf_data_manual/LMT_(IMU,Radar,Skeleton)/Training/HARn/23_Listen_to_music_with_headphones/user9/3-3-1",173.0,213.0,41.0,16105716.216,16105720.216,10.0
train_harn,HARn/23_Listen_to_music_with_headphones/user9/3-3-2,user9,3-3-2,23_Listen_to_music_with_headphones,"/home/fluxx/Workspace/cuchx-large/hf_data_manual/LMT_(IMU,Radar,Skeleton)/Training/HARn/23_Listen_to_music_with_headphones/user9/3-3-2",148.0,187.0,40.0,16106048.716,16106052.616,9.999999999044798
train_harn,HARn/23_Listen_to_music_with_headphones/user9/3-3-3,user9,3-3-3,23_Listen_to_music_with_headphones,"/home/fluxx/Workspace/cuchx-large/hf_data_manual/LMT_(IMU,Radar,Skeleton)/Training/HARn/23_Listen_to_music_with_headphones/user9/3-3-3",114.0,125.0,12.0,16106169.316,16106170.416,10.000000003386628
train_harn,HARn/24_Use_a_mobile_phone/user16/6-2-1,user16,6-2-1,24_Use_a_mobile_phone,"/home/fluxx/Workspace/cuchx-large/hf_data_manual/LMT_(IMU,Radar,Skeleton)/Training/HARn/24_Use_a_mobile_phone/user16/6-2-1",124.0,148.0,25.0,17074348.316,17074350.716,10.000000006208817
train_harn,HARn/24_Use_a_mobile_phone/user16/6-2-2,user16,6-2-2,24_Use_a_mobile_phone,"/home/fluxx/Workspace/cuchx-large/hf_data_manual/LMT_(IMU,Radar,Skeleton)/Training/HARn/24_Use_a_mobile_phone/user16/6-2-2",100.0,109.0,10.0,17074485.916,17074486.816,10.000000016556847
train_harn,HARn/24_Use_a_mobile_phone/user16/6-2-3,user16,6-2-3,24_Use_a_mobile_phone,"/home/fluxx/Workspace/cuchx-large/hf_data_manual/LMT_(IMU,Radar,Skeleton)/Training/HARn/24_Use_a_mobile_phone/user16/6-2-3",127.0,151.0,25.0,17074712.616,17074715.016,10.000000006208817
train_harn,HARn/24_Use_a_mobile_phone/user17/1-2-3,user17,1-2-3,24_Use_a_mobile_phone,"/home/fluxx/Workspace/cuchx-large/hf_data_manual/LMT_(IMU,Radar,Skeleton)/Training/HARn/24_Use_a_mobile_phone/user17/1-2-3",207.0,236.0,30.0,16889511.616,16889514.516,10.00000000513833
train_harn,HARn/24_Use_a_mobile_phone/user2/6-1-1,user2,6-1-1,24_Use_a_mobile_phone,"/home/fluxx/Workspace/cuchx-large/hf_data_manual/LMT_(IMU,Radar,Skeleton)/Training/HARn/24_Use_a_mobile_phone/user2/6-1-1",298.0,338.0,41.0,14057775.716,14057779.716,10.0
train_harn,HARn/24_Use_a_mobile_phone/user2/6-1-2,user2,6-1-2,24_Use_a_mobile_phone,"/home/fluxx/Workspace/cuchx-large/hf_data_manual/LMT_(IMU,Radar,Skeleton)/Training/HARn/24_Use_a_mobile_phone/user2/6-1-2",188.0,198.0,11.0,14057932.716,14057933.716,10.0
train_harn,HARn/24_Use_a_mobile_phone/user2/7-3-1,user2,7-3-1,24_Use_a_mobile_phone,"/home/fluxx/Workspace/cuchx-large/hf_data_manual/LMT_(IMU,Radar,Skeleton)/Training/HARn/24_Use_a_mobile_phone/user2/7-3-1",101.0,121.0,21.0,14059196.016,14059198.016,10.0
train_harn,HARn/24_Use_a_mobile_phone/user2/7-3-2,user2,7-3-2,24_Use_a_mobile_phone,"/home/fluxx/Workspace/cuchx-large/hf_data_manual/LMT_(IMU,Radar,Skeleton)/Training/HARn/24_Use_a_mobile_phone/user2/7-3-2",116.0,127.0,12.0,14059454.516,14059455.616,10.000000003386628
train_harn,HARn/24_Use_a_mobile_phone/user2/7-3-3,user2,7-3-3,24_Use_a_mobile_phone,"/home/fluxx/Workspace/cuchx-large/hf_data_manual/LMT_(IMU,Radar,Skeleton)/Training/HARn/24_Use_a_mobile_phone/user2/7-3-3",59.0,74.0,16.0,14059560.816,14059562.316,10.0
train_harn,HARn/24_Use_a_mobile_phone/user20/4-1-1,user20,4-1-1,24_Use_a_mobile_phone,"/home/fluxx/Workspace/cuchx-large/hf_data_manual/LMT_(IMU,Radar,Skeleton)/Training/HARn/24_Use_a_mobile_phone/user20/4-1-1",337.0,362.0,26.0,16902100.616,16902103.116,10.0
train_harn,HARn/24_Use_a_mobile_phone/user20/4-1-2,user20,4-1-2,24_Use_a_mobile_phone,"/home/fluxx/Workspace/cuchx-large/hf_data_manual/LMT_(IMU,Radar,Skeleton)/Training/HARn/24_Use_a_mobile_phone/user20/4-1-2",198.0,219.0,22.0,16902180.716,16902182.816,9.99999999290421
train_harn,HARn/24_Use_a_mobile_phone/user20/4-1-3,user20,4-1-3,24_Use_a_mobile_phone,"/home/fluxx/Workspace/cuchx-large/hf_data_manual/LMT_(IMU,Radar,Skeleton)/Training/HARn/24_Use_a_mobile_phone/user20/4-1-3",230.0,245.0,16.0,16902253.916,16902255.416,10.0
train_harn,HARn/24_Use_a_mobile_phone/user21/1-2-1,user21,1-2-1,24_Use_a_mobile_phone,"/home/fluxx/Workspace/cuchx-large/hf_data_manual/LMT_(IMU,Radar,Skeleton)/Training/HARn/24_Use_a_mobile_phone/user21/1-2-1",99.0,129.0,31.0,17164553.816,17164556.816,10.0
train_harn,HARn/24_Use_a_mobile_phone/user21/1-2-2,user21,1-2-2,24_Use_a_mobile_phone,"/home/fluxx/Workspace/cuchx-large/hf_data_manual/LMT_(IMU,Radar,Skeleton)/Training/HARn/24_Use_a_mobile_phone/user21/1-2-2",68.0,126.0,59.0,17256907.716,17256913.516,9.999999998715417
train_harn,HARn/24_Use_a_mobile_phone/user21/1-2-3,user21,1-2-3,24_Use_a_mobile_phone,"/home/fluxx/Workspace/cuchx-large/hf_data_manual/LMT_(IMU,Radar,Skeleton)/Training/HARn/24_Use_a_mobile_phone/user21/1-2-3",89.0,113.0,25.0,17164640.816,17164643.216,10.000000006208817
train_harn,HARn/24_Use_a_mobile_phone/user21/4-1-1,user21,4-1-1,24_Use_a_mobile_phone,"/home/fluxx/Workspace/cuchx-large/hf_data_manual/LMT_(IMU,Radar,Skeleton)/Training/HARn/24_Use_a_mobile_phone/user21/4-1-1",74.0,112.0,39.0,17082274.316,17082278.116,9.999999998039321
train_harn,HARn/24_Use_a_mobile_phone/user21/4-1-2,user21,4-1-2,24_Use_a_mobile_phone,"/home/fluxx/Workspace/cuchx-large/hf_data_manual/LMT_(IMU,Radar,Skeleton)/Training/HARn/24_Use_a_mobile_phone/user21/4-1-2",62.0,79.0,18.0,17082458.116,17082459.816,10.000000004382695
train_harn,HARn/24_Use_a_mobile_phone/user21/4-1-3,user21,4-1-3,24_Use_a_mobile_phone,"/home/fluxx/Workspace/cuchx-large/hf_data_manual/LMT_(IMU,Radar,Skeleton)/Training/HARn/24_Use_a_mobile_phone/user21/4-1-3",49.0,62.0,14.0,17082544.816,17082546.116,9.999999994268784
train_harn,HARn/24_Use_a_mobile_phone/user21/5-2-1,user21,5-2-1,24_Use_a_mobile_phone,"/home/fluxx/Workspace/cuchx-large/hf_data_manual/LMT_(IMU,Radar,Skeleton)/Training/HARn/24_Use_a_mobile_phone/user21/5-2-1",58.0,75.0,18.0,17082821.716,17082823.416,9.999999982469221
train_harn,HARn/24_Use_a_mobile_phone/user21/5-2-2,user21,5-2-2,24_Use_a_mobile_phone,"/home/fluxx/Workspace/cuchx-large/hf_data_manual/LMT_(IMU,Radar,Skeleton)/Training/HARn/24_Use_a_mobile_phone/user21/5-2-2",45.0,75.0,31.0,17082949.416,17082952.416,10.0
train_harn,HARn/24_Use_a_mobile_phone/user21/5-2-3,user21,5-2-3,24_Use_a_mobile_phone,"/home/fluxx/Workspace/cuchx-large/hf_data_manual/LMT_(IMU,Radar,Skeleton)/Training/HARn/24_Use_a_mobile_phone/user21/5-2-3",49.0,75.0,27.0,17083117.816,17083120.416,9.999999994268784
train_harn,HARn/24_Use_a_mobile_phone/user22/5-2-1,user22,5-2-1,24_Use_a_mobile_phone,"/home/fluxx/Workspace/cuchx-large/hf_data_manual/LMT_(IMU,Radar,Skeleton)/Training/HARn/24_Use_a_mobile_phone/user22/5-2-1",95.0,129.0,35.0,17084876.416,17084879.816,10.000000004382695
train_harn,HARn/24_Use_a_mobile_phone/user22/5-2-2,user22,5-2-2,24_Use_a_mobile_phone,"/home/fluxx/Workspace/cuchx-large/hf_data_manual/LMT_(IMU,Radar,Skeleton)/Training/HARn/24_Use_a_mobile_phone/user22/5-2-2",87.0,116.0,30.0,17085198.616,17085201.516,10.00000000513833
train_harn,HARn/24_Use_a_mobile_phone/user22/5-2-3,user22,5-2-3,24_Use_a_mobile_phone,"/home/fluxx/Workspace/cuchx-large/hf_data_manual/LMT_(IMU,Radar,Skeleton)/Training/HARn/24_Use_a_mobile_phone/user22/5-2-3",59.0,94.0,36.0,17085276.816,17085280.316,10.0
train_harn,HARn/24_Use_a_mobile_phone/user23/7-3-1,user23,7-3-1,24_Use_a_mobile_phone,"/home/fluxx/Workspace/cuchx-large/hf_data_manual/LMT_(IMU,Radar,Skeleton)/Training/HARn/24_Use_a_mobile_phone/user23/7-3-1",81.0,122.0,42.0,17145562.016,17145566.116,9.99999999636557
train_harn,HARn/24_Use_a_mobile_phone/user23/7-3-2,user23,7-3-2,24_Use_a_mobile_phone,"/home/fluxx/Workspace/cuchx-large/hf_data_manual/LMT_(IMU,Radar,Skeleton)/Training/HARn/24_Use_a_mobile_phone/user23/7-3-2",87.0,108.0,22.0,17145659.616,17145661.716,10.000000010643687
train_harn,HARn/24_Use_a_mobile_phone/user23/7-3-3,user23,7-3-3,24_Use_a_mobile_phone,"/home/fluxx/Workspace/cuchx-large/hf_data_manual/LMT_(IMU,Radar,Skeleton)/Training/HARn/24_Use_a_mobile_phone/user23/7-3-3",45.0,54.0,10.0,17145730.416,17145731.316,10.000000016556847
train_harn,HARn/24_Use_a_mobile_phone/user24/4-1-1,user24,4-1-1,24_Use_a_mobile_phone,"/home/fluxx/Workspace/cuchx-large/hf_data_manual/LMT_(IMU,Radar,Skeleton)/Training/HARn/24_Use_a_mobile_phone/user24/4-1-1",157.0,200.0,44.0,17231184.616,17231188.916,9.999999998267306
train_harn,HARn/24_Use_a_mobile_phone/user24/4-1-2,user24,4-1-2,24_Use_a_mobile_phone,"/home/fluxx/Workspace/cuchx-large/hf_data_manual/LMT_(IMU,Radar,Skeleton)/Training/HARn/24_Use_a_mobile_phone/user24/4-1-2",107.0,135.0,29.0,17231291.616,17231294.416,9.999999997339078
train_harn,HARn/24_Use_a_mobile_phone/user24/4-1-3,user24,4-1-3,24_Use_a_mobile_phone,"/home/fluxx/Workspace/cuchx-large/hf_data_manual/LMT_(IMU,Radar,Skeleton)/Training/HARn/24_Use_a_mobile_phone/user24/4-1-3",71.0,82.0,12.0,17231704.016,17231705.116,9.99999998645349
train_harn,HARn/24_Use_a_mobile_phone/user24/5-1-1,user24,5-1-1,24_Use_a_mobile_phone,"/home/fluxx/Workspace/cuchx-large/hf_data_manual/LMT_(IMU,Radar,Skeleton)/Training/HARn/24_Use_a_mobile_phone/user24/5-1-1",131.0,176.0,46.0,17147950.016,17147954.516,10.0
train_harn,HARn/24_Use_a_mobile_phone/user24/5-1-2,user24,5-1-2,24_Use_a_mobile_phone,"/home/fluxx/Workspace/cuchx-large/hf_data_manual/LMT_(IMU,Radar,Skeleton)/Training/HARn/24_Use_a_mobile_phone/user24/5-1-2",113.0,142.0,30.0,17148030.216,17148033.116,9.999999992292503
train_harn,HARn/24_Use_a_mobile_phone/user24/5-1-3,user24,5-1-3,24_Use_a_mobile_phone,"/home/fluxx/Workspace/cuchx-large/hf_data_manual/LMT_(IMU,Radar,Skeleton)/Training/HARn/24_Use_a_mobile_phone/user24/5-1-3",95.0,104.0,10.0,17148289.416,17148290.316,10.000000016556847
train_harn,HARn/24_Use_a_mobile_phone/user4/3-2-1,user4,3-2-1,24_Use_a_mobile_phone,"/home/fluxx/Workspace/cuchx-large/hf_data_manual/LMT_(IMU,Radar,Skeleton)/Training/HARn/24_Use_a_mobile_phone/user4/3-2-1",46.0,99.0,54.0,14065835.516,14065840.816,10.000000002108655
train_harn,HARn/24_Use_a_mobile_phone/user4/3-2-2,user4,3-2-2,24_Use_a_mobile_phone,"/home/fluxx/Workspace/cuchx-large/hf_data_manual/LMT_(IMU,Radar,Skeleton)/Training/HARn/24_Use_a_mobile_phone/user4/3-2-2",42.0,93.0,52.0,14065969.116,14065974.216,10.000000000730449
train_harn,HARn/24_Use_a_mobile_phone/user4/3-2-3,user4,3-2-3,24_Use_a_mobile_phone,"/home/fluxx/Workspace/cuchx-large/hf_data_manual/LMT_(IMU,Radar,Skeleton)/Training/HARn/24_Use_a_mobile_phone/user4/3-2-3",29.0,83.0,55.0,14066076.816,14066082.216,9.999999999310132
train_harn,HARn/24_Use_a_mobile_phone/user4/6-1-1,user4,6-1-1,24_Use_a_mobile_phone,"/home/fluxx/Workspace/cuchx-large/hf_data_manual/LMT_(IMU,Radar,Skeleton)/Training/HARn/24_Use_a_mobile_phone/user4/6-1-1",251.0,295.0,45.0,14067194.016,14067198.416,10.000000003386628
train_harn,HARn/24_Use_a_mobile_phone/user4/6-1-2,user4,6-1-2,24_Use_a_mobile_phone,"/home/fluxx/Workspace/cuchx-large/hf_data_manual/LMT_(IMU,Radar,Skeleton)/Training/HARn/24_Use_a_mobile_phone/user4/6-1-2",251.0,304.0,54.0,14067633.016,14067638.316,10.000000002108655
train_harn,HARn/24_Use_a_mobile_phone/user4/6-1-3,user4,6-1-3,24_Use_a_mobile_phone,"/home/fluxx/Workspace/cuchx-large/hf_data_manual/LMT_(IMU,Radar,Skeleton)/Training/HARn/24_Use_a_mobile_phone/user4/6-1-3",321.0,333.0,13.0,14067752.016,14067753.216,10.000000006208817
train_harn,HARn/24_Use_a_mobile_phone/user6/5-1-1,user6,5-1-1,24_Use_a_mobile_phone,"/home/fluxx/Workspace/cuchx-large/hf_data_manual/LMT_(IMU,Radar,Skeleton)/Training/HARn/24_Use_a_mobile_phone/user6/5-1-1",11.0,109.0,99.0,16054209.016,16054218.816,10.000000001140394
train_harn,HARn/24_Use_a_mobile_phone/user6/5-1-2,user6,5-1-2,24_Use_a_mobile_phone,"/home/fluxx/Workspace/cuchx-large/hf_data_manual/LMT_(IMU,Radar,Skeleton)/Training/HARn/24_Use_a_mobile_phone/user6/5-1-2",12.0,98.0,87.0,16054316.116,16054324.716,10.000000000433173
train_harn,HARn/24_Use_a_mobile_phone/user6/5-1-3,user6,5-1-3,24_Use_a_mobile_phone,"/home/fluxx/Workspace/cuchx-large/hf_data_manual/LMT_(IMU,Radar,Skeleton)/Training/HARn/24_Use_a_mobile_phone/user6/5-1-3",6.0,58.0,53.0,16054394.516,16054399.716,10.000000001432804
train_harn,HARn/24_Use_a_mobile_phone/user6/6-2-1,user6,6-2-1,24_Use_a_mobile_phone,"/home/fluxx/Workspace/cuchx-large/hf_data_manual/LMT_(IMU,Radar,Skeleton)/Training/HARn/24_Use_a_mobile_phone/user6/6-2-1",98.0,109.0,12.0,16203151.716,16203152.816,10.000000003386628
train_harn,HARn/24_Use_a_mobile_phone/user6/6-2-2,user6,6-2-2,24_Use_a_mobile_phone,"/home/fluxx/Workspace/cuchx-large/hf_data_manual/LMT_(IMU,Radar,Skeleton)/Training/HARn/24_Use_a_mobile_phone/user6/6-2-2",61.0,66.0,6.0,16203245.016,16203245.516,10.0
train_harn,HARn/24_Use_a_mobile_phone/user6/6-2-3,user6,6-2-3,24_Use_a_mobile_phone,"/home/fluxx/Workspace/cuchx-large/hf_data_manual/LMT_(IMU,Radar,Skeleton)/Training/HARn/24_Use_a_mobile_phone/user6/6-2-3",99.0,115.0,17.0,16203341.816,16203343.416,10.000000002328306
train_harn,HARn/24_Use_a_mobile_phone/user7/1-2-1,user7,1-2-1,24_Use_a_mobile_phone,"/home/fluxx/Workspace/cuchx-large/hf_data_manual/LMT_(IMU,Radar,Skeleton)/Training/HARn/24_Use_a_mobile_phone/user7/1-2-1",194.0,243.0,50.0,16056581.316,16056586.216,9.999999999239737
train_harn,HARn/24_Use_a_mobile_phone/user7/1-2-2,user7,1-2-2,24_Use_a_mobile_phone,"/home/fluxx/Workspace/cuchx-large/hf_data_manual/LMT_(IMU,Radar,Skeleton)/Training/HARn/24_Use_a_mobile_phone/user7/1-2-2",101.0,135.0,35.0,16056703.016,16056706.416,10.000000004382695
train_harn,HARn/24_Use_a_mobile_phone/user7/1-2-3,user7,1-2-3,24_Use_a_mobile_phone,"/home/fluxx/Workspace/cuchx-large/hf_data_manual/LMT_(IMU,Radar,Skeleton)/Training/HARn/24_Use_a_mobile_phone/user7/1-2-3",147.0,186.0,40.0,16056807.616,16056811.516,9.999999999044798
train_harn,HARn/25_Watch_TV/user1/5-1-1,user1,5-1-1,25_Watch_TV,"/home/fluxx/Workspace/cuchx-large/hf_data_manual/LMT_(IMU,Radar,Skeleton)/Training/HARn/25_Watch_TV/user1/5-1-1",380.0,437.0,58.0,14050134.916,14050140.616,9.999999998039321
train_harn,HARn/25_Watch_TV/user1/5-1-2,user1,5-1-2,25_Watch_TV,"/home/fluxx/Workspace/cuchx-large/hf_data_manual/LMT_(IMU,Radar,Skeleton)/Training/HARn/25_Watch_TV/user1/5-1-2",448.0,484.0,37.0,14050597.716,14050601.316,10.000000001034802
train_harn,HARn/25_Watch_TV/user1/5-1-3,user1,5-1-3,25_Watch_TV,"/home/fluxx/Workspace/cuchx-large/hf_data_manual/LMT_(IMU,Radar,Skeleton)/Training/HARn/25_Watch_TV/user1/5-1-3",314.0,353.0,40.0,14050861.316,14050865.216,9.999999999044798
train_harn,HARn/25_Watch_TV/user24/2-2-1,user24,2-2-1,25_Watch_TV,"/home/fluxx/Workspace/cuchx-large/hf_data_manual/LMT_(IMU,Radar,Skeleton)/Training/HARn/25_Watch_TV/user24/2-2-1",91.0,129.0,39.0,17230880.016,17230883.816,9.999999998039321
train_harn,HARn/25_Watch_TV/user24/2-2-2,user24,2-2-2,25_Watch_TV,"/home/fluxx/Workspace/cuchx-large/hf_data_manual/LMT_(IMU,Radar,Skeleton)/Training/HARn/25_Watch_TV/user24/2-2-2",93.0,117.0,25.0,17230982.216,17230984.616,9.999999990686774
train_harn,HARn/25_Watch_TV/user24/2-2-3,user24,2-2-3,25_Watch_TV,"/home/fluxx/Workspace/cuchx-large/hf_data_manual/LMT_(IMU,Radar,Skeleton)/Training/HARn/25_Watch_TV/user24/2-2-3",54.0,70.0,17.0,17231060.316,17231061.916,9.999999990686774
train_harn,HARn/25_Watch_TV/user24/5-3-1,user24,5-3-1,25_Watch_TV,"/home/fluxx/Workspace/cuchx-large/hf_data_manual/LMT_(IMU,Radar,Skeleton)/Training/HARn/25_Watch_TV/user24/5-3-1",144.0,157.0,14.0,17148387.316,17148388.616,9.999999994268784
train_harn,HARn/25_Watch_TV/user24/5-3-2,user24,5-3-2,25_Watch_TV,"/home/fluxx/Workspace/cuchx-large/hf_data_manual/LMT_(IMU,Radar,Skeleton)/Training/HARn/25_Watch_TV/user24/5-3-2",107.0,135.0,29.0,17148467.616,17148470.416,9.999999997339078
train_harn,HARn/25_Watch_TV/user24/5-3-3,user24,5-3-3,25_Watch_TV,"/home/fluxx/Workspace/cuchx-large/hf_data_manual/LMT_(IMU,Radar,Skeleton)/Training/HARn/25_Watch_TV/user24/5-3-3",87.0,114.0,28.0,17148528.616,17148531.316,10.000000002759474
train_harn,HARn/25_Watch_TV/user7/5-1-1,user7,5-1-1,25_Watch_TV,"/home/fluxx/Workspace/cuchx-large/hf_data_manual/LMT_(IMU,Radar,Skeleton)/Training/HARn/25_Watch_TV/user7/5-1-1",30.0,93.0,64.0,16058706.916,16058713.216,9.999999998817367
train_harn,HARn/25_Watch_TV/user7/5-1-2,user7,5-1-2,25_Watch_TV,"/home/fluxx/Workspace/cuchx-large/hf_data_manual/LMT_(IMU,Radar,Skeleton)/Training/HARn/25_Watch_TV/user7/5-1-2",14.0,78.0,65.0,16058800.316,16058806.716,9.999999999417923
train_harn,HARn/25_Watch_TV/user7/5-1-3,user7,5-1-3,25_Watch_TV,"/home/fluxx/Workspace/cuchx-large/hf_data_manual/LMT_(IMU,Radar,Skeleton)/Training/HARn/25_Watch_TV/user7/5-1-3",1.0,43.0,43.0,16058888.016,16058892.216,10.000000001773948
train_harn,HARn/26_Play_games/user16/5-3-1,user16,5-3-1,26_Play_games,"/home/fluxx/Workspace/cuchx-large/hf_data_manual/LMT_(IMU,Radar,Skeleton)/Training/HARn/26_Play_games/user16/5-3-1",473.0,601.0,129.0,16887777.216,16887790.016,9.999999999417923
train_harn,HARn/26_Play_games/user16/5-3-2,user16,5-3-2,26_Play_games,"/home/fluxx/Workspace/cuchx-large/hf_data_manual/LMT_(IMU,Radar,Skeleton)/Training/HARn/26_Play_games/user16/5-3-2",327.0,387.0,61.0,16887909.616,16887915.616,10.0
train_harn,HARn/26_Play_games/user16/5-3-3,user16,5-3-3,26_Play_games,"/home/fluxx/Workspace/cuchx-large/hf_data_manual/LMT_(IMU,Radar,Skeleton)/Training/HARn/26_Play_games/user16/5-3-3",206.0,245.0,40.0,16888072.516,16888076.416,9.999999994268784
train_harn,HARn/26_Play_games/user19/3-1-1,user19,3-1-1,26_Play_games,"/home/fluxx/Workspace/cuchx-large/hf_data_manual/LMT_(IMU,Radar,Skeleton)/Training/HARn/26_Play_games/user19/3-1-1",19.0,50.0,32.0,16900540.816,16900543.916,9.999999995193173
train_harn,HARn/26_Play_games/user19/3-1-2,user19,3-1-2,26_Play_games,"/home/fluxx/Workspace/cuchx-large/hf_data_manual/LMT_(IMU,Radar,Skeleton)/Training/HARn/26_Play_games/user19/3-1-2",12.0,59.0,48.0,16900647.116,16900651.816,10.00000000158523
train_harn,HARn/26_Play_games/user19/3-1-3,user19,3-1-3,26_Play_games,"/home/fluxx/Workspace/cuchx-large/hf_data_manual/LMT_(IMU,Radar,Skeleton)/Training/HARn/26_Play_games/user19/3-1-3",14.0,41.0,28.0,16900735.316,16900738.016,10.000000002759474
train_harn,HARn/26_Play_games/user19/5-1-1,user19,5-1-1,26_Play_games,"/home/fluxx/Workspace/cuchx-large/hf_data_manual/LMT_(IMU,Radar,Skeleton)/Training/HARn/26_Play_games/user19/5-1-1",13.0,71.0,59.0,16906773.216,16906779.016,9.999999998715417
train_harn,HARn/26_Play_games/user19/5-1-2,user19,5-1-2,26_Play_games,"/home/fluxx/Workspace/cuchx-large/hf_data_manual/LMT_(IMU,Radar,Skeleton)/Training/HARn/26_Play_games/user19/5-1-2",9.0,51.0,43.0,16906880.816,16906885.016,10.000000001773948
train_harn,HARn/26_Play_games/user19/5-1-3,user19,5-1-3,26_Play_games,"/home/fluxx/Workspace/cuchx-large/hf_data_manual/LMT_(IMU,Radar,Skeleton)/Training/HARn/26_Play_games/user19/5-1-3",13.0,51.0,39.0,16906961.216,16906965.016,9.999999998039321
train_harn,HARn/26_Play_games/user19/5-3-1,user19,5-3-1,26_Play_games,"/home/fluxx/Workspace/cuchx-large/hf_data_manual/LMT_(IMU,Radar,Skeleton)/Training/HARn/26_Play_games/user19/5-3-1",127.0,158.0,32.0,16907148.616,16907151.716,10.00000000721024
train_harn,HARn/26_Play_games/user19/5-3-2,user19,5-3-2,26_Play_games,"/home/fluxx/Workspace/cuchx-large/hf_data_manual/LMT_(IMU,Radar,Skeleton)/Training/HARn/26_Play_games/user19/5-3-2",138.0,161.0,24.0,16907216.716,16907219.016,9.999999996760618
train_harn,HARn/26_Play_games/user19/6-2-1,user19,6-2-1,26_Play_games,"/home/fluxx/Workspace/cuchx-large/hf_data_manual/LMT_(IMU,Radar,Skeleton)/Training/HARn/26_Play_games/user19/6-2-1",138.0,156.0,19.0,16901505.716,16901507.516,9.999999995860788
train_harn,HARn/26_Play_games/user19/6-2-2,user19,6-2-2,26_Play_games,"/home/fluxx/Workspace/cuchx-large/hf_data_manual/LMT_(IMU,Radar,Skeleton)/Training/HARn/26_Play_games/user19/6-2-2",77.0,82.0,6.0,16901632.616,16901633.116,10.0
train_harn,HARn/26_Play_games/user19/6-2-3,user19,6-2-3,26_Play_games,"/home/fluxx/Workspace/cuchx-large/hf_data_manual/LMT_(IMU,Radar,Skeleton)/Training/HARn/26_Play_games/user19/6-2-3",86.0,101.0,16.0,16901707.516,16901709.016,10.0
train_harn,HARn/26_Play_games/user23/5-1-1,user23,5-1-1,26_Play_games,"/home/fluxx/Workspace/cuchx-large/hf_data_manual/LMT_(IMU,Radar,Skeleton)/Training/HARn/26_Play_games/user23/5-1-1",39.0,81.0,43.0,17144051.816,17144056.016,10.000000001773948
train_harn,HARn/26_Play_games/user23/5-1-2,user23,5-1-2,26_Play_games,"/home/fluxx/Workspace/cuchx-large/hf_data_manual/LMT_(IMU,Radar,Skeleton)/Training/HARn/26_Play_games/user23/5-1-2",18.0,69.0,52.0,17144210.716,17144215.816,9.999999997078204
train_harn,HARn/26_Play_games/user23/5-1-3,user23,5-1-3,26_Play_games,"/home/fluxx/Workspace/cuchx-large/hf_data_manual/LMT_(IMU,Radar,Skeleton)/Training/HARn/26_Play_games/user23/5-1-3",18.0,38.0,21.0,17144393.716,17144395.716,10.0
train_harn,HARn/26_Play_games/user24/4-1-1,user24,4-1-1,26_Play_games,"/home/fluxx/Workspace/cuchx-large/hf_data_manual/LMT_(IMU,Radar,Skeleton)/Training/HARn/26_Play_games/user24/4-1-1",209.0,249.0,41.0,17231189.816,17231193.816,10.0
train_harn,HARn/26_Play_games/user24/4-1-2,user24,4-1-2,26_Play_games,"/home/fluxx/Workspace/cuchx-large/hf_data_manual/LMT_(IMU,Radar,Skeleton)/Training/HARn/26_Play_games/user24/4-1-2",143.0,153.0,11.0,17231295.216,17231296.216,10.0
train_harn,HARn/26_Play_games/user24/4-1-3,user24,4-1-3,26_Play_games,"/home/fluxx/Workspace/cuchx-large/hf_data_manual/LMT_(IMU,Radar,Skeleton)/Training/HARn/26_Play_games/user24/4-1-3",85.0,106.0,22.0,17231705.416,17231707.516,10.000000010643687
train_harn,HARn/26_Play_games/user24/4-3-1,user24,4-3-1,26_Play_games,"/home/fluxx/Workspace/cuchx-large/hf_data_manual/LMT_(IMU,Radar,Skeleton)/Training/HARn/26_Play_games/user24/4-3-1",73.0,118.0,46.0,17231843.216,17231847.716,10.0
train_harn,HARn/26_Play_games/user24/4-3-2,user24,4-3-2,26_Play_games,"/home/fluxx/Workspace/cuchx-large/hf_data_manual/LMT_(IMU,Radar,Skeleton)/Training/HARn/26_Play_games/user24/4-3-2",55.0,82.0,28.0,17231936.416,17231939.116,10.000000002759474
train_harn,HARn/26_Play_games/user24/4-3-3,user24,4-3-3,26_Play_games,"/home/fluxx/Workspace/cuchx-large/hf_data_manual/LMT_(IMU,Radar,Skeleton)/Training/HARn/26_Play_games/user24/4-3-3",59.0,72.0,14.0,17232005.816,17232007.116,9.999999994268784
train_harn,HARn/26_Play_games/user24/5-3-1,user24,5-3-1,26_Play_games,"/home/fluxx/Workspace/cuchx-large/hf_data_manual/LMT_(IMU,Radar,Skeleton)/Training/HARn/26_Play_games/user24/5-3-1",94.0,116.0,23.0,17148382.316,17148384.516,10.000000003386628
train_harn,HARn/26_Play_games/user24/5-3-2,user24,5-3-2,26_Play_games,"/home/fluxx/Workspace/cuchx-large/hf_data_manual/LMT_(IMU,Radar,Skeleton)/Training/HARn/26_Play_games/user24/5-3-2",74.0,92.0,19.0,17148464.316,17148466.116,9.999999995860788
train_harn,HARn/26_Play_games/user24/5-3-3,user24,5-3-3,26_Play_games,"/home/fluxx/Workspace/cuchx-large/hf_data_manual/LMT_(IMU,Radar,Skeleton)/Training/HARn/26_Play_games/user24/5-3-3",53.0,79.0,27.0,17148525.216,17148527.816,9.999999994268784
train_harn,HARn/26_Play_games/user6/5-3-1,user6,5-3-1,26_Play_games,"/home/fluxx/Workspace/cuchx-large/hf_data_manual/LMT_(IMU,Radar,Skeleton)/Training/HARn/26_Play_games/user6/5-3-1",233.0,258.0,26.0,16055162.216,16055164.716,10.0
train_harn,HARn/26_Play_games/user6/5-3-2,user6,5-3-2,26_Play_games,"/home/fluxx/Workspace/cuchx-large/hf_data_manual/LMT_(IMU,Radar,Skeleton)/Training/HARn/26_Play_games/user6/5-3-2",229.0,251.0,23.0,16055276.816,16055279.016,9.999999994920058
train_harn,HARn/26_Play_games/user9/3-1-1,user9,3-1-1,26_Play_games,"/home/fluxx/Workspace/cuchx-large/hf_data_manual/LMT_(IMU,Radar,Skeleton)/Training/HARn/26_Play_games/user9/3-1-1",16.0,82.0,67.0,16104971.516,16104978.116,10.000000000564437
train_harn,HARn/26_Play_games/user9/3-1-2,user9,3-1-2,26_Play_games,"/home/fluxx/Workspace/cuchx-large/hf_data_manual/LMT_(IMU,Radar,Skeleton)/Training/HARn/26_Play_games/user9/3-1-2",15.0,57.0,43.0,16105288.416,16105292.616,9.999999997339078
train_harn,HARn/26_Play_games/user9/3-1-3,user9,3-1-3,26_Play_games,"/home/fluxx/Workspace/cuchx-large/hf_data_manual/LMT_(IMU,Radar,Skeleton)/Training/HARn/26_Play_games/user9/3-1-3",12.0,58.0,47.0,16105466.116,16105470.716,10.000000000809846
train_harn,HARn/26_Play_games/user9/5-1-1,user9,5-1-1,26_Play_games,"/home/fluxx/Workspace/cuchx-large/hf_data_manual/LMT_(IMU,Radar,Skeleton)/Training/HARn/26_Play_games/user9/5-1-1",20.0,81.0,62.0,16131565.916,16131572.016,9.999999997557186
train_harn,HARn/26_Play_games/user9/5-1-2,user9,5-1-2,26_Play_games,"/home/fluxx/Workspace/cuchx-large/hf_data_manual/LMT_(IMU,Radar,Skeleton)/Training/HARn/26_Play_games/user9/5-1-2",21.0,77.0,57.0,16131652.016,16131657.616,10.00000000066523
train_harn,HARn/26_Play_games/user9/5-1-3,user9,5-1-3,26_Play_games,"/home/fluxx/Workspace/cuchx-large/hf_data_manual/LMT_(IMU,Radar,Skeleton)/Training/HARn/26_Play_games/user9/5-1-3",16.0,52.0,37.0,16131744.516,16131748.116,10.000000001034802
train_harn,HARn/26_Play_games/user9/5-3-1,user9,5-3-1,26_Play_games,"/home/fluxx/Workspace/cuchx-large/hf_data_manual/LMT_(IMU,Radar,Skeleton)/Training/HARn/26_Play_games/user9/5-3-1",140.0,162.0,23.0,16131888.916,16131891.116,9.999999994920058
train_harn,HARn/26_Play_games/user9/5-3-2,user9,5-3-2,26_Play_games,"/home/fluxx/Workspace/cuchx-large/hf_data_manual/LMT_(IMU,Radar,Skeleton)/Training/HARn/26_Play_games/user9/5-3-2",149.0,166.0,18.0,16131991.816,16131993.516,9.99999999342596
train_harn,HARn/26_Play_games/user9/5-3-3,user9,5-3-3,26_Play_games,"/home/fluxx/Workspace/cuchx-large/hf_data_manual/LMT_(IMU,Radar,Skeleton)/Training/HARn/26_Play_games/user9/5-3-3",124.0,150.0,27.0,16132096.316,16132098.916,10.000000001432804
train_harn,HARn/26_Play_games/user9/6-2-1,user9,6-2-1,26_Play_games,"/home/fluxx/Workspace/cuchx-large/hf_data_manual/LMT_(IMU,Radar,Skeleton)/Training/HARn/26_Play_games/user9/6-2-1",153.0,167.0,15.0,16106742.216,16106743.616,9.999999997339078
train_harn,HARn/26_Play_games/user9/6-2-2,user9,6-2-2,26_Play_games,"/home/fluxx/Workspace/cuchx-large/hf_data_manual/LMT_(IMU,Radar,Skeleton)/Training/HARn/26_Play_games/user9/6-2-2",86.0,92.0,7.0,16106860.516,16106861.116,10.000000006208817
train_harn,HARn/26_Play_games/user9/6-2-3,user9,6-2-3,26_Play_games,"/home/fluxx/Workspace/cuchx-large/hf_data_manual/LMT_(IMU,Radar,Skeleton)/Training/HARn/26_Play_games/user9/6-2-3",125.0,133.0,9.0,16106948.416,16106949.216,9.999999990686774
train_harn,HARn/27_Take_a_selfie/user1/5-1-1,user1,5-1-1,27_Take_a_selfie,"/home/fluxx/Workspace/cuchx-large/hf_data_manual/LMT_(IMU,Radar,Skeleton)/Training/HARn/27_Take_a_selfie/user1/5-1-1",56.0,131.0,76.0,14050102.516,14050110.016,10.0
train_harn,HARn/27_Take_a_selfie/user1/5-1-2,user1,5-1-2,27_Take_a_selfie,"/home/fluxx/Workspace/cuchx-large/hf_data_manual/LMT_(IMU,Radar,Skeleton)/Training/HARn/27_Take_a_selfie/user1/5-1-2",82.0,234.0,153.0,14050561.116,14050576.316,10.00000000049017
train_harn,HARn/27_Take_a_selfie/user1/5-1-3,user1,5-1-3,27_Take_a_selfie,"/home/fluxx/Workspace/cuchx-large/hf_data_manual/LMT_(IMU,Radar,Skeleton)/Training/HARn/27_Take_a_selfie/user1/5-1-3",70.0,174.0,105.0,14050836.916,14050847.316,9.9999999996418
train_harn,HARn/27_Take_a_selfie/user17/1-2-1,user17,1-2-1,27_Take_a_selfie,"/home/fluxx/Workspace/cuchx-large/hf_data_manual/LMT_(IMU,Radar,Skeleton)/Training/HARn/27_Take_a_selfie/user17/1-2-1",348.0,393.0,46.0,16889291.716,16889296.216,10.0
train_harn,HARn/27_Take_a_selfie/user17/1-2-2,user17,1-2-2,27_Take_a_selfie,"/home/fluxx/Workspace/cuchx-large/hf_data_manual/LMT_(IMU,Radar,Skeleton)/Training/HARn/27_Take_a_selfie/user17/1-2-2",168.0,188.0,21.0,16889411.716,16889413.716,10.0
train_harn,HARn/27_Take_a_selfie/user17/1-2-3,user17,1-2-3,27_Take_a_selfie,"/home/fluxx/Workspace/cuchx-large/hf_data_manual/LMT_(IMU,Radar,Skeleton)/Training/HARn/27_Take_a_selfie/user17/1-2-3",207.0,236.0,30.0,16889511.616,16889514.516,10.00000000513833
train_harn,HARn/27_Take_a_selfie/user18/1-2-1,user18,1-2-1,27_Take_a_selfie,"/home/fluxx/Workspace/cuchx-large/hf_data_manual/LMT_(IMU,Radar,Skeleton)/Training/HARn/27_Take_a_selfie/user18/1-2-1",256.0,290.0,35.0,17079373.516,17079376.916,9.99999999342596
train_harn,HARn/27_Take_a_selfie/user18/1-2-2,user18,1-2-2,27_Take_a_selfie,"/home/fluxx/Workspace/cuchx-large/hf_data_manual/LMT_(IMU,Radar,Skeleton)/Training/HARn/27_Take_a_selfie/user18/1-2-2",159.0,207.0,49.0,17079483.816,17079488.616,9.999999998447796
train_harn,HARn/27_Take_a_selfie/user18/1-2-3,user18,1-2-3,27_Take_a_selfie,"/home/fluxx/Workspace/cuchx-large/hf_data_manual/LMT_(IMU,Radar,Skeleton)/Training/HARn/27_Take_a_selfie/user18/1-2-3",233.0,255.0,23.0,17079591.216,17079593.416,9.99999998645349
train_harn,HARn/27_Take_a_selfie/user19/6-2-1,user19,6-2-1,27_Take_a_selfie,"/home/fluxx/Workspace/cuchx-large/hf_data_manual/LMT_(IMU,Radar,Skeleton)/Training/HARn/27_Take_a_selfie/user19/6-2-1",166.0,198.0,33.0,16901508.516,16901511.716,10.000000002328306
train_harn,HARn/27_Take_a_selfie/user19/6-2-2,user19,6-2-2,27_Take_a_selfie,"/home/fluxx/Workspace/cuchx-large/hf_data_manual/LMT_(IMU,Radar,Skeleton)/Training/HARn/27_Take_a_selfie/user19/6-2-2",89.0,105.0,17.0,16901633.816,16901635.416,9.999999990686774
train_harn,HARn/27_Take_a_selfie/user19/6-2-3,user19,6-2-3,27_Take_a_selfie,"/home/fluxx/Workspace/cuchx-large/hf_data_manual/LMT_(IMU,Radar,Skeleton)/Training/HARn/27_Take_a_selfie/user19/6-2-3",109.0,126.0,18.0,16901709.816,16901711.516,10.000000004382695
train_harn,HARn/27_Take_a_selfie/user20/7-2-1,user20,7-2-1,27_Take_a_selfie,"/home/fluxx/Workspace/cuchx-large/hf_data_manual/LMT_(IMU,Radar,Skeleton)/Training/HARn/27_Take_a_selfie/user20/7-2-1",102.0,146.0,45.0,17057907.116,17057911.516,10.000000003386628
train_harn,HARn/27_Take_a_selfie/user20/7-2-2,user20,7-2-2,27_Take_a_selfie,"/home/fluxx/Workspace/cuchx-large/hf_data_manual/LMT_(IMU,Radar,Skeleton)/Training/HARn/27_Take_a_selfie/user20/7-2-2",113.0,155.0,43.0,17057992.216,17057996.416,9.99999999290421
train_harn,HARn/27_Take_a_selfie/user20/7-2-3,user20,7-2-3,27_Take_a_selfie,"/home/fluxx/Workspace/cuchx-large/hf_data_manual/LMT_(IMU,Radar,Skeleton)/Training/HARn/27_Take_a_selfie/user20/7-2-3",85.0,97.0,13.0,17058155.416,17058156.616,10.000000006208817
train_harn,HARn/27_Take_a_selfie/user21/5-1-1,user21,5-1-1,27_Take_a_selfie,"/home/fluxx/Workspace/cuchx-large/hf_data_manual/LMT_(IMU,Radar,Skeleton)/Training/HARn/27_Take_a_selfie/user21/5-1-1",88.0,97.0,10.0,17254215.716,17254216.616,9.999999975164732
train_harn,HARn/27_Take_a_selfie/user21/5-1-2,user21,5-1-2,27_Take_a_selfie,"/home/fluxx/Workspace/cuchx-large/hf_data_manual/LMT_(IMU,Radar,Skeleton)/Training/HARn/27_Take_a_selfie/user21/5-1-2",82.0,91.0,10.0,17254283.116,17254284.016,10.000000016556847
train_harn,HARn/27_Take_a_selfie/user21/5-1-3,user21,5-1-3,27_Take_a_selfie,"/home/fluxx/Workspace/cuchx-large/hf_data_manual/LMT_(IMU,Radar,Skeleton)/Training/HARn/27_Take_a_selfie/user21/5-1-3",51.0,64.0,14.0,17254472.016,17254473.316,9.999999994268784
train_harn,HARn/27_Take_a_selfie/user22/4-2-1,user22,4-2-1,27_Take_a_selfie,"/home/fluxx/Workspace/cuchx-large/hf_data_manual/LMT_(IMU,Radar,Skeleton)/Training/HARn/27_Take_a_selfie/user22/4-2-1",72.0,107.0,36.0,17250542.116,17250545.616,10.0
train_harn,HARn/27_Take_a_selfie/user22/4-2-2,user22,4-2-2,27_Take_a_selfie,"/home/fluxx/Workspace/cuchx-large/hf_data_manual/LMT_(IMU,Radar,Skeleton)/Training/HARn/27_Take_a_selfie/user22/4-2-2",63.0,86.0,24.0,17250604.216,17250606.516,9.999999996760618
train_harn,HARn/27_Take_a_selfie/user22/4-2-3,user22,4-2-3,27_Take_a_selfie,"/home/fluxx/Workspace/cuchx-large/hf_data_manual/LMT_(IMU,Radar,Skeleton)/Training/HARn/27_Take_a_selfie/user22/4-2-3",31.0,44.0,14.0,17250675.016,17250676.316,9.999999994268784
train_harn,HARn/27_Take_a_selfie/user23/3-2-2,user23,3-2-2,27_Take_a_selfie,"/home/fluxx/Workspace/cuchx-large/hf_data_manual/LMT_(IMU,Radar,Skeleton)/Training/HARn/27_Take_a_selfie/user23/3-2-2",146.0,167.0,22.0,17143798.516,17143800.616,9.99999999290421
train_harn,HARn/27_Take_a_selfie/user23/3-2-3,user23,3-2-3,27_Take_a_selfie,"/home/fluxx/Workspace/cuchx-large/hf_data_manual/LMT_(IMU,Radar,Skeleton)/Training/HARn/27_Take_a_selfie/user23/3-2-3",140.0,168.0,29.0,17143903.916,17143906.716,10.000000010643687
train_harn,HARn/27_Take_a_selfie/user23/4-2-1,user23,4-2-1,27_Take_a_selfie,"/home/fluxx/Workspace/cuchx-large/hf_data_manual/LMT_(IMU,Radar,Skeleton)/Training/HARn/27_Take_a_selfie/user23/4-2-1",35.0,75.0,41.0,17243141.416,17243145.416,10.0
train_harn,HARn/27_Take_a_selfie/user23/4-2-2,user23,4-2-2,27_Take_a_selfie,"/home/fluxx/Workspace/cuchx-large/hf_data_manual/LMT_(IMU,Radar,Skeleton)/Training/HARn/27_Take_a_selfie/user23/4-2-2",43.0,84.0,42.0,17243265.216,17243269.316,9.99999999636557
train_harn,HARn/27_Take_a_selfie/user23/4-2-3,user23,4-2-3,27_Take_a_selfie,"/home/fluxx/Workspace/cuchx-large/hf_data_manual/LMT_(IMU,Radar,Skeleton)/Training/HARn/27_Take_a_selfie/user23/4-2-3",34.0,42.0,9.0,17243504.316,17243505.116,9.999999990686774
train_harn,HARn/27_Take_a_selfie/user24/1-1-1,user24,1-1-1,27_Take_a_selfie,"/home/fluxx/Workspace/cuchx-large/hf_data_manual/LMT_(IMU,Radar,Skeleton)/Training/HARn/27_Take_a_selfie/user24/1-1-1",39.0,67.0,29.0,17251519.816,17251522.616,9.999999997339078
train_harn,HARn/27_Take_a_selfie/user24/1-1-2,user24,1-1-2,27_Take_a_selfie,"/home/fluxx/Workspace/cuchx-large/hf_data_manual/LMT_(IMU,Radar,Skeleton)/Training/HARn/27_Take_a_selfie/user24/1-1-2",22.0,44.0,23.0,17251573.116,17251575.316,10.000000003386628
train_harn,HARn/27_Take_a_selfie/user24/1-1-3,user24,1-1-3,27_Take_a_selfie,"/home/fluxx/Workspace/cuchx-large/hf_data_manual/LMT_(IMU,Radar,Skeleton)/Training/HARn/27_Take_a_selfie/user24/1-1-3",20.0,35.0,16.0,17251632.916,17251634.416,10.0
train_harn,HARn/27_Take_a_selfie/user4/3-2-1,user4,3-2-1,27_Take_a_selfie,"/home/fluxx/Workspace/cuchx-large/hf_data_manual/LMT_(IMU,Radar,Skeleton)/Training/HARn/27_Take_a_selfie/user4/3-2-1",103.0,130.0,28.0,14065841.216,14065843.916,10.000000002759474
train_harn,HARn/27_Take_a_selfie/user4/3-2-2,user4,3-2-2,27_Take_a_selfie,"/home/fluxx/Workspace/cuchx-large/hf_data_manual/LMT_(IMU,Radar,Skeleton)/Training/HARn/27_Take_a_selfie/user4/3-2-2",103.0,128.0,26.0,14065975.216,14065977.716,10.0
train_harn,HARn/27_Take_a_selfie/user4/3-2-3,user4,3-2-3,27_Take_a_selfie,"/home/fluxx/Workspace/cuchx-large/hf_data_manual/LMT_(IMU,Radar,Skeleton)/Training/HARn/27_Take_a_selfie/user4/3-2-3",89.0,104.0,16.0,14066082.816,14066084.316,10.0
train_harn,HARn/27_Take_a_selfie/user7/1-2-1,user7,1-2-1,27_Take_a_selfie,"/home/fluxx/Workspace/cuchx-large/hf_data_manual/LMT_(IMU,Radar,Skeleton)/Training/HARn/27_Take_a_selfie/user7/1-2-1",212.0,243.0,32.0,16056583.116,16056586.216,10.000000001201707
train_harn,HARn/27_Take_a_selfie/user7/1-2-2,user7,1-2-2,27_Take_a_selfie,"/home/fluxx/Workspace/cuchx-large/hf_data_manual/LMT_(IMU,Radar,Skeleton)/Training/HARn/27_Take_a_selfie/user7/1-2-2",113.0,135.0,23.0,16056704.216,16056706.416,10.000000003386628
train_harn,HARn/27_Take_a_selfie/user7/1-2-3,user7,1-2-3,27_Take_a_selfie,"/home/fluxx/Workspace/cuchx-large/hf_data_manual/LMT_(IMU,Radar,Skeleton)/Training/HARn/27_Take_a_selfie/user7/1-2-3",164.0,186.0,23.0,16056809.316,16056811.516,9.999999994920058
train_harn,HARn/27_Take_a_selfie/user8/1-2-1,user8,1-2-1,27_Take_a_selfie,"/home/fluxx/Workspace/cuchx-large/hf_data_manual/LMT_(IMU,Radar,Skeleton)/Training/HARn/27_Take_a_selfie/user8/1-2-1",196.0,230.0,35.0,16060315.516,16060318.916,10.000000004382695
train_harn,HARn/27_Take_a_selfie/user8/1-2-2,user8,1-2-2,27_Take_a_selfie,"/home/fluxx/Workspace/cuchx-large/hf_data_manual/LMT_(IMU,Radar,Skeleton)/Training/HARn/27_Take_a_selfie/user8/1-2-2",116.0,134.0,19.0,16060390.516,16060392.316,10.000000006208817
train_harn,HARn/27_Take_a_selfie/user8/1-2-3,user8,1-2-3,27_Take_a_selfie,"/home/fluxx/Workspace/cuchx-large/hf_data_manual/LMT_(IMU,Radar,Skeleton)/Training/HARn/27_Take_a_selfie/user8/1-2-3",226.0,244.0,19.0,16060480.516,16060482.316,10.000000006208817
train_harn,HARn/27_Take_a_selfie/user9/6-2-1,user9,6-2-1,27_Take_a_selfie,"/home/fluxx/Workspace/cuchx-large/hf_data_manual/LMT_(IMU,Radar,Skeleton)/Training/HARn/27_Take_a_selfie/user9/6-2-1",187.0,199.0,13.0,16106745.616,16106746.816,10.000000006208817
train_harn,HARn/27_Take_a_selfie/user9/6-2-2,user9,6-2-2,27_Take_a_selfie,"/home/fluxx/Workspace/cuchx-large/hf_data_manual/LMT_(IMU,Radar,Skeleton)/Training/HARn/27_Take_a_selfie/user9/6-2-2",97.0,107.0,11.0,16106861.616,16106862.616,10.0
train_harn,HARn/27_Take_a_selfie/user9/6-2-3,user9,6-2-3,27_Take_a_selfie,"/home/fluxx/Workspace/cuchx-large/hf_data_manual/LMT_(IMU,Radar,Skeleton)/Training/HARn/27_Take_a_selfie/user9/6-2-3",153.0,165.0,13.0,16106951.216,16106952.416,10.000000006208817
train_harn,HARn/28_Jog_in_place/user16/4-1-1,user16,4-1-1,28_Jog_in_place,"/home/fluxx/Workspace/cuchx-large/hf_data_manual/LMT_(IMU,Radar,Skeleton)/Training/HARn/28_Jog_in_place/user16/4-1-1",351.0,388.0,38.0,16912407.016,16912410.716,10.000000002013671
train_harn,HARn/28_Jog_in_place/user16/4-1-2,user16,4-1-2,28_Jog_in_place,"/home/fluxx/Workspace/cuchx-large/hf_data_manual/LMT_(IMU,Radar,Skeleton)/Training/HARn/28_Jog_in_place/user16/4-1-2",229.0,267.0,39.0,16912998.816,16913002.616,9.999999998039321
train_harn,HARn/28_Jog_in_place/user16/4-1-3,user16,4-1-3,28_Jog_in_place,"/home/fluxx/Workspace/cuchx-large/hf_data_manual/LMT_(IMU,Radar,Skeleton)/Training/HARn/28_Jog_in_place/user16/4-1-3",238.0,279.0,42.0,16912688.716,16912692.816,9.99999999636557
train_harn,HARn/28_Jog_in_place/user17/3-1-1,user17,3-1-1,28_Jog_in_place,"/home/fluxx/Workspace/cuchx-large/hf_data_manual/LMT_(IMU,Radar,Skeleton)/Training/HARn/28_Jog_in_place/user17/3-1-1",259.0,291.0,33.0,16890670.816,16890674.016,10.000000002328306
train_harn,HARn/28_Jog_in_place/user17/3-1-2,user17,3-1-2,28_Jog_in_place,"/home/fluxx/Workspace/cuchx-large/hf_data_manual/LMT_(IMU,Radar,Skeleton)/Training/HARn/28_Jog_in_place/user17/3-1-2",192.0,235.0,44.0,16890791.116,16890795.416,9.999999998267306
train_harn,HARn/28_Jog_in_place/user17/3-1-3,user17,3-1-3,28_Jog_in_place,"/home/fluxx/Workspace/cuchx-large/hf_data_manual/LMT_(IMU,Radar,Skeleton)/Training/HARn/28_Jog_in_place/user17/3-1-3",112.0,141.0,30.0,16890928.116,16890931.016,10.00000000513833
train_harn,HARn/28_Jog_in_place/user18/5-1-1,user18,5-1-1,28_Jog_in_place,"/home/fluxx/Workspace/cuchx-large/hf_data_manual/LMT_(IMU,Radar,Skeleton)/Training/HARn/28_Jog_in_place/user18/5-1-1",27.0,52.0,26.0,16899644.616,16899647.116,10.0
train_harn,HARn/28_Jog_in_place/user18/5-1-2,user18,5-1-2,28_Jog_in_place,"/home/fluxx/Workspace/cuchx-large/hf_data_manual/LMT_(IMU,Radar,Skeleton)/Training/HARn/28_Jog_in_place/user18/5-1-2",21.0,54.0,34.0,16899752.016,16899755.316,9.999999997742249
train_harn,HARn/28_Jog_in_place/user18/5-1-3,user18,5-1-3,28_Jog_in_place,"/home/fluxx/Workspace/cuchx-large/hf_data_manual/LMT_(IMU,Radar,Skeleton)/Training/HARn/28_Jog_in_place/user18/5-1-3",16.0,31.0,16.0,16899831.516,16899833.016,10.0
train_harn,HARn/28_Jog_in_place/user2/5-1-1,user2,5-1-1,28_Jog_in_place,"/home/fluxx/Workspace/cuchx-large/hf_data_manual/LMT_(IMU,Radar,Skeleton)/Training/HARn/28_Jog_in_place/user2/5-1-1",47.0,143.0,97.0,14056939.616,14056949.216,10.00000000038805
train_harn,HARn/28_Jog_in_place/user2/5-1-2,user2,5-1-2,28_Jog_in_place,"/home/fluxx/Workspace/cuchx-large/hf_data_manual/LMT_(IMU,Radar,Skeleton)/Training/HARn/28_Jog_in_place/user2/5-1-2",49.0,133.0,85.0,14057113.816,14057122.216,9.999999999556513
train_harn,HARn/28_Jog_in_place/user2/5-1-3,user2,5-1-3,28_Jog_in_place,"/home/fluxx/Workspace/cuchx-large/hf_data_manual/LMT_(IMU,Radar,Skeleton)/Training/HARn/28_Jog_in_place/user2/5-1-3",31.0,106.0,76.0,14057241.016,14057248.516,10.0
train_harn,HARn/28_Jog_in_place/user2/6-1-1,user2,6-1-1,28_Jog_in_place,"/home/fluxx/Workspace/cuchx-large/hf_data_manual/LMT_(IMU,Radar,Skeleton)/Training/HARn/28_Jog_in_place/user2/6-1-1",54.0,95.0,42.0,14057751.316,14057755.416,10.000000000908607
train_harn,HARn/28_Jog_in_place/user2/6-1-2,user2,6-1-2,28_Jog_in_place,"/home/fluxx/Workspace/cuchx-large/hf_data_manual/LMT_(IMU,Radar,Skeleton)/Training/HARn/28_Jog_in_place/user2/6-1-2",36.0,78.0,43.0,14057917.516,14057921.716,10.000000001773948
train_harn,HARn/28_Jog_in_place/user22/7-2-1,user22,7-2-1,28_Jog_in_place,"/home/fluxx/Workspace/cuchx-large/hf_data_manual/LMT_(IMU,Radar,Skeleton)/Training/HARn/28_Jog_in_place/user22/7-2-1",235.0,268.0,34.0,17086546.416,17086549.716,10.000000009031007
train_harn,HARn/28_Jog_in_place/user22/7-2-2,user22,7-2-2,28_Jog_in_place,"/home/fluxx/Workspace/cuchx-large/hf_data_manual/LMT_(IMU,Radar,Skeleton)/Training/HARn/28_Jog_in_place/user22/7-2-2",210.0,231.0,22.0,17086625.916,17086628.016,10.000000010643687
train_harn,HARn/28_Jog_in_place/user22/7-2-3,user22,7-2-3,28_Jog_in_place,"/home/fluxx/Workspace/cuchx-large/hf_data_manual/LMT_(IMU,Radar,Skeleton)/Training/HARn/28_Jog_in_place/user22/7-2-3",102.0,113.0,12.0,17086681.116,17086682.216,10.000000020319765
train_harn,HARn/28_Jog_in_place/user23/3-2-2,user23,3-2-2,28_Jog_in_place,"/home/fluxx/Workspace/cuchx-large/hf_data_manual/LMT_(IMU,Radar,Skeleton)/Training/HARn/28_Jog_in_place/user23/3-2-2",108.0,128.0,21.0,17143794.716,17143796.716,10.0
train_harn,HARn/28_Jog_in_place/user23/3-2-3,user23,3-2-3,28_Jog_in_place,"/home/fluxx/Workspace/cuchx-large/hf_data_manual/LMT_(IMU,Radar,Skeleton)/Training/HARn/28_Jog_in_place/user23/3-2-3",108.0,126.0,19.0,17143900.716,17143902.516,9.999999995860788
train_harn,HARn/28_Jog_in_place/user24/3-2-1,user24,3-2-1,28_Jog_in_place,"/home/fluxx/Workspace/cuchx-large/hf_data_manual/LMT_(IMU,Radar,Skeleton)/Training/HARn/28_Jog_in_place/user24/3-2-1",304.0,329.0,26.0,17147068.316,17147070.816,10.0
train_harn,HARn/28_Jog_in_place/user24/3-2-2,user24,3-2-2,28_Jog_in_place,"/home/fluxx/Workspace/cuchx-large/hf_data_manual/LMT_(IMU,Radar,Skeleton)/Training/HARn/28_Jog_in_place/user24/3-2-2",119.0,159.0,41.0,17147240.816,17147244.816,10.0
train_harn,HARn/28_Jog_in_place/user24/3-2-3,user24,3-2-3,28_Jog_in_place,"/home/fluxx/Workspace/cuchx-large/hf_data_manual/LMT_(IMU,Radar,Skeleton)/Training/HARn/28_Jog_in_place/user24/3-2-3",195.0,245.0,51.0,17147480.416,17147485.416,10.0
train_harn,HARn/28_Jog_in_place/user3/2-1-1,user3,2-1-1,28_Jog_in_place,"/home/fluxx/Workspace/cuchx-large/hf_data_manual/LMT_(IMU,Radar,Skeleton)/Training/HARn/28_Jog_in_place/user3/2-1-1",44.0,97.0,54.0,14061174.316,14061179.616,9.99999999859423
train_harn,HARn/28_Jog_in_place/user3/2-1-2,user3,2-1-2,28_Jog_in_place,"/home/fluxx/Workspace/cuchx-large/hf_data_manual/LMT_(IMU,Radar,Skeleton)/Training/HARn/28_Jog_in_place/user3/2-1-2",26.0,78.0,53.0,14061945.516,14061950.716,10.000000001432804
train_harn,HARn/28_Jog_in_place/user3/2-1-3,user3,2-1-3,28_Jog_in_place,"/home/fluxx/Workspace/cuchx-large/hf_data_manual/LMT_(IMU,Radar,Skeleton)/Training/HARn/28_Jog_in_place/user3/2-1-3",28.0,64.0,37.0,14062095.716,14062099.316,10.000000001034802
train_harn,HARn/28_Jog_in_place/user4/3-2-1,user4,3-2-1,28_Jog_in_place,"/home/fluxx/Workspace/cuchx-large/hf_data_manual/LMT_(IMU,Radar,Skeleton)/Training/HARn/28_Jog_in_place/user4/3-2-1",179.0,224.0,46.0,14065848.816,14065853.316,10.0
train_harn,HARn/28_Jog_in_place/user4/3-2-2,user4,3-2-2,28_Jog_in_place,"/home/fluxx/Workspace/cuchx-large/hf_data_manual/LMT_(IMU,Radar,Skeleton)/Training/HARn/28_Jog_in_place/user4/3-2-2",181.0,219.0,39.0,14065983.016,14065986.816,10.000000002941018
train_harn,HARn/28_Jog_in_place/user4/3-2-3,user4,3-2-3,28_Jog_in_place,"/home/fluxx/Workspace/cuchx-large/hf_data_manual/LMT_(IMU,Radar,Skeleton)/Training/HARn/28_Jog_in_place/user4/3-2-3",131.0,161.0,31.0,14066087.016,14066090.016,10.0
train_harn,HARn/28_Jog_in_place/user6/4-1-1,user6,4-1-1,28_Jog_in_place,"/home/fluxx/Workspace/cuchx-large/hf_data_manual/LMT_(IMU,Radar,Skeleton)/Training/HARn/28_Jog_in_place/user6/4-1-1",200.0,219.0,20.0,16126815.916,16126817.816,9.999999998039321
train_harn,HARn/28_Jog_in_place/user6/4-1-2,user6,4-1-2,28_Jog_in_place,"/home/fluxx/Workspace/cuchx-large/hf_data_manual/LMT_(IMU,Radar,Skeleton)/Training/HARn/28_Jog_in_place/user6/4-1-2",182.0,195.0,14.0,16126947.116,16126948.416,10.000000008596825
train_harn,HARn/28_Jog_in_place/user6/4-1-3,user6,4-1-3,28_Jog_in_place,"/home/fluxx/Workspace/cuchx-large/hf_data_manual/LMT_(IMU,Radar,Skeleton)/Training/HARn/28_Jog_in_place/user6/4-1-3",168.0,174.0,7.0,16127058.716,16127059.316,10.000000006208817
train_harn,HARn/28_Jog_in_place/user7/3-1-1,user7,3-1-1,28_Jog_in_place,"/home/fluxx/Workspace/cuchx-large/hf_data_manual/LMT_(IMU,Radar,Skeleton)/Training/HARn/28_Jog_in_place/user7/3-1-1",152.0,203.0,52.0,16057690.116,16057695.216,10.000000000730449
train_harn,HARn/28_Jog_in_place/user7/3-1-2,user7,3-1-2,28_Jog_in_place,"/home/fluxx/Workspace/cuchx-large/hf_data_manual/LMT_(IMU,Radar,Skeleton)/Training/HARn/28_Jog_in_place/user7/3-1-2",118.0,149.0,32.0,16057782.716,16057785.816,10.000000001201707
train_harn,HARn/28_Jog_in_place/user7/3-1-3,user7,3-1-3,28_Jog_in_place,"/home/fluxx/Workspace/cuchx-large/hf_data_manual/LMT_(IMU,Radar,Skeleton)/Training/HARn/28_Jog_in_place/user7/3-1-3",79.0,107.0,29.0,16057865.816,16057868.616,9.999999997339078
train_harn,HARn/28_Jog_in_place/user8/5-1-1,user8,5-1-1,28_Jog_in_place,"/home/fluxx/Workspace/cuchx-large/hf_data_manual/LMT_(IMU,Radar,Skeleton)/Training/HARn/28_Jog_in_place/user8/5-1-1",20.0,53.0,34.0,16062342.916,16062346.216,9.999999997742249
train_harn,HARn/28_Jog_in_place/user8/5-1-2,user8,5-1-2,28_Jog_in_place,"/home/fluxx/Workspace/cuchx-large/hf_data_manual/LMT_(IMU,Radar,Skeleton)/Training/HARn/28_Jog_in_place/user8/5-1-2",21.0,44.0,24.0,16062445.016,16062447.316,10.000000004859075
train_harn,HARn/28_Jog_in_place/user8/5-1-3,user8,5-1-3,28_Jog_in_place,"/home/fluxx/Workspace/cuchx-large/hf_data_manual/LMT_(IMU,Radar,Skeleton)/Training/HARn/28_Jog_in_place/user8/5-1-3",20.0,51.0,32.0,16062535.916,16062539.016,9.999999995193173
train_harn,HARn/29_Do_squats/user1/1-1-1,user1,1-1-1,29_Do_squats,"/home/fluxx/Workspace/cuchx-large/hf_data_manual/LMT_(IMU,Radar,Skeleton)/Training/HARn/29_Do_squats/user1/1-1-1",532.0,581.0,50.0,14039370.116,14039375.016,9.999999999239737
train_harn,HARn/29_Do_squats/user1/1-1-2,user1,1-1-2,29_Do_squats,"/home/fluxx/Workspace/cuchx-large/hf_data_manual/LMT_(IMU,Radar,Skeleton)/Training/HARn/29_Do_squats/user1/1-1-2",500.0,553.0,54.0,14040069.916,14040075.216,9.99999999859423
train_harn,HARn/29_Do_squats/user1/1-1-3,user1,1-1-3,29_Do_squats,"/home/fluxx/Workspace/cuchx-large/hf_data_manual/LMT_(IMU,Radar,Skeleton)/Training/HARn/29_Do_squats/user1/1-1-3",199.0,224.0,26.0,14040345.816,14040348.316,10.0
train_harn,HARn/29_Do_squats/user1/3-2-1,user1,3-2-1,29_Do_squats,"/home/fluxx/Workspace/cuchx-large/hf_data_manual/LMT_(IMU,Radar,Skeleton)/Training/HARn/29_Do_squats/user1/3-2-1",493.0,526.0,34.0,14043323.216,14043326.516,9.999999997742249
train_harn,HARn/29_Do_squats/user1/3-2-2,user1,3-2-2,29_Do_squats,"/home/fluxx/Workspace/cuchx-large/hf_data_manual/LMT_(IMU,Radar,Skeleton)/Training/HARn/29_Do_squats/user1/3-2-2",512.0,575.0,64.0,14043713.116,14043719.416,10.000000001773948
train_harn,HARn/29_Do_squats/user1/3-2-3,user1,3-2-3,29_Do_squats,"/home/fluxx/Workspace/cuchx-large/hf_data_manual/LMT_(IMU,Radar,Skeleton)/Training/HARn/29_Do_squats/user1/3-2-3",335.0,385.0,51.0,14043978.416,14043983.416,10.0
train_harn,HARn/29_Do_squats/user16/3-1-1,user16,3-1-1,29_Do_squats,"/home/fluxx/Workspace/cuchx-large/hf_data_manual/LMT_(IMU,Radar,Skeleton)/Training/HARn/29_Do_squats/user16/3-1-1",141.0,210.0,70.0,16886780.016,16886786.916,9.999999996760618
train_harn,HARn/29_Do_squats/user16/3-1-2,user16,3-1-2,29_Do_squats,"/home/fluxx/Workspace/cuchx-large/hf_data_manual/LMT_(IMU,Radar,Skeleton)/Training/HARn/29_Do_squats/user16/3-1-2",173.0,231.0,59.0,16886992.216,16886998.016,9.999999998715417
train_harn,HARn/29_Do_squats/user16/3-1-3,user16,3-1-3,29_Do_squats,"/home/fluxx/Workspace/cuchx-large/hf_data_manual/LMT_(IMU,Radar,Skeleton)/Training/HARn/29_Do_squats/user16/3-1-3",102.0,133.0,32.0,16887096.116,16887099.216,10.00000000721024
train_harn,HARn/29_Do_squats/user17/4-1-1,user17,4-1-1,29_Do_squats,"/home/fluxx/Workspace/cuchx-large/hf_data_manual/LMT_(IMU,Radar,Skeleton)/Training/HARn/29_Do_squats/user17/4-1-1",302.0,347.0,46.0,16910606.116,16910610.616,10.0
train_harn,HARn/29_Do_squats/user17/4-1-2,user17,4-1-2,29_Do_squats,"/home/fluxx/Workspace/cuchx-large/hf_data_manual/LMT_(IMU,Radar,Skeleton)/Training/HARn/29_Do_squats/user17/4-1-2",275.0,296.0,22.0,16910748.416,16910750.516,10.000000010643687
train_harn,HARn/29_Do_squats/user17/4-1-3,user17,4-1-3,29_Do_squats,"/home/fluxx/Workspace/cuchx-large/hf_data_manual/LMT_(IMU,Radar,Skeleton)/Training/HARn/29_Do_squats/user17/4-1-3",207.0,228.0,22.0,16910857.616,16910859.716,10.000000010643687
train_harn,HARn/29_Do_squats/user18/6-1-1,user18,6-1-1,29_Do_squats,"/home/fluxx/Workspace/cuchx-large/hf_data_manual/LMT_(IMU,Radar,Skeleton)/Training/HARn/29_Do_squats/user18/6-1-1",232.0,270.0,39.0,16909836.116,16909839.916,9.999999998039321
train_harn,HARn/29_Do_squats/user18/6-1-2,user18,6-1-2,29_Do_squats,"/home/fluxx/Workspace/cuchx-large/hf_data_manual/LMT_(IMU,Radar,Skeleton)/Training/HARn/29_Do_squats/user18/6-1-2",175.0,205.0,31.0,16909911.416,16909914.416,10.0
train_harn,HARn/29_Do_squats/user18/6-1-3,user18,6-1-3,29_Do_squats,"/home/fluxx/Workspace/cuchx-large/hf_data_manual/LMT_(IMU,Radar,Skeleton)/Training/HARn/29_Do_squats/user18/6-1-3",184.0,211.0,28.0,16910132.316,16910135.016,10.000000002759474
train_harn,HARn/29_Do_squats/user19/2-2-1,user19,2-2-1,29_Do_squats,"/home/fluxx/Workspace/cuchx-large/hf_data_manual/LMT_(IMU,Radar,Skeleton)/Training/HARn/29_Do_squats/user19/2-2-1",52.0,89.0,38.0,16905682.116,16905685.816,10.000000002013671
train_harn,HARn/29_Do_squats/user19/2-2-2,user19,2-2-2,29_Do_squats,"/home/fluxx/Workspace/cuchx-large/hf_data_manual/LMT_(IMU,Radar,Skeleton)/Training/HARn/29_Do_squats/user19/2-2-2",34.0,66.0,33.0,16905770.316,16905773.516,10.000000002328306
train_harn,HARn/29_Do_squats/user19/2-2-3,user19,2-2-3,29_Do_squats,"/home/fluxx/Workspace/cuchx-large/hf_data_manual/LMT_(IMU,Radar,Skeleton)/Training/HARn/29_Do_squats/user19/2-2-3",31.0,48.0,18.0,16905844.016,16905845.716,10.000000004382695
train_harn,HARn/29_Do_squats/user19/3-3-1,user19,3-3-1,29_Do_squats,"/home/fluxx/Workspace/cuchx-large/hf_data_manual/LMT_(IMU,Radar,Skeleton)/Training/HARn/29_Do_squats/user19/3-3-1",197.0,235.0,39.0,16900893.616,16900897.416,9.999999998039321
train_harn,HARn/29_Do_squats/user19/3-3-2,user19,3-3-2,29_Do_squats,"/home/fluxx/Workspace/cuchx-large/hf_data_manual/LMT_(IMU,Radar,Skeleton)/Training/HARn/29_Do_squats/user19/3-3-2",143.0,163.0,21.0,16900982.216,16900984.216,10.0
train_harn,HARn/29_Do_squats/user19/3-3-3,user19,3-3-3,29_Do_squats,"/home/fluxx/Workspace/cuchx-large/hf_data_manual/LMT_(IMU,Radar,Skeleton)/Training/HARn/29_Do_squats/user19/3-3-3",88.0,101.0,14.0,16901056.716,16901058.016,9.999999994268784
train_harn,HARn/29_Do_squats/user19/4-2-1,user19,4-2-1,29_Do_squats,"/home/fluxx/Workspace/cuchx-large/hf_data_manual/LMT_(IMU,Radar,Skeleton)/Training/HARn/29_Do_squats/user19/4-2-1",53.0,74.0,22.0,16901214.216,16901216.316,9.99999999290421
train_harn,HARn/29_Do_squats/user19/4-2-2,user19,4-2-2,29_Do_squats,"/home/fluxx/Workspace/cuchx-large/hf_data_manual/LMT_(IMU,Radar,Skeleton)/Training/HARn/29_Do_squats/user19/4-2-2",39.0,59.0,21.0,16901320.816,16901322.816,10.0
train_harn,HARn/29_Do_squats/user19/4-2-3,user19,4-2-3,29_Do_squats,"/home/fluxx/Workspace/cuchx-large/hf_data_manual/LMT_(IMU,Radar,Skeleton)/Training/HARn/29_Do_squats/user19/4-2-3",30.0,45.0,16.0,16901378.916,16901380.416,10.0
train_harn,HARn/29_Do_squats/user19/5-3-1,user19,5-3-1,29_Do_squats,"/home/fluxx/Workspace/cuchx-large/hf_data_manual/LMT_(IMU,Radar,Skeleton)/Training/HARn/29_Do_squats/user19/5-3-1",33.0,59.0,27.0,16907139.216,16907141.816,9.999999994268784
train_harn,HARn/29_Do_squats/user19/5-3-2,user19,5-3-2,29_Do_squats,"/home/fluxx/Workspace/cuchx-large/hf_data_manual/LMT_(IMU,Radar,Skeleton)/Training/HARn/29_Do_squats/user19/5-3-2",36.0,63.0,28.0,16907206.516,16907209.216,10.000000002759474
train_harn,HARn/29_Do_squats/user19/5-3-3,user19,5-3-3,29_Do_squats,"/home/fluxx/Workspace/cuchx-large/hf_data_manual/LMT_(IMU,Radar,Skeleton)/Training/HARn/29_Do_squats/user19/5-3-3",23.0,37.0,15.0,16907278.216,16907279.616,9.99999998403447
train_harn,HARn/29_Do_squats/user2/2-2-1,user2,2-2-1,29_Do_squats,"/home/fluxx/Workspace/cuchx-large/hf_data_manual/LMT_(IMU,Radar,Skeleton)/Training/HARn/29_Do_squats/user2/2-2-1",424.0,484.0,61.0,14053695.316,14053701.316,10.0
train_harn,HARn/29_Do_squats/user2/2-2-2,user2,2-2-2,29_Do_squats,"/home/fluxx/Workspace/cuchx-large/hf_data_manual/LMT_(IMU,Radar,Skeleton)/Training/HARn/29_Do_squats/user2/2-2-2",318.0,386.0,69.0,14053936.716,14053943.516,9.999999998904327
train_harn,HARn/29_Do_squats/user2/2-2-3,user2,2-2-3,29_Do_squats,"/home/fluxx/Workspace/cuchx-large/hf_data_manual/LMT_(IMU,Radar,Skeleton)/Training/HARn/29_Do_squats/user2/2-2-3",166.0,207.0,42.0,14054149.516,14054153.616,10.000000000908607
train_harn,HARn/29_Do_squats/user2/5-1-1,user2,5-1-1,29_Do_squats,"/home/fluxx/Workspace/cuchx-large/hf_data_manual/LMT_(IMU,Radar,Skeleton)/Training/HARn/29_Do_squats/user2/5-1-1",154.0,230.0,77.0,14056950.316,14056957.916,10.00000000049017
train_harn,HARn/29_Do_squats/user2/5-1-2,user2,5-1-2,29_Do_squats,"/home/fluxx/Workspace/cuchx-large/hf_data_manual/LMT_(IMU,Radar,Skeleton)/Training/HARn/29_Do_squats/user2/5-1-2",137.0,198.0,62.0,14057122.616,14057128.716,10.000000000610703
train_harn,HARn/29_Do_squats/user2/5-1-3,user2,5-1-3,29_Do_squats,"/home/fluxx/Workspace/cuchx-large/hf_data_manual/LMT_(IMU,Radar,Skeleton)/Training/HARn/29_Do_squats/user2/5-1-3",107.0,145.0,39.0,14057248.616,14057252.416,10.000000002941018
train_harn,HARn/29_Do_squats/user20/1-2-1,user20,1-2-1,29_Do_squats,"/home/fluxx/Workspace/cuchx-large/hf_data_manual/LMT_(IMU,Radar,Skeleton)/Training/HARn/29_Do_squats/user20/1-2-1",194.0,212.0,19.0,16903812.316,16903814.116,9.999999995860788
train_harn,HARn/29_Do_squats/user20/1-2-2,user20,1-2-2,29_Do_squats,"/home/fluxx/Workspace/cuchx-large/hf_data_manual/LMT_(IMU,Radar,Skeleton)/Training/HARn/29_Do_squats/user20/1-2-2",48.0,65.0,18.0,16903907.716,16903909.416,9.999999982469221
train_harn,HARn/29_Do_squats/user20/1-2-3,user20,1-2-3,29_Do_squats,"/home/fluxx/Workspace/cuchx-large/hf_data_manual/LMT_(IMU,Radar,Skeleton)/Training/HARn/29_Do_squats/user20/1-2-3",55.0,71.0,17.0,16904131.416,16904133.016,10.000000013969839
train_harn,HARn/29_Do_squats/user20/6-1-1,user20,6-1-1,29_Do_squats,"/home/fluxx/Workspace/cuchx-large/hf_data_manual/LMT_(IMU,Radar,Skeleton)/Training/HARn/29_Do_squats/user20/6-1-1",75.0,111.0,37.0,16902331.416,16902335.016,10.000000006208817
train_harn,HARn/29_Do_squats/user20/6-1-2,user20,6-1-2,29_Do_squats,"/home/fluxx/Workspace/cuchx-large/hf_data_manual/LMT_(IMU,Radar,Skeleton)/Training/HARn/29_Do_squats/user20/6-1-2",51.0,69.0,19.0,16902396.016,16902397.816,9.999999995860788
train_harn,HARn/29_Do_squats/user20/6-1-3,user20,6-1-3,29_Do_squats,"/home/fluxx/Workspace/cuchx-large/hf_data_manual/LMT_(IMU,Radar,Skeleton)/Training/HARn/29_Do_squats/user20/6-1-3",60.0,97.0,38.0,16902473.916,16902477.616,10.000000002013671
train_harn,HARn/29_Do_squats/user21/3-2-1,user21,3-2-1,29_Do_squats,"/home/fluxx/Workspace/cuchx-large/hf_data_manual/LMT_(IMU,Radar,Skeleton)/Training/HARn/29_Do_squats/user21/3-2-1",56.0,72.0,17.0,17165158.516,17165160.116,9.999999990686774
train_harn,HARn/29_Do_squats/user21/3-2-2,user21,3-2-2,29_Do_squats,"/home/fluxx/Workspace/cuchx-large/hf_data_manual/LMT_(IMU,Radar,Skeleton)/Training/HARn/29_Do_squats/user21/3-2-2",59.0,84.0,26.0,17165517.816,17165520.316,10.0
train_harn,HARn/29_Do_squats/user21/3-2-3,user21,3-2-3,29_Do_squats,"/home/fluxx/Workspace/cuchx-large/hf_data_manual/LMT_(IMU,Radar,Skeleton)/Training/HARn/29_Do_squats/user21/3-2-3",52.0,69.0,18.0,17165627.116,17165628.816,10.000000004382695
train_harn,HARn/29_Do_squats/user22/6-2-1,user22,6-2-1,29_Do_squats,"/home/fluxx/Workspace/cuchx-large/hf_data_manual/LMT_(IMU,Radar,Skeleton)/Training/HARn/29_Do_squats/user22/6-2-1",137.0,147.0,11.0,17085622.616,17085623.616,10.0
train_harn,HARn/29_Do_squats/user22/6-2-2,user22,6-2-2,29_Do_squats,"/home/fluxx/Workspace/cuchx-large/hf_data_manual/LMT_(IMU,Radar,Skeleton)/Training/HARn/29_Do_squats/user22/6-2-2",68.0,103.0,36.0,17085756.716,17085760.216,10.0
train_harn,HARn/29_Do_squats/user22/6-2-3,user22,6-2-3,29_Do_squats,"/home/fluxx/Workspace/cuchx-large/hf_data_manual/LMT_(IMU,Radar,Skeleton)/Training/HARn/29_Do_squats/user22/6-2-3",56.0,96.0,41.0,17085845.516,17085849.516,10.0
train_harn,HARn/29_Do_squats/user23/1-2-1,user23,1-2-1,29_Do_squats,"/home/fluxx/Workspace/cuchx-large/hf_data_manual/LMT_(IMU,Radar,Skeleton)/Training/HARn/29_Do_squats/user23/1-2-1",54.0,84.0,31.0,17167111.316,17167114.316,10.0
train_harn,HARn/29_Do_squats/user23/1-2-2,user23,1-2-2,29_Do_squats,"/home/fluxx/Workspace/cuchx-large/hf_data_manual/LMT_(IMU,Radar,Skeleton)/Training/HARn/29_Do_squats/user23/1-2-2",22.0,51.0,30.0,17167401.116,17167404.016,10.00000000513833
train_harn,HARn/29_Do_squats/user23/1-2-3,user23,1-2-3,29_Do_squats,"/home/fluxx/Workspace/cuchx-large/hf_data_manual/LMT_(IMU,Radar,Skeleton)/Training/HARn/29_Do_squats/user23/1-2-3",39.0,60.0,22.0,17167467.816,17167469.916,9.99999999290421
train_harn,HARn/29_Do_squats/user23/6-1-1,user23,6-1-1,29_Do_squats,"/home/fluxx/Workspace/cuchx-large/hf_data_manual/LMT_(IMU,Radar,Skeleton)/Training/HARn/29_Do_squats/user23/6-1-1",57.0,90.0,34.0,17168914.616,17168917.916,9.999999997742249
train_harn,HARn/29_Do_squats/user23/6-1-2,user23,6-1-2,29_Do_squats,"/home/fluxx/Workspace/cuchx-large/hf_data_manual/LMT_(IMU,Radar,Skeleton)/Training/HARn/29_Do_squats/user23/6-1-2",64.0,80.0,17.0,17168999.316,17169000.916,9.999999990686774
train_harn,HARn/29_Do_squats/user23/6-1-3,user23,6-1-3,29_Do_squats,"/home/fluxx/Workspace/cuchx-large/hf_data_manual/LMT_(IMU,Radar,Skeleton)/Training/HARn/29_Do_squats/user23/6-1-3",56.0,83.0,28.0,17169061.516,17169064.216,10.000000002759474
train_harn,HARn/29_Do_squats/user23/6-3-1,user23,6-3-1,29_Do_squats,"/home/fluxx/Workspace/cuchx-large/hf_data_manual/LMT_(IMU,Radar,Skeleton)/Training/HARn/29_Do_squats/user23/6-3-1",27.0,87.0,61.0,17169200.616,17169206.616,10.0
train_harn,HARn/29_Do_squats/user23/6-3-2,user23,6-3-2,29_Do_squats,"/home/fluxx/Workspace/cuchx-large/hf_data_manual/LMT_(IMU,Radar,Skeleton)/Training/HARn/29_Do_squats/user23/6-3-2",13.0,43.0,31.0,17169306.216,17169309.216,10.0
train_harn,HARn/29_Do_squats/user23/6-3-3,user23,6-3-3,29_Do_squats,"/home/fluxx/Workspace/cuchx-large/hf_data_manual/LMT_(IMU,Radar,Skeleton)/Training/HARn/29_Do_squats/user23/6-3-3",27.0,57.0,31.0,17169381.616,17169384.616,10.0
train_harn,HARn/29_Do_squats/user24/6-3-1,user24,6-3-1,29_Do_squats,"/home/fluxx/Workspace/cuchx-large/hf_data_manual/LMT_(IMU,Radar,Skeleton)/Training/HARn/29_Do_squats/user24/6-3-1",33.0,104.0,72.0,17232181.216,17232188.316,9.999999997901245
train_harn,HARn/29_Do_squats/user24/6-3-2,user24,6-3-2,29_Do_squats,"/home/fluxx/Workspace/cuchx-large/hf_data_manual/LMT_(IMU,Radar,Skeleton)/Training/HARn/29_Do_squats/user24/6-3-2",23.0,85.0,63.0,17232252.216,17232258.416,9.999999995193173
train_harn,HARn/29_Do_squats/user24/6-3-3,user24,6-3-3,29_Do_squats,"/home/fluxx/Workspace/cuchx-large/hf_data_manual/LMT_(IMU,Radar,Skeleton)/Training/HARn/29_Do_squats/user24/6-3-3",19.0,58.0,40.0,17232335.816,17232339.716,10.00000000382081
train_harn,HARn/29_Do_squats/user3/2-1-1,user3,2-1-1,29_Do_squats,"/home/fluxx/Workspace/cuchx-large/hf_data_manual/LMT_(IMU,Radar,Skeleton)/Training/HARn/29_Do_squats/user3/2-1-1",104.0,158.0,55.0,14061180.316,14061185.716,9.999999999310132
train_harn,HARn/29_Do_squats/user3/2-1-2,user3,2-1-2,29_Do_squats,"/home/fluxx/Workspace/cuchx-large/hf_data_manual/LMT_(IMU,Radar,Skeleton)/Training/HARn/29_Do_squats/user3/2-1-2",81.0,116.0,36.0,14061951.016,14061954.516,10.0
train_harn,HARn/29_Do_squats/user3/2-1-3,user3,2-1-3,29_Do_squats,"/home/fluxx/Workspace/cuchx-large/hf_data_manual/LMT_(IMU,Radar,Skeleton)/Training/HARn/29_Do_squats/user3/2-1-3",66.0,92.0,27.0,14062099.516,14062102.116,10.000000001432804
train_harn,HARn/29_Do_squats/user6/3-1-1,user6,3-1-1,29_Do_squats,"/home/fluxx/Workspace/cuchx-large/hf_data_manual/LMT_(IMU,Radar,Skeleton)/Training/HARn/29_Do_squats/user6/3-1-1",278.0,294.0,17.0,16053011.716,16053013.316,10.000000002328306
train_harn,HARn/29_Do_squats/user6/3-1-2,user6,3-1-2,29_Do_squats,"/home/fluxx/Workspace/cuchx-large/hf_data_manual/LMT_(IMU,Radar,Skeleton)/Training/HARn/29_Do_squats/user6/3-1-2",138.0,184.0,47.0,16053140.716,16053145.316,10.000000000809846
train_harn,HARn/29_Do_squats/user6/3-1-3,user6,3-1-3,29_Do_squats,"/home/fluxx/Workspace/cuchx-large/hf_data_manual/LMT_(IMU,Radar,Skeleton)/Training/HARn/29_Do_squats/user6/3-1-3",75.0,90.0,16.0,16053225.416,16053226.916,10.0
train_harn,HARn/29_Do_squats/user7/4-1-1,user7,4-1-1,29_Do_squats,"/home/fluxx/Workspace/cuchx-large/hf_data_manual/LMT_(IMU,Radar,Skeleton)/Training/HARn/29_Do_squats/user7/4-1-1",197.0,230.0,34.0,16125139.616,16125142.916,10.000000003386628
train_harn,HARn/29_Do_squats/user7/4-1-2,user7,4-1-2,29_Do_squats,"/home/fluxx/Workspace/cuchx-large/hf_data_manual/LMT_(IMU,Radar,Skeleton)/Training/HARn/29_Do_squats/user7/4-1-2",147.0,151.0,5.0,16125270.616,16125271.016,9.999999990686774
train_harn,HARn/29_Do_squats/user7/4-1-3,user7,4-1-3,29_Do_squats,"/home/fluxx/Workspace/cuchx-large/hf_data_manual/LMT_(IMU,Radar,Skeleton)/Training/HARn/29_Do_squats/user7/4-1-3",124.0,137.0,14.0,16125420.316,16125421.616,9.999999994268784
train_harn,HARn/29_Do_squats/user9/2-2-1,user9,2-2-1,29_Do_squats,"/home/fluxx/Workspace/cuchx-large/hf_data_manual/LMT_(IMU,Radar,Skeleton)/Training/HARn/29_Do_squats/user9/2-2-1",52.0,73.0,22.0,16130042.116,16130044.216,10.000000001773948
train_harn,HARn/29_Do_squats/user9/2-2-2,user9,2-2-2,29_Do_squats,"/home/fluxx/Workspace/cuchx-large/hf_data_manual/LMT_(IMU,Radar,Skeleton)/Training/HARn/29_Do_squats/user9/2-2-2",47.0,65.0,19.0,16130146.616,16130148.416,10.000000006208817
train_harn,HARn/29_Do_squats/user9/2-2-3,user9,2-2-3,29_Do_squats,"/home/fluxx/Workspace/cuchx-large/hf_data_manual/LMT_(IMU,Radar,Skeleton)/Training/HARn/29_Do_squats/user9/2-2-3",27.0,42.0,16.0,16130257.616,16130259.116,10.0
train_harn,HARn/29_Do_squats/user9/3-3-1,user9,3-3-1,29_Do_squats,"/home/fluxx/Workspace/cuchx-large/hf_data_manual/LMT_(IMU,Radar,Skeleton)/Training/HARn/29_Do_squats/user9/3-3-1",220.0,227.0,8.0,16105720.916,16105721.616,9.99999998403447
train_harn,HARn/29_Do_squats/user9/3-3-2,user9,3-3-2,29_Do_squats,"/home/fluxx/Workspace/cuchx-large/hf_data_manual/LMT_(IMU,Radar,Skeleton)/Training/HARn/29_Do_squats/user9/3-3-2",192.0,200.0,9.0,16106053.116,16106053.916,10.000000013969839
train_harn,HARn/29_Do_squats/user9/3-3-3,user9,3-3-3,29_Do_squats,"/home/fluxx/Workspace/cuchx-large/hf_data_manual/LMT_(IMU,Radar,Skeleton)/Training/HARn/29_Do_squats/user9/3-3-3",130.0,144.0,15.0,16106170.916,16106172.316,9.999999997339078
train_harn,HARn/29_Do_squats/user9/4-2-2,user9,4-2-2,29_Do_squats,"/home/fluxx/Workspace/cuchx-large/hf_data_manual/LMT_(IMU,Radar,Skeleton)/Training/HARn/29_Do_squats/user9/4-2-2",58.0,72.0,15.0,16106465.716,16106467.116,9.999999997339078
train_harn,HARn/29_Do_squats/user9/4-2-3,user9,4-2-3,29_Do_squats,"/home/fluxx/Workspace/cuchx-large/hf_data_manual/LMT_(IMU,Radar,Skeleton)/Training/HARn/29_Do_squats/user9/4-2-3",38.0,51.0,14.0,16106551.716,16106553.016,9.999999994268784
train_harn,HARn/29_Do_squats/user9/5-3-1,user9,5-3-1,29_Do_squats,"/home/fluxx/Workspace/cuchx-large/hf_data_manual/LMT_(IMU,Radar,Skeleton)/Training/HARn/29_Do_squats/user9/5-3-1",45.0,62.0,18.0,16131879.416,16131881.116,9.99999999342596
train_harn,HARn/29_Do_squats/user9/5-3-2,user9,5-3-2,29_Do_squats,"/home/fluxx/Workspace/cuchx-large/hf_data_manual/LMT_(IMU,Radar,Skeleton)/Training/HARn/29_Do_squats/user9/5-3-2",42.0,59.0,18.0,16131981.116,16131982.816,10.000000004382695
train_harn,HARn/29_Do_squats/user9/5-3-3,user9,5-3-3,29_Do_squats,"/home/fluxx/Workspace/cuchx-large/hf_data_manual/LMT_(IMU,Radar,Skeleton)/Training/HARn/29_Do_squats/user9/5-3-3",47.0,60.0,14.0,16132088.616,16132089.916,10.000000008596825
train_harn,HARn/2_Comb_hair/user1/1-1-1,user1,1-1-1,2_Comb_hair,"/home/fluxx/Workspace/cuchx-large/hf_data_manual/LMT_(IMU,Radar,Skeleton)/Training/HARn/2_Comb_hair/user1/1-1-1",188.0,243.0,56.0,14039335.716,14039341.216,10.0
train_harn,HARn/2_Comb_hair/user1/1-1-2,user1,1-1-2,2_Comb_hair,"/home/fluxx/Workspace/cuchx-large/hf_data_manual/LMT_(IMU,Radar,Skeleton)/Training/HARn/2_Comb_hair/user1/1-1-2",227.0,279.0,53.0,14040042.616,14040047.816,10.000000001432804
train_harn,HARn/2_Comb_hair/user1/1-1-3,user1,1-1-3,2_Comb_hair,"/home/fluxx/Workspace/cuchx-large/hf_data_manual/LMT_(IMU,Radar,Skeleton)/Training/HARn/2_Comb_hair/user1/1-1-3",95.0,110.0,16.0,14040335.416,14040336.916,10.0
train_harn,HARn/2_Comb_hair/user16/2-2-1,user16,2-2-1,2_Comb_hair,"/home/fluxx/Workspace/cuchx-large/hf_data_manual/LMT_(IMU,Radar,Skeleton)/Training/HARn/2_Comb_hair/user16/2-2-1",86.0,117.0,32.0,16973307.516,16973310.616,9.999999995193173
train_harn,HARn/2_Comb_hair/user16/2-2-2,user16,2-2-2,2_Comb_hair,"/home/fluxx/Workspace/cuchx-large/hf_data_manual/LMT_(IMU,Radar,Skeleton)/Training/HARn/2_Comb_hair/user16/2-2-2",46.0,90.0,45.0,16973491.516,16973495.916,9.999999994920058
train_harn,HARn/2_Comb_hair/user16/2-2-3,user16,2-2-3,2_Comb_hair,"/home/fluxx/Workspace/cuchx-large/hf_data_manual/LMT_(IMU,Radar,Skeleton)/Training/HARn/2_Comb_hair/user16/2-2-3",58.0,74.0,17.0,16973577.716,16973579.316,9.999999990686774
train_harn,HARn/2_Comb_hair/user17/1-1-1,user17,1-1-1,2_Comb_hair,"/home/fluxx/Workspace/cuchx-large/hf_data_manual/LMT_(IMU,Radar,Skeleton)/Training/HARn/2_Comb_hair/user17/1-1-1",154.0,223.0,70.0,16973902.316,16973909.216,10.000000002159588
train_harn,HARn/2_Comb_hair/user17/1-1-2,user17,1-1-2,2_Comb_hair,"/home/fluxx/Workspace/cuchx-large/hf_data_manual/LMT_(IMU,Radar,Skeleton)/Training/HARn/2_Comb_hair/user17/1-1-2",122.0,132.0,11.0,16973999.116,16974000.116,10.0
train_harn,HARn/2_Comb_hair/user17/1-1-3,user17,1-1-3,2_Comb_hair,"/home/fluxx/Workspace/cuchx-large/hf_data_manual/LMT_(IMU,Radar,Skeleton)/Training/HARn/2_Comb_hair/user17/1-1-3",100.0,120.0,21.0,16974076.916,16974078.916,10.0
train_harn,HARn/2_Comb_hair/user18/7-1-1,user18,7-1-1,2_Comb_hair,"/home/fluxx/Workspace/cuchx-large/hf_data_manual/LMT_(IMU,Radar,Skeleton)/Training/HARn/2_Comb_hair/user18/7-1-1",250.0,273.0,24.0,16975767.916,16975770.216,10.000000012957532
train_harn,HARn/2_Comb_hair/user18/7-1-2,user18,7-1-2,2_Comb_hair,"/home/fluxx/Workspace/cuchx-large/hf_data_manual/LMT_(IMU,Radar,Skeleton)/Training/HARn/2_Comb_hair/user18/7-1-2",134.0,146.0,13.0,16975880.316,16975881.516,10.000000006208817
train_harn,HARn/2_Comb_hair/user18/7-1-3,user18,7-1-3,2_Comb_hair,"/home/fluxx/Workspace/cuchx-large/hf_data_manual/LMT_(IMU,Radar,Skeleton)/Training/HARn/2_Comb_hair/user18/7-1-3",71.0,76.0,6.0,16975995.016,16975995.516,10.0
train_harn,HARn/2_Comb_hair/user19/1-1-1,user19,1-1-1,2_Comb_hair,"/home/fluxx/Workspace/cuchx-large/hf_data_manual/LMT_(IMU,Radar,Skeleton)/Training/HARn/2_Comb_hair/user19/1-1-1",121.0,131.0,11.0,16974957.016,16974958.016,10.0
train_harn,HARn/2_Comb_hair/user19/1-1-2,user19,1-1-2,2_Comb_hair,"/home/fluxx/Workspace/cuchx-large/hf_data_manual/LMT_(IMU,Radar,Skeleton)/Training/HARn/2_Comb_hair/user19/1-1-2",116.0,125.0,10.0,16975061.516,16975062.416,9.999999975164732
train_harn,HARn/2_Comb_hair/user19/1-1-3,user19,1-1-3,2_Comb_hair,"/home/fluxx/Workspace/cuchx-large/hf_data_manual/LMT_(IMU,Radar,Skeleton)/Training/HARn/2_Comb_hair/user19/1-1-3",102.0,114.0,13.0,16975149.116,16975150.316,10.000000006208817
train_harn,HARn/2_Comb_hair/user20/1-1-1,user20,1-1-1,2_Comb_hair,"/home/fluxx/Workspace/cuchx-large/hf_data_manual/LMT_(IMU,Radar,Skeleton)/Training/HARn/2_Comb_hair/user20/1-1-1",49.0,73.0,25.0,17056151.816,17056154.216,10.000000006208817
train_harn,HARn/2_Comb_hair/user20/1-1-2,user20,1-1-2,2_Comb_hair,"/home/fluxx/Workspace/cuchx-large/hf_data_manual/LMT_(IMU,Radar,Skeleton)/Training/HARn/2_Comb_hair/user20/1-1-2",27.0,46.0,20.0,17056391.616,17056393.516,10.000000007842717
train_harn,HARn/2_Comb_hair/user20/1-1-3,user20,1-1-3,2_Comb_hair,"/home/fluxx/Workspace/cuchx-large/hf_data_manual/LMT_(IMU,Radar,Skeleton)/Training/HARn/2_Comb_hair/user20/1-1-3",40.0,64.0,25.0,17057101.916,17057104.316,10.000000006208817
train_harn,HARn/2_Comb_hair/user20/4-2-1,user20,4-2-1,2_Comb_hair,"/home/fluxx/Workspace/cuchx-large/hf_data_manual/LMT_(IMU,Radar,Skeleton)/Training/HARn/2_Comb_hair/user20/4-2-1",168.0,180.0,13.0,17057256.716,17057257.916,9.999999975164732
train_harn,HARn/2_Comb_hair/user20/4-2-2,user20,4-2-2,2_Comb_hair,"/home/fluxx/Workspace/cuchx-large/hf_data_manual/LMT_(IMU,Radar,Skeleton)/Training/HARn/2_Comb_hair/user20/4-2-2",106.0,121.0,16.0,17057411.516,17057413.016,10.0
train_harn,HARn/2_Comb_hair/user20/4-2-3,user20,4-2-3,2_Comb_hair,"/home/fluxx/Workspace/cuchx-large/hf_data_manual/LMT_(IMU,Radar,Skeleton)/Training/HARn/2_Comb_hair/user20/4-2-3",156.0,173.0,18.0,17057519.516,17057521.216,10.000000004382695
train_harn,HARn/2_Comb_hair/user21/4-2-1,user21,4-2-1,2_Comb_hair,"/home/fluxx/Workspace/cuchx-large/hf_data_manual/LMT_(IMU,Radar,Skeleton)/Training/HARn/2_Comb_hair/user21/4-2-1",119.0,134.0,16.0,17254011.816,17254013.316,10.0
train_harn,HARn/2_Comb_hair/user21/4-2-2,user21,4-2-2,2_Comb_hair,"/home/fluxx/Workspace/cuchx-large/hf_data_manual/LMT_(IMU,Radar,Skeleton)/Training/HARn/2_Comb_hair/user21/4-2-2",63.0,73.0,11.0,17254073.216,17254074.216,10.0
train_harn,HARn/2_Comb_hair/user21/4-2-3,user21,4-2-3,2_Comb_hair,"/home/fluxx/Workspace/cuchx-large/hf_data_manual/LMT_(IMU,Radar,Skeleton)/Training/HARn/2_Comb_hair/user21/4-2-3",61.0,67.0,7.0,17254128.016,17254128.616,9.999999975164732
train_harn,HARn/2_Comb_hair/user22/1-2-1,user22,1-2-1,2_Comb_hair,"/home/fluxx/Workspace/cuchx-large/hf_data_manual/LMT_(IMU,Radar,Skeleton)/Training/HARn/2_Comb_hair/user22/1-2-1",83.0,99.0,17.0,17169812.216,17169813.816,9.999999990686774
train_harn,HARn/2_Comb_hair/user22/1-2-2,user22,1-2-2,2_Comb_hair,"/home/fluxx/Workspace/cuchx-large/hf_data_manual/LMT_(IMU,Radar,Skeleton)/Training/HARn/2_Comb_hair/user22/1-2-2",78.0,83.0,6.0,17170704.716,17170705.216,10.0
train_harn,HARn/2_Comb_hair/user22/1-2-3,user22,1-2-3,2_Comb_hair,"/home/fluxx/Workspace/cuchx-large/hf_data_manual/LMT_(IMU,Radar,Skeleton)/Training/HARn/2_Comb_hair/user22/1-2-3",55.0,61.0,7.0,17170030.416,17170031.016,10.000000037252903
train_harn,HARn/2_Comb_hair/user22/2-2-1,user22,2-2-1,2_Comb_hair,"/home/fluxx/Workspace/cuchx-large/hf_data_manual/LMT_(IMU,Radar,Skeleton)/Training/HARn/2_Comb_hair/user22/2-2-1",132.0,144.0,13.0,17250245.116,17250246.316,10.000000006208817
train_harn,HARn/2_Comb_hair/user22/2-2-2,user22,2-2-2,2_Comb_hair,"/home/fluxx/Workspace/cuchx-large/hf_data_manual/LMT_(IMU,Radar,Skeleton)/Training/HARn/2_Comb_hair/user22/2-2-2",108.0,124.0,17.0,17250353.716,17250355.316,9.999999990686774
train_harn,HARn/2_Comb_hair/user22/2-2-3,user22,2-2-3,2_Comb_hair,"/home/fluxx/Workspace/cuchx-large/hf_data_manual/LMT_(IMU,Radar,Skeleton)/Training/HARn/2_Comb_hair/user22/2-2-3",67.0,74.0,8.0,17250440.616,17250441.316,10.000000010643687
train_harn,HARn/2_Comb_hair/user23/2-2-1,user23,2-2-1,2_Comb_hair,"/home/fluxx/Workspace/cuchx-large/hf_data_manual/LMT_(IMU,Radar,Skeleton)/Training/HARn/2_Comb_hair/user23/2-2-1",39.0,74.0,36.0,17242951.816,17242955.316,10.0
train_harn,HARn/2_Comb_hair/user23/2-2-2,user23,2-2-2,2_Comb_hair,"/home/fluxx/Workspace/cuchx-large/hf_data_manual/LMT_(IMU,Radar,Skeleton)/Training/HARn/2_Comb_hair/user23/2-2-2",52.0,79.0,28.0,17243018.116,17243020.816,10.000000002759474
train_harn,HARn/2_Comb_hair/user23/2-2-3,user23,2-2-3,2_Comb_hair,"/home/fluxx/Workspace/cuchx-large/hf_data_manual/LMT_(IMU,Radar,Skeleton)/Training/HARn/2_Comb_hair/user23/2-2-3",25.0,44.0,20.0,17243072.416,17243074.316,10.000000007842717
train_harn,HARn/2_Comb_hair/user24/7-1-1,user24,7-1-1,2_Comb_hair,"/home/fluxx/Workspace/cuchx-large/hf_data_manual/LMT_(IMU,Radar,Skeleton)/Training/HARn/2_Comb_hair/user24/7-1-1",95.0,107.0,13.0,17252259.416,17252260.616,10.000000006208817
train_harn,HARn/2_Comb_hair/user24/7-1-2,user24,7-1-2,2_Comb_hair,"/home/fluxx/Workspace/cuchx-large/hf_data_manual/LMT_(IMU,Radar,Skeleton)/Training/HARn/2_Comb_hair/user24/7-1-2",50.0,53.0,4.0,17252335.916,17252336.216,10.000000099341076
train_harn,HARn/2_Comb_hair/user24/7-1-3,user24,7-1-3,2_Comb_hair,"/home/fluxx/Workspace/cuchx-large/hf_data_manual/LMT_(IMU,Radar,Skeleton)/Training/HARn/2_Comb_hair/user24/7-1-3",73.0,78.0,6.0,17252398.216,17252398.716,10.0
train_harn,HARn/2_Comb_hair/user3/1-2-1,user3,1-2-1,2_Comb_hair,"/home/fluxx/Workspace/cuchx-large/hf_data_manual/LMT_(IMU,Radar,Skeleton)/Training/HARn/2_Comb_hair/user3/1-2-1",123.0,134.0,12.0,14141523.216,14141524.316,10.000000003386628
train_harn,HARn/2_Comb_hair/user3/1-2-3,user3,1-2-3,2_Comb_hair,"/home/fluxx/Workspace/cuchx-large/hf_data_manual/LMT_(IMU,Radar,Skeleton)/Training/HARn/2_Comb_hair/user3/1-2-3",82.0,86.0,5.0,14141734.116,14141734.516,9.999999990686774
train_harn,HARn/2_Comb_hair/user5/1-1-1,user5,1-1-1,2_Comb_hair,"/home/fluxx/Workspace/cuchx-large/hf_data_manual/LMT_(IMU,Radar,Skeleton)/Training/HARn/2_Comb_hair/user5/1-1-1",157.0,222.0,66.0,14123206.616,14123213.116,10.0
train_harn,HARn/2_Comb_hair/user5/1-1-2,user5,1-1-2,2_Comb_hair,"/home/fluxx/Workspace/cuchx-large/hf_data_manual/LMT_(IMU,Radar,Skeleton)/Training/HARn/2_Comb_hair/user5/1-1-2",100.0,178.0,79.0,14124519.916,14124527.716,9.999999999044798
train_harn,HARn/2_Comb_hair/user5/1-1-3,user5,1-1-3,2_Comb_hair,"/home/fluxx/Workspace/cuchx-large/hf_data_manual/LMT_(IMU,Radar,Skeleton)/Training/HARn/2_Comb_hair/user5/1-1-3",73.0,96.0,24.0,14124688.216,14124690.516,9.999999996760618
train_harn,HARn/2_Comb_hair/user5/7-1-1,user5,7-1-1,2_Comb_hair,"/home/fluxx/Workspace/cuchx-large/hf_data_manual/LMT_(IMU,Radar,Skeleton)/Training/HARn/2_Comb_hair/user5/7-1-1",302.0,371.0,70.0,14121962.116,14121969.016,9.999999999460103
train_harn,HARn/2_Comb_hair/user5/7-1-2,user5,7-1-2,2_Comb_hair,"/home/fluxx/Workspace/cuchx-large/hf_data_manual/LMT_(IMU,Radar,Skeleton)/Training/HARn/2_Comb_hair/user5/7-1-2",193.0,254.0,62.0,14122047.216,14122053.316,10.000000000610703
train_harn,HARn/2_Comb_hair/user5/7-1-3,user5,7-1-3,2_Comb_hair,"/home/fluxx/Workspace/cuchx-large/hf_data_manual/LMT_(IMU,Radar,Skeleton)/Training/HARn/2_Comb_hair/user5/7-1-3",173.0,231.0,59.0,14122129.216,14122135.016,9.999999998715417
train_harn,HARn/2_Comb_hair/user6/2-2-1,user6,2-2-1,2_Comb_hair,"/home/fluxx/Workspace/cuchx-large/hf_data_manual/LMT_(IMU,Radar,Skeleton)/Training/HARn/2_Comb_hair/user6/2-2-1",91.0,114.0,24.0,16134597.016,16134599.316,10.000000004859075
train_harn,HARn/2_Comb_hair/user6/2-2-2,user6,2-2-2,2_Comb_hair,"/home/fluxx/Workspace/cuchx-large/hf_data_manual/LMT_(IMU,Radar,Skeleton)/Training/HARn/2_Comb_hair/user6/2-2-2",56.0,92.0,37.0,16134678.516,16134682.116,10.000000001034802
train_harn,HARn/2_Comb_hair/user7/1-1-1,user7,1-1-1,2_Comb_hair,"/home/fluxx/Workspace/cuchx-large/hf_data_manual/LMT_(IMU,Radar,Skeleton)/Training/HARn/2_Comb_hair/user7/1-1-1",109.0,144.0,36.0,16135153.816,16135157.316,10.0
train_harn,HARn/2_Comb_hair/user7/1-1-2,user7,1-1-2,2_Comb_hair,"/home/fluxx/Workspace/cuchx-large/hf_data_manual/LMT_(IMU,Radar,Skeleton)/Training/HARn/2_Comb_hair/user7/1-1-2",70.0,83.0,14.0,16135275.916,16135277.216,9.999999994268784
train_harn,HARn/2_Comb_hair/user7/1-1-3,user7,1-1-3,2_Comb_hair,"/home/fluxx/Workspace/cuchx-large/hf_data_manual/LMT_(IMU,Radar,Skeleton)/Training/HARn/2_Comb_hair/user7/1-1-3",77.0,109.0,33.0,16135352.616,16135355.816,10.000000002328306
train_harn,HARn/2_Comb_hair/user8/7-1-2,user8,7-1-2,2_Comb_hair,"/home/fluxx/Workspace/cuchx-large/hf_data_manual/LMT_(IMU,Radar,Skeleton)/Training/HARn/2_Comb_hair/user8/7-1-2",98.0,105.0,8.0,16136222.716,16136223.416,10.000000010643687
train_harn,HARn/2_Comb_hair/user8/7-1-3,user8,7-1-3,2_Comb_hair,"/home/fluxx/Workspace/cuchx-large/hf_data_manual/LMT_(IMU,Radar,Skeleton)/Training/HARn/2_Comb_hair/user8/7-1-3",56.0,61.0,6.0,16136452.516,16136453.016,10.0
train_harn,HARn/2_Comb_hair/user9/1-1-1,user9,1-1-1,2_Comb_hair,"/home/fluxx/Workspace/cuchx-large/hf_data_manual/LMT_(IMU,Radar,Skeleton)/Training/HARn/2_Comb_hair/user9/1-1-1",93.0,111.0,19.0,16136795.216,16136797.016,9.999999995860788
train_harn,HARn/2_Comb_hair/user9/1-1-2,user9,1-1-2,2_Comb_hair,"/home/fluxx/Workspace/cuchx-large/hf_data_manual/LMT_(IMU,Radar,Skeleton)/Training/HARn/2_Comb_hair/user9/1-1-2",62.0,74.0,13.0,16136881.116,16136882.316,10.000000006208817
train_harn,HARn/2_Comb_hair/user9/1-1-3,user9,1-1-3,2_Comb_hair,"/home/fluxx/Workspace/cuchx-large/hf_data_manual/LMT_(IMU,Radar,Skeleton)/Training/HARn/2_Comb_hair/user9/1-1-3",98.0,107.0,10.0,16136981.716,16136982.616,9.999999995860788
train_harn,HARn/30_Do_jumping_jacks/user1/1-1-1,user1,1-1-1,30_Do_jumping_jacks,"/home/fluxx/Workspace/cuchx-large/hf_data_manual/LMT_(IMU,Radar,Skeleton)/Training/HARn/30_Do_jumping_jacks/user1/1-1-1",475.0,526.0,52.0,14039364.416,14039369.516,9.999999997078204
train_harn,HARn/30_Do_jumping_jacks/user1/1-1-2,user1,1-1-2,30_Do_jumping_jacks,"/home/fluxx/Workspace/cuchx-large/hf_data_manual/LMT_(IMU,Radar,Skeleton)/Training/HARn/30_Do_jumping_jacks/user1/1-1-2",444.0,500.0,57.0,14040064.316,14040069.916,10.00000000066523
train_harn,HARn/30_Do_jumping_jacks/user1/1-1-3,user1,1-1-3,30_Do_jumping_jacks,"/home/fluxx/Workspace/cuchx-large/hf_data_manual/LMT_(IMU,Radar,Skeleton)/Training/HARn/30_Do_jumping_jacks/user1/1-1-3",166.0,199.0,34.0,14040342.516,14040345.816,10.000000003386628
train_harn,HARn/30_Do_jumping_jacks/user16/6-1-1,user16,6-1-1,30_Do_jumping_jacks,"/home/fluxx/Workspace/cuchx-large/hf_data_manual/LMT_(IMU,Radar,Skeleton)/Training/HARn/30_Do_jumping_jacks/user16/6-1-1",40.0,70.0,31.0,16888280.916,16888283.916,10.0
train_harn,HARn/30_Do_jumping_jacks/user16/6-1-2,user16,6-1-2,30_Do_jumping_jacks,"/home/fluxx/Workspace/cuchx-large/hf_data_manual/LMT_(IMU,Radar,Skeleton)/Training/HARn/30_Do_jumping_jacks/user16/6-1-2",32.0,76.0,45.0,16888537.116,16888541.516,10.000000003386628
train_harn,HARn/30_Do_jumping_jacks/user16/6-1-3,user16,6-1-3,30_Do_jumping_jacks,"/home/fluxx/Workspace/cuchx-large/hf_data_manual/LMT_(IMU,Radar,Skeleton)/Training/HARn/30_Do_jumping_jacks/user16/6-1-3",37.0,72.0,36.0,16888664.616,16888668.116,10.0
train_harn,HARn/30_Do_jumping_jacks/user17/2-2-1,user17,2-2-1,30_Do_jumping_jacks,"/home/fluxx/Workspace/cuchx-large/hf_data_manual/LMT_(IMU,Radar,Skeleton)/Training/HARn/30_Do_jumping_jacks/user17/2-2-1",126.0,162.0,37.0,16890288.516,16890292.116,9.999999995860788
train_harn,HARn/30_Do_jumping_jacks/user17/2-2-2,user17,2-2-2,30_Do_jumping_jacks,"/home/fluxx/Workspace/cuchx-large/hf_data_manual/LMT_(IMU,Radar,Skeleton)/Training/HARn/30_Do_jumping_jacks/user17/2-2-2",129.0,171.0,43.0,16890421.816,16890426.016,10.000000001773948
train_harn,HARn/30_Do_jumping_jacks/user17/2-2-3,user17,2-2-3,30_Do_jumping_jacks,"/home/fluxx/Workspace/cuchx-large/hf_data_manual/LMT_(IMU,Radar,Skeleton)/Training/HARn/30_Do_jumping_jacks/user17/2-2-3",90.0,106.0,17.0,16890517.916,16890519.516,10.000000013969839
train_harn,HARn/30_Do_jumping_jacks/user18/6-2-1,user18,6-2-1,30_Do_jumping_jacks,"/home/fluxx/Workspace/cuchx-large/hf_data_manual/LMT_(IMU,Radar,Skeleton)/Training/HARn/30_Do_jumping_jacks/user18/6-2-1",170.0,188.0,19.0,16900030.916,16900032.716,10.000000016556847
train_harn,HARn/30_Do_jumping_jacks/user18/6-2-2,user18,6-2-2,30_Do_jumping_jacks,"/home/fluxx/Workspace/cuchx-large/hf_data_manual/LMT_(IMU,Radar,Skeleton)/Training/HARn/30_Do_jumping_jacks/user18/6-2-2",118.0,132.0,15.0,16900128.716,16900130.116,9.99999998403447
train_harn,HARn/30_Do_jumping_jacks/user18/6-2-3,user18,6-2-3,30_Do_jumping_jacks,"/home/fluxx/Workspace/cuchx-large/hf_data_manual/LMT_(IMU,Radar,Skeleton)/Training/HARn/30_Do_jumping_jacks/user18/6-2-3",136.0,152.0,17.0,16900245.516,16900247.116,9.999999990686774
train_harn,HARn/30_Do_jumping_jacks/user19/2-2-1,user19,2-2-1,30_Do_jumping_jacks,"/home/fluxx/Workspace/cuchx-large/hf_data_manual/LMT_(IMU,Radar,Skeleton)/Training/HARn/30_Do_jumping_jacks/user19/2-2-1",90.0,130.0,41.0,16905685.916,16905689.916,10.0
train_harn,HARn/30_Do_jumping_jacks/user19/2-2-2,user19,2-2-2,30_Do_jumping_jacks,"/home/fluxx/Workspace/cuchx-large/hf_data_manual/LMT_(IMU,Radar,Skeleton)/Training/HARn/30_Do_jumping_jacks/user19/2-2-2",68.0,99.0,32.0,16905773.716,16905776.816,9.999999995193173
train_harn,HARn/30_Do_jumping_jacks/user19/2-2-3,user19,2-2-3,30_Do_jumping_jacks,"/home/fluxx/Workspace/cuchx-large/hf_data_manual/LMT_(IMU,Radar,Skeleton)/Training/HARn/30_Do_jumping_jacks/user19/2-2-3",51.0,69.0,19.0,16905846.016,16905847.816,9.999999995860788
train_harn,HARn/30_Do_jumping_jacks/user2/5-1-1,user2,5-1-1,30_Do_jumping_jacks,"/home/fluxx/Workspace/cuchx-large/hf_data_manual/LMT_(IMU,Radar,Skeleton)/Training/HARn/30_Do_jumping_jacks/user2/5-1-1",233.0,293.0,61.0,14056958.216,14056964.216,10.0
train_harn,HARn/30_Do_jumping_jacks/user2/5-1-2,user2,5-1-2,30_Do_jumping_jacks,"/home/fluxx/Workspace/cuchx-large/hf_data_manual/LMT_(IMU,Radar,Skeleton)/Training/HARn/30_Do_jumping_jacks/user2/5-1-2",201.0,236.0,36.0,14057129.016,14057132.516,10.0
train_harn,HARn/30_Do_jumping_jacks/user2/5-1-3,user2,5-1-3,30_Do_jumping_jacks,"/home/fluxx/Workspace/cuchx-large/hf_data_manual/LMT_(IMU,Radar,Skeleton)/Training/HARn/30_Do_jumping_jacks/user2/5-1-3",151.0,196.0,46.0,14057253.016,14057257.516,10.0
train_harn,HARn/30_Do_jumping_jacks/user2/6-1-1,user2,6-1-1,30_Do_jumping_jacks,"/home/fluxx/Workspace/cuchx-large/hf_data_manual/LMT_(IMU,Radar,Skeleton)/Training/HARn/30_Do_jumping_jacks/user2/6-1-1",380.0,434.0,55.0,14057783.916,14057789.316,9.999999999310132
train_harn,HARn/30_Do_jumping_jacks/user2/6-1-2,user2,6-1-2,30_Do_jumping_jacks,"/home/fluxx/Workspace/cuchx-large/hf_data_manual/LMT_(IMU,Radar,Skeleton)/Training/HARn/30_Do_jumping_jacks/user2/6-1-2",225.0,269.0,45.0,14057936.416,14057940.816,9.999999999153344
train_harn,HARn/30_Do_jumping_jacks/user20/6-1-1,user20,6-1-1,30_Do_jumping_jacks,"/home/fluxx/Workspace/cuchx-large/hf_data_manual/LMT_(IMU,Radar,Skeleton)/Training/HARn/30_Do_jumping_jacks/user20/6-1-1",42.0,72.0,31.0,16902328.116,16902331.116,10.0
train_harn,HARn/30_Do_jumping_jacks/user20/6-1-2,user20,6-1-2,30_Do_jumping_jacks,"/home/fluxx/Workspace/cuchx-large/hf_data_manual/LMT_(IMU,Radar,Skeleton)/Training/HARn/30_Do_jumping_jacks/user20/6-1-2",24.0,49.0,26.0,16902393.316,16902395.816,10.0
train_harn,HARn/30_Do_jumping_jacks/user20/6-1-3,user20,6-1-3,30_Do_jumping_jacks,"/home/fluxx/Workspace/cuchx-large/hf_data_manual/LMT_(IMU,Radar,Skeleton)/Training/HARn/30_Do_jumping_jacks/user20/6-1-3",22.0,57.0,36.0,16902470.116,16902473.616,10.0
train_harn,HARn/30_Do_jumping_jacks/user21/3-2-1,user21,3-2-1,30_Do_jumping_jacks,"/home/fluxx/Workspace/cuchx-large/hf_data_manual/LMT_(IMU,Radar,Skeleton)/Training/HARn/30_Do_jumping_jacks/user21/3-2-1",89.0,111.0,23.0,17165161.816,17165164.016,10.000000003386628
train_harn,HARn/30_Do_jumping_jacks/user21/3-2-2,user21,3-2-2,30_Do_jumping_jacks,"/home/fluxx/Workspace/cuchx-large/hf_data_manual/LMT_(IMU,Radar,Skeleton)/Training/HARn/30_Do_jumping_jacks/user21/3-2-2",89.0,124.0,36.0,17165520.816,17165524.316,10.0
train_harn,HARn/30_Do_jumping_jacks/user21/3-2-3,user21,3-2-3,30_Do_jumping_jacks,"/home/fluxx/Workspace/cuchx-large/hf_data_manual/LMT_(IMU,Radar,Skeleton)/Training/HARn/30_Do_jumping_jacks/user21/3-2-3",72.0,89.0,18.0,17165629.116,17165630.816,10.000000004382695
train_harn,HARn/30_Do_jumping_jacks/user22/6-2-1,user22,6-2-1,30_Do_jumping_jacks,"/home/fluxx/Workspace/cuchx-large/hf_data_manual/LMT_(IMU,Radar,Skeleton)/Training/HARn/30_Do_jumping_jacks/user22/6-2-1",354.0,388.0,35.0,17085644.316,17085647.716,10.000000004382695
train_harn,HARn/30_Do_jumping_jacks/user22/6-2-2,user22,6-2-2,30_Do_jumping_jacks,"/home/fluxx/Workspace/cuchx-large/hf_data_manual/LMT_(IMU,Radar,Skeleton)/Training/HARn/30_Do_jumping_jacks/user22/6-2-2",257.0,310.0,54.0,17085775.616,17085780.916,9.99999999859423
train_harn,HARn/30_Do_jumping_jacks/user22/6-2-3,user22,6-2-3,30_Do_jumping_jacks,"/home/fluxx/Workspace/cuchx-large/hf_data_manual/LMT_(IMU,Radar,Skeleton)/Training/HARn/30_Do_jumping_jacks/user22/6-2-3",214.0,237.0,24.0,17085861.316,17085863.616,9.999999996760618
train_harn,HARn/30_Do_jumping_jacks/user4/3-2-1,user4,3-2-1,30_Do_jumping_jacks,"/home/fluxx/Workspace/cuchx-large/hf_data_manual/LMT_(IMU,Radar,Skeleton)/Training/HARn/30_Do_jumping_jacks/user4/3-2-1",231.0,262.0,32.0,14065854.016,14065857.116,10.000000001201707
train_harn,HARn/30_Do_jumping_jacks/user4/3-2-2,user4,3-2-2,30_Do_jumping_jacks,"/home/fluxx/Workspace/cuchx-large/hf_data_manual/LMT_(IMU,Radar,Skeleton)/Training/HARn/30_Do_jumping_jacks/user4/3-2-2",225.0,235.0,11.0,14065987.416,14065988.416,10.0
train_harn,HARn/30_Do_jumping_jacks/user4/3-2-3,user4,3-2-3,30_Do_jumping_jacks,"/home/fluxx/Workspace/cuchx-large/hf_data_manual/LMT_(IMU,Radar,Skeleton)/Training/HARn/30_Do_jumping_jacks/user4/3-2-3",165.0,193.0,29.0,14066090.416,14066093.216,9.999999997339078
train_harn,HARn/30_Do_jumping_jacks/user6/6-1-1,user6,6-1-1,30_Do_jumping_jacks,"/home/fluxx/Workspace/cuchx-large/hf_data_manual/LMT_(IMU,Radar,Skeleton)/Training/HARn/30_Do_jumping_jacks/user6/6-1-1",11.0,52.0,42.0,16055975.016,16055979.116,10.000000000908607
train_harn,HARn/30_Do_jumping_jacks/user6/6-1-2,user6,6-1-2,30_Do_jumping_jacks,"/home/fluxx/Workspace/cuchx-large/hf_data_manual/LMT_(IMU,Radar,Skeleton)/Training/HARn/30_Do_jumping_jacks/user6/6-1-2",12.0,48.0,37.0,16056104.116,16056107.716,10.000000001034802
train_harn,HARn/30_Do_jumping_jacks/user6/6-1-3,user6,6-1-3,30_Do_jumping_jacks,"/home/fluxx/Workspace/cuchx-large/hf_data_manual/LMT_(IMU,Radar,Skeleton)/Training/HARn/30_Do_jumping_jacks/user6/6-1-3",3.0,43.0,41.0,16056213.216,16056217.216,10.0
train_harn,HARn/30_Do_jumping_jacks/user7/2-2-1,user7,2-2-1,30_Do_jumping_jacks,"/home/fluxx/Workspace/cuchx-large/hf_data_manual/LMT_(IMU,Radar,Skeleton)/Training/HARn/30_Do_jumping_jacks/user7/2-2-1",112.0,158.0,47.0,16057071.116,16057075.716,10.000000000809846
train_harn,HARn/30_Do_jumping_jacks/user7/2-2-2,user7,2-2-2,30_Do_jumping_jacks,"/home/fluxx/Workspace/cuchx-large/hf_data_manual/LMT_(IMU,Radar,Skeleton)/Training/HARn/30_Do_jumping_jacks/user7/2-2-2",78.0,114.0,37.0,16057271.716,16057275.316,10.000000001034802
train_harn,HARn/30_Do_jumping_jacks/user7/2-2-3,user7,2-2-3,30_Do_jumping_jacks,"/home/fluxx/Workspace/cuchx-large/hf_data_manual/LMT_(IMU,Radar,Skeleton)/Training/HARn/30_Do_jumping_jacks/user7/2-2-3",59.0,88.0,30.0,16057421.816,16057424.716,9.999999998715417
train_harn,HARn/30_Do_jumping_jacks/user8/6-2-1,user8,6-2-1,30_Do_jumping_jacks,"/home/fluxx/Workspace/cuchx-large/hf_data_manual/LMT_(IMU,Radar,Skeleton)/Training/HARn/30_Do_jumping_jacks/user8/6-2-1",158.0,165.0,8.0,16062751.716,16062752.416,10.000000010643687
train_harn,HARn/30_Do_jumping_jacks/user8/6-2-2,user8,6-2-2,30_Do_jumping_jacks,"/home/fluxx/Workspace/cuchx-large/hf_data_manual/LMT_(IMU,Radar,Skeleton)/Training/HARn/30_Do_jumping_jacks/user8/6-2-2",125.0,134.0,10.0,16062886.416,16062887.316,9.999999995860788
train_harn,HARn/30_Do_jumping_jacks/user8/6-2-3,user8,6-2-3,30_Do_jumping_jacks,"/home/fluxx/Workspace/cuchx-large/hf_data_manual/LMT_(IMU,Radar,Skeleton)/Training/HARn/30_Do_jumping_jacks/user8/6-2-3",169.0,189.0,21.0,16063004.816,16063006.816,10.0
train_harn,HARn/30_Do_jumping_jacks/user9/2-2-1,user9,2-2-1,30_Do_jumping_jacks,"/home/fluxx/Workspace/cuchx-large/hf_data_manual/LMT_(IMU,Radar,Skeleton)/Training/HARn/30_Do_jumping_jacks/user9/2-2-1",75.0,89.0,15.0,16130044.416,16130045.816,9.999999997339078
train_harn,HARn/30_Do_jumping_jacks/user9/2-2-2,user9,2-2-2,30_Do_jumping_jacks,"/home/fluxx/Workspace/cuchx-large/hf_data_manual/LMT_(IMU,Radar,Skeleton)/Training/HARn/30_Do_jumping_jacks/user9/2-2-2",68.0,83.0,16.0,16130148.716,16130150.216,10.0
train_harn,HARn/30_Do_jumping_jacks/user9/2-2-3,user9,2-2-3,30_Do_jumping_jacks,"/home/fluxx/Workspace/cuchx-large/hf_data_manual/LMT_(IMU,Radar,Skeleton)/Training/HARn/30_Do_jumping_jacks/user9/2-2-3",46.0,49.0,4.0,16130259.516,16130259.816,10.000000037252903
train_harn,HARn/31_Do_stretching_exercises/user1/7-1-1,user1,7-1-1,31_Do_stretching_exercises,"/home/fluxx/Workspace/cuchx-large/hf_data_manual/LMT_(IMU,Radar,Skeleton)/Training/HARn/31_Do_stretching_exercises/user1/7-1-1",408.0,457.0,50.0,14052244.716,14052249.616,9.999999999239737
train_harn,HARn/31_Do_stretching_exercises/user1/7-1-2,user1,7-1-2,31_Do_stretching_exercises,"/home/fluxx/Workspace/cuchx-large/hf_data_manual/LMT_(IMU,Radar,Skeleton)/Training/HARn/31_Do_stretching_exercises/user1/7-1-2",368.0,437.0,70.0,14052503.716,14052510.616,9.999999999460103
train_harn,HARn/31_Do_stretching_exercises/user1/7-1-3,user1,7-1-3,31_Do_stretching_exercises,"/home/fluxx/Workspace/cuchx-large/hf_data_manual/LMT_(IMU,Radar,Skeleton)/Training/HARn/31_Do_stretching_exercises/user1/7-1-3",249.0,287.0,39.0,14052679.816,14052683.616,9.999999998039321
train_harn,HARn/31_Do_stretching_exercises/user17/3-1-1,user17,3-1-1,31_Do_stretching_exercises,"/home/fluxx/Workspace/cuchx-large/hf_data_manual/LMT_(IMU,Radar,Skeleton)/Training/HARn/31_Do_stretching_exercises/user17/3-1-1",346.0,365.0,20.0,16890679.516,16890681.416,9.999999988235926
train_harn,HARn/31_Do_stretching_exercises/user17/3-1-2,user17,3-1-2,31_Do_stretching_exercises,"/home/fluxx/Workspace/cuchx-large/hf_data_manual/LMT_(IMU,Radar,Skeleton)/Training/HARn/31_Do_stretching_exercises/user17/3-1-2",238.0,263.0,26.0,16890795.716,16890798.216,10.0
train_harn,HARn/31_Do_stretching_exercises/user17/3-1-3,user17,3-1-3,31_Do_stretching_exercises,"/home/fluxx/Workspace/cuchx-large/hf_data_manual/LMT_(IMU,Radar,Skeleton)/Training/HARn/31_Do_stretching_exercises/user17/3-1-3",143.0,170.0,28.0,16890931.216,16890933.916,9.999999988962102
train_harn,HARn/31_Do_stretching_exercises/user17/4-1-1,user17,4-1-1,31_Do_stretching_exercises,"/home/fluxx/Workspace/cuchx-large/hf_data_manual/LMT_(IMU,Radar,Skeleton)/Training/HARn/31_Do_stretching_exercises/user17/4-1-1",275.0,298.0,24.0,16910603.416,16910605.716,10.000000012957532
train_harn,HARn/31_Do_stretching_exercises/user17/4-1-2,user17,4-1-2,31_Do_stretching_exercises,"/home/fluxx/Workspace/cuchx-large/hf_data_manual/LMT_(IMU,Radar,Skeleton)/Training/HARn/31_Do_stretching_exercises/user17/4-1-2",245.0,274.0,30.0,16910745.416,16910748.316,10.00000000513833
train_harn,HARn/31_Do_stretching_exercises/user17/4-1-3,user17,4-1-3,31_Do_stretching_exercises,"/home/fluxx/Workspace/cuchx-large/hf_data_manual/LMT_(IMU,Radar,Skeleton)/Training/HARn/31_Do_stretching_exercises/user17/4-1-3",186.0,206.0,21.0,16910855.516,16910857.516,10.0
train_harn,HARn/31_Do_stretching_exercises/user18/5-1-1,user18,5-1-1,31_Do_stretching_exercises,"/home/fluxx/Workspace/cuchx-large/hf_data_manual/LMT_(IMU,Radar,Skeleton)/Training/HARn/31_Do_stretching_exercises/user18/5-1-1",60.0,73.0,14.0,16899647.916,16899649.216,10.000000022924864
train_harn,HARn/31_Do_stretching_exercises/user18/5-1-2,user18,5-1-2,31_Do_stretching_exercises,"/home/fluxx/Workspace/cuchx-large/hf_data_manual/LMT_(IMU,Radar,Skeleton)/Training/HARn/31_Do_stretching_exercises/user18/5-1-2",59.0,79.0,21.0,16899755.816,16899757.816,10.0
train_harn,HARn/31_Do_stretching_exercises/user18/5-1-3,user18,5-1-3,31_Do_stretching_exercises,"/home/fluxx/Workspace/cuchx-large/hf_data_manual/LMT_(IMU,Radar,Skeleton)/Training/HARn/31_Do_stretching_exercises/user18/5-1-3",38.0,47.0,10.0,16899833.716,16899834.616,9.999999975164732
train_harn,HARn/31_Do_stretching_exercises/user18/6-1-1,user18,6-1-1,31_Do_stretching_exercises,"/home/fluxx/Workspace/cuchx-large/hf_data_manual/LMT_(IMU,Radar,Skeleton)/Training/HARn/31_Do_stretching_exercises/user18/6-1-1",193.0,229.0,37.0,16909832.216,16909835.816,9.999999995860788
train_harn,HARn/31_Do_stretching_exercises/user18/6-1-2,user18,6-1-2,31_Do_stretching_exercises,"/home/fluxx/Workspace/cuchx-large/hf_data_manual/LMT_(IMU,Radar,Skeleton)/Training/HARn/31_Do_stretching_exercises/user18/6-1-2",117.0,162.0,46.0,16909905.616,16909910.116,10.0
train_harn,HARn/31_Do_stretching_exercises/user18/6-1-3,user18,6-1-3,31_Do_stretching_exercises,"/home/fluxx/Workspace/cuchx-large/hf_data_manual/LMT_(IMU,Radar,Skeleton)/Training/HARn/31_Do_stretching_exercises/user18/6-1-3",144.0,178.0,35.0,16910128.316,16910131.716,10.000000004382695
train_harn,HARn/31_Do_stretching_exercises/user18/6-2-1,user18,6-2-1,31_Do_stretching_exercises,"/home/fluxx/Workspace/cuchx-large/hf_data_manual/LMT_(IMU,Radar,Skeleton)/Training/HARn/31_Do_stretching_exercises/user18/6-2-1",431.0,452.0,22.0,16900057.016,16900059.116,9.99999999290421
train_harn,HARn/31_Do_stretching_exercises/user18/6-2-2,user18,6-2-2,31_Do_stretching_exercises,"/home/fluxx/Workspace/cuchx-large/hf_data_manual/LMT_(IMU,Radar,Skeleton)/Training/HARn/31_Do_stretching_exercises/user18/6-2-2",227.0,248.0,22.0,16900139.616,16900141.716,10.000000010643687
train_harn,HARn/31_Do_stretching_exercises/user18/6-2-3,user18,6-2-3,31_Do_stretching_exercises,"/home/fluxx/Workspace/cuchx-large/hf_data_manual/LMT_(IMU,Radar,Skeleton)/Training/HARn/31_Do_stretching_exercises/user18/6-2-3",285.0,316.0,32.0,16900260.416,16900263.516,10.00000000721024
train_harn,HARn/31_Do_stretching_exercises/user19/1-1-1,user19,1-1-1,31_Do_stretching_exercises,"/home/fluxx/Workspace/cuchx-large/hf_data_manual/LMT_(IMU,Radar,Skeleton)/Training/HARn/31_Do_stretching_exercises/user19/1-1-1",309.0,334.0,26.0,16974975.816,16974978.316,10.0
train_harn,HARn/31_Do_stretching_exercises/user19/1-1-2,user19,1-1-2,31_Do_stretching_exercises,"/home/fluxx/Workspace/cuchx-large/hf_data_manual/LMT_(IMU,Radar,Skeleton)/Training/HARn/31_Do_stretching_exercises/user19/1-1-2",227.0,263.0,37.0,16975072.616,16975076.216,10.000000006208817
train_harn,HARn/31_Do_stretching_exercises/user19/1-1-3,user19,1-1-3,31_Do_stretching_exercises,"/home/fluxx/Workspace/cuchx-large/hf_data_manual/LMT_(IMU,Radar,Skeleton)/Training/HARn/31_Do_stretching_exercises/user19/1-1-3",186.0,248.0,63.0,16975157.516,16975163.716,10.000000001201707
train_harn,HARn/31_Do_stretching_exercises/user19/4-2-1,user19,4-2-1,31_Do_stretching_exercises,"/home/fluxx/Workspace/cuchx-large/hf_data_manual/LMT_(IMU,Radar,Skeleton)/Training/HARn/31_Do_stretching_exercises/user19/4-2-1",78.0,108.0,31.0,16901216.716,16901219.716,10.0
train_harn,HARn/31_Do_stretching_exercises/user19/4-2-2,user19,4-2-2,31_Do_stretching_exercises,"/home/fluxx/Workspace/cuchx-large/hf_data_manual/LMT_(IMU,Radar,Skeleton)/Training/HARn/31_Do_stretching_exercises/user19/4-2-2",62.0,107.0,46.0,16901323.116,16901327.616,10.0
train_harn,HARn/31_Do_stretching_exercises/user19/4-2-3,user19,4-2-3,31_Do_stretching_exercises,"/home/fluxx/Workspace/cuchx-large/hf_data_manual/LMT_(IMU,Radar,Skeleton)/Training/HARn/31_Do_stretching_exercises/user19/4-2-3",49.0,67.0,19.0,16901380.816,16901382.616,9.999999995860788
train_harn,HARn/31_Do_stretching_exercises/user2/1-2-1,user2,1-2-1,31_Do_stretching_exercises,"/home/fluxx/Workspace/cuchx-large/hf_data_manual/LMT_(IMU,Radar,Skeleton)/Training/HARn/31_Do_stretching_exercises/user2/1-2-1",83.0,103.0,21.0,14144450.216,14144452.216,10.0
train_harn,HARn/31_Do_stretching_exercises/user2/1-2-2,user2,1-2-2,31_Do_stretching_exercises,"/home/fluxx/Workspace/cuchx-large/hf_data_manual/LMT_(IMU,Radar,Skeleton)/Training/HARn/31_Do_stretching_exercises/user2/1-2-2",65.0,104.0,40.0,14144589.416,14144593.316,9.999999999044798
train_harn,HARn/31_Do_stretching_exercises/user2/1-2-3,user2,1-2-3,31_Do_stretching_exercises,"/home/fluxx/Workspace/cuchx-large/hf_data_manual/LMT_(IMU,Radar,Skeleton)/Training/HARn/31_Do_stretching_exercises/user2/1-2-3",51.0,79.0,29.0,14144701.016,14144703.816,10.000000003991383
train_harn,HARn/31_Do_stretching_exercises/user2/2-2-1,user2,2-2-1,31_Do_stretching_exercises,"/home/fluxx/Workspace/cuchx-large/hf_data_manual/LMT_(IMU,Radar,Skeleton)/Training/HARn/31_Do_stretching_exercises/user2/2-2-1",292.0,367.0,76.0,14053682.116,14053689.616,10.0
train_harn,HARn/31_Do_stretching_exercises/user2/2-2-2,user2,2-2-2,31_Do_stretching_exercises,"/home/fluxx/Workspace/cuchx-large/hf_data_manual/LMT_(IMU,Radar,Skeleton)/Training/HARn/31_Do_stretching_exercises/user2/2-2-2",282.0,317.0,36.0,14053933.116,14053936.616,10.0
train_harn,HARn/31_Do_stretching_exercises/user2/2-2-3,user2,2-2-3,31_Do_stretching_exercises,"/home/fluxx/Workspace/cuchx-large/hf_data_manual/LMT_(IMU,Radar,Skeleton)/Training/HARn/31_Do_stretching_exercises/user2/2-2-3",150.0,164.0,15.0,14054147.916,14054149.316,9.999999997339078
train_harn,HARn/31_Do_stretching_exercises/user2/6-1-1,user2,6-1-1,31_Do_stretching_exercises,"/home/fluxx/Workspace/cuchx-large/hf_data_manual/LMT_(IMU,Radar,Skeleton)/Training/HARn/31_Do_stretching_exercises/user2/6-1-1",435.0,463.0,29.0,14057789.416,14057792.216,9.999999997339078
train_harn,HARn/31_Do_stretching_exercises/user2/6-1-2,user2,6-1-2,31_Do_stretching_exercises,"/home/fluxx/Workspace/cuchx-large/hf_data_manual/LMT_(IMU,Radar,Skeleton)/Training/HARn/31_Do_stretching_exercises/user2/6-1-2",269.0,287.0,19.0,14057940.816,14057942.616,9.999999995860788
train_harn,HARn/31_Do_stretching_exercises/user2/7-3-1,user2,7-3-1,31_Do_stretching_exercises,"/home/fluxx/Workspace/cuchx-large/hf_data_manual/LMT_(IMU,Radar,Skeleton)/Training/HARn/31_Do_stretching_exercises/user2/7-3-1",292.0,339.0,48.0,14059215.116,14059219.816,10.00000000158523
train_harn,HARn/31_Do_stretching_exercises/user2/7-3-2,user2,7-3-2,31_Do_stretching_exercises,"/home/fluxx/Workspace/cuchx-large/hf_data_manual/LMT_(IMU,Radar,Skeleton)/Training/HARn/31_Do_stretching_exercises/user2/7-3-2",186.0,230.0,45.0,14059461.516,14059465.916,10.000000003386628
train_harn,HARn/31_Do_stretching_exercises/user2/7-3-3,user2,7-3-3,31_Do_stretching_exercises,"/home/fluxx/Workspace/cuchx-large/hf_data_manual/LMT_(IMU,Radar,Skeleton)/Training/HARn/31_Do_stretching_exercises/user2/7-3-3",155.0,189.0,35.0,14059570.416,14059573.816,9.999999998904327
train_harn,HARn/31_Do_stretching_exercises/user20/1-2-1,user20,1-2-1,31_Do_stretching_exercises,"/home/fluxx/Workspace/cuchx-large/hf_data_manual/LMT_(IMU,Radar,Skeleton)/Training/HARn/31_Do_stretching_exercises/user20/1-2-1",256.0,288.0,33.0,16903818.516,16903821.716,10.000000002328306
train_harn,HARn/31_Do_stretching_exercises/user20/1-2-2,user20,1-2-2,31_Do_stretching_exercises,"/home/fluxx/Workspace/cuchx-large/hf_data_manual/LMT_(IMU,Radar,Skeleton)/Training/HARn/31_Do_stretching_exercises/user20/1-2-2",120.0,152.0,33.0,16903914.916,16903918.116,10.000000002328306
train_harn,HARn/31_Do_stretching_exercises/user20/1-2-3,user20,1-2-3,31_Do_stretching_exercises,"/home/fluxx/Workspace/cuchx-large/hf_data_manual/LMT_(IMU,Radar,Skeleton)/Training/HARn/31_Do_stretching_exercises/user20/1-2-3",175.0,197.0,23.0,16904143.416,16904145.616,10.000000003386628
train_harn,HARn/31_Do_stretching_exercises/user22/3-2-1,user22,3-2-1,31_Do_stretching_exercises,"/home/fluxx/Workspace/cuchx-large/hf_data_manual/LMT_(IMU,Radar,Skeleton)/Training/HARn/31_Do_stretching_exercises/user22/3-2-1",110.0,124.0,15.0,17170278.916,17170280.316,10.000000010643687
train_harn,HARn/31_Do_stretching_exercises/user22/3-2-2,user22,3-2-2,31_Do_stretching_exercises,"/home/fluxx/Workspace/cuchx-large/hf_data_manual/LMT_(IMU,Radar,Skeleton)/Training/HARn/31_Do_stretching_exercises/user22/3-2-2",102.0,108.0,7.0,17170355.116,17170355.716,10.000000037252903
train_harn,HARn/31_Do_stretching_exercises/user22/3-2-3,user22,3-2-3,31_Do_stretching_exercises,"/home/fluxx/Workspace/cuchx-large/hf_data_manual/LMT_(IMU,Radar,Skeleton)/Training/HARn/31_Do_stretching_exercises/user22/3-2-3",75.0,87.0,13.0,17170419.416,17170420.616,10.000000006208817
train_harn,HARn/31_Do_stretching_exercises/user22/6-2-1,user22,6-2-1,31_Do_stretching_exercises,"/home/fluxx/Workspace/cuchx-large/hf_data_manual/LMT_(IMU,Radar,Skeleton)/Training/HARn/31_Do_stretching_exercises/user22/6-2-1",399.0,448.0,50.0,17085648.816,17085653.716,10.000000003041054
train_harn,HARn/31_Do_stretching_exercises/user22/6-2-2,user22,6-2-2,31_Do_stretching_exercises,"/home/fluxx/Workspace/cuchx-large/hf_data_manual/LMT_(IMU,Radar,Skeleton)/Training/HARn/31_Do_stretching_exercises/user22/6-2-2",324.0,366.0,43.0,17085782.316,17085786.516,10.000000001773948
train_harn,HARn/31_Do_stretching_exercises/user22/6-2-3,user22,6-2-3,31_Do_stretching_exercises,"/home/fluxx/Workspace/cuchx-large/hf_data_manual/LMT_(IMU,Radar,Skeleton)/Training/HARn/31_Do_stretching_exercises/user22/6-2-3",240.0,260.0,21.0,17085863.916,17085865.916,10.0
train_harn,HARn/31_Do_stretching_exercises/user22/7-3-1,user22,7-3-1,31_Do_stretching_exercises,"/home/fluxx/Workspace/cuchx-large/hf_data_manual/LMT_(IMU,Radar,Skeleton)/Training/HARn/31_Do_stretching_exercises/user22/7-3-1",59.0,76.0,18.0,17086748.816,17086750.516,10.000000004382695
train_harn,HARn/31_Do_stretching_exercises/user22/7-3-2,user22,7-3-2,31_Do_stretching_exercises,"/home/fluxx/Workspace/cuchx-large/hf_data_manual/LMT_(IMU,Radar,Skeleton)/Training/HARn/31_Do_stretching_exercises/user22/7-3-2",30.0,48.0,19.0,17086889.916,17086891.716,10.000000016556847
train_harn,HARn/31_Do_stretching_exercises/user22/7-3-3,user22,7-3-3,31_Do_stretching_exercises,"/home/fluxx/Workspace/cuchx-large/hf_data_manual/LMT_(IMU,Radar,Skeleton)/Training/HARn/31_Do_stretching_exercises/user22/7-3-3",34.0,60.0,27.0,17086803.316,17086805.916,9.999999994268784
train_harn,HARn/31_Do_stretching_exercises/user23/6-1-1,user23,6-1-1,31_Do_stretching_exercises,"/home/fluxx/Workspace/cuchx-large/hf_data_manual/LMT_(IMU,Radar,Skeleton)/Training/HARn/31_Do_stretching_exercises/user23/6-1-1",11.0,56.0,46.0,17168910.016,17168914.516,10.0
train_harn,HARn/31_Do_stretching_exercises/user23/6-1-2,user23,6-1-2,31_Do_stretching_exercises,"/home/fluxx/Workspace/cuchx-large/hf_data_manual/LMT_(IMU,Radar,Skeleton)/Training/HARn/31_Do_stretching_exercises/user23/6-1-2",23.0,63.0,41.0,17168995.216,17168999.216,10.0
train_harn,HARn/31_Do_stretching_exercises/user23/6-1-3,user23,6-1-3,31_Do_stretching_exercises,"/home/fluxx/Workspace/cuchx-large/hf_data_manual/LMT_(IMU,Radar,Skeleton)/Training/HARn/31_Do_stretching_exercises/user23/6-1-3",24.0,55.0,32.0,17169058.316,17169061.416,9.999999995193173
train_harn,HARn/31_Do_stretching_exercises/user23/7-3-1,user23,7-3-1,31_Do_stretching_exercises,"/home/fluxx/Workspace/cuchx-large/hf_data_manual/LMT_(IMU,Radar,Skeleton)/Training/HARn/31_Do_stretching_exercises/user23/7-3-1",159.0,184.0,26.0,17145569.816,17145572.316,10.0
train_harn,HARn/31_Do_stretching_exercises/user23/7-3-2,user23,7-3-2,31_Do_stretching_exercises,"/home/fluxx/Workspace/cuchx-large/hf_data_manual/LMT_(IMU,Radar,Skeleton)/Training/HARn/31_Do_stretching_exercises/user23/7-3-2",129.0,156.0,28.0,17145663.816,17145666.516,10.000000002759474
train_harn,HARn/31_Do_stretching_exercises/user23/7-3-3,user23,7-3-3,31_Do_stretching_exercises,"/home/fluxx/Workspace/cuchx-large/hf_data_manual/LMT_(IMU,Radar,Skeleton)/Training/HARn/31_Do_stretching_exercises/user23/7-3-3",60.0,84.0,25.0,17145731.916,17145734.316,10.000000006208817
train_harn,HARn/31_Do_stretching_exercises/user24/3-2-1,user24,3-2-1,31_Do_stretching_exercises,"/home/fluxx/Workspace/cuchx-large/hf_data_manual/LMT_(IMU,Radar,Skeleton)/Training/HARn/31_Do_stretching_exercises/user24/3-2-1",246.0,299.0,54.0,17147062.516,17147067.816,9.99999999859423
train_harn,HARn/31_Do_stretching_exercises/user24/3-2-2,user24,3-2-2,31_Do_stretching_exercises,"/home/fluxx/Workspace/cuchx-large/hf_data_manual/LMT_(IMU,Radar,Skeleton)/Training/HARn/31_Do_stretching_exercises/user24/3-2-2",104.0,119.0,16.0,17147239.316,17147240.816,10.0
train_harn,HARn/31_Do_stretching_exercises/user24/3-2-3,user24,3-2-3,31_Do_stretching_exercises,"/home/fluxx/Workspace/cuchx-large/hf_data_manual/LMT_(IMU,Radar,Skeleton)/Training/HARn/31_Do_stretching_exercises/user24/3-2-3",161.0,194.0,34.0,17147477.016,17147480.316,9.999999997742249
train_harn,HARn/31_Do_stretching_exercises/user3/2-1-1,user3,2-1-1,31_Do_stretching_exercises,"/home/fluxx/Workspace/cuchx-large/hf_data_manual/LMT_(IMU,Radar,Skeleton)/Training/HARn/31_Do_stretching_exercises/user3/2-1-1",304.0,349.0,46.0,14061200.316,14061204.816,10.0
train_harn,HARn/31_Do_stretching_exercises/user3/2-1-2,user3,2-1-2,31_Do_stretching_exercises,"/home/fluxx/Workspace/cuchx-large/hf_data_manual/LMT_(IMU,Radar,Skeleton)/Training/HARn/31_Do_stretching_exercises/user3/2-1-2",171.0,222.0,52.0,14061960.016,14061965.116,10.000000000730449
train_harn,HARn/31_Do_stretching_exercises/user3/2-1-3,user3,2-1-3,31_Do_stretching_exercises,"/home/fluxx/Workspace/cuchx-large/hf_data_manual/LMT_(IMU,Radar,Skeleton)/Training/HARn/31_Do_stretching_exercises/user3/2-1-3",200.0,232.0,33.0,14062112.916,14062116.116,9.99999999650754
train_harn,HARn/31_Do_stretching_exercises/user3/7-1-1,user3,7-1-1,31_Do_stretching_exercises,"/home/fluxx/Workspace/cuchx-large/hf_data_manual/LMT_(IMU,Radar,Skeleton)/Training/HARn/31_Do_stretching_exercises/user3/7-1-1",550.0,588.0,39.0,14064553.916,14064557.716,9.999999998039321
train_harn,HARn/31_Do_stretching_exercises/user3/7-1-2,user3,7-1-2,31_Do_stretching_exercises,"/home/fluxx/Workspace/cuchx-large/hf_data_manual/LMT_(IMU,Radar,Skeleton)/Training/HARn/31_Do_stretching_exercises/user3/7-1-2",419.0,458.0,40.0,14064666.816,14064670.716,9.999999999044798
train_harn,HARn/31_Do_stretching_exercises/user3/7-1-3,user3,7-1-3,31_Do_stretching_exercises,"/home/fluxx/Workspace/cuchx-large/hf_data_manual/LMT_(IMU,Radar,Skeleton)/Training/HARn/31_Do_stretching_exercises/user3/7-1-3",253.0,299.0,47.0,14064819.216,14064823.816,10.000000000809846
train_harn,HARn/31_Do_stretching_exercises/user4/3-2-1,user4,3-2-1,31_Do_stretching_exercises,"/home/fluxx/Workspace/cuchx-large/hf_data_manual/LMT_(IMU,Radar,Skeleton)/Training/HARn/31_Do_stretching_exercises/user4/3-2-1",250.0,300.0,51.0,14065855.916,14065860.916,10.0
train_harn,HARn/31_Do_stretching_exercises/user4/3-2-2,user4,3-2-2,31_Do_stretching_exercises,"/home/fluxx/Workspace/cuchx-large/hf_data_manual/LMT_(IMU,Radar,Skeleton)/Training/HARn/31_Do_stretching_exercises/user4/3-2-2",300.0,310.0,11.0,14065994.916,14065995.916,10.0
train_harn,HARn/31_Do_stretching_exercises/user4/3-2-3,user4,3-2-3,31_Do_stretching_exercises,"/home/fluxx/Workspace/cuchx-large/hf_data_manual/LMT_(IMU,Radar,Skeleton)/Training/HARn/31_Do_stretching_exercises/user4/3-2-3",197.0,228.0,32.0,14066093.616,14066096.716,10.000000001201707
train_harn,HARn/31_Do_stretching_exercises/user7/2-2-1,user7,2-2-1,31_Do_stretching_exercises,"/home/fluxx/Workspace/cuchx-large/hf_data_manual/LMT_(IMU,Radar,Skeleton)/Training/HARn/31_Do_stretching_exercises/user7/2-2-1",114.0,156.0,43.0,16057071.316,16057075.516,9.999999997339078
train_harn,HARn/31_Do_stretching_exercises/user7/2-2-2,user7,2-2-2,31_Do_stretching_exercises,"/home/fluxx/Workspace/cuchx-large/hf_data_manual/LMT_(IMU,Radar,Skeleton)/Training/HARn/31_Do_stretching_exercises/user7/2-2-2",73.0,114.0,42.0,16057271.216,16057275.316,10.000000000908607
train_harn,HARn/31_Do_stretching_exercises/user7/2-2-3,user7,2-2-3,31_Do_stretching_exercises,"/home/fluxx/Workspace/cuchx-large/hf_data_manual/LMT_(IMU,Radar,Skeleton)/Training/HARn/31_Do_stretching_exercises/user7/2-2-3",59.0,87.0,29.0,16057421.816,16057424.616,9.999999997339078
train_harn,HARn/31_Do_stretching_exercises/user7/4-1-1,user7,4-1-1,31_Do_stretching_exercises,"/home/fluxx/Workspace/cuchx-large/hf_data_manual/LMT_(IMU,Radar,Skeleton)/Training/HARn/31_Do_stretching_exercises/user7/4-1-1",180.0,195.0,16.0,16125137.916,16125139.416,10.0
train_harn,HARn/31_Do_stretching_exercises/user7/4-1-2,user7,4-1-2,31_Do_stretching_exercises,"/home/fluxx/Workspace/cuchx-large/hf_data_manual/LMT_(IMU,Radar,Skeleton)/Training/HARn/31_Do_stretching_exercises/user7/4-1-2",129.0,142.0,14.0,16125268.816,16125270.116,9.999999994268784
train_harn,HARn/31_Do_stretching_exercises/user7/4-1-3,user7,4-1-3,31_Do_stretching_exercises,"/home/fluxx/Workspace/cuchx-large/hf_data_manual/LMT_(IMU,Radar,Skeleton)/Training/HARn/31_Do_stretching_exercises/user7/4-1-3",115.0,122.0,8.0,16125419.416,16125420.116,9.99999998403447
train_harn,HARn/31_Do_stretching_exercises/user8/5-1-1,user8,5-1-1,31_Do_stretching_exercises,"/home/fluxx/Workspace/cuchx-large/hf_data_manual/LMT_(IMU,Radar,Skeleton)/Training/HARn/31_Do_stretching_exercises/user8/5-1-1",56.0,82.0,27.0,16062346.516,16062349.116,10.000000001432804
train_harn,HARn/31_Do_stretching_exercises/user8/5-1-2,user8,5-1-2,31_Do_stretching_exercises,"/home/fluxx/Workspace/cuchx-large/hf_data_manual/LMT_(IMU,Radar,Skeleton)/Training/HARn/31_Do_stretching_exercises/user8/5-1-2",46.0,68.0,23.0,16062447.516,16062449.716,10.000000003386628
train_harn,HARn/31_Do_stretching_exercises/user8/5-1-3,user8,5-1-3,31_Do_stretching_exercises,"/home/fluxx/Workspace/cuchx-large/hf_data_manual/LMT_(IMU,Radar,Skeleton)/Training/HARn/31_Do_stretching_exercises/user8/5-1-3",53.0,60.0,8.0,16062539.216,16062539.916,10.000000010643687
train_harn,HARn/31_Do_stretching_exercises/user8/6-1-1,user8,6-1-1,31_Do_stretching_exercises,"/home/fluxx/Workspace/cuchx-large/hf_data_manual/LMT_(IMU,Radar,Skeleton)/Training/HARn/31_Do_stretching_exercises/user8/6-1-1",244.0,257.0,14.0,16128532.316,16128533.616,9.999999994268784
train_harn,HARn/31_Do_stretching_exercises/user8/6-1-2,user8,6-1-2,31_Do_stretching_exercises,"/home/fluxx/Workspace/cuchx-large/hf_data_manual/LMT_(IMU,Radar,Skeleton)/Training/HARn/31_Do_stretching_exercises/user8/6-1-2",166.0,190.0,25.0,16128613.516,16128615.916,10.000000006208817
train_harn,HARn/31_Do_stretching_exercises/user8/6-1-3,user8,6-1-3,31_Do_stretching_exercises,"/home/fluxx/Workspace/cuchx-large/hf_data_manual/LMT_(IMU,Radar,Skeleton)/Training/HARn/31_Do_stretching_exercises/user8/6-1-3",140.0,161.0,22.0,16128689.916,16128692.016,9.99999999290421
train_harn,HARn/31_Do_stretching_exercises/user8/6-2-1,user8,6-2-1,31_Do_stretching_exercises,"/home/fluxx/Workspace/cuchx-large/hf_data_manual/LMT_(IMU,Radar,Skeleton)/Training/HARn/31_Do_stretching_exercises/user8/6-2-1",415.0,463.0,49.0,16062777.416,16062782.216,9.999999998447796
train_harn,HARn/31_Do_stretching_exercises/user8/6-2-2,user8,6-2-2,31_Do_stretching_exercises,"/home/fluxx/Workspace/cuchx-large/hf_data_manual/LMT_(IMU,Radar,Skeleton)/Training/HARn/31_Do_stretching_exercises/user8/6-2-2",253.0,279.0,27.0,16062899.216,16062901.816,10.000000001432804
train_harn,HARn/31_Do_stretching_exercises/user8/6-2-3,user8,6-2-3,31_Do_stretching_exercises,"/home/fluxx/Workspace/cuchx-large/hf_data_manual/LMT_(IMU,Radar,Skeleton)/Training/HARn/31_Do_stretching_exercises/user8/6-2-3",348.0,391.0,44.0,16063022.716,16063027.016,9.999999998267306
train_harn,HARn/31_Do_stretching_exercises/user9/1-1-1,user9,1-1-1,31_Do_stretching_exercises,"/home/fluxx/Workspace/cuchx-large/hf_data_manual/LMT_(IMU,Radar,Skeleton)/Training/HARn/31_Do_stretching_exercises/user9/1-1-1",239.0,275.0,37.0,16136809.816,16136813.416,10.000000001034802
train_harn,HARn/31_Do_stretching_exercises/user9/1-1-2,user9,1-1-2,31_Do_stretching_exercises,"/home/fluxx/Workspace/cuchx-large/hf_data_manual/LMT_(IMU,Radar,Skeleton)/Training/HARn/31_Do_stretching_exercises/user9/1-1-2",157.0,166.0,10.0,16136890.616,16136891.516,9.999999995860788
train_harn,HARn/31_Do_stretching_exercises/user9/1-1-3,user9,1-1-3,31_Do_stretching_exercises,"/home/fluxx/Workspace/cuchx-large/hf_data_manual/LMT_(IMU,Radar,Skeleton)/Training/HARn/31_Do_stretching_exercises/user9/1-1-3",218.0,231.0,14.0,16136993.716,16136995.016,9.999999994268784
train_harn,HARn/31_Do_stretching_exercises/user9/4-2-2,user9,4-2-2,31_Do_stretching_exercises,"/home/fluxx/Workspace/cuchx-large/hf_data_manual/LMT_(IMU,Radar,Skeleton)/Training/HARn/31_Do_stretching_exercises/user9/4-2-2",78.0,115.0,38.0,16106467.716,16106471.416,10.000000002013671
train_harn,HARn/31_Do_stretching_exercises/user9/4-2-3,user9,4-2-3,31_Do_stretching_exercises,"/home/fluxx/Workspace/cuchx-large/hf_data_manual/LMT_(IMU,Radar,Skeleton)/Training/HARn/31_Do_stretching_exercises/user9/4-2-3",57.0,67.0,11.0,16106553.616,16106554.616,10.0
train_harn,HARn/32_Stand_up/user1/2-2-1,user1,2-2-1,32_Stand_up,"/home/fluxx/Workspace/cuchx-large/hf_data_manual/LMT_(IMU,Radar,Skeleton)/Training/HARn/32_Stand_up/user1/2-2-1",54.0,65.0,12.0,14040887.316,14040888.416,10.000000003386628
train_harn,HARn/32_Stand_up/user1/2-2-2,user1,2-2-2,32_Stand_up,"/home/fluxx/Workspace/cuchx-large/hf_data_manual/LMT_(IMU,Radar,Skeleton)/Training/HARn/32_Stand_up/user1/2-2-2",42.0,62.0,21.0,14041279.116,14041281.116,10.0
train_harn,HARn/32_Stand_up/user1/2-2-3,user1,2-2-3,32_Stand_up,"/home/fluxx/Workspace/cuchx-large/hf_data_manual/LMT_(IMU,Radar,Skeleton)/Training/HARn/32_Stand_up/user1/2-2-3",50.0,60.0,11.0,14041541.916,14041542.916,10.0
train_harn,HARn/32_Stand_up/user1/3-2-1,user1,3-2-1,32_Stand_up,"/home/fluxx/Workspace/cuchx-large/hf_data_manual/LMT_(IMU,Radar,Skeleton)/Training/HARn/32_Stand_up/user1/3-2-1",35.0,48.0,14.0,14043277.416,14043278.716,9.999999994268784
train_harn,HARn/32_Stand_up/user1/3-2-2,user1,3-2-2,32_Stand_up,"/home/fluxx/Workspace/cuchx-large/hf_data_manual/LMT_(IMU,Radar,Skeleton)/Training/HARn/32_Stand_up/user1/3-2-2",35.0,48.0,14.0,14043665.416,14043666.716,9.999999994268784
train_harn,HARn/32_Stand_up/user1/3-2-3,user1,3-2-3,32_Stand_up,"/home/fluxx/Workspace/cuchx-large/hf_data_manual/LMT_(IMU,Radar,Skeleton)/Training/HARn/32_Stand_up/user1/3-2-3",26.0,39.0,14.0,14043947.516,14043948.816,10.000000008596825
train_harn,HARn/32_Stand_up/user1/6-2-1,user1,6-2-1,32_Stand_up,"/home/fluxx/Workspace/cuchx-large/hf_data_manual/LMT_(IMU,Radar,Skeleton)/Training/HARn/32_Stand_up/user1/6-2-1",42.0,56.0,15.0,14051153.116,14051154.516,9.999999997339078
train_harn,HARn/32_Stand_up/user1/6-2-2,user1,6-2-2,32_Stand_up,"/home/fluxx/Workspace/cuchx-large/hf_data_manual/LMT_(IMU,Radar,Skeleton)/Training/HARn/32_Stand_up/user1/6-2-2",45.0,57.0,13.0,14051384.416,14051385.616,9.999999990686774
train_harn,HARn/32_Stand_up/user1/6-2-3,user1,6-2-3,32_Stand_up,"/home/fluxx/Workspace/cuchx-large/hf_data_manual/LMT_(IMU,Radar,Skeleton)/Training/HARn/32_Stand_up/user1/6-2-3",50.0,59.0,10.0,14051566.916,14051567.816,9.999999995860788
train_harn,HARn/32_Stand_up/user16/3-1-1,user16,3-1-1,32_Stand_up,"/home/fluxx/Workspace/cuchx-large/hf_data_manual/LMT_(IMU,Radar,Skeleton)/Training/HARn/32_Stand_up/user16/3-1-1",126.0,137.0,12.0,16886778.516,16886779.616,9.99999998645349
train_harn,HARn/32_Stand_up/user16/3-1-2,user16,3-1-2,32_Stand_up,"/home/fluxx/Workspace/cuchx-large/hf_data_manual/LMT_(IMU,Radar,Skeleton)/Training/HARn/32_Stand_up/user16/3-1-2",134.0,171.0,38.0,16886988.316,16886992.016,10.000000002013671
train_harn,HARn/32_Stand_up/user16/3-1-3,user16,3-1-3,32_Stand_up,"/home/fluxx/Workspace/cuchx-large/hf_data_manual/LMT_(IMU,Radar,Skeleton)/Training/HARn/32_Stand_up/user16/3-1-3",91.0,100.0,10.0,16887095.016,16887095.916,9.999999975164732
train_harn,HARn/32_Stand_up/user16/4-1-1,user16,4-1-1,32_Stand_up,"/home/fluxx/Workspace/cuchx-large/hf_data_manual/LMT_(IMU,Radar,Skeleton)/Training/HARn/32_Stand_up/user16/4-1-1",289.0,296.0,8.0,16912400.816,16912401.516,10.000000010643687
train_harn,HARn/32_Stand_up/user16/4-1-2,user16,4-1-2,32_Stand_up,"/home/fluxx/Workspace/cuchx-large/hf_data_manual/LMT_(IMU,Radar,Skeleton)/Training/HARn/32_Stand_up/user16/4-1-2",218.0,228.0,11.0,16912997.716,16912998.716,10.0
train_harn,HARn/32_Stand_up/user16/4-1-3,user16,4-1-3,32_Stand_up,"/home/fluxx/Workspace/cuchx-large/hf_data_manual/LMT_(IMU,Radar,Skeleton)/Training/HARn/32_Stand_up/user16/4-1-3",224.0,237.0,14.0,16912687.316,16912688.616,9.999999994268784
train_harn,HARn/32_Stand_up/user17/4-1-1,user17,4-1-1,32_Stand_up,"/home/fluxx/Workspace/cuchx-large/hf_data_manual/LMT_(IMU,Radar,Skeleton)/Training/HARn/32_Stand_up/user17/4-1-1",265.0,275.0,11.0,16910602.416,16910603.416,10.0
train_harn,HARn/32_Stand_up/user17/4-1-2,user17,4-1-2,32_Stand_up,"/home/fluxx/Workspace/cuchx-large/hf_data_manual/LMT_(IMU,Radar,Skeleton)/Training/HARn/32_Stand_up/user17/4-1-2",239.0,249.0,11.0,16910744.816,16910745.816,10.0
train_harn,HARn/32_Stand_up/user17/4-1-3,user17,4-1-3,32_Stand_up,"/home/fluxx/Workspace/cuchx-large/hf_data_manual/LMT_(IMU,Radar,Skeleton)/Training/HARn/32_Stand_up/user17/4-1-3",182.0,189.0,8.0,16910855.116,16910855.816,10.000000010643687
train_harn,HARn/32_Stand_up/user18/5-1-1,user18,5-1-1,32_Stand_up,"/home/fluxx/Workspace/cuchx-large/hf_data_manual/LMT_(IMU,Radar,Skeleton)/Training/HARn/32_Stand_up/user18/5-1-1",228.0,234.0,7.0,16899664.716,16899665.316,9.999999975164732
train_harn,HARn/32_Stand_up/user18/5-1-2,user18,5-1-2,32_Stand_up,"/home/fluxx/Workspace/cuchx-large/hf_data_manual/LMT_(IMU,Radar,Skeleton)/Training/HARn/32_Stand_up/user18/5-1-2",196.0,201.0,6.0,16899769.516,16899770.016,10.0
train_harn,HARn/32_Stand_up/user18/6-2-1,user18,6-2-1,32_Stand_up,"/home/fluxx/Workspace/cuchx-large/hf_data_manual/LMT_(IMU,Radar,Skeleton)/Training/HARn/32_Stand_up/user18/6-2-1",414.0,419.0,6.0,16900055.316,16900055.816,10.0
train_harn,HARn/32_Stand_up/user18/6-2-2,user18,6-2-2,32_Stand_up,"/home/fluxx/Workspace/cuchx-large/hf_data_manual/LMT_(IMU,Radar,Skeleton)/Training/HARn/32_Stand_up/user18/6-2-2",219.0,224.0,6.0,16900138.816,16900139.316,10.0
train_harn,HARn/32_Stand_up/user18/6-2-3,user18,6-2-3,32_Stand_up,"/home/fluxx/Workspace/cuchx-large/hf_data_manual/LMT_(IMU,Radar,Skeleton)/Training/HARn/32_Stand_up/user18/6-2-3",269.0,279.0,11.0,16900258.816,16900259.816,10.0
train_harn,HARn/32_Stand_up/user19/5-1-1,user19,5-1-1,32_Stand_up,"/home/fluxx/Workspace/cuchx-large/hf_data_manual/LMT_(IMU,Radar,Skeleton)/Training/HARn/32_Stand_up/user19/5-1-1",75.0,90.0,16.0,16906779.416,16906780.916,10.0
train_harn,HARn/32_Stand_up/user19/5-1-2,user19,5-1-2,32_Stand_up,"/home/fluxx/Workspace/cuchx-large/hf_data_manual/LMT_(IMU,Radar,Skeleton)/Training/HARn/32_Stand_up/user19/5-1-2",69.0,77.0,9.0,16906886.816,16906887.616,9.999999990686774
train_harn,HARn/32_Stand_up/user19/5-1-3,user19,5-1-3,32_Stand_up,"/home/fluxx/Workspace/cuchx-large/hf_data_manual/LMT_(IMU,Radar,Skeleton)/Training/HARn/32_Stand_up/user19/5-1-3",59.0,66.0,8.0,16906965.816,16906966.516,10.000000010643687
train_harn,HARn/32_Stand_up/user2/4-1-1,user2,4-1-1,32_Stand_up,"/home/fluxx/Workspace/cuchx-large/hf_data_manual/LMT_(IMU,Radar,Skeleton)/Training/HARn/32_Stand_up/user2/4-1-1",174.0,186.0,13.0,14055868.316,14055869.516,9.999999990686774
train_harn,HARn/32_Stand_up/user2/4-1-2,user2,4-1-2,32_Stand_up,"/home/fluxx/Workspace/cuchx-large/hf_data_manual/LMT_(IMU,Radar,Skeleton)/Training/HARn/32_Stand_up/user2/4-1-2",134.0,146.0,13.0,14056120.316,14056121.516,9.999999990686774
train_harn,HARn/32_Stand_up/user2/4-1-3,user2,4-1-3,32_Stand_up,"/home/fluxx/Workspace/cuchx-large/hf_data_manual/LMT_(IMU,Radar,Skeleton)/Training/HARn/32_Stand_up/user2/4-1-3",114.0,125.0,12.0,14056283.316,14056284.416,10.000000003386628
train_harn,HARn/32_Stand_up/user2/4-3-3,user2,4-3-3,32_Stand_up,"/home/fluxx/Workspace/cuchx-large/hf_data_manual/LMT_(IMU,Radar,Skeleton)/Training/HARn/32_Stand_up/user2/4-3-3",10.0,22.0,13.0,14056692.916,14056694.116,9.999999990686774
train_harn,HARn/32_Stand_up/user2/7-3-1,user2,7-3-1,32_Stand_up,"/home/fluxx/Workspace/cuchx-large/hf_data_manual/LMT_(IMU,Radar,Skeleton)/Training/HARn/32_Stand_up/user2/7-3-1",244.0,257.0,14.0,14059210.316,14059211.616,9.999999994268784
train_harn,HARn/32_Stand_up/user2/7-3-2,user2,7-3-2,32_Stand_up,"/home/fluxx/Workspace/cuchx-large/hf_data_manual/LMT_(IMU,Radar,Skeleton)/Training/HARn/32_Stand_up/user2/7-3-2",160.0,165.0,6.0,14059458.916,14059459.416,10.0
train_harn,HARn/32_Stand_up/user2/7-3-3,user2,7-3-3,32_Stand_up,"/home/fluxx/Workspace/cuchx-large/hf_data_manual/LMT_(IMU,Radar,Skeleton)/Training/HARn/32_Stand_up/user2/7-3-3",126.0,134.0,9.0,14059567.516,14059568.316,10.000000013969839
train_harn,HARn/32_Stand_up/user20/6-3-1,user20,6-3-1,32_Stand_up,"/home/fluxx/Workspace/cuchx-large/hf_data_manual/LMT_(IMU,Radar,Skeleton)/Training/HARn/32_Stand_up/user20/6-3-1",230.0,244.0,15.0,16902563.916,16902565.316,10.000000010643687
train_harn,HARn/32_Stand_up/user20/6-3-2,user20,6-3-2,32_Stand_up,"/home/fluxx/Workspace/cuchx-large/hf_data_manual/LMT_(IMU,Radar,Skeleton)/Training/HARn/32_Stand_up/user20/6-3-2",134.0,141.0,8.0,16902639.316,16902640.016,10.000000010643687
train_harn,HARn/32_Stand_up/user20/6-3-3,user20,6-3-3,32_Stand_up,"/home/fluxx/Workspace/cuchx-large/hf_data_manual/LMT_(IMU,Radar,Skeleton)/Training/HARn/32_Stand_up/user20/6-3-3",186.0,196.0,11.0,16902703.516,16902704.516,10.0
train_harn,HARn/32_Stand_up/user21/2-2-1,user21,2-2-1,32_Stand_up,"/home/fluxx/Workspace/cuchx-large/hf_data_manual/LMT_(IMU,Radar,Skeleton)/Training/HARn/32_Stand_up/user21/2-2-1",203.0,218.0,16.0,17164849.216,17164850.716,10.0
train_harn,HARn/32_Stand_up/user21/2-2-2,user21,2-2-2,32_Stand_up,"/home/fluxx/Workspace/cuchx-large/hf_data_manual/LMT_(IMU,Radar,Skeleton)/Training/HARn/32_Stand_up/user21/2-2-2",164.0,172.0,9.0,17164941.316,17164942.116,9.999999990686774
train_harn,HARn/32_Stand_up/user21/2-2-3,user21,2-2-3,32_Stand_up,"/home/fluxx/Workspace/cuchx-large/hf_data_manual/LMT_(IMU,Radar,Skeleton)/Training/HARn/32_Stand_up/user21/2-2-3",122.0,126.0,5.0,17165379.116,17165379.516,10.000000037252903
train_harn,HARn/32_Stand_up/user21/4-1-1,user21,4-1-1,32_Stand_up,"/home/fluxx/Workspace/cuchx-large/hf_data_manual/LMT_(IMU,Radar,Skeleton)/Training/HARn/32_Stand_up/user21/4-1-1",213.0,222.0,10.0,17082288.216,17082289.116,9.999999975164732
train_harn,HARn/32_Stand_up/user21/4-1-2,user21,4-1-2,32_Stand_up,"/home/fluxx/Workspace/cuchx-large/hf_data_manual/LMT_(IMU,Radar,Skeleton)/Training/HARn/32_Stand_up/user21/4-1-2",161.0,166.0,6.0,17082468.016,17082468.516,10.0
train_harn,HARn/32_Stand_up/user21/4-1-3,user21,4-1-3,32_Stand_up,"/home/fluxx/Workspace/cuchx-large/hf_data_manual/LMT_(IMU,Radar,Skeleton)/Training/HARn/32_Stand_up/user21/4-1-3",103.0,105.0,3.0,17082550.216,17082550.416,9.99999985098839
train_harn,HARn/32_Stand_up/user22/7-2-1,user22,7-2-1,32_Stand_up,"/home/fluxx/Workspace/cuchx-large/hf_data_manual/LMT_(IMU,Radar,Skeleton)/Training/HARn/32_Stand_up/user22/7-2-1",37.0,40.0,4.0,17086526.616,17086526.916,9.999999975164732
train_harn,HARn/32_Stand_up/user22/7-2-2,user22,7-2-2,32_Stand_up,"/home/fluxx/Workspace/cuchx-large/hf_data_manual/LMT_(IMU,Radar,Skeleton)/Training/HARn/32_Stand_up/user22/7-2-2",33.0,39.0,7.0,17086608.216,17086608.816,9.999999975164732
train_harn,HARn/32_Stand_up/user22/7-3-1,user22,7-3-1,32_Stand_up,"/home/fluxx/Workspace/cuchx-large/hf_data_manual/LMT_(IMU,Radar,Skeleton)/Training/HARn/32_Stand_up/user22/7-3-1",84.0,96.0,13.0,17086751.316,17086752.516,10.000000006208817
train_harn,HARn/32_Stand_up/user22/7-3-2,user22,7-3-2,32_Stand_up,"/home/fluxx/Workspace/cuchx-large/hf_data_manual/LMT_(IMU,Radar,Skeleton)/Training/HARn/32_Stand_up/user22/7-3-2",55.0,64.0,10.0,17086892.416,17086893.316,10.000000016556847
train_harn,HARn/32_Stand_up/user23/7-1-1,user23,7-1-1,32_Stand_up,"/home/fluxx/Workspace/cuchx-large/hf_data_manual/LMT_(IMU,Radar,Skeleton)/Training/HARn/32_Stand_up/user23/7-1-1",69.0,88.0,20.0,17145221.816,17145223.716,10.000000007842717
train_harn,HARn/32_Stand_up/user23/7-1-2,user23,7-1-2,32_Stand_up,"/home/fluxx/Workspace/cuchx-large/hf_data_manual/LMT_(IMU,Radar,Skeleton)/Training/HARn/32_Stand_up/user23/7-1-2",73.0,90.0,18.0,17145302.216,17145303.916,9.999999982469221
train_harn,HARn/32_Stand_up/user23/7-1-3,user23,7-1-3,32_Stand_up,"/home/fluxx/Workspace/cuchx-large/hf_data_manual/LMT_(IMU,Radar,Skeleton)/Training/HARn/32_Stand_up/user23/7-1-3",61.0,69.0,9.0,17145378.016,17145378.816,9.999999990686774
train_harn,HARn/32_Stand_up/user23/7-3-1,user23,7-3-1,32_Stand_up,"/home/fluxx/Workspace/cuchx-large/hf_data_manual/LMT_(IMU,Radar,Skeleton)/Training/HARn/32_Stand_up/user23/7-3-1",136.0,148.0,13.0,17145567.516,17145568.716,10.000000006208817
train_harn,HARn/32_Stand_up/user23/7-3-2,user23,7-3-2,32_Stand_up,"/home/fluxx/Workspace/cuchx-large/hf_data_manual/LMT_(IMU,Radar,Skeleton)/Training/HARn/32_Stand_up/user23/7-3-2",120.0,128.0,9.0,17145662.916,17145663.716,10.000000037252903
train_harn,HARn/32_Stand_up/user23/7-3-3,user23,7-3-3,32_Stand_up,"/home/fluxx/Workspace/cuchx-large/hf_data_manual/LMT_(IMU,Radar,Skeleton)/Training/HARn/32_Stand_up/user23/7-3-3",56.0,59.0,4.0,17145731.516,17145731.816,9.999999975164732
train_harn,HARn/32_Stand_up/user24/5-1-1,user24,5-1-1,32_Stand_up,"/home/fluxx/Workspace/cuchx-large/hf_data_manual/LMT_(IMU,Radar,Skeleton)/Training/HARn/32_Stand_up/user24/5-1-1",187.0,194.0,8.0,17147955.616,17147956.316,10.000000010643687
train_harn,HARn/32_Stand_up/user24/5-1-2,user24,5-1-2,32_Stand_up,"/home/fluxx/Workspace/cuchx-large/hf_data_manual/LMT_(IMU,Radar,Skeleton)/Training/HARn/32_Stand_up/user24/5-1-2",155.0,163.0,9.0,17148034.416,17148035.216,10.000000037252903
train_harn,HARn/32_Stand_up/user24/5-1-3,user24,5-1-3,32_Stand_up,"/home/fluxx/Workspace/cuchx-large/hf_data_manual/LMT_(IMU,Radar,Skeleton)/Training/HARn/32_Stand_up/user24/5-1-3",112.0,118.0,7.0,17148291.116,17148291.716,10.000000037252903
train_harn,HARn/32_Stand_up/user24/6-3-1,user24,6-3-1,32_Stand_up,"/home/fluxx/Workspace/cuchx-large/hf_data_manual/LMT_(IMU,Radar,Skeleton)/Training/HARn/32_Stand_up/user24/6-3-1",92.0,105.0,14.0,17232187.116,17232188.416,9.999999994268784
train_harn,HARn/32_Stand_up/user24/6-3-2,user24,6-3-2,32_Stand_up,"/home/fluxx/Workspace/cuchx-large/hf_data_manual/LMT_(IMU,Radar,Skeleton)/Training/HARn/32_Stand_up/user24/6-3-2",75.0,86.0,12.0,17232257.416,17232258.516,10.000000020319765
train_harn,HARn/32_Stand_up/user24/6-3-3,user24,6-3-3,32_Stand_up,"/home/fluxx/Workspace/cuchx-large/hf_data_manual/LMT_(IMU,Radar,Skeleton)/Training/HARn/32_Stand_up/user24/6-3-3",50.0,59.0,10.0,17232338.916,17232339.816,10.000000016556847
train_harn,HARn/32_Stand_up/user3/2-1-1,user3,2-1-1,32_Stand_up,"/home/fluxx/Workspace/cuchx-large/hf_data_manual/LMT_(IMU,Radar,Skeleton)/Training/HARn/32_Stand_up/user3/2-1-1",294.0,302.0,9.0,14061199.316,14061200.116,9.999999990686774
train_harn,HARn/32_Stand_up/user3/2-1-2,user3,2-1-2,32_Stand_up,"/home/fluxx/Workspace/cuchx-large/hf_data_manual/LMT_(IMU,Radar,Skeleton)/Training/HARn/32_Stand_up/user3/2-1-2",153.0,162.0,10.0,14061958.216,14061959.116,9.999999995860788
train_harn,HARn/32_Stand_up/user3/2-1-3,user3,2-1-3,32_Stand_up,"/home/fluxx/Workspace/cuchx-large/hf_data_manual/LMT_(IMU,Radar,Skeleton)/Training/HARn/32_Stand_up/user3/2-1-3",189.0,195.0,7.0,14062111.816,14062112.416,10.000000006208817
train_harn,HARn/32_Stand_up/user3/7-1-1,user3,7-1-1,32_Stand_up,"/home/fluxx/Workspace/cuchx-large/hf_data_manual/LMT_(IMU,Radar,Skeleton)/Training/HARn/32_Stand_up/user3/7-1-1",500.0,509.0,10.0,14064548.916,14064549.816,9.999999995860788
train_harn,HARn/32_Stand_up/user3/7-1-2,user3,7-1-2,32_Stand_up,"/home/fluxx/Workspace/cuchx-large/hf_data_manual/LMT_(IMU,Radar,Skeleton)/Training/HARn/32_Stand_up/user3/7-1-2",382.0,387.0,6.0,14064663.116,14064663.616,10.0
train_harn,HARn/32_Stand_up/user3/7-1-3,user3,7-1-3,32_Stand_up,"/home/fluxx/Workspace/cuchx-large/hf_data_manual/LMT_(IMU,Radar,Skeleton)/Training/HARn/32_Stand_up/user3/7-1-3",206.0,211.0,6.0,14064814.516,14064815.016,10.0
train_harn,HARn/32_Stand_up/user4/2-1-1,user4,2-1-1,32_Stand_up,"/home/fluxx/Workspace/cuchx-large/hf_data_manual/LMT_(IMU,Radar,Skeleton)/Training/HARn/32_Stand_up/user4/2-1-1",315.0,324.0,10.0,14065402.416,14065403.316,9.999999995860788
train_harn,HARn/32_Stand_up/user4/2-1-2,user4,2-1-2,32_Stand_up,"/home/fluxx/Workspace/cuchx-large/hf_data_manual/LMT_(IMU,Radar,Skeleton)/Training/HARn/32_Stand_up/user4/2-1-2",235.0,242.0,8.0,14065546.416,14065547.116,9.99999998403447
train_harn,HARn/32_Stand_up/user4/2-1-3,user4,2-1-3,32_Stand_up,"/home/fluxx/Workspace/cuchx-large/hf_data_manual/LMT_(IMU,Radar,Skeleton)/Training/HARn/32_Stand_up/user4/2-1-3",156.0,162.0,7.0,14065613.516,14065614.116,10.000000006208817
train_harn,HARn/32_Stand_up/user4/3-2-1,user4,3-2-1,32_Stand_up,"/home/fluxx/Workspace/cuchx-large/hf_data_manual/LMT_(IMU,Radar,Skeleton)/Training/HARn/32_Stand_up/user4/3-2-1",158.0,171.0,14.0,14065846.716,14065848.016,9.999999994268784
train_harn,HARn/32_Stand_up/user4/3-2-2,user4,3-2-2,32_Stand_up,"/home/fluxx/Workspace/cuchx-large/hf_data_manual/LMT_(IMU,Radar,Skeleton)/Training/HARn/32_Stand_up/user4/3-2-2",164.0,175.0,12.0,14065981.316,14065982.416,10.000000003386628
train_harn,HARn/32_Stand_up/user4/3-2-3,user4,3-2-3,32_Stand_up,"/home/fluxx/Workspace/cuchx-large/hf_data_manual/LMT_(IMU,Radar,Skeleton)/Training/HARn/32_Stand_up/user4/3-2-3",115.0,137.0,23.0,14066085.416,14066087.616,9.999999994920058
train_harn,HARn/32_Stand_up/user4/7-2-1,user4,7-2-1,32_Stand_up,"/home/fluxx/Workspace/cuchx-large/hf_data_manual/LMT_(IMU,Radar,Skeleton)/Training/HARn/32_Stand_up/user4/7-2-1",24.0,37.0,14.0,14068010.316,14068011.616,9.999999994268784
train_harn,HARn/32_Stand_up/user4/7-2-2,user4,7-2-2,32_Stand_up,"/home/fluxx/Workspace/cuchx-large/hf_data_manual/LMT_(IMU,Radar,Skeleton)/Training/HARn/32_Stand_up/user4/7-2-2",34.0,52.0,19.0,14068203.316,14068205.116,9.999999995860788
train_harn,HARn/32_Stand_up/user4/7-2-3,user4,7-2-3,32_Stand_up,"/home/fluxx/Workspace/cuchx-large/hf_data_manual/LMT_(IMU,Radar,Skeleton)/Training/HARn/32_Stand_up/user4/7-2-3",19.0,33.0,15.0,14068352.816,14068354.216,9.999999997339078
train_harn,HARn/32_Stand_up/user6/4-1-1,user6,4-1-1,32_Stand_up,"/home/fluxx/Workspace/cuchx-large/hf_data_manual/LMT_(IMU,Radar,Skeleton)/Training/HARn/32_Stand_up/user6/4-1-1",185.0,196.0,12.0,16126814.416,16126815.516,9.99999998645349
train_harn,HARn/32_Stand_up/user6/4-1-2,user6,4-1-2,32_Stand_up,"/home/fluxx/Workspace/cuchx-large/hf_data_manual/LMT_(IMU,Radar,Skeleton)/Training/HARn/32_Stand_up/user6/4-1-2",168.0,181.0,14.0,16126945.716,16126947.016,9.999999994268784
train_harn,HARn/32_Stand_up/user6/4-1-3,user6,4-1-3,32_Stand_up,"/home/fluxx/Workspace/cuchx-large/hf_data_manual/LMT_(IMU,Radar,Skeleton)/Training/HARn/32_Stand_up/user6/4-1-3",155.0,161.0,7.0,16127057.416,16127058.016,9.999999975164732
train_harn,HARn/32_Stand_up/user7/4-1-1,user7,4-1-1,32_Stand_up,"/home/fluxx/Workspace/cuchx-large/hf_data_manual/LMT_(IMU,Radar,Skeleton)/Training/HARn/32_Stand_up/user7/4-1-1",231.0,235.0,5.0,16125143.016,16125143.416,10.000000037252903
train_harn,HARn/32_Stand_up/user7/4-1-2,user7,4-1-2,32_Stand_up,"/home/fluxx/Workspace/cuchx-large/hf_data_manual/LMT_(IMU,Radar,Skeleton)/Training/HARn/32_Stand_up/user7/4-1-2",153.0,159.0,7.0,16125271.216,16125271.816,10.000000006208817
train_harn,HARn/32_Stand_up/user7/4-1-3,user7,4-1-3,32_Stand_up,"/home/fluxx/Workspace/cuchx-large/hf_data_manual/LMT_(IMU,Radar,Skeleton)/Training/HARn/32_Stand_up/user7/4-1-3",138.0,140.0,3.0,16125421.716,16125421.916,10.000000037252903
train_harn,HARn/32_Stand_up/user8/5-1-1,user8,5-1-1,32_Stand_up,"/home/fluxx/Workspace/cuchx-large/hf_data_manual/LMT_(IMU,Radar,Skeleton)/Training/HARn/32_Stand_up/user8/5-1-1",203.0,207.0,5.0,16062361.216,16062361.616,9.999999990686774
train_harn,HARn/32_Stand_up/user8/5-1-2,user8,5-1-2,32_Stand_up,"/home/fluxx/Workspace/cuchx-large/hf_data_manual/LMT_(IMU,Radar,Skeleton)/Training/HARn/32_Stand_up/user8/5-1-2",168.0,172.0,5.0,16062459.716,16062460.116,9.999999990686774
train_harn,HARn/32_Stand_up/user9/5-1-1,user9,5-1-1,32_Stand_up,"/home/fluxx/Workspace/cuchx-large/hf_data_manual/LMT_(IMU,Radar,Skeleton)/Training/HARn/32_Stand_up/user9/5-1-1",91.0,96.0,6.0,16131573.016,16131573.516,10.0
train_harn,HARn/32_Stand_up/user9/5-1-2,user9,5-1-2,32_Stand_up,"/home/fluxx/Workspace/cuchx-large/hf_data_manual/LMT_(IMU,Radar,Skeleton)/Training/HARn/32_Stand_up/user9/5-1-2",81.0,88.0,8.0,16131658.016,16131658.716,10.000000010643687
train_harn,HARn/32_Stand_up/user9/5-1-3,user9,5-1-3,32_Stand_up,"/home/fluxx/Workspace/cuchx-large/hf_data_manual/LMT_(IMU,Radar,Skeleton)/Training/HARn/32_Stand_up/user9/5-1-3",57.0,63.0,7.0,16131748.616,16131749.216,10.000000006208817
train_harn,HARn/33_Lie_down/user16/5-3-1,user16,5-3-1,33_Lie_down,"/home/fluxx/Workspace/cuchx-large/hf_data_manual/LMT_(IMU,Radar,Skeleton)/Training/HARn/33_Lie_down/user16/5-3-1",189.0,310.0,122.0,16887748.816,16887760.916,9.9999999987685
train_harn,HARn/33_Lie_down/user16/5-3-2,user16,5-3-2,33_Lie_down,"/home/fluxx/Workspace/cuchx-large/hf_data_manual/LMT_(IMU,Radar,Skeleton)/Training/HARn/33_Lie_down/user16/5-3-2",156.0,215.0,60.0,16887892.516,16887898.416,9.999999996211569
train_harn,HARn/33_Lie_down/user16/5-3-3,user16,5-3-3,33_Lie_down,"/home/fluxx/Workspace/cuchx-large/hf_data_manual/LMT_(IMU,Radar,Skeleton)/Training/HARn/33_Lie_down/user16/5-3-3",100.0,137.0,38.0,16888061.916,16888065.616,10.000000002013671
train_harn,HARn/33_Lie_down/user16/6-1-1,user16,6-1-1,33_Lie_down,"/home/fluxx/Workspace/cuchx-large/hf_data_manual/LMT_(IMU,Radar,Skeleton)/Training/HARn/33_Lie_down/user16/6-1-1",102.0,157.0,56.0,16888287.116,16888292.616,10.0
train_harn,HARn/33_Lie_down/user16/6-1-2,user16,6-1-2,33_Lie_down,"/home/fluxx/Workspace/cuchx-large/hf_data_manual/LMT_(IMU,Radar,Skeleton)/Training/HARn/33_Lie_down/user16/6-1-2",89.0,114.0,26.0,16888542.816,16888545.316,10.0
train_harn,HARn/33_Lie_down/user16/6-1-3,user16,6-1-3,33_Lie_down,"/home/fluxx/Workspace/cuchx-large/hf_data_manual/LMT_(IMU,Radar,Skeleton)/Training/HARn/33_Lie_down/user16/6-1-3",89.0,117.0,29.0,16888669.816,16888672.616,9.999999997339078
train_harn,HARn/33_Lie_down/user17/2-2-1,user17,2-2-1,33_Lie_down,"/home/fluxx/Workspace/cuchx-large/hf_data_manual/LMT_(IMU,Radar,Skeleton)/Training/HARn/33_Lie_down/user17/2-2-1",62.0,90.0,29.0,16890282.116,16890284.916,9.999999997339078
train_harn,HARn/33_Lie_down/user17/2-2-2,user17,2-2-2,33_Lie_down,"/home/fluxx/Workspace/cuchx-large/hf_data_manual/LMT_(IMU,Radar,Skeleton)/Training/HARn/33_Lie_down/user17/2-2-2",60.0,91.0,32.0,16890414.916,16890418.016,10.00000000721024
train_harn,HARn/33_Lie_down/user17/2-2-3,user17,2-2-3,33_Lie_down,"/home/fluxx/Workspace/cuchx-large/hf_data_manual/LMT_(IMU,Radar,Skeleton)/Training/HARn/33_Lie_down/user17/2-2-3",43.0,61.0,19.0,16890513.216,16890515.016,9.999999995860788
train_harn,HARn/33_Lie_down/user19/3-3-1,user19,3-3-1,33_Lie_down,"/home/fluxx/Workspace/cuchx-large/hf_data_manual/LMT_(IMU,Radar,Skeleton)/Training/HARn/33_Lie_down/user19/3-3-1",276.0,292.0,17.0,16900901.516,16900903.116,9.999999990686774
train_harn,HARn/33_Lie_down/user19/3-3-2,user19,3-3-2,33_Lie_down,"/home/fluxx/Workspace/cuchx-large/hf_data_manual/LMT_(IMU,Radar,Skeleton)/Training/HARn/33_Lie_down/user19/3-3-2",198.0,213.0,16.0,16900987.716,16900989.216,10.0
train_harn,HARn/33_Lie_down/user19/3-3-3,user19,3-3-3,33_Lie_down,"/home/fluxx/Workspace/cuchx-large/hf_data_manual/LMT_(IMU,Radar,Skeleton)/Training/HARn/33_Lie_down/user19/3-3-3",127.0,133.0,7.0,16901060.616,16901061.216,10.000000037252903
train_harn,HARn/33_Lie_down/user24/2-2-1,user24,2-2-1,33_Lie_down,"/home/fluxx/Workspace/cuchx-large/hf_data_manual/LMT_(IMU,Radar,Skeleton)/Training/HARn/33_Lie_down/user24/2-2-1",136.0,156.0,21.0,17230884.516,17230886.516,10.0
train_harn,HARn/33_Lie_down/user24/2-2-2,user24,2-2-2,33_Lie_down,"/home/fluxx/Workspace/cuchx-large/hf_data_manual/LMT_(IMU,Radar,Skeleton)/Training/HARn/33_Lie_down/user24/2-2-2",125.0,140.0,16.0,17230985.416,17230986.916,10.0
train_harn,HARn/33_Lie_down/user24/2-2-3,user24,2-2-3,33_Lie_down,"/home/fluxx/Workspace/cuchx-large/hf_data_manual/LMT_(IMU,Radar,Skeleton)/Training/HARn/33_Lie_down/user24/2-2-3",75.0,82.0,8.0,17231062.416,17231063.116,10.000000010643687
train_harn,HARn/33_Lie_down/user3/2-1-1,user3,2-1-1,33_Lie_down,"/home/fluxx/Workspace/cuchx-large/hf_data_manual/LMT_(IMU,Radar,Skeleton)/Training/HARn/33_Lie_down/user3/2-1-1",219.0,262.0,44.0,14061191.816,14061196.116,9.999999998267306
train_harn,HARn/33_Lie_down/user3/2-1-2,user3,2-1-2,33_Lie_down,"/home/fluxx/Workspace/cuchx-large/hf_data_manual/LMT_(IMU,Radar,Skeleton)/Training/HARn/33_Lie_down/user3/2-1-2",138.0,143.0,6.0,14061956.716,14061957.216,10.0
train_harn,HARn/33_Lie_down/user3/2-1-3,user3,2-1-3,33_Lie_down,"/home/fluxx/Workspace/cuchx-large/hf_data_manual/LMT_(IMU,Radar,Skeleton)/Training/HARn/33_Lie_down/user3/2-1-3",141.0,170.0,30.0,14062107.016,14062109.916,10.00000000513833
train_harn,HARn/33_Lie_down/user6/5-3-1,user6,5-3-1,33_Lie_down,"/home/fluxx/Workspace/cuchx-large/hf_data_manual/LMT_(IMU,Radar,Skeleton)/Training/HARn/33_Lie_down/user6/5-3-1",87.0,138.0,52.0,16055147.616,16055152.716,10.000000000730449
train_harn,HARn/33_Lie_down/user6/5-3-2,user6,5-3-2,33_Lie_down,"/home/fluxx/Workspace/cuchx-large/hf_data_manual/LMT_(IMU,Radar,Skeleton)/Training/HARn/33_Lie_down/user6/5-3-2",97.0,144.0,48.0,16055263.616,16055268.316,10.00000000158523
train_harn,HARn/33_Lie_down/user6/5-3-3,user6,5-3-3,33_Lie_down,"/home/fluxx/Workspace/cuchx-large/hf_data_manual/LMT_(IMU,Radar,Skeleton)/Training/HARn/33_Lie_down/user6/5-3-3",57.0,85.0,29.0,16055851.616,16055854.416,10.000000003991383
train_harn,HARn/33_Lie_down/user6/6-1-1,user6,6-1-1,33_Lie_down,"/home/fluxx/Workspace/cuchx-large/hf_data_manual/LMT_(IMU,Radar,Skeleton)/Training/HARn/33_Lie_down/user6/6-1-1",53.0,111.0,59.0,16055979.216,16055985.016,9.999999998715417
train_harn,HARn/33_Lie_down/user6/6-1-2,user6,6-1-2,33_Lie_down,"/home/fluxx/Workspace/cuchx-large/hf_data_manual/LMT_(IMU,Radar,Skeleton)/Training/HARn/33_Lie_down/user6/6-1-2",50.0,71.0,22.0,16056107.916,16056110.016,9.99999999290421
train_harn,HARn/33_Lie_down/user6/6-1-3,user6,6-1-3,33_Lie_down,"/home/fluxx/Workspace/cuchx-large/hf_data_manual/LMT_(IMU,Radar,Skeleton)/Training/HARn/33_Lie_down/user6/6-1-3",45.0,76.0,32.0,16056217.416,16056220.516,9.999999995193173
train_harn,HARn/33_Lie_down/user7/2-2-1,user7,2-2-1,33_Lie_down,"/home/fluxx/Workspace/cuchx-large/hf_data_manual/LMT_(IMU,Radar,Skeleton)/Training/HARn/33_Lie_down/user7/2-2-1",58.0,105.0,48.0,16057065.716,16057070.416,10.00000000158523
train_harn,HARn/33_Lie_down/user7/2-2-2,user7,2-2-2,33_Lie_down,"/home/fluxx/Workspace/cuchx-large/hf_data_manual/LMT_(IMU,Radar,Skeleton)/Training/HARn/33_Lie_down/user7/2-2-2",34.0,70.0,37.0,16057267.316,16057270.916,10.000000001034802
train_harn,HARn/33_Lie_down/user7/2-2-3,user7,2-2-3,33_Lie_down,"/home/fluxx/Workspace/cuchx-large/hf_data_manual/LMT_(IMU,Radar,Skeleton)/Training/HARn/33_Lie_down/user7/2-2-3",27.0,54.0,28.0,16057418.616,16057421.316,10.000000002759474
train_harn,HARn/33_Lie_down/user9/3-3-1,user9,3-3-1,33_Lie_down,"/home/fluxx/Workspace/cuchx-large/hf_data_manual/LMT_(IMU,Radar,Skeleton)/Training/HARn/33_Lie_down/user9/3-3-1",262.0,301.0,40.0,16105725.116,16105729.016,9.999999999044798
train_harn,HARn/33_Lie_down/user9/3-3-2,user9,3-3-2,33_Lie_down,"/home/fluxx/Workspace/cuchx-large/hf_data_manual/LMT_(IMU,Radar,Skeleton)/Training/HARn/33_Lie_down/user9/3-3-2",226.0,260.0,35.0,16106056.516,16106059.916,10.000000004382695
train_harn,HARn/33_Lie_down/user9/3-3-3,user9,3-3-3,33_Lie_down,"/home/fluxx/Workspace/cuchx-large/hf_data_manual/LMT_(IMU,Radar,Skeleton)/Training/HARn/33_Lie_down/user9/3-3-3",162.0,188.0,27.0,16106174.116,16106176.716,10.000000001432804
train_harn,HARn/33_Lie_down/user9/6-2-1,user9,6-2-1,33_Lie_down,"/home/fluxx/Workspace/cuchx-large/hf_data_manual/LMT_(IMU,Radar,Skeleton)/Training/HARn/33_Lie_down/user9/6-2-1",92.0,124.0,33.0,16106736.116,16106739.316,10.000000002328306
train_harn,HARn/33_Lie_down/user9/6-2-2,user9,6-2-2,33_Lie_down,"/home/fluxx/Workspace/cuchx-large/hf_data_manual/LMT_(IMU,Radar,Skeleton)/Training/HARn/33_Lie_down/user9/6-2-2",52.0,66.0,15.0,16106857.116,16106858.516,9.999999997339078
train_harn,HARn/33_Lie_down/user9/6-2-3,user9,6-2-3,33_Lie_down,"/home/fluxx/Workspace/cuchx-large/hf_data_manual/LMT_(IMU,Radar,Skeleton)/Training/HARn/33_Lie_down/user9/6-2-3",76.0,102.0,27.0,16106943.516,16106946.116,10.000000001432804
train_harn,HARn/34_Sit_down/user1/2-2-1,user1,2-2-1,34_Sit_down,"/home/fluxx/Workspace/cuchx-large/hf_data_manual/LMT_(IMU,Radar,Skeleton)/Training/HARn/34_Sit_down/user1/2-2-1",115.0,128.0,14.0,14040893.416,14040894.716,9.999999994268784
train_harn,HARn/34_Sit_down/user1/2-2-2,user1,2-2-2,34_Sit_down,"/home/fluxx/Workspace/cuchx-large/hf_data_manual/LMT_(IMU,Radar,Skeleton)/Training/HARn/34_Sit_down/user1/2-2-2",118.0,134.0,17.0,14041286.716,14041288.316,10.000000002328306
train_harn,HARn/34_Sit_down/user1/2-2-3,user1,2-2-3,34_Sit_down,"/home/fluxx/Workspace/cuchx-large/hf_data_manual/LMT_(IMU,Radar,Skeleton)/Training/HARn/34_Sit_down/user1/2-2-3",78.0,86.0,9.0,14041544.716,14041545.516,9.999999990686774
train_harn,HARn/34_Sit_down/user1/3-2-1,user1,3-2-1,34_Sit_down,"/home/fluxx/Workspace/cuchx-large/hf_data_manual/LMT_(IMU,Radar,Skeleton)/Training/HARn/34_Sit_down/user1/3-2-1",243.0,255.0,13.0,14043298.216,14043299.416,10.000000006208817
train_harn,HARn/34_Sit_down/user1/3-2-2,user1,3-2-2,34_Sit_down,"/home/fluxx/Workspace/cuchx-large/hf_data_manual/LMT_(IMU,Radar,Skeleton)/Training/HARn/34_Sit_down/user1/3-2-2",256.0,269.0,14.0,14043687.516,14043688.816,10.000000008596825
train_harn,HARn/34_Sit_down/user1/3-2-3,user1,3-2-3,34_Sit_down,"/home/fluxx/Workspace/cuchx-large/hf_data_manual/LMT_(IMU,Radar,Skeleton)/Training/HARn/34_Sit_down/user1/3-2-3",174.0,182.0,9.0,14043962.316,14043963.116,9.999999990686774
train_harn,HARn/34_Sit_down/user1/6-2-1,user1,6-2-1,34_Sit_down,"/home/fluxx/Workspace/cuchx-large/hf_data_manual/LMT_(IMU,Radar,Skeleton)/Training/HARn/34_Sit_down/user1/6-2-1",235.0,243.0,9.0,14051172.416,14051173.216,9.999999990686774
train_harn,HARn/34_Sit_down/user1/6-2-2,user1,6-2-2,34_Sit_down,"/home/fluxx/Workspace/cuchx-large/hf_data_manual/LMT_(IMU,Radar,Skeleton)/Training/HARn/34_Sit_down/user1/6-2-2",229.0,243.0,15.0,14051402.816,14051404.216,9.999999997339078
train_harn,HARn/34_Sit_down/user1/6-2-3,user1,6-2-3,34_Sit_down,"/home/fluxx/Workspace/cuchx-large/hf_data_manual/LMT_(IMU,Radar,Skeleton)/Training/HARn/34_Sit_down/user1/6-2-3",165.0,172.0,8.0,14051578.416,14051579.116,9.99999998403447
train_harn,HARn/34_Sit_down/user1/7-1-1,user1,7-1-1,34_Sit_down,"/home/fluxx/Workspace/cuchx-large/hf_data_manual/LMT_(IMU,Radar,Skeleton)/Training/HARn/34_Sit_down/user1/7-1-1",66.0,82.0,17.0,14052210.516,14052212.116,10.000000002328306
train_harn,HARn/34_Sit_down/user1/7-1-2,user1,7-1-2,34_Sit_down,"/home/fluxx/Workspace/cuchx-large/hf_data_manual/LMT_(IMU,Radar,Skeleton)/Training/HARn/34_Sit_down/user1/7-1-2",66.0,85.0,20.0,14052473.516,14052475.416,10.000000007842717
train_harn,HARn/34_Sit_down/user1/7-1-3,user1,7-1-3,34_Sit_down,"/home/fluxx/Workspace/cuchx-large/hf_data_manual/LMT_(IMU,Radar,Skeleton)/Training/HARn/34_Sit_down/user1/7-1-3",46.0,56.0,11.0,14052659.516,14052660.516,10.0
train_harn,HARn/34_Sit_down/user16/4-1-1,user16,4-1-1,34_Sit_down,"/home/fluxx/Workspace/cuchx-large/hf_data_manual/LMT_(IMU,Radar,Skeleton)/Training/HARn/34_Sit_down/user16/4-1-1",389.0,404.0,16.0,16912410.816,16912412.316,10.0
train_harn,HARn/34_Sit_down/user16/4-1-2,user16,4-1-2,34_Sit_down,"/home/fluxx/Workspace/cuchx-large/hf_data_manual/LMT_(IMU,Radar,Skeleton)/Training/HARn/34_Sit_down/user16/4-1-2",268.0,281.0,14.0,16913002.716,16913004.016,9.999999994268784
train_harn,HARn/34_Sit_down/user16/4-1-3,user16,4-1-3,34_Sit_down,"/home/fluxx/Workspace/cuchx-large/hf_data_manual/LMT_(IMU,Radar,Skeleton)/Training/HARn/34_Sit_down/user16/4-1-3",280.0,288.0,9.0,16912692.916,16912693.716,10.000000037252903
train_harn,HARn/34_Sit_down/user16/7-1-1,user16,7-1-1,34_Sit_down,"/home/fluxx/Workspace/cuchx-large/hf_data_manual/LMT_(IMU,Radar,Skeleton)/Training/HARn/34_Sit_down/user16/7-1-1",27.0,34.0,8.0,16913110.616,16913111.316,10.000000010643687
train_harn,HARn/34_Sit_down/user16/7-1-2,user16,7-1-2,34_Sit_down,"/home/fluxx/Workspace/cuchx-large/hf_data_manual/LMT_(IMU,Radar,Skeleton)/Training/HARn/34_Sit_down/user16/7-1-2",17.0,42.0,26.0,16913213.616,16913216.116,10.0
train_harn,HARn/34_Sit_down/user16/7-1-3,user16,7-1-3,34_Sit_down,"/home/fluxx/Workspace/cuchx-large/hf_data_manual/LMT_(IMU,Radar,Skeleton)/Training/HARn/34_Sit_down/user16/7-1-3",24.0,36.0,13.0,16913306.316,16913307.516,10.000000006208817
train_harn,HARn/34_Sit_down/user16/7-3-1,user16,7-3-1,34_Sit_down,"/home/fluxx/Workspace/cuchx-large/hf_data_manual/LMT_(IMU,Radar,Skeleton)/Training/HARn/34_Sit_down/user16/7-3-1",93.0,108.0,16.0,16913401.216,16913402.716,10.0
train_harn,HARn/34_Sit_down/user16/7-3-2,user16,7-3-2,34_Sit_down,"/home/fluxx/Workspace/cuchx-large/hf_data_manual/LMT_(IMU,Radar,Skeleton)/Training/HARn/34_Sit_down/user16/7-3-2",89.0,99.0,11.0,16913473.816,16913474.816,10.0
train_harn,HARn/34_Sit_down/user16/7-3-3,user16,7-3-3,34_Sit_down,"/home/fluxx/Workspace/cuchx-large/hf_data_manual/LMT_(IMU,Radar,Skeleton)/Training/HARn/34_Sit_down/user16/7-3-3",61.0,70.0,10.0,16913550.016,16913550.916,9.999999975164732
train_harn,HARn/34_Sit_down/user17/1-2-1,user17,1-2-1,34_Sit_down,"/home/fluxx/Workspace/cuchx-large/hf_data_manual/LMT_(IMU,Radar,Skeleton)/Training/HARn/34_Sit_down/user17/1-2-1",87.0,99.0,13.0,16889265.616,16889266.816,10.000000006208817
train_harn,HARn/34_Sit_down/user17/1-2-2,user17,1-2-2,34_Sit_down,"/home/fluxx/Workspace/cuchx-large/hf_data_manual/LMT_(IMU,Radar,Skeleton)/Training/HARn/34_Sit_down/user17/1-2-2",62.0,70.0,9.0,16889401.116,16889401.916,9.999999990686774
train_harn,HARn/34_Sit_down/user17/1-2-3,user17,1-2-3,34_Sit_down,"/home/fluxx/Workspace/cuchx-large/hf_data_manual/LMT_(IMU,Radar,Skeleton)/Training/HARn/34_Sit_down/user17/1-2-3",66.0,74.0,9.0,16889497.516,16889498.316,9.999999990686774
train_harn,HARn/34_Sit_down/user17/2-2-1,user17,2-2-1,34_Sit_down,"/home/fluxx/Workspace/cuchx-large/hf_data_manual/LMT_(IMU,Radar,Skeleton)/Training/HARn/34_Sit_down/user17/2-2-1",239.0,249.0,11.0,16890299.816,16890300.816,10.0
train_harn,HARn/34_Sit_down/user17/2-2-2,user17,2-2-2,34_Sit_down,"/home/fluxx/Workspace/cuchx-large/hf_data_manual/LMT_(IMU,Radar,Skeleton)/Training/HARn/34_Sit_down/user17/2-2-2",252.0,260.0,9.0,16890434.116,16890434.916,9.999999990686774
train_harn,HARn/34_Sit_down/user17/2-2-3,user17,2-2-3,34_Sit_down,"/home/fluxx/Workspace/cuchx-large/hf_data_manual/LMT_(IMU,Radar,Skeleton)/Training/HARn/34_Sit_down/user17/2-2-3",146.0,154.0,9.0,16890523.516,16890524.316,9.999999990686774
train_harn,HARn/34_Sit_down/user17/4-1-1,user17,4-1-1,34_Sit_down,"/home/fluxx/Workspace/cuchx-large/hf_data_manual/LMT_(IMU,Radar,Skeleton)/Training/HARn/34_Sit_down/user17/4-1-1",51.0,62.0,12.0,16910581.016,16910582.116,9.99999998645349
train_harn,HARn/34_Sit_down/user17/4-1-2,user17,4-1-2,34_Sit_down,"/home/fluxx/Workspace/cuchx-large/hf_data_manual/LMT_(IMU,Radar,Skeleton)/Training/HARn/34_Sit_down/user17/4-1-2",55.0,61.0,7.0,16910726.416,16910727.016,10.000000037252903
train_harn,HARn/34_Sit_down/user17/4-1-3,user17,4-1-3,34_Sit_down,"/home/fluxx/Workspace/cuchx-large/hf_data_manual/LMT_(IMU,Radar,Skeleton)/Training/HARn/34_Sit_down/user17/4-1-3",42.0,49.0,8.0,16910841.116,16910841.816,10.000000010643687
train_harn,HARn/34_Sit_down/user17/7-1-1,user17,7-1-1,34_Sit_down,"/home/fluxx/Workspace/cuchx-large/hf_data_manual/LMT_(IMU,Radar,Skeleton)/Training/HARn/34_Sit_down/user17/7-1-1",161.0,168.0,8.0,16911739.016,16911739.716,10.000000010643687
train_harn,HARn/34_Sit_down/user17/7-1-2,user17,7-1-2,34_Sit_down,"/home/fluxx/Workspace/cuchx-large/hf_data_manual/LMT_(IMU,Radar,Skeleton)/Training/HARn/34_Sit_down/user17/7-1-2",110.0,116.0,7.0,16911823.916,16911824.516,10.000000037252903
train_harn,HARn/34_Sit_down/user17/7-1-3,user17,7-1-3,34_Sit_down,"/home/fluxx/Workspace/cuchx-large/hf_data_manual/LMT_(IMU,Radar,Skeleton)/Training/HARn/34_Sit_down/user17/7-1-3",81.0,87.0,7.0,16911898.016,16911898.616,9.999999975164732
train_harn,HARn/34_Sit_down/user18/4-1-2,user18,4-1-2,34_Sit_down,"/home/fluxx/Workspace/cuchx-large/hf_data_manual/LMT_(IMU,Radar,Skeleton)/Training/HARn/34_Sit_down/user18/4-1-2",52.0,57.0,6.0,16909500.116,16909500.616,10.0
train_harn,HARn/34_Sit_down/user18/4-1-3,user18,4-1-3,34_Sit_down,"/home/fluxx/Workspace/cuchx-large/hf_data_manual/LMT_(IMU,Radar,Skeleton)/Training/HARn/34_Sit_down/user18/4-1-3",58.0,64.0,7.0,16909662.716,16909663.316,9.999999975164732
train_harn,HARn/34_Sit_down/user18/5-1-3,user18,5-1-3,34_Sit_down,"/home/fluxx/Workspace/cuchx-large/hf_data_manual/LMT_(IMU,Radar,Skeleton)/Training/HARn/34_Sit_down/user18/5-1-3",70.0,108.0,39.0,16899836.916,16899840.716,10.000000007842717
train_harn,HARn/34_Sit_down/user19/1-2-1,user19,1-2-1,34_Sit_down,"/home/fluxx/Workspace/cuchx-large/hf_data_manual/LMT_(IMU,Radar,Skeleton)/Training/HARn/34_Sit_down/user19/1-2-1",50.0,61.0,12.0,16905390.916,16905392.016,10.000000020319765
train_harn,HARn/34_Sit_down/user19/1-2-2,user19,1-2-2,34_Sit_down,"/home/fluxx/Workspace/cuchx-large/hf_data_manual/LMT_(IMU,Radar,Skeleton)/Training/HARn/34_Sit_down/user19/1-2-2",34.0,46.0,13.0,16905482.316,16905483.516,10.000000006208817
train_harn,HARn/34_Sit_down/user19/1-2-3,user19,1-2-3,34_Sit_down,"/home/fluxx/Workspace/cuchx-large/hf_data_manual/LMT_(IMU,Radar,Skeleton)/Training/HARn/34_Sit_down/user19/1-2-3",44.0,52.0,9.0,16905574.316,16905575.116,9.999999990686774
train_harn,HARn/34_Sit_down/user19/5-3-1,user19,5-3-1,34_Sit_down,"/home/fluxx/Workspace/cuchx-large/hf_data_manual/LMT_(IMU,Radar,Skeleton)/Training/HARn/34_Sit_down/user19/5-3-1",82.0,92.0,11.0,16907144.116,16907145.116,10.0
train_harn,HARn/34_Sit_down/user19/5-3-2,user19,5-3-2,34_Sit_down,"/home/fluxx/Workspace/cuchx-large/hf_data_manual/LMT_(IMU,Radar,Skeleton)/Training/HARn/34_Sit_down/user19/5-3-2",86.0,94.0,9.0,16907211.516,16907212.316,9.999999990686774
train_harn,HARn/34_Sit_down/user19/5-3-3,user19,5-3-3,34_Sit_down,"/home/fluxx/Workspace/cuchx-large/hf_data_manual/LMT_(IMU,Radar,Skeleton)/Training/HARn/34_Sit_down/user19/5-3-3",53.0,61.0,9.0,16907281.216,16907282.016,9.999999990686774
train_harn,HARn/34_Sit_down/user19/6-1-1,user19,6-1-1,34_Sit_down,"/home/fluxx/Workspace/cuchx-large/hf_data_manual/LMT_(IMU,Radar,Skeleton)/Training/HARn/34_Sit_down/user19/6-1-1",28.0,37.0,10.0,16907350.716,16907351.616,9.999999975164732
train_harn,HARn/34_Sit_down/user19/6-1-2,user19,6-1-2,34_Sit_down,"/home/fluxx/Workspace/cuchx-large/hf_data_manual/LMT_(IMU,Radar,Skeleton)/Training/HARn/34_Sit_down/user19/6-1-2",20.0,26.0,7.0,16907416.916,16907417.516,10.000000037252903
train_harn,HARn/34_Sit_down/user19/6-1-3,user19,6-1-3,34_Sit_down,"/home/fluxx/Workspace/cuchx-large/hf_data_manual/LMT_(IMU,Radar,Skeleton)/Training/HARn/34_Sit_down/user19/6-1-3",27.0,35.0,9.0,16907485.616,16907486.416,9.999999990686774
train_harn,HARn/34_Sit_down/user2/4-3-1,user2,4-3-1,34_Sit_down,"/home/fluxx/Workspace/cuchx-large/hf_data_manual/LMT_(IMU,Radar,Skeleton)/Training/HARn/34_Sit_down/user2/4-3-1",79.0,90.0,12.0,14056458.816,14056459.916,10.000000003386628
train_harn,HARn/34_Sit_down/user2/4-3-2,user2,4-3-2,34_Sit_down,"/home/fluxx/Workspace/cuchx-large/hf_data_manual/LMT_(IMU,Radar,Skeleton)/Training/HARn/34_Sit_down/user2/4-3-2",84.0,101.0,18.0,14056580.316,14056582.016,9.99999999342596
train_harn,HARn/34_Sit_down/user2/4-3-3,user2,4-3-3,34_Sit_down,"/home/fluxx/Workspace/cuchx-large/hf_data_manual/LMT_(IMU,Radar,Skeleton)/Training/HARn/34_Sit_down/user2/4-3-3",65.0,74.0,10.0,14056698.416,14056699.316,9.999999995860788
train_harn,HARn/34_Sit_down/user2/6-1-1,user2,6-1-1,34_Sit_down,"/home/fluxx/Workspace/cuchx-large/hf_data_manual/LMT_(IMU,Radar,Skeleton)/Training/HARn/34_Sit_down/user2/6-1-1",248.0,263.0,16.0,14057770.716,14057772.216,10.0
train_harn,HARn/34_Sit_down/user2/6-1-2,user2,6-1-2,34_Sit_down,"/home/fluxx/Workspace/cuchx-large/hf_data_manual/LMT_(IMU,Radar,Skeleton)/Training/HARn/34_Sit_down/user2/6-1-2",153.0,160.0,8.0,14057929.216,14057929.916,10.000000010643687
train_harn,HARn/34_Sit_down/user2/7-1-1,user2,7-1-1,34_Sit_down,"/home/fluxx/Workspace/cuchx-large/hf_data_manual/LMT_(IMU,Radar,Skeleton)/Training/HARn/34_Sit_down/user2/7-1-1",18.0,41.0,24.0,14058788.716,14058791.016,9.999999996760618
train_harn,HARn/34_Sit_down/user2/7-1-2,user2,7-1-2,34_Sit_down,"/home/fluxx/Workspace/cuchx-large/hf_data_manual/LMT_(IMU,Radar,Skeleton)/Training/HARn/34_Sit_down/user2/7-1-2",20.0,35.0,16.0,14058889.916,14058891.416,10.0
train_harn,HARn/34_Sit_down/user2/7-1-3,user2,7-1-3,34_Sit_down,"/home/fluxx/Workspace/cuchx-large/hf_data_manual/LMT_(IMU,Radar,Skeleton)/Training/HARn/34_Sit_down/user2/7-1-3",16.0,29.0,14.0,14059051.516,14059052.816,10.000000008596825
train_harn,HARn/34_Sit_down/user2/7-3-1,user2,7-3-1,34_Sit_down,"/home/fluxx/Workspace/cuchx-large/hf_data_manual/LMT_(IMU,Radar,Skeleton)/Training/HARn/34_Sit_down/user2/7-3-1",76.0,89.0,14.0,14059193.516,14059194.816,10.000000008596825
train_harn,HARn/34_Sit_down/user2/7-3-2,user2,7-3-2,34_Sit_down,"/home/fluxx/Workspace/cuchx-large/hf_data_manual/LMT_(IMU,Radar,Skeleton)/Training/HARn/34_Sit_down/user2/7-3-2",50.0,57.0,8.0,14059447.916,14059448.616,9.99999998403447
train_harn,HARn/34_Sit_down/user2/7-3-3,user2,7-3-3,34_Sit_down,"/home/fluxx/Workspace/cuchx-large/hf_data_manual/LMT_(IMU,Radar,Skeleton)/Training/HARn/34_Sit_down/user2/7-3-3",53.0,59.0,7.0,14059560.216,14059560.816,10.000000006208817
train_harn,HARn/34_Sit_down/user22/1-2-2,user22,1-2-2,34_Sit_down,"/home/fluxx/Workspace/cuchx-large/hf_data_manual/LMT_(IMU,Radar,Skeleton)/Training/HARn/34_Sit_down/user22/1-2-2",49.0,54.0,6.0,17170701.816,17170702.316,10.0
train_harn,HARn/34_Sit_down/user22/1-2-3,user22,1-2-3,34_Sit_down,"/home/fluxx/Workspace/cuchx-large/hf_data_manual/LMT_(IMU,Radar,Skeleton)/Training/HARn/34_Sit_down/user22/1-2-3",44.0,51.0,8.0,17170029.316,17170030.016,10.000000010643687
train_harn,HARn/34_Sit_down/user22/4-3-1,user22,4-3-1,34_Sit_down,"/home/fluxx/Workspace/cuchx-large/hf_data_manual/LMT_(IMU,Radar,Skeleton)/Training/HARn/34_Sit_down/user22/4-3-1",16.0,19.0,4.0,17084304.516,17084304.816,9.999999975164732
train_harn,HARn/34_Sit_down/user22/4-3-2,user22,4-3-2,34_Sit_down,"/home/fluxx/Workspace/cuchx-large/hf_data_manual/LMT_(IMU,Radar,Skeleton)/Training/HARn/34_Sit_down/user22/4-3-2",40.0,48.0,9.0,17258522.916,17258523.716,10.000000037252903
train_harn,HARn/34_Sit_down/user22/4-3-3,user22,4-3-3,34_Sit_down,"/home/fluxx/Workspace/cuchx-large/hf_data_manual/LMT_(IMU,Radar,Skeleton)/Training/HARn/34_Sit_down/user22/4-3-3",23.0,31.0,9.0,17084730.216,17084731.016,9.999999990686774
train_harn,HARn/34_Sit_down/user22/5-2-1,user22,5-2-1,34_Sit_down,"/home/fluxx/Workspace/cuchx-large/hf_data_manual/LMT_(IMU,Radar,Skeleton)/Training/HARn/34_Sit_down/user22/5-2-1",71.0,76.0,6.0,17084874.016,17084874.516,10.0
train_harn,HARn/34_Sit_down/user22/5-2-2,user22,5-2-2,34_Sit_down,"/home/fluxx/Workspace/cuchx-large/hf_data_manual/LMT_(IMU,Radar,Skeleton)/Training/HARn/34_Sit_down/user22/5-2-2",66.0,72.0,7.0,17085196.516,17085197.116,9.999999975164732
train_harn,HARn/34_Sit_down/user22/5-2-3,user22,5-2-3,34_Sit_down,"/home/fluxx/Workspace/cuchx-large/hf_data_manual/LMT_(IMU,Radar,Skeleton)/Training/HARn/34_Sit_down/user22/5-2-3",43.0,48.0,6.0,17085275.216,17085275.716,10.0
train_harn,HARn/34_Sit_down/user22/6-2-1,user22,6-2-1,34_Sit_down,"/home/fluxx/Workspace/cuchx-large/hf_data_manual/LMT_(IMU,Radar,Skeleton)/Training/HARn/34_Sit_down/user22/6-2-1",204.0,215.0,12.0,17085629.316,17085630.416,9.99999998645349
train_harn,HARn/34_Sit_down/user22/6-2-2,user22,6-2-2,34_Sit_down,"/home/fluxx/Workspace/cuchx-large/hf_data_manual/LMT_(IMU,Radar,Skeleton)/Training/HARn/34_Sit_down/user22/6-2-2",134.0,142.0,9.0,17085763.316,17085764.116,9.999999990686774
train_harn,HARn/34_Sit_down/user22/6-2-3,user22,6-2-3,34_Sit_down,"/home/fluxx/Workspace/cuchx-large/hf_data_manual/LMT_(IMU,Radar,Skeleton)/Training/HARn/34_Sit_down/user22/6-2-3",112.0,123.0,12.0,17085851.116,17085852.216,10.000000020319765
train_harn,HARn/34_Sit_down/user22/7-1-1,user22,7-1-1,34_Sit_down,"/home/fluxx/Workspace/cuchx-large/hf_data_manual/LMT_(IMU,Radar,Skeleton)/Training/HARn/34_Sit_down/user22/7-1-1",36.0,48.0,13.0,17086115.516,17086116.716,10.000000006208817
train_harn,HARn/34_Sit_down/user22/7-1-2,user22,7-1-2,34_Sit_down,"/home/fluxx/Workspace/cuchx-large/hf_data_manual/LMT_(IMU,Radar,Skeleton)/Training/HARn/34_Sit_down/user22/7-1-2",34.0,44.0,11.0,17086181.316,17086182.316,10.0
train_harn,HARn/34_Sit_down/user22/7-1-3,user22,7-1-3,34_Sit_down,"/home/fluxx/Workspace/cuchx-large/hf_data_manual/LMT_(IMU,Radar,Skeleton)/Training/HARn/34_Sit_down/user22/7-1-3",22.0,31.0,10.0,17086249.116,17086250.016,10.000000016556847
train_harn,HARn/34_Sit_down/user23/3-2-2,user23,3-2-2,34_Sit_down,"/home/fluxx/Workspace/cuchx-large/hf_data_manual/LMT_(IMU,Radar,Skeleton)/Training/HARn/34_Sit_down/user23/3-2-2",129.0,141.0,13.0,17143796.816,17143798.016,10.000000006208817
train_harn,HARn/34_Sit_down/user23/7-3-1,user23,7-3-1,34_Sit_down,"/home/fluxx/Workspace/cuchx-large/hf_data_manual/LMT_(IMU,Radar,Skeleton)/Training/HARn/34_Sit_down/user23/7-3-1",64.0,80.0,17.0,17145560.316,17145561.916,9.999999990686774
train_harn,HARn/34_Sit_down/user23/7-3-2,user23,7-3-2,34_Sit_down,"/home/fluxx/Workspace/cuchx-large/hf_data_manual/LMT_(IMU,Radar,Skeleton)/Training/HARn/34_Sit_down/user23/7-3-2",53.0,80.0,28.0,17145656.216,17145658.916,9.999999988962102
train_harn,HARn/34_Sit_down/user23/7-3-3,user23,7-3-3,34_Sit_down,"/home/fluxx/Workspace/cuchx-large/hf_data_manual/LMT_(IMU,Radar,Skeleton)/Training/HARn/34_Sit_down/user23/7-3-3",25.0,44.0,20.0,17145728.416,17145730.316,10.000000007842717
train_harn,HARn/34_Sit_down/user24/4-1-1,user24,4-1-1,34_Sit_down,"/home/fluxx/Workspace/cuchx-large/hf_data_manual/LMT_(IMU,Radar,Skeleton)/Training/HARn/34_Sit_down/user24/4-1-1",124.0,138.0,15.0,17231181.316,17231182.716,10.000000010643687
train_harn,HARn/34_Sit_down/user24/4-1-2,user24,4-1-2,34_Sit_down,"/home/fluxx/Workspace/cuchx-large/hf_data_manual/LMT_(IMU,Radar,Skeleton)/Training/HARn/34_Sit_down/user24/4-1-2",84.0,94.0,11.0,17231289.316,17231290.316,10.0
train_harn,HARn/34_Sit_down/user24/4-1-3,user24,4-1-3,34_Sit_down,"/home/fluxx/Workspace/cuchx-large/hf_data_manual/LMT_(IMU,Radar,Skeleton)/Training/HARn/34_Sit_down/user24/4-1-3",47.0,55.0,9.0,17231701.616,17231702.416,9.999999990686774
train_harn,HARn/34_Sit_down/user24/5-1-1,user24,5-1-1,34_Sit_down,"/home/fluxx/Workspace/cuchx-large/hf_data_manual/LMT_(IMU,Radar,Skeleton)/Training/HARn/34_Sit_down/user24/5-1-1",68.0,78.0,11.0,17147943.716,17147944.716,10.0
train_harn,HARn/34_Sit_down/user24/5-1-2,user24,5-1-2,34_Sit_down,"/home/fluxx/Workspace/cuchx-large/hf_data_manual/LMT_(IMU,Radar,Skeleton)/Training/HARn/34_Sit_down/user24/5-1-2",57.0,66.0,10.0,17148024.616,17148025.516,10.000000016556847
train_harn,HARn/34_Sit_down/user24/5-1-3,user24,5-1-3,34_Sit_down,"/home/fluxx/Workspace/cuchx-large/hf_data_manual/LMT_(IMU,Radar,Skeleton)/Training/HARn/34_Sit_down/user24/5-1-3",43.0,51.0,9.0,17148284.216,17148285.016,9.999999990686774
train_harn,HARn/34_Sit_down/user24/5-3-1,user24,5-3-1,34_Sit_down,"/home/fluxx/Workspace/cuchx-large/hf_data_manual/LMT_(IMU,Radar,Skeleton)/Training/HARn/34_Sit_down/user24/5-3-1",66.0,75.0,10.0,17148379.516,17148380.416,9.999999975164732
train_harn,HARn/34_Sit_down/user24/5-3-2,user24,5-3-2,34_Sit_down,"/home/fluxx/Workspace/cuchx-large/hf_data_manual/LMT_(IMU,Radar,Skeleton)/Training/HARn/34_Sit_down/user24/5-3-2",52.0,62.0,11.0,17148462.116,17148463.116,10.0
train_harn,HARn/34_Sit_down/user24/5-3-3,user24,5-3-3,34_Sit_down,"/home/fluxx/Workspace/cuchx-large/hf_data_manual/LMT_(IMU,Radar,Skeleton)/Training/HARn/34_Sit_down/user24/5-3-3",44.0,51.0,8.0,17148524.316,17148525.016,10.000000010643687
train_harn,HARn/34_Sit_down/user24/7-2-1,user24,7-2-1,34_Sit_down,"/home/fluxx/Workspace/cuchx-large/hf_data_manual/LMT_(IMU,Radar,Skeleton)/Training/HARn/34_Sit_down/user24/7-2-1",63.0,73.0,11.0,17148905.216,17148906.216,10.0
train_harn,HARn/34_Sit_down/user24/7-2-2,user24,7-2-2,34_Sit_down,"/home/fluxx/Workspace/cuchx-large/hf_data_manual/LMT_(IMU,Radar,Skeleton)/Training/HARn/34_Sit_down/user24/7-2-2",45.0,53.0,9.0,17148999.416,17149000.216,10.000000037252903
train_harn,HARn/34_Sit_down/user24/7-2-3,user24,7-2-3,34_Sit_down,"/home/fluxx/Workspace/cuchx-large/hf_data_manual/LMT_(IMU,Radar,Skeleton)/Training/HARn/34_Sit_down/user24/7-2-3",46.0,52.0,7.0,17149090.516,17149091.116,9.999999975164732
train_harn,HARn/34_Sit_down/user3/3-2-1,user3,3-2-1,34_Sit_down,"/home/fluxx/Workspace/cuchx-large/hf_data_manual/LMT_(IMU,Radar,Skeleton)/Training/HARn/34_Sit_down/user3/3-2-1",84.0,92.0,9.0,14062309.316,14062310.116,9.999999990686774
train_harn,HARn/34_Sit_down/user3/3-2-2,user3,3-2-2,34_Sit_down,"/home/fluxx/Workspace/cuchx-large/hf_data_manual/LMT_(IMU,Radar,Skeleton)/Training/HARn/34_Sit_down/user3/3-2-2",77.0,80.0,4.0,14062483.616,14062483.916,10.000000037252903
train_harn,HARn/34_Sit_down/user3/3-2-3,user3,3-2-3,34_Sit_down,"/home/fluxx/Workspace/cuchx-large/hf_data_manual/LMT_(IMU,Radar,Skeleton)/Training/HARn/34_Sit_down/user3/3-2-3",74.0,79.0,6.0,14062607.316,14062607.816,10.0
train_harn,HARn/34_Sit_down/user3/5-2-1,user3,5-2-1,34_Sit_down,"/home/fluxx/Workspace/cuchx-large/hf_data_manual/LMT_(IMU,Radar,Skeleton)/Training/HARn/34_Sit_down/user3/5-2-1",74.0,78.0,5.0,14063499.316,14063499.716,9.999999990686774
train_harn,HARn/34_Sit_down/user3/5-2-2,user3,5-2-2,34_Sit_down,"/home/fluxx/Workspace/cuchx-large/hf_data_manual/LMT_(IMU,Radar,Skeleton)/Training/HARn/34_Sit_down/user3/5-2-2",67.0,71.0,5.0,14063635.616,14063636.016,9.999999990686774
train_harn,HARn/34_Sit_down/user3/5-2-3,user3,5-2-3,34_Sit_down,"/home/fluxx/Workspace/cuchx-large/hf_data_manual/LMT_(IMU,Radar,Skeleton)/Training/HARn/34_Sit_down/user3/5-2-3",76.0,82.0,7.0,14063780.516,14063781.116,10.000000006208817
train_harn,HARn/34_Sit_down/user3/6-2-2,user3,6-2-2,34_Sit_down,"/home/fluxx/Workspace/cuchx-large/hf_data_manual/LMT_(IMU,Radar,Skeleton)/Training/HARn/34_Sit_down/user3/6-2-2",308.0,313.0,6.0,17081467.716,17081468.216,10.0
train_harn,HARn/34_Sit_down/user4/7-2-1,user4,7-2-1,34_Sit_down,"/home/fluxx/Workspace/cuchx-large/hf_data_manual/LMT_(IMU,Radar,Skeleton)/Training/HARn/34_Sit_down/user4/7-2-1",75.0,88.0,14.0,14068015.416,14068016.716,9.999999994268784
train_harn,HARn/34_Sit_down/user4/7-2-2,user4,7-2-2,34_Sit_down,"/home/fluxx/Workspace/cuchx-large/hf_data_manual/LMT_(IMU,Radar,Skeleton)/Training/HARn/34_Sit_down/user4/7-2-2",75.0,90.0,16.0,14068207.416,14068208.916,10.0
train_harn,HARn/34_Sit_down/user4/7-2-3,user4,7-2-3,34_Sit_down,"/home/fluxx/Workspace/cuchx-large/hf_data_manual/LMT_(IMU,Radar,Skeleton)/Training/HARn/34_Sit_down/user4/7-2-3",56.0,72.0,17.0,14068356.516,14068358.116,10.000000002328306
train_harn,HARn/34_Sit_down/user5/3-1-1,user5,3-1-1,34_Sit_down,"/home/fluxx/Workspace/cuchx-large/hf_data_manual/LMT_(IMU,Radar,Skeleton)/Training/HARn/34_Sit_down/user5/3-1-1",293.0,315.0,23.0,14120867.216,14120869.416,10.000000003386628
train_harn,HARn/34_Sit_down/user5/3-1-2,user5,3-1-2,34_Sit_down,"/home/fluxx/Workspace/cuchx-large/hf_data_manual/LMT_(IMU,Radar,Skeleton)/Training/HARn/34_Sit_down/user5/3-1-2",272.0,284.0,13.0,14120974.116,14120975.316,10.000000006208817
train_harn,HARn/34_Sit_down/user5/3-1-3,user5,3-1-3,34_Sit_down,"/home/fluxx/Workspace/cuchx-large/hf_data_manual/LMT_(IMU,Radar,Skeleton)/Training/HARn/34_Sit_down/user5/3-1-3",166.0,175.0,10.0,14121044.516,14121045.416,10.000000016556847
train_harn,HARn/34_Sit_down/user5/7-1-1,user5,7-1-1,34_Sit_down,"/home/fluxx/Workspace/cuchx-large/hf_data_manual/LMT_(IMU,Radar,Skeleton)/Training/HARn/34_Sit_down/user5/7-1-1",281.0,294.0,14.0,14121960.016,14121961.316,10.000000008596825
train_harn,HARn/34_Sit_down/user5/7-1-2,user5,7-1-2,34_Sit_down,"/home/fluxx/Workspace/cuchx-large/hf_data_manual/LMT_(IMU,Radar,Skeleton)/Training/HARn/34_Sit_down/user5/7-1-2",172.0,179.0,8.0,14122045.116,14122045.816,10.000000010643687
train_harn,HARn/34_Sit_down/user5/7-1-3,user5,7-1-3,34_Sit_down,"/home/fluxx/Workspace/cuchx-large/hf_data_manual/LMT_(IMU,Radar,Skeleton)/Training/HARn/34_Sit_down/user5/7-1-3",161.0,169.0,9.0,14122128.016,14122128.816,10.000000013969839
train_harn,HARn/34_Sit_down/user6/4-1-1,user6,4-1-1,34_Sit_down,"/home/fluxx/Workspace/cuchx-large/hf_data_manual/LMT_(IMU,Radar,Skeleton)/Training/HARn/34_Sit_down/user6/4-1-1",213.0,223.0,11.0,16126817.216,16126818.216,10.0
train_harn,HARn/34_Sit_down/user6/4-1-2,user6,4-1-2,34_Sit_down,"/home/fluxx/Workspace/cuchx-large/hf_data_manual/LMT_(IMU,Radar,Skeleton)/Training/HARn/34_Sit_down/user6/4-1-2",194.0,203.0,10.0,16126948.316,16126949.216,9.999999995860788
train_harn,HARn/34_Sit_down/user6/4-1-3,user6,4-1-3,34_Sit_down,"/home/fluxx/Workspace/cuchx-large/hf_data_manual/LMT_(IMU,Radar,Skeleton)/Training/HARn/34_Sit_down/user6/4-1-3",175.0,185.0,11.0,16127059.416,16127060.416,10.0
train_harn,HARn/34_Sit_down/user6/5-1-2,user6,5-1-2,34_Sit_down,"/home/fluxx/Workspace/cuchx-large/hf_data_manual/LMT_(IMU,Radar,Skeleton)/Training/HARn/34_Sit_down/user6/5-1-2",12.0,98.0,87.0,16054316.116,16054324.716,10.000000000433173
train_harn,HARn/34_Sit_down/user6/5-3-1,user6,5-3-1,34_Sit_down,"/home/fluxx/Workspace/cuchx-large/hf_data_manual/LMT_(IMU,Radar,Skeleton)/Training/HARn/34_Sit_down/user6/5-3-1",84.0,103.0,20.0,16055147.316,16055149.216,9.999999998039321
train_harn,HARn/34_Sit_down/user6/5-3-2,user6,5-3-2,34_Sit_down,"/home/fluxx/Workspace/cuchx-large/hf_data_manual/LMT_(IMU,Radar,Skeleton)/Training/HARn/34_Sit_down/user6/5-3-2",97.0,105.0,9.0,16055263.616,16055264.416,10.000000013969839
train_harn,HARn/34_Sit_down/user6/5-3-3,user6,5-3-3,34_Sit_down,"/home/fluxx/Workspace/cuchx-large/hf_data_manual/LMT_(IMU,Radar,Skeleton)/Training/HARn/34_Sit_down/user6/5-3-3",58.0,66.0,9.0,16055851.716,16055852.516,9.999999990686774
train_harn,HARn/34_Sit_down/user6/7-1-1,user6,7-1-1,34_Sit_down,"/home/fluxx/Workspace/cuchx-large/hf_data_manual/LMT_(IMU,Radar,Skeleton)/Training/HARn/34_Sit_down/user6/7-1-1",16.0,37.0,22.0,16127177.516,16127179.616,10.000000001773948
train_harn,HARn/34_Sit_down/user6/7-1-2,user6,7-1-2,34_Sit_down,"/home/fluxx/Workspace/cuchx-large/hf_data_manual/LMT_(IMU,Radar,Skeleton)/Training/HARn/34_Sit_down/user6/7-1-2",18.0,36.0,19.0,16127256.716,16127258.516,9.999999995860788
train_harn,HARn/34_Sit_down/user6/7-1-3,user6,7-1-3,34_Sit_down,"/home/fluxx/Workspace/cuchx-large/hf_data_manual/LMT_(IMU,Radar,Skeleton)/Training/HARn/34_Sit_down/user6/7-1-3",14.0,23.0,10.0,16127323.316,16127324.216,9.999999995860788
train_harn,HARn/34_Sit_down/user6/7-3-1,user6,7-3-1,34_Sit_down,"/home/fluxx/Workspace/cuchx-large/hf_data_manual/LMT_(IMU,Radar,Skeleton)/Training/HARn/34_Sit_down/user6/7-3-1",34.0,65.0,32.0,16127424.316,16127427.416,10.000000001201707
train_harn,HARn/34_Sit_down/user6/7-3-2,user6,7-3-2,34_Sit_down,"/home/fluxx/Workspace/cuchx-large/hf_data_manual/LMT_(IMU,Radar,Skeleton)/Training/HARn/34_Sit_down/user6/7-3-2",49.0,59.0,11.0,16127492.816,16127493.816,10.0
train_harn,HARn/34_Sit_down/user6/7-3-3,user6,7-3-3,34_Sit_down,"/home/fluxx/Workspace/cuchx-large/hf_data_manual/LMT_(IMU,Radar,Skeleton)/Training/HARn/34_Sit_down/user6/7-3-3",31.0,42.0,12.0,16127557.016,16127558.116,10.000000003386628
train_harn,HARn/34_Sit_down/user7/1-2-1,user7,1-2-1,34_Sit_down,"/home/fluxx/Workspace/cuchx-large/hf_data_manual/LMT_(IMU,Radar,Skeleton)/Training/HARn/34_Sit_down/user7/1-2-1",50.0,59.0,10.0,16056566.916,16056567.816,9.999999995860788
train_harn,HARn/34_Sit_down/user7/1-2-2,user7,1-2-2,34_Sit_down,"/home/fluxx/Workspace/cuchx-large/hf_data_manual/LMT_(IMU,Radar,Skeleton)/Training/HARn/34_Sit_down/user7/1-2-2",30.0,35.0,6.0,16056695.916,16056696.416,10.0
train_harn,HARn/34_Sit_down/user7/1-2-3,user7,1-2-3,34_Sit_down,"/home/fluxx/Workspace/cuchx-large/hf_data_manual/LMT_(IMU,Radar,Skeleton)/Training/HARn/34_Sit_down/user7/1-2-3",49.0,59.0,11.0,16056797.816,16056798.816,10.0
train_harn,HARn/34_Sit_down/user7/2-2-1,user7,2-2-1,34_Sit_down,"/home/fluxx/Workspace/cuchx-large/hf_data_manual/LMT_(IMU,Radar,Skeleton)/Training/HARn/34_Sit_down/user7/2-2-1",194.0,213.0,20.0,16057079.316,16057081.216,9.999999998039321
train_harn,HARn/34_Sit_down/user7/2-2-2,user7,2-2-2,34_Sit_down,"/home/fluxx/Workspace/cuchx-large/hf_data_manual/LMT_(IMU,Radar,Skeleton)/Training/HARn/34_Sit_down/user7/2-2-2",157.0,170.0,14.0,16057279.616,16057280.916,10.000000008596825
train_harn,HARn/34_Sit_down/user7/2-2-3,user7,2-2-3,34_Sit_down,"/home/fluxx/Workspace/cuchx-large/hf_data_manual/LMT_(IMU,Radar,Skeleton)/Training/HARn/34_Sit_down/user7/2-2-3",111.0,126.0,16.0,16057427.016,16057428.516,10.0
train_harn,HARn/34_Sit_down/user7/4-1-1,user7,4-1-1,34_Sit_down,"/home/fluxx/Workspace/cuchx-large/hf_data_manual/LMT_(IMU,Radar,Skeleton)/Training/HARn/34_Sit_down/user7/4-1-1",306.0,316.0,11.0,16125150.516,16125151.516,10.0
train_harn,HARn/34_Sit_down/user7/4-1-2,user7,4-1-2,34_Sit_down,"/home/fluxx/Workspace/cuchx-large/hf_data_manual/LMT_(IMU,Radar,Skeleton)/Training/HARn/34_Sit_down/user7/4-1-2",220.0,232.0,13.0,16125277.916,16125279.116,9.999999990686774
train_harn,HARn/34_Sit_down/user7/4-1-3,user7,4-1-3,34_Sit_down,"/home/fluxx/Workspace/cuchx-large/hf_data_manual/LMT_(IMU,Radar,Skeleton)/Training/HARn/34_Sit_down/user7/4-1-3",178.0,192.0,15.0,16125425.716,16125427.116,9.999999997339078
train_harn,HARn/34_Sit_down/user7/5-3-1,user7,5-3-1,34_Sit_down,"/home/fluxx/Workspace/cuchx-large/hf_data_manual/LMT_(IMU,Radar,Skeleton)/Training/HARn/34_Sit_down/user7/5-3-1",50.0,81.0,32.0,16059158.916,16059162.016,9.999999995193173
train_harn,HARn/34_Sit_down/user7/5-3-2,user7,5-3-2,34_Sit_down,"/home/fluxx/Workspace/cuchx-large/hf_data_manual/LMT_(IMU,Radar,Skeleton)/Training/HARn/34_Sit_down/user7/5-3-2",41.0,57.0,17.0,16059242.016,16059243.616,10.000000002328306
train_harn,HARn/34_Sit_down/user7/5-3-3,user7,5-3-3,34_Sit_down,"/home/fluxx/Workspace/cuchx-large/hf_data_manual/LMT_(IMU,Radar,Skeleton)/Training/HARn/34_Sit_down/user7/5-3-3",30.0,36.0,7.0,16059314.916,16059315.516,9.999999975164732
train_harn,HARn/34_Sit_down/user7/6-3-1,user7,6-3-1,34_Sit_down,"/home/fluxx/Workspace/cuchx-large/hf_data_manual/LMT_(IMU,Radar,Skeleton)/Training/HARn/34_Sit_down/user7/6-3-1",47.0,58.0,12.0,16059525.616,16059526.716,10.000000003386628
train_harn,HARn/34_Sit_down/user7/6-3-3,user7,6-3-3,34_Sit_down,"/home/fluxx/Workspace/cuchx-large/hf_data_manual/LMT_(IMU,Radar,Skeleton)/Training/HARn/34_Sit_down/user7/6-3-3",51.0,58.0,8.0,16059673.016,16059673.716,10.000000010643687
train_harn,HARn/34_Sit_down/user7/7-1-1,user7,7-1-1,34_Sit_down,"/home/fluxx/Workspace/cuchx-large/hf_data_manual/LMT_(IMU,Radar,Skeleton)/Training/HARn/34_Sit_down/user7/7-1-1",115.0,128.0,14.0,16126280.416,16126281.716,9.999999994268784
train_harn,HARn/34_Sit_down/user7/7-1-2,user7,7-1-2,34_Sit_down,"/home/fluxx/Workspace/cuchx-large/hf_data_manual/LMT_(IMU,Radar,Skeleton)/Training/HARn/34_Sit_down/user7/7-1-2",84.0,100.0,17.0,16126368.316,16126369.916,10.000000002328306
train_harn,HARn/34_Sit_down/user7/7-1-3,user7,7-1-3,34_Sit_down,"/home/fluxx/Workspace/cuchx-large/hf_data_manual/LMT_(IMU,Radar,Skeleton)/Training/HARn/34_Sit_down/user7/7-1-3",61.0,67.0,7.0,16126501.016,16126501.616,10.000000006208817
train_harn,HARn/34_Sit_down/user8/4-1-1,user8,4-1-1,34_Sit_down,"/home/fluxx/Workspace/cuchx-large/hf_data_manual/LMT_(IMU,Radar,Skeleton)/Training/HARn/34_Sit_down/user8/4-1-1",17.0,23.0,7.0,16127925.616,16127926.216,10.000000006208817
train_harn,HARn/34_Sit_down/user8/4-1-2,user8,4-1-2,34_Sit_down,"/home/fluxx/Workspace/cuchx-large/hf_data_manual/LMT_(IMU,Radar,Skeleton)/Training/HARn/34_Sit_down/user8/4-1-2",33.0,38.0,6.0,16128054.216,16128054.716,10.0
train_harn,HARn/34_Sit_down/user8/4-1-3,user8,4-1-3,34_Sit_down,"/home/fluxx/Workspace/cuchx-large/hf_data_manual/LMT_(IMU,Radar,Skeleton)/Training/HARn/34_Sit_down/user8/4-1-3",27.0,36.0,10.0,16128130.616,16128131.516,9.999999995860788
train_harn,HARn/34_Sit_down/user8/5-1-1,user8,5-1-1,34_Sit_down,"/home/fluxx/Workspace/cuchx-large/hf_data_manual/LMT_(IMU,Radar,Skeleton)/Training/HARn/34_Sit_down/user8/5-1-1",90.0,100.0,11.0,16062349.916,16062350.916,10.0
train_harn,HARn/34_Sit_down/user8/5-1-2,user8,5-1-2,34_Sit_down,"/home/fluxx/Workspace/cuchx-large/hf_data_manual/LMT_(IMU,Radar,Skeleton)/Training/HARn/34_Sit_down/user8/5-1-2",77.0,82.0,6.0,16062450.616,16062451.116,10.0
train_harn,HARn/34_Sit_down/user8/5-1-3,user8,5-1-3,34_Sit_down,"/home/fluxx/Workspace/cuchx-large/hf_data_manual/LMT_(IMU,Radar,Skeleton)/Training/HARn/34_Sit_down/user8/5-1-3",63.0,68.0,6.0,16062540.216,16062540.716,10.0
train_harn,HARn/34_Sit_down/user9/1-2-1,user9,1-2-1,34_Sit_down,"/home/fluxx/Workspace/cuchx-large/hf_data_manual/LMT_(IMU,Radar,Skeleton)/Training/HARn/34_Sit_down/user9/1-2-1",64.0,70.0,7.0,16129526.316,16129526.916,10.000000006208817
train_harn,HARn/34_Sit_down/user9/1-2-2,user9,1-2-2,34_Sit_down,"/home/fluxx/Workspace/cuchx-large/hf_data_manual/LMT_(IMU,Radar,Skeleton)/Training/HARn/34_Sit_down/user9/1-2-2",43.0,47.0,5.0,16129680.216,16129680.616,9.999999990686774
train_harn,HARn/34_Sit_down/user9/1-2-3,user9,1-2-3,34_Sit_down,"/home/fluxx/Workspace/cuchx-large/hf_data_manual/LMT_(IMU,Radar,Skeleton)/Training/HARn/34_Sit_down/user9/1-2-3",50.0,56.0,7.0,16129777.916,16129778.516,9.999999975164732
train_harn,HARn/34_Sit_down/user9/5-3-1,user9,5-3-1,34_Sit_down,"/home/fluxx/Workspace/cuchx-large/hf_data_manual/LMT_(IMU,Radar,Skeleton)/Training/HARn/34_Sit_down/user9/5-3-1",93.0,103.0,11.0,16131884.216,16131885.216,10.0
train_harn,HARn/34_Sit_down/user9/5-3-2,user9,5-3-2,34_Sit_down,"/home/fluxx/Workspace/cuchx-large/hf_data_manual/LMT_(IMU,Radar,Skeleton)/Training/HARn/34_Sit_down/user9/5-3-2",100.0,107.0,8.0,16131986.916,16131987.616,9.99999998403447
train_harn,HARn/34_Sit_down/user9/5-3-3,user9,5-3-3,34_Sit_down,"/home/fluxx/Workspace/cuchx-large/hf_data_manual/LMT_(IMU,Radar,Skeleton)/Training/HARn/34_Sit_down/user9/5-3-3",84.0,91.0,8.0,16132092.316,16132093.016,9.99999998403447
train_harn,HARn/34_Sit_down/user9/6-1-1,user9,6-1-1,34_Sit_down,"/home/fluxx/Workspace/cuchx-large/hf_data_manual/LMT_(IMU,Radar,Skeleton)/Training/HARn/34_Sit_down/user9/6-1-1",43.0,52.0,10.0,16314834.216,16314835.116,9.999999995860788
train_harn,HARn/34_Sit_down/user9/6-1-2,user9,6-1-2,34_Sit_down,"/home/fluxx/Workspace/cuchx-large/hf_data_manual/LMT_(IMU,Radar,Skeleton)/Training/HARn/34_Sit_down/user9/6-1-2",36.0,38.0,3.0,16314908.516,16314908.716,10.000000037252903
train_harn,HARn/34_Sit_down/user9/6-1-3,user9,6-1-3,34_Sit_down,"/home/fluxx/Workspace/cuchx-large/hf_data_manual/LMT_(IMU,Radar,Skeleton)/Training/HARn/34_Sit_down/user9/6-1-3",22.0,30.0,9.0,16132728.116,16132728.916,10.000000013969839
train_harn,HARn/35_Do_lunges/user1/3-2-1,user1,3-2-1,35_Do_lunges,"/home/fluxx/Workspace/cuchx-large/hf_data_manual/LMT_(IMU,Radar,Skeleton)/Training/HARn/35_Do_lunges/user1/3-2-1",559.0,614.0,56.0,14043329.816,14043335.316,10.0
train_harn,HARn/35_Do_lunges/user1/3-2-2,user1,3-2-2,35_Do_lunges,"/home/fluxx/Workspace/cuchx-large/hf_data_manual/LMT_(IMU,Radar,Skeleton)/Training/HARn/35_Do_lunges/user1/3-2-2",594.0,637.0,44.0,14043721.316,14043725.616,9.999999998267306
train_harn,HARn/35_Do_lunges/user1/3-2-3,user1,3-2-3,35_Do_lunges,"/home/fluxx/Workspace/cuchx-large/hf_data_manual/LMT_(IMU,Radar,Skeleton)/Training/HARn/35_Do_lunges/user1/3-2-3",391.0,425.0,35.0,14043984.016,14043987.416,10.000000004382695
train_harn,HARn/35_Do_lunges/user16/6-1-1,user16,6-1-1,35_Do_lunges,"/home/fluxx/Workspace/cuchx-large/hf_data_manual/LMT_(IMU,Radar,Skeleton)/Training/HARn/35_Do_lunges/user16/6-1-1",260.0,338.0,79.0,16888302.916,16888310.716,10.00000000382081
train_harn,HARn/35_Do_lunges/user16/6-1-2,user16,6-1-2,35_Do_lunges,"/home/fluxx/Workspace/cuchx-large/hf_data_manual/LMT_(IMU,Radar,Skeleton)/Training/HARn/35_Do_lunges/user16/6-1-2",146.0,171.0,26.0,16888548.516,16888551.016,10.0
train_harn,HARn/35_Do_lunges/user16/6-1-3,user16,6-1-3,35_Do_lunges,"/home/fluxx/Workspace/cuchx-large/hf_data_manual/LMT_(IMU,Radar,Skeleton)/Training/HARn/35_Do_lunges/user16/6-1-3",158.0,199.0,42.0,16888676.716,16888680.816,9.99999999636557
train_harn,HARn/35_Do_lunges/user18/5-1-1,user18,5-1-1,35_Do_lunges,"/home/fluxx/Workspace/cuchx-large/hf_data_manual/LMT_(IMU,Radar,Skeleton)/Training/HARn/35_Do_lunges/user18/5-1-1",262.0,282.0,21.0,16899668.116,16899670.116,10.0
train_harn,HARn/35_Do_lunges/user18/5-1-2,user18,5-1-2,35_Do_lunges,"/home/fluxx/Workspace/cuchx-large/hf_data_manual/LMT_(IMU,Radar,Skeleton)/Training/HARn/35_Do_lunges/user18/5-1-2",231.0,268.0,38.0,16899773.016,16899776.716,10.000000002013671
train_harn,HARn/35_Do_lunges/user18/5-1-3,user18,5-1-3,35_Do_lunges,"/home/fluxx/Workspace/cuchx-large/hf_data_manual/LMT_(IMU,Radar,Skeleton)/Training/HARn/35_Do_lunges/user18/5-1-3",128.0,136.0,9.0,16899842.716,16899843.516,9.999999990686774
train_harn,HARn/35_Do_lunges/user20/1-2-1,user20,1-2-1,35_Do_lunges,"/home/fluxx/Workspace/cuchx-large/hf_data_manual/LMT_(IMU,Radar,Skeleton)/Training/HARn/35_Do_lunges/user20/1-2-1",162.0,189.0,28.0,16903809.116,16903811.816,10.000000002759474
train_harn,HARn/35_Do_lunges/user20/1-2-2,user20,1-2-2,35_Do_lunges,"/home/fluxx/Workspace/cuchx-large/hf_data_manual/LMT_(IMU,Radar,Skeleton)/Training/HARn/35_Do_lunges/user20/1-2-2",89.0,104.0,16.0,16903911.816,16903913.316,10.0
train_harn,HARn/35_Do_lunges/user20/1-2-3,user20,1-2-3,35_Do_lunges,"/home/fluxx/Workspace/cuchx-large/hf_data_manual/LMT_(IMU,Radar,Skeleton)/Training/HARn/35_Do_lunges/user20/1-2-3",116.0,143.0,28.0,16904137.516,16904140.216,10.000000002759474
train_harn,HARn/35_Do_lunges/user23/1-2-1,user23,1-2-1,35_Do_lunges,"/home/fluxx/Workspace/cuchx-large/hf_data_manual/LMT_(IMU,Radar,Skeleton)/Training/HARn/35_Do_lunges/user23/1-2-1",14.0,51.0,38.0,17167107.316,17167111.016,10.000000002013671
train_harn,HARn/35_Do_lunges/user23/1-2-2,user23,1-2-2,35_Do_lunges,"/home/fluxx/Workspace/cuchx-large/hf_data_manual/LMT_(IMU,Radar,Skeleton)/Training/HARn/35_Do_lunges/user23/1-2-2",13.0,18.0,6.0,17167400.216,17167400.716,10.0
train_harn,HARn/35_Do_lunges/user23/1-2-3,user23,1-2-3,35_Do_lunges,"/home/fluxx/Workspace/cuchx-large/hf_data_manual/LMT_(IMU,Radar,Skeleton)/Training/HARn/35_Do_lunges/user23/1-2-3",11.0,33.0,23.0,17167465.016,17167467.216,10.000000003386628
train_harn,HARn/35_Do_lunges/user23/5-3-2,user23,5-3-2,35_Do_lunges,"/home/fluxx/Workspace/cuchx-large/hf_data_manual/LMT_(IMU,Radar,Skeleton)/Training/HARn/35_Do_lunges/user23/5-3-2",102.0,127.0,26.0,17144686.116,17144688.616,10.0
train_harn,HARn/35_Do_lunges/user23/5-3-3,user23,5-3-3,35_Do_lunges,"/home/fluxx/Workspace/cuchx-large/hf_data_manual/LMT_(IMU,Radar,Skeleton)/Training/HARn/35_Do_lunges/user23/5-3-3",146.0,170.0,25.0,17144778.516,17144780.916,9.999999990686774
train_harn,HARn/35_Do_lunges/user5/6-1-1,user5,6-1-1,35_Do_lunges,"/home/fluxx/Workspace/cuchx-large/hf_data_manual/LMT_(IMU,Radar,Skeleton)/Training/HARn/35_Do_lunges/user5/6-1-1",100.0,167.0,68.0,14121525.916,14121532.616,9.99999999833196
train_harn,HARn/35_Do_lunges/user5/6-1-2,user5,6-1-2,35_Do_lunges,"/home/fluxx/Workspace/cuchx-large/hf_data_manual/LMT_(IMU,Radar,Skeleton)/Training/HARn/35_Do_lunges/user5/6-1-2",76.0,117.0,42.0,14121587.516,14121591.616,10.000000000908607
train_harn,HARn/35_Do_lunges/user5/6-1-3,user5,6-1-3,35_Do_lunges,"/home/fluxx/Workspace/cuchx-large/hf_data_manual/LMT_(IMU,Radar,Skeleton)/Training/HARn/35_Do_lunges/user5/6-1-3",50.0,86.0,37.0,14121656.916,14121660.516,9.999999995860788
train_harn,HARn/35_Do_lunges/user6/6-1-1,user6,6-1-1,35_Do_lunges,"/home/fluxx/Workspace/cuchx-large/hf_data_manual/LMT_(IMU,Radar,Skeleton)/Training/HARn/35_Do_lunges/user6/6-1-1",130.0,179.0,50.0,16055986.916,16055991.816,9.999999999239737
train_harn,HARn/35_Do_lunges/user6/6-1-2,user6,6-1-2,35_Do_lunges,"/home/fluxx/Workspace/cuchx-large/hf_data_manual/LMT_(IMU,Radar,Skeleton)/Training/HARn/35_Do_lunges/user6/6-1-2",84.0,120.0,37.0,16056111.316,16056114.916,10.000000001034802
train_harn,HARn/35_Do_lunges/user6/6-1-3,user6,6-1-3,35_Do_lunges,"/home/fluxx/Workspace/cuchx-large/hf_data_manual/LMT_(IMU,Radar,Skeleton)/Training/HARn/35_Do_lunges/user6/6-1-3",97.0,137.0,41.0,16056222.616,16056226.616,10.0
train_harn,HARn/35_Do_lunges/user8/5-1-1,user8,5-1-1,35_Do_lunges,"/home/fluxx/Workspace/cuchx-large/hf_data_manual/LMT_(IMU,Radar,Skeleton)/Training/HARn/35_Do_lunges/user8/5-1-1",213.0,271.0,59.0,16062362.216,16062368.016,9.999999998715417
train_harn,HARn/35_Do_lunges/user8/5-1-2,user8,5-1-2,35_Do_lunges,"/home/fluxx/Workspace/cuchx-large/hf_data_manual/LMT_(IMU,Radar,Skeleton)/Training/HARn/35_Do_lunges/user8/5-1-2",173.0,209.0,37.0,16062460.216,16062463.816,10.000000001034802
train_harn,HARn/35_Do_lunges/user8/5-1-3,user8,5-1-3,35_Do_lunges,"/home/fluxx/Workspace/cuchx-large/hf_data_manual/LMT_(IMU,Radar,Skeleton)/Training/HARn/35_Do_lunges/user8/5-1-3",137.0,169.0,33.0,16062547.616,16062550.816,10.000000002328306
train_harn,HARn/36_Walk/user1/1-2-1,user1,1-2-1,36_Walk,"/home/fluxx/Workspace/cuchx-large/hf_data_manual/LMT_(IMU,Radar,Skeleton)/Training/HARn/36_Walk/user1/1-2-1",48.0,61.0,14.0,14149684.716,14149686.016,9.999999994268784
train_harn,HARn/36_Walk/user1/1-2-2,user1,1-2-2,36_Walk,"/home/fluxx/Workspace/cuchx-large/hf_data_manual/LMT_(IMU,Radar,Skeleton)/Training/HARn/36_Walk/user1/1-2-2",54.0,69.0,16.0,14149857.316,14149858.816,10.0
train_harn,HARn/36_Walk/user1/2-1-2,user1,2-1-2,36_Walk,"/home/fluxx/Workspace/cuchx-large/hf_data_manual/LMT_(IMU,Radar,Skeleton)/Training/HARn/36_Walk/user1/2-1-2",46.0,64.0,19.0,14150441.516,14150443.316,10.000000006208817
train_harn,HARn/36_Walk/user1/2-1-3,user1,2-1-3,36_Walk,"/home/fluxx/Workspace/cuchx-large/hf_data_manual/LMT_(IMU,Radar,Skeleton)/Training/HARn/36_Walk/user1/2-1-3",29.0,38.0,10.0,14150606.816,14150607.716,9.999999995860788
train_harn,HARn/36_Walk/user1/2-2-1,user1,2-2-1,36_Walk,"/home/fluxx/Workspace/cuchx-large/hf_data_manual/LMT_(IMU,Radar,Skeleton)/Training/HARn/36_Walk/user1/2-2-1",70.0,116.0,47.0,14040888.916,14040893.516,9.999999996760618
train_harn,HARn/36_Walk/user1/2-2-2,user1,2-2-2,36_Walk,"/home/fluxx/Workspace/cuchx-large/hf_data_manual/LMT_(IMU,Radar,Skeleton)/Training/HARn/36_Walk/user1/2-2-2",64.0,115.0,52.0,14041281.316,14041286.416,10.000000000730449
train_harn,HARn/36_Walk/user1/2-2-3,user1,2-2-3,36_Walk,"/home/fluxx/Workspace/cuchx-large/hf_data_manual/LMT_(IMU,Radar,Skeleton)/Training/HARn/36_Walk/user1/2-2-3",59.0,78.0,20.0,14041542.816,14041544.716,9.999999998039321
train_harn,HARn/36_Walk/user1/3-2-1,user1,3-2-1,36_Walk,"/home/fluxx/Workspace/cuchx-large/hf_data_manual/LMT_(IMU,Radar,Skeleton)/Training/HARn/36_Walk/user1/3-2-1",50.0,80.0,31.0,14043278.916,14043281.916,10.0
train_harn,HARn/36_Walk/user1/3-2-2,user1,3-2-2,36_Walk,"/home/fluxx/Workspace/cuchx-large/hf_data_manual/LMT_(IMU,Radar,Skeleton)/Training/HARn/36_Walk/user1/3-2-2",50.0,85.0,36.0,14043666.916,14043670.416,10.0
train_harn,HARn/36_Walk/user1/3-2-3,user1,3-2-3,36_Walk,"/home/fluxx/Workspace/cuchx-large/hf_data_manual/LMT_(IMU,Radar,Skeleton)/Training/HARn/36_Walk/user1/3-2-3",39.0,52.0,14.0,14043948.816,14043950.116,9.999999994268784
train_harn,HARn/36_Walk/user1/6-1-1,user1,6-1-1,36_Walk,"/home/fluxx/Workspace/cuchx-large/hf_data_manual/LMT_(IMU,Radar,Skeleton)/Training/HARn/36_Walk/user1/6-1-1",37.0,53.0,17.0,14151399.616,14151401.216,10.000000002328306
train_harn,HARn/36_Walk/user1/6-1-2,user1,6-1-2,36_Walk,"/home/fluxx/Workspace/cuchx-large/hf_data_manual/LMT_(IMU,Radar,Skeleton)/Training/HARn/36_Walk/user1/6-1-2",28.0,39.0,12.0,14151259.716,14151260.816,10.000000003386628
train_harn,HARn/36_Walk/user1/6-1-3,user1,6-1-3,36_Walk,"/home/fluxx/Workspace/cuchx-large/hf_data_manual/LMT_(IMU,Radar,Skeleton)/Training/HARn/36_Walk/user1/6-1-3",17.0,25.0,9.0,14151459.616,14151460.416,10.000000013969839
train_harn,HARn/36_Walk/user1/6-2-1,user1,6-2-1,36_Walk,"/home/fluxx/Workspace/cuchx-large/hf_data_manual/LMT_(IMU,Radar,Skeleton)/Training/HARn/36_Walk/user1/6-2-1",62.0,91.0,30.0,14051155.116,14051158.016,9.999999998715417
train_harn,HARn/36_Walk/user1/6-2-2,user1,6-2-2,36_Walk,"/home/fluxx/Workspace/cuchx-large/hf_data_manual/LMT_(IMU,Radar,Skeleton)/Training/HARn/36_Walk/user1/6-2-2",61.0,84.0,24.0,14051386.016,14051388.316,10.000000004859075
train_harn,HARn/36_Walk/user1/6-2-3,user1,6-2-3,36_Walk,"/home/fluxx/Workspace/cuchx-large/hf_data_manual/LMT_(IMU,Radar,Skeleton)/Training/HARn/36_Walk/user1/6-2-3",59.0,74.0,16.0,14051567.816,14051569.316,10.0
train_harn,HARn/36_Walk/user16/1-1-1,user16,1-1-1,36_Walk,"/home/fluxx/Workspace/cuchx-large/hf_data_manual/LMT_(IMU,Radar,Skeleton)/Training/HARn/36_Walk/user16/1-1-1",38.0,80.0,43.0,16973017.716,16973021.916,9.99999999290421
train_harn,HARn/36_Walk/user16/1-1-2,user16,1-1-2,36_Walk,"/home/fluxx/Workspace/cuchx-large/hf_data_manual/LMT_(IMU,Radar,Skeleton)/Training/HARn/36_Walk/user16/1-1-2",38.0,49.0,12.0,16973114.716,16973115.816,9.99999998645349
train_harn,HARn/36_Walk/user16/1-1-3,user16,1-1-3,36_Walk,"/home/fluxx/Workspace/cuchx-large/hf_data_manual/LMT_(IMU,Radar,Skeleton)/Training/HARn/36_Walk/user16/1-1-3",34.0,44.0,11.0,16973193.316,16973194.316,10.0
train_harn,HARn/36_Walk/user16/2-3-1,user16,2-3-1,36_Walk,"/home/fluxx/Workspace/cuchx-large/hf_data_manual/LMT_(IMU,Radar,Skeleton)/Training/HARn/36_Walk/user16/2-3-1",37.0,64.0,28.0,17072940.616,17072943.316,10.000000002759474
train_harn,HARn/36_Walk/user16/2-3-2,user16,2-3-2,36_Walk,"/home/fluxx/Workspace/cuchx-large/hf_data_manual/LMT_(IMU,Radar,Skeleton)/Training/HARn/36_Walk/user16/2-3-2",25.0,47.0,23.0,17073029.416,17073031.616,10.000000003386628
train_harn,HARn/36_Walk/user16/2-3-3,user16,2-3-3,36_Walk,"/home/fluxx/Workspace/cuchx-large/hf_data_manual/LMT_(IMU,Radar,Skeleton)/Training/HARn/36_Walk/user16/2-3-3",34.0,48.0,15.0,17073093.316,17073094.716,10.000000010643687
train_harn,HARn/36_Walk/user16/3-1-1,user16,3-1-1,36_Walk,"/home/fluxx/Workspace/cuchx-large/hf_data_manual/LMT_(IMU,Radar,Skeleton)/Training/HARn/36_Walk/user16/3-1-1",221.0,225.0,5.0,16886788.016,16886788.416,9.999999944120646
train_harn,HARn/36_Walk/user16/3-1-2,user16,3-1-2,36_Walk,"/home/fluxx/Workspace/cuchx-large/hf_data_manual/LMT_(IMU,Radar,Skeleton)/Training/HARn/36_Walk/user16/3-1-2",237.0,246.0,10.0,16886998.616,16886999.516,10.000000016556847
train_harn,HARn/36_Walk/user16/3-1-3,user16,3-1-3,36_Walk,"/home/fluxx/Workspace/cuchx-large/hf_data_manual/LMT_(IMU,Radar,Skeleton)/Training/HARn/36_Walk/user16/3-1-3",137.0,144.0,8.0,16887099.616,16887100.316,10.000000010643687
train_harn,HARn/36_Walk/user16/3-3-1,user16,3-3-1,36_Walk,"/home/fluxx/Workspace/cuchx-large/hf_data_manual/LMT_(IMU,Radar,Skeleton)/Training/HARn/36_Walk/user16/3-3-1",58.0,75.0,18.0,17078168.716,17078170.416,9.999999982469221
train_harn,HARn/36_Walk/user16/3-3-2,user16,3-3-2,36_Walk,"/home/fluxx/Workspace/cuchx-large/hf_data_manual/LMT_(IMU,Radar,Skeleton)/Training/HARn/36_Walk/user16/3-3-2",47.0,64.0,18.0,17078312.616,17078314.316,10.000000004382695
train_harn,HARn/36_Walk/user16/3-3-3,user16,3-3-3,36_Walk,"/home/fluxx/Workspace/cuchx-large/hf_data_manual/LMT_(IMU,Radar,Skeleton)/Training/HARn/36_Walk/user16/3-3-3",50.0,60.0,11.0,17078398.916,17078399.916,10.0
train_harn,HARn/36_Walk/user16/5-2-1,user16,5-2-1,36_Walk,"/home/fluxx/Workspace/cuchx-large/hf_data_manual/LMT_(IMU,Radar,Skeleton)/Training/HARn/36_Walk/user16/5-2-1",40.0,60.0,21.0,17073835.916,17073837.916,10.0
train_harn,HARn/36_Walk/user16/5-2-2,user16,5-2-2,36_Walk,"/home/fluxx/Workspace/cuchx-large/hf_data_manual/LMT_(IMU,Radar,Skeleton)/Training/HARn/36_Walk/user16/5-2-2",39.0,59.0,21.0,17073912.816,17073914.816,10.0
train_harn,HARn/36_Walk/user16/5-2-3,user16,5-2-3,36_Walk,"/home/fluxx/Workspace/cuchx-large/hf_data_manual/LMT_(IMU,Radar,Skeleton)/Training/HARn/36_Walk/user16/5-2-3",27.0,43.0,17.0,17073989.616,17073991.216,10.000000013969839
train_harn,HARn/36_Walk/user16/5-3-1,user16,5-3-1,36_Walk,"/home/fluxx/Workspace/cuchx-large/hf_data_manual/LMT_(IMU,Radar,Skeleton)/Training/HARn/36_Walk/user16/5-3-1",43.0,187.0,48.0,16887734.216,16887748.616,3.2638888883822665
train_harn,HARn/36_Walk/user16/5-3-2,user16,5-3-2,36_Walk,"/home/fluxx/Workspace/cuchx-large/hf_data_manual/LMT_(IMU,Radar,Skeleton)/Training/HARn/36_Walk/user16/5-3-2",52.0,155.0,50.0,16887882.116,16887892.416,4.757281553053937
train_harn,HARn/36_Walk/user16/5-3-3,user16,5-3-3,36_Walk,"/home/fluxx/Workspace/cuchx-large/hf_data_manual/LMT_(IMU,Radar,Skeleton)/Training/HARn/36_Walk/user16/5-3-3",33.0,99.0,32.0,16888055.216,16888061.816,4.696969695909238
train_harn,HARn/36_Walk/user16/7-3-1,user16,7-3-1,36_Walk,"/home/fluxx/Workspace/cuchx-large/hf_data_manual/LMT_(IMU,Radar,Skeleton)/Training/HARn/36_Walk/user16/7-3-1",29.0,66.0,38.0,16913394.816,16913398.516,10.000000002013671
train_harn,HARn/36_Walk/user16/7-3-2,user16,7-3-2,36_Walk,"/home/fluxx/Workspace/cuchx-large/hf_data_manual/LMT_(IMU,Radar,Skeleton)/Training/HARn/36_Walk/user16/7-3-2",23.0,54.0,32.0,16913467.216,16913470.316,9.999999995193173
train_harn,HARn/36_Walk/user16/7-3-3,user16,7-3-3,36_Walk,"/home/fluxx/Workspace/cuchx-large/hf_data_manual/LMT_(IMU,Radar,Skeleton)/Training/HARn/36_Walk/user16/7-3-3",23.0,40.0,18.0,16913546.216,16913547.916,9.999999982469221
train_harn,HARn/36_Walk/user17/1-2-1,user17,1-2-1,36_Walk,"/home/fluxx/Workspace/cuchx-large/hf_data_manual/LMT_(IMU,Radar,Skeleton)/Training/HARn/36_Walk/user17/1-2-1",46.0,82.0,37.0,16889261.516,16889265.116,9.999999995860788
train_harn,HARn/36_Walk/user17/1-2-2,user17,1-2-2,36_Walk,"/home/fluxx/Workspace/cuchx-large/hf_data_manual/LMT_(IMU,Radar,Skeleton)/Training/HARn/36_Walk/user17/1-2-2",38.0,61.0,24.0,16889398.716,16889401.016,9.999999996760618
train_harn,HARn/36_Walk/user17/1-2-3,user17,1-2-3,36_Walk,"/home/fluxx/Workspace/cuchx-large/hf_data_manual/LMT_(IMU,Radar,Skeleton)/Training/HARn/36_Walk/user17/1-2-3",36.0,62.0,27.0,16889494.516,16889497.116,9.999999994268784
train_harn,HARn/36_Walk/user17/3-2-1,user17,3-2-1,36_Walk,"/home/fluxx/Workspace/cuchx-large/hf_data_manual/LMT_(IMU,Radar,Skeleton)/Training/HARn/36_Walk/user17/3-2-1",28.0,47.0,20.0,17068567.716,17068569.616,9.999999988235926
train_harn,HARn/36_Walk/user17/3-2-2,user17,3-2-2,36_Walk,"/home/fluxx/Workspace/cuchx-large/hf_data_manual/LMT_(IMU,Radar,Skeleton)/Training/HARn/36_Walk/user17/3-2-2",27.0,40.0,14.0,17068663.616,17068664.916,9.999999994268784
train_harn,HARn/36_Walk/user17/3-2-3,user17,3-2-3,36_Walk,"/home/fluxx/Workspace/cuchx-large/hf_data_manual/LMT_(IMU,Radar,Skeleton)/Training/HARn/36_Walk/user17/3-2-3",27.0,38.0,12.0,17068743.616,17068744.716,10.000000020319765
train_harn,HARn/36_Walk/user17/3-3-1,user17,3-3-1,36_Walk,"/home/fluxx/Workspace/cuchx-large/hf_data_manual/LMT_(IMU,Radar,Skeleton)/Training/HARn/36_Walk/user17/3-3-1",33.0,53.0,21.0,16891054.216,16891056.216,10.0
train_harn,HARn/36_Walk/user17/3-3-2,user17,3-3-2,36_Walk,"/home/fluxx/Workspace/cuchx-large/hf_data_manual/LMT_(IMU,Radar,Skeleton)/Training/HARn/36_Walk/user17/3-3-2",29.0,47.0,19.0,16891139.816,16891141.616,9.999999995860788
train_harn,HARn/36_Walk/user17/3-3-3,user17,3-3-3,36_Walk,"/home/fluxx/Workspace/cuchx-large/hf_data_manual/LMT_(IMU,Radar,Skeleton)/Training/HARn/36_Walk/user17/3-3-3",17.0,25.0,9.0,16891213.616,16891214.416,9.999999990686774
train_harn,HARn/36_Walk/user17/4-1-1,user17,4-1-1,36_Walk,"/home/fluxx/Workspace/cuchx-large/hf_data_manual/LMT_(IMU,Radar,Skeleton)/Training/HARn/36_Walk/user17/4-1-1",26.0,46.0,21.0,16910578.516,16910580.516,10.0
train_harn,HARn/36_Walk/user17/4-1-2,user17,4-1-2,36_Walk,"/home/fluxx/Workspace/cuchx-large/hf_data_manual/LMT_(IMU,Radar,Skeleton)/Training/HARn/36_Walk/user17/4-1-2",26.0,49.0,24.0,16910723.516,16910725.816,9.999999996760618
train_harn,HARn/36_Walk/user17/4-1-3,user17,4-1-3,36_Walk,"/home/fluxx/Workspace/cuchx-large/hf_data_manual/LMT_(IMU,Radar,Skeleton)/Training/HARn/36_Walk/user17/4-1-3",25.0,38.0,14.0,16910839.416,16910840.716,10.000000022924864
train_harn,HARn/36_Walk/user17/5-2-1,user17,5-2-1,36_Walk,"/home/fluxx/Workspace/cuchx-large/hf_data_manual/LMT_(IMU,Radar,Skeleton)/Training/HARn/36_Walk/user17/5-2-1",28.0,47.0,20.0,17068902.716,17068904.616,9.999999988235926
train_harn,HARn/36_Walk/user17/5-2-2,user17,5-2-2,36_Walk,"/home/fluxx/Workspace/cuchx-large/hf_data_manual/LMT_(IMU,Radar,Skeleton)/Training/HARn/36_Walk/user17/5-2-2",28.0,42.0,15.0,17069347.716,17069349.116,9.99999998403447
train_harn,HARn/36_Walk/user17/5-2-3,user17,5-2-3,36_Walk,"/home/fluxx/Workspace/cuchx-large/hf_data_manual/LMT_(IMU,Radar,Skeleton)/Training/HARn/36_Walk/user17/5-2-3",27.0,39.0,13.0,17069435.616,17069436.816,10.000000006208817
train_harn,HARn/36_Walk/user17/6-1-1,user17,6-1-1,36_Walk,"/home/fluxx/Workspace/cuchx-large/hf_data_manual/LMT_(IMU,Radar,Skeleton)/Training/HARn/36_Walk/user17/6-1-1",41.0,67.0,27.0,16910956.016,16910958.616,9.999999994268784
train_harn,HARn/36_Walk/user17/6-1-2,user17,6-1-2,36_Walk,"/home/fluxx/Workspace/cuchx-large/hf_data_manual/LMT_(IMU,Radar,Skeleton)/Training/HARn/36_Walk/user17/6-1-2",35.0,48.0,14.0,16911034.416,16911035.716,10.000000022924864
train_harn,HARn/36_Walk/user17/6-1-3,user17,6-1-3,36_Walk,"/home/fluxx/Workspace/cuchx-large/hf_data_manual/LMT_(IMU,Radar,Skeleton)/Training/HARn/36_Walk/user17/6-1-3",29.0,39.0,11.0,16911136.816,16911137.816,10.0
train_harn,HARn/36_Walk/user18/1-2-1,user18,1-2-1,36_Walk,"/home/fluxx/Workspace/cuchx-large/hf_data_manual/LMT_(IMU,Radar,Skeleton)/Training/HARn/36_Walk/user18/1-2-1",26.0,51.0,26.0,17079350.516,17079353.016,10.0
train_harn,HARn/36_Walk/user18/1-2-2,user18,1-2-2,36_Walk,"/home/fluxx/Workspace/cuchx-large/hf_data_manual/LMT_(IMU,Radar,Skeleton)/Training/HARn/36_Walk/user18/1-2-2",16.0,31.0,16.0,17079469.516,17079471.016,10.0
train_harn,HARn/36_Walk/user18/1-2-3,user18,1-2-3,36_Walk,"/home/fluxx/Workspace/cuchx-large/hf_data_manual/LMT_(IMU,Radar,Skeleton)/Training/HARn/36_Walk/user18/1-2-3",29.0,56.0,28.0,17079570.816,17079573.516,10.000000002759474
train_harn,HARn/36_Walk/user18/2-2-1,user18,2-2-1,36_Walk,"/home/fluxx/Workspace/cuchx-large/hf_data_manual/LMT_(IMU,Radar,Skeleton)/Training/HARn/36_Walk/user18/2-2-1",35.0,59.0,25.0,17064491.416,17064493.816,10.000000006208817
train_harn,HARn/36_Walk/user18/2-2-2,user18,2-2-2,36_Walk,"/home/fluxx/Workspace/cuchx-large/hf_data_manual/LMT_(IMU,Radar,Skeleton)/Training/HARn/36_Walk/user18/2-2-2",31.0,51.0,21.0,17064579.016,17064581.016,10.0
train_harn,HARn/36_Walk/user18/2-2-3,user18,2-2-3,36_Walk,"/home/fluxx/Workspace/cuchx-large/hf_data_manual/LMT_(IMU,Radar,Skeleton)/Training/HARn/36_Walk/user18/2-2-3",17.0,31.0,15.0,17064895.616,17064897.016,10.000000010643687
train_harn,HARn/36_Walk/user18/3-3-1,user18,3-3-1,36_Walk,"/home/fluxx/Workspace/cuchx-large/hf_data_manual/LMT_(IMU,Radar,Skeleton)/Training/HARn/36_Walk/user18/3-3-1",28.0,52.0,25.0,17079715.716,17079718.116,9.999999990686774
train_harn,HARn/36_Walk/user18/3-3-2,user18,3-3-2,36_Walk,"/home/fluxx/Workspace/cuchx-large/hf_data_manual/LMT_(IMU,Radar,Skeleton)/Training/HARn/36_Walk/user18/3-3-2",21.0,38.0,18.0,17079826.016,17079827.716,10.000000004382695
train_harn,HARn/36_Walk/user18/3-3-3,user18,3-3-3,36_Walk,"/home/fluxx/Workspace/cuchx-large/hf_data_manual/LMT_(IMU,Radar,Skeleton)/Training/HARn/36_Walk/user18/3-3-3",30.0,54.0,25.0,17079902.916,17079905.316,10.000000006208817
train_harn,HARn/36_Walk/user18/4-2-1,user18,4-2-1,36_Walk,"/home/fluxx/Workspace/cuchx-large/hf_data_manual/LMT_(IMU,Radar,Skeleton)/Training/HARn/36_Walk/user18/4-2-1",27.0,50.0,24.0,17070721.616,17070723.916,9.999999996760618
train_harn,HARn/36_Walk/user18/4-2-2,user18,4-2-2,36_Walk,"/home/fluxx/Workspace/cuchx-large/hf_data_manual/LMT_(IMU,Radar,Skeleton)/Training/HARn/36_Walk/user18/4-2-2",33.0,52.0,20.0,17070891.216,17070893.116,9.999999988235926
train_harn,HARn/36_Walk/user18/4-2-3,user18,4-2-3,36_Walk,"/home/fluxx/Workspace/cuchx-large/hf_data_manual/LMT_(IMU,Radar,Skeleton)/Training/HARn/36_Walk/user18/4-2-3",30.0,53.0,24.0,17071049.916,17071052.216,10.000000012957532
train_harn,HARn/36_Walk/user18/6-2-1,user18,6-2-1,36_Walk,"/home/fluxx/Workspace/cuchx-large/hf_data_manual/LMT_(IMU,Radar,Skeleton)/Training/HARn/36_Walk/user18/6-2-1",33.0,54.0,22.0,16900017.216,16900019.316,9.99999999290421
train_harn,HARn/36_Walk/user18/6-2-2,user18,6-2-2,36_Walk,"/home/fluxx/Workspace/cuchx-large/hf_data_manual/LMT_(IMU,Radar,Skeleton)/Training/HARn/36_Walk/user18/6-2-2",35.0,49.0,15.0,16900120.416,16900121.816,10.000000010643687
train_harn,HARn/36_Walk/user18/6-2-3,user18,6-2-3,36_Walk,"/home/fluxx/Workspace/cuchx-large/hf_data_manual/LMT_(IMU,Radar,Skeleton)/Training/HARn/36_Walk/user18/6-2-3",41.0,56.0,16.0,16900236.016,16900237.516,10.0
train_harn,HARn/36_Walk/user19/1-2-1,user19,1-2-1,36_Walk,"/home/fluxx/Workspace/cuchx-large/hf_data_manual/LMT_(IMU,Radar,Skeleton)/Training/HARn/36_Walk/user19/1-2-1",35.0,48.0,14.0,16905389.416,16905390.716,10.000000022924864
train_harn,HARn/36_Walk/user19/1-2-2,user19,1-2-2,36_Walk,"/home/fluxx/Workspace/cuchx-large/hf_data_manual/LMT_(IMU,Radar,Skeleton)/Training/HARn/36_Walk/user19/1-2-2",26.0,31.0,6.0,16905481.516,16905482.016,10.0
train_harn,HARn/36_Walk/user19/1-2-3,user19,1-2-3,36_Walk,"/home/fluxx/Workspace/cuchx-large/hf_data_manual/LMT_(IMU,Radar,Skeleton)/Training/HARn/36_Walk/user19/1-2-3",32.0,41.0,10.0,16905573.116,16905574.016,10.000000016556847
train_harn,HARn/36_Walk/user19/2-2-1,user19,2-2-1,36_Walk,"/home/fluxx/Workspace/cuchx-large/hf_data_manual/LMT_(IMU,Radar,Skeleton)/Training/HARn/36_Walk/user19/2-2-1",25.0,47.0,23.0,16905679.416,16905681.616,10.000000003386628
train_harn,HARn/36_Walk/user19/2-2-2,user19,2-2-2,36_Walk,"/home/fluxx/Workspace/cuchx-large/hf_data_manual/LMT_(IMU,Radar,Skeleton)/Training/HARn/36_Walk/user19/2-2-2",21.0,33.0,13.0,16905769.016,16905770.216,10.000000006208817
train_harn,HARn/36_Walk/user19/2-2-3,user19,2-2-3,36_Walk,"/home/fluxx/Workspace/cuchx-large/hf_data_manual/LMT_(IMU,Radar,Skeleton)/Training/HARn/36_Walk/user19/2-2-3",19.0,30.0,12.0,16905842.816,16905843.916,9.99999998645349
train_harn,HARn/36_Walk/user19/2-3-1,user19,2-3-1,36_Walk,"/home/fluxx/Workspace/cuchx-large/hf_data_manual/LMT_(IMU,Radar,Skeleton)/Training/HARn/36_Walk/user19/2-3-1",35.0,50.0,16.0,17061665.416,17061666.916,10.0
train_harn,HARn/36_Walk/user19/2-3-2,user19,2-3-2,36_Walk,"/home/fluxx/Workspace/cuchx-large/hf_data_manual/LMT_(IMU,Radar,Skeleton)/Training/HARn/36_Walk/user19/2-3-2",29.0,43.0,15.0,17061756.816,17061758.216,10.000000010643687
train_harn,HARn/36_Walk/user19/2-3-3,user19,2-3-3,36_Walk,"/home/fluxx/Workspace/cuchx-large/hf_data_manual/LMT_(IMU,Radar,Skeleton)/Training/HARn/36_Walk/user19/2-3-3",34.0,43.0,10.0,17061826.316,17061827.216,10.000000016556847
train_harn,HARn/36_Walk/user19/3-2-1,user19,3-2-1,36_Walk,"/home/fluxx/Workspace/cuchx-large/hf_data_manual/LMT_(IMU,Radar,Skeleton)/Training/HARn/36_Walk/user19/3-2-1",35.0,52.0,18.0,17062143.416,17062145.116,10.000000004382695
train_harn,HARn/36_Walk/user19/3-2-2,user19,3-2-2,36_Walk,"/home/fluxx/Workspace/cuchx-large/hf_data_manual/LMT_(IMU,Radar,Skeleton)/Training/HARn/36_Walk/user19/3-2-2",32.0,45.0,14.0,17062251.116,17062252.416,9.999999994268784
train_harn,HARn/36_Walk/user19/3-2-3,user19,3-2-3,36_Walk,"/home/fluxx/Workspace/cuchx-large/hf_data_manual/LMT_(IMU,Radar,Skeleton)/Training/HARn/36_Walk/user19/3-2-3",39.0,46.0,8.0,17062510.816,17062511.516,10.000000010643687
train_harn,HARn/36_Walk/user19/3-3-1,user19,3-3-1,36_Walk,"/home/fluxx/Workspace/cuchx-large/hf_data_manual/LMT_(IMU,Radar,Skeleton)/Training/HARn/36_Walk/user19/3-3-1",30.0,36.0,7.0,16900876.916,16900877.516,10.000000037252903
train_harn,HARn/36_Walk/user19/3-3-2,user19,3-3-2,36_Walk,"/home/fluxx/Workspace/cuchx-large/hf_data_manual/LMT_(IMU,Radar,Skeleton)/Training/HARn/36_Walk/user19/3-3-2",24.0,28.0,5.0,16900970.316,16900970.716,10.000000037252903
train_harn,HARn/36_Walk/user19/4-2-1,user19,4-2-1,36_Walk,"/home/fluxx/Workspace/cuchx-large/hf_data_manual/LMT_(IMU,Radar,Skeleton)/Training/HARn/36_Walk/user19/4-2-1",32.0,48.0,17.0,16901212.116,16901213.716,10.000000013969839
train_harn,HARn/36_Walk/user19/4-2-2,user19,4-2-2,36_Walk,"/home/fluxx/Workspace/cuchx-large/hf_data_manual/LMT_(IMU,Radar,Skeleton)/Training/HARn/36_Walk/user19/4-2-2",27.0,36.0,10.0,16901319.616,16901320.516,10.000000016556847
train_harn,HARn/36_Walk/user19/4-2-3,user19,4-2-3,36_Walk,"/home/fluxx/Workspace/cuchx-large/hf_data_manual/LMT_(IMU,Radar,Skeleton)/Training/HARn/36_Walk/user19/4-2-3",20.0,26.0,7.0,16901377.916,16901378.516,10.000000037252903
train_harn,HARn/36_Walk/user19/4-3-1,user19,4-3-1,36_Walk,"/home/fluxx/Workspace/cuchx-large/hf_data_manual/LMT_(IMU,Radar,Skeleton)/Training/HARn/36_Walk/user19/4-3-1",27.0,38.0,12.0,16906249.616,16906250.716,10.000000020319765
train_harn,HARn/36_Walk/user19/4-3-2,user19,4-3-2,36_Walk,"/home/fluxx/Workspace/cuchx-large/hf_data_manual/LMT_(IMU,Radar,Skeleton)/Training/HARn/36_Walk/user19/4-3-2",29.0,37.0,9.0,16906322.816,16906323.616,9.999999990686774
train_harn,HARn/36_Walk/user19/4-3-3,user19,4-3-3,36_Walk,"/home/fluxx/Workspace/cuchx-large/hf_data_manual/LMT_(IMU,Radar,Skeleton)/Training/HARn/36_Walk/user19/4-3-3",27.0,33.0,7.0,16906403.616,16906404.216,10.000000037252903
train_harn,HARn/36_Walk/user19/5-3-1,user19,5-3-1,36_Walk,"/home/fluxx/Workspace/cuchx-large/hf_data_manual/LMT_(IMU,Radar,Skeleton)/Training/HARn/36_Walk/user19/5-3-1",19.0,31.0,13.0,16907137.816,16907139.016,10.000000006208817
train_harn,HARn/36_Walk/user19/5-3-2,user19,5-3-2,36_Walk,"/home/fluxx/Workspace/cuchx-large/hf_data_manual/LMT_(IMU,Radar,Skeleton)/Training/HARn/36_Walk/user19/5-3-2",19.0,35.0,17.0,16907204.816,16907206.416,9.999999990686774
train_harn,HARn/36_Walk/user19/5-3-3,user19,5-3-3,36_Walk,"/home/fluxx/Workspace/cuchx-large/hf_data_manual/LMT_(IMU,Radar,Skeleton)/Training/HARn/36_Walk/user19/5-3-3",14.0,22.0,9.0,16907277.316,16907278.116,9.999999990686774
train_harn,HARn/36_Walk/user19/7-2-1,user19,7-2-1,36_Walk,"/home/fluxx/Workspace/cuchx-large/hf_data_manual/LMT_(IMU,Radar,Skeleton)/Training/HARn/36_Walk/user19/7-2-1",37.0,53.0,17.0,17063810.616,17063812.216,10.000000013969839
train_harn,HARn/36_Walk/user19/7-2-2,user19,7-2-2,36_Walk,"/home/fluxx/Workspace/cuchx-large/hf_data_manual/LMT_(IMU,Radar,Skeleton)/Training/HARn/36_Walk/user19/7-2-2",31.0,44.0,14.0,17063933.016,17063934.316,9.999999994268784
train_harn,HARn/36_Walk/user19/7-2-3,user19,7-2-3,36_Walk,"/home/fluxx/Workspace/cuchx-large/hf_data_manual/LMT_(IMU,Radar,Skeleton)/Training/HARn/36_Walk/user19/7-2-3",29.0,44.0,16.0,17064031.816,17064033.316,10.0
train_harn,HARn/36_Walk/user2/1-2-1,user2,1-2-1,36_Walk,"/home/fluxx/Workspace/cuchx-large/hf_data_manual/LMT_(IMU,Radar,Skeleton)/Training/HARn/36_Walk/user2/1-2-1",23.0,65.0,43.0,14144444.216,14144448.416,10.000000001773948
train_harn,HARn/36_Walk/user2/1-2-2,user2,1-2-2,36_Walk,"/home/fluxx/Workspace/cuchx-large/hf_data_manual/LMT_(IMU,Radar,Skeleton)/Training/HARn/36_Walk/user2/1-2-2",14.0,59.0,46.0,14144584.316,14144588.816,10.0
train_harn,HARn/36_Walk/user2/1-2-3,user2,1-2-3,36_Walk,"/home/fluxx/Workspace/cuchx-large/hf_data_manual/LMT_(IMU,Radar,Skeleton)/Training/HARn/36_Walk/user2/1-2-3",20.0,46.0,27.0,14144697.916,14144700.516,9.999999994268784
train_harn,HARn/36_Walk/user2/2-1-1,user2,2-1-1,36_Walk,"/home/fluxx/Workspace/cuchx-large/hf_data_manual/LMT_(IMU,Radar,Skeleton)/Training/HARn/36_Walk/user2/2-1-1",22.0,49.0,28.0,14144879.116,14144881.816,10.000000002759474
train_harn,HARn/36_Walk/user2/2-1-2,user2,2-1-2,36_Walk,"/home/fluxx/Workspace/cuchx-large/hf_data_manual/LMT_(IMU,Radar,Skeleton)/Training/HARn/36_Walk/user2/2-1-2",19.0,48.0,30.0,14145009.816,14145012.716,9.999999998715417
train_harn,HARn/36_Walk/user2/2-1-3,user2,2-1-3,36_Walk,"/home/fluxx/Workspace/cuchx-large/hf_data_manual/LMT_(IMU,Radar,Skeleton)/Training/HARn/36_Walk/user2/2-1-3",12.0,25.0,14.0,14145111.116,14145112.416,10.000000008596825
train_harn,HARn/36_Walk/user2/3-2-2,user2,3-2-2,36_Walk,"/home/fluxx/Workspace/cuchx-large/hf_data_manual/LMT_(IMU,Radar,Skeleton)/Training/HARn/36_Walk/user2/3-2-2",14.0,78.0,65.0,14054764.316,14054770.716,9.999999999417923
train_harn,HARn/36_Walk/user2/3-2-3,user2,3-2-3,36_Walk,"/home/fluxx/Workspace/cuchx-large/hf_data_manual/LMT_(IMU,Radar,Skeleton)/Training/HARn/36_Walk/user2/3-2-3",9.0,57.0,49.0,14055319.816,14055324.616,9.999999998447796
train_harn,HARn/36_Walk/user2/4-1-1,user2,4-1-1,36_Walk,"/home/fluxx/Workspace/cuchx-large/hf_data_manual/LMT_(IMU,Radar,Skeleton)/Training/HARn/36_Walk/user2/4-1-1",297.0,325.0,29.0,14055880.616,14055883.416,10.000000003991383
train_harn,HARn/36_Walk/user2/4-1-2,user2,4-1-2,36_Walk,"/home/fluxx/Workspace/cuchx-large/hf_data_manual/LMT_(IMU,Radar,Skeleton)/Training/HARn/36_Walk/user2/4-1-2",260.0,292.0,33.0,14056132.916,14056136.116,9.99999999650754
train_harn,HARn/36_Walk/user2/4-1-3,user2,4-1-3,36_Walk,"/home/fluxx/Workspace/cuchx-large/hf_data_manual/LMT_(IMU,Radar,Skeleton)/Training/HARn/36_Walk/user2/4-1-3",205.0,235.0,31.0,14056292.416,14056295.416,10.0
train_harn,HARn/36_Walk/user2/4-3-1,user2,4-3-1,36_Walk,"/home/fluxx/Workspace/cuchx-large/hf_data_manual/LMT_(IMU,Radar,Skeleton)/Training/HARn/36_Walk/user2/4-3-1",45.0,80.0,36.0,14056455.416,14056458.916,10.0
train_harn,HARn/36_Walk/user2/4-3-2,user2,4-3-2,36_Walk,"/home/fluxx/Workspace/cuchx-large/hf_data_manual/LMT_(IMU,Radar,Skeleton)/Training/HARn/36_Walk/user2/4-3-2",36.0,80.0,45.0,14056575.516,14056579.916,10.000000003386628
train_harn,HARn/36_Walk/user2/4-3-3,user2,4-3-3,36_Walk,"/home/fluxx/Workspace/cuchx-large/hf_data_manual/LMT_(IMU,Radar,Skeleton)/Training/HARn/36_Walk/user2/4-3-3",30.0,64.0,35.0,14056694.916,14056698.316,9.999999998904327
train_harn,HARn/36_Walk/user2/5-2-1,user2,5-2-1,36_Walk,"/home/fluxx/Workspace/cuchx-large/hf_data_manual/LMT_(IMU,Radar,Skeleton)/Training/HARn/36_Walk/user2/5-2-1",28.0,65.0,38.0,14148646.716,14148650.416,10.000000002013671
train_harn,HARn/36_Walk/user2/5-2-2,user2,5-2-2,36_Walk,"/home/fluxx/Workspace/cuchx-large/hf_data_manual/LMT_(IMU,Radar,Skeleton)/Training/HARn/36_Walk/user2/5-2-2",22.0,53.0,32.0,14148752.116,14148755.216,10.000000001201707
train_harn,HARn/36_Walk/user2/5-2-3,user2,5-2-3,36_Walk,"/home/fluxx/Workspace/cuchx-large/hf_data_manual/LMT_(IMU,Radar,Skeleton)/Training/HARn/36_Walk/user2/5-2-3",19.0,41.0,23.0,14148843.816,14148846.016,9.999999994920058
train_harn,HARn/36_Walk/user2/6-1-1,user2,6-1-1,36_Walk,"/home/fluxx/Workspace/cuchx-large/hf_data_manual/LMT_(IMU,Radar,Skeleton)/Training/HARn/36_Walk/user2/6-1-1",351.0,370.0,20.0,14057781.016,14057782.916,10.000000007842717
train_harn,HARn/36_Walk/user2/6-1-2,user2,6-1-2,36_Walk,"/home/fluxx/Workspace/cuchx-large/hf_data_manual/LMT_(IMU,Radar,Skeleton)/Training/HARn/36_Walk/user2/6-1-2",210.0,220.0,11.0,14057934.916,14057935.916,10.0
train_harn,HARn/36_Walk/user2/7-2-1,user2,7-2-1,36_Walk,"/home/fluxx/Workspace/cuchx-large/hf_data_manual/LMT_(IMU,Radar,Skeleton)/Training/HARn/36_Walk/user2/7-2-1",20.0,54.0,35.0,14149085.916,14149089.316,9.999999998904327
train_harn,HARn/36_Walk/user2/7-2-2,user2,7-2-2,36_Walk,"/home/fluxx/Workspace/cuchx-large/hf_data_manual/LMT_(IMU,Radar,Skeleton)/Training/HARn/36_Walk/user2/7-2-2",26.0,49.0,24.0,14149141.516,14149143.816,10.000000004859075
train_harn,HARn/36_Walk/user2/7-2-3,user2,7-2-3,36_Walk,"/home/fluxx/Workspace/cuchx-large/hf_data_manual/LMT_(IMU,Radar,Skeleton)/Training/HARn/36_Walk/user2/7-2-3",16.0,31.0,16.0,14149224.516,14149226.016,10.0
train_harn,HARn/36_Walk/user2/7-3-1,user2,7-3-1,36_Walk,"/home/fluxx/Workspace/cuchx-large/hf_data_manual/LMT_(IMU,Radar,Skeleton)/Training/HARn/36_Walk/user2/7-3-1",12.0,69.0,58.0,14059187.116,14059192.816,10.00000000130712
train_harn,HARn/36_Walk/user2/7-3-2,user2,7-3-2,36_Walk,"/home/fluxx/Workspace/cuchx-large/hf_data_manual/LMT_(IMU,Radar,Skeleton)/Training/HARn/36_Walk/user2/7-3-2",17.0,49.0,33.0,14059444.616,14059447.816,10.000000002328306
train_harn,HARn/36_Walk/user2/7-3-3,user2,7-3-3,36_Walk,"/home/fluxx/Workspace/cuchx-large/hf_data_manual/LMT_(IMU,Radar,Skeleton)/Training/HARn/36_Walk/user2/7-3-3",18.0,51.0,34.0,14059556.716,14059560.016,9.999999997742249
train_harn,HARn/36_Walk/user20/2-2-1,user20,2-2-1,36_Walk,"/home/fluxx/Workspace/cuchx-large/hf_data_manual/LMT_(IMU,Radar,Skeleton)/Training/HARn/36_Walk/user20/2-2-1",21.0,43.0,23.0,16904231.016,16904233.216,10.000000003386628
train_harn,HARn/36_Walk/user20/2-2-2,user20,2-2-2,36_Walk,"/home/fluxx/Workspace/cuchx-large/hf_data_manual/LMT_(IMU,Radar,Skeleton)/Training/HARn/36_Walk/user20/2-2-2",18.0,36.0,19.0,16904307.716,16904309.516,9.999999995860788
train_harn,HARn/36_Walk/user20/2-2-3,user20,2-2-3,36_Walk,"/home/fluxx/Workspace/cuchx-large/hf_data_manual/LMT_(IMU,Radar,Skeleton)/Training/HARn/36_Walk/user20/2-2-3",18.0,30.0,13.0,16904415.716,16904416.916,9.999999975164732
train_harn,HARn/36_Walk/user20/4-2-1,user20,4-2-1,36_Walk,"/home/fluxx/Workspace/cuchx-large/hf_data_manual/LMT_(IMU,Radar,Skeleton)/Training/HARn/36_Walk/user20/4-2-1",31.0,46.0,16.0,17057243.016,17057244.516,10.0
train_harn,HARn/36_Walk/user20/4-2-2,user20,4-2-2,36_Walk,"/home/fluxx/Workspace/cuchx-large/hf_data_manual/LMT_(IMU,Radar,Skeleton)/Training/HARn/36_Walk/user20/4-2-2",18.0,36.0,19.0,17057402.716,17057404.516,9.999999995860788
train_harn,HARn/36_Walk/user20/4-2-3,user20,4-2-3,36_Walk,"/home/fluxx/Workspace/cuchx-large/hf_data_manual/LMT_(IMU,Radar,Skeleton)/Training/HARn/36_Walk/user20/4-2-3",18.0,46.0,29.0,17057505.716,17057508.516,9.999999997339078
train_harn,HARn/36_Walk/user20/7-2-1,user20,7-2-1,36_Walk,"/home/fluxx/Workspace/cuchx-large/hf_data_manual/LMT_(IMU,Radar,Skeleton)/Training/HARn/36_Walk/user20/7-2-1",13.0,45.0,33.0,17057898.216,17057901.416,9.999999990686774
train_harn,HARn/36_Walk/user20/7-2-2,user20,7-2-2,36_Walk,"/home/fluxx/Workspace/cuchx-large/hf_data_manual/LMT_(IMU,Radar,Skeleton)/Training/HARn/36_Walk/user20/7-2-2",18.0,47.0,30.0,17057982.716,17057985.616,9.999999992292503
train_harn,HARn/36_Walk/user20/7-2-3,user20,7-2-3,36_Walk,"/home/fluxx/Workspace/cuchx-large/hf_data_manual/LMT_(IMU,Radar,Skeleton)/Training/HARn/36_Walk/user20/7-2-3",15.0,36.0,22.0,17058148.416,17058150.516,10.000000010643687
train_harn,HARn/36_Walk/user21/1-1-1,user21,1-1-1,36_Walk,"/home/fluxx/Workspace/cuchx-large/hf_data_manual/LMT_(IMU,Radar,Skeleton)/Training/HARn/36_Walk/user21/1-1-1",42.0,53.0,12.0,17253776.116,17253777.216,10.000000020319765
train_harn,HARn/36_Walk/user21/1-1-2,user21,1-1-2,36_Walk,"/home/fluxx/Workspace/cuchx-large/hf_data_manual/LMT_(IMU,Radar,Skeleton)/Training/HARn/36_Walk/user21/1-1-2",41.0,51.0,11.0,17253853.016,17253854.016,10.0
train_harn,HARn/36_Walk/user21/1-1-3,user21,1-1-3,36_Walk,"/home/fluxx/Workspace/cuchx-large/hf_data_manual/LMT_(IMU,Radar,Skeleton)/Training/HARn/36_Walk/user21/1-1-3",29.0,35.0,7.0,17253935.816,17253936.416,9.999999975164732
train_harn,HARn/36_Walk/user21/1-2-1,user21,1-2-1,36_Walk,"/home/fluxx/Workspace/cuchx-large/hf_data_manual/LMT_(IMU,Radar,Skeleton)/Training/HARn/36_Walk/user21/1-2-1",40.0,65.0,26.0,17164547.916,17164550.416,10.0
train_harn,HARn/36_Walk/user21/1-2-2,user21,1-2-2,36_Walk,"/home/fluxx/Workspace/cuchx-large/hf_data_manual/LMT_(IMU,Radar,Skeleton)/Training/HARn/36_Walk/user21/1-2-2",37.0,49.0,13.0,17256904.616,17256905.816,10.000000006208817
train_harn,HARn/36_Walk/user21/1-2-3,user21,1-2-3,36_Walk,"/home/fluxx/Workspace/cuchx-large/hf_data_manual/LMT_(IMU,Radar,Skeleton)/Training/HARn/36_Walk/user21/1-2-3",45.0,62.0,18.0,17164636.416,17164638.116,10.000000004382695
train_harn,HARn/36_Walk/user21/2-2-1,user21,2-2-1,36_Walk,"/home/fluxx/Workspace/cuchx-large/hf_data_manual/LMT_(IMU,Radar,Skeleton)/Training/HARn/36_Walk/user21/2-2-1",35.0,53.0,19.0,17164832.416,17164834.216,10.000000016556847
train_harn,HARn/36_Walk/user21/2-2-2,user21,2-2-2,36_Walk,"/home/fluxx/Workspace/cuchx-large/hf_data_manual/LMT_(IMU,Radar,Skeleton)/Training/HARn/36_Walk/user21/2-2-2",27.0,63.0,37.0,17164927.616,17164931.216,10.000000006208817
train_harn,HARn/36_Walk/user21/2-2-3,user21,2-2-3,36_Walk,"/home/fluxx/Workspace/cuchx-large/hf_data_manual/LMT_(IMU,Radar,Skeleton)/Training/HARn/36_Walk/user21/2-2-3",12.0,21.0,10.0,17165368.116,17165369.016,10.000000016556847
train_harn,HARn/36_Walk/user21/3-2-1,user21,3-2-1,36_Walk,"/home/fluxx/Workspace/cuchx-large/hf_data_manual/LMT_(IMU,Radar,Skeleton)/Training/HARn/36_Walk/user21/3-2-1",28.0,49.0,22.0,17165155.716,17165157.816,9.99999999290421
train_harn,HARn/36_Walk/user21/3-2-2,user21,3-2-2,36_Walk,"/home/fluxx/Workspace/cuchx-large/hf_data_manual/LMT_(IMU,Radar,Skeleton)/Training/HARn/36_Walk/user21/3-2-2",31.0,52.0,22.0,17165515.016,17165517.116,9.99999999290421
train_harn,HARn/36_Walk/user21/3-2-3,user21,3-2-3,36_Walk,"/home/fluxx/Workspace/cuchx-large/hf_data_manual/LMT_(IMU,Radar,Skeleton)/Training/HARn/36_Walk/user21/3-2-3",40.0,50.0,11.0,17165625.916,17165626.916,10.0
train_harn,HARn/36_Walk/user21/4-1-1,user21,4-1-1,36_Walk,"/home/fluxx/Workspace/cuchx-large/hf_data_manual/LMT_(IMU,Radar,Skeleton)/Training/HARn/36_Walk/user21/4-1-1",238.0,258.0,21.0,17082290.716,17082292.716,10.0
train_harn,HARn/36_Walk/user21/4-1-2,user21,4-1-2,36_Walk,"/home/fluxx/Workspace/cuchx-large/hf_data_manual/LMT_(IMU,Radar,Skeleton)/Training/HARn/36_Walk/user21/4-1-2",173.0,187.0,15.0,17082469.216,17082470.616,9.99999998403447
train_harn,HARn/36_Walk/user21/4-1-3,user21,4-1-3,36_Walk,"/home/fluxx/Workspace/cuchx-large/hf_data_manual/LMT_(IMU,Radar,Skeleton)/Training/HARn/36_Walk/user21/4-1-3",107.0,122.0,16.0,17082550.616,17082552.116,10.0
train_harn,HARn/36_Walk/user21/5-1-1,user21,5-1-1,36_Walk,"/home/fluxx/Workspace/cuchx-large/hf_data_manual/LMT_(IMU,Radar,Skeleton)/Training/HARn/36_Walk/user21/5-1-1",37.0,42.0,6.0,17254210.616,17254211.116,10.0
train_harn,HARn/36_Walk/user21/5-1-2,user21,5-1-2,36_Walk,"/home/fluxx/Workspace/cuchx-large/hf_data_manual/LMT_(IMU,Radar,Skeleton)/Training/HARn/36_Walk/user21/5-1-2",40.0,49.0,10.0,17254278.916,17254279.816,10.000000016556847
train_harn,HARn/36_Walk/user21/5-1-3,user21,5-1-3,36_Walk,"/home/fluxx/Workspace/cuchx-large/hf_data_manual/LMT_(IMU,Radar,Skeleton)/Training/HARn/36_Walk/user21/5-1-3",31.0,35.0,5.0,17254470.016,17254470.416,9.999999944120646
train_harn,HARn/36_Walk/user21/5-2-1,user21,5-2-1,36_Walk,"/home/fluxx/Workspace/cuchx-large/hf_data_manual/LMT_(IMU,Radar,Skeleton)/Training/HARn/36_Walk/user21/5-2-1",25.0,42.0,18.0,17082818.416,17082820.116,10.000000004382695
train_harn,HARn/36_Walk/user21/5-2-2,user21,5-2-2,36_Walk,"/home/fluxx/Workspace/cuchx-large/hf_data_manual/LMT_(IMU,Radar,Skeleton)/Training/HARn/36_Walk/user21/5-2-2",11.0,33.0,23.0,17082946.016,17082948.216,10.000000003386628
train_harn,HARn/36_Walk/user21/5-2-3,user21,5-2-3,36_Walk,"/home/fluxx/Workspace/cuchx-large/hf_data_manual/LMT_(IMU,Radar,Skeleton)/Training/HARn/36_Walk/user21/5-2-3",13.0,28.0,16.0,17083114.216,17083115.716,10.0
train_harn,HARn/36_Walk/user21/6-2-1,user21,6-2-1,36_Walk,"/home/fluxx/Workspace/cuchx-large/hf_data_manual/LMT_(IMU,Radar,Skeleton)/Training/HARn/36_Walk/user21/6-2-1",46.0,75.0,30.0,17083393.516,17083396.416,9.999999992292503
train_harn,HARn/36_Walk/user21/6-2-2,user21,6-2-2,36_Walk,"/home/fluxx/Workspace/cuchx-large/hf_data_manual/LMT_(IMU,Radar,Skeleton)/Training/HARn/36_Walk/user21/6-2-2",30.0,57.0,28.0,17083481.916,17083484.616,10.000000002759474
train_harn,HARn/36_Walk/user21/6-2-3,user21,6-2-3,36_Walk,"/home/fluxx/Workspace/cuchx-large/hf_data_manual/LMT_(IMU,Radar,Skeleton)/Training/HARn/36_Walk/user21/6-2-3",19.0,31.0,13.0,17083553.816,17083555.016,10.000000006208817
train_harn,HARn/36_Walk/user22/1-2-1,user22,1-2-1,36_Walk,"/home/fluxx/Workspace/cuchx-large/hf_data_manual/LMT_(IMU,Radar,Skeleton)/Training/HARn/36_Walk/user22/1-2-1",36.0,48.0,13.0,17169807.516,17169808.716,10.000000006208817
train_harn,HARn/36_Walk/user22/1-2-2,user22,1-2-2,36_Walk,"/home/fluxx/Workspace/cuchx-large/hf_data_manual/LMT_(IMU,Radar,Skeleton)/Training/HARn/36_Walk/user22/1-2-2",28.0,35.0,8.0,17170699.716,17170700.416,9.999999957425254
train_harn,HARn/36_Walk/user22/1-2-3,user22,1-2-3,36_Walk,"/home/fluxx/Workspace/cuchx-large/hf_data_manual/LMT_(IMU,Radar,Skeleton)/Training/HARn/36_Walk/user22/1-2-3",30.0,35.0,6.0,17170027.916,17170028.416,10.0
train_harn,HARn/36_Walk/user22/2-1-1,user22,2-1-1,36_Walk,"/home/fluxx/Workspace/cuchx-large/hf_data_manual/LMT_(IMU,Radar,Skeleton)/Training/HARn/36_Walk/user22/2-1-1",28.0,44.0,17.0,17157968.716,17157970.316,9.999999990686774
train_harn,HARn/36_Walk/user22/2-1-2,user22,2-1-2,36_Walk,"/home/fluxx/Workspace/cuchx-large/hf_data_manual/LMT_(IMU,Radar,Skeleton)/Training/HARn/36_Walk/user22/2-1-2",38.0,48.0,11.0,17158090.716,17158091.716,10.0
train_harn,HARn/36_Walk/user22/2-1-3,user22,2-1-3,36_Walk,"/home/fluxx/Workspace/cuchx-large/hf_data_manual/LMT_(IMU,Radar,Skeleton)/Training/HARn/36_Walk/user22/2-1-3",23.0,31.0,9.0,17158262.216,17158263.016,9.999999990686774
train_harn,HARn/36_Walk/user22/2-2-1,user22,2-2-1,36_Walk,"/home/fluxx/Workspace/cuchx-large/hf_data_manual/LMT_(IMU,Radar,Skeleton)/Training/HARn/36_Walk/user22/2-2-1",44.0,54.0,11.0,17250236.316,17250237.316,10.0
train_harn,HARn/36_Walk/user22/2-2-2,user22,2-2-2,36_Walk,"/home/fluxx/Workspace/cuchx-large/hf_data_manual/LMT_(IMU,Radar,Skeleton)/Training/HARn/36_Walk/user22/2-2-2",38.0,46.0,9.0,17250346.716,17250347.516,9.999999990686774
train_harn,HARn/36_Walk/user22/2-2-3,user22,2-2-3,36_Walk,"/home/fluxx/Workspace/cuchx-large/hf_data_manual/LMT_(IMU,Radar,Skeleton)/Training/HARn/36_Walk/user22/2-2-3",23.0,28.0,6.0,17250436.216,17250436.716,10.0
train_harn,HARn/36_Walk/user22/3-1-1,user22,3-1-1,36_Walk,"/home/fluxx/Workspace/cuchx-large/hf_data_manual/LMT_(IMU,Radar,Skeleton)/Training/HARn/36_Walk/user22/3-1-1",32.0,44.0,13.0,17158399.116,17158400.316,10.000000006208817
train_harn,HARn/36_Walk/user22/3-1-2,user22,3-1-2,36_Walk,"/home/fluxx/Workspace/cuchx-large/hf_data_manual/LMT_(IMU,Radar,Skeleton)/Training/HARn/36_Walk/user22/3-1-2",30.0,44.0,15.0,17158485.916,17158487.316,10.000000010643687
train_harn,HARn/36_Walk/user22/3-2-1,user22,3-2-1,36_Walk,"/home/fluxx/Workspace/cuchx-large/hf_data_manual/LMT_(IMU,Radar,Skeleton)/Training/HARn/36_Walk/user22/3-2-1",31.0,42.0,12.0,17170271.016,17170272.116,9.99999998645349
train_harn,HARn/36_Walk/user22/3-2-2,user22,3-2-2,36_Walk,"/home/fluxx/Workspace/cuchx-large/hf_data_manual/LMT_(IMU,Radar,Skeleton)/Training/HARn/36_Walk/user22/3-2-2",28.0,44.0,17.0,17170347.716,17170349.316,9.999999990686774
train_harn,HARn/36_Walk/user22/3-2-3,user22,3-2-3,36_Walk,"/home/fluxx/Workspace/cuchx-large/hf_data_manual/LMT_(IMU,Radar,Skeleton)/Training/HARn/36_Walk/user22/3-2-3",26.0,35.0,10.0,17170414.516,17170415.416,9.999999975164732
train_harn,HARn/36_Walk/user22/4-2-1,user22,4-2-1,36_Walk,"/home/fluxx/Workspace/cuchx-large/hf_data_manual/LMT_(IMU,Radar,Skeleton)/Training/HARn/36_Walk/user22/4-2-1",32.0,42.0,11.0,17250538.116,17250539.116,10.0
train_harn,HARn/36_Walk/user22/4-2-2,user22,4-2-2,36_Walk,"/home/fluxx/Workspace/cuchx-large/hf_data_manual/LMT_(IMU,Radar,Skeleton)/Training/HARn/36_Walk/user22/4-2-2",30.0,39.0,10.0,17250600.916,17250601.816,10.000000016556847
train_harn,HARn/36_Walk/user22/4-2-3,user22,4-2-3,36_Walk,"/home/fluxx/Workspace/cuchx-large/hf_data_manual/LMT_(IMU,Radar,Skeleton)/Training/HARn/36_Walk/user22/4-2-3",16.0,19.0,4.0,17250673.516,17250673.816,9.999999975164732
train_harn,HARn/36_Walk/user22/5-2-1,user22,5-2-1,36_Walk,"/home/fluxx/Workspace/cuchx-large/hf_data_manual/LMT_(IMU,Radar,Skeleton)/Training/HARn/36_Walk/user22/5-2-1",39.0,52.0,14.0,17084870.816,17084872.116,9.999999994268784
train_harn,HARn/36_Walk/user22/5-2-2,user22,5-2-2,36_Walk,"/home/fluxx/Workspace/cuchx-large/hf_data_manual/LMT_(IMU,Radar,Skeleton)/Training/HARn/36_Walk/user22/5-2-2",30.0,44.0,15.0,17085192.916,17085194.316,10.000000010643687
train_harn,HARn/36_Walk/user22/5-2-3,user22,5-2-3,36_Walk,"/home/fluxx/Workspace/cuchx-large/hf_data_manual/LMT_(IMU,Radar,Skeleton)/Training/HARn/36_Walk/user22/5-2-3",22.0,35.0,14.0,17085273.116,17085274.416,9.999999994268784
train_harn,HARn/36_Walk/user22/6-2-1,user22,6-2-1,36_Walk,"/home/fluxx/Workspace/cuchx-large/hf_data_manual/LMT_(IMU,Radar,Skeleton)/Training/HARn/36_Walk/user22/6-2-1",43.0,55.0,13.0,17085613.216,17085614.416,9.999999975164732
train_harn,HARn/36_Walk/user22/6-2-2,user22,6-2-2,36_Walk,"/home/fluxx/Workspace/cuchx-large/hf_data_manual/LMT_(IMU,Radar,Skeleton)/Training/HARn/36_Walk/user22/6-2-2",38.0,48.0,11.0,17085753.716,17085754.716,10.0
train_harn,HARn/36_Walk/user23/2-2-1,user23,2-2-1,36_Walk,"/home/fluxx/Workspace/cuchx-large/hf_data_manual/LMT_(IMU,Radar,Skeleton)/Training/HARn/36_Walk/user23/2-2-1",31.0,41.0,11.0,17242951.016,17242952.016,10.0
train_harn,HARn/36_Walk/user23/2-2-2,user23,2-2-2,36_Walk,"/home/fluxx/Workspace/cuchx-large/hf_data_manual/LMT_(IMU,Radar,Skeleton)/Training/HARn/36_Walk/user23/2-2-2",43.0,53.0,11.0,17243017.216,17243018.216,10.0
train_harn,HARn/36_Walk/user23/2-2-3,user23,2-2-3,36_Walk,"/home/fluxx/Workspace/cuchx-large/hf_data_manual/LMT_(IMU,Radar,Skeleton)/Training/HARn/36_Walk/user23/2-2-3",22.0,32.0,11.0,17243072.116,17243073.116,10.0
train_harn,HARn/36_Walk/user23/2-3-1,user23,2-3-1,36_Walk,"/home/fluxx/Workspace/cuchx-large/hf_data_manual/LMT_(IMU,Radar,Skeleton)/Training/HARn/36_Walk/user23/2-3-1",37.0,64.0,28.0,17157207.616,17157210.316,10.000000002759474
train_harn,HARn/36_Walk/user23/2-3-2,user23,2-3-2,36_Walk,"/home/fluxx/Workspace/cuchx-large/hf_data_manual/LMT_(IMU,Radar,Skeleton)/Training/HARn/36_Walk/user23/2-3-2",35.0,55.0,21.0,17157288.416,17157290.416,10.0
train_harn,HARn/36_Walk/user23/2-3-3,user23,2-3-3,36_Walk,"/home/fluxx/Workspace/cuchx-large/hf_data_manual/LMT_(IMU,Radar,Skeleton)/Training/HARn/36_Walk/user23/2-3-3",37.0,48.0,12.0,17157349.616,17157350.716,10.000000020319765
train_harn,HARn/36_Walk/user23/3-2-1,user23,3-2-1,36_Walk,"/home/fluxx/Workspace/cuchx-large/hf_data_manual/LMT_(IMU,Radar,Skeleton)/Training/HARn/36_Walk/user23/3-2-1",34.0,54.0,21.0,17143633.316,17143635.316,10.0
train_harn,HARn/36_Walk/user23/3-2-2,user23,3-2-2,36_Walk,"/home/fluxx/Workspace/cuchx-large/hf_data_manual/LMT_(IMU,Radar,Skeleton)/Training/HARn/36_Walk/user23/3-2-2",29.0,39.0,11.0,17143786.816,17143787.816,10.0
train_harn,HARn/36_Walk/user23/3-2-3,user23,3-2-3,36_Walk,"/home/fluxx/Workspace/cuchx-large/hf_data_manual/LMT_(IMU,Radar,Skeleton)/Training/HARn/36_Walk/user23/3-2-3",29.0,49.0,21.0,17143892.816,17143894.816,10.0
train_harn,HARn/36_Walk/user23/4-2-1,user23,4-2-1,36_Walk,"/home/fluxx/Workspace/cuchx-large/hf_data_manual/LMT_(IMU,Radar,Skeleton)/Training/HARn/36_Walk/user23/4-2-1",28.0,34.0,7.0,17243140.716,17243141.316,9.999999975164732
train_harn,HARn/36_Walk/user23/4-2-2,user23,4-2-2,36_Walk,"/home/fluxx/Workspace/cuchx-large/hf_data_manual/LMT_(IMU,Radar,Skeleton)/Training/HARn/36_Walk/user23/4-2-2",30.0,35.0,6.0,17243263.916,17243264.416,10.0
train_harn,HARn/36_Walk/user23/4-2-3,user23,4-2-3,36_Walk,"/home/fluxx/Workspace/cuchx-large/hf_data_manual/LMT_(IMU,Radar,Skeleton)/Training/HARn/36_Walk/user23/4-2-3",19.0,30.0,12.0,17243502.816,17243503.916,9.99999998645349
train_harn,HARn/36_Walk/user23/5-3-1,user23,5-3-1,36_Walk,"/home/fluxx/Workspace/cuchx-large/hf_data_manual/LMT_(IMU,Radar,Skeleton)/Training/HARn/36_Walk/user23/5-3-1",11.0,23.0,13.0,17144563.016,17144564.216,10.000000006208817
train_harn,HARn/36_Walk/user23/5-3-3,user23,5-3-3,36_Walk,"/home/fluxx/Workspace/cuchx-large/hf_data_manual/LMT_(IMU,Radar,Skeleton)/Training/HARn/36_Walk/user23/5-3-3",41.0,56.0,16.0,17144768.016,17144769.516,10.0
train_harn,HARn/36_Walk/user23/7-3-1,user23,7-3-1,36_Walk,"/home/fluxx/Workspace/cuchx-large/hf_data_manual/LMT_(IMU,Radar,Skeleton)/Training/HARn/36_Walk/user23/7-3-1",43.0,63.0,21.0,17145558.216,17145560.216,10.0
train_harn,HARn/36_Walk/user23/7-3-2,user23,7-3-2,36_Walk,"/home/fluxx/Workspace/cuchx-large/hf_data_manual/LMT_(IMU,Radar,Skeleton)/Training/HARn/36_Walk/user23/7-3-2",53.0,63.0,11.0,17145656.216,17145657.216,10.0
train_harn,HARn/36_Walk/user23/7-3-3,user23,7-3-3,36_Walk,"/home/fluxx/Workspace/cuchx-large/hf_data_manual/LMT_(IMU,Radar,Skeleton)/Training/HARn/36_Walk/user23/7-3-3",22.0,30.0,9.0,17145728.116,17145728.916,9.999999990686774
train_harn,HARn/36_Walk/user24/1-2-1,user24,1-2-1,36_Walk,"/home/fluxx/Workspace/cuchx-large/hf_data_manual/LMT_(IMU,Radar,Skeleton)/Training/HARn/36_Walk/user24/1-2-1",38.0,52.0,15.0,17230395.716,17230397.116,9.99999998403447
train_harn,HARn/36_Walk/user24/1-2-2,user24,1-2-2,36_Walk,"/home/fluxx/Workspace/cuchx-large/hf_data_manual/LMT_(IMU,Radar,Skeleton)/Training/HARn/36_Walk/user24/1-2-2",26.0,38.0,13.0,17230525.516,17230526.716,10.000000006208817
train_harn,HARn/36_Walk/user24/1-2-3,user24,1-2-3,36_Walk,"/home/fluxx/Workspace/cuchx-large/hf_data_manual/LMT_(IMU,Radar,Skeleton)/Training/HARn/36_Walk/user24/1-2-3",20.0,34.0,15.0,17230640.916,17230642.316,10.000000010643687
train_harn,HARn/36_Walk/user24/3-2-1,user24,3-2-1,36_Walk,"/home/fluxx/Workspace/cuchx-large/hf_data_manual/LMT_(IMU,Radar,Skeleton)/Training/HARn/36_Walk/user24/3-2-1",50.0,83.0,34.0,17147042.916,17147046.216,10.000000009031007
train_harn,HARn/36_Walk/user24/3-2-2,user24,3-2-2,36_Walk,"/home/fluxx/Workspace/cuchx-large/hf_data_manual/LMT_(IMU,Radar,Skeleton)/Training/HARn/36_Walk/user24/3-2-2",17.0,31.0,15.0,17147230.616,17147232.016,10.000000010643687
train_harn,HARn/36_Walk/user24/3-2-3,user24,3-2-3,36_Walk,"/home/fluxx/Workspace/cuchx-large/hf_data_manual/LMT_(IMU,Radar,Skeleton)/Training/HARn/36_Walk/user24/3-2-3",33.0,47.0,15.0,17147464.216,17147465.616,9.99999998403447
train_harn,HARn/36_Walk/user24/4-2-1,user24,4-2-1,36_Walk,"/home/fluxx/Workspace/cuchx-large/hf_data_manual/LMT_(IMU,Radar,Skeleton)/Training/HARn/36_Walk/user24/4-2-1",33.0,56.0,24.0,17156055.216,17156057.516,9.999999996760618
train_harn,HARn/36_Walk/user24/4-2-2,user24,4-2-2,36_Walk,"/home/fluxx/Workspace/cuchx-large/hf_data_manual/LMT_(IMU,Radar,Skeleton)/Training/HARn/36_Walk/user24/4-2-2",35.0,53.0,19.0,17156159.416,17156161.216,10.000000016556847
train_harn,HARn/36_Walk/user24/4-2-3,user24,4-2-3,36_Walk,"/home/fluxx/Workspace/cuchx-large/hf_data_manual/LMT_(IMU,Radar,Skeleton)/Training/HARn/36_Walk/user24/4-2-3",26.0,42.0,17.0,17156226.516,17156228.116,9.999999990686774
train_harn,HARn/36_Walk/user24/5-1-1,user24,5-1-1,36_Walk,"/home/fluxx/Workspace/cuchx-large/hf_data_manual/LMT_(IMU,Radar,Skeleton)/Training/HARn/36_Walk/user24/5-1-1",32.0,60.0,29.0,17147940.116,17147942.916,9.999999997339078
train_harn,HARn/36_Walk/user24/5-1-2,user24,5-1-2,36_Walk,"/home/fluxx/Workspace/cuchx-large/hf_data_manual/LMT_(IMU,Radar,Skeleton)/Training/HARn/36_Walk/user24/5-1-2",28.0,54.0,27.0,17148021.716,17148024.316,9.999999994268784
train_harn,HARn/36_Walk/user24/5-1-3,user24,5-1-3,36_Walk,"/home/fluxx/Workspace/cuchx-large/hf_data_manual/LMT_(IMU,Radar,Skeleton)/Training/HARn/36_Walk/user24/5-1-3",23.0,42.0,20.0,17148282.216,17148284.116,9.999999988235926
train_harn,HARn/36_Walk/user24/5-3-1,user24,5-3-1,36_Walk,"/home/fluxx/Workspace/cuchx-large/hf_data_manual/LMT_(IMU,Radar,Skeleton)/Training/HARn/36_Walk/user24/5-3-1",33.0,58.0,26.0,17148376.216,17148378.716,10.0
train_harn,HARn/36_Walk/user24/5-3-2,user24,5-3-2,36_Walk,"/home/fluxx/Workspace/cuchx-large/hf_data_manual/LMT_(IMU,Radar,Skeleton)/Training/HARn/36_Walk/user24/5-3-2",25.0,48.0,24.0,17148459.416,17148461.716,10.000000012957532
train_harn,HARn/36_Walk/user24/5-3-3,user24,5-3-3,36_Walk,"/home/fluxx/Workspace/cuchx-large/hf_data_manual/LMT_(IMU,Radar,Skeleton)/Training/HARn/36_Walk/user24/5-3-3",24.0,42.0,19.0,17148522.316,17148524.116,9.999999995860788
train_harn,HARn/36_Walk/user24/6-2-1,user24,6-2-1,36_Walk,"/home/fluxx/Workspace/cuchx-large/hf_data_manual/LMT_(IMU,Radar,Skeleton)/Training/HARn/36_Walk/user24/6-2-1",26.0,43.0,18.0,17252016.516,17252018.216,10.000000004382695
train_harn,HARn/36_Walk/user24/6-2-2,user24,6-2-2,36_Walk,"/home/fluxx/Workspace/cuchx-large/hf_data_manual/LMT_(IMU,Radar,Skeleton)/Training/HARn/36_Walk/user24/6-2-2",22.0,27.0,6.0,17252078.116,17252078.616,10.0
train_harn,HARn/36_Walk/user24/6-2-3,user24,6-2-3,36_Walk,"/home/fluxx/Workspace/cuchx-large/hf_data_manual/LMT_(IMU,Radar,Skeleton)/Training/HARn/36_Walk/user24/6-2-3",20.0,25.0,6.0,17252147.916,17252148.416,10.0
train_harn,HARn/36_Walk/user24/7-2-1,user24,7-2-1,36_Walk,"/home/fluxx/Workspace/cuchx-large/hf_data_manual/LMT_(IMU,Radar,Skeleton)/Training/HARn/36_Walk/user24/7-2-1",30.0,56.0,27.0,17148901.916,17148904.516,10.000000008596825
train_harn,HARn/36_Walk/user24/7-2-2,user24,7-2-2,36_Walk,"/home/fluxx/Workspace/cuchx-large/hf_data_manual/LMT_(IMU,Radar,Skeleton)/Training/HARn/36_Walk/user24/7-2-2",25.0,42.0,18.0,17148997.416,17148999.116,10.000000004382695
train_harn,HARn/36_Walk/user24/7-2-3,user24,7-2-3,36_Walk,"/home/fluxx/Workspace/cuchx-large/hf_data_manual/LMT_(IMU,Radar,Skeleton)/Training/HARn/36_Walk/user24/7-2-3",24.0,45.0,22.0,17149088.316,17149090.416,9.99999999290421
train_harn,HARn/36_Walk/user3/1-2-1,user3,1-2-1,36_Walk,"/home/fluxx/Workspace/cuchx-large/hf_data_manual/LMT_(IMU,Radar,Skeleton)/Training/HARn/36_Walk/user3/1-2-1",41.0,174.0,52.0,14141515.016,14141528.316,3.8345864664876306
train_harn,HARn/36_Walk/user3/1-2-2,user3,1-2-2,36_Walk,"/home/fluxx/Workspace/cuchx-large/hf_data_manual/LMT_(IMU,Radar,Skeleton)/Training/HARn/36_Walk/user3/1-2-2",35.0,171.0,58.0,14141623.416,14141637.016,4.191176470129019
train_harn,HARn/36_Walk/user3/1-2-3,user3,1-2-3,36_Walk,"/home/fluxx/Workspace/cuchx-large/hf_data_manual/LMT_(IMU,Radar,Skeleton)/Training/HARn/36_Walk/user3/1-2-3",34.0,105.0,32.0,14141729.316,14141736.416,4.366197183327681
train_harn,HARn/36_Walk/user3/2-2-1,user3,2-2-1,36_Walk,"/home/fluxx/Workspace/cuchx-large/hf_data_manual/LMT_(IMU,Radar,Skeleton)/Training/HARn/36_Walk/user3/2-2-1",38.0,54.0,17.0,14141873.716,14141875.316,10.000000002328306
train_harn,HARn/36_Walk/user3/2-2-2,user3,2-2-2,36_Walk,"/home/fluxx/Workspace/cuchx-large/hf_data_manual/LMT_(IMU,Radar,Skeleton)/Training/HARn/36_Walk/user3/2-2-2",30.0,41.0,12.0,14141967.916,14141969.016,9.99999998645349
train_harn,HARn/36_Walk/user3/2-2-3,user3,2-2-3,36_Walk,"/home/fluxx/Workspace/cuchx-large/hf_data_manual/LMT_(IMU,Radar,Skeleton)/Training/HARn/36_Walk/user3/2-2-3",43.0,58.0,16.0,14142051.216,14142052.716,10.0
train_harn,HARn/36_Walk/user3/3-2-1,user3,3-2-1,36_Walk,"/home/fluxx/Workspace/cuchx-large/hf_data_manual/LMT_(IMU,Radar,Skeleton)/Training/HARn/36_Walk/user3/3-2-1",43.0,78.0,36.0,14062305.216,14062308.716,10.0
train_harn,HARn/36_Walk/user3/3-2-2,user3,3-2-2,36_Walk,"/home/fluxx/Workspace/cuchx-large/hf_data_manual/LMT_(IMU,Radar,Skeleton)/Training/HARn/36_Walk/user3/3-2-2",47.0,71.0,25.0,14062480.616,14062483.016,9.999999998447796
train_harn,HARn/36_Walk/user3/3-2-3,user3,3-2-3,36_Walk,"/home/fluxx/Workspace/cuchx-large/hf_data_manual/LMT_(IMU,Radar,Skeleton)/Training/HARn/36_Walk/user3/3-2-3",29.0,68.0,40.0,14062602.816,14062606.716,9.999999999044798
train_harn,HARn/36_Walk/user3/5-2-1,user3,5-2-1,36_Walk,"/home/fluxx/Workspace/cuchx-large/hf_data_manual/LMT_(IMU,Radar,Skeleton)/Training/HARn/36_Walk/user3/5-2-1",27.0,69.0,43.0,14063494.616,14063498.816,10.000000001773948
train_harn,HARn/36_Walk/user3/5-2-2,user3,5-2-2,36_Walk,"/home/fluxx/Workspace/cuchx-large/hf_data_manual/LMT_(IMU,Radar,Skeleton)/Training/HARn/36_Walk/user3/5-2-2",42.0,64.0,23.0,14063633.116,14063635.316,10.000000003386628
train_harn,HARn/36_Walk/user3/5-2-3,user3,5-2-3,36_Walk,"/home/fluxx/Workspace/cuchx-large/hf_data_manual/LMT_(IMU,Radar,Skeleton)/Training/HARn/36_Walk/user3/5-2-3",39.0,72.0,34.0,14063776.816,14063780.116,9.999999997742249
train_harn,HARn/36_Walk/user3/6-1-1,user3,6-1-1,36_Walk,"/home/fluxx/Workspace/cuchx-large/hf_data_manual/LMT_(IMU,Radar,Skeleton)/Training/HARn/36_Walk/user3/6-1-1",36.0,54.0,19.0,14143152.516,14143154.316,10.000000006208817
train_harn,HARn/36_Walk/user3/6-1-2,user3,6-1-2,36_Walk,"/home/fluxx/Workspace/cuchx-large/hf_data_manual/LMT_(IMU,Radar,Skeleton)/Training/HARn/36_Walk/user3/6-1-2",44.0,63.0,20.0,14143259.316,14143261.216,9.999999998039321
train_harn,HARn/36_Walk/user3/6-1-3,user3,6-1-3,36_Walk,"/home/fluxx/Workspace/cuchx-large/hf_data_manual/LMT_(IMU,Radar,Skeleton)/Training/HARn/36_Walk/user3/6-1-3",36.0,48.0,13.0,14143367.516,14143368.716,10.000000006208817
train_harn,HARn/36_Walk/user3/6-2-1,user3,6-2-1,36_Walk,"/home/fluxx/Workspace/cuchx-large/hf_data_manual/LMT_(IMU,Radar,Skeleton)/Training/HARn/36_Walk/user3/6-2-1",48.0,72.0,25.0,17081182.716,17081185.116,9.999999990686774
train_harn,HARn/36_Walk/user3/6-2-2,user3,6-2-2,36_Walk,"/home/fluxx/Workspace/cuchx-large/hf_data_manual/LMT_(IMU,Radar,Skeleton)/Training/HARn/36_Walk/user3/6-2-2",58.0,77.0,20.0,17081442.716,17081444.616,9.999999988235926
train_harn,HARn/36_Walk/user3/6-2-3,user3,6-2-3,36_Walk,"/home/fluxx/Workspace/cuchx-large/hf_data_manual/LMT_(IMU,Radar,Skeleton)/Training/HARn/36_Walk/user3/6-2-3",63.0,79.0,17.0,17081606.216,17081607.816,9.999999990686774
train_harn,HARn/36_Walk/user3/7-1-1,user3,7-1-1,36_Walk,"/home/fluxx/Workspace/cuchx-large/hf_data_manual/LMT_(IMU,Radar,Skeleton)/Training/HARn/36_Walk/user3/7-1-1",512.0,535.0,24.0,14064550.116,14064552.416,10.000000004859075
train_harn,HARn/36_Walk/user3/7-1-2,user3,7-1-2,36_Walk,"/home/fluxx/Workspace/cuchx-large/hf_data_manual/LMT_(IMU,Radar,Skeleton)/Training/HARn/36_Walk/user3/7-1-2",387.0,414.0,28.0,14064663.616,14064666.316,10.000000002759474
train_harn,HARn/36_Walk/user3/7-1-3,user3,7-1-3,36_Walk,"/home/fluxx/Workspace/cuchx-large/hf_data_manual/LMT_(IMU,Radar,Skeleton)/Training/HARn/36_Walk/user3/7-1-3",210.0,228.0,19.0,14064814.916,14064816.716,9.999999995860788
train_harn,HARn/36_Walk/user4/1-2-1,user4,1-2-1,36_Walk,"/home/fluxx/Workspace/cuchx-large/hf_data_manual/LMT_(IMU,Radar,Skeleton)/Training/HARn/36_Walk/user4/1-2-1",57.0,84.0,28.0,14137546.616,14137549.316,10.000000002759474
train_harn,HARn/36_Walk/user4/1-2-2,user4,1-2-2,36_Walk,"/home/fluxx/Workspace/cuchx-large/hf_data_manual/LMT_(IMU,Radar,Skeleton)/Training/HARn/36_Walk/user4/1-2-2",42.0,63.0,22.0,14138246.116,14138248.216,10.000000001773948
train_harn,HARn/36_Walk/user4/1-2-3,user4,1-2-3,36_Walk,"/home/fluxx/Workspace/cuchx-large/hf_data_manual/LMT_(IMU,Radar,Skeleton)/Training/HARn/36_Walk/user4/1-2-3",35.0,50.0,16.0,14138373.416,14138374.916,10.0
train_harn,HARn/36_Walk/user4/2-2-1,user4,2-2-1,36_Walk,"/home/fluxx/Workspace/cuchx-large/hf_data_manual/LMT_(IMU,Radar,Skeleton)/Training/HARn/36_Walk/user4/2-2-1",39.0,66.0,28.0,14138952.816,14138955.516,9.999999995860788
train_harn,HARn/36_Walk/user4/2-2-2,user4,2-2-2,36_Walk,"/home/fluxx/Workspace/cuchx-large/hf_data_manual/LMT_(IMU,Radar,Skeleton)/Training/HARn/36_Walk/user4/2-2-2",45.0,72.0,28.0,14139083.416,14139086.116,9.999999995860788
train_harn,HARn/36_Walk/user4/2-2-3,user4,2-2-3,36_Walk,"/home/fluxx/Workspace/cuchx-large/hf_data_manual/LMT_(IMU,Radar,Skeleton)/Training/HARn/36_Walk/user4/2-2-3",54.0,79.0,26.0,14139342.316,14139344.816,10.0
train_harn,HARn/36_Walk/user4/4-2-1,user4,4-2-1,36_Walk,"/home/fluxx/Workspace/cuchx-large/hf_data_manual/LMT_(IMU,Radar,Skeleton)/Training/HARn/36_Walk/user4/4-2-1",42.0,67.0,26.0,14139550.116,14139552.616,10.0
train_harn,HARn/36_Walk/user4/4-2-2,user4,4-2-2,36_Walk,"/home/fluxx/Workspace/cuchx-large/hf_data_manual/LMT_(IMU,Radar,Skeleton)/Training/HARn/36_Walk/user4/4-2-2",46.0,71.0,26.0,14139767.516,14139770.016,10.0
train_harn,HARn/36_Walk/user4/4-2-3,user4,4-2-3,36_Walk,"/home/fluxx/Workspace/cuchx-large/hf_data_manual/LMT_(IMU,Radar,Skeleton)/Training/HARn/36_Walk/user4/4-2-3",40.0,53.0,14.0,14139901.916,14139903.216,9.999999994268784
train_harn,HARn/36_Walk/user4/5-2-1,user4,5-2-1,36_Walk,"/home/fluxx/Workspace/cuchx-large/hf_data_manual/LMT_(IMU,Radar,Skeleton)/Training/HARn/36_Walk/user4/5-2-1",48.0,86.0,39.0,14066551.716,14066555.516,9.999999998039321
train_harn,HARn/36_Walk/user4/5-2-2,user4,5-2-2,36_Walk,"/home/fluxx/Workspace/cuchx-large/hf_data_manual/LMT_(IMU,Radar,Skeleton)/Training/HARn/36_Walk/user4/5-2-2",47.0,71.0,25.0,14066696.616,14066699.016,9.999999998447796
train_harn,HARn/36_Walk/user4/5-2-3,user4,5-2-3,36_Walk,"/home/fluxx/Workspace/cuchx-large/hf_data_manual/LMT_(IMU,Radar,Skeleton)/Training/HARn/36_Walk/user4/5-2-3",42.0,55.0,14.0,14066867.116,14066868.416,10.000000008596825
train_harn,HARn/36_Walk/user4/7-1-1,user4,7-1-1,36_Walk,"/home/fluxx/Workspace/cuchx-large/hf_data_manual/LMT_(IMU,Radar,Skeleton)/Training/HARn/36_Walk/user4/7-1-1",40.0,60.0,21.0,14140930.916,14140932.916,10.0
train_harn,HARn/36_Walk/user4/7-1-2,user4,7-1-2,36_Walk,"/home/fluxx/Workspace/cuchx-large/hf_data_manual/LMT_(IMU,Radar,Skeleton)/Training/HARn/36_Walk/user4/7-1-2",49.0,76.0,28.0,14141044.816,14141047.516,9.999999995860788
train_harn,HARn/36_Walk/user4/7-1-3,user4,7-1-3,36_Walk,"/home/fluxx/Workspace/cuchx-large/hf_data_manual/LMT_(IMU,Radar,Skeleton)/Training/HARn/36_Walk/user4/7-1-3",45.0,60.0,16.0,14141162.416,14141163.916,10.0
train_harn,HARn/36_Walk/user6/1-1-1,user6,1-1-1,36_Walk,"/home/fluxx/Workspace/cuchx-large/hf_data_manual/LMT_(IMU,Radar,Skeleton)/Training/HARn/36_Walk/user6/1-1-1",27.0,52.0,26.0,16134153.616,16134156.116,10.0
train_harn,HARn/36_Walk/user6/1-1-2,user6,1-1-2,36_Walk,"/home/fluxx/Workspace/cuchx-large/hf_data_manual/LMT_(IMU,Radar,Skeleton)/Training/HARn/36_Walk/user6/1-1-2",20.0,43.0,24.0,16134338.916,16134341.216,9.999999996760618
train_harn,HARn/36_Walk/user6/1-1-3,user6,1-1-3,36_Walk,"/home/fluxx/Workspace/cuchx-large/hf_data_manual/LMT_(IMU,Radar,Skeleton)/Training/HARn/36_Walk/user6/1-1-3",22.0,36.0,15.0,16134452.116,16134453.516,9.999999997339078
train_harn,HARn/36_Walk/user6/2-3-1,user6,2-3-1,36_Walk,"/home/fluxx/Workspace/cuchx-large/hf_data_manual/LMT_(IMU,Radar,Skeleton)/Training/HARn/36_Walk/user6/2-3-1",38.0,47.0,10.0,16202297.716,16202298.616,9.999999995860788
train_harn,HARn/36_Walk/user6/2-3-2,user6,2-3-2,36_Walk,"/home/fluxx/Workspace/cuchx-large/hf_data_manual/LMT_(IMU,Radar,Skeleton)/Training/HARn/36_Walk/user6/2-3-2",42.0,50.0,9.0,16202367.116,16202367.916,10.000000013969839
train_harn,HARn/36_Walk/user6/2-3-3,user6,2-3-3,36_Walk,"/home/fluxx/Workspace/cuchx-large/hf_data_manual/LMT_(IMU,Radar,Skeleton)/Training/HARn/36_Walk/user6/2-3-3",38.0,44.0,7.0,16202417.716,16202418.316,10.000000006208817
train_harn,HARn/36_Walk/user6/3-1-1,user6,3-1-1,36_Walk,"/home/fluxx/Workspace/cuchx-large/hf_data_manual/LMT_(IMU,Radar,Skeleton)/Training/HARn/36_Walk/user6/3-1-1",250.0,277.0,28.0,16053008.916,16053011.616,9.999999995860788
train_harn,HARn/36_Walk/user6/3-1-2,user6,3-1-2,36_Walk,"/home/fluxx/Workspace/cuchx-large/hf_data_manual/LMT_(IMU,Radar,Skeleton)/Training/HARn/36_Walk/user6/3-1-2",115.0,137.0,23.0,16053138.416,16053140.616,9.999999994920058
train_harn,HARn/36_Walk/user6/3-1-3,user6,3-1-3,36_Walk,"/home/fluxx/Workspace/cuchx-large/hf_data_manual/LMT_(IMU,Radar,Skeleton)/Training/HARn/36_Walk/user6/3-1-3",62.0,74.0,13.0,16053224.116,16053225.316,10.000000006208817
train_harn,HARn/36_Walk/user6/3-3-1,user6,3-3-1,36_Walk,"/home/fluxx/Workspace/cuchx-large/hf_data_manual/LMT_(IMU,Radar,Skeleton)/Training/HARn/36_Walk/user6/3-3-1",25.0,67.0,43.0,16051734.416,16051738.616,9.999999997339078
train_harn,HARn/36_Walk/user6/3-3-2,user6,3-3-2,36_Walk,"/home/fluxx/Workspace/cuchx-large/hf_data_manual/LMT_(IMU,Radar,Skeleton)/Training/HARn/36_Walk/user6/3-3-2",34.0,73.0,40.0,16052312.316,16052316.216,9.999999999044798
train_harn,HARn/36_Walk/user6/3-3-3,user6,3-3-3,36_Walk,"/home/fluxx/Workspace/cuchx-large/hf_data_manual/LMT_(IMU,Radar,Skeleton)/Training/HARn/36_Walk/user6/3-3-3",22.0,47.0,26.0,16052729.116,16052731.616,10.0
train_harn,HARn/36_Walk/user6/5-2-1,user6,5-2-1,36_Walk,"/home/fluxx/Workspace/cuchx-large/hf_data_manual/LMT_(IMU,Radar,Skeleton)/Training/HARn/36_Walk/user6/5-2-1",46.0,56.0,11.0,16202823.516,16202824.516,10.0
train_harn,HARn/36_Walk/user6/5-2-2,user6,5-2-2,36_Walk,"/home/fluxx/Workspace/cuchx-large/hf_data_manual/LMT_(IMU,Radar,Skeleton)/Training/HARn/36_Walk/user6/5-2-2",37.0,47.0,11.0,16202900.616,16202901.616,10.0
train_harn,HARn/36_Walk/user6/5-2-3,user6,5-2-3,36_Walk,"/home/fluxx/Workspace/cuchx-large/hf_data_manual/LMT_(IMU,Radar,Skeleton)/Training/HARn/36_Walk/user6/5-2-3",29.0,34.0,6.0,16202956.816,16202957.316,10.0
train_harn,HARn/36_Walk/user6/5-3-1,user6,5-3-1,36_Walk,"/home/fluxx/Workspace/cuchx-large/hf_data_manual/LMT_(IMU,Radar,Skeleton)/Training/HARn/36_Walk/user6/5-3-1",16.0,38.0,23.0,16055140.516,16055142.716,10.000000003386628
train_harn,HARn/36_Walk/user6/5-3-2,user6,5-3-2,36_Walk,"/home/fluxx/Workspace/cuchx-large/hf_data_manual/LMT_(IMU,Radar,Skeleton)/Training/HARn/36_Walk/user6/5-3-2",15.0,42.0,28.0,16055255.416,16055258.116,9.999999995860788
train_harn,HARn/36_Walk/user6/5-3-3,user6,5-3-3,36_Walk,"/home/fluxx/Workspace/cuchx-large/hf_data_manual/LMT_(IMU,Radar,Skeleton)/Training/HARn/36_Walk/user6/5-3-3",12.0,26.0,15.0,16055847.116,16055848.516,9.999999997339078
train_harn,HARn/36_Walk/user6/7-3-1,user6,7-3-1,36_Walk,"/home/fluxx/Workspace/cuchx-large/hf_data_manual/LMT_(IMU,Radar,Skeleton)/Training/HARn/36_Walk/user6/7-3-1",14.0,33.0,20.0,16127422.316,16127424.216,9.999999998039321
train_harn,HARn/36_Walk/user6/7-3-2,user6,7-3-2,36_Walk,"/home/fluxx/Workspace/cuchx-large/hf_data_manual/LMT_(IMU,Radar,Skeleton)/Training/HARn/36_Walk/user6/7-3-2",9.0,27.0,19.0,16127488.816,16127490.616,9.999999995860788
train_harn,HARn/36_Walk/user6/7-3-3,user6,7-3-3,36_Walk,"/home/fluxx/Workspace/cuchx-large/hf_data_manual/LMT_(IMU,Radar,Skeleton)/Training/HARn/36_Walk/user6/7-3-3",19.0,30.0,12.0,16127555.816,16127556.916,10.000000003386628
train_harn,HARn/36_Walk/user7/1-2-1,user7,1-2-1,36_Walk,"/home/fluxx/Workspace/cuchx-large/hf_data_manual/LMT_(IMU,Radar,Skeleton)/Training/HARn/36_Walk/user7/1-2-1",33.0,48.0,16.0,16056565.216,16056566.716,10.0
train_harn,HARn/36_Walk/user7/1-2-2,user7,1-2-2,36_Walk,"/home/fluxx/Workspace/cuchx-large/hf_data_manual/LMT_(IMU,Radar,Skeleton)/Training/HARn/36_Walk/user7/1-2-2",21.0,28.0,8.0,16056695.016,16056695.716,10.000000010643687
train_harn,HARn/36_Walk/user7/1-2-3,user7,1-2-3,36_Walk,"/home/fluxx/Workspace/cuchx-large/hf_data_manual/LMT_(IMU,Radar,Skeleton)/Training/HARn/36_Walk/user7/1-2-3",30.0,46.0,17.0,16056795.916,16056797.516,9.999999990686774
train_harn,HARn/36_Walk/user7/3-2-1,user7,3-2-1,36_Walk,"/home/fluxx/Workspace/cuchx-large/hf_data_manual/LMT_(IMU,Radar,Skeleton)/Training/HARn/36_Walk/user7/3-2-1",22.0,38.0,17.0,16204443.116,16204444.716,10.000000002328306
train_harn,HARn/36_Walk/user7/3-2-2,user7,3-2-2,36_Walk,"/home/fluxx/Workspace/cuchx-large/hf_data_manual/LMT_(IMU,Radar,Skeleton)/Training/HARn/36_Walk/user7/3-2-2",22.0,40.0,19.0,16204521.116,16204522.916,10.000000006208817
train_harn,HARn/36_Walk/user7/3-2-3,user7,3-2-3,36_Walk,"/home/fluxx/Workspace/cuchx-large/hf_data_manual/LMT_(IMU,Radar,Skeleton)/Training/HARn/36_Walk/user7/3-2-3",26.0,32.0,7.0,16204581.516,16204582.116,10.000000006208817
train_harn,HARn/36_Walk/user7/3-3-1,user7,3-3-1,36_Walk,"/home/fluxx/Workspace/cuchx-large/hf_data_manual/LMT_(IMU,Radar,Skeleton)/Training/HARn/36_Walk/user7/3-3-1",21.0,29.0,9.0,16058412.016,16058412.816,10.000000013969839
train_harn,HARn/36_Walk/user7/3-3-3,user7,3-3-3,36_Walk,"/home/fluxx/Workspace/cuchx-large/hf_data_manual/LMT_(IMU,Radar,Skeleton)/Training/HARn/36_Walk/user7/3-3-3",22.0,31.0,10.0,16058588.116,16058589.016,9.999999995860788
train_harn,HARn/36_Walk/user7/4-1-1,user7,4-1-1,36_Walk,"/home/fluxx/Workspace/cuchx-large/hf_data_manual/LMT_(IMU,Radar,Skeleton)/Training/HARn/36_Walk/user7/4-1-1",21.0,35.0,15.0,16125122.016,16125123.416,10.000000010643687
train_harn,HARn/36_Walk/user7/4-1-2,user7,4-1-2,36_Walk,"/home/fluxx/Workspace/cuchx-large/hf_data_manual/LMT_(IMU,Radar,Skeleton)/Training/HARn/36_Walk/user7/4-1-2",11.0,22.0,12.0,16125257.016,16125258.116,10.000000003386628
train_harn,HARn/36_Walk/user7/4-1-3,user7,4-1-3,36_Walk,"/home/fluxx/Workspace/cuchx-large/hf_data_manual/LMT_(IMU,Radar,Skeleton)/Training/HARn/36_Walk/user7/4-1-3",22.0,28.0,7.0,16125410.116,16125410.716,10.000000006208817
train_harn,HARn/36_Walk/user7/5-2-1,user7,5-2-1,36_Walk,"/home/fluxx/Workspace/cuchx-large/hf_data_manual/LMT_(IMU,Radar,Skeleton)/Training/HARn/36_Walk/user7/5-2-1",43.0,54.0,12.0,16204653.216,16204654.316,10.000000003386628
train_harn,HARn/36_Walk/user7/5-2-2,user7,5-2-2,36_Walk,"/home/fluxx/Workspace/cuchx-large/hf_data_manual/LMT_(IMU,Radar,Skeleton)/Training/HARn/36_Walk/user7/5-2-2",32.0,42.0,11.0,16204709.116,16204710.116,10.0
train_harn,HARn/36_Walk/user7/5-2-3,user7,5-2-3,36_Walk,"/home/fluxx/Workspace/cuchx-large/hf_data_manual/LMT_(IMU,Radar,Skeleton)/Training/HARn/36_Walk/user7/5-2-3",26.0,31.0,6.0,16204777.516,16204778.016,10.0
train_harn,HARn/36_Walk/user7/5-3-1,user7,5-3-1,36_Walk,"/home/fluxx/Workspace/cuchx-large/hf_data_manual/LMT_(IMU,Radar,Skeleton)/Training/HARn/36_Walk/user7/5-3-1",30.0,46.0,17.0,16059156.916,16059158.516,9.999999990686774
train_harn,HARn/36_Walk/user7/5-3-2,user7,5-3-2,36_Walk,"/home/fluxx/Workspace/cuchx-large/hf_data_manual/LMT_(IMU,Radar,Skeleton)/Training/HARn/36_Walk/user7/5-3-2",23.0,38.0,16.0,16059240.216,16059241.716,10.0
train_harn,HARn/36_Walk/user7/5-3-3,user7,5-3-3,36_Walk,"/home/fluxx/Workspace/cuchx-large/hf_data_manual/LMT_(IMU,Radar,Skeleton)/Training/HARn/36_Walk/user7/5-3-3",18.0,28.0,11.0,16059313.716,16059314.716,10.0
train_harn,HARn/36_Walk/user7/6-1-1,user7,6-1-1,36_Walk,"/home/fluxx/Workspace/cuchx-large/hf_data_manual/LMT_(IMU,Radar,Skeleton)/Training/HARn/36_Walk/user7/6-1-1",21.0,32.0,12.0,16125571.016,16125572.116,10.000000003386628
train_harn,HARn/36_Walk/user7/6-1-2,user7,6-1-2,36_Walk,"/home/fluxx/Workspace/cuchx-large/hf_data_manual/LMT_(IMU,Radar,Skeleton)/Training/HARn/36_Walk/user7/6-1-2",21.0,30.0,10.0,16125664.016,16125664.916,10.000000016556847
train_harn,HARn/36_Walk/user7/6-1-3,user7,6-1-3,36_Walk,"/home/fluxx/Workspace/cuchx-large/hf_data_manual/LMT_(IMU,Radar,Skeleton)/Training/HARn/36_Walk/user7/6-1-3",19.0,25.0,7.0,16125840.816,16125841.416,10.000000006208817
train_harn,HARn/36_Walk/user7/6-3-1,user7,6-3-1,36_Walk,"/home/fluxx/Workspace/cuchx-large/hf_data_manual/LMT_(IMU,Radar,Skeleton)/Training/HARn/36_Walk/user7/6-3-1",29.0,46.0,18.0,16059523.816,16059525.516,9.99999999342596
train_harn,HARn/36_Walk/user7/6-3-3,user7,6-3-3,36_Walk,"/home/fluxx/Workspace/cuchx-large/hf_data_manual/LMT_(IMU,Radar,Skeleton)/Training/HARn/36_Walk/user7/6-3-3",42.0,50.0,9.0,16059672.116,16059672.916,10.000000013969839
train_harn,HARn/36_Walk/user8/1-2-1,user8,1-2-1,36_Walk,"/home/fluxx/Workspace/cuchx-large/hf_data_manual/LMT_(IMU,Radar,Skeleton)/Training/HARn/36_Walk/user8/1-2-1",34.0,51.0,18.0,16060299.316,16060301.016,9.99999999342596
train_harn,HARn/36_Walk/user8/1-2-2,user8,1-2-2,36_Walk,"/home/fluxx/Workspace/cuchx-large/hf_data_manual/LMT_(IMU,Radar,Skeleton)/Training/HARn/36_Walk/user8/1-2-2",28.0,39.0,12.0,16060381.716,16060382.816,10.000000003386628
train_harn,HARn/36_Walk/user8/1-2-3,user8,1-2-3,36_Walk,"/home/fluxx/Workspace/cuchx-large/hf_data_manual/LMT_(IMU,Radar,Skeleton)/Training/HARn/36_Walk/user8/1-2-3",30.0,38.0,9.0,16060460.916,16060461.716,9.999999990686774
train_harn,HARn/36_Walk/user8/2-2-1,user8,2-2-1,36_Walk,"/home/fluxx/Workspace/cuchx-large/hf_data_manual/LMT_(IMU,Radar,Skeleton)/Training/HARn/36_Walk/user8/2-2-1",31.0,39.0,9.0,16208094.016,16208094.816,10.000000013969839
train_harn,HARn/36_Walk/user8/2-2-2,user8,2-2-2,36_Walk,"/home/fluxx/Workspace/cuchx-large/hf_data_manual/LMT_(IMU,Radar,Skeleton)/Training/HARn/36_Walk/user8/2-2-2",34.0,42.0,9.0,16208233.316,16208234.116,9.999999990686774
train_harn,HARn/36_Walk/user8/2-2-3,user8,2-2-3,36_Walk,"/home/fluxx/Workspace/cuchx-large/hf_data_manual/LMT_(IMU,Radar,Skeleton)/Training/HARn/36_Walk/user8/2-2-3",33.0,39.0,7.0,16208300.216,16208300.816,10.000000006208817
train_harn,HARn/36_Walk/user8/3-3-1,user8,3-3-1,36_Walk,"/home/fluxx/Workspace/cuchx-large/hf_data_manual/LMT_(IMU,Radar,Skeleton)/Training/HARn/36_Walk/user8/3-3-1",26.0,38.0,13.0,16062045.516,16062046.716,10.000000006208817
train_harn,HARn/36_Walk/user8/3-3-2,user8,3-3-2,36_Walk,"/home/fluxx/Workspace/cuchx-large/hf_data_manual/LMT_(IMU,Radar,Skeleton)/Training/HARn/36_Walk/user8/3-3-2",21.0,25.0,5.0,16062157.016,16062157.416,10.000000037252903
train_harn,HARn/36_Walk/user8/3-3-3,user8,3-3-3,36_Walk,"/home/fluxx/Workspace/cuchx-large/hf_data_manual/LMT_(IMU,Radar,Skeleton)/Training/HARn/36_Walk/user8/3-3-3",13.0,22.0,10.0,16062216.216,16062217.116,9.999999995860788
train_harn,HARn/36_Walk/user8/4-2-1,user8,4-2-1,36_Walk,"/home/fluxx/Workspace/cuchx-large/hf_data_manual/LMT_(IMU,Radar,Skeleton)/Training/HARn/36_Walk/user8/4-2-1",48.0,62.0,15.0,16208762.716,16208764.116,9.999999997339078
train_harn,HARn/36_Walk/user8/4-2-2,user8,4-2-2,36_Walk,"/home/fluxx/Workspace/cuchx-large/hf_data_manual/LMT_(IMU,Radar,Skeleton)/Training/HARn/36_Walk/user8/4-2-2",28.0,36.0,9.0,16208842.716,16208843.516,9.999999990686774
train_harn,HARn/36_Walk/user8/4-2-3,user8,4-2-3,36_Walk,"/home/fluxx/Workspace/cuchx-large/hf_data_manual/LMT_(IMU,Radar,Skeleton)/Training/HARn/36_Walk/user8/4-2-3",37.0,50.0,14.0,16208927.616,16208928.916,10.000000008596825
train_harn,HARn/36_Walk/user8/6-2-1,user8,6-2-1,36_Walk,"/home/fluxx/Workspace/cuchx-large/hf_data_manual/LMT_(IMU,Radar,Skeleton)/Training/HARn/36_Walk/user8/6-2-1",28.0,42.0,15.0,16062738.716,16062740.116,9.999999997339078
train_harn,HARn/36_Walk/user8/6-2-2,user8,6-2-2,36_Walk,"/home/fluxx/Workspace/cuchx-large/hf_data_manual/LMT_(IMU,Radar,Skeleton)/Training/HARn/36_Walk/user8/6-2-2",29.0,48.0,20.0,16062876.816,16062878.716,9.999999998039321
train_harn,HARn/36_Walk/user9/1-2-1,user9,1-2-1,36_Walk,"/home/fluxx/Workspace/cuchx-large/hf_data_manual/LMT_(IMU,Radar,Skeleton)/Training/HARn/36_Walk/user9/1-2-1",46.0,58.0,13.0,16129524.516,16129525.716,10.000000006208817
train_harn,HARn/36_Walk/user9/1-2-2,user9,1-2-2,36_Walk,"/home/fluxx/Workspace/cuchx-large/hf_data_manual/LMT_(IMU,Radar,Skeleton)/Training/HARn/36_Walk/user9/1-2-2",29.0,35.0,7.0,16129678.816,16129679.416,10.000000006208817
train_harn,HARn/36_Walk/user9/1-2-3,user9,1-2-3,36_Walk,"/home/fluxx/Workspace/cuchx-large/hf_data_manual/LMT_(IMU,Radar,Skeleton)/Training/HARn/36_Walk/user9/1-2-3",35.0,43.0,9.0,16129776.416,16129777.216,9.999999990686774
train_harn,HARn/36_Walk/user9/2-2-1,user9,2-2-1,36_Walk,"/home/fluxx/Workspace/cuchx-large/hf_data_manual/LMT_(IMU,Radar,Skeleton)/Training/HARn/36_Walk/user9/2-2-1",39.0,46.0,8.0,16130040.816,16130041.516,9.99999998403447
train_harn,HARn/36_Walk/user9/2-2-2,user9,2-2-2,36_Walk,"/home/fluxx/Workspace/cuchx-large/hf_data_manual/LMT_(IMU,Radar,Skeleton)/Training/HARn/36_Walk/user9/2-2-2",27.0,35.0,9.0,16130144.616,16130145.416,10.000000013969839
train_harn,HARn/36_Walk/user9/2-2-3,user9,2-2-3,36_Walk,"/home/fluxx/Workspace/cuchx-large/hf_data_manual/LMT_(IMU,Radar,Skeleton)/Training/HARn/36_Walk/user9/2-2-3",17.0,22.0,6.0,16130256.616,16130257.116,10.0
train_harn,HARn/36_Walk/user9/2-3-1,user9,2-3-1,36_Walk,"/home/fluxx/Workspace/cuchx-large/hf_data_manual/LMT_(IMU,Radar,Skeleton)/Training/HARn/36_Walk/user9/2-3-1",44.0,52.0,9.0,16209837.316,16209838.116,9.999999990686774
train_harn,HARn/36_Walk/user9/2-3-2,user9,2-3-2,36_Walk,"/home/fluxx/Workspace/cuchx-large/hf_data_manual/LMT_(IMU,Radar,Skeleton)/Training/HARn/36_Walk/user9/2-3-2",41.0,46.0,6.0,16209912.016,16209912.516,10.0
train_harn,HARn/36_Walk/user9/2-3-3,user9,2-3-3,36_Walk,"/home/fluxx/Workspace/cuchx-large/hf_data_manual/LMT_(IMU,Radar,Skeleton)/Training/HARn/36_Walk/user9/2-3-3",37.0,41.0,5.0,16209967.616,16209968.016,9.999999990686774
train_harn,HARn/36_Walk/user9/3-2-1,user9,3-2-1,36_Walk,"/home/fluxx/Workspace/cuchx-large/hf_data_manual/LMT_(IMU,Radar,Skeleton)/Training/HARn/36_Walk/user9/3-2-1",48.0,55.0,8.0,16210053.716,16210054.416,10.000000010643687
train_harn,HARn/36_Walk/user9/3-2-2,user9,3-2-2,36_Walk,"/home/fluxx/Workspace/cuchx-large/hf_data_manual/LMT_(IMU,Radar,Skeleton)/Training/HARn/36_Walk/user9/3-2-2",37.0,43.0,7.0,16210126.616,16210127.216,10.000000006208817
train_harn,HARn/36_Walk/user9/3-2-3,user9,3-2-3,36_Walk,"/home/fluxx/Workspace/cuchx-large/hf_data_manual/LMT_(IMU,Radar,Skeleton)/Training/HARn/36_Walk/user9/3-2-3",38.0,43.0,6.0,16210181.716,16210182.216,10.0
train_harn,HARn/36_Walk/user9/3-3-1,user9,3-3-1,36_Walk,"/home/fluxx/Workspace/cuchx-large/hf_data_manual/LMT_(IMU,Radar,Skeleton)/Training/HARn/36_Walk/user9/3-3-1",37.0,59.0,23.0,16105702.616,16105704.816,10.000000003386628
train_harn,HARn/36_Walk/user9/3-3-2,user9,3-3-2,36_Walk,"/home/fluxx/Workspace/cuchx-large/hf_data_manual/LMT_(IMU,Radar,Skeleton)/Training/HARn/36_Walk/user9/3-3-2",23.0,45.0,23.0,16106036.216,16106038.416,10.000000003386628
train_harn,HARn/36_Walk/user9/3-3-3,user9,3-3-3,36_Walk,"/home/fluxx/Workspace/cuchx-large/hf_data_manual/LMT_(IMU,Radar,Skeleton)/Training/HARn/36_Walk/user9/3-3-3",31.0,46.0,16.0,16106161.016,16106162.516,10.0
train_harn,HARn/36_Walk/user9/4-2-1,user9,4-2-1,36_Walk,"/home/fluxx/Workspace/cuchx-large/hf_data_manual/LMT_(IMU,Radar,Skeleton)/Training/HARn/36_Walk/user9/4-2-1",73.0,86.0,14.0,16106388.216,16106389.516,9.999999994268784
train_harn,HARn/36_Walk/user9/4-2-2,user9,4-2-2,36_Walk,"/home/fluxx/Workspace/cuchx-large/hf_data_manual/LMT_(IMU,Radar,Skeleton)/Training/HARn/36_Walk/user9/4-2-2",32.0,46.0,15.0,16106463.116,16106464.516,9.999999997339078
train_harn,HARn/36_Walk/user9/4-2-3,user9,4-2-3,36_Walk,"/home/fluxx/Workspace/cuchx-large/hf_data_manual/LMT_(IMU,Radar,Skeleton)/Training/HARn/36_Walk/user9/4-2-3",29.0,36.0,8.0,16106550.816,16106551.516,9.99999998403447
train_harn,HARn/36_Walk/user9/4-3-1,user9,4-3-1,36_Walk,"/home/fluxx/Workspace/cuchx-large/hf_data_manual/LMT_(IMU,Radar,Skeleton)/Training/HARn/36_Walk/user9/4-3-1",37.0,44.0,8.0,16131209.616,16131210.316,10.000000010643687
train_harn,HARn/36_Walk/user9/4-3-2,user9,4-3-2,36_Walk,"/home/fluxx/Workspace/cuchx-large/hf_data_manual/LMT_(IMU,Radar,Skeleton)/Training/HARn/36_Walk/user9/4-3-2",35.0,44.0,10.0,16131296.416,16131297.316,9.999999995860788
train_harn,HARn/36_Walk/user9/4-3-3,user9,4-3-3,36_Walk,"/home/fluxx/Workspace/cuchx-large/hf_data_manual/LMT_(IMU,Radar,Skeleton)/Training/HARn/36_Walk/user9/4-3-3",36.0,40.0,5.0,16131399.516,16131399.916,10.000000037252903
train_harn,HARn/36_Walk/user9/5-3-1,user9,5-3-1,36_Walk,"/home/fluxx/Workspace/cuchx-large/hf_data_manual/LMT_(IMU,Radar,Skeleton)/Training/HARn/36_Walk/user9/5-3-1",34.0,38.0,5.0,16131878.316,16131878.716,9.999999990686774
train_harn,HARn/36_Walk/user9/5-3-2,user9,5-3-2,36_Walk,"/home/fluxx/Workspace/cuchx-large/hf_data_manual/LMT_(IMU,Radar,Skeleton)/Training/HARn/36_Walk/user9/5-3-2",31.0,35.0,5.0,16131980.016,16131980.416,10.000000037252903
train_harn,HARn/36_Walk/user9/5-3-3,user9,5-3-3,36_Walk,"/home/fluxx/Workspace/cuchx-large/hf_data_manual/LMT_(IMU,Radar,Skeleton)/Training/HARn/36_Walk/user9/5-3-3",28.0,35.0,8.0,16132086.716,16132087.416,10.000000010643687
train_harn,HARn/36_Walk/user9/7-2-1,user9,7-2-1,36_Walk,"/home/fluxx/Workspace/cuchx-large/hf_data_manual/LMT_(IMU,Radar,Skeleton)/Training/HARn/36_Walk/user9/7-2-1",41.0,47.0,7.0,16210506.016,16210506.616,10.000000006208817
train_harn,HARn/36_Walk/user9/7-2-2,user9,7-2-2,36_Walk,"/home/fluxx/Workspace/cuchx-large/hf_data_manual/LMT_(IMU,Radar,Skeleton)/Training/HARn/36_Walk/user9/7-2-2",29.0,33.0,5.0,16210607.816,16210608.216,9.999999990686774
train_harn,HARn/36_Walk/user9/7-2-3,user9,7-2-3,36_Walk,"/home/fluxx/Workspace/cuchx-large/hf_data_manual/LMT_(IMU,Radar,Skeleton)/Training/HARn/36_Walk/user9/7-2-3",34.0,38.0,5.0,16210673.316,16210673.716,9.999999990686774
train_harn,HARn/37_Take_medicine/user16/6-2-1,user16,6-2-1,37_Take_medicine,"/home/fluxx/Workspace/cuchx-large/hf_data_manual/LMT_(IMU,Radar,Skeleton)/Training/HARn/37_Take_medicine/user16/6-2-1",70.0,96.0,27.0,17074342.916,17074345.516,10.000000008596825
train_harn,HARn/37_Take_medicine/user16/6-2-2,user16,6-2-2,37_Take_medicine,"/home/fluxx/Workspace/cuchx-large/hf_data_manual/LMT_(IMU,Radar,Skeleton)/Training/HARn/37_Take_medicine/user16/6-2-2",58.0,82.0,25.0,17074481.716,17074484.116,9.999999990686774
train_harn,HARn/37_Take_medicine/user16/6-2-3,user16,6-2-3,37_Take_medicine,"/home/fluxx/Workspace/cuchx-large/hf_data_manual/LMT_(IMU,Radar,Skeleton)/Training/HARn/37_Take_medicine/user16/6-2-3",74.0,103.0,30.0,17074707.316,17074710.216,10.00000000513833
train_harn,HARn/37_Take_medicine/user17/4-1-1,user17,4-1-1,37_Take_medicine,"/home/fluxx/Workspace/cuchx-large/hf_data_manual/LMT_(IMU,Radar,Skeleton)/Training/HARn/37_Take_medicine/user17/4-1-1",451.0,477.0,27.0,16910621.016,16910623.616,9.999999994268784
train_harn,HARn/37_Take_medicine/user17/4-1-2,user17,4-1-2,37_Take_medicine,"/home/fluxx/Workspace/cuchx-large/hf_data_manual/LMT_(IMU,Radar,Skeleton)/Training/HARn/37_Take_medicine/user17/4-1-2",363.0,385.0,23.0,16910757.216,16910759.416,9.99999998645349
train_harn,HARn/37_Take_medicine/user17/4-1-3,user17,4-1-3,37_Take_medicine,"/home/fluxx/Workspace/cuchx-large/hf_data_manual/LMT_(IMU,Radar,Skeleton)/Training/HARn/37_Take_medicine/user17/4-1-3",292.0,304.0,13.0,16910866.116,16910867.316,10.000000006208817
train_harn,HARn/37_Take_medicine/user18/7-1-1,user18,7-1-1,37_Take_medicine,"/home/fluxx/Workspace/cuchx-large/hf_data_manual/LMT_(IMU,Radar,Skeleton)/Training/HARn/37_Take_medicine/user18/7-1-1",496.0,501.0,6.0,16975792.516,16975793.016,10.0
train_harn,HARn/37_Take_medicine/user18/7-1-2,user18,7-1-2,37_Take_medicine,"/home/fluxx/Workspace/cuchx-large/hf_data_manual/LMT_(IMU,Radar,Skeleton)/Training/HARn/37_Take_medicine/user18/7-1-2",360.0,363.0,4.0,16975902.916,16975903.216,10.000000099341076
train_harn,HARn/37_Take_medicine/user18/7-1-3,user18,7-1-3,37_Take_medicine,"/home/fluxx/Workspace/cuchx-large/hf_data_manual/LMT_(IMU,Radar,Skeleton)/Training/HARn/37_Take_medicine/user18/7-1-3",253.0,257.0,5.0,16976013.216,16976013.616,9.999999944120646
train_harn,HARn/37_Take_medicine/user18/7-2-1,user18,7-2-1,37_Take_medicine,"/home/fluxx/Workspace/cuchx-large/hf_data_manual/LMT_(IMU,Radar,Skeleton)/Training/HARn/37_Take_medicine/user18/7-2-1",109.0,117.0,9.0,17071226.816,17071227.616,9.999999990686774
train_harn,HARn/37_Take_medicine/user18/7-2-2,user18,7-2-2,37_Take_medicine,"/home/fluxx/Workspace/cuchx-large/hf_data_manual/LMT_(IMU,Radar,Skeleton)/Training/HARn/37_Take_medicine/user18/7-2-2",93.0,96.0,4.0,17071313.216,17071313.516,9.999999975164732
train_harn,HARn/37_Take_medicine/user18/7-2-3,user18,7-2-3,37_Take_medicine,"/home/fluxx/Workspace/cuchx-large/hf_data_manual/LMT_(IMU,Radar,Skeleton)/Training/HARn/37_Take_medicine/user18/7-2-3",75.0,78.0,4.0,17071406.416,17071406.716,10.000000099341076
train_harn,HARn/37_Take_medicine/user19/6-2-1,user19,6-2-1,37_Take_medicine,"/home/fluxx/Workspace/cuchx-large/hf_data_manual/LMT_(IMU,Radar,Skeleton)/Training/HARn/37_Take_medicine/user19/6-2-1",37.0,55.0,19.0,16901495.616,16901497.416,9.999999995860788
train_harn,HARn/37_Take_medicine/user19/6-2-2,user19,6-2-2,37_Take_medicine,"/home/fluxx/Workspace/cuchx-large/hf_data_manual/LMT_(IMU,Radar,Skeleton)/Training/HARn/37_Take_medicine/user19/6-2-2",27.0,43.0,17.0,16901627.616,16901629.216,10.000000013969839
train_harn,HARn/37_Take_medicine/user19/6-2-3,user19,6-2-3,37_Take_medicine,"/home/fluxx/Workspace/cuchx-large/hf_data_manual/LMT_(IMU,Radar,Skeleton)/Training/HARn/37_Take_medicine/user19/6-2-3",23.0,39.0,17.0,16901701.216,16901702.816,9.999999990686774
train_harn,HARn/37_Take_medicine/user19/7-1-1,user19,7-1-1,37_Take_medicine,"/home/fluxx/Workspace/cuchx-large/hf_data_manual/LMT_(IMU,Radar,Skeleton)/Training/HARn/37_Take_medicine/user19/7-1-1",30.0,63.0,34.0,16975272.916,16975276.216,10.000000009031007
train_harn,HARn/37_Take_medicine/user19/7-1-2,user19,7-1-2,37_Take_medicine,"/home/fluxx/Workspace/cuchx-large/hf_data_manual/LMT_(IMU,Radar,Skeleton)/Training/HARn/37_Take_medicine/user19/7-1-2",27.0,44.0,18.0,16975358.616,16975360.316,10.000000004382695
train_harn,HARn/37_Take_medicine/user19/7-1-3,user19,7-1-3,37_Take_medicine,"/home/fluxx/Workspace/cuchx-large/hf_data_manual/LMT_(IMU,Radar,Skeleton)/Training/HARn/37_Take_medicine/user19/7-1-3",35.0,55.0,21.0,16975475.416,16975477.416,10.0
train_harn,HARn/37_Take_medicine/user2/7-1-1,user2,7-1-1,37_Take_medicine,"/home/fluxx/Workspace/cuchx-large/hf_data_manual/LMT_(IMU,Radar,Skeleton)/Training/HARn/37_Take_medicine/user2/7-1-1",118.0,161.0,44.0,14058798.716,14058803.016,9.999999998267306
train_harn,HARn/37_Take_medicine/user2/7-1-2,user2,7-1-2,37_Take_medicine,"/home/fluxx/Workspace/cuchx-large/hf_data_manual/LMT_(IMU,Radar,Skeleton)/Training/HARn/37_Take_medicine/user2/7-1-2",107.0,135.0,29.0,14058898.616,14058901.416,10.000000003991383
train_harn,HARn/37_Take_medicine/user2/7-1-3,user2,7-1-3,37_Take_medicine,"/home/fluxx/Workspace/cuchx-large/hf_data_manual/LMT_(IMU,Radar,Skeleton)/Training/HARn/37_Take_medicine/user2/7-1-3",90.0,118.0,29.0,14059058.916,14059061.716,9.999999997339078
train_harn,HARn/37_Take_medicine/user20/7-1-1,user20,7-1-1,37_Take_medicine,"/home/fluxx/Workspace/cuchx-large/hf_data_manual/LMT_(IMU,Radar,Skeleton)/Training/HARn/37_Take_medicine/user20/7-1-1",278.0,336.0,59.0,17060819.716,17060825.516,9.999999998715417
train_harn,HARn/37_Take_medicine/user20/7-1-2,user20,7-1-2,37_Take_medicine,"/home/fluxx/Workspace/cuchx-large/hf_data_manual/LMT_(IMU,Radar,Skeleton)/Training/HARn/37_Take_medicine/user20/7-1-2",252.0,308.0,57.0,17060923.116,17060928.716,10.000000003991383
train_harn,HARn/37_Take_medicine/user20/7-1-3,user20,7-1-3,37_Take_medicine,"/home/fluxx/Workspace/cuchx-large/hf_data_manual/LMT_(IMU,Radar,Skeleton)/Training/HARn/37_Take_medicine/user20/7-1-3",167.0,203.0,37.0,17061000.616,17061004.216,10.000000006208817
train_harn,HARn/37_Take_medicine/user21/7-1-1,user21,7-1-1,37_Take_medicine,"/home/fluxx/Workspace/cuchx-large/hf_data_manual/LMT_(IMU,Radar,Skeleton)/Training/HARn/37_Take_medicine/user21/7-1-1",168.0,179.0,12.0,17160271.716,17160272.816,9.99999998645349
train_harn,HARn/37_Take_medicine/user21/7-1-2,user21,7-1-2,37_Take_medicine,"/home/fluxx/Workspace/cuchx-large/hf_data_manual/LMT_(IMU,Radar,Skeleton)/Training/HARn/37_Take_medicine/user21/7-1-2",109.0,121.0,13.0,17160351.816,17160353.016,10.000000006208817
train_harn,HARn/37_Take_medicine/user21/7-1-3,user21,7-1-3,37_Take_medicine,"/home/fluxx/Workspace/cuchx-large/hf_data_manual/LMT_(IMU,Radar,Skeleton)/Training/HARn/37_Take_medicine/user21/7-1-3",225.0,236.0,12.0,17160437.416,17160438.516,10.000000020319765
train_harn,HARn/37_Take_medicine/user22/7-1-1,user22,7-1-1,37_Take_medicine,"/home/fluxx/Workspace/cuchx-large/hf_data_manual/LMT_(IMU,Radar,Skeleton)/Training/HARn/37_Take_medicine/user22/7-1-1",100.0,116.0,17.0,17086121.916,17086123.516,10.000000013969839
train_harn,HARn/37_Take_medicine/user22/7-1-2,user22,7-1-2,37_Take_medicine,"/home/fluxx/Workspace/cuchx-large/hf_data_manual/LMT_(IMU,Radar,Skeleton)/Training/HARn/37_Take_medicine/user22/7-1-2",98.0,112.0,15.0,17086187.716,17086189.116,9.99999998403447
train_harn,HARn/37_Take_medicine/user22/7-1-3,user22,7-1-3,37_Take_medicine,"/home/fluxx/Workspace/cuchx-large/hf_data_manual/LMT_(IMU,Radar,Skeleton)/Training/HARn/37_Take_medicine/user22/7-1-3",51.0,56.0,6.0,17086252.016,17086252.516,10.0
train_harn,HARn/37_Take_medicine/user23/7-1-1,user23,7-1-1,37_Take_medicine,"/home/fluxx/Workspace/cuchx-large/hf_data_manual/LMT_(IMU,Radar,Skeleton)/Training/HARn/37_Take_medicine/user23/7-1-1",115.0,156.0,42.0,17145226.416,17145230.516,10.000000005451644
train_harn,HARn/37_Take_medicine/user23/7-1-3,user23,7-1-3,37_Take_medicine,"/home/fluxx/Workspace/cuchx-large/hf_data_manual/LMT_(IMU,Radar,Skeleton)/Training/HARn/37_Take_medicine/user23/7-1-3",109.0,128.0,20.0,17145382.816,17145384.716,10.000000007842717
train_harn,HARn/37_Take_medicine/user23/7-2-1,user23,7-2-1,37_Take_medicine,"/home/fluxx/Workspace/cuchx-large/hf_data_manual/LMT_(IMU,Radar,Skeleton)/Training/HARn/37_Take_medicine/user23/7-2-1",49.0,78.0,30.0,17244706.816,17244709.716,10.00000000513833
train_harn,HARn/37_Take_medicine/user23/7-2-2,user23,7-2-2,37_Take_medicine,"/home/fluxx/Workspace/cuchx-large/hf_data_manual/LMT_(IMU,Radar,Skeleton)/Training/HARn/37_Take_medicine/user23/7-2-2",55.0,78.0,24.0,17244923.416,17244925.716,10.000000012957532
train_harn,HARn/37_Take_medicine/user23/7-2-3,user23,7-2-3,37_Take_medicine,"/home/fluxx/Workspace/cuchx-large/hf_data_manual/LMT_(IMU,Radar,Skeleton)/Training/HARn/37_Take_medicine/user23/7-2-3",37.0,46.0,10.0,17245102.616,17245103.516,10.000000016556847
train_harn,HARn/37_Take_medicine/user24/5-2-1,user24,5-2-1,37_Take_medicine,"/home/fluxx/Workspace/cuchx-large/hf_data_manual/LMT_(IMU,Radar,Skeleton)/Training/HARn/37_Take_medicine/user24/5-2-1",55.0,104.0,50.0,17251797.416,17251802.316,10.000000003041054
train_harn,HARn/37_Take_medicine/user24/5-2-2,user24,5-2-2,37_Take_medicine,"/home/fluxx/Workspace/cuchx-large/hf_data_manual/LMT_(IMU,Radar,Skeleton)/Training/HARn/37_Take_medicine/user24/5-2-2",47.0,80.0,34.0,17251858.616,17251861.916,9.999999997742249
train_harn,HARn/37_Take_medicine/user24/5-2-3,user24,5-2-3,37_Take_medicine,"/home/fluxx/Workspace/cuchx-large/hf_data_manual/LMT_(IMU,Radar,Skeleton)/Training/HARn/37_Take_medicine/user24/5-2-3",39.0,57.0,19.0,17251916.816,17251918.616,9.999999995860788
train_harn,HARn/37_Take_medicine/user24/7-1-1,user24,7-1-1,37_Take_medicine,"/home/fluxx/Workspace/cuchx-large/hf_data_manual/LMT_(IMU,Radar,Skeleton)/Training/HARn/37_Take_medicine/user24/7-1-1",133.0,158.0,26.0,17252263.216,17252265.716,10.0
train_harn,HARn/37_Take_medicine/user24/7-1-2,user24,7-1-2,37_Take_medicine,"/home/fluxx/Workspace/cuchx-large/hf_data_manual/LMT_(IMU,Radar,Skeleton)/Training/HARn/37_Take_medicine/user24/7-1-2",72.0,85.0,14.0,17252338.116,17252339.416,9.999999994268784
train_harn,HARn/37_Take_medicine/user24/7-1-3,user24,7-1-3,37_Take_medicine,"/home/fluxx/Workspace/cuchx-large/hf_data_manual/LMT_(IMU,Radar,Skeleton)/Training/HARn/37_Take_medicine/user24/7-1-3",99.0,117.0,19.0,17252400.816,17252402.616,9.999999995860788
train_harn,HARn/37_Take_medicine/user3/2-2-1,user3,2-2-1,37_Take_medicine,"/home/fluxx/Workspace/cuchx-large/hf_data_manual/LMT_(IMU,Radar,Skeleton)/Training/HARn/37_Take_medicine/user3/2-2-1",116.0,169.0,54.0,14141881.516,14141886.816,10.000000002108655
train_harn,HARn/37_Take_medicine/user3/2-2-2,user3,2-2-2,37_Take_medicine,"/home/fluxx/Workspace/cuchx-large/hf_data_manual/LMT_(IMU,Radar,Skeleton)/Training/HARn/37_Take_medicine/user3/2-2-2",95.0,107.0,13.0,14141974.416,14141975.616,9.999999990686774
train_harn,HARn/37_Take_medicine/user3/2-2-3,user3,2-2-3,37_Take_medicine,"/home/fluxx/Workspace/cuchx-large/hf_data_manual/LMT_(IMU,Radar,Skeleton)/Training/HARn/37_Take_medicine/user3/2-2-3",120.0,133.0,14.0,14142058.916,14142060.216,9.999999994268784
train_harn,HARn/37_Take_medicine/user3/7-1-1,user3,7-1-1,37_Take_medicine,"/home/fluxx/Workspace/cuchx-large/hf_data_manual/LMT_(IMU,Radar,Skeleton)/Training/HARn/37_Take_medicine/user3/7-1-1",220.0,229.0,10.0,14064520.916,14064521.816,9.999999995860788
train_harn,HARn/37_Take_medicine/user3/7-1-2,user3,7-1-2,37_Take_medicine,"/home/fluxx/Workspace/cuchx-large/hf_data_manual/LMT_(IMU,Radar,Skeleton)/Training/HARn/37_Take_medicine/user3/7-1-2",178.0,189.0,12.0,14064642.716,14064643.816,10.000000003386628
train_harn,HARn/37_Take_medicine/user3/7-1-3,user3,7-1-3,37_Take_medicine,"/home/fluxx/Workspace/cuchx-large/hf_data_manual/LMT_(IMU,Radar,Skeleton)/Training/HARn/37_Take_medicine/user3/7-1-3",90.0,98.0,9.0,14064802.916,14064803.716,9.999999990686774
train_harn,HARn/37_Take_medicine/user4/7-1-1,user4,7-1-1,37_Take_medicine,"/home/fluxx/Workspace/cuchx-large/hf_data_manual/LMT_(IMU,Radar,Skeleton)/Training/HARn/37_Take_medicine/user4/7-1-1",87.0,159.0,73.0,14140935.616,14140942.816,10.000000001034802
train_harn,HARn/37_Take_medicine/user4/7-1-2,user4,7-1-2,37_Take_medicine,"/home/fluxx/Workspace/cuchx-large/hf_data_manual/LMT_(IMU,Radar,Skeleton)/Training/HARn/37_Take_medicine/user4/7-1-2",126.0,253.0,128.0,14141052.516,14141065.216,10.00000000058666
train_harn,HARn/37_Take_medicine/user4/7-1-3,user4,7-1-3,37_Take_medicine,"/home/fluxx/Workspace/cuchx-large/hf_data_manual/LMT_(IMU,Radar,Skeleton)/Training/HARn/37_Take_medicine/user4/7-1-3",83.0,159.0,77.0,14141166.216,14141173.816,10.00000000049017
train_harn,HARn/37_Take_medicine/user6/6-2-1,user6,6-2-1,37_Take_medicine,"/home/fluxx/Workspace/cuchx-large/hf_data_manual/LMT_(IMU,Radar,Skeleton)/Training/HARn/37_Take_medicine/user6/6-2-1",44.0,75.0,32.0,16203146.316,16203149.416,10.000000001201707
train_harn,HARn/37_Take_medicine/user6/6-2-2,user6,6-2-2,37_Take_medicine,"/home/fluxx/Workspace/cuchx-large/hf_data_manual/LMT_(IMU,Radar,Skeleton)/Training/HARn/37_Take_medicine/user6/6-2-2",42.0,51.0,10.0,16203243.116,16203244.016,9.999999995860788
train_harn,HARn/37_Take_medicine/user6/6-2-3,user6,6-2-3,37_Take_medicine,"/home/fluxx/Workspace/cuchx-large/hf_data_manual/LMT_(IMU,Radar,Skeleton)/Training/HARn/37_Take_medicine/user6/6-2-3",52.0,81.0,30.0,16203337.116,16203340.016,9.999999998715417
train_harn,HARn/37_Take_medicine/user7/4-1-1,user7,4-1-1,37_Take_medicine,"/home/fluxx/Workspace/cuchx-large/hf_data_manual/LMT_(IMU,Radar,Skeleton)/Training/HARn/37_Take_medicine/user7/4-1-1",259.0,290.0,32.0,16125145.816,16125148.916,10.000000001201707
train_harn,HARn/37_Take_medicine/user7/4-1-2,user7,4-1-2,37_Take_medicine,"/home/fluxx/Workspace/cuchx-large/hf_data_manual/LMT_(IMU,Radar,Skeleton)/Training/HARn/37_Take_medicine/user7/4-1-2",200.0,216.0,17.0,16125275.916,16125277.516,9.999999990686774
train_harn,HARn/37_Take_medicine/user7/4-1-3,user7,4-1-3,37_Take_medicine,"/home/fluxx/Workspace/cuchx-large/hf_data_manual/LMT_(IMU,Radar,Skeleton)/Training/HARn/37_Take_medicine/user7/4-1-3",159.0,170.0,12.0,16125423.816,16125424.916,10.000000003386628
train_harn,HARn/37_Take_medicine/user8/7-1-1,user8,7-1-1,37_Take_medicine,"/home/fluxx/Workspace/cuchx-large/hf_data_manual/LMT_(IMU,Radar,Skeleton)/Training/HARn/37_Take_medicine/user8/7-1-1",294.0,341.0,48.0,16136362.316,16136367.016,9.999999997622155
train_harn,HARn/37_Take_medicine/user8/7-1-2,user8,7-1-2,37_Take_medicine,"/home/fluxx/Workspace/cuchx-large/hf_data_manual/LMT_(IMU,Radar,Skeleton)/Training/HARn/37_Take_medicine/user8/7-1-2",305.0,332.0,28.0,16136243.416,16136246.116,9.999999995860788
train_harn,HARn/37_Take_medicine/user8/7-1-3,user8,7-1-3,37_Take_medicine,"/home/fluxx/Workspace/cuchx-large/hf_data_manual/LMT_(IMU,Radar,Skeleton)/Training/HARn/37_Take_medicine/user8/7-1-3",157.0,186.0,30.0,16136462.616,16136465.516,9.999999998715417
train_harn,HARn/37_Take_medicine/user8/7-2-1,user8,7-2-1,37_Take_medicine,"/home/fluxx/Workspace/cuchx-large/hf_data_manual/LMT_(IMU,Radar,Skeleton)/Training/HARn/37_Take_medicine/user8/7-2-1",114.0,144.0,31.0,16209110.316,16209113.316,10.0
train_harn,HARn/37_Take_medicine/user8/7-2-2,user8,7-2-2,37_Take_medicine,"/home/fluxx/Workspace/cuchx-large/hf_data_manual/LMT_(IMU,Radar,Skeleton)/Training/HARn/37_Take_medicine/user8/7-2-2",90.0,93.0,4.0,16209179.916,16209180.216,9.999999975164732
train_harn,HARn/37_Take_medicine/user8/7-2-3,user8,7-2-3,37_Take_medicine,"/home/fluxx/Workspace/cuchx-large/hf_data_manual/LMT_(IMU,Radar,Skeleton)/Training/HARn/37_Take_medicine/user8/7-2-3",67.0,86.0,20.0,16209239.616,16209241.516,9.999999998039321
train_harn,HARn/37_Take_medicine/user9/6-2-1,user9,6-2-1,37_Take_medicine,"/home/fluxx/Workspace/cuchx-large/hf_data_manual/LMT_(IMU,Radar,Skeleton)/Training/HARn/37_Take_medicine/user9/6-2-1",12.0,55.0,44.0,16106728.116,16106732.416,10.00000000259904
train_harn,HARn/37_Take_medicine/user9/6-2-2,user9,6-2-2,37_Take_medicine,"/home/fluxx/Workspace/cuchx-large/hf_data_manual/LMT_(IMU,Radar,Skeleton)/Training/HARn/37_Take_medicine/user9/6-2-2",6.0,34.0,29.0,16106852.516,16106855.316,10.000000003991383
train_harn,HARn/37_Take_medicine/user9/6-2-3,user9,6-2-3,37_Take_medicine,"/home/fluxx/Workspace/cuchx-large/hf_data_manual/LMT_(IMU,Radar,Skeleton)/Training/HARn/37_Take_medicine/user9/6-2-3",8.0,42.0,35.0,16106936.716,16106940.116,9.999999998904327
train_harn,HARn/37_Take_medicine/user9/7-1-1,user9,7-1-1,37_Take_medicine,"/home/fluxx/Workspace/cuchx-large/hf_data_manual/LMT_(IMU,Radar,Skeleton)/Training/HARn/37_Take_medicine/user9/7-1-1",64.0,82.0,19.0,16137219.316,16137221.116,9.999999995860788
train_harn,HARn/37_Take_medicine/user9/7-1-2,user9,7-1-2,37_Take_medicine,"/home/fluxx/Workspace/cuchx-large/hf_data_manual/LMT_(IMU,Radar,Skeleton)/Training/HARn/37_Take_medicine/user9/7-1-2",40.0,58.0,19.0,16137307.916,16137309.716,9.999999995860788
train_harn,HARn/37_Take_medicine/user9/7-1-3,user9,7-1-3,37_Take_medicine,"/home/fluxx/Workspace/cuchx-large/hf_data_manual/LMT_(IMU,Radar,Skeleton)/Training/HARn/37_Take_medicine/user9/7-1-3",22.0,56.0,35.0,16137396.116,16137399.516,9.999999998904327
train_harn,HARn/38_Massage_oneself/user1/7-1-1,user1,7-1-1,38_Massage_oneself,"/home/fluxx/Workspace/cuchx-large/hf_data_manual/LMT_(IMU,Radar,Skeleton)/Training/HARn/38_Massage_oneself/user1/7-1-1",263.0,329.0,67.0,14052230.216,14052236.816,10.000000000564437
train_harn,HARn/38_Massage_oneself/user1/7-1-2,user1,7-1-2,38_Massage_oneself,"/home/fluxx/Workspace/cuchx-large/hf_data_manual/LMT_(IMU,Radar,Skeleton)/Training/HARn/38_Massage_oneself/user1/7-1-2",260.0,316.0,57.0,14052492.916,14052498.516,9.999999997339078
train_harn,HARn/38_Massage_oneself/user1/7-1-3,user1,7-1-3,38_Massage_oneself,"/home/fluxx/Workspace/cuchx-large/hf_data_manual/LMT_(IMU,Radar,Skeleton)/Training/HARn/38_Massage_oneself/user1/7-1-3",169.0,218.0,50.0,14052671.816,14052676.716,9.999999999239737
train_harn,HARn/38_Massage_oneself/user16/7-1-1,user16,7-1-1,38_Massage_oneself,"/home/fluxx/Workspace/cuchx-large/hf_data_manual/LMT_(IMU,Radar,Skeleton)/Training/HARn/38_Massage_oneself/user16/7-1-1",92.0,152.0,61.0,16913117.116,16913123.116,10.0
train_harn,HARn/38_Massage_oneself/user16/7-1-2,user16,7-1-2,38_Massage_oneself,"/home/fluxx/Workspace/cuchx-large/hf_data_manual/LMT_(IMU,Radar,Skeleton)/Training/HARn/38_Massage_oneself/user16/7-1-2",65.0,104.0,40.0,16913218.416,16913222.316,10.00000000382081
train_harn,HARn/38_Massage_oneself/user16/7-1-3,user16,7-1-3,38_Massage_oneself,"/home/fluxx/Workspace/cuchx-large/hf_data_manual/LMT_(IMU,Radar,Skeleton)/Training/HARn/38_Massage_oneself/user16/7-1-3",49.0,73.0,25.0,16913308.816,16913311.216,10.000000006208817
train_harn,HARn/38_Massage_oneself/user18/7-1-1,user18,7-1-1,38_Massage_oneself,"/home/fluxx/Workspace/cuchx-large/hf_data_manual/LMT_(IMU,Radar,Skeleton)/Training/HARn/38_Massage_oneself/user18/7-1-1",630.0,664.0,35.0,16975805.916,16975809.316,10.000000004382695
train_harn,HARn/38_Massage_oneself/user18/7-1-2,user18,7-1-2,38_Massage_oneself,"/home/fluxx/Workspace/cuchx-large/hf_data_manual/LMT_(IMU,Radar,Skeleton)/Training/HARn/38_Massage_oneself/user18/7-1-2",472.0,496.0,25.0,16975914.116,16975916.516,10.000000006208817
train_harn,HARn/38_Massage_oneself/user18/7-1-3,user18,7-1-3,38_Massage_oneself,"/home/fluxx/Workspace/cuchx-large/hf_data_manual/LMT_(IMU,Radar,Skeleton)/Training/HARn/38_Massage_oneself/user18/7-1-3",322.0,345.0,24.0,16976020.116,16976022.416,9.999999996760618
train_harn,HARn/38_Massage_oneself/user19/5-3-1,user19,5-3-1,38_Massage_oneself,"/home/fluxx/Workspace/cuchx-large/hf_data_manual/LMT_(IMU,Radar,Skeleton)/Training/HARn/38_Massage_oneself/user19/5-3-1",94.0,117.0,24.0,16907145.316,16907147.616,9.999999996760618
train_harn,HARn/38_Massage_oneself/user19/5-3-2,user19,5-3-2,38_Massage_oneself,"/home/fluxx/Workspace/cuchx-large/hf_data_manual/LMT_(IMU,Radar,Skeleton)/Training/HARn/38_Massage_oneself/user19/5-3-2",98.0,126.0,29.0,16907212.716,16907215.516,9.999999997339078
train_harn,HARn/38_Massage_oneself/user19/5-3-3,user19,5-3-3,38_Massage_oneself,"/home/fluxx/Workspace/cuchx-large/hf_data_manual/LMT_(IMU,Radar,Skeleton)/Training/HARn/38_Massage_oneself/user19/5-3-3",63.0,79.0,17.0,16907282.216,16907283.816,9.999999990686774
train_harn,HARn/38_Massage_oneself/user19/7-1-1,user19,7-1-1,38_Massage_oneself,"/home/fluxx/Workspace/cuchx-large/hf_data_manual/LMT_(IMU,Radar,Skeleton)/Training/HARn/38_Massage_oneself/user19/7-1-1",221.0,275.0,55.0,16975292.016,16975297.416,9.999999995860788
train_harn,HARn/38_Massage_oneself/user19/7-1-2,user19,7-1-2,38_Massage_oneself,"/home/fluxx/Workspace/cuchx-large/hf_data_manual/LMT_(IMU,Radar,Skeleton)/Training/HARn/38_Massage_oneself/user19/7-1-2",120.0,189.0,70.0,16975367.916,16975374.816,10.000000002159588
train_harn,HARn/38_Massage_oneself/user2/2-2-1,user2,2-2-1,38_Massage_oneself,"/home/fluxx/Workspace/cuchx-large/hf_data_manual/LMT_(IMU,Radar,Skeleton)/Training/HARn/38_Massage_oneself/user2/2-2-1",611.0,661.0,51.0,14053714.016,14053719.016,10.0
train_harn,HARn/38_Massage_oneself/user2/2-2-2,user2,2-2-2,38_Massage_oneself,"/home/fluxx/Workspace/cuchx-large/hf_data_manual/LMT_(IMU,Radar,Skeleton)/Training/HARn/38_Massage_oneself/user2/2-2-2",463.0,499.0,37.0,14053951.216,14053954.816,10.000000001034802
train_harn,HARn/38_Massage_oneself/user2/2-2-3,user2,2-2-3,38_Massage_oneself,"/home/fluxx/Workspace/cuchx-large/hf_data_manual/LMT_(IMU,Radar,Skeleton)/Training/HARn/38_Massage_oneself/user2/2-2-3",244.0,312.0,69.0,14054157.316,14054164.116,9.999999998904327
train_harn,HARn/38_Massage_oneself/user2/7-3-1,user2,7-3-1,38_Massage_oneself,"/home/fluxx/Workspace/cuchx-large/hf_data_manual/LMT_(IMU,Radar,Skeleton)/Training/HARn/38_Massage_oneself/user2/7-3-1",166.0,237.0,72.0,14059202.516,14059209.616,10.00000000052469
train_harn,HARn/38_Massage_oneself/user2/7-3-2,user2,7-3-2,38_Massage_oneself,"/home/fluxx/Workspace/cuchx-large/hf_data_manual/LMT_(IMU,Radar,Skeleton)/Training/HARn/38_Massage_oneself/user2/7-3-2",133.0,161.0,29.0,14059456.216,14059459.016,9.999999997339078
train_harn,HARn/38_Massage_oneself/user2/7-3-3,user2,7-3-3,38_Massage_oneself,"/home/fluxx/Workspace/cuchx-large/hf_data_manual/LMT_(IMU,Radar,Skeleton)/Training/HARn/38_Massage_oneself/user2/7-3-3",96.0,126.0,31.0,14059564.516,14059567.516,10.0
train_harn,HARn/38_Massage_oneself/user20/6-2-1,user20,6-2-1,38_Massage_oneself,"/home/fluxx/Workspace/cuchx-large/hf_data_manual/LMT_(IMU,Radar,Skeleton)/Training/HARn/38_Massage_oneself/user20/6-2-1",69.0,108.0,40.0,17057660.816,17057664.716,10.00000000382081
train_harn,HARn/38_Massage_oneself/user20/6-2-2,user20,6-2-2,38_Massage_oneself,"/home/fluxx/Workspace/cuchx-large/hf_data_manual/LMT_(IMU,Radar,Skeleton)/Training/HARn/38_Massage_oneself/user20/6-2-2",49.0,72.0,24.0,17057729.816,17057732.116,9.999999996760618
train_harn,HARn/38_Massage_oneself/user20/6-2-3,user20,6-2-3,38_Massage_oneself,"/home/fluxx/Workspace/cuchx-large/hf_data_manual/LMT_(IMU,Radar,Skeleton)/Training/HARn/38_Massage_oneself/user20/6-2-3",61.0,93.0,33.0,17057801.016,17057804.216,10.000000002328306
train_harn,HARn/38_Massage_oneself/user20/7-1-1,user20,7-1-1,38_Massage_oneself,"/home/fluxx/Workspace/cuchx-large/hf_data_manual/LMT_(IMU,Radar,Skeleton)/Training/HARn/38_Massage_oneself/user20/7-1-1",341.0,357.0,17.0,17060826.016,17060827.616,9.999999990686774
train_harn,HARn/38_Massage_oneself/user20/7-1-2,user20,7-1-2,38_Massage_oneself,"/home/fluxx/Workspace/cuchx-large/hf_data_manual/LMT_(IMU,Radar,Skeleton)/Training/HARn/38_Massage_oneself/user20/7-1-2",312.0,339.0,28.0,17060929.116,17060931.816,10.000000002759474
train_harn,HARn/38_Massage_oneself/user20/7-1-3,user20,7-1-3,38_Massage_oneself,"/home/fluxx/Workspace/cuchx-large/hf_data_manual/LMT_(IMU,Radar,Skeleton)/Training/HARn/38_Massage_oneself/user20/7-1-3",207.0,224.0,18.0,17061004.616,17061006.316,10.000000004382695
train_harn,HARn/38_Massage_oneself/user21/3-2-1,user21,3-2-1,38_Massage_oneself,"/home/fluxx/Workspace/cuchx-large/hf_data_manual/LMT_(IMU,Radar,Skeleton)/Training/HARn/38_Massage_oneself/user21/3-2-1",222.0,245.0,24.0,17165175.116,17165177.416,9.999999996760618
train_harn,HARn/38_Massage_oneself/user21/3-2-2,user21,3-2-2,38_Massage_oneself,"/home/fluxx/Workspace/cuchx-large/hf_data_manual/LMT_(IMU,Radar,Skeleton)/Training/HARn/38_Massage_oneself/user21/3-2-2",177.0,193.0,17.0,17165529.616,17165531.216,10.000000013969839
train_harn,HARn/38_Massage_oneself/user21/3-2-3,user21,3-2-3,38_Massage_oneself,"/home/fluxx/Workspace/cuchx-large/hf_data_manual/LMT_(IMU,Radar,Skeleton)/Training/HARn/38_Massage_oneself/user21/3-2-3",115.0,124.0,10.0,17165633.416,17165634.316,10.000000016556847
train_harn,HARn/38_Massage_oneself/user21/7-1-1,user21,7-1-1,38_Massage_oneself,"/home/fluxx/Workspace/cuchx-large/hf_data_manual/LMT_(IMU,Radar,Skeleton)/Training/HARn/38_Massage_oneself/user21/7-1-1",198.0,219.0,22.0,17160274.716,17160276.816,9.99999999290421
train_harn,HARn/38_Massage_oneself/user21/7-1-2,user21,7-1-2,38_Massage_oneself,"/home/fluxx/Workspace/cuchx-large/hf_data_manual/LMT_(IMU,Radar,Skeleton)/Training/HARn/38_Massage_oneself/user21/7-1-2",131.0,147.0,17.0,17160354.016,17160355.616,9.999999990686774
train_harn,HARn/38_Massage_oneself/user21/7-1-3,user21,7-1-3,38_Massage_oneself,"/home/fluxx/Workspace/cuchx-large/hf_data_manual/LMT_(IMU,Radar,Skeleton)/Training/HARn/38_Massage_oneself/user21/7-1-3",250.0,271.0,22.0,17160439.916,17160442.016,10.000000010643687
train_harn,HARn/38_Massage_oneself/user21/7-2-1,user21,7-2-1,38_Massage_oneself,"/home/fluxx/Workspace/cuchx-large/hf_data_manual/LMT_(IMU,Radar,Skeleton)/Training/HARn/38_Massage_oneself/user21/7-2-1",54.0,69.0,16.0,17254922.316,17254923.816,10.0
train_harn,HARn/38_Massage_oneself/user21/7-2-2,user21,7-2-2,38_Massage_oneself,"/home/fluxx/Workspace/cuchx-large/hf_data_manual/LMT_(IMU,Radar,Skeleton)/Training/HARn/38_Massage_oneself/user21/7-2-2",40.0,56.0,17.0,17255018.916,17255020.516,10.000000013969839
train_harn,HARn/38_Massage_oneself/user21/7-2-3,user21,7-2-3,38_Massage_oneself,"/home/fluxx/Workspace/cuchx-large/hf_data_manual/LMT_(IMU,Radar,Skeleton)/Training/HARn/38_Massage_oneself/user21/7-2-3",52.0,69.0,18.0,17255096.116,17255097.816,10.000000004382695
train_harn,HARn/38_Massage_oneself/user22/5-1-1,user22,5-1-1,38_Massage_oneself,"/home/fluxx/Workspace/cuchx-large/hf_data_manual/LMT_(IMU,Radar,Skeleton)/Training/HARn/38_Massage_oneself/user22/5-1-1",75.0,111.0,37.0,17250809.416,17250813.016,10.000000006208817
train_harn,HARn/38_Massage_oneself/user22/5-1-2,user22,5-1-2,38_Massage_oneself,"/home/fluxx/Workspace/cuchx-large/hf_data_manual/LMT_(IMU,Radar,Skeleton)/Training/HARn/38_Massage_oneself/user22/5-1-2",52.0,74.0,23.0,17250876.116,17250878.316,10.000000003386628
train_harn,HARn/38_Massage_oneself/user22/5-1-3,user22,5-1-3,38_Massage_oneself,"/home/fluxx/Workspace/cuchx-large/hf_data_manual/LMT_(IMU,Radar,Skeleton)/Training/HARn/38_Massage_oneself/user22/5-1-3",32.0,43.0,12.0,17250933.116,17250934.216,10.000000020319765
train_harn,HARn/38_Massage_oneself/user22/6-2-1,user22,6-2-1,38_Massage_oneself,"/home/fluxx/Workspace/cuchx-large/hf_data_manual/LMT_(IMU,Radar,Skeleton)/Training/HARn/38_Massage_oneself/user22/6-2-1",498.0,532.0,35.0,17085658.716,17085662.116,9.99999999342596
train_harn,HARn/38_Massage_oneself/user22/6-2-2,user22,6-2-2,38_Massage_oneself,"/home/fluxx/Workspace/cuchx-large/hf_data_manual/LMT_(IMU,Radar,Skeleton)/Training/HARn/38_Massage_oneself/user22/6-2-2",419.0,443.0,25.0,17085791.816,17085794.216,10.000000006208817
train_harn,HARn/38_Massage_oneself/user22/6-2-3,user22,6-2-3,38_Massage_oneself,"/home/fluxx/Workspace/cuchx-large/hf_data_manual/LMT_(IMU,Radar,Skeleton)/Training/HARn/38_Massage_oneself/user22/6-2-3",308.0,335.0,28.0,17085870.716,17085873.416,9.999999988962102
train_harn,HARn/38_Massage_oneself/user23/2-2-1,user23,2-2-1,38_Massage_oneself,"/home/fluxx/Workspace/cuchx-large/hf_data_manual/LMT_(IMU,Radar,Skeleton)/Training/HARn/38_Massage_oneself/user23/2-2-1",88.0,107.0,20.0,17242956.716,17242958.616,9.999999988235926
train_harn,HARn/38_Massage_oneself/user23/2-2-2,user23,2-2-2,38_Massage_oneself,"/home/fluxx/Workspace/cuchx-large/hf_data_manual/LMT_(IMU,Radar,Skeleton)/Training/HARn/38_Massage_oneself/user23/2-2-2",81.0,106.0,26.0,17243021.016,17243023.516,10.0
train_harn,HARn/38_Massage_oneself/user23/2-2-3,user23,2-2-3,38_Massage_oneself,"/home/fluxx/Workspace/cuchx-large/hf_data_manual/LMT_(IMU,Radar,Skeleton)/Training/HARn/38_Massage_oneself/user23/2-2-3",49.0,68.0,20.0,17243074.816,17243076.716,10.000000007842717
train_harn,HARn/38_Massage_oneself/user23/7-1-1,user23,7-1-1,38_Massage_oneself,"/home/fluxx/Workspace/cuchx-large/hf_data_manual/LMT_(IMU,Radar,Skeleton)/Training/HARn/38_Massage_oneself/user23/7-1-1",33.0,60.0,28.0,17145218.216,17145220.916,9.999999988962102
train_harn,HARn/38_Massage_oneself/user23/7-1-2,user23,7-1-2,38_Massage_oneself,"/home/fluxx/Workspace/cuchx-large/hf_data_manual/LMT_(IMU,Radar,Skeleton)/Training/HARn/38_Massage_oneself/user23/7-1-2",28.0,69.0,42.0,17145297.716,17145301.816,9.99999999636557
train_harn,HARn/38_Massage_oneself/user23/7-1-3,user23,7-1-3,38_Massage_oneself,"/home/fluxx/Workspace/cuchx-large/hf_data_manual/LMT_(IMU,Radar,Skeleton)/Training/HARn/38_Massage_oneself/user23/7-1-3",22.0,60.0,39.0,17145374.116,17145377.916,9.999999998039321
train_harn,HARn/38_Massage_oneself/user24/4-3-1,user24,4-3-1,38_Massage_oneself,"/home/fluxx/Workspace/cuchx-large/hf_data_manual/LMT_(IMU,Radar,Skeleton)/Training/HARn/38_Massage_oneself/user24/4-3-1",29.0,66.0,38.0,17231838.816,17231842.516,10.000000002013671
train_harn,HARn/38_Massage_oneself/user24/4-3-2,user24,4-3-2,38_Massage_oneself,"/home/fluxx/Workspace/cuchx-large/hf_data_manual/LMT_(IMU,Radar,Skeleton)/Training/HARn/38_Massage_oneself/user24/4-3-2",15.0,46.0,32.0,17231932.416,17231935.516,10.00000000721024
train_harn,HARn/38_Massage_oneself/user24/4-3-3,user24,4-3-3,38_Massage_oneself,"/home/fluxx/Workspace/cuchx-large/hf_data_manual/LMT_(IMU,Radar,Skeleton)/Training/HARn/38_Massage_oneself/user24/4-3-3",14.0,57.0,44.0,17232001.316,17232005.616,9.999999998267306
train_harn,HARn/38_Massage_oneself/user24/7-1-1,user24,7-1-1,38_Massage_oneself,"/home/fluxx/Workspace/cuchx-large/hf_data_manual/LMT_(IMU,Radar,Skeleton)/Training/HARn/38_Massage_oneself/user24/7-1-1",259.0,289.0,31.0,17252275.816,17252278.816,10.0
train_harn,HARn/38_Massage_oneself/user24/7-1-2,user24,7-1-2,38_Massage_oneself,"/home/fluxx/Workspace/cuchx-large/hf_data_manual/LMT_(IMU,Radar,Skeleton)/Training/HARn/38_Massage_oneself/user24/7-1-2",114.0,133.0,20.0,17252342.316,17252344.216,10.000000007842717
train_harn,HARn/38_Massage_oneself/user24/7-1-3,user24,7-1-3,38_Massage_oneself,"/home/fluxx/Workspace/cuchx-large/hf_data_manual/LMT_(IMU,Radar,Skeleton)/Training/HARn/38_Massage_oneself/user24/7-1-3",152.0,171.0,20.0,17252406.116,17252408.016,10.000000007842717
train_harn,HARn/38_Massage_oneself/user3/2-2-1,user3,2-2-1,38_Massage_oneself,"/home/fluxx/Workspace/cuchx-large/hf_data_manual/LMT_(IMU,Radar,Skeleton)/Training/HARn/38_Massage_oneself/user3/2-2-1",193.0,225.0,33.0,14141889.216,14141892.416,10.000000002328306
train_harn,HARn/38_Massage_oneself/user3/2-2-2,user3,2-2-2,38_Massage_oneself,"/home/fluxx/Workspace/cuchx-large/hf_data_manual/LMT_(IMU,Radar,Skeleton)/Training/HARn/38_Massage_oneself/user3/2-2-2",116.0,137.0,22.0,14141976.516,14141978.616,10.000000001773948
train_harn,HARn/38_Massage_oneself/user3/2-2-3,user3,2-2-3,38_Massage_oneself,"/home/fluxx/Workspace/cuchx-large/hf_data_manual/LMT_(IMU,Radar,Skeleton)/Training/HARn/38_Massage_oneself/user3/2-2-3",164.0,186.0,23.0,14142063.316,14142065.516,9.999999994920058
train_harn,HARn/38_Massage_oneself/user3/7-1-1,user3,7-1-1,38_Massage_oneself,"/home/fluxx/Workspace/cuchx-large/hf_data_manual/LMT_(IMU,Radar,Skeleton)/Training/HARn/38_Massage_oneself/user3/7-1-1",452.0,493.0,42.0,14064544.116,14064548.216,10.000000000908607
train_harn,HARn/38_Massage_oneself/user3/7-1-2,user3,7-1-2,38_Massage_oneself,"/home/fluxx/Workspace/cuchx-large/hf_data_manual/LMT_(IMU,Radar,Skeleton)/Training/HARn/38_Massage_oneself/user3/7-1-2",334.0,362.0,29.0,14064658.316,14064661.116,9.999999997339078
train_harn,HARn/38_Massage_oneself/user3/7-1-3,user3,7-1-3,38_Massage_oneself,"/home/fluxx/Workspace/cuchx-large/hf_data_manual/LMT_(IMU,Radar,Skeleton)/Training/HARn/38_Massage_oneself/user3/7-1-3",178.0,202.0,25.0,14064811.716,14064814.116,9.999999998447796
train_harn,HARn/38_Massage_oneself/user6/7-1-1,user6,7-1-1,38_Massage_oneself,"/home/fluxx/Workspace/cuchx-large/hf_data_manual/LMT_(IMU,Radar,Skeleton)/Training/HARn/38_Massage_oneself/user6/7-1-1",39.0,126.0,88.0,16127179.816,16127188.516,9.999999998715417
train_harn,HARn/38_Massage_oneself/user6/7-1-2,user6,7-1-2,38_Massage_oneself,"/home/fluxx/Workspace/cuchx-large/hf_data_manual/LMT_(IMU,Radar,Skeleton)/Training/HARn/38_Massage_oneself/user6/7-1-2",36.0,99.0,64.0,16127258.516,16127264.816,10.000000001773948
train_harn,HARn/38_Massage_oneself/user6/7-1-3,user6,7-1-3,38_Massage_oneself,"/home/fluxx/Workspace/cuchx-large/hf_data_manual/LMT_(IMU,Radar,Skeleton)/Training/HARn/38_Massage_oneself/user6/7-1-3",27.0,90.0,64.0,16127324.616,16127330.916,10.000000001773948
train_harn,HARn/39_Take_body_temperature/user16/6-2-1,user16,6-2-1,39_Take_body_temperature,"/home/fluxx/Workspace/cuchx-large/hf_data_manual/LMT_(IMU,Radar,Skeleton)/Training/HARn/39_Take_body_temperature/user16/6-2-1",9.0,47.0,39.0,17074336.816,17074340.616,9.999999998039321
train_harn,HARn/39_Take_body_temperature/user16/6-2-2,user16,6-2-2,39_Take_body_temperature,"/home/fluxx/Workspace/cuchx-large/hf_data_manual/LMT_(IMU,Radar,Skeleton)/Training/HARn/39_Take_body_temperature/user16/6-2-2",8.0,40.0,33.0,17074476.716,17074479.916,9.999999990686774
train_harn,HARn/39_Take_body_temperature/user16/6-2-3,user16,6-2-3,39_Take_body_temperature,"/home/fluxx/Workspace/cuchx-large/hf_data_manual/LMT_(IMU,Radar,Skeleton)/Training/HARn/39_Take_body_temperature/user16/6-2-3",6.0,50.0,45.0,17074700.516,17074704.916,9.999999994920058
train_harn,HARn/39_Take_body_temperature/user17/4-1-1,user17,4-1-1,39_Take_body_temperature,"/home/fluxx/Workspace/cuchx-large/hf_data_manual/LMT_(IMU,Radar,Skeleton)/Training/HARn/39_Take_body_temperature/user17/4-1-1",389.0,484.0,96.0,16910614.816,16910624.316,10.0
train_harn,HARn/39_Take_body_temperature/user17/4-1-2,user17,4-1-2,39_Take_body_temperature,"/home/fluxx/Workspace/cuchx-large/hf_data_manual/LMT_(IMU,Radar,Skeleton)/Training/HARn/39_Take_body_temperature/user17/4-1-2",318.0,348.0,31.0,16910752.716,16910755.716,10.0
train_harn,HARn/39_Take_body_temperature/user17/4-1-3,user17,4-1-3,39_Take_body_temperature,"/home/fluxx/Workspace/cuchx-large/hf_data_manual/LMT_(IMU,Radar,Skeleton)/Training/HARn/39_Take_body_temperature/user17/4-1-3",251.0,276.0,26.0,16910862.016,16910864.516,10.0
train_harn,HARn/39_Take_body_temperature/user17/7-1-1,user17,7-1-1,39_Take_body_temperature,"/home/fluxx/Workspace/cuchx-large/hf_data_manual/LMT_(IMU,Radar,Skeleton)/Training/HARn/39_Take_body_temperature/user17/7-1-1",96.0,134.0,39.0,16911732.516,16911736.316,9.999999998039321
train_harn,HARn/39_Take_body_temperature/user17/7-1-2,user17,7-1-2,39_Take_body_temperature,"/home/fluxx/Workspace/cuchx-large/hf_data_manual/LMT_(IMU,Radar,Skeleton)/Training/HARn/39_Take_body_temperature/user17/7-1-2",66.0,93.0,28.0,16911819.516,16911822.216,10.000000002759474
train_harn,HARn/39_Take_body_temperature/user17/7-1-3,user17,7-1-3,39_Take_body_temperature,"/home/fluxx/Workspace/cuchx-large/hf_data_manual/LMT_(IMU,Radar,Skeleton)/Training/HARn/39_Take_body_temperature/user17/7-1-3",51.0,73.0,23.0,16911895.016,16911897.216,10.000000003386628
train_harn,HARn/39_Take_body_temperature/user18/7-1-1,user18,7-1-1,39_Take_body_temperature,"/home/fluxx/Workspace/cuchx-large/hf_data_manual/LMT_(IMU,Radar,Skeleton)/Training/HARn/39_Take_body_temperature/user18/7-1-1",571.0,613.0,43.0,16975800.016,16975804.216,10.000000001773948
train_harn,HARn/39_Take_body_temperature/user18/7-1-2,user18,7-1-2,39_Take_body_temperature,"/home/fluxx/Workspace/cuchx-large/hf_data_manual/LMT_(IMU,Radar,Skeleton)/Training/HARn/39_Take_body_temperature/user18/7-1-2",435.0,457.0,23.0,16975910.416,16975912.616,10.000000003386628
train_harn,HARn/39_Take_body_temperature/user18/7-1-3,user18,7-1-3,39_Take_body_temperature,"/home/fluxx/Workspace/cuchx-large/hf_data_manual/LMT_(IMU,Radar,Skeleton)/Training/HARn/39_Take_body_temperature/user18/7-1-3",295.0,310.0,16.0,16976017.416,16976018.916,10.0
train_harn,HARn/39_Take_body_temperature/user19/6-2-1,user19,6-2-1,39_Take_body_temperature,"/home/fluxx/Workspace/cuchx-large/hf_data_manual/LMT_(IMU,Radar,Skeleton)/Training/HARn/39_Take_body_temperature/user19/6-2-1",67.0,88.0,22.0,16901498.616,16901500.716,10.000000010643687
train_harn,HARn/39_Take_body_temperature/user19/6-2-2,user19,6-2-2,39_Take_body_temperature,"/home/fluxx/Workspace/cuchx-large/hf_data_manual/LMT_(IMU,Radar,Skeleton)/Training/HARn/39_Take_body_temperature/user19/6-2-2",46.0,57.0,12.0,16901629.516,16901630.616,9.99999998645349
train_harn,HARn/39_Take_body_temperature/user19/6-2-3,user19,6-2-3,39_Take_body_temperature,"/home/fluxx/Workspace/cuchx-large/hf_data_manual/LMT_(IMU,Radar,Skeleton)/Training/HARn/39_Take_body_temperature/user19/6-2-3",44.0,69.0,26.0,16901703.316,16901705.816,10.0
train_harn,HARn/39_Take_body_temperature/user19/7-1-1,user19,7-1-1,39_Take_body_temperature,"/home/fluxx/Workspace/cuchx-large/hf_data_manual/LMT_(IMU,Radar,Skeleton)/Training/HARn/39_Take_body_temperature/user19/7-1-1",121.0,163.0,43.0,16975282.016,16975286.216,10.000000001773948
train_harn,HARn/39_Take_body_temperature/user19/7-1-2,user19,7-1-2,39_Take_body_temperature,"/home/fluxx/Workspace/cuchx-large/hf_data_manual/LMT_(IMU,Radar,Skeleton)/Training/HARn/39_Take_body_temperature/user19/7-1-2",67.0,93.0,27.0,16975362.616,16975365.216,10.000000008596825
train_harn,HARn/39_Take_body_temperature/user19/7-1-3,user19,7-1-3,39_Take_body_temperature,"/home/fluxx/Workspace/cuchx-large/hf_data_manual/LMT_(IMU,Radar,Skeleton)/Training/HARn/39_Take_body_temperature/user19/7-1-3",82.0,102.0,21.0,16975480.116,16975482.116,10.0
train_harn,HARn/39_Take_body_temperature/user2/2-2-1,user2,2-2-1,39_Take_body_temperature,"/home/fluxx/Workspace/cuchx-large/hf_data_manual/LMT_(IMU,Radar,Skeleton)/Training/HARn/39_Take_body_temperature/user2/2-2-1",664.0,711.0,48.0,14053719.316,14053724.016,9.999999997622155
train_harn,HARn/39_Take_body_temperature/user2/2-2-2,user2,2-2-2,39_Take_body_temperature,"/home/fluxx/Workspace/cuchx-large/hf_data_manual/LMT_(IMU,Radar,Skeleton)/Training/HARn/39_Take_body_temperature/user2/2-2-2",501.0,546.0,46.0,14053955.016,14053959.516,10.0
train_harn,HARn/39_Take_body_temperature/user2/2-2-3,user2,2-2-3,39_Take_body_temperature,"/home/fluxx/Workspace/cuchx-large/hf_data_manual/LMT_(IMU,Radar,Skeleton)/Training/HARn/39_Take_body_temperature/user2/2-2-3",315.0,332.0,18.0,14054164.416,14054166.116,9.99999999342596
train_harn,HARn/39_Take_body_temperature/user21/3-2-1,user21,3-2-1,39_Take_body_temperature,"/home/fluxx/Workspace/cuchx-large/hf_data_manual/LMT_(IMU,Radar,Skeleton)/Training/HARn/39_Take_body_temperature/user21/3-2-1",144.0,172.0,29.0,17165167.316,17165170.116,9.999999997339078
train_harn,HARn/39_Take_body_temperature/user21/3-2-2,user21,3-2-2,39_Take_body_temperature,"/home/fluxx/Workspace/cuchx-large/hf_data_manual/LMT_(IMU,Radar,Skeleton)/Training/HARn/39_Take_body_temperature/user21/3-2-2",143.0,164.0,22.0,17165526.216,17165528.316,9.99999999290421
train_harn,HARn/39_Take_body_temperature/user21/3-2-3,user21,3-2-3,39_Take_body_temperature,"/home/fluxx/Workspace/cuchx-large/hf_data_manual/LMT_(IMU,Radar,Skeleton)/Training/HARn/39_Take_body_temperature/user21/3-2-3",99.0,109.0,11.0,17165631.816,17165632.816,10.0
train_harn,HARn/39_Take_body_temperature/user21/6-1-1,user21,6-1-1,39_Take_body_temperature,"/home/fluxx/Workspace/cuchx-large/hf_data_manual/LMT_(IMU,Radar,Skeleton)/Training/HARn/39_Take_body_temperature/user21/6-1-1",38.0,61.0,24.0,17254598.716,17254601.016,9.999999996760618
train_harn,HARn/39_Take_body_temperature/user21/6-1-2,user21,6-1-2,39_Take_body_temperature,"/home/fluxx/Workspace/cuchx-large/hf_data_manual/LMT_(IMU,Radar,Skeleton)/Training/HARn/39_Take_body_temperature/user21/6-1-2",37.0,42.0,6.0,17254675.616,17254676.116,10.0
train_harn,HARn/39_Take_body_temperature/user21/6-1-3,user21,6-1-3,39_Take_body_temperature,"/home/fluxx/Workspace/cuchx-large/hf_data_manual/LMT_(IMU,Radar,Skeleton)/Training/HARn/39_Take_body_temperature/user21/6-1-3",26.0,28.0,3.0,17254761.516,17254761.716,10.000000037252903
train_harn,HARn/39_Take_body_temperature/user22/5-1-1,user22,5-1-1,39_Take_body_temperature,"/home/fluxx/Workspace/cuchx-large/hf_data_manual/LMT_(IMU,Radar,Skeleton)/Training/HARn/39_Take_body_temperature/user22/5-1-1",40.0,64.0,25.0,17250805.916,17250808.316,10.000000006208817
train_harn,HARn/39_Take_body_temperature/user22/5-1-2,user22,5-1-2,39_Take_body_temperature,"/home/fluxx/Workspace/cuchx-large/hf_data_manual/LMT_(IMU,Radar,Skeleton)/Training/HARn/39_Take_body_temperature/user22/5-1-2",31.0,43.0,13.0,17250874.016,17250875.216,10.000000006208817
train_harn,HARn/39_Take_body_temperature/user22/5-1-3,user22,5-1-3,39_Take_body_temperature,"/home/fluxx/Workspace/cuchx-large/hf_data_manual/LMT_(IMU,Radar,Skeleton)/Training/HARn/39_Take_body_temperature/user22/5-1-3",20.0,27.0,8.0,17250931.916,17250932.616,10.000000010643687
train_harn,HARn/39_Take_body_temperature/user23/7-2-1,user23,7-2-1,39_Take_body_temperature,"/home/fluxx/Workspace/cuchx-large/hf_data_manual/LMT_(IMU,Radar,Skeleton)/Training/HARn/39_Take_body_temperature/user23/7-2-1",13.0,42.0,30.0,17244703.216,17244706.116,9.999999992292503
train_harn,HARn/39_Take_body_temperature/user23/7-2-2,user23,7-2-2,39_Take_body_temperature,"/home/fluxx/Workspace/cuchx-large/hf_data_manual/LMT_(IMU,Radar,Skeleton)/Training/HARn/39_Take_body_temperature/user23/7-2-2",10.0,38.0,29.0,17244918.916,17244921.716,10.000000010643687
train_harn,HARn/39_Take_body_temperature/user23/7-2-3,user23,7-2-3,39_Take_body_temperature,"/home/fluxx/Workspace/cuchx-large/hf_data_manual/LMT_(IMU,Radar,Skeleton)/Training/HARn/39_Take_body_temperature/user23/7-2-3",13.0,40.0,28.0,17245100.216,17245102.916,9.999999988962102
train_harn,HARn/39_Take_body_temperature/user24/5-2-1,user24,5-2-1,39_Take_body_temperature,"/home/fluxx/Workspace/cuchx-large/hf_data_manual/LMT_(IMU,Radar,Skeleton)/Training/HARn/39_Take_body_temperature/user24/5-2-1",31.0,44.0,14.0,17251795.016,17251796.316,9.999999994268784
train_harn,HARn/39_Take_body_temperature/user24/5-2-2,user24,5-2-2,39_Take_body_temperature,"/home/fluxx/Workspace/cuchx-large/hf_data_manual/LMT_(IMU,Radar,Skeleton)/Training/HARn/39_Take_body_temperature/user24/5-2-2",27.0,37.0,11.0,17251856.616,17251857.616,10.0
train_harn,HARn/39_Take_body_temperature/user24/5-2-3,user24,5-2-3,39_Take_body_temperature,"/home/fluxx/Workspace/cuchx-large/hf_data_manual/LMT_(IMU,Radar,Skeleton)/Training/HARn/39_Take_body_temperature/user24/5-2-3",25.0,31.0,7.0,17251915.416,17251916.016,10.000000037252903
train_harn,HARn/39_Take_body_temperature/user24/7-1-1,user24,7-1-1,39_Take_body_temperature,"/home/fluxx/Workspace/cuchx-large/hf_data_manual/LMT_(IMU,Radar,Skeleton)/Training/HARn/39_Take_body_temperature/user24/7-1-1",201.0,238.0,38.0,17252270.016,17252273.716,10.000000002013671
train_harn,HARn/39_Take_body_temperature/user24/7-1-2,user24,7-1-2,39_Take_body_temperature,"/home/fluxx/Workspace/cuchx-large/hf_data_manual/LMT_(IMU,Radar,Skeleton)/Training/HARn/39_Take_body_temperature/user24/7-1-2",98.0,107.0,10.0,17252340.716,17252341.616,9.999999975164732
train_harn,HARn/39_Take_body_temperature/user24/7-1-3,user24,7-1-3,39_Take_body_temperature,"/home/fluxx/Workspace/cuchx-large/hf_data_manual/LMT_(IMU,Radar,Skeleton)/Training/HARn/39_Take_body_temperature/user24/7-1-3",133.0,145.0,13.0,17252404.216,17252405.416,9.999999975164732
train_harn,HARn/39_Take_body_temperature/user3/2-2-2,user3,2-2-2,39_Take_body_temperature,"/home/fluxx/Workspace/cuchx-large/hf_data_manual/LMT_(IMU,Radar,Skeleton)/Training/HARn/39_Take_body_temperature/user3/2-2-2",157.0,170.0,14.0,14141980.616,14141981.916,10.000000008596825
train_harn,HARn/39_Take_body_temperature/user3/2-2-3,user3,2-2-3,39_Take_body_temperature,"/home/fluxx/Workspace/cuchx-large/hf_data_manual/LMT_(IMU,Radar,Skeleton)/Training/HARn/39_Take_body_temperature/user3/2-2-3",211.0,275.0,31.0,14142068.016,14142074.416,4.687500001091394
train_harn,HARn/39_Take_body_temperature/user6/6-2-1,user6,6-2-1,39_Take_body_temperature,"/home/fluxx/Workspace/cuchx-large/hf_data_manual/LMT_(IMU,Radar,Skeleton)/Training/HARn/39_Take_body_temperature/user6/6-2-1",14.0,43.0,30.0,16203143.316,16203146.216,9.999999998715417
train_harn,HARn/39_Take_body_temperature/user6/6-2-2,user6,6-2-2,39_Take_body_temperature,"/home/fluxx/Workspace/cuchx-large/hf_data_manual/LMT_(IMU,Radar,Skeleton)/Training/HARn/39_Take_body_temperature/user6/6-2-2",24.0,36.0,13.0,16203241.316,16203242.516,9.999999990686774
train_harn,HARn/39_Take_body_temperature/user6/6-2-3,user6,6-2-3,39_Take_body_temperature,"/home/fluxx/Workspace/cuchx-large/hf_data_manual/LMT_(IMU,Radar,Skeleton)/Training/HARn/39_Take_body_temperature/user6/6-2-3",22.0,45.0,24.0,16203334.116,16203336.416,10.000000004859075
train_harn,HARn/39_Take_body_temperature/user7/4-1-1,user7,4-1-1,39_Take_body_temperature,"/home/fluxx/Workspace/cuchx-large/hf_data_manual/LMT_(IMU,Radar,Skeleton)/Training/HARn/39_Take_body_temperature/user7/4-1-1",238.0,250.0,13.0,16125143.716,16125144.916,10.000000006208817
train_harn,HARn/39_Take_body_temperature/user7/4-1-3,user7,4-1-3,39_Take_body_temperature,"/home/fluxx/Workspace/cuchx-large/hf_data_manual/LMT_(IMU,Radar,Skeleton)/Training/HARn/39_Take_body_temperature/user7/4-1-3",141.0,152.0,12.0,16125422.016,16125423.116,10.000000003386628
train_harn,HARn/39_Take_body_temperature/user7/7-1-1,user7,7-1-1,39_Take_body_temperature,"/home/fluxx/Workspace/cuchx-large/hf_data_manual/LMT_(IMU,Radar,Skeleton)/Training/HARn/39_Take_body_temperature/user7/7-1-1",56.0,96.0,41.0,16126274.516,16126278.516,10.0
train_harn,HARn/39_Take_body_temperature/user7/7-1-2,user7,7-1-2,39_Take_body_temperature,"/home/fluxx/Workspace/cuchx-large/hf_data_manual/LMT_(IMU,Radar,Skeleton)/Training/HARn/39_Take_body_temperature/user7/7-1-2",52.0,74.0,23.0,16126365.116,16126367.316,10.000000003386628
train_harn,HARn/39_Take_body_temperature/user7/7-1-3,user7,7-1-3,39_Take_body_temperature,"/home/fluxx/Workspace/cuchx-large/hf_data_manual/LMT_(IMU,Radar,Skeleton)/Training/HARn/39_Take_body_temperature/user7/7-1-3",51.0,60.0,10.0,16126500.016,16126500.916,10.000000016556847
train_harn,HARn/39_Take_body_temperature/user9/6-2-1,user9,6-2-1,39_Take_body_temperature,"/home/fluxx/Workspace/cuchx-large/hf_data_manual/LMT_(IMU,Radar,Skeleton)/Training/HARn/39_Take_body_temperature/user9/6-2-1",78.0,87.0,10.0,16106734.716,16106735.616,9.999999995860788
train_harn,HARn/39_Take_body_temperature/user9/6-2-2,user9,6-2-2,39_Take_body_temperature,"/home/fluxx/Workspace/cuchx-large/hf_data_manual/LMT_(IMU,Radar,Skeleton)/Training/HARn/39_Take_body_temperature/user9/6-2-2",45.0,50.0,6.0,16106856.416,16106856.916,10.0
train_harn,HARn/39_Take_body_temperature/user9/6-2-3,user9,6-2-3,39_Take_body_temperature,"/home/fluxx/Workspace/cuchx-large/hf_data_manual/LMT_(IMU,Radar,Skeleton)/Training/HARn/39_Take_body_temperature/user9/6-2-3",58.0,67.0,10.0,16106941.716,16106942.616,9.999999995860788
train_harn,HARn/39_Take_body_temperature/user9/7-1-1,user9,7-1-1,39_Take_body_temperature,"/home/fluxx/Workspace/cuchx-large/hf_data_manual/LMT_(IMU,Radar,Skeleton)/Training/HARn/39_Take_body_temperature/user9/7-1-1",115.0,130.0,16.0,16137224.416,16137225.916,10.0
train_harn,HARn/39_Take_body_temperature/user9/7-1-2,user9,7-1-2,39_Take_body_temperature,"/home/fluxx/Workspace/cuchx-large/hf_data_manual/LMT_(IMU,Radar,Skeleton)/Training/HARn/39_Take_body_temperature/user9/7-1-2",88.0,107.0,20.0,16137312.716,16137314.616,9.999999998039321
train_harn,HARn/39_Take_body_temperature/user9/7-1-3,user9,7-1-3,39_Take_body_temperature,"/home/fluxx/Workspace/cuchx-large/hf_data_manual/LMT_(IMU,Radar,Skeleton)/Training/HARn/39_Take_body_temperature/user9/7-1-3",93.0,104.0,12.0,16137403.216,16137404.316,10.000000003386628
train_harn,HARn/3_Take_off_clothes/user17/6-1-1,user17,6-1-1,3_Take_off_clothes,"/home/fluxx/Workspace/cuchx-large/hf_data_manual/LMT_(IMU,Radar,Skeleton)/Training/HARn/3_Take_off_clothes/user17/6-1-1",74.0,112.0,39.0,16910959.316,16910963.116,9.999999998039321
train_harn,HARn/3_Take_off_clothes/user17/6-1-2,user17,6-1-2,3_Take_off_clothes,"/home/fluxx/Workspace/cuchx-large/hf_data_manual/LMT_(IMU,Radar,Skeleton)/Training/HARn/3_Take_off_clothes/user17/6-1-2",53.0,84.0,32.0,16911036.216,16911039.316,9.999999995193173
train_harn,HARn/3_Take_off_clothes/user17/6-1-3,user17,6-1-3,3_Take_off_clothes,"/home/fluxx/Workspace/cuchx-large/hf_data_manual/LMT_(IMU,Radar,Skeleton)/Training/HARn/3_Take_off_clothes/user17/6-1-3",46.0,67.0,22.0,16911138.516,16911140.616,9.99999999290421
train_harn,HARn/3_Take_off_clothes/user18/6-1-1,user18,6-1-1,3_Take_off_clothes,"/home/fluxx/Workspace/cuchx-large/hf_data_manual/LMT_(IMU,Radar,Skeleton)/Training/HARn/3_Take_off_clothes/user18/6-1-1",45.0,79.0,35.0,16909817.416,16909820.816,10.000000004382695
train_harn,HARn/3_Take_off_clothes/user18/6-1-2,user18,6-1-2,3_Take_off_clothes,"/home/fluxx/Workspace/cuchx-large/hf_data_manual/LMT_(IMU,Radar,Skeleton)/Training/HARn/3_Take_off_clothes/user18/6-1-2",40.0,50.0,11.0,16909897.916,16909898.916,10.0
train_harn,HARn/3_Take_off_clothes/user18/6-1-3,user18,6-1-3,3_Take_off_clothes,"/home/fluxx/Workspace/cuchx-large/hf_data_manual/LMT_(IMU,Radar,Skeleton)/Training/HARn/3_Take_off_clothes/user18/6-1-3",41.0,62.0,22.0,16910118.016,16910120.116,9.99999999290421
train_harn,HARn/3_Take_off_clothes/user18/7-1-1,user18,7-1-1,3_Take_off_clothes,"/home/fluxx/Workspace/cuchx-large/hf_data_manual/LMT_(IMU,Radar,Skeleton)/Training/HARn/3_Take_off_clothes/user18/7-1-1",291.0,306.0,16.0,16975772.016,16975773.516,10.0
train_harn,HARn/3_Take_off_clothes/user18/7-1-2,user18,7-1-2,3_Take_off_clothes,"/home/fluxx/Workspace/cuchx-large/hf_data_manual/LMT_(IMU,Radar,Skeleton)/Training/HARn/3_Take_off_clothes/user18/7-1-2",161.0,170.0,10.0,16975883.016,16975883.916,9.999999975164732
train_harn,HARn/3_Take_off_clothes/user18/7-1-3,user18,7-1-3,3_Take_off_clothes,"/home/fluxx/Workspace/cuchx-large/hf_data_manual/LMT_(IMU,Radar,Skeleton)/Training/HARn/3_Take_off_clothes/user18/7-1-3",84.0,94.0,11.0,16975996.316,16975997.316,10.0
train_harn,HARn/3_Take_off_clothes/user19/3-1-1,user19,3-1-1,3_Take_off_clothes,"/home/fluxx/Workspace/cuchx-large/hf_data_manual/LMT_(IMU,Radar,Skeleton)/Training/HARn/3_Take_off_clothes/user19/3-1-1",55.0,103.0,49.0,16900544.416,16900549.216,10.000000006208817
train_harn,HARn/3_Take_off_clothes/user19/3-1-2,user19,3-1-2,3_Take_off_clothes,"/home/fluxx/Workspace/cuchx-large/hf_data_manual/LMT_(IMU,Radar,Skeleton)/Training/HARn/3_Take_off_clothes/user19/3-1-2",64.0,98.0,35.0,16900652.316,16900655.716,10.000000004382695
train_harn,HARn/3_Take_off_clothes/user19/3-1-3,user19,3-1-3,3_Take_off_clothes,"/home/fluxx/Workspace/cuchx-large/hf_data_manual/LMT_(IMU,Radar,Skeleton)/Training/HARn/3_Take_off_clothes/user19/3-1-3",41.0,60.0,20.0,16900738.016,16900739.916,9.999999988235926
train_harn,HARn/3_Take_off_clothes/user22/6-1-1,user22,6-1-1,3_Take_off_clothes,"/home/fluxx/Workspace/cuchx-large/hf_data_manual/LMT_(IMU,Radar,Skeleton)/Training/HARn/3_Take_off_clothes/user22/6-1-1",45.0,76.0,32.0,17251012.416,17251015.516,10.00000000721024
train_harn,HARn/3_Take_off_clothes/user22/6-1-2,user22,6-1-2,3_Take_off_clothes,"/home/fluxx/Workspace/cuchx-large/hf_data_manual/LMT_(IMU,Radar,Skeleton)/Training/HARn/3_Take_off_clothes/user22/6-1-2",42.0,68.0,27.0,17251093.116,17251095.716,10.000000008596825
train_harn,HARn/3_Take_off_clothes/user22/6-1-3,user22,6-1-3,3_Take_off_clothes,"/home/fluxx/Workspace/cuchx-large/hf_data_manual/LMT_(IMU,Radar,Skeleton)/Training/HARn/3_Take_off_clothes/user22/6-1-3",23.0,40.0,18.0,17251161.216,17251162.916,9.999999982469221
train_harn,HARn/3_Take_off_clothes/user22/7-2-1,user22,7-2-1,3_Take_off_clothes,"/home/fluxx/Workspace/cuchx-large/hf_data_manual/LMT_(IMU,Radar,Skeleton)/Training/HARn/3_Take_off_clothes/user22/7-2-1",52.0,101.0,50.0,17086528.116,17086533.016,10.000000003041054
train_harn,HARn/3_Take_off_clothes/user22/7-2-2,user22,7-2-2,3_Take_off_clothes,"/home/fluxx/Workspace/cuchx-large/hf_data_manual/LMT_(IMU,Radar,Skeleton)/Training/HARn/3_Take_off_clothes/user22/7-2-2",48.0,84.0,37.0,17086609.716,17086613.316,9.999999995860788
train_harn,HARn/3_Take_off_clothes/user22/7-2-3,user22,7-2-3,3_Take_off_clothes,"/home/fluxx/Workspace/cuchx-large/hf_data_manual/LMT_(IMU,Radar,Skeleton)/Training/HARn/3_Take_off_clothes/user22/7-2-3",32.0,42.0,11.0,17086674.116,17086675.116,10.0
train_harn,HARn/3_Take_off_clothes/user23/4-3-1,user23,4-3-1,3_Take_off_clothes,"/home/fluxx/Workspace/cuchx-large/hf_data_manual/LMT_(IMU,Radar,Skeleton)/Training/HARn/3_Take_off_clothes/user23/4-3-1",14.0,28.0,15.0,17168548.316,17168549.716,10.000000010643687
train_harn,HARn/3_Take_off_clothes/user23/4-3-2,user23,4-3-2,3_Take_off_clothes,"/home/fluxx/Workspace/cuchx-large/hf_data_manual/LMT_(IMU,Radar,Skeleton)/Training/HARn/3_Take_off_clothes/user23/4-3-2",1.0,24.0,24.0,17168678.016,17168680.316,9.999999996760618
train_harn,HARn/3_Take_off_clothes/user23/4-3-3,user23,4-3-3,3_Take_off_clothes,"/home/fluxx/Workspace/cuchx-large/hf_data_manual/LMT_(IMU,Radar,Skeleton)/Training/HARn/3_Take_off_clothes/user23/4-3-3",8.0,24.0,17.0,17168757.716,17168759.316,9.999999990686774
train_harn,HARn/3_Take_off_clothes/user23/5-2-1,user23,5-2-1,3_Take_off_clothes,"/home/fluxx/Workspace/cuchx-large/hf_data_manual/LMT_(IMU,Radar,Skeleton)/Training/HARn/3_Take_off_clothes/user23/5-2-1",34.0,45.0,12.0,17244441.316,17244442.416,9.99999998645349
train_harn,HARn/3_Take_off_clothes/user23/5-2-2,user23,5-2-2,3_Take_off_clothes,"/home/fluxx/Workspace/cuchx-large/hf_data_manual/LMT_(IMU,Radar,Skeleton)/Training/HARn/3_Take_off_clothes/user23/5-2-2",34.0,57.0,24.0,17244550.316,17244552.616,9.999999996760618
train_harn,HARn/3_Take_off_clothes/user23/5-2-3,user23,5-2-3,3_Take_off_clothes,"/home/fluxx/Workspace/cuchx-large/hf_data_manual/LMT_(IMU,Radar,Skeleton)/Training/HARn/3_Take_off_clothes/user23/5-2-3",25.0,37.0,13.0,17244617.416,17244618.616,10.000000006208817
train_harn,HARn/3_Take_off_clothes/user4/5-2-2,user4,5-2-2,3_Take_off_clothes,"/home/fluxx/Workspace/cuchx-large/hf_data_manual/LMT_(IMU,Radar,Skeleton)/Training/HARn/3_Take_off_clothes/user4/5-2-2",69.0,134.0,66.0,14066698.816,14066705.316,10.0
train_harn,HARn/3_Take_off_clothes/user4/5-2-3,user4,5-2-3,3_Take_off_clothes,"/home/fluxx/Workspace/cuchx-large/hf_data_manual/LMT_(IMU,Radar,Skeleton)/Training/HARn/3_Take_off_clothes/user4/5-2-3",54.0,77.0,24.0,14066868.316,14066870.616,9.999999996760618
train_harn,HARn/3_Take_off_clothes/user7/5-1-1,user7,5-1-1,3_Take_off_clothes,"/home/fluxx/Workspace/cuchx-large/hf_data_manual/LMT_(IMU,Radar,Skeleton)/Training/HARn/3_Take_off_clothes/user7/5-1-1",95.0,162.0,68.0,16058713.416,16058720.116,9.99999999833196
train_harn,HARn/3_Take_off_clothes/user7/5-1-2,user7,5-1-2,3_Take_off_clothes,"/home/fluxx/Workspace/cuchx-large/hf_data_manual/LMT_(IMU,Radar,Skeleton)/Training/HARn/3_Take_off_clothes/user7/5-1-2",80.0,155.0,76.0,16058806.916,16058814.416,10.0
train_harn,HARn/3_Take_off_clothes/user7/5-1-3,user7,5-1-3,3_Take_off_clothes,"/home/fluxx/Workspace/cuchx-large/hf_data_manual/LMT_(IMU,Radar,Skeleton)/Training/HARn/3_Take_off_clothes/user7/5-1-3",45.0,84.0,40.0,16058892.416,16058896.316,9.999999999044798
train_harn,HARn/3_Take_off_clothes/user7/6-1-1,user7,6-1-1,3_Take_off_clothes,"/home/fluxx/Workspace/cuchx-large/hf_data_manual/LMT_(IMU,Radar,Skeleton)/Training/HARn/3_Take_off_clothes/user7/6-1-1",35.0,52.0,18.0,16125572.416,16125574.116,9.99999999342596
train_harn,HARn/3_Take_off_clothes/user7/6-1-2,user7,6-1-2,3_Take_off_clothes,"/home/fluxx/Workspace/cuchx-large/hf_data_manual/LMT_(IMU,Radar,Skeleton)/Training/HARn/3_Take_off_clothes/user7/6-1-2",31.0,50.0,20.0,16125665.016,16125666.916,10.000000007842717
train_harn,HARn/3_Take_off_clothes/user7/6-1-3,user7,6-1-3,3_Take_off_clothes,"/home/fluxx/Workspace/cuchx-large/hf_data_manual/LMT_(IMU,Radar,Skeleton)/Training/HARn/3_Take_off_clothes/user7/6-1-3",21.0,38.0,18.0,16125841.016,16125842.716,10.000000004382695
train_harn,HARn/3_Take_off_clothes/user8/6-1-1,user8,6-1-1,3_Take_off_clothes,"/home/fluxx/Workspace/cuchx-large/hf_data_manual/LMT_(IMU,Radar,Skeleton)/Training/HARn/3_Take_off_clothes/user8/6-1-1",27.0,61.0,35.0,16128510.616,16128514.016,9.999999998904327
train_harn,HARn/3_Take_off_clothes/user8/6-1-2,user8,6-1-2,3_Take_off_clothes,"/home/fluxx/Workspace/cuchx-large/hf_data_manual/LMT_(IMU,Radar,Skeleton)/Training/HARn/3_Take_off_clothes/user8/6-1-2",20.0,44.0,25.0,16128598.916,16128601.316,9.999999998447796
train_harn,HARn/3_Take_off_clothes/user8/6-1-3,user8,6-1-3,3_Take_off_clothes,"/home/fluxx/Workspace/cuchx-large/hf_data_manual/LMT_(IMU,Radar,Skeleton)/Training/HARn/3_Take_off_clothes/user8/6-1-3",25.0,58.0,34.0,16128678.416,16128681.716,9.999999997742249
train_harn,HARn/3_Take_off_clothes/user8/7-1-1,user8,7-1-1,3_Take_off_clothes,"/home/fluxx/Workspace/cuchx-large/hf_data_manual/LMT_(IMU,Radar,Skeleton)/Training/HARn/3_Take_off_clothes/user8/7-1-1",84.0,120.0,37.0,16136341.316,16136344.916,10.000000001034802
train_harn,HARn/3_Take_off_clothes/user8/7-1-2,user8,7-1-2,3_Take_off_clothes,"/home/fluxx/Workspace/cuchx-large/hf_data_manual/LMT_(IMU,Radar,Skeleton)/Training/HARn/3_Take_off_clothes/user8/7-1-2",122.0,142.0,21.0,16136225.116,16136227.116,10.0
train_harn,HARn/3_Take_off_clothes/user8/7-1-3,user8,7-1-3,3_Take_off_clothes,"/home/fluxx/Workspace/cuchx-large/hf_data_manual/LMT_(IMU,Radar,Skeleton)/Training/HARn/3_Take_off_clothes/user8/7-1-3",67.0,77.0,11.0,16136453.616,16136454.616,10.0
train_harn,HARn/3_Take_off_clothes/user9/3-1-1,user9,3-1-1,3_Take_off_clothes,"/home/fluxx/Workspace/cuchx-large/hf_data_manual/LMT_(IMU,Radar,Skeleton)/Training/HARn/3_Take_off_clothes/user9/3-1-1",95.0,163.0,69.0,16104979.416,16104986.216,9.999999998904327
train_harn,HARn/3_Take_off_clothes/user9/3-1-2,user9,3-1-2,3_Take_off_clothes,"/home/fluxx/Workspace/cuchx-large/hf_data_manual/LMT_(IMU,Radar,Skeleton)/Training/HARn/3_Take_off_clothes/user9/3-1-2",63.0,121.0,59.0,16105293.216,16105299.016,9.999999998715417
train_harn,HARn/3_Take_off_clothes/user9/3-1-3,user9,3-1-3,3_Take_off_clothes,"/home/fluxx/Workspace/cuchx-large/hf_data_manual/LMT_(IMU,Radar,Skeleton)/Training/HARn/3_Take_off_clothes/user9/3-1-3",64.0,91.0,28.0,16105471.316,16105474.016,9.999999995860788
train_harn,HARn/4_Wipe_hands/user1/1-1-1,user1,1-1-1,4_Wipe_hands,"/home/fluxx/Workspace/cuchx-large/hf_data_manual/LMT_(IMU,Radar,Skeleton)/Training/HARn/4_Wipe_hands/user1/1-1-1",83.0,128.0,46.0,14039325.216,14039329.716,10.0
train_harn,HARn/4_Wipe_hands/user16/2-2-1,user16,2-2-1,4_Wipe_hands,"/home/fluxx/Workspace/cuchx-large/hf_data_manual/LMT_(IMU,Radar,Skeleton)/Training/HARn/4_Wipe_hands/user16/2-2-1",33.0,66.0,34.0,16973302.216,16973305.516,9.999999997742249
train_harn,HARn/4_Wipe_hands/user16/2-2-2,user16,2-2-2,4_Wipe_hands,"/home/fluxx/Workspace/cuchx-large/hf_data_manual/LMT_(IMU,Radar,Skeleton)/Training/HARn/4_Wipe_hands/user16/2-2-2",16.0,46.0,31.0,16973488.516,16973491.516,10.0
train_harn,HARn/4_Wipe_hands/user16/2-2-3,user16,2-2-3,4_Wipe_hands,"/home/fluxx/Workspace/cuchx-large/hf_data_manual/LMT_(IMU,Radar,Skeleton)/Training/HARn/4_Wipe_hands/user16/2-2-3",28.0,51.0,24.0,16973574.716,16973577.016,9.999999996760618
train_harn,HARn/4_Wipe_hands/user17/1-1-1,user17,1-1-1,4_Wipe_hands,"/home/fluxx/Workspace/cuchx-large/hf_data_manual/LMT_(IMU,Radar,Skeleton)/Training/HARn/4_Wipe_hands/user17/1-1-1",87.0,131.0,45.0,16973895.616,16973900.016,10.000000003386628
train_harn,HARn/4_Wipe_hands/user17/1-1-2,user17,1-1-2,4_Wipe_hands,"/home/fluxx/Workspace/cuchx-large/hf_data_manual/LMT_(IMU,Radar,Skeleton)/Training/HARn/4_Wipe_hands/user17/1-1-2",65.0,92.0,28.0,16973993.416,16973996.116,10.000000002759474
train_harn,HARn/4_Wipe_hands/user17/1-1-3,user17,1-1-3,4_Wipe_hands,"/home/fluxx/Workspace/cuchx-large/hf_data_manual/LMT_(IMU,Radar,Skeleton)/Training/HARn/4_Wipe_hands/user17/1-1-3",61.0,84.0,24.0,16974073.016,16974075.316,9.999999996760618
train_harn,HARn/4_Wipe_hands/user17/7-2-1,user17,7-2-1,4_Wipe_hands,"/home/fluxx/Workspace/cuchx-large/hf_data_manual/LMT_(IMU,Radar,Skeleton)/Training/HARn/4_Wipe_hands/user17/7-2-1",79.0,124.0,46.0,17069575.816,17069580.316,10.0
train_harn,HARn/4_Wipe_hands/user17/7-2-2,user17,7-2-2,4_Wipe_hands,"/home/fluxx/Workspace/cuchx-large/hf_data_manual/LMT_(IMU,Radar,Skeleton)/Training/HARn/4_Wipe_hands/user17/7-2-2",68.0,98.0,31.0,17069891.716,17069894.716,10.0
train_harn,HARn/4_Wipe_hands/user17/7-2-3,user17,7-2-3,4_Wipe_hands,"/home/fluxx/Workspace/cuchx-large/hf_data_manual/LMT_(IMU,Radar,Skeleton)/Training/HARn/4_Wipe_hands/user17/7-2-3",61.0,79.0,19.0,17070069.016,17070070.816,9.999999995860788
train_harn,HARn/4_Wipe_hands/user18/1-1-1,user18,1-1-1,4_Wipe_hands,"/home/fluxx/Workspace/cuchx-large/hf_data_manual/LMT_(IMU,Radar,Skeleton)/Training/HARn/4_Wipe_hands/user18/1-1-1",132.0,171.0,40.0,16974409.116,16974413.016,10.00000000382081
train_harn,HARn/4_Wipe_hands/user18/1-1-2,user18,1-1-2,4_Wipe_hands,"/home/fluxx/Workspace/cuchx-large/hf_data_manual/LMT_(IMU,Radar,Skeleton)/Training/HARn/4_Wipe_hands/user18/1-1-2",98.0,122.0,25.0,16974485.716,16974488.116,9.999999990686774
train_harn,HARn/4_Wipe_hands/user18/1-1-3,user18,1-1-3,4_Wipe_hands,"/home/fluxx/Workspace/cuchx-large/hf_data_manual/LMT_(IMU,Radar,Skeleton)/Training/HARn/4_Wipe_hands/user18/1-1-3",95.0,118.0,24.0,16974566.416,16974568.716,10.000000012957532
train_harn,HARn/4_Wipe_hands/user18/7-1-1,user18,7-1-1,4_Wipe_hands,"/home/fluxx/Workspace/cuchx-large/hf_data_manual/LMT_(IMU,Radar,Skeleton)/Training/HARn/4_Wipe_hands/user18/7-1-1",358.0,377.0,20.0,16975778.716,16975780.616,9.999999988235926
train_harn,HARn/4_Wipe_hands/user18/7-1-2,user18,7-1-2,4_Wipe_hands,"/home/fluxx/Workspace/cuchx-large/hf_data_manual/LMT_(IMU,Radar,Skeleton)/Training/HARn/4_Wipe_hands/user18/7-1-2",224.0,236.0,13.0,16975889.316,16975890.516,10.000000006208817
train_harn,HARn/4_Wipe_hands/user18/7-1-3,user18,7-1-3,4_Wipe_hands,"/home/fluxx/Workspace/cuchx-large/hf_data_manual/LMT_(IMU,Radar,Skeleton)/Training/HARn/4_Wipe_hands/user18/7-1-3",116.0,120.0,5.0,16975999.516,16975999.916,9.999999944120646
train_harn,HARn/4_Wipe_hands/user19/1-1-1,user19,1-1-1,4_Wipe_hands,"/home/fluxx/Workspace/cuchx-large/hf_data_manual/LMT_(IMU,Radar,Skeleton)/Training/HARn/4_Wipe_hands/user19/1-1-1",83.0,103.0,21.0,16974953.216,16974955.216,10.0
train_harn,HARn/4_Wipe_hands/user19/1-1-2,user19,1-1-2,4_Wipe_hands,"/home/fluxx/Workspace/cuchx-large/hf_data_manual/LMT_(IMU,Radar,Skeleton)/Training/HARn/4_Wipe_hands/user19/1-1-2",70.0,87.0,18.0,16975056.916,16975058.616,10.000000004382695
train_harn,HARn/4_Wipe_hands/user19/1-1-3,user19,1-1-3,4_Wipe_hands,"/home/fluxx/Workspace/cuchx-large/hf_data_manual/LMT_(IMU,Radar,Skeleton)/Training/HARn/4_Wipe_hands/user19/1-1-3",66.0,85.0,20.0,16975145.516,16975147.416,9.999999988235926
train_harn,HARn/4_Wipe_hands/user19/5-2-1,user19,5-2-1,4_Wipe_hands,"/home/fluxx/Workspace/cuchx-large/hf_data_manual/LMT_(IMU,Radar,Skeleton)/Training/HARn/4_Wipe_hands/user19/5-2-1",158.0,192.0,35.0,17063200.716,17063204.116,9.99999999342596
train_harn,HARn/4_Wipe_hands/user19/5-2-2,user19,5-2-2,4_Wipe_hands,"/home/fluxx/Workspace/cuchx-large/hf_data_manual/LMT_(IMU,Radar,Skeleton)/Training/HARn/4_Wipe_hands/user19/5-2-2",113.0,142.0,30.0,17063313.216,17063316.116,9.999999992292503
train_harn,HARn/4_Wipe_hands/user19/5-2-3,user19,5-2-3,4_Wipe_hands,"/home/fluxx/Workspace/cuchx-large/hf_data_manual/LMT_(IMU,Radar,Skeleton)/Training/HARn/4_Wipe_hands/user19/5-2-3",78.0,100.0,23.0,17063405.716,17063407.916,9.99999998645349
train_harn,HARn/4_Wipe_hands/user2/2-2-1,user2,2-2-1,4_Wipe_hands,"/home/fluxx/Workspace/cuchx-large/hf_data_manual/LMT_(IMU,Radar,Skeleton)/Training/HARn/4_Wipe_hands/user2/2-2-1",571.0,604.0,34.0,14053710.016,14053713.316,10.000000003386628
train_harn,HARn/4_Wipe_hands/user2/2-2-2,user2,2-2-2,4_Wipe_hands,"/home/fluxx/Workspace/cuchx-large/hf_data_manual/LMT_(IMU,Radar,Skeleton)/Training/HARn/4_Wipe_hands/user2/2-2-2",423.0,459.0,37.0,14053947.216,14053950.816,10.000000001034802
train_harn,HARn/4_Wipe_hands/user2/2-2-3,user2,2-2-3,4_Wipe_hands,"/home/fluxx/Workspace/cuchx-large/hf_data_manual/LMT_(IMU,Radar,Skeleton)/Training/HARn/4_Wipe_hands/user2/2-2-3",232.0,239.0,8.0,14054156.116,14054156.816,10.000000010643687
train_harn,HARn/4_Wipe_hands/user2/7-3-3,user2,7-3-3,4_Wipe_hands,"/home/fluxx/Workspace/cuchx-large/hf_data_manual/LMT_(IMU,Radar,Skeleton)/Training/HARn/4_Wipe_hands/user2/7-3-3",198.0,226.0,29.0,14059574.716,14059577.516,9.999999997339078
train_harn,HARn/4_Wipe_hands/user20/6-2-1,user20,6-2-1,4_Wipe_hands,"/home/fluxx/Workspace/cuchx-large/hf_data_manual/LMT_(IMU,Radar,Skeleton)/Training/HARn/4_Wipe_hands/user20/6-2-1",35.0,65.0,31.0,17057657.416,17057660.416,10.0
train_harn,HARn/4_Wipe_hands/user20/6-2-2,user20,6-2-2,4_Wipe_hands,"/home/fluxx/Workspace/cuchx-large/hf_data_manual/LMT_(IMU,Radar,Skeleton)/Training/HARn/4_Wipe_hands/user20/6-2-2",29.0,46.0,18.0,17057727.816,17057729.516,10.000000004382695
train_harn,HARn/4_Wipe_hands/user20/6-2-3,user20,6-2-3,4_Wipe_hands,"/home/fluxx/Workspace/cuchx-large/hf_data_manual/LMT_(IMU,Radar,Skeleton)/Training/HARn/4_Wipe_hands/user20/6-2-3",21.0,59.0,39.0,17057797.016,17057800.816,9.999999998039321
train_harn,HARn/4_Wipe_hands/user21/1-1-1,user21,1-1-1,4_Wipe_hands,"/home/fluxx/Workspace/cuchx-large/hf_data_manual/LMT_(IMU,Radar,Skeleton)/Training/HARn/4_Wipe_hands/user21/1-1-1",95.0,121.0,27.0,17253781.416,17253784.016,10.000000008596825
train_harn,HARn/4_Wipe_hands/user21/1-1-2,user21,1-1-2,4_Wipe_hands,"/home/fluxx/Workspace/cuchx-large/hf_data_manual/LMT_(IMU,Radar,Skeleton)/Training/HARn/4_Wipe_hands/user21/1-1-2",84.0,112.0,29.0,17253857.316,17253860.116,9.999999997339078
train_harn,HARn/4_Wipe_hands/user21/1-1-3,user21,1-1-3,4_Wipe_hands,"/home/fluxx/Workspace/cuchx-large/hf_data_manual/LMT_(IMU,Radar,Skeleton)/Training/HARn/4_Wipe_hands/user21/1-1-3",51.0,63.0,13.0,17253938.016,17253939.216,10.000000006208817
train_harn,HARn/4_Wipe_hands/user21/7-2-1,user21,7-2-1,4_Wipe_hands,"/home/fluxx/Workspace/cuchx-large/hf_data_manual/LMT_(IMU,Radar,Skeleton)/Training/HARn/4_Wipe_hands/user21/7-2-1",27.0,49.0,23.0,17254919.616,17254921.816,10.000000003386628
train_harn,HARn/4_Wipe_hands/user21/7-2-2,user21,7-2-2,4_Wipe_hands,"/home/fluxx/Workspace/cuchx-large/hf_data_manual/LMT_(IMU,Radar,Skeleton)/Training/HARn/4_Wipe_hands/user21/7-2-2",24.0,36.0,13.0,17255017.316,17255018.516,10.000000006208817
train_harn,HARn/4_Wipe_hands/user21/7-2-3,user21,7-2-3,4_Wipe_hands,"/home/fluxx/Workspace/cuchx-large/hf_data_manual/LMT_(IMU,Radar,Skeleton)/Training/HARn/4_Wipe_hands/user21/7-2-3",24.0,47.0,24.0,17255093.316,17255095.616,9.999999996760618
train_harn,HARn/4_Wipe_hands/user22/1-1-2,user22,1-1-2,4_Wipe_hands,"/home/fluxx/Workspace/cuchx-large/hf_data_manual/LMT_(IMU,Radar,Skeleton)/Training/HARn/4_Wipe_hands/user22/1-1-2",103.0,118.0,16.0,17249776.216,17249777.716,10.0
train_harn,HARn/4_Wipe_hands/user22/1-1-3,user22,1-1-3,4_Wipe_hands,"/home/fluxx/Workspace/cuchx-large/hf_data_manual/LMT_(IMU,Radar,Skeleton)/Training/HARn/4_Wipe_hands/user22/1-1-3",66.0,74.0,9.0,17249847.516,17249848.316,9.999999990686774
train_harn,HARn/4_Wipe_hands/user22/6-2-1,user22,6-2-1,4_Wipe_hands,"/home/fluxx/Workspace/cuchx-large/hf_data_manual/LMT_(IMU,Radar,Skeleton)/Training/HARn/4_Wipe_hands/user22/6-2-1",463.0,491.0,29.0,17085655.216,17085658.016,9.999999997339078
train_harn,HARn/4_Wipe_hands/user22/6-2-2,user22,6-2-2,4_Wipe_hands,"/home/fluxx/Workspace/cuchx-large/hf_data_manual/LMT_(IMU,Radar,Skeleton)/Training/HARn/4_Wipe_hands/user22/6-2-2",380.0,403.0,24.0,17085787.916,17085790.216,10.000000012957532
train_harn,HARn/4_Wipe_hands/user22/6-2-3,user22,6-2-3,4_Wipe_hands,"/home/fluxx/Workspace/cuchx-large/hf_data_manual/LMT_(IMU,Radar,Skeleton)/Training/HARn/4_Wipe_hands/user22/6-2-3",284.0,289.0,6.0,17085868.316,17085868.816,10.0
train_harn,HARn/4_Wipe_hands/user23/1-1-1,user23,1-1-1,4_Wipe_hands,"/home/fluxx/Workspace/cuchx-large/hf_data_manual/LMT_(IMU,Radar,Skeleton)/Training/HARn/4_Wipe_hands/user23/1-1-1",129.0,155.0,27.0,17242657.816,17242660.416,9.999999994268784
train_harn,HARn/4_Wipe_hands/user23/1-1-2,user23,1-1-2,4_Wipe_hands,"/home/fluxx/Workspace/cuchx-large/hf_data_manual/LMT_(IMU,Radar,Skeleton)/Training/HARn/4_Wipe_hands/user23/1-1-2",72.0,86.0,15.0,17242750.116,17242751.516,10.000000010643687
train_harn,HARn/4_Wipe_hands/user23/1-1-3,user23,1-1-3,4_Wipe_hands,"/home/fluxx/Workspace/cuchx-large/hf_data_manual/LMT_(IMU,Radar,Skeleton)/Training/HARn/4_Wipe_hands/user23/1-1-3",79.0,99.0,21.0,17242830.816,17242832.816,10.0
train_harn,HARn/4_Wipe_hands/user24/6-2-1,user24,6-2-1,4_Wipe_hands,"/home/fluxx/Workspace/cuchx-large/hf_data_manual/LMT_(IMU,Radar,Skeleton)/Training/HARn/4_Wipe_hands/user24/6-2-1",140.0,167.0,28.0,17252027.916,17252030.616,10.000000002759474
train_harn,HARn/4_Wipe_hands/user24/6-2-2,user24,6-2-2,4_Wipe_hands,"/home/fluxx/Workspace/cuchx-large/hf_data_manual/LMT_(IMU,Radar,Skeleton)/Training/HARn/4_Wipe_hands/user24/6-2-2",90.0,109.0,20.0,17252084.916,17252086.816,10.000000007842717
train_harn,HARn/4_Wipe_hands/user24/6-2-3,user24,6-2-3,4_Wipe_hands,"/home/fluxx/Workspace/cuchx-large/hf_data_manual/LMT_(IMU,Radar,Skeleton)/Training/HARn/4_Wipe_hands/user24/6-2-3",57.0,80.0,24.0,17252151.616,17252153.916,9.999999996760618
train_harn,HARn/4_Wipe_hands/user4/1-1-1,user4,1-1-1,4_Wipe_hands,"/home/fluxx/Workspace/cuchx-large/hf_data_manual/LMT_(IMU,Radar,Skeleton)/Training/HARn/4_Wipe_hands/user4/1-1-1",158.0,180.0,23.0,14125409.716,14125411.916,10.000000003386628
train_harn,HARn/4_Wipe_hands/user4/1-1-2,user4,1-1-2,4_Wipe_hands,"/home/fluxx/Workspace/cuchx-large/hf_data_manual/LMT_(IMU,Radar,Skeleton)/Training/HARn/4_Wipe_hands/user4/1-1-2",174.0,195.0,22.0,14125533.316,14125535.416,10.000000001773948
train_harn,HARn/4_Wipe_hands/user4/1-1-3,user4,1-1-3,4_Wipe_hands,"/home/fluxx/Workspace/cuchx-large/hf_data_manual/LMT_(IMU,Radar,Skeleton)/Training/HARn/4_Wipe_hands/user4/1-1-3",99.0,117.0,19.0,14125665.816,14125667.616,9.999999995860788
train_harn,HARn/4_Wipe_hands/user6/2-2-1,user6,2-2-1,4_Wipe_hands,"/home/fluxx/Workspace/cuchx-large/hf_data_manual/LMT_(IMU,Radar,Skeleton)/Training/HARn/4_Wipe_hands/user6/2-2-1",44.0,63.0,20.0,16134592.316,16134594.216,9.999999998039321
train_harn,HARn/4_Wipe_hands/user6/2-2-2,user6,2-2-2,4_Wipe_hands,"/home/fluxx/Workspace/cuchx-large/hf_data_manual/LMT_(IMU,Radar,Skeleton)/Training/HARn/4_Wipe_hands/user6/2-2-2",22.0,45.0,24.0,16134675.116,16134677.416,10.000000004859075
train_harn,HARn/4_Wipe_hands/user6/2-2-3,user6,2-2-3,4_Wipe_hands,"/home/fluxx/Workspace/cuchx-large/hf_data_manual/LMT_(IMU,Radar,Skeleton)/Training/HARn/4_Wipe_hands/user6/2-2-3",36.0,46.0,11.0,16134817.516,16134818.516,10.0
train_harn,HARn/4_Wipe_hands/user7/1-1-1,user7,1-1-1,4_Wipe_hands,"/home/fluxx/Workspace/cuchx-large/hf_data_manual/LMT_(IMU,Radar,Skeleton)/Training/HARn/4_Wipe_hands/user7/1-1-1",73.0,95.0,23.0,16135150.216,16135152.416,10.000000003386628
train_harn,HARn/4_Wipe_hands/user7/1-1-2,user7,1-1-2,4_Wipe_hands,"/home/fluxx/Workspace/cuchx-large/hf_data_manual/LMT_(IMU,Radar,Skeleton)/Training/HARn/4_Wipe_hands/user7/1-1-2",54.0,63.0,10.0,16135274.316,16135275.216,9.999999995860788
train_harn,HARn/4_Wipe_hands/user7/1-1-3,user7,1-1-3,4_Wipe_hands,"/home/fluxx/Workspace/cuchx-large/hf_data_manual/LMT_(IMU,Radar,Skeleton)/Training/HARn/4_Wipe_hands/user7/1-1-3",58.0,71.0,14.0,16135350.716,16135352.016,9.999999994268784
train_harn,HARn/4_Wipe_hands/user7/7-2-1,user7,7-2-1,4_Wipe_hands,"/home/fluxx/Workspace/cuchx-large/hf_data_manual/LMT_(IMU,Radar,Skeleton)/Training/HARn/4_Wipe_hands/user7/7-2-1",96.0,124.0,29.0,16204863.516,16204866.316,10.000000003991383
train_harn,HARn/4_Wipe_hands/user7/7-2-2,user7,7-2-2,4_Wipe_hands,"/home/fluxx/Workspace/cuchx-large/hf_data_manual/LMT_(IMU,Radar,Skeleton)/Training/HARn/4_Wipe_hands/user7/7-2-2",60.0,78.0,19.0,16204932.916,16204934.716,9.999999995860788
train_harn,HARn/4_Wipe_hands/user7/7-2-3,user7,7-2-3,4_Wipe_hands,"/home/fluxx/Workspace/cuchx-large/hf_data_manual/LMT_(IMU,Radar,Skeleton)/Training/HARn/4_Wipe_hands/user7/7-2-3",41.0,48.0,8.0,16204987.016,16204987.716,10.000000010643687
train_harn,HARn/4_Wipe_hands/user8/1-1-1,user8,1-1-1,4_Wipe_hands,"/home/fluxx/Workspace/cuchx-large/hf_data_manual/LMT_(IMU,Radar,Skeleton)/Training/HARn/4_Wipe_hands/user8/1-1-1",79.0,107.0,29.0,16135587.816,16135590.616,9.999999997339078
train_harn,HARn/4_Wipe_hands/user8/1-1-2,user8,1-1-2,4_Wipe_hands,"/home/fluxx/Workspace/cuchx-large/hf_data_manual/LMT_(IMU,Radar,Skeleton)/Training/HARn/4_Wipe_hands/user8/1-1-2",71.0,95.0,25.0,16135657.016,16135659.416,10.000000006208817
train_harn,HARn/4_Wipe_hands/user8/1-1-3,user8,1-1-3,4_Wipe_hands,"/home/fluxx/Workspace/cuchx-large/hf_data_manual/LMT_(IMU,Radar,Skeleton)/Training/HARn/4_Wipe_hands/user8/1-1-3",64.0,84.0,21.0,16135752.316,16135754.316,10.0
train_harn,HARn/4_Wipe_hands/user8/7-1-1,user8,7-1-1,4_Wipe_hands,"/home/fluxx/Workspace/cuchx-large/hf_data_manual/LMT_(IMU,Radar,Skeleton)/Training/HARn/4_Wipe_hands/user8/7-1-1",134.0,159.0,26.0,16136346.316,16136348.816,10.0
train_harn,HARn/4_Wipe_hands/user8/7-1-2,user8,7-1-2,4_Wipe_hands,"/home/fluxx/Workspace/cuchx-large/hf_data_manual/LMT_(IMU,Radar,Skeleton)/Training/HARn/4_Wipe_hands/user8/7-1-2",169.0,198.0,30.0,16136229.816,16136232.716,9.999999998715417
train_harn,HARn/4_Wipe_hands/user8/7-1-3,user8,7-1-3,4_Wipe_hands,"/home/fluxx/Workspace/cuchx-large/hf_data_manual/LMT_(IMU,Radar,Skeleton)/Training/HARn/4_Wipe_hands/user8/7-1-3",94.0,111.0,18.0,16136456.316,16136458.016,9.99999999342596
train_harn,HARn/4_Wipe_hands/user9/1-1-1,user9,1-1-1,4_Wipe_hands,"/home/fluxx/Workspace/cuchx-large/hf_data_manual/LMT_(IMU,Radar,Skeleton)/Training/HARn/4_Wipe_hands/user9/1-1-1",63.0,75.0,13.0,16136792.216,16136793.416,10.000000006208817
train_harn,HARn/4_Wipe_hands/user9/1-1-2,user9,1-1-2,4_Wipe_hands,"/home/fluxx/Workspace/cuchx-large/hf_data_manual/LMT_(IMU,Radar,Skeleton)/Training/HARn/4_Wipe_hands/user9/1-1-2",42.0,52.0,11.0,16136879.116,16136880.116,10.0
train_harn,HARn/4_Wipe_hands/user9/1-1-3,user9,1-1-3,4_Wipe_hands,"/home/fluxx/Workspace/cuchx-large/hf_data_manual/LMT_(IMU,Radar,Skeleton)/Training/HARn/4_Wipe_hands/user9/1-1-3",54.0,69.0,16.0,16136977.316,16136978.816,10.0
train_harn,HARn/4_Wipe_hands/user9/5-2-1,user9,5-2-1,4_Wipe_hands,"/home/fluxx/Workspace/cuchx-large/hf_data_manual/LMT_(IMU,Radar,Skeleton)/Training/HARn/4_Wipe_hands/user9/5-2-1",105.0,133.0,29.0,16210297.416,16210300.216,9.999999997339078
train_harn,HARn/4_Wipe_hands/user9/5-2-2,user9,5-2-2,4_Wipe_hands,"/home/fluxx/Workspace/cuchx-large/hf_data_manual/LMT_(IMU,Radar,Skeleton)/Training/HARn/4_Wipe_hands/user9/5-2-2",98.0,118.0,21.0,16210362.716,16210364.716,10.0
train_harn,HARn/4_Wipe_hands/user9/5-2-3,user9,5-2-3,4_Wipe_hands,"/home/fluxx/Workspace/cuchx-large/hf_data_manual/LMT_(IMU,Radar,Skeleton)/Training/HARn/4_Wipe_hands/user9/5-2-3",60.0,78.0,19.0,16210428.916,16210430.716,9.999999995860788
train_harn,HARn/5_Put_on_clothes/user1/1-1-1,user1,1-1-1,5_Put_on_clothes,"/home/fluxx/Workspace/cuchx-large/hf_data_manual/LMT_(IMU,Radar,Skeleton)/Training/HARn/5_Put_on_clothes/user1/1-1-1",289.0,413.0,125.0,14039345.816,14039358.216,9.999999999699574
train_harn,HARn/5_Put_on_clothes/user1/1-1-2,user1,1-1-2,5_Put_on_clothes,"/home/fluxx/Workspace/cuchx-large/hf_data_manual/LMT_(IMU,Radar,Skeleton)/Training/HARn/5_Put_on_clothes/user1/1-1-2",324.0,376.0,53.0,14040052.316,14040057.516,9.999999997850795
train_harn,HARn/5_Put_on_clothes/user1/1-1-3,user1,1-1-3,5_Put_on_clothes,"/home/fluxx/Workspace/cuchx-large/hf_data_manual/LMT_(IMU,Radar,Skeleton)/Training/HARn/5_Put_on_clothes/user1/1-1-3",124.0,162.0,39.0,14040338.316,14040342.116,9.999999998039321
train_harn,HARn/5_Put_on_clothes/user17/1-1-1,user17,1-1-1,5_Put_on_clothes,"/home/fluxx/Workspace/cuchx-large/hf_data_manual/LMT_(IMU,Radar,Skeleton)/Training/HARn/5_Put_on_clothes/user17/1-1-1",237.0,326.0,90.0,16973910.616,16973919.516,10.000000001674287
train_harn,HARn/5_Put_on_clothes/user17/1-1-2,user17,1-1-2,5_Put_on_clothes,"/home/fluxx/Workspace/cuchx-large/hf_data_manual/LMT_(IMU,Radar,Skeleton)/Training/HARn/5_Put_on_clothes/user17/1-1-2",137.0,196.0,60.0,16974000.616,16974006.516,10.00000000252562
train_harn,HARn/5_Put_on_clothes/user17/1-1-3,user17,1-1-3,5_Put_on_clothes,"/home/fluxx/Workspace/cuchx-large/hf_data_manual/LMT_(IMU,Radar,Skeleton)/Training/HARn/5_Put_on_clothes/user17/1-1-3",130.0,184.0,55.0,16974079.916,16974085.316,10.000000002759474
train_harn,HARn/5_Put_on_clothes/user17/6-1-1,user17,6-1-1,5_Put_on_clothes,"/home/fluxx/Workspace/cuchx-large/hf_data_manual/LMT_(IMU,Radar,Skeleton)/Training/HARn/5_Put_on_clothes/user17/6-1-1",125.0,180.0,56.0,16910964.416,16910969.916,10.0
train_harn,HARn/5_Put_on_clothes/user17/6-1-2,user17,6-1-2,5_Put_on_clothes,"/home/fluxx/Workspace/cuchx-large/hf_data_manual/LMT_(IMU,Radar,Skeleton)/Training/HARn/5_Put_on_clothes/user17/6-1-2",102.0,155.0,54.0,16911041.116,16911046.416,9.99999999859423
train_harn,HARn/5_Put_on_clothes/user17/6-1-3,user17,6-1-3,5_Put_on_clothes,"/home/fluxx/Workspace/cuchx-large/hf_data_manual/LMT_(IMU,Radar,Skeleton)/Training/HARn/5_Put_on_clothes/user17/6-1-3",71.0,136.0,66.0,16911141.016,16911147.516,10.0
train_harn,HARn/5_Put_on_clothes/user18/6-1-1,user18,6-1-1,5_Put_on_clothes,"/home/fluxx/Workspace/cuchx-large/hf_data_manual/LMT_(IMU,Radar,Skeleton)/Training/HARn/5_Put_on_clothes/user18/6-1-1",109.0,151.0,43.0,16909823.816,16909828.016,10.000000001773948
train_harn,HARn/5_Put_on_clothes/user18/6-1-2,user18,6-1-2,5_Put_on_clothes,"/home/fluxx/Workspace/cuchx-large/hf_data_manual/LMT_(IMU,Radar,Skeleton)/Training/HARn/5_Put_on_clothes/user18/6-1-2",67.0,113.0,47.0,16909900.616,16909905.216,10.000000004859075
train_harn,HARn/5_Put_on_clothes/user18/6-1-3,user18,6-1-3,5_Put_on_clothes,"/home/fluxx/Workspace/cuchx-large/hf_data_manual/LMT_(IMU,Radar,Skeleton)/Training/HARn/5_Put_on_clothes/user18/6-1-3",93.0,131.0,39.0,16910123.216,16910127.016,9.999999998039321
train_harn,HARn/5_Put_on_clothes/user18/7-1-1,user18,7-1-1,5_Put_on_clothes,"/home/fluxx/Workspace/cuchx-large/hf_data_manual/LMT_(IMU,Radar,Skeleton)/Training/HARn/5_Put_on_clothes/user18/7-1-1",404.0,459.0,56.0,16975783.316,16975788.816,10.0
train_harn,HARn/5_Put_on_clothes/user18/7-1-2,user18,7-1-2,5_Put_on_clothes,"/home/fluxx/Workspace/cuchx-large/hf_data_manual/LMT_(IMU,Radar,Skeleton)/Training/HARn/5_Put_on_clothes/user18/7-1-2",290.0,328.0,39.0,16975895.916,16975899.716,10.000000007842717
train_harn,HARn/5_Put_on_clothes/user18/7-1-3,user18,7-1-3,5_Put_on_clothes,"/home/fluxx/Workspace/cuchx-large/hf_data_manual/LMT_(IMU,Radar,Skeleton)/Training/HARn/5_Put_on_clothes/user18/7-1-3",194.0,235.0,42.0,16976007.316,16976011.416,9.99999999636557
train_harn,HARn/5_Put_on_clothes/user19/1-1-1,user19,1-1-1,5_Put_on_clothes,"/home/fluxx/Workspace/cuchx-large/hf_data_manual/LMT_(IMU,Radar,Skeleton)/Training/HARn/5_Put_on_clothes/user19/1-1-1",190.0,306.0,117.0,16974963.916,16974975.516,10.000000001926875
train_harn,HARn/5_Put_on_clothes/user19/1-1-2,user19,1-1-2,5_Put_on_clothes,"/home/fluxx/Workspace/cuchx-large/hf_data_manual/LMT_(IMU,Radar,Skeleton)/Training/HARn/5_Put_on_clothes/user19/1-1-2",139.0,226.0,88.0,16975063.816,16975072.516,10.000000000856389
train_harn,HARn/5_Put_on_clothes/user19/1-1-3,user19,1-1-3,5_Put_on_clothes,"/home/fluxx/Workspace/cuchx-large/hf_data_manual/LMT_(IMU,Radar,Skeleton)/Training/HARn/5_Put_on_clothes/user19/1-1-3",127.0,185.0,59.0,16975151.616,16975157.416,9.999999998715417
train_harn,HARn/5_Put_on_clothes/user21/6-1-1,user21,6-1-1,5_Put_on_clothes,"/home/fluxx/Workspace/cuchx-large/hf_data_manual/LMT_(IMU,Radar,Skeleton)/Training/HARn/5_Put_on_clothes/user21/6-1-1",86.0,170.0,85.0,17254603.516,17254611.916,9.999999997339078
train_harn,HARn/5_Put_on_clothes/user21/6-1-2,user21,6-1-2,5_Put_on_clothes,"/home/fluxx/Workspace/cuchx-large/hf_data_manual/LMT_(IMU,Radar,Skeleton)/Training/HARn/5_Put_on_clothes/user21/6-1-2",82.0,202.0,121.0,17254680.116,17254692.116,10.0
train_harn,HARn/5_Put_on_clothes/user21/6-1-3,user21,6-1-3,5_Put_on_clothes,"/home/fluxx/Workspace/cuchx-large/hf_data_manual/LMT_(IMU,Radar,Skeleton)/Training/HARn/5_Put_on_clothes/user21/6-1-3",48.0,91.0,44.0,17254763.716,17254768.016,9.999999998267306
train_harn,HARn/5_Put_on_clothes/user22/2-2-1,user22,2-2-1,5_Put_on_clothes,"/home/fluxx/Workspace/cuchx-large/hf_data_manual/LMT_(IMU,Radar,Skeleton)/Training/HARn/5_Put_on_clothes/user22/2-2-1",199.0,272.0,74.0,17250251.816,17250259.116,9.999999998979373
train_harn,HARn/5_Put_on_clothes/user22/2-2-2,user22,2-2-2,5_Put_on_clothes,"/home/fluxx/Workspace/cuchx-large/hf_data_manual/LMT_(IMU,Radar,Skeleton)/Training/HARn/5_Put_on_clothes/user22/2-2-2",191.0,304.0,114.0,17250362.016,17250373.316,9.999999999340657
train_harn,HARn/5_Put_on_clothes/user22/2-2-3,user22,2-2-3,5_Put_on_clothes,"/home/fluxx/Workspace/cuchx-large/hf_data_manual/LMT_(IMU,Radar,Skeleton)/Training/HARn/5_Put_on_clothes/user22/2-2-3",111.0,151.0,41.0,17250445.016,17250449.016,10.0
train_harn,HARn/5_Put_on_clothes/user22/6-1-1,user22,6-1-1,5_Put_on_clothes,"/home/fluxx/Workspace/cuchx-large/hf_data_manual/LMT_(IMU,Radar,Skeleton)/Training/HARn/5_Put_on_clothes/user22/6-1-1",124.0,175.0,52.0,17251020.316,17251025.416,9.999999997078204
train_harn,HARn/5_Put_on_clothes/user22/6-1-2,user22,6-1-2,5_Put_on_clothes,"/home/fluxx/Workspace/cuchx-large/hf_data_manual/LMT_(IMU,Radar,Skeleton)/Training/HARn/5_Put_on_clothes/user22/6-1-2",108.0,153.0,46.0,17251099.716,17251104.216,10.0
train_harn,HARn/5_Put_on_clothes/user22/6-1-3,user22,6-1-3,5_Put_on_clothes,"/home/fluxx/Workspace/cuchx-large/hf_data_manual/LMT_(IMU,Radar,Skeleton)/Training/HARn/5_Put_on_clothes/user22/6-1-3",68.0,123.0,56.0,17251165.716,17251171.216,10.0
train_harn,HARn/5_Put_on_clothes/user22/7-2-1,user22,7-2-1,5_Put_on_clothes,"/home/fluxx/Workspace/cuchx-large/hf_data_manual/LMT_(IMU,Radar,Skeleton)/Training/HARn/5_Put_on_clothes/user22/7-2-1",140.0,220.0,81.0,17086536.916,17086544.916,10.0
train_harn,HARn/5_Put_on_clothes/user22/7-2-2,user22,7-2-2,5_Put_on_clothes,"/home/fluxx/Workspace/cuchx-large/hf_data_manual/LMT_(IMU,Radar,Skeleton)/Training/HARn/5_Put_on_clothes/user22/7-2-2",140.0,201.0,62.0,17086618.916,17086625.016,10.00000000366422
train_harn,HARn/5_Put_on_clothes/user22/7-2-3,user22,7-2-3,5_Put_on_clothes,"/home/fluxx/Workspace/cuchx-large/hf_data_manual/LMT_(IMU,Radar,Skeleton)/Training/HARn/5_Put_on_clothes/user22/7-2-3",66.0,91.0,26.0,17086677.516,17086680.016,10.0
train_harn,HARn/5_Put_on_clothes/user23/4-3-1,user23,4-3-1,5_Put_on_clothes,"/home/fluxx/Workspace/cuchx-large/hf_data_manual/LMT_(IMU,Radar,Skeleton)/Training/HARn/5_Put_on_clothes/user23/4-3-1",100.0,132.0,33.0,17168556.916,17168560.116,10.000000002328306
train_harn,HARn/5_Put_on_clothes/user23/4-3-2,user23,4-3-2,5_Put_on_clothes,"/home/fluxx/Workspace/cuchx-large/hf_data_manual/LMT_(IMU,Radar,Skeleton)/Training/HARn/5_Put_on_clothes/user23/4-3-2",75.0,104.0,30.0,17168685.416,17168688.316,10.00000000513833
train_harn,HARn/5_Put_on_clothes/user23/4-3-3,user23,4-3-3,5_Put_on_clothes,"/home/fluxx/Workspace/cuchx-large/hf_data_manual/LMT_(IMU,Radar,Skeleton)/Training/HARn/5_Put_on_clothes/user23/4-3-3",63.0,80.0,18.0,17168763.216,17168764.916,9.999999982469221
train_harn,HARn/5_Put_on_clothes/user23/5-2-1,user23,5-2-1,5_Put_on_clothes,"/home/fluxx/Workspace/cuchx-large/hf_data_manual/LMT_(IMU,Radar,Skeleton)/Training/HARn/5_Put_on_clothes/user23/5-2-1",80.0,116.0,37.0,17244445.916,17244449.516,10.000000006208817
train_harn,HARn/5_Put_on_clothes/user23/5-2-2,user23,5-2-2,5_Put_on_clothes,"/home/fluxx/Workspace/cuchx-large/hf_data_manual/LMT_(IMU,Radar,Skeleton)/Training/HARn/5_Put_on_clothes/user23/5-2-2",87.0,124.0,38.0,17244555.616,17244559.316,10.000000002013671
train_harn,HARn/5_Put_on_clothes/user23/5-2-3,user23,5-2-3,5_Put_on_clothes,"/home/fluxx/Workspace/cuchx-large/hf_data_manual/LMT_(IMU,Radar,Skeleton)/Training/HARn/5_Put_on_clothes/user23/5-2-3",80.0,104.0,25.0,17244622.916,17244625.316,10.000000006208817
train_harn,HARn/5_Put_on_clothes/user3/1-1-1,user3,1-1-1,5_Put_on_clothes,"/home/fluxx/Workspace/cuchx-large/hf_data_manual/LMT_(IMU,Radar,Skeleton)/Training/HARn/5_Put_on_clothes/user3/1-1-1",74.0,146.0,73.0,17237423.316,17237430.516,10.000000001034802
train_harn,HARn/5_Put_on_clothes/user3/1-1-2,user3,1-1-2,5_Put_on_clothes,"/home/fluxx/Workspace/cuchx-large/hf_data_manual/LMT_(IMU,Radar,Skeleton)/Training/HARn/5_Put_on_clothes/user3/1-1-2",64.0,107.0,44.0,17237533.316,17237537.616,9.999999998267306
train_harn,HARn/5_Put_on_clothes/user3/1-1-3,user3,1-1-3,5_Put_on_clothes,"/home/fluxx/Workspace/cuchx-large/hf_data_manual/LMT_(IMU,Radar,Skeleton)/Training/HARn/5_Put_on_clothes/user3/1-1-3",42.0,75.0,34.0,17237607.116,17237610.416,9.999999997742249
train_harn,HARn/5_Put_on_clothes/user4/5-2-1,user4,5-2-1,5_Put_on_clothes,"/home/fluxx/Workspace/cuchx-large/hf_data_manual/LMT_(IMU,Radar,Skeleton)/Training/HARn/5_Put_on_clothes/user4/5-2-1",96.0,188.0,93.0,14066556.516,14066565.716,10.000000000809846
train_harn,HARn/5_Put_on_clothes/user4/5-2-2,user4,5-2-2,5_Put_on_clothes,"/home/fluxx/Workspace/cuchx-large/hf_data_manual/LMT_(IMU,Radar,Skeleton)/Training/HARn/5_Put_on_clothes/user4/5-2-2",142.0,247.0,106.0,14066706.116,14066716.616,10.0
train_harn,HARn/5_Put_on_clothes/user4/5-2-3,user4,5-2-3,5_Put_on_clothes,"/home/fluxx/Workspace/cuchx-large/hf_data_manual/LMT_(IMU,Radar,Skeleton)/Training/HARn/5_Put_on_clothes/user4/5-2-3",80.0,162.0,83.0,14066870.916,14066879.116,9.999999998637088
train_harn,HARn/5_Put_on_clothes/user7/1-1-1,user7,1-1-1,5_Put_on_clothes,"/home/fluxx/Workspace/cuchx-large/hf_data_manual/LMT_(IMU,Radar,Skeleton)/Training/HARn/5_Put_on_clothes/user7/1-1-1",160.0,226.0,67.0,16135158.916,16135165.516,9.999999997742249
train_harn,HARn/5_Put_on_clothes/user7/1-1-2,user7,1-1-2,5_Put_on_clothes,"/home/fluxx/Workspace/cuchx-large/hf_data_manual/LMT_(IMU,Radar,Skeleton)/Training/HARn/5_Put_on_clothes/user7/1-1-2",97.0,165.0,69.0,16135278.616,16135285.416,10.00000000164351
train_harn,HARn/5_Put_on_clothes/user7/1-1-3,user7,1-1-3,5_Put_on_clothes,"/home/fluxx/Workspace/cuchx-large/hf_data_manual/LMT_(IMU,Radar,Skeleton)/Training/HARn/5_Put_on_clothes/user7/1-1-3",130.0,201.0,72.0,16135357.916,16135365.016,9.999999997901245
train_harn,HARn/5_Put_on_clothes/user7/6-1-1,user7,6-1-1,5_Put_on_clothes,"/home/fluxx/Workspace/cuchx-large/hf_data_manual/LMT_(IMU,Radar,Skeleton)/Training/HARn/5_Put_on_clothes/user7/6-1-1",62.0,96.0,35.0,16125575.116,16125578.516,9.999999998904327
train_harn,HARn/5_Put_on_clothes/user7/6-1-2,user7,6-1-2,5_Put_on_clothes,"/home/fluxx/Workspace/cuchx-large/hf_data_manual/LMT_(IMU,Radar,Skeleton)/Training/HARn/5_Put_on_clothes/user7/6-1-2",66.0,136.0,71.0,16125668.516,16125675.516,10.0
train_harn,HARn/5_Put_on_clothes/user7/6-1-3,user7,6-1-3,5_Put_on_clothes,"/home/fluxx/Workspace/cuchx-large/hf_data_manual/LMT_(IMU,Radar,Skeleton)/Training/HARn/5_Put_on_clothes/user7/6-1-3",48.0,80.0,33.0,16125843.716,16125846.916,10.000000002328306
train_harn,HARn/5_Put_on_clothes/user8/6-1-1,user8,6-1-1,5_Put_on_clothes,"/home/fluxx/Workspace/cuchx-large/hf_data_manual/LMT_(IMU,Radar,Skeleton)/Training/HARn/5_Put_on_clothes/user8/6-1-1",77.0,221.0,145.0,16128515.616,16128530.016,9.999999999741298
train_harn,HARn/5_Put_on_clothes/user8/6-1-2,user8,6-1-2,5_Put_on_clothes,"/home/fluxx/Workspace/cuchx-large/hf_data_manual/LMT_(IMU,Radar,Skeleton)/Training/HARn/5_Put_on_clothes/user8/6-1-2",72.0,164.0,93.0,16128604.116,16128613.316,10.000000000809846
train_harn,HARn/5_Put_on_clothes/user8/6-1-3,user8,6-1-3,5_Put_on_clothes,"/home/fluxx/Workspace/cuchx-large/hf_data_manual/LMT_(IMU,Radar,Skeleton)/Training/HARn/5_Put_on_clothes/user8/6-1-3",98.0,138.0,41.0,16128685.716,16128689.716,10.0
train_harn,HARn/5_Put_on_clothes/user8/7-1-1,user8,7-1-1,5_Put_on_clothes,"/home/fluxx/Workspace/cuchx-large/hf_data_manual/LMT_(IMU,Radar,Skeleton)/Training/HARn/5_Put_on_clothes/user8/7-1-1",218.0,288.0,71.0,16136354.716,16136361.716,10.0
train_harn,HARn/5_Put_on_clothes/user8/7-1-2,user8,7-1-2,5_Put_on_clothes,"/home/fluxx/Workspace/cuchx-large/hf_data_manual/LMT_(IMU,Radar,Skeleton)/Training/HARn/5_Put_on_clothes/user8/7-1-2",237.0,301.0,65.0,16136236.616,16136243.016,9.999999999417923
train_harn,HARn/5_Put_on_clothes/user8/7-1-3,user8,7-1-3,5_Put_on_clothes,"/home/fluxx/Workspace/cuchx-large/hf_data_manual/LMT_(IMU,Radar,Skeleton)/Training/HARn/5_Put_on_clothes/user8/7-1-3",139.0,154.0,16.0,16136460.816,16136462.316,10.0
train_harn,HARn/5_Put_on_clothes/user9/1-1-1,user9,1-1-1,5_Put_on_clothes,"/home/fluxx/Workspace/cuchx-large/hf_data_manual/LMT_(IMU,Radar,Skeleton)/Training/HARn/5_Put_on_clothes/user9/1-1-1",164.0,224.0,61.0,16136802.316,16136808.316,10.0
train_harn,HARn/5_Put_on_clothes/user9/1-1-2,user9,1-1-2,5_Put_on_clothes,"/home/fluxx/Workspace/cuchx-large/hf_data_manual/LMT_(IMU,Radar,Skeleton)/Training/HARn/5_Put_on_clothes/user9/1-1-2",123.0,158.0,36.0,16136887.216,16136890.716,10.0
train_harn,HARn/5_Put_on_clothes/user9/1-1-3,user9,1-1-3,5_Put_on_clothes,"/home/fluxx/Workspace/cuchx-large/hf_data_manual/LMT_(IMU,Radar,Skeleton)/Training/HARn/5_Put_on_clothes/user9/1-1-3",168.0,210.0,43.0,16136988.716,16136992.916,10.000000001773948
train_harn,HARn/6_Drink_water/user1/4-1-1,user1,4-1-1,6_Drink_water,"/home/fluxx/Workspace/cuchx-large/hf_data_manual/LMT_(IMU,Radar,Skeleton)/Training/HARn/6_Drink_water/user1/4-1-1",501.0,561.0,61.0,14048304.016,14048310.016,10.0
train_harn,HARn/6_Drink_water/user1/4-1-2,user1,4-1-2,6_Drink_water,"/home/fluxx/Workspace/cuchx-large/hf_data_manual/LMT_(IMU,Radar,Skeleton)/Training/HARn/6_Drink_water/user1/4-1-2",405.0,451.0,47.0,14048599.416,14048604.016,9.999999996760618
train_harn,HARn/6_Drink_water/user1/4-1-3,user1,4-1-3,6_Drink_water,"/home/fluxx/Workspace/cuchx-large/hf_data_manual/LMT_(IMU,Radar,Skeleton)/Training/HARn/6_Drink_water/user1/4-1-3",275.0,296.0,22.0,14048886.416,14048888.516,9.99999999290421
train_harn,HARn/6_Drink_water/user1/5-1-1,user1,5-1-1,6_Drink_water,"/home/fluxx/Workspace/cuchx-large/hf_data_manual/LMT_(IMU,Radar,Skeleton)/Training/HARn/6_Drink_water/user1/5-1-1",245.0,278.0,34.0,14050121.416,14050124.716,9.999999997742249
train_harn,HARn/6_Drink_water/user1/5-1-2,user1,5-1-2,6_Drink_water,"/home/fluxx/Workspace/cuchx-large/hf_data_manual/LMT_(IMU,Radar,Skeleton)/Training/HARn/6_Drink_water/user1/5-1-2",290.0,318.0,29.0,14050581.916,14050584.716,9.999999997339078
train_harn,HARn/6_Drink_water/user1/5-1-3,user1,5-1-3,6_Drink_water,"/home/fluxx/Workspace/cuchx-large/hf_data_manual/LMT_(IMU,Radar,Skeleton)/Training/HARn/6_Drink_water/user1/5-1-3",219.0,233.0,15.0,14050851.816,14050853.216,9.999999997339078
train_harn,HARn/6_Drink_water/user16/1-2-1,user16,1-2-1,6_Drink_water,"/home/fluxx/Workspace/cuchx-large/hf_data_manual/LMT_(IMU,Radar,Skeleton)/Training/HARn/6_Drink_water/user16/1-2-1",180.0,204.0,25.0,17072313.916,17072316.316,10.000000006208817
train_harn,HARn/6_Drink_water/user16/1-2-2,user16,1-2-2,6_Drink_water,"/home/fluxx/Workspace/cuchx-large/hf_data_manual/LMT_(IMU,Radar,Skeleton)/Training/HARn/6_Drink_water/user16/1-2-2",229.0,257.0,29.0,17072406.816,17072409.616,9.999999997339078
train_harn,HARn/6_Drink_water/user16/1-2-3,user16,1-2-3,6_Drink_water,"/home/fluxx/Workspace/cuchx-large/hf_data_manual/LMT_(IMU,Radar,Skeleton)/Training/HARn/6_Drink_water/user16/1-2-3",119.0,138.0,20.0,17072488.816,17072490.716,10.000000007842717
train_harn,HARn/6_Drink_water/user16/3-2-1,user16,3-2-1,6_Drink_water,"/home/fluxx/Workspace/cuchx-large/hf_data_manual/LMT_(IMU,Radar,Skeleton)/Training/HARn/6_Drink_water/user16/3-2-1",102.0,132.0,31.0,17073519.116,17073522.116,10.0
train_harn,HARn/6_Drink_water/user16/3-2-2,user16,3-2-2,6_Drink_water,"/home/fluxx/Workspace/cuchx-large/hf_data_manual/LMT_(IMU,Radar,Skeleton)/Training/HARn/6_Drink_water/user16/3-2-2",76.0,100.0,25.0,17073618.516,17073620.916,9.999999990686774
train_harn,HARn/6_Drink_water/user16/3-2-3,user16,3-2-3,6_Drink_water,"/home/fluxx/Workspace/cuchx-large/hf_data_manual/LMT_(IMU,Radar,Skeleton)/Training/HARn/6_Drink_water/user16/3-2-3",62.0,74.0,13.0,17073704.116,17073705.316,10.000000006208817
train_harn,HARn/6_Drink_water/user16/5-3-1,user16,5-3-1,6_Drink_water,"/home/fluxx/Workspace/cuchx-large/hf_data_manual/LMT_(IMU,Radar,Skeleton)/Training/HARn/6_Drink_water/user16/5-3-1",335.0,472.0,138.0,16887763.416,16887777.116,10.000000000543839
train_harn,HARn/6_Drink_water/user16/5-3-2,user16,5-3-2,6_Drink_water,"/home/fluxx/Workspace/cuchx-large/hf_data_manual/LMT_(IMU,Radar,Skeleton)/Training/HARn/6_Drink_water/user16/5-3-2",241.0,318.0,78.0,16887901.016,16887908.716,10.000000000967608
train_harn,HARn/6_Drink_water/user16/5-3-3,user16,5-3-3,6_Drink_water,"/home/fluxx/Workspace/cuchx-large/hf_data_manual/LMT_(IMU,Radar,Skeleton)/Training/HARn/6_Drink_water/user16/5-3-3",158.0,189.0,32.0,16888067.716,16888070.816,9.999999995193173
train_harn,HARn/6_Drink_water/user16/6-2-1,user16,6-2-1,6_Drink_water,"/home/fluxx/Workspace/cuchx-large/hf_data_manual/LMT_(IMU,Radar,Skeleton)/Training/HARn/6_Drink_water/user16/6-2-1",399.0,414.0,16.0,17074375.816,17074377.316,10.0
train_harn,HARn/6_Drink_water/user16/6-2-2,user16,6-2-2,6_Drink_water,"/home/fluxx/Workspace/cuchx-large/hf_data_manual/LMT_(IMU,Radar,Skeleton)/Training/HARn/6_Drink_water/user16/6-2-2",297.0,309.0,13.0,17074505.616,17074506.816,10.000000006208817
train_harn,HARn/6_Drink_water/user16/6-2-3,user16,6-2-3,6_Drink_water,"/home/fluxx/Workspace/cuchx-large/hf_data_manual/LMT_(IMU,Radar,Skeleton)/Training/HARn/6_Drink_water/user16/6-2-3",408.0,426.0,19.0,17074740.716,17074742.516,9.999999995860788
train_harn,HARn/6_Drink_water/user18/6-2-1,user18,6-2-1,6_Drink_water,"/home/fluxx/Workspace/cuchx-large/hf_data_manual/LMT_(IMU,Radar,Skeleton)/Training/HARn/6_Drink_water/user18/6-2-1",120.0,128.0,9.0,16900025.916,16900026.716,10.000000037252903
train_harn,HARn/6_Drink_water/user18/6-2-3,user18,6-2-3,6_Drink_water,"/home/fluxx/Workspace/cuchx-large/hf_data_manual/LMT_(IMU,Radar,Skeleton)/Training/HARn/6_Drink_water/user18/6-2-3",95.0,99.0,5.0,16900241.416,16900241.816,10.000000037252903
train_harn,HARn/6_Drink_water/user19/3-2-1,user19,3-2-1,6_Drink_water,"/home/fluxx/Workspace/cuchx-large/hf_data_manual/LMT_(IMU,Radar,Skeleton)/Training/HARn/6_Drink_water/user19/3-2-1",141.0,153.0,13.0,17062154.016,17062155.216,10.000000006208817
train_harn,HARn/6_Drink_water/user19/3-2-2,user19,3-2-2,6_Drink_water,"/home/fluxx/Workspace/cuchx-large/hf_data_manual/LMT_(IMU,Radar,Skeleton)/Training/HARn/6_Drink_water/user19/3-2-2",132.0,142.0,11.0,17062261.116,17062262.116,10.0
train_harn,HARn/6_Drink_water/user19/3-2-3,user19,3-2-3,6_Drink_water,"/home/fluxx/Workspace/cuchx-large/hf_data_manual/LMT_(IMU,Radar,Skeleton)/Training/HARn/6_Drink_water/user19/3-2-3",109.0,125.0,17.0,17062517.816,17062519.416,9.999999990686774
train_harn,HARn/6_Drink_water/user19/7-2-1,user19,7-2-1,6_Drink_water,"/home/fluxx/Workspace/cuchx-large/hf_data_manual/LMT_(IMU,Radar,Skeleton)/Training/HARn/6_Drink_water/user19/7-2-1",461.0,476.0,16.0,17063853.016,17063854.516,10.0
train_harn,HARn/6_Drink_water/user19/7-2-2,user19,7-2-2,6_Drink_water,"/home/fluxx/Workspace/cuchx-large/hf_data_manual/LMT_(IMU,Radar,Skeleton)/Training/HARn/6_Drink_water/user19/7-2-2",328.0,347.0,20.0,17063962.716,17063964.616,9.999999988235926
train_harn,HARn/6_Drink_water/user19/7-2-3,user19,7-2-3,6_Drink_water,"/home/fluxx/Workspace/cuchx-large/hf_data_manual/LMT_(IMU,Radar,Skeleton)/Training/HARn/6_Drink_water/user19/7-2-3",309.0,328.0,20.0,17064059.816,17064061.716,10.000000007842717
train_harn,HARn/6_Drink_water/user2/1-2-1,user2,1-2-1,6_Drink_water,"/home/fluxx/Workspace/cuchx-large/hf_data_manual/LMT_(IMU,Radar,Skeleton)/Training/HARn/6_Drink_water/user2/1-2-1",219.0,248.0,30.0,14144463.816,14144466.716,9.999999998715417
train_harn,HARn/6_Drink_water/user2/1-2-2,user2,1-2-2,6_Drink_water,"/home/fluxx/Workspace/cuchx-large/hf_data_manual/LMT_(IMU,Radar,Skeleton)/Training/HARn/6_Drink_water/user2/1-2-2",173.0,196.0,24.0,14144600.216,14144602.516,9.999999996760618
train_harn,HARn/6_Drink_water/user2/1-2-3,user2,1-2-3,6_Drink_water,"/home/fluxx/Workspace/cuchx-large/hf_data_manual/LMT_(IMU,Radar,Skeleton)/Training/HARn/6_Drink_water/user2/1-2-3",132.0,149.0,18.0,14144709.116,14144710.816,10.000000004382695
train_harn,HARn/6_Drink_water/user2/2-1-1,user2,2-1-1,6_Drink_water,"/home/fluxx/Workspace/cuchx-large/hf_data_manual/LMT_(IMU,Radar,Skeleton)/Training/HARn/6_Drink_water/user2/2-1-1",386.0,400.0,15.0,14144915.516,14144916.916,10.000000010643687
train_harn,HARn/6_Drink_water/user2/2-1-2,user2,2-1-2,6_Drink_water,"/home/fluxx/Workspace/cuchx-large/hf_data_manual/LMT_(IMU,Radar,Skeleton)/Training/HARn/6_Drink_water/user2/2-1-2",336.0,354.0,19.0,14145041.516,14145043.316,10.000000006208817
train_harn,HARn/6_Drink_water/user2/2-1-3,user2,2-1-3,6_Drink_water,"/home/fluxx/Workspace/cuchx-large/hf_data_manual/LMT_(IMU,Radar,Skeleton)/Training/HARn/6_Drink_water/user2/2-1-3",175.0,193.0,19.0,14145127.416,14145129.216,9.999999995860788
train_harn,HARn/6_Drink_water/user2/2-2-1,user2,2-2-1,6_Drink_water,"/home/fluxx/Workspace/cuchx-large/hf_data_manual/LMT_(IMU,Radar,Skeleton)/Training/HARn/6_Drink_water/user2/2-2-1",206.0,245.0,40.0,14053673.516,14053677.416,10.00000000382081
train_harn,HARn/6_Drink_water/user2/2-2-2,user2,2-2-2,6_Drink_water,"/home/fluxx/Workspace/cuchx-large/hf_data_manual/LMT_(IMU,Radar,Skeleton)/Training/HARn/6_Drink_water/user2/2-2-2",215.0,238.0,24.0,14053926.416,14053928.716,9.999999996760618
train_harn,HARn/6_Drink_water/user2/2-2-3,user2,2-2-3,6_Drink_water,"/home/fluxx/Workspace/cuchx-large/hf_data_manual/LMT_(IMU,Radar,Skeleton)/Training/HARn/6_Drink_water/user2/2-2-3",108.0,123.0,16.0,14054143.716,14054145.216,10.0
train_harn,HARn/6_Drink_water/user2/4-2-1,user2,4-2-1,6_Drink_water,"/home/fluxx/Workspace/cuchx-large/hf_data_manual/LMT_(IMU,Radar,Skeleton)/Training/HARn/6_Drink_water/user2/4-2-1",157.0,170.0,14.0,14148321.616,14148322.916,10.000000008596825
train_harn,HARn/6_Drink_water/user2/4-2-2,user2,4-2-2,6_Drink_water,"/home/fluxx/Workspace/cuchx-large/hf_data_manual/LMT_(IMU,Radar,Skeleton)/Training/HARn/6_Drink_water/user2/4-2-2",188.0,196.0,9.0,14148407.716,14148408.516,9.999999990686774
train_harn,HARn/6_Drink_water/user2/4-2-3,user2,4-2-3,6_Drink_water,"/home/fluxx/Workspace/cuchx-large/hf_data_manual/LMT_(IMU,Radar,Skeleton)/Training/HARn/6_Drink_water/user2/4-2-3",118.0,127.0,10.0,14148464.716,14148465.616,9.999999995860788
train_harn,HARn/6_Drink_water/user20/2-1-1,user20,2-1-1,6_Drink_water,"/home/fluxx/Workspace/cuchx-large/hf_data_manual/LMT_(IMU,Radar,Skeleton)/Training/HARn/6_Drink_water/user20/2-1-1",358.0,378.0,21.0,17059770.716,17059772.716,10.0
train_harn,HARn/6_Drink_water/user20/2-1-2,user20,2-1-2,6_Drink_water,"/home/fluxx/Workspace/cuchx-large/hf_data_manual/LMT_(IMU,Radar,Skeleton)/Training/HARn/6_Drink_water/user20/2-1-2",344.0,373.0,30.0,17060009.316,17060012.216,10.00000000513833
train_harn,HARn/6_Drink_water/user20/2-1-3,user20,2-1-3,6_Drink_water,"/home/fluxx/Workspace/cuchx-large/hf_data_manual/LMT_(IMU,Radar,Skeleton)/Training/HARn/6_Drink_water/user20/2-1-3",198.0,207.0,10.0,17060113.716,17060114.616,9.999999975164732
train_harn,HARn/6_Drink_water/user20/4-1-1,user20,4-1-1,6_Drink_water,"/home/fluxx/Workspace/cuchx-large/hf_data_manual/LMT_(IMU,Radar,Skeleton)/Training/HARn/6_Drink_water/user20/4-1-1",259.0,288.0,30.0,16902092.816,16902095.716,10.00000000513833
train_harn,HARn/6_Drink_water/user20/4-1-2,user20,4-1-2,6_Drink_water,"/home/fluxx/Workspace/cuchx-large/hf_data_manual/LMT_(IMU,Radar,Skeleton)/Training/HARn/6_Drink_water/user20/4-1-2",171.0,180.0,10.0,16902178.016,16902178.916,9.999999975164732
train_harn,HARn/6_Drink_water/user20/4-1-3,user20,4-1-3,6_Drink_water,"/home/fluxx/Workspace/cuchx-large/hf_data_manual/LMT_(IMU,Radar,Skeleton)/Training/HARn/6_Drink_water/user20/4-1-3",199.0,213.0,15.0,16902250.816,16902252.216,10.000000010643687
train_harn,HARn/6_Drink_water/user21/6-2-1,user21,6-2-1,6_Drink_water,"/home/fluxx/Workspace/cuchx-large/hf_data_manual/LMT_(IMU,Radar,Skeleton)/Training/HARn/6_Drink_water/user21/6-2-1",165.0,190.0,26.0,17083405.416,17083407.916,10.0
train_harn,HARn/6_Drink_water/user21/6-2-2,user21,6-2-2,6_Drink_water,"/home/fluxx/Workspace/cuchx-large/hf_data_manual/LMT_(IMU,Radar,Skeleton)/Training/HARn/6_Drink_water/user21/6-2-2",111.0,138.0,28.0,17083490.016,17083492.716,10.000000002759474
train_harn,HARn/6_Drink_water/user21/6-2-3,user21,6-2-3,6_Drink_water,"/home/fluxx/Workspace/cuchx-large/hf_data_manual/LMT_(IMU,Radar,Skeleton)/Training/HARn/6_Drink_water/user21/6-2-3",62.0,71.0,10.0,17083558.116,17083559.016,10.000000016556847
train_harn,HARn/6_Drink_water/user21/7-1-1,user21,7-1-1,6_Drink_water,"/home/fluxx/Workspace/cuchx-large/hf_data_manual/LMT_(IMU,Radar,Skeleton)/Training/HARn/6_Drink_water/user21/7-1-1",38.0,53.0,16.0,17160258.716,17160260.216,10.0
train_harn,HARn/6_Drink_water/user21/7-1-2,user21,7-1-2,6_Drink_water,"/home/fluxx/Workspace/cuchx-large/hf_data_manual/LMT_(IMU,Radar,Skeleton)/Training/HARn/6_Drink_water/user21/7-1-2",30.0,40.0,11.0,17160343.916,17160344.916,10.0
train_harn,HARn/6_Drink_water/user21/7-1-3,user21,7-1-3,6_Drink_water,"/home/fluxx/Workspace/cuchx-large/hf_data_manual/LMT_(IMU,Radar,Skeleton)/Training/HARn/6_Drink_water/user21/7-1-3",56.0,74.0,19.0,17160420.516,17160422.316,9.999999995860788
train_harn,HARn/6_Drink_water/user22/2-1-1,user22,2-1-1,6_Drink_water,"/home/fluxx/Workspace/cuchx-large/hf_data_manual/LMT_(IMU,Radar,Skeleton)/Training/HARn/6_Drink_water/user22/2-1-1",272.0,303.0,32.0,17157993.116,17157996.216,10.00000000721024
train_harn,HARn/6_Drink_water/user22/2-1-2,user22,2-1-2,6_Drink_water,"/home/fluxx/Workspace/cuchx-large/hf_data_manual/LMT_(IMU,Radar,Skeleton)/Training/HARn/6_Drink_water/user22/2-1-2",249.0,268.0,20.0,17158111.816,17158113.716,10.000000007842717
train_harn,HARn/6_Drink_water/user22/2-1-3,user22,2-1-3,6_Drink_water,"/home/fluxx/Workspace/cuchx-large/hf_data_manual/LMT_(IMU,Radar,Skeleton)/Training/HARn/6_Drink_water/user22/2-1-3",136.0,147.0,12.0,17158273.516,17158274.616,9.99999998645349
train_harn,HARn/6_Drink_water/user22/4-3-1,user22,4-3-1,6_Drink_water,"/home/fluxx/Workspace/cuchx-large/hf_data_manual/LMT_(IMU,Radar,Skeleton)/Training/HARn/6_Drink_water/user22/4-3-1",76.0,91.0,16.0,17084310.516,17084312.016,10.0
train_harn,HARn/6_Drink_water/user22/4-3-2,user22,4-3-2,6_Drink_water,"/home/fluxx/Workspace/cuchx-large/hf_data_manual/LMT_(IMU,Radar,Skeleton)/Training/HARn/6_Drink_water/user22/4-3-2",106.0,119.0,14.0,17258529.516,17258530.816,9.999999994268784
train_harn,HARn/6_Drink_water/user22/4-3-3,user22,4-3-3,6_Drink_water,"/home/fluxx/Workspace/cuchx-large/hf_data_manual/LMT_(IMU,Radar,Skeleton)/Training/HARn/6_Drink_water/user22/4-3-3",84.0,107.0,24.0,17084736.316,17084738.616,9.999999996760618
train_harn,HARn/6_Drink_water/user22/6-2-1,user22,6-2-1,6_Drink_water,"/home/fluxx/Workspace/cuchx-large/hf_data_manual/LMT_(IMU,Radar,Skeleton)/Training/HARn/6_Drink_water/user22/6-2-1",232.0,254.0,23.0,17085632.116,17085634.316,10.000000003386628
train_harn,HARn/6_Drink_water/user22/6-2-2,user22,6-2-2,6_Drink_water,"/home/fluxx/Workspace/cuchx-large/hf_data_manual/LMT_(IMU,Radar,Skeleton)/Training/HARn/6_Drink_water/user22/6-2-2",160.0,174.0,15.0,17085765.916,17085767.316,10.000000010643687
train_harn,HARn/6_Drink_water/user22/6-2-3,user22,6-2-3,6_Drink_water,"/home/fluxx/Workspace/cuchx-large/hf_data_manual/LMT_(IMU,Radar,Skeleton)/Training/HARn/6_Drink_water/user22/6-2-3",131.0,144.0,14.0,17085853.016,17085854.316,9.999999994268784
train_harn,HARn/6_Drink_water/user23/5-3-3,user23,5-3-3,6_Drink_water,"/home/fluxx/Workspace/cuchx-large/hf_data_manual/LMT_(IMU,Radar,Skeleton)/Training/HARn/6_Drink_water/user23/5-3-3",237.0,246.0,10.0,17144787.616,17144788.516,10.000000016556847
train_harn,HARn/6_Drink_water/user24/2-1-1,user24,2-1-1,6_Drink_water,"/home/fluxx/Workspace/cuchx-large/hf_data_manual/LMT_(IMU,Radar,Skeleton)/Training/HARn/6_Drink_water/user24/2-1-1",92.0,116.0,25.0,17146721.116,17146723.516,10.000000006208817
train_harn,HARn/6_Drink_water/user24/2-1-2,user24,2-1-2,6_Drink_water,"/home/fluxx/Workspace/cuchx-large/hf_data_manual/LMT_(IMU,Radar,Skeleton)/Training/HARn/6_Drink_water/user24/2-1-2",122.0,148.0,27.0,17146883.116,17146885.716,10.000000008596825
train_harn,HARn/6_Drink_water/user24/2-1-3,user24,2-1-3,6_Drink_water,"/home/fluxx/Workspace/cuchx-large/hf_data_manual/LMT_(IMU,Radar,Skeleton)/Training/HARn/6_Drink_water/user24/2-1-3",47.0,60.0,14.0,17146960.616,17146961.916,9.999999994268784
train_harn,HARn/6_Drink_water/user24/4-2-1,user24,4-2-1,6_Drink_water,"/home/fluxx/Workspace/cuchx-large/hf_data_manual/LMT_(IMU,Radar,Skeleton)/Training/HARn/6_Drink_water/user24/4-2-1",67.0,108.0,42.0,17156058.616,17156062.716,10.000000005451644
train_harn,HARn/6_Drink_water/user24/4-2-2,user24,4-2-2,6_Drink_water,"/home/fluxx/Workspace/cuchx-large/hf_data_manual/LMT_(IMU,Radar,Skeleton)/Training/HARn/6_Drink_water/user24/4-2-2",58.0,87.0,30.0,17156161.716,17156164.616,9.999999992292503
train_harn,HARn/6_Drink_water/user24/4-2-3,user24,4-2-3,6_Drink_water,"/home/fluxx/Workspace/cuchx-large/hf_data_manual/LMT_(IMU,Radar,Skeleton)/Training/HARn/6_Drink_water/user24/4-2-3",43.0,59.0,17.0,17156228.216,17156229.816,9.999999990686774
train_harn,HARn/6_Drink_water/user3/1-2-1,user3,1-2-1,6_Drink_water,"/home/fluxx/Workspace/cuchx-large/hf_data_manual/LMT_(IMU,Radar,Skeleton)/Training/HARn/6_Drink_water/user3/1-2-1",86.0,105.0,20.0,14141519.516,14141521.416,10.000000007842717
train_harn,HARn/6_Drink_water/user3/1-2-2,user3,1-2-2,6_Drink_water,"/home/fluxx/Workspace/cuchx-large/hf_data_manual/LMT_(IMU,Radar,Skeleton)/Training/HARn/6_Drink_water/user3/1-2-2",79.0,98.0,20.0,14141627.816,14141629.716,9.999999998039321
train_harn,HARn/6_Drink_water/user3/1-2-3,user3,1-2-3,6_Drink_water,"/home/fluxx/Workspace/cuchx-large/hf_data_manual/LMT_(IMU,Radar,Skeleton)/Training/HARn/6_Drink_water/user3/1-2-3",60.0,67.0,8.0,14141731.916,14141732.616,9.99999998403447
train_harn,HARn/6_Drink_water/user3/4-1-1,user3,4-1-1,6_Drink_water,"/home/fluxx/Workspace/cuchx-large/hf_data_manual/LMT_(IMU,Radar,Skeleton)/Training/HARn/6_Drink_water/user3/4-1-1",400.0,421.0,22.0,14062841.916,14062844.016,9.99999999290421
train_harn,HARn/6_Drink_water/user3/4-1-2,user3,4-1-2,6_Drink_water,"/home/fluxx/Workspace/cuchx-large/hf_data_manual/LMT_(IMU,Radar,Skeleton)/Training/HARn/6_Drink_water/user3/4-1-2",334.0,367.0,34.0,14063002.316,14063005.616,9.999999997742249
train_harn,HARn/6_Drink_water/user3/4-1-3,user3,4-1-3,6_Drink_water,"/home/fluxx/Workspace/cuchx-large/hf_data_manual/LMT_(IMU,Radar,Skeleton)/Training/HARn/6_Drink_water/user3/4-1-3",276.0,288.0,13.0,14063145.516,14063146.716,10.000000006208817
train_harn,HARn/6_Drink_water/user3/5-1-1,user3,5-1-1,6_Drink_water,"/home/fluxx/Workspace/cuchx-large/hf_data_manual/LMT_(IMU,Radar,Skeleton)/Training/HARn/6_Drink_water/user3/5-1-1",169.0,186.0,18.0,14142817.816,14142819.516,9.99999999342596
train_harn,HARn/6_Drink_water/user3/5-1-2,user3,5-1-2,6_Drink_water,"/home/fluxx/Workspace/cuchx-large/hf_data_manual/LMT_(IMU,Radar,Skeleton)/Training/HARn/6_Drink_water/user3/5-1-2",101.0,111.0,11.0,14142906.016,14142907.016,10.0
train_harn,HARn/6_Drink_water/user3/5-1-3,user3,5-1-3,6_Drink_water,"/home/fluxx/Workspace/cuchx-large/hf_data_manual/LMT_(IMU,Radar,Skeleton)/Training/HARn/6_Drink_water/user3/5-1-3",151.0,168.0,18.0,14142998.016,14142999.716,10.000000004382695
train_harn,HARn/6_Drink_water/user4/2-1-1,user4,2-1-1,6_Drink_water,"/home/fluxx/Workspace/cuchx-large/hf_data_manual/LMT_(IMU,Radar,Skeleton)/Training/HARn/6_Drink_water/user4/2-1-1",248.0,284.0,37.0,14065395.716,14065399.316,10.000000001034802
train_harn,HARn/6_Drink_water/user4/2-1-2,user4,2-1-2,6_Drink_water,"/home/fluxx/Workspace/cuchx-large/hf_data_manual/LMT_(IMU,Radar,Skeleton)/Training/HARn/6_Drink_water/user4/2-1-2",161.0,194.0,34.0,14065539.016,14065542.316,10.000000003386628
train_harn,HARn/6_Drink_water/user4/2-1-3,user4,2-1-3,6_Drink_water,"/home/fluxx/Workspace/cuchx-large/hf_data_manual/LMT_(IMU,Radar,Skeleton)/Training/HARn/6_Drink_water/user4/2-1-3",126.0,143.0,18.0,14065610.516,14065612.216,10.000000004382695
train_harn,HARn/6_Drink_water/user4/4-2-1,user4,4-2-1,6_Drink_water,"/home/fluxx/Workspace/cuchx-large/hf_data_manual/LMT_(IMU,Radar,Skeleton)/Training/HARn/6_Drink_water/user4/4-2-1",225.0,311.0,87.0,14139568.416,14139577.016,9.999999998267306
train_harn,HARn/6_Drink_water/user4/4-2-2,user4,4-2-2,6_Drink_water,"/home/fluxx/Workspace/cuchx-large/hf_data_manual/LMT_(IMU,Radar,Skeleton)/Training/HARn/6_Drink_water/user4/4-2-2",221.0,261.0,41.0,14139785.016,14139789.016,10.0
train_harn,HARn/6_Drink_water/user4/4-2-3,user4,4-2-3,6_Drink_water,"/home/fluxx/Workspace/cuchx-large/hf_data_manual/LMT_(IMU,Radar,Skeleton)/Training/HARn/6_Drink_water/user4/4-2-3",131.0,163.0,33.0,14139911.016,14139914.216,10.000000002328306
train_harn,HARn/6_Drink_water/user5/1-2-1,user5,1-2-1,6_Drink_water,"/home/fluxx/Workspace/cuchx-large/hf_data_manual/LMT_(IMU,Radar,Skeleton)/Training/HARn/6_Drink_water/user5/1-2-1",204.0,229.0,26.0,14133145.316,14133147.816,10.0
train_harn,HARn/6_Drink_water/user5/1-2-2,user5,1-2-2,6_Drink_water,"/home/fluxx/Workspace/cuchx-large/hf_data_manual/LMT_(IMU,Radar,Skeleton)/Training/HARn/6_Drink_water/user5/1-2-2",201.0,228.0,28.0,14133326.016,14133328.716,10.000000002759474
train_harn,HARn/6_Drink_water/user5/1-2-3,user5,1-2-3,6_Drink_water,"/home/fluxx/Workspace/cuchx-large/hf_data_manual/LMT_(IMU,Radar,Skeleton)/Training/HARn/6_Drink_water/user5/1-2-3",168.0,187.0,20.0,14133451.716,14133453.616,9.999999998039321
train_harn,HARn/6_Drink_water/user5/2-1-1,user5,2-1-1,6_Drink_water,"/home/fluxx/Workspace/cuchx-large/hf_data_manual/LMT_(IMU,Radar,Skeleton)/Training/HARn/6_Drink_water/user5/2-1-1",207.0,281.0,75.0,14120494.616,14120502.016,9.999999999496582
train_harn,HARn/6_Drink_water/user5/2-1-2,user5,2-1-2,6_Drink_water,"/home/fluxx/Workspace/cuchx-large/hf_data_manual/LMT_(IMU,Radar,Skeleton)/Training/HARn/6_Drink_water/user5/2-1-2",169.0,229.0,61.0,14120616.816,14120622.816,10.0
train_harn,HARn/6_Drink_water/user5/2-1-3,user5,2-1-3,6_Drink_water,"/home/fluxx/Workspace/cuchx-large/hf_data_manual/LMT_(IMU,Radar,Skeleton)/Training/HARn/6_Drink_water/user5/2-1-3",115.0,161.0,47.0,14120694.416,14120699.016,9.999999996760618
train_harn,HARn/6_Drink_water/user5/3-2-1,user5,3-2-1,6_Drink_water,"/home/fluxx/Workspace/cuchx-large/hf_data_manual/LMT_(IMU,Radar,Skeleton)/Training/HARn/6_Drink_water/user5/3-2-1",174.0,206.0,33.0,14133844.316,14133847.516,9.99999999650754
train_harn,HARn/6_Drink_water/user5/3-2-2,user5,3-2-2,6_Drink_water,"/home/fluxx/Workspace/cuchx-large/hf_data_manual/LMT_(IMU,Radar,Skeleton)/Training/HARn/6_Drink_water/user5/3-2-2",137.0,153.0,17.0,14133976.616,14133978.216,10.000000002328306
train_harn,HARn/6_Drink_water/user5/3-2-3,user5,3-2-3,6_Drink_water,"/home/fluxx/Workspace/cuchx-large/hf_data_manual/LMT_(IMU,Radar,Skeleton)/Training/HARn/6_Drink_water/user5/3-2-3",107.0,130.0,24.0,14134117.616,14134119.916,10.000000004859075
train_harn,HARn/6_Drink_water/user5/6-2-1,user5,6-2-1,6_Drink_water,"/home/fluxx/Workspace/cuchx-large/hf_data_manual/LMT_(IMU,Radar,Skeleton)/Training/HARn/6_Drink_water/user5/6-2-1",185.0,222.0,38.0,14135192.416,14135196.116,9.999999996979493
train_harn,HARn/6_Drink_water/user5/6-2-2,user5,6-2-2,6_Drink_water,"/home/fluxx/Workspace/cuchx-large/hf_data_manual/LMT_(IMU,Radar,Skeleton)/Training/HARn/6_Drink_water/user5/6-2-2",213.0,283.0,71.0,14135724.216,14135731.216,10.0
train_harn,HARn/6_Drink_water/user5/6-2-3,user5,6-2-3,6_Drink_water,"/home/fluxx/Workspace/cuchx-large/hf_data_manual/LMT_(IMU,Radar,Skeleton)/Training/HARn/6_Drink_water/user5/6-2-3",147.0,172.0,26.0,14135881.616,14135884.116,10.0
train_harn,HARn/6_Drink_water/user5/7-2-1,user5,7-2-1,6_Drink_water,"/home/fluxx/Workspace/cuchx-large/hf_data_manual/LMT_(IMU,Radar,Skeleton)/Training/HARn/6_Drink_water/user5/7-2-1",133.0,185.0,53.0,14136018.216,14136023.416,10.000000001432804
train_harn,HARn/6_Drink_water/user5/7-2-2,user5,7-2-2,6_Drink_water,"/home/fluxx/Workspace/cuchx-large/hf_data_manual/LMT_(IMU,Radar,Skeleton)/Training/HARn/6_Drink_water/user5/7-2-2",118.0,141.0,24.0,14136151.716,14136154.016,9.999999996760618
train_harn,HARn/6_Drink_water/user5/7-2-3,user5,7-2-3,6_Drink_water,"/home/fluxx/Workspace/cuchx-large/hf_data_manual/LMT_(IMU,Radar,Skeleton)/Training/HARn/6_Drink_water/user5/7-2-3",95.0,114.0,20.0,14136254.416,14136256.316,9.999999998039321
train_harn,HARn/6_Drink_water/user6/1-2-1,user6,1-2-1,6_Drink_water,"/home/fluxx/Workspace/cuchx-large/hf_data_manual/LMT_(IMU,Radar,Skeleton)/Training/HARn/6_Drink_water/user6/1-2-1",279.0,335.0,57.0,16201578.816,16201584.416,10.00000000066523
train_harn,HARn/6_Drink_water/user6/1-2-2,user6,1-2-2,6_Drink_water,"/home/fluxx/Workspace/cuchx-large/hf_data_manual/LMT_(IMU,Radar,Skeleton)/Training/HARn/6_Drink_water/user6/1-2-2",168.0,222.0,55.0,16201691.716,16201697.116,9.999999999310132
train_harn,HARn/6_Drink_water/user6/1-2-3,user6,1-2-3,6_Drink_water,"/home/fluxx/Workspace/cuchx-large/hf_data_manual/LMT_(IMU,Radar,Skeleton)/Training/HARn/6_Drink_water/user6/1-2-3",87.0,122.0,36.0,16201750.616,16201754.116,10.0
train_harn,HARn/6_Drink_water/user6/3-2-1,user6,3-2-1,6_Drink_water,"/home/fluxx/Workspace/cuchx-large/hf_data_manual/LMT_(IMU,Radar,Skeleton)/Training/HARn/6_Drink_water/user6/3-2-1",106.0,149.0,44.0,16202529.516,16202533.816,10.00000000259904
train_harn,HARn/6_Drink_water/user6/3-2-2,user6,3-2-2,6_Drink_water,"/home/fluxx/Workspace/cuchx-large/hf_data_manual/LMT_(IMU,Radar,Skeleton)/Training/HARn/6_Drink_water/user6/3-2-2",99.0,129.0,31.0,16202608.816,16202611.816,10.0
train_harn,HARn/6_Drink_water/user6/3-2-3,user6,3-2-3,6_Drink_water,"/home/fluxx/Workspace/cuchx-large/hf_data_manual/LMT_(IMU,Radar,Skeleton)/Training/HARn/6_Drink_water/user6/3-2-3",80.0,98.0,19.0,16202700.916,16202702.716,9.999999995860788
train_harn,HARn/6_Drink_water/user6/5-3-1,user6,5-3-1,6_Drink_water,"/home/fluxx/Workspace/cuchx-large/hf_data_manual/LMT_(IMU,Radar,Skeleton)/Training/HARn/6_Drink_water/user6/5-3-1",161.0,230.0,70.0,16055155.016,16055161.916,10.000000002159588
train_harn,HARn/6_Drink_water/user6/5-3-2,user6,5-3-2,6_Drink_water,"/home/fluxx/Workspace/cuchx-large/hf_data_manual/LMT_(IMU,Radar,Skeleton)/Training/HARn/6_Drink_water/user6/5-3-2",153.0,224.0,72.0,16055269.216,16055276.316,10.00000000052469
train_harn,HARn/6_Drink_water/user6/5-3-3,user6,5-3-3,6_Drink_water,"/home/fluxx/Workspace/cuchx-large/hf_data_manual/LMT_(IMU,Radar,Skeleton)/Training/HARn/6_Drink_water/user6/5-3-3",99.0,143.0,45.0,16055855.816,16055860.216,9.999999999153344
train_harn,HARn/6_Drink_water/user6/6-2-1,user6,6-2-1,6_Drink_water,"/home/fluxx/Workspace/cuchx-large/hf_data_manual/LMT_(IMU,Radar,Skeleton)/Training/HARn/6_Drink_water/user6/6-2-1",371.0,405.0,35.0,16203179.016,16203182.416,10.000000004382695
train_harn,HARn/6_Drink_water/user6/6-2-2,user6,6-2-2,6_Drink_water,"/home/fluxx/Workspace/cuchx-large/hf_data_manual/LMT_(IMU,Radar,Skeleton)/Training/HARn/6_Drink_water/user6/6-2-2",186.0,203.0,18.0,16203257.516,16203259.216,10.000000004382695
train_harn,HARn/6_Drink_water/user6/6-2-3,user6,6-2-3,6_Drink_water,"/home/fluxx/Workspace/cuchx-large/hf_data_manual/LMT_(IMU,Radar,Skeleton)/Training/HARn/6_Drink_water/user6/6-2-3",338.0,357.0,20.0,16203365.716,16203367.616,9.999999998039321
train_harn,HARn/6_Drink_water/user7/5-2-1,user7,5-2-1,6_Drink_water,"/home/fluxx/Workspace/cuchx-large/hf_data_manual/LMT_(IMU,Radar,Skeleton)/Training/HARn/6_Drink_water/user7/5-2-1",143.0,175.0,33.0,16204663.216,16204666.416,10.000000002328306
train_harn,HARn/6_Drink_water/user7/5-2-2,user7,5-2-2,6_Drink_water,"/home/fluxx/Workspace/cuchx-large/hf_data_manual/LMT_(IMU,Radar,Skeleton)/Training/HARn/6_Drink_water/user7/5-2-2",112.0,127.0,16.0,16204717.116,16204718.616,10.0
train_harn,HARn/6_Drink_water/user7/5-2-3,user7,5-2-3,6_Drink_water,"/home/fluxx/Workspace/cuchx-large/hf_data_manual/LMT_(IMU,Radar,Skeleton)/Training/HARn/6_Drink_water/user7/5-2-3",72.0,82.0,11.0,16204782.116,16204783.116,10.0
train_harn,HARn/6_Drink_water/user8/6-2-1,user8,6-2-1,6_Drink_water,"/home/fluxx/Workspace/cuchx-large/hf_data_manual/LMT_(IMU,Radar,Skeleton)/Training/HARn/6_Drink_water/user8/6-2-1",107.0,130.0,24.0,16062746.616,16062748.916,10.000000004859075
train_harn,HARn/6_Drink_water/user8/6-2-2,user8,6-2-2,6_Drink_water,"/home/fluxx/Workspace/cuchx-large/hf_data_manual/LMT_(IMU,Radar,Skeleton)/Training/HARn/6_Drink_water/user8/6-2-2",74.0,89.0,16.0,16062881.316,16062882.816,10.0
train_harn,HARn/6_Drink_water/user8/6-2-3,user8,6-2-3,6_Drink_water,"/home/fluxx/Workspace/cuchx-large/hf_data_manual/LMT_(IMU,Radar,Skeleton)/Training/HARn/6_Drink_water/user8/6-2-3",104.0,129.0,26.0,16062998.316,16063000.816,10.0
train_harn,HARn/6_Drink_water/user9/3-2-1,user9,3-2-1,6_Drink_water,"/home/fluxx/Workspace/cuchx-large/hf_data_manual/LMT_(IMU,Radar,Skeleton)/Training/HARn/6_Drink_water/user9/3-2-1",157.0,192.0,36.0,16210064.616,16210068.116,10.0
train_harn,HARn/6_Drink_water/user9/3-2-2,user9,3-2-2,6_Drink_water,"/home/fluxx/Workspace/cuchx-large/hf_data_manual/LMT_(IMU,Radar,Skeleton)/Training/HARn/6_Drink_water/user9/3-2-2",125.0,148.0,24.0,16210135.416,16210137.716,9.999999996760618
train_harn,HARn/6_Drink_water/user9/3-2-3,user9,3-2-3,6_Drink_water,"/home/fluxx/Workspace/cuchx-large/hf_data_manual/LMT_(IMU,Radar,Skeleton)/Training/HARn/6_Drink_water/user9/3-2-3",93.0,111.0,19.0,16210187.216,16210189.016,9.999999995860788
train_harn,HARn/6_Drink_water/user9/7-2-1,user9,7-2-1,6_Drink_water,"/home/fluxx/Workspace/cuchx-large/hf_data_manual/LMT_(IMU,Radar,Skeleton)/Training/HARn/6_Drink_water/user9/7-2-1",351.0,365.0,15.0,16210537.016,16210538.416,10.000000010643687
train_harn,HARn/6_Drink_water/user9/7-2-2,user9,7-2-2,6_Drink_water,"/home/fluxx/Workspace/cuchx-large/hf_data_manual/LMT_(IMU,Radar,Skeleton)/Training/HARn/6_Drink_water/user9/7-2-2",203.0,211.0,9.0,16210625.216,16210626.016,9.999999990686774
train_harn,HARn/6_Drink_water/user9/7-2-3,user9,7-2-3,6_Drink_water,"/home/fluxx/Workspace/cuchx-large/hf_data_manual/LMT_(IMU,Radar,Skeleton)/Training/HARn/6_Drink_water/user9/7-2-3",285.0,298.0,14.0,16210698.416,16210699.716,9.999999994268784
train_harn,HARn/7_Eat_food/user1/1-2-1,user1,1-2-1,7_Eat_food,"/home/fluxx/Workspace/cuchx-large/hf_data_manual/LMT_(IMU,Radar,Skeleton)/Training/HARn/7_Eat_food/user1/1-2-1",147.0,201.0,55.0,14149694.616,14149700.016,9.999999999310132
train_harn,HARn/7_Eat_food/user1/1-2-2,user1,1-2-2,7_Eat_food,"/home/fluxx/Workspace/cuchx-large/hf_data_manual/LMT_(IMU,Radar,Skeleton)/Training/HARn/7_Eat_food/user1/1-2-2",167.0,221.0,55.0,14149868.616,14149874.016,9.999999999310132
train_harn,HARn/7_Eat_food/user1/3-1-1,user1,3-1-1,7_Eat_food,"/home/fluxx/Workspace/cuchx-large/hf_data_manual/LMT_(IMU,Radar,Skeleton)/Training/HARn/7_Eat_food/user1/3-1-1",118.0,154.0,37.0,14150839.716,14150843.316,10.000000001034802
train_harn,HARn/7_Eat_food/user1/3-1-2,user1,3-1-2,7_Eat_food,"/home/fluxx/Workspace/cuchx-large/hf_data_manual/LMT_(IMU,Radar,Skeleton)/Training/HARn/7_Eat_food/user1/3-1-2",142.0,170.0,29.0,14150917.116,14150919.916,10.000000003991383
train_harn,HARn/7_Eat_food/user1/3-1-3,user1,3-1-3,7_Eat_food,"/home/fluxx/Workspace/cuchx-large/hf_data_manual/LMT_(IMU,Radar,Skeleton)/Training/HARn/7_Eat_food/user1/3-1-3",66.0,80.0,15.0,14150988.516,14150989.916,10.000000010643687
train_harn,HARn/7_Eat_food/user1/4-1-1,user1,4-1-1,7_Eat_food,"/home/fluxx/Workspace/cuchx-large/hf_data_manual/LMT_(IMU,Radar,Skeleton)/Training/HARn/7_Eat_food/user1/4-1-1",597.0,688.0,92.0,14048313.616,14048322.716,10.000000000409372
train_harn,HARn/7_Eat_food/user1/4-1-2,user1,4-1-2,7_Eat_food,"/home/fluxx/Workspace/cuchx-large/hf_data_manual/LMT_(IMU,Radar,Skeleton)/Training/HARn/7_Eat_food/user1/4-1-2",489.0,572.0,84.0,14048607.816,14048616.116,9.99999999910234
train_harn,HARn/7_Eat_food/user1/4-1-3,user1,4-1-3,7_Eat_food,"/home/fluxx/Workspace/cuchx-large/hf_data_manual/LMT_(IMU,Radar,Skeleton)/Training/HARn/7_Eat_food/user1/4-1-3",313.0,357.0,45.0,14048890.216,14048894.616,9.999999999153344
train_harn,HARn/7_Eat_food/user1/6-1-1,user1,6-1-1,7_Eat_food,"/home/fluxx/Workspace/cuchx-large/hf_data_manual/LMT_(IMU,Radar,Skeleton)/Training/HARn/7_Eat_food/user1/6-1-1",119.0,145.0,27.0,14151407.816,14151410.416,10.000000001432804
train_harn,HARn/7_Eat_food/user1/6-1-2,user1,6-1-2,7_Eat_food,"/home/fluxx/Workspace/cuchx-large/hf_data_manual/LMT_(IMU,Radar,Skeleton)/Training/HARn/7_Eat_food/user1/6-1-2",85.0,117.0,33.0,14151265.416,14151268.616,9.99999999650754
train_harn,HARn/7_Eat_food/user1/6-1-3,user1,6-1-3,7_Eat_food,"/home/fluxx/Workspace/cuchx-large/hf_data_manual/LMT_(IMU,Radar,Skeleton)/Training/HARn/7_Eat_food/user1/6-1-3",46.0,64.0,19.0,14151462.516,14151464.316,10.000000006208817
train_harn,HARn/7_Eat_food/user16/1-2-1,user16,1-2-1,7_Eat_food,"/home/fluxx/Workspace/cuchx-large/hf_data_manual/LMT_(IMU,Radar,Skeleton)/Training/HARn/7_Eat_food/user16/1-2-1",73.0,94.0,22.0,17072303.216,17072305.316,9.99999999290421
train_harn,HARn/7_Eat_food/user16/1-2-2,user16,1-2-2,7_Eat_food,"/home/fluxx/Workspace/cuchx-large/hf_data_manual/LMT_(IMU,Radar,Skeleton)/Training/HARn/7_Eat_food/user16/1-2-2",78.0,103.0,26.0,17072391.716,17072394.216,10.0
train_harn,HARn/7_Eat_food/user16/1-2-3,user16,1-2-3,7_Eat_food,"/home/fluxx/Workspace/cuchx-large/hf_data_manual/LMT_(IMU,Radar,Skeleton)/Training/HARn/7_Eat_food/user16/1-2-3",29.0,51.0,23.0,17072479.816,17072482.016,10.000000003386628
train_harn,HARn/7_Eat_food/user16/5-2-1,user16,5-2-1,7_Eat_food,"/home/fluxx/Workspace/cuchx-large/hf_data_manual/LMT_(IMU,Radar,Skeleton)/Training/HARn/7_Eat_food/user16/5-2-1",111.0,138.0,28.0,17073843.016,17073845.716,10.000000002759474
train_harn,HARn/7_Eat_food/user16/5-2-2,user16,5-2-2,7_Eat_food,"/home/fluxx/Workspace/cuchx-large/hf_data_manual/LMT_(IMU,Radar,Skeleton)/Training/HARn/7_Eat_food/user16/5-2-2",97.0,128.0,32.0,17073918.616,17073921.716,10.00000000721024
train_harn,HARn/7_Eat_food/user16/5-2-3,user16,5-2-3,7_Eat_food,"/home/fluxx/Workspace/cuchx-large/hf_data_manual/LMT_(IMU,Radar,Skeleton)/Training/HARn/7_Eat_food/user16/5-2-3",68.0,83.0,16.0,17073993.716,17073995.216,10.0
train_harn,HARn/7_Eat_food/user16/6-2-1,user16,6-2-1,7_Eat_food,"/home/fluxx/Workspace/cuchx-large/hf_data_manual/LMT_(IMU,Radar,Skeleton)/Training/HARn/7_Eat_food/user16/6-2-1",350.0,372.0,23.0,17074370.916,17074373.116,10.000000003386628
train_harn,HARn/7_Eat_food/user16/6-2-2,user16,6-2-2,7_Eat_food,"/home/fluxx/Workspace/cuchx-large/hf_data_manual/LMT_(IMU,Radar,Skeleton)/Training/HARn/7_Eat_food/user16/6-2-2",252.0,280.0,29.0,17074501.116,17074503.916,9.999999997339078
train_harn,HARn/7_Eat_food/user16/6-2-3,user16,6-2-3,7_Eat_food,"/home/fluxx/Workspace/cuchx-large/hf_data_manual/LMT_(IMU,Radar,Skeleton)/Training/HARn/7_Eat_food/user16/6-2-3",346.0,380.0,35.0,17074734.516,17074737.916,9.99999999342596
train_harn,HARn/7_Eat_food/user16/7-2-1,user16,7-2-1,7_Eat_food,"/home/fluxx/Workspace/cuchx-large/hf_data_manual/LMT_(IMU,Radar,Skeleton)/Training/HARn/7_Eat_food/user16/7-2-1",163.0,203.0,41.0,17074881.216,17074885.216,10.0
train_harn,HARn/7_Eat_food/user16/7-2-2,user16,7-2-2,7_Eat_food,"/home/fluxx/Workspace/cuchx-large/hf_data_manual/LMT_(IMU,Radar,Skeleton)/Training/HARn/7_Eat_food/user16/7-2-2",161.0,181.0,21.0,17074966.016,17074968.016,10.0
train_harn,HARn/7_Eat_food/user16/7-2-3,user16,7-2-3,7_Eat_food,"/home/fluxx/Workspace/cuchx-large/hf_data_manual/LMT_(IMU,Radar,Skeleton)/Training/HARn/7_Eat_food/user16/7-2-3",109.0,135.0,27.0,17075107.816,17075110.416,9.999999994268784
train_harn,HARn/7_Eat_food/user17/1-2-1,user17,1-2-1,7_Eat_food,"/home/fluxx/Workspace/cuchx-large/hf_data_manual/LMT_(IMU,Radar,Skeleton)/Training/HARn/7_Eat_food/user17/1-2-1",194.0,215.0,22.0,16889276.316,16889278.416,9.99999999290421
train_harn,HARn/7_Eat_food/user17/1-2-2,user17,1-2-2,7_Eat_food,"/home/fluxx/Workspace/cuchx-large/hf_data_manual/LMT_(IMU,Radar,Skeleton)/Training/HARn/7_Eat_food/user17/1-2-2",97.0,104.0,8.0,16889404.616,16889405.316,10.000000010643687
train_harn,HARn/7_Eat_food/user17/1-2-3,user17,1-2-3,7_Eat_food,"/home/fluxx/Workspace/cuchx-large/hf_data_manual/LMT_(IMU,Radar,Skeleton)/Training/HARn/7_Eat_food/user17/1-2-3",115.0,137.0,23.0,16889502.416,16889504.616,10.000000003386628
train_harn,HARn/7_Eat_food/user17/2-2-1,user17,2-2-1,7_Eat_food,"/home/fluxx/Workspace/cuchx-large/hf_data_manual/LMT_(IMU,Radar,Skeleton)/Training/HARn/7_Eat_food/user17/2-2-1",261.0,305.0,45.0,16890302.016,16890306.416,9.999999994920058
train_harn,HARn/7_Eat_food/user17/2-2-2,user17,2-2-2,7_Eat_food,"/home/fluxx/Workspace/cuchx-large/hf_data_manual/LMT_(IMU,Radar,Skeleton)/Training/HARn/7_Eat_food/user17/2-2-2",276.0,320.0,45.0,16890436.516,16890440.916,9.999999994920058
train_harn,HARn/7_Eat_food/user17/2-2-3,user17,2-2-3,7_Eat_food,"/home/fluxx/Workspace/cuchx-large/hf_data_manual/LMT_(IMU,Radar,Skeleton)/Training/HARn/7_Eat_food/user17/2-2-3",153.0,172.0,20.0,16890524.216,16890526.116,9.999999988235926
train_harn,HARn/7_Eat_food/user17/3-2-1,user17,3-2-1,7_Eat_food,"/home/fluxx/Workspace/cuchx-large/hf_data_manual/LMT_(IMU,Radar,Skeleton)/Training/HARn/7_Eat_food/user17/3-2-1",132.0,168.0,37.0,17068578.116,17068581.716,10.000000006208817
train_harn,HARn/7_Eat_food/user17/3-2-2,user17,3-2-2,7_Eat_food,"/home/fluxx/Workspace/cuchx-large/hf_data_manual/LMT_(IMU,Radar,Skeleton)/Training/HARn/7_Eat_food/user17/3-2-2",103.0,136.0,34.0,17068671.216,17068674.516,9.999999997742249
train_harn,HARn/7_Eat_food/user17/3-2-3,user17,3-2-3,7_Eat_food,"/home/fluxx/Workspace/cuchx-large/hf_data_manual/LMT_(IMU,Radar,Skeleton)/Training/HARn/7_Eat_food/user17/3-2-3",107.0,132.0,26.0,17068751.616,17068754.116,10.0
train_harn,HARn/7_Eat_food/user17/5-2-1,user17,5-2-1,7_Eat_food,"/home/fluxx/Workspace/cuchx-large/hf_data_manual/LMT_(IMU,Radar,Skeleton)/Training/HARn/7_Eat_food/user17/5-2-1",121.0,150.0,30.0,17068912.016,17068914.916,9.999999992292503
train_harn,HARn/7_Eat_food/user17/5-2-2,user17,5-2-2,7_Eat_food,"/home/fluxx/Workspace/cuchx-large/hf_data_manual/LMT_(IMU,Radar,Skeleton)/Training/HARn/7_Eat_food/user17/5-2-2",109.0,134.0,26.0,17069355.816,17069358.316,10.0
train_harn,HARn/7_Eat_food/user17/5-2-3,user17,5-2-3,7_Eat_food,"/home/fluxx/Workspace/cuchx-large/hf_data_manual/LMT_(IMU,Radar,Skeleton)/Training/HARn/7_Eat_food/user17/5-2-3",86.0,107.0,22.0,17069441.516,17069443.616,9.99999999290421
train_harn,HARn/7_Eat_food/user17/7-2-1,user17,7-2-1,7_Eat_food,"/home/fluxx/Workspace/cuchx-large/hf_data_manual/LMT_(IMU,Radar,Skeleton)/Training/HARn/7_Eat_food/user17/7-2-1",135.0,176.0,42.0,17069581.416,17069585.516,10.000000005451644
train_harn,HARn/7_Eat_food/user17/7-2-2,user17,7-2-2,7_Eat_food,"/home/fluxx/Workspace/cuchx-large/hf_data_manual/LMT_(IMU,Radar,Skeleton)/Training/HARn/7_Eat_food/user17/7-2-2",112.0,139.0,28.0,17069896.116,17069898.816,10.000000002759474
train_harn,HARn/7_Eat_food/user17/7-2-3,user17,7-2-3,7_Eat_food,"/home/fluxx/Workspace/cuchx-large/hf_data_manual/LMT_(IMU,Radar,Skeleton)/Training/HARn/7_Eat_food/user17/7-2-3",82.0,111.0,30.0,17070071.116,17070074.016,10.00000000513833
train_harn,HARn/7_Eat_food/user18/7-2-1,user18,7-2-1,7_Eat_food,"/home/fluxx/Workspace/cuchx-large/hf_data_manual/LMT_(IMU,Radar,Skeleton)/Training/HARn/7_Eat_food/user18/7-2-1",166.0,184.0,19.0,17071232.516,17071234.316,9.999999995860788
train_harn,HARn/7_Eat_food/user18/7-2-2,user18,7-2-2,7_Eat_food,"/home/fluxx/Workspace/cuchx-large/hf_data_manual/LMT_(IMU,Radar,Skeleton)/Training/HARn/7_Eat_food/user18/7-2-2",128.0,139.0,12.0,17071316.716,17071317.816,9.99999998645349
train_harn,HARn/7_Eat_food/user18/7-2-3,user18,7-2-3,7_Eat_food,"/home/fluxx/Workspace/cuchx-large/hf_data_manual/LMT_(IMU,Radar,Skeleton)/Training/HARn/7_Eat_food/user18/7-2-3",110.0,135.0,26.0,17071409.916,17071412.416,10.0
train_harn,HARn/7_Eat_food/user19/7-2-1,user19,7-2-1,7_Eat_food,"/home/fluxx/Workspace/cuchx-large/hf_data_manual/LMT_(IMU,Radar,Skeleton)/Training/HARn/7_Eat_food/user19/7-2-1",333.0,355.0,23.0,17063840.216,17063842.416,9.99999998645349
train_harn,HARn/7_Eat_food/user19/7-2-2,user19,7-2-2,7_Eat_food,"/home/fluxx/Workspace/cuchx-large/hf_data_manual/LMT_(IMU,Radar,Skeleton)/Training/HARn/7_Eat_food/user19/7-2-2",226.0,251.0,26.0,17063952.516,17063955.016,10.0
train_harn,HARn/7_Eat_food/user19/7-2-3,user19,7-2-3,7_Eat_food,"/home/fluxx/Workspace/cuchx-large/hf_data_manual/LMT_(IMU,Radar,Skeleton)/Training/HARn/7_Eat_food/user19/7-2-3",216.0,235.0,20.0,17064050.516,17064052.416,9.999999988235926
train_harn,HARn/7_Eat_food/user2/1-2-1,user2,1-2-1,7_Eat_food,"/home/fluxx/Workspace/cuchx-large/hf_data_manual/LMT_(IMU,Radar,Skeleton)/Training/HARn/7_Eat_food/user2/1-2-1",151.0,176.0,26.0,14144457.016,14144459.516,10.0
train_harn,HARn/7_Eat_food/user2/1-2-2,user2,1-2-2,7_Eat_food,"/home/fluxx/Workspace/cuchx-large/hf_data_manual/LMT_(IMU,Radar,Skeleton)/Training/HARn/7_Eat_food/user2/1-2-2",143.0,149.0,7.0,14144597.216,14144597.816,10.000000006208817
train_harn,HARn/7_Eat_food/user2/1-2-3,user2,1-2-3,7_Eat_food,"/home/fluxx/Workspace/cuchx-large/hf_data_manual/LMT_(IMU,Radar,Skeleton)/Training/HARn/7_Eat_food/user2/1-2-3",110.0,113.0,4.0,14144706.916,14144707.216,9.999999975164732
train_harn,HARn/7_Eat_food/user2/2-1-1,user2,2-1-1,7_Eat_food,"/home/fluxx/Workspace/cuchx-large/hf_data_manual/LMT_(IMU,Radar,Skeleton)/Training/HARn/7_Eat_food/user2/2-1-1",343.0,351.0,9.0,14144911.216,14144912.016,9.999999990686774
train_harn,HARn/7_Eat_food/user2/2-1-2,user2,2-1-2,7_Eat_food,"/home/fluxx/Workspace/cuchx-large/hf_data_manual/LMT_(IMU,Radar,Skeleton)/Training/HARn/7_Eat_food/user2/2-1-2",314.0,318.0,5.0,14145039.316,14145039.716,9.999999990686774
train_harn,HARn/7_Eat_food/user2/2-1-3,user2,2-1-3,7_Eat_food,"/home/fluxx/Workspace/cuchx-large/hf_data_manual/LMT_(IMU,Radar,Skeleton)/Training/HARn/7_Eat_food/user2/2-1-3",163.0,166.0,4.0,14145126.216,14145126.516,9.999999975164732
train_harn,HARn/7_Eat_food/user2/2-2-1,user2,2-2-1,7_Eat_food,"/home/fluxx/Workspace/cuchx-large/hf_data_manual/LMT_(IMU,Radar,Skeleton)/Training/HARn/7_Eat_food/user2/2-2-1",148.0,164.0,17.0,14053667.716,14053669.316,10.000000002328306
train_harn,HARn/7_Eat_food/user2/2-2-2,user2,2-2-2,7_Eat_food,"/home/fluxx/Workspace/cuchx-large/hf_data_manual/LMT_(IMU,Radar,Skeleton)/Training/HARn/7_Eat_food/user2/2-2-2",161.0,178.0,18.0,14053921.016,14053922.716,10.000000004382695
train_harn,HARn/7_Eat_food/user2/2-2-3,user2,2-2-3,7_Eat_food,"/home/fluxx/Workspace/cuchx-large/hf_data_manual/LMT_(IMU,Radar,Skeleton)/Training/HARn/7_Eat_food/user2/2-2-3",81.0,91.0,11.0,14054141.016,14054142.016,10.0
train_harn,HARn/7_Eat_food/user2/4-2-1,user2,4-2-1,7_Eat_food,"/home/fluxx/Workspace/cuchx-large/hf_data_manual/LMT_(IMU,Radar,Skeleton)/Training/HARn/7_Eat_food/user2/4-2-1",124.0,132.0,9.0,14148318.316,14148319.116,9.999999990686774
train_harn,HARn/7_Eat_food/user2/4-2-2,user2,4-2-2,7_Eat_food,"/home/fluxx/Workspace/cuchx-large/hf_data_manual/LMT_(IMU,Radar,Skeleton)/Training/HARn/7_Eat_food/user2/4-2-2",144.0,155.0,12.0,14148403.316,14148404.416,10.000000003386628
train_harn,HARn/7_Eat_food/user2/4-2-3,user2,4-2-3,7_Eat_food,"/home/fluxx/Workspace/cuchx-large/hf_data_manual/LMT_(IMU,Radar,Skeleton)/Training/HARn/7_Eat_food/user2/4-2-3",106.0,109.0,4.0,14148463.516,14148463.816,10.000000037252903
train_harn,HARn/7_Eat_food/user2/7-2-1,user2,7-2-1,7_Eat_food,"/home/fluxx/Workspace/cuchx-large/hf_data_manual/LMT_(IMU,Radar,Skeleton)/Training/HARn/7_Eat_food/user2/7-2-1",124.0,138.0,15.0,14149096.316,14149097.716,9.999999997339078
train_harn,HARn/7_Eat_food/user2/7-2-2,user2,7-2-2,7_Eat_food,"/home/fluxx/Workspace/cuchx-large/hf_data_manual/LMT_(IMU,Radar,Skeleton)/Training/HARn/7_Eat_food/user2/7-2-2",76.0,83.0,8.0,14149146.516,14149147.216,10.000000010643687
train_harn,HARn/7_Eat_food/user2/7-2-3,user2,7-2-3,7_Eat_food,"/home/fluxx/Workspace/cuchx-large/hf_data_manual/LMT_(IMU,Radar,Skeleton)/Training/HARn/7_Eat_food/user2/7-2-3",44.0,57.0,14.0,14149227.316,14149228.616,9.999999994268784
train_harn,HARn/7_Eat_food/user20/2-1-1,user20,2-1-1,7_Eat_food,"/home/fluxx/Workspace/cuchx-large/hf_data_manual/LMT_(IMU,Radar,Skeleton)/Training/HARn/7_Eat_food/user20/2-1-1",296.0,329.0,34.0,17059764.516,17059767.816,9.999999997742249
train_harn,HARn/7_Eat_food/user20/2-1-2,user20,2-1-2,7_Eat_food,"/home/fluxx/Workspace/cuchx-large/hf_data_manual/LMT_(IMU,Radar,Skeleton)/Training/HARn/7_Eat_food/user20/2-1-2",294.0,332.0,39.0,17060004.316,17060008.116,9.999999998039321
train_harn,HARn/7_Eat_food/user20/2-1-3,user20,2-1-3,7_Eat_food,"/home/fluxx/Workspace/cuchx-large/hf_data_manual/LMT_(IMU,Radar,Skeleton)/Training/HARn/7_Eat_food/user20/2-1-3",172.0,185.0,14.0,17060111.116,17060112.416,9.999999994268784
train_harn,HARn/7_Eat_food/user20/3-1-1,user20,3-1-1,7_Eat_food,"/home/fluxx/Workspace/cuchx-large/hf_data_manual/LMT_(IMU,Radar,Skeleton)/Training/HARn/7_Eat_food/user20/3-1-1",173.0,218.0,46.0,17060253.216,17060257.716,10.0
train_harn,HARn/7_Eat_food/user20/3-1-2,user20,3-1-2,7_Eat_food,"/home/fluxx/Workspace/cuchx-large/hf_data_manual/LMT_(IMU,Radar,Skeleton)/Training/HARn/7_Eat_food/user20/3-1-2",169.0,222.0,54.0,17060456.816,17060462.116,9.99999999859423
train_harn,HARn/7_Eat_food/user20/3-1-3,user20,3-1-3,7_Eat_food,"/home/fluxx/Workspace/cuchx-large/hf_data_manual/LMT_(IMU,Radar,Skeleton)/Training/HARn/7_Eat_food/user20/3-1-3",115.0,143.0,29.0,17060607.416,17060610.216,10.000000010643687
train_harn,HARn/7_Eat_food/user20/7-1-1,user20,7-1-1,7_Eat_food,"/home/fluxx/Workspace/cuchx-large/hf_data_manual/LMT_(IMU,Radar,Skeleton)/Training/HARn/7_Eat_food/user20/7-1-1",83.0,107.0,25.0,17060800.216,17060802.616,9.999999990686774
train_harn,HARn/7_Eat_food/user20/7-1-2,user20,7-1-2,7_Eat_food,"/home/fluxx/Workspace/cuchx-large/hf_data_manual/LMT_(IMU,Radar,Skeleton)/Training/HARn/7_Eat_food/user20/7-1-2",72.0,97.0,26.0,17060905.116,17060907.616,10.0
train_harn,HARn/7_Eat_food/user20/7-1-3,user20,7-1-3,7_Eat_food,"/home/fluxx/Workspace/cuchx-large/hf_data_manual/LMT_(IMU,Radar,Skeleton)/Training/HARn/7_Eat_food/user20/7-1-3",47.0,72.0,26.0,17060988.616,17060991.116,10.0
train_harn,HARn/7_Eat_food/user21/7-1-1,user21,7-1-1,7_Eat_food,"/home/fluxx/Workspace/cuchx-large/hf_data_manual/LMT_(IMU,Radar,Skeleton)/Training/HARn/7_Eat_food/user21/7-1-1",103.0,118.0,16.0,17160265.216,17160266.716,10.0
train_harn,HARn/7_Eat_food/user21/7-1-2,user21,7-1-2,7_Eat_food,"/home/fluxx/Workspace/cuchx-large/hf_data_manual/LMT_(IMU,Radar,Skeleton)/Training/HARn/7_Eat_food/user21/7-1-2",68.0,79.0,12.0,17160347.716,17160348.816,9.99999998645349
train_harn,HARn/7_Eat_food/user21/7-1-3,user21,7-1-3,7_Eat_food,"/home/fluxx/Workspace/cuchx-large/hf_data_manual/LMT_(IMU,Radar,Skeleton)/Training/HARn/7_Eat_food/user21/7-1-3",129.0,145.0,17.0,17160427.816,17160429.416,9.999999990686774
train_harn,HARn/7_Eat_food/user22/3-1-1,user22,3-1-1,7_Eat_food,"/home/fluxx/Workspace/cuchx-large/hf_data_manual/LMT_(IMU,Radar,Skeleton)/Training/HARn/7_Eat_food/user22/3-1-1",175.0,196.0,22.0,17158413.416,17158415.516,10.000000010643687
train_harn,HARn/7_Eat_food/user22/3-1-2,user22,3-1-2,7_Eat_food,"/home/fluxx/Workspace/cuchx-large/hf_data_manual/LMT_(IMU,Radar,Skeleton)/Training/HARn/7_Eat_food/user22/3-1-2",159.0,180.0,22.0,17158498.816,17158500.916,9.99999999290421
train_harn,HARn/7_Eat_food/user22/3-3-1,user22,3-3-1,7_Eat_food,"/home/fluxx/Workspace/cuchx-large/hf_data_manual/LMT_(IMU,Radar,Skeleton)/Training/HARn/7_Eat_food/user22/3-3-1",68.0,102.0,35.0,17158698.716,17158702.116,9.99999999342596
train_harn,HARn/7_Eat_food/user22/3-3-2,user22,3-3-2,7_Eat_food,"/home/fluxx/Workspace/cuchx-large/hf_data_manual/LMT_(IMU,Radar,Skeleton)/Training/HARn/7_Eat_food/user22/3-3-2",54.0,74.0,21.0,17158799.316,17158801.316,10.0
train_harn,HARn/7_Eat_food/user22/3-3-3,user22,3-3-3,7_Eat_food,"/home/fluxx/Workspace/cuchx-large/hf_data_manual/LMT_(IMU,Radar,Skeleton)/Training/HARn/7_Eat_food/user22/3-3-3",36.0,44.0,9.0,17158862.516,17158863.316,9.999999990686774
train_harn,HARn/7_Eat_food/user22/4-3-1,user22,4-3-1,7_Eat_food,"/home/fluxx/Workspace/cuchx-large/hf_data_manual/LMT_(IMU,Radar,Skeleton)/Training/HARn/7_Eat_food/user22/4-3-1",133.0,160.0,28.0,17084316.216,17084318.916,9.999999988962102
train_harn,HARn/7_Eat_food/user22/4-3-2,user22,4-3-2,7_Eat_food,"/home/fluxx/Workspace/cuchx-large/hf_data_manual/LMT_(IMU,Radar,Skeleton)/Training/HARn/7_Eat_food/user22/4-3-2",168.0,187.0,20.0,17258535.716,17258537.616,9.999999988235926
train_harn,HARn/7_Eat_food/user22/4-3-3,user22,4-3-3,7_Eat_food,"/home/fluxx/Workspace/cuchx-large/hf_data_manual/LMT_(IMU,Radar,Skeleton)/Training/HARn/7_Eat_food/user22/4-3-3",148.0,163.0,16.0,17084742.716,17084744.216,10.0
train_harn,HARn/7_Eat_food/user22/6-2-1,user22,6-2-1,7_Eat_food,"/home/fluxx/Workspace/cuchx-large/hf_data_manual/LMT_(IMU,Radar,Skeleton)/Training/HARn/7_Eat_food/user22/6-2-1",292.0,292.0,1.0,,,
train_harn,HARn/7_Eat_food/user22/6-2-2,user22,6-2-2,7_Eat_food,"/home/fluxx/Workspace/cuchx-large/hf_data_manual/LMT_(IMU,Radar,Skeleton)/Training/HARn/7_Eat_food/user22/6-2-2",208.0,220.0,13.0,17085770.716,17085771.916,9.999999975164732
train_harn,HARn/7_Eat_food/user22/6-2-3,user22,6-2-3,7_Eat_food,"/home/fluxx/Workspace/cuchx-large/hf_data_manual/LMT_(IMU,Radar,Skeleton)/Training/HARn/7_Eat_food/user22/6-2-3",176.0,183.0,8.0,17085857.516,17085858.216,10.000000010643687
train_harn,HARn/7_Eat_food/user23/2-3-1,user23,2-3-1,7_Eat_food,"/home/fluxx/Workspace/cuchx-large/hf_data_manual/LMT_(IMU,Radar,Skeleton)/Training/HARn/7_Eat_food/user23/2-3-1",163.0,193.0,31.0,17157220.216,17157223.216,10.0
train_harn,HARn/7_Eat_food/user23/2-3-2,user23,2-3-2,7_Eat_food,"/home/fluxx/Workspace/cuchx-large/hf_data_manual/LMT_(IMU,Radar,Skeleton)/Training/HARn/7_Eat_food/user23/2-3-2",124.0,135.0,12.0,17157297.316,17157298.416,9.99999998645349
train_harn,HARn/7_Eat_food/user23/2-3-3,user23,2-3-3,7_Eat_food,"/home/fluxx/Workspace/cuchx-large/hf_data_manual/LMT_(IMU,Radar,Skeleton)/Training/HARn/7_Eat_food/user23/2-3-3",67.0,90.0,24.0,17157352.616,17157354.916,9.999999996760618
train_harn,HARn/7_Eat_food/user24/2-1-1,user24,2-1-1,7_Eat_food,"/home/fluxx/Workspace/cuchx-large/hf_data_manual/LMT_(IMU,Radar,Skeleton)/Training/HARn/7_Eat_food/user24/2-1-1",67.0,82.0,16.0,17146718.616,17146720.116,10.0
train_harn,HARn/7_Eat_food/user24/2-1-2,user24,2-1-2,7_Eat_food,"/home/fluxx/Workspace/cuchx-large/hf_data_manual/LMT_(IMU,Radar,Skeleton)/Training/HARn/7_Eat_food/user24/2-1-2",89.0,113.0,25.0,17146879.816,17146882.216,10.000000006208817
train_harn,HARn/7_Eat_food/user24/2-1-3,user24,2-1-3,7_Eat_food,"/home/fluxx/Workspace/cuchx-large/hf_data_manual/LMT_(IMU,Radar,Skeleton)/Training/HARn/7_Eat_food/user24/2-1-3",25.0,41.0,17.0,17146958.416,17146960.016,10.000000013969839
train_harn,HARn/7_Eat_food/user3/4-1-1,user3,4-1-1,7_Eat_food,"/home/fluxx/Workspace/cuchx-large/hf_data_manual/LMT_(IMU,Radar,Skeleton)/Training/HARn/7_Eat_food/user3/4-1-1",548.0,600.0,53.0,14062856.716,14062861.916,10.000000001432804
train_harn,HARn/7_Eat_food/user3/4-1-2,user3,4-1-2,7_Eat_food,"/home/fluxx/Workspace/cuchx-large/hf_data_manual/LMT_(IMU,Radar,Skeleton)/Training/HARn/7_Eat_food/user3/4-1-2",461.0,473.0,13.0,14063015.016,14063016.216,10.000000006208817
train_harn,HARn/7_Eat_food/user3/4-1-3,user3,4-1-3,7_Eat_food,"/home/fluxx/Workspace/cuchx-large/hf_data_manual/LMT_(IMU,Radar,Skeleton)/Training/HARn/7_Eat_food/user3/4-1-3",365.0,368.0,4.0,14063154.416,14063154.716,9.999999975164732
train_harn,HARn/7_Eat_food/user3/5-2-1,user3,5-2-1,7_Eat_food,"/home/fluxx/Workspace/cuchx-large/hf_data_manual/LMT_(IMU,Radar,Skeleton)/Training/HARn/7_Eat_food/user3/5-2-1",225.0,243.0,19.0,14063514.416,14063516.216,9.999999995860788
train_harn,HARn/7_Eat_food/user3/5-2-2,user3,5-2-2,7_Eat_food,"/home/fluxx/Workspace/cuchx-large/hf_data_manual/LMT_(IMU,Radar,Skeleton)/Training/HARn/7_Eat_food/user3/5-2-2",164.0,173.0,10.0,14063645.316,14063646.216,9.999999995860788
train_harn,HARn/7_Eat_food/user3/5-2-3,user3,5-2-3,7_Eat_food,"/home/fluxx/Workspace/cuchx-large/hf_data_manual/LMT_(IMU,Radar,Skeleton)/Training/HARn/7_Eat_food/user3/5-2-3",246.0,264.0,19.0,14063797.516,14063799.316,10.000000006208817
train_harn,HARn/7_Eat_food/user3/6-1-1,user3,6-1-1,7_Eat_food,"/home/fluxx/Workspace/cuchx-large/hf_data_manual/LMT_(IMU,Radar,Skeleton)/Training/HARn/7_Eat_food/user3/6-1-1",178.0,184.0,7.0,14143166.716,14143167.316,10.000000006208817
train_harn,HARn/7_Eat_food/user3/6-1-2,user3,6-1-2,7_Eat_food,"/home/fluxx/Workspace/cuchx-large/hf_data_manual/LMT_(IMU,Radar,Skeleton)/Training/HARn/7_Eat_food/user3/6-1-2",191.0,201.0,11.0,14143274.016,14143275.016,10.0
train_harn,HARn/7_Eat_food/user3/6-1-3,user3,6-1-3,7_Eat_food,"/home/fluxx/Workspace/cuchx-large/hf_data_manual/LMT_(IMU,Radar,Skeleton)/Training/HARn/7_Eat_food/user3/6-1-3",103.0,107.0,5.0,14143374.216,14143374.616,9.999999990686774
train_harn,HARn/7_Eat_food/user3/7-1-1,user3,7-1-1,7_Eat_food,"/home/fluxx/Workspace/cuchx-large/hf_data_manual/LMT_(IMU,Radar,Skeleton)/Training/HARn/7_Eat_food/user3/7-1-1",67.0,80.0,14.0,14064505.616,14064506.916,10.000000008596825
train_harn,HARn/7_Eat_food/user3/7-1-2,user3,7-1-2,7_Eat_food,"/home/fluxx/Workspace/cuchx-large/hf_data_manual/LMT_(IMU,Radar,Skeleton)/Training/HARn/7_Eat_food/user3/7-1-2",77.0,92.0,16.0,14064632.616,14064634.116,10.0
train_harn,HARn/7_Eat_food/user3/7-1-3,user3,7-1-3,7_Eat_food,"/home/fluxx/Workspace/cuchx-large/hf_data_manual/LMT_(IMU,Radar,Skeleton)/Training/HARn/7_Eat_food/user3/7-1-3",50.0,55.0,6.0,14064798.916,14064799.416,10.0
train_harn,HARn/7_Eat_food/user4/1-2-2,user4,1-2-2,7_Eat_food,"/home/fluxx/Workspace/cuchx-large/hf_data_manual/LMT_(IMU,Radar,Skeleton)/Training/HARn/7_Eat_food/user4/1-2-2",372.0,405.0,34.0,14138279.116,14138282.416,10.000000003386628
train_harn,HARn/7_Eat_food/user4/1-2-3,user4,1-2-3,7_Eat_food,"/home/fluxx/Workspace/cuchx-large/hf_data_manual/LMT_(IMU,Radar,Skeleton)/Training/HARn/7_Eat_food/user4/1-2-3",236.0,262.0,27.0,14138393.516,14138396.116,10.000000001432804
train_harn,HARn/7_Eat_food/user4/2-1-1,user4,2-1-1,7_Eat_food,"/home/fluxx/Workspace/cuchx-large/hf_data_manual/LMT_(IMU,Radar,Skeleton)/Training/HARn/7_Eat_food/user4/2-1-1",147.0,218.0,72.0,14065385.616,14065392.716,10.00000000052469
train_harn,HARn/7_Eat_food/user4/2-1-2,user4,2-1-2,7_Eat_food,"/home/fluxx/Workspace/cuchx-large/hf_data_manual/LMT_(IMU,Radar,Skeleton)/Training/HARn/7_Eat_food/user4/2-1-2",102.0,123.0,22.0,14065533.116,14065535.216,10.000000001773948
train_harn,HARn/7_Eat_food/user4/2-1-3,user4,2-1-3,7_Eat_food,"/home/fluxx/Workspace/cuchx-large/hf_data_manual/LMT_(IMU,Radar,Skeleton)/Training/HARn/7_Eat_food/user4/2-1-3",74.0,97.0,24.0,14065605.316,14065607.616,9.999999996760618
train_harn,HARn/7_Eat_food/user4/5-1-1,user4,5-1-1,7_Eat_food,"/home/fluxx/Workspace/cuchx-large/hf_data_manual/LMT_(IMU,Radar,Skeleton)/Training/HARn/7_Eat_food/user4/5-1-1",249.0,261.0,13.0,14140339.816,14140341.016,9.999999990686774
train_harn,HARn/7_Eat_food/user4/5-1-2,user4,5-1-2,7_Eat_food,"/home/fluxx/Workspace/cuchx-large/hf_data_manual/LMT_(IMU,Radar,Skeleton)/Training/HARn/7_Eat_food/user4/5-1-2",205.0,228.0,24.0,14140506.416,14140508.716,9.999999996760618
train_harn,HARn/7_Eat_food/user4/5-1-3,user4,5-1-3,7_Eat_food,"/home/fluxx/Workspace/cuchx-large/hf_data_manual/LMT_(IMU,Radar,Skeleton)/Training/HARn/7_Eat_food/user4/5-1-3",124.0,156.0,33.0,14140616.316,14140619.516,9.99999999650754
train_harn,HARn/7_Eat_food/user4/7-2-1,user4,7-2-1,7_Eat_food,"/home/fluxx/Workspace/cuchx-large/hf_data_manual/LMT_(IMU,Radar,Skeleton)/Training/HARn/7_Eat_food/user4/7-2-1",130.0,159.0,30.0,14068020.916,14068023.816,9.999999998715417
train_harn,HARn/7_Eat_food/user4/7-2-2,user4,7-2-2,7_Eat_food,"/home/fluxx/Workspace/cuchx-large/hf_data_manual/LMT_(IMU,Radar,Skeleton)/Training/HARn/7_Eat_food/user4/7-2-2",119.0,135.0,17.0,14068211.816,14068213.416,10.000000002328306
train_harn,HARn/7_Eat_food/user4/7-2-3,user4,7-2-3,7_Eat_food,"/home/fluxx/Workspace/cuchx-large/hf_data_manual/LMT_(IMU,Radar,Skeleton)/Training/HARn/7_Eat_food/user4/7-2-3",99.0,119.0,21.0,14068360.816,14068362.816,10.0
train_harn,HARn/7_Eat_food/user5/1-2-1,user5,1-2-1,7_Eat_food,"/home/fluxx/Workspace/cuchx-large/hf_data_manual/LMT_(IMU,Radar,Skeleton)/Training/HARn/7_Eat_food/user5/1-2-1",362.0,386.0,25.0,14133161.116,14133163.516,9.999999998447796
train_harn,HARn/7_Eat_food/user5/1-2-2,user5,1-2-2,7_Eat_food,"/home/fluxx/Workspace/cuchx-large/hf_data_manual/LMT_(IMU,Radar,Skeleton)/Training/HARn/7_Eat_food/user5/1-2-2",317.0,370.0,54.0,14133337.616,14133342.916,10.000000002108655
train_harn,HARn/7_Eat_food/user5/1-2-3,user5,1-2-3,7_Eat_food,"/home/fluxx/Workspace/cuchx-large/hf_data_manual/LMT_(IMU,Radar,Skeleton)/Training/HARn/7_Eat_food/user5/1-2-3",238.0,259.0,22.0,14133458.716,14133460.816,10.000000001773948
train_harn,HARn/7_Eat_food/user5/2-1-1,user5,2-1-1,7_Eat_food,"/home/fluxx/Workspace/cuchx-large/hf_data_manual/LMT_(IMU,Radar,Skeleton)/Training/HARn/7_Eat_food/user5/2-1-1",128.0,165.0,38.0,14120486.716,14120490.416,10.000000002013671
train_harn,HARn/7_Eat_food/user5/2-1-2,user5,2-1-2,7_Eat_food,"/home/fluxx/Workspace/cuchx-large/hf_data_manual/LMT_(IMU,Radar,Skeleton)/Training/HARn/7_Eat_food/user5/2-1-2",121.0,156.0,36.0,14120612.016,14120615.516,10.0
train_harn,HARn/7_Eat_food/user5/2-1-3,user5,2-1-3,7_Eat_food,"/home/fluxx/Workspace/cuchx-large/hf_data_manual/LMT_(IMU,Radar,Skeleton)/Training/HARn/7_Eat_food/user5/2-1-3",72.0,110.0,39.0,14120690.116,14120693.916,10.000000002941018
train_harn,HARn/7_Eat_food/user5/3-2-1,user5,3-2-1,7_Eat_food,"/home/fluxx/Workspace/cuchx-large/hf_data_manual/LMT_(IMU,Radar,Skeleton)/Training/HARn/7_Eat_food/user5/3-2-1",316.0,357.0,42.0,14133858.516,14133862.616,10.000000000908607
train_harn,HARn/7_Eat_food/user5/3-2-2,user5,3-2-2,7_Eat_food,"/home/fluxx/Workspace/cuchx-large/hf_data_manual/LMT_(IMU,Radar,Skeleton)/Training/HARn/7_Eat_food/user5/3-2-2",192.0,246.0,55.0,14133982.116,14133987.516,9.999999999310132
train_harn,HARn/7_Eat_food/user5/3-2-3,user5,3-2-3,7_Eat_food,"/home/fluxx/Workspace/cuchx-large/hf_data_manual/LMT_(IMU,Radar,Skeleton)/Training/HARn/7_Eat_food/user5/3-2-3",183.0,233.0,51.0,14134125.216,14134130.216,10.0
train_harn,HARn/7_Eat_food/user5/6-2-1,user5,6-2-1,7_Eat_food,"/home/fluxx/Workspace/cuchx-large/hf_data_manual/LMT_(IMU,Radar,Skeleton)/Training/HARn/7_Eat_food/user5/6-2-1",139.0,180.0,42.0,14135187.816,14135191.916,10.000000000908607
train_harn,HARn/7_Eat_food/user5/6-2-2,user5,6-2-2,7_Eat_food,"/home/fluxx/Workspace/cuchx-large/hf_data_manual/LMT_(IMU,Radar,Skeleton)/Training/HARn/7_Eat_food/user5/6-2-2",142.0,193.0,52.0,14135717.116,14135722.216,10.000000000730449
train_harn,HARn/7_Eat_food/user5/6-2-3,user5,6-2-3,7_Eat_food,"/home/fluxx/Workspace/cuchx-large/hf_data_manual/LMT_(IMU,Radar,Skeleton)/Training/HARn/7_Eat_food/user5/6-2-3",96.0,129.0,34.0,14135876.516,14135879.816,10.000000003386628
train_harn,HARn/7_Eat_food/user6/1-2-1,user6,1-2-1,7_Eat_food,"/home/fluxx/Workspace/cuchx-large/hf_data_manual/LMT_(IMU,Radar,Skeleton)/Training/HARn/7_Eat_food/user6/1-2-1",80.0,111.0,32.0,16201558.916,16201562.016,9.999999995193173
train_harn,HARn/7_Eat_food/user6/1-2-2,user6,1-2-2,7_Eat_food,"/home/fluxx/Workspace/cuchx-large/hf_data_manual/LMT_(IMU,Radar,Skeleton)/Training/HARn/7_Eat_food/user6/1-2-2",44.0,63.0,20.0,16201679.316,16201681.216,9.999999998039321
train_harn,HARn/7_Eat_food/user6/1-2-3,user6,1-2-3,7_Eat_food,"/home/fluxx/Workspace/cuchx-large/hf_data_manual/LMT_(IMU,Radar,Skeleton)/Training/HARn/7_Eat_food/user6/1-2-3",33.0,41.0,9.0,16201745.216,16201746.016,9.999999990686774
train_harn,HARn/7_Eat_food/user6/5-2-1,user6,5-2-1,7_Eat_food,"/home/fluxx/Workspace/cuchx-large/hf_data_manual/LMT_(IMU,Radar,Skeleton)/Training/HARn/7_Eat_food/user6/5-2-1",119.0,135.0,17.0,16202830.816,16202832.416,10.000000002328306
train_harn,HARn/7_Eat_food/user6/5-2-2,user6,5-2-2,7_Eat_food,"/home/fluxx/Workspace/cuchx-large/hf_data_manual/LMT_(IMU,Radar,Skeleton)/Training/HARn/7_Eat_food/user6/5-2-2",103.0,117.0,15.0,16202907.216,16202908.616,9.999999997339078
train_harn,HARn/7_Eat_food/user6/5-2-3,user6,5-2-3,7_Eat_food,"/home/fluxx/Workspace/cuchx-large/hf_data_manual/LMT_(IMU,Radar,Skeleton)/Training/HARn/7_Eat_food/user6/5-2-3",54.0,80.0,27.0,16202959.316,16202961.916,10.000000001432804
train_harn,HARn/7_Eat_food/user6/6-2-1,user6,6-2-1,7_Eat_food,"/home/fluxx/Workspace/cuchx-large/hf_data_manual/LMT_(IMU,Radar,Skeleton)/Training/HARn/7_Eat_food/user6/6-2-1",325.0,345.0,21.0,16203174.416,16203176.416,10.0
train_harn,HARn/7_Eat_food/user6/6-2-3,user6,6-2-3,7_Eat_food,"/home/fluxx/Workspace/cuchx-large/hf_data_manual/LMT_(IMU,Radar,Skeleton)/Training/HARn/7_Eat_food/user6/6-2-3",287.0,312.0,26.0,16203360.616,16203363.116,10.0
train_harn,HARn/7_Eat_food/user6/7-2-1,user6,7-2-1,7_Eat_food,"/home/fluxx/Workspace/cuchx-large/hf_data_manual/LMT_(IMU,Radar,Skeleton)/Training/HARn/7_Eat_food/user6/7-2-1",124.0,163.0,40.0,16203468.316,16203472.216,9.999999999044798
train_harn,HARn/7_Eat_food/user6/7-2-2,user6,7-2-2,7_Eat_food,"/home/fluxx/Workspace/cuchx-large/hf_data_manual/LMT_(IMU,Radar,Skeleton)/Training/HARn/7_Eat_food/user6/7-2-2",99.0,132.0,34.0,16203555.816,16203559.116,9.999999997742249
train_harn,HARn/7_Eat_food/user6/7-2-3,user6,7-2-3,7_Eat_food,"/home/fluxx/Workspace/cuchx-large/hf_data_manual/LMT_(IMU,Radar,Skeleton)/Training/HARn/7_Eat_food/user6/7-2-3",66.0,95.0,30.0,16203640.516,16203643.416,10.00000000513833
train_harn,HARn/7_Eat_food/user7/1-2-1,user7,1-2-1,7_Eat_food,"/home/fluxx/Workspace/cuchx-large/hf_data_manual/LMT_(IMU,Radar,Skeleton)/Training/HARn/7_Eat_food/user7/1-2-1",124.0,144.0,21.0,16056574.316,16056576.316,10.0
train_harn,HARn/7_Eat_food/user7/1-2-2,user7,1-2-2,7_Eat_food,"/home/fluxx/Workspace/cuchx-large/hf_data_manual/LMT_(IMU,Radar,Skeleton)/Training/HARn/7_Eat_food/user7/1-2-2",67.0,78.0,12.0,16056699.616,16056700.716,10.000000003386628
train_harn,HARn/7_Eat_food/user7/1-2-3,user7,1-2-3,7_Eat_food,"/home/fluxx/Workspace/cuchx-large/hf_data_manual/LMT_(IMU,Radar,Skeleton)/Training/HARn/7_Eat_food/user7/1-2-3",104.0,120.0,17.0,16056803.316,16056804.916,10.000000002328306
train_harn,HARn/7_Eat_food/user7/2-2-1,user7,2-2-1,7_Eat_food,"/home/fluxx/Workspace/cuchx-large/hf_data_manual/LMT_(IMU,Radar,Skeleton)/Training/HARn/7_Eat_food/user7/2-2-1",244.0,268.0,25.0,16057084.316,16057086.716,9.999999998447796
train_harn,HARn/7_Eat_food/user7/2-2-2,user7,2-2-2,7_Eat_food,"/home/fluxx/Workspace/cuchx-large/hf_data_manual/LMT_(IMU,Radar,Skeleton)/Training/HARn/7_Eat_food/user7/2-2-2",188.0,211.0,24.0,16057282.716,16057285.016,9.999999996760618
train_harn,HARn/7_Eat_food/user7/2-2-3,user7,2-2-3,7_Eat_food,"/home/fluxx/Workspace/cuchx-large/hf_data_manual/LMT_(IMU,Radar,Skeleton)/Training/HARn/7_Eat_food/user7/2-2-3",139.0,163.0,25.0,16057429.816,16057432.216,9.999999998447796
train_harn,HARn/7_Eat_food/user7/3-2-1,user7,3-2-1,7_Eat_food,"/home/fluxx/Workspace/cuchx-large/hf_data_manual/LMT_(IMU,Radar,Skeleton)/Training/HARn/7_Eat_food/user7/3-2-1",140.0,152.0,13.0,16204454.916,16204456.116,9.999999990686774
train_harn,HARn/7_Eat_food/user7/3-2-2,user7,3-2-2,7_Eat_food,"/home/fluxx/Workspace/cuchx-large/hf_data_manual/LMT_(IMU,Radar,Skeleton)/Training/HARn/7_Eat_food/user7/3-2-2",139.0,150.0,12.0,16204532.816,16204533.916,10.000000003386628
train_harn,HARn/7_Eat_food/user7/3-2-3,user7,3-2-3,7_Eat_food,"/home/fluxx/Workspace/cuchx-large/hf_data_manual/LMT_(IMU,Radar,Skeleton)/Training/HARn/7_Eat_food/user7/3-2-3",87.0,96.0,10.0,16204587.616,16204588.516,9.999999995860788
train_harn,HARn/7_Eat_food/user7/5-3-1,user7,5-3-1,7_Eat_food,"/home/fluxx/Workspace/cuchx-large/hf_data_manual/LMT_(IMU,Radar,Skeleton)/Training/HARn/7_Eat_food/user7/5-3-1",91.0,122.0,32.0,16059163.016,16059166.116,10.000000001201707
train_harn,HARn/7_Eat_food/user7/5-3-2,user7,5-3-2,7_Eat_food,"/home/fluxx/Workspace/cuchx-large/hf_data_manual/LMT_(IMU,Radar,Skeleton)/Training/HARn/7_Eat_food/user7/5-3-2",78.0,100.0,23.0,16059245.716,16059247.916,10.000000003386628
train_harn,HARn/7_Eat_food/user7/5-3-3,user7,5-3-3,7_Eat_food,"/home/fluxx/Workspace/cuchx-large/hf_data_manual/LMT_(IMU,Radar,Skeleton)/Training/HARn/7_Eat_food/user7/5-3-3",49.0,64.0,16.0,16059316.816,16059318.316,10.0
train_harn,HARn/7_Eat_food/user7/7-2-1,user7,7-2-1,7_Eat_food,"/home/fluxx/Workspace/cuchx-large/hf_data_manual/LMT_(IMU,Radar,Skeleton)/Training/HARn/7_Eat_food/user7/7-2-1",138.0,163.0,26.0,16204867.716,16204870.216,10.0
train_harn,HARn/7_Eat_food/user7/7-2-2,user7,7-2-2,7_Eat_food,"/home/fluxx/Workspace/cuchx-large/hf_data_manual/LMT_(IMU,Radar,Skeleton)/Training/HARn/7_Eat_food/user7/7-2-2",90.0,106.0,17.0,16204935.916,16204937.516,9.999999990686774
train_harn,HARn/7_Eat_food/user8/7-2-1,user8,7-2-1,7_Eat_food,"/home/fluxx/Workspace/cuchx-large/hf_data_manual/LMT_(IMU,Radar,Skeleton)/Training/HARn/7_Eat_food/user8/7-2-1",209.0,256.0,48.0,16209119.816,16209124.516,9.999999997622155
train_harn,HARn/7_Eat_food/user8/7-2-2,user8,7-2-2,7_Eat_food,"/home/fluxx/Workspace/cuchx-large/hf_data_manual/LMT_(IMU,Radar,Skeleton)/Training/HARn/7_Eat_food/user8/7-2-2",134.0,183.0,50.0,16209184.316,16209189.216,9.999999999239737
train_harn,HARn/7_Eat_food/user8/7-2-3,user8,7-2-3,7_Eat_food,"/home/fluxx/Workspace/cuchx-large/hf_data_manual/LMT_(IMU,Radar,Skeleton)/Training/HARn/7_Eat_food/user8/7-2-3",101.0,118.0,18.0,16209243.016,16209244.716,10.000000004382695
train_harn,HARn/7_Eat_food/user9/7-2-1,user9,7-2-1,7_Eat_food,"/home/fluxx/Workspace/cuchx-large/hf_data_manual/LMT_(IMU,Radar,Skeleton)/Training/HARn/7_Eat_food/user9/7-2-1",239.0,241.0,3.0,16210525.816,16210526.016,9.999999944120646
train_harn,HARn/7_Eat_food/user9/7-2-2,user9,7-2-2,7_Eat_food,"/home/fluxx/Workspace/cuchx-large/hf_data_manual/LMT_(IMU,Radar,Skeleton)/Training/HARn/7_Eat_food/user9/7-2-2",138.0,141.0,4.0,16210618.716,16210619.016,9.999999975164732
train_harn,HARn/7_Eat_food/user9/7-2-3,user9,7-2-3,7_Eat_food,"/home/fluxx/Workspace/cuchx-large/hf_data_manual/LMT_(IMU,Radar,Skeleton)/Training/HARn/7_Eat_food/user9/7-2-3",191.0,196.0,6.0,16210689.016,16210689.516,10.0
train_harn,HARn/8_Take_and_use_tableware/user1/1-2-1,user1,1-2-1,8_Take_and_use_tableware,"/home/fluxx/Workspace/cuchx-large/hf_data_manual/LMT_(IMU,Radar,Skeleton)/Training/HARn/8_Take_and_use_tableware/user1/1-2-1",125.0,151.0,27.0,14149692.416,14149695.016,9.999999994268784
train_harn,HARn/8_Take_and_use_tableware/user1/1-2-2,user1,1-2-2,8_Take_and_use_tableware,"/home/fluxx/Workspace/cuchx-large/hf_data_manual/LMT_(IMU,Radar,Skeleton)/Training/HARn/8_Take_and_use_tableware/user1/1-2-2",145.0,169.0,25.0,14149866.416,14149868.816,9.999999998447796
train_harn,HARn/8_Take_and_use_tableware/user1/2-1-2,user1,2-1-2,8_Take_and_use_tableware,"/home/fluxx/Workspace/cuchx-large/hf_data_manual/LMT_(IMU,Radar,Skeleton)/Training/HARn/8_Take_and_use_tableware/user1/2-1-2",66.0,97.0,32.0,14150443.516,14150446.616,10.000000001201707
train_harn,HARn/8_Take_and_use_tableware/user1/2-1-3,user1,2-1-3,8_Take_and_use_tableware,"/home/fluxx/Workspace/cuchx-large/hf_data_manual/LMT_(IMU,Radar,Skeleton)/Training/HARn/8_Take_and_use_tableware/user1/2-1-3",40.0,82.0,43.0,14150607.916,14150612.116,9.999999997339078
train_harn,HARn/8_Take_and_use_tableware/user1/4-1-1,user1,4-1-1,8_Take_and_use_tableware,"/home/fluxx/Workspace/cuchx-large/hf_data_manual/LMT_(IMU,Radar,Skeleton)/Training/HARn/8_Take_and_use_tableware/user1/4-1-1",576.0,598.0,23.0,14048311.516,14048313.716,10.000000003386628
train_harn,HARn/8_Take_and_use_tableware/user1/4-1-2,user1,4-1-2,8_Take_and_use_tableware,"/home/fluxx/Workspace/cuchx-large/hf_data_manual/LMT_(IMU,Radar,Skeleton)/Training/HARn/8_Take_and_use_tableware/user1/4-1-2",471.0,492.0,22.0,14048606.016,14048608.116,10.000000001773948
train_harn,HARn/8_Take_and_use_tableware/user1/5-1-1,user1,5-1-1,8_Take_and_use_tableware,"/home/fluxx/Workspace/cuchx-large/hf_data_manual/LMT_(IMU,Radar,Skeleton)/Training/HARn/8_Take_and_use_tableware/user1/5-1-1",224.0,245.0,22.0,14050119.316,14050121.416,10.000000001773948
train_harn,HARn/8_Take_and_use_tableware/user1/5-1-2,user1,5-1-2,8_Take_and_use_tableware,"/home/fluxx/Workspace/cuchx-large/hf_data_manual/LMT_(IMU,Radar,Skeleton)/Training/HARn/8_Take_and_use_tableware/user1/5-1-2",271.0,285.0,15.0,14050580.016,14050581.416,10.000000010643687
train_harn,HARn/8_Take_and_use_tableware/user1/5-1-3,user1,5-1-3,8_Take_and_use_tableware,"/home/fluxx/Workspace/cuchx-large/hf_data_manual/LMT_(IMU,Radar,Skeleton)/Training/HARn/8_Take_and_use_tableware/user1/5-1-3",207.0,219.0,13.0,14050850.616,14050851.816,10.000000006208817
train_harn,HARn/8_Take_and_use_tableware/user16/6-2-1,user16,6-2-1,8_Take_and_use_tableware,"/home/fluxx/Workspace/cuchx-large/hf_data_manual/LMT_(IMU,Radar,Skeleton)/Training/HARn/8_Take_and_use_tableware/user16/6-2-1",331.0,349.0,19.0,17074369.016,17074370.816,9.999999995860788
train_harn,HARn/8_Take_and_use_tableware/user16/6-2-2,user16,6-2-2,8_Take_and_use_tableware,"/home/fluxx/Workspace/cuchx-large/hf_data_manual/LMT_(IMU,Radar,Skeleton)/Training/HARn/8_Take_and_use_tableware/user16/6-2-2",235.0,251.0,17.0,17074499.416,17074501.016,10.000000013969839
train_harn,HARn/8_Take_and_use_tableware/user16/6-2-3,user16,6-2-3,8_Take_and_use_tableware,"/home/fluxx/Workspace/cuchx-large/hf_data_manual/LMT_(IMU,Radar,Skeleton)/Training/HARn/8_Take_and_use_tableware/user16/6-2-3",304.0,344.0,41.0,17074730.316,17074734.316,10.0
train_harn,HARn/8_Take_and_use_tableware/user17/1-2-1,user17,1-2-1,8_Take_and_use_tableware,"/home/fluxx/Workspace/cuchx-large/hf_data_manual/LMT_(IMU,Radar,Skeleton)/Training/HARn/8_Take_and_use_tableware/user17/1-2-1",194.0,215.0,22.0,16889276.316,16889278.416,9.99999999290421
train_harn,HARn/8_Take_and_use_tableware/user17/1-2-2,user17,1-2-2,8_Take_and_use_tableware,"/home/fluxx/Workspace/cuchx-large/hf_data_manual/LMT_(IMU,Radar,Skeleton)/Training/HARn/8_Take_and_use_tableware/user17/1-2-2",97.0,104.0,8.0,16889404.616,16889405.316,10.000000010643687
train_harn,HARn/8_Take_and_use_tableware/user17/1-2-3,user17,1-2-3,8_Take_and_use_tableware,"/home/fluxx/Workspace/cuchx-large/hf_data_manual/LMT_(IMU,Radar,Skeleton)/Training/HARn/8_Take_and_use_tableware/user17/1-2-3",115.0,137.0,23.0,16889502.416,16889504.616,10.000000003386628
train_harn,HARn/8_Take_and_use_tableware/user17/2-1-1,user17,2-1-1,8_Take_and_use_tableware,"/home/fluxx/Workspace/cuchx-large/hf_data_manual/LMT_(IMU,Radar,Skeleton)/Training/HARn/8_Take_and_use_tableware/user17/2-1-1",58.0,93.0,36.0,17068308.716,17068312.216,10.0
train_harn,HARn/8_Take_and_use_tableware/user17/2-1-2,user17,2-1-2,8_Take_and_use_tableware,"/home/fluxx/Workspace/cuchx-large/hf_data_manual/LMT_(IMU,Radar,Skeleton)/Training/HARn/8_Take_and_use_tableware/user17/2-1-2",44.0,70.0,27.0,17068399.316,17068401.916,9.999999994268784
train_harn,HARn/8_Take_and_use_tableware/user17/2-1-3,user17,2-1-3,8_Take_and_use_tableware,"/home/fluxx/Workspace/cuchx-large/hf_data_manual/LMT_(IMU,Radar,Skeleton)/Training/HARn/8_Take_and_use_tableware/user17/2-1-3",40.0,64.0,25.0,17068473.916,17068476.316,10.000000006208817
train_harn,HARn/8_Take_and_use_tableware/user17/3-2-1,user17,3-2-1,8_Take_and_use_tableware,"/home/fluxx/Workspace/cuchx-large/hf_data_manual/LMT_(IMU,Radar,Skeleton)/Training/HARn/8_Take_and_use_tableware/user17/3-2-1",62.0,107.0,46.0,17068571.116,17068575.616,10.0
train_harn,HARn/8_Take_and_use_tableware/user17/3-2-2,user17,3-2-2,8_Take_and_use_tableware,"/home/fluxx/Workspace/cuchx-large/hf_data_manual/LMT_(IMU,Radar,Skeleton)/Training/HARn/8_Take_and_use_tableware/user17/3-2-2",54.0,82.0,29.0,17068666.316,17068669.116,9.999999997339078
train_harn,HARn/8_Take_and_use_tableware/user17/3-2-3,user17,3-2-3,8_Take_and_use_tableware,"/home/fluxx/Workspace/cuchx-large/hf_data_manual/LMT_(IMU,Radar,Skeleton)/Training/HARn/8_Take_and_use_tableware/user17/3-2-3",49.0,85.0,37.0,17068745.816,17068749.416,9.999999995860788
train_harn,HARn/8_Take_and_use_tableware/user19/7-2-1,user19,7-2-1,8_Take_and_use_tableware,"/home/fluxx/Workspace/cuchx-large/hf_data_manual/LMT_(IMU,Radar,Skeleton)/Training/HARn/8_Take_and_use_tableware/user19/7-2-1",308.0,332.0,25.0,17063837.716,17063840.116,9.999999990686774
train_harn,HARn/8_Take_and_use_tableware/user19/7-2-2,user19,7-2-2,8_Take_and_use_tableware,"/home/fluxx/Workspace/cuchx-large/hf_data_manual/LMT_(IMU,Radar,Skeleton)/Training/HARn/8_Take_and_use_tableware/user19/7-2-2",206.0,226.0,21.0,17063950.516,17063952.516,10.0
train_harn,HARn/8_Take_and_use_tableware/user19/7-2-3,user19,7-2-3,8_Take_and_use_tableware,"/home/fluxx/Workspace/cuchx-large/hf_data_manual/LMT_(IMU,Radar,Skeleton)/Training/HARn/8_Take_and_use_tableware/user19/7-2-3",201.0,216.0,16.0,17064049.016,17064050.516,10.0
train_harn,HARn/8_Take_and_use_tableware/user2/1-2-1,user2,1-2-1,8_Take_and_use_tableware,"/home/fluxx/Workspace/cuchx-large/hf_data_manual/LMT_(IMU,Radar,Skeleton)/Training/HARn/8_Take_and_use_tableware/user2/1-2-1",120.0,151.0,32.0,14144453.916,14144457.016,9.999999995193173
train_harn,HARn/8_Take_and_use_tableware/user2/1-2-2,user2,1-2-2,8_Take_and_use_tableware,"/home/fluxx/Workspace/cuchx-large/hf_data_manual/LMT_(IMU,Radar,Skeleton)/Training/HARn/8_Take_and_use_tableware/user2/1-2-2",113.0,142.0,30.0,14144594.216,14144597.116,9.999999998715417
train_harn,HARn/8_Take_and_use_tableware/user2/1-2-3,user2,1-2-3,8_Take_and_use_tableware,"/home/fluxx/Workspace/cuchx-large/hf_data_manual/LMT_(IMU,Radar,Skeleton)/Training/HARn/8_Take_and_use_tableware/user2/1-2-3",88.0,108.0,21.0,14144704.716,14144706.716,10.0
train_harn,HARn/8_Take_and_use_tableware/user2/2-1-1,user2,2-1-1,8_Take_and_use_tableware,"/home/fluxx/Workspace/cuchx-large/hf_data_manual/LMT_(IMU,Radar,Skeleton)/Training/HARn/8_Take_and_use_tableware/user2/2-1-1",302.0,341.0,40.0,14144907.116,14144911.016,9.999999999044798
train_harn,HARn/8_Take_and_use_tableware/user2/2-1-2,user2,2-1-2,8_Take_and_use_tableware,"/home/fluxx/Workspace/cuchx-large/hf_data_manual/LMT_(IMU,Radar,Skeleton)/Training/HARn/8_Take_and_use_tableware/user2/2-1-2",234.0,313.0,80.0,14145031.316,14145039.216,9.999999999528445
train_harn,HARn/8_Take_and_use_tableware/user2/2-1-3,user2,2-1-3,8_Take_and_use_tableware,"/home/fluxx/Workspace/cuchx-large/hf_data_manual/LMT_(IMU,Radar,Skeleton)/Training/HARn/8_Take_and_use_tableware/user2/2-1-3",123.0,162.0,40.0,14145122.216,14145126.116,9.999999999044798
train_harn,HARn/8_Take_and_use_tableware/user2/2-2-1,user2,2-2-1,8_Take_and_use_tableware,"/home/fluxx/Workspace/cuchx-large/hf_data_manual/LMT_(IMU,Radar,Skeleton)/Training/HARn/8_Take_and_use_tableware/user2/2-2-1",89.0,146.0,58.0,14053661.816,14053667.516,9.999999998039321
train_harn,HARn/8_Take_and_use_tableware/user2/2-2-2,user2,2-2-2,8_Take_and_use_tableware,"/home/fluxx/Workspace/cuchx-large/hf_data_manual/LMT_(IMU,Radar,Skeleton)/Training/HARn/8_Take_and_use_tableware/user2/2-2-2",88.0,144.0,57.0,14053913.716,14053919.316,10.00000000066523
train_harn,HARn/8_Take_and_use_tableware/user2/2-2-3,user2,2-2-3,8_Take_and_use_tableware,"/home/fluxx/Workspace/cuchx-large/hf_data_manual/LMT_(IMU,Radar,Skeleton)/Training/HARn/8_Take_and_use_tableware/user2/2-2-3",48.0,74.0,27.0,14054137.716,14054140.316,10.000000001432804
train_harn,HARn/8_Take_and_use_tableware/user2/4-2-1,user2,4-2-1,8_Take_and_use_tableware,"/home/fluxx/Workspace/cuchx-large/hf_data_manual/LMT_(IMU,Radar,Skeleton)/Training/HARn/8_Take_and_use_tableware/user2/4-2-1",38.0,115.0,78.0,14148309.716,14148317.416,10.000000000967608
train_harn,HARn/8_Take_and_use_tableware/user2/4-2-2,user2,4-2-2,8_Take_and_use_tableware,"/home/fluxx/Workspace/cuchx-large/hf_data_manual/LMT_(IMU,Radar,Skeleton)/Training/HARn/8_Take_and_use_tableware/user2/4-2-2",50.0,129.0,80.0,14148393.916,14148401.816,9.999999999528445
train_harn,HARn/8_Take_and_use_tableware/user2/4-2-3,user2,4-2-3,8_Take_and_use_tableware,"/home/fluxx/Workspace/cuchx-large/hf_data_manual/LMT_(IMU,Radar,Skeleton)/Training/HARn/8_Take_and_use_tableware/user2/4-2-3",39.0,91.0,53.0,14148456.816,14148462.016,9.999999997850795
train_harn,HARn/8_Take_and_use_tableware/user20/2-1-1,user20,2-1-1,8_Take_and_use_tableware,"/home/fluxx/Workspace/cuchx-large/hf_data_manual/LMT_(IMU,Radar,Skeleton)/Training/HARn/8_Take_and_use_tableware/user20/2-1-1",234.0,253.0,20.0,17059758.316,17059760.216,10.000000007842717
train_harn,HARn/8_Take_and_use_tableware/user20/2-1-2,user20,2-1-2,8_Take_and_use_tableware,"/home/fluxx/Workspace/cuchx-large/hf_data_manual/LMT_(IMU,Radar,Skeleton)/Training/HARn/8_Take_and_use_tableware/user20/2-1-2",241.0,254.0,14.0,17059999.016,17060000.316,9.999999994268784
train_harn,HARn/8_Take_and_use_tableware/user20/2-1-3,user20,2-1-3,8_Take_and_use_tableware,"/home/fluxx/Workspace/cuchx-large/hf_data_manual/LMT_(IMU,Radar,Skeleton)/Training/HARn/8_Take_and_use_tableware/user20/2-1-3",132.0,144.0,13.0,17060107.116,17060108.316,10.000000006208817
train_harn,HARn/8_Take_and_use_tableware/user21/2-1-1,user21,2-1-1,8_Take_and_use_tableware,"/home/fluxx/Workspace/cuchx-large/hf_data_manual/LMT_(IMU,Radar,Skeleton)/Training/HARn/8_Take_and_use_tableware/user21/2-1-1",70.0,139.0,70.0,17159378.916,17159385.816,10.000000002159588
train_harn,HARn/8_Take_and_use_tableware/user21/2-1-2,user21,2-1-2,8_Take_and_use_tableware,"/home/fluxx/Workspace/cuchx-large/hf_data_manual/LMT_(IMU,Radar,Skeleton)/Training/HARn/8_Take_and_use_tableware/user21/2-1-2",34.0,108.0,75.0,17159478.316,17159485.716,10.000000002013671
train_harn,HARn/8_Take_and_use_tableware/user21/2-1-3,user21,2-1-3,8_Take_and_use_tableware,"/home/fluxx/Workspace/cuchx-large/hf_data_manual/LMT_(IMU,Radar,Skeleton)/Training/HARn/8_Take_and_use_tableware/user21/2-1-3",24.0,56.0,33.0,17159579.316,17159582.516,10.000000002328306
train_harn,HARn/8_Take_and_use_tableware/user21/3-1-1,user21,3-1-1,8_Take_and_use_tableware,"/home/fluxx/Workspace/cuchx-large/hf_data_manual/LMT_(IMU,Radar,Skeleton)/Training/HARn/8_Take_and_use_tableware/user21/3-1-1",25.0,44.0,20.0,17159655.416,17159657.316,10.000000007842717
train_harn,HARn/8_Take_and_use_tableware/user21/7-1-1,user21,7-1-1,8_Take_and_use_tableware,"/home/fluxx/Workspace/cuchx-large/hf_data_manual/LMT_(IMU,Radar,Skeleton)/Training/HARn/8_Take_and_use_tableware/user21/7-1-1",82.0,91.0,10.0,17160263.116,17160264.016,10.000000016556847
train_harn,HARn/8_Take_and_use_tableware/user21/7-1-2,user21,7-1-2,8_Take_and_use_tableware,"/home/fluxx/Workspace/cuchx-large/hf_data_manual/LMT_(IMU,Radar,Skeleton)/Training/HARn/8_Take_and_use_tableware/user21/7-1-2",53.0,61.0,9.0,17160346.216,17160347.016,9.999999990686774
train_harn,HARn/8_Take_and_use_tableware/user21/7-1-3,user21,7-1-3,8_Take_and_use_tableware,"/home/fluxx/Workspace/cuchx-large/hf_data_manual/LMT_(IMU,Radar,Skeleton)/Training/HARn/8_Take_and_use_tableware/user21/7-1-3",97.0,112.0,16.0,17160424.616,17160426.116,10.0
train_harn,HARn/8_Take_and_use_tableware/user22/2-1-1,user22,2-1-1,8_Take_and_use_tableware,"/home/fluxx/Workspace/cuchx-large/hf_data_manual/LMT_(IMU,Radar,Skeleton)/Training/HARn/8_Take_and_use_tableware/user22/2-1-1",171.0,212.0,42.0,17157983.016,17157987.116,9.99999999636557
train_harn,HARn/8_Take_and_use_tableware/user22/2-1-2,user22,2-1-2,8_Take_and_use_tableware,"/home/fluxx/Workspace/cuchx-large/hf_data_manual/LMT_(IMU,Radar,Skeleton)/Training/HARn/8_Take_and_use_tableware/user22/2-1-2",164.0,212.0,49.0,17158103.316,17158108.116,9.999999998447796
train_harn,HARn/8_Take_and_use_tableware/user22/2-1-3,user22,2-1-3,8_Take_and_use_tableware,"/home/fluxx/Workspace/cuchx-large/hf_data_manual/LMT_(IMU,Radar,Skeleton)/Training/HARn/8_Take_and_use_tableware/user22/2-1-3",106.0,128.0,23.0,17158270.516,17158272.716,10.000000003386628
train_harn,HARn/8_Take_and_use_tableware/user22/6-2-1,user22,6-2-1,8_Take_and_use_tableware,"/home/fluxx/Workspace/cuchx-large/hf_data_manual/LMT_(IMU,Radar,Skeleton)/Training/HARn/8_Take_and_use_tableware/user22/6-2-1",262.0,287.0,26.0,17085635.116,17085637.616,10.0
train_harn,HARn/8_Take_and_use_tableware/user22/6-2-2,user22,6-2-2,8_Take_and_use_tableware,"/home/fluxx/Workspace/cuchx-large/hf_data_manual/LMT_(IMU,Radar,Skeleton)/Training/HARn/8_Take_and_use_tableware/user22/6-2-2",184.0,204.0,21.0,17085768.316,17085770.316,10.0
train_harn,HARn/8_Take_and_use_tableware/user22/6-2-3,user22,6-2-3,8_Take_and_use_tableware,"/home/fluxx/Workspace/cuchx-large/hf_data_manual/LMT_(IMU,Radar,Skeleton)/Training/HARn/8_Take_and_use_tableware/user22/6-2-3",156.0,170.0,15.0,17085855.516,17085856.916,9.99999998403447
train_harn,HARn/8_Take_and_use_tableware/user3/4-1-1,user3,4-1-1,8_Take_and_use_tableware,"/home/fluxx/Workspace/cuchx-large/hf_data_manual/LMT_(IMU,Radar,Skeleton)/Training/HARn/8_Take_and_use_tableware/user3/4-1-1",360.0,370.0,11.0,14062837.916,14062838.916,10.0
train_harn,HARn/8_Take_and_use_tableware/user3/4-1-2,user3,4-1-2,8_Take_and_use_tableware,"/home/fluxx/Workspace/cuchx-large/hf_data_manual/LMT_(IMU,Radar,Skeleton)/Training/HARn/8_Take_and_use_tableware/user3/4-1-2",301.0,310.0,10.0,14062999.016,14062999.916,10.000000016556847
train_harn,HARn/8_Take_and_use_tableware/user3/4-1-3,user3,4-1-3,8_Take_and_use_tableware,"/home/fluxx/Workspace/cuchx-large/hf_data_manual/LMT_(IMU,Radar,Skeleton)/Training/HARn/8_Take_and_use_tableware/user3/4-1-3",248.0,258.0,11.0,14063142.716,14063143.716,10.0
train_harn,HARn/8_Take_and_use_tableware/user3/5-1-1,user3,5-1-1,8_Take_and_use_tableware,"/home/fluxx/Workspace/cuchx-large/hf_data_manual/LMT_(IMU,Radar,Skeleton)/Training/HARn/8_Take_and_use_tableware/user3/5-1-1",51.0,73.0,23.0,14142806.016,14142808.216,10.000000003386628
train_harn,HARn/8_Take_and_use_tableware/user3/5-1-2,user3,5-1-2,8_Take_and_use_tableware,"/home/fluxx/Workspace/cuchx-large/hf_data_manual/LMT_(IMU,Radar,Skeleton)/Training/HARn/8_Take_and_use_tableware/user3/5-1-2",33.0,42.0,10.0,14142899.216,14142900.116,9.999999995860788
train_harn,HARn/8_Take_and_use_tableware/user3/5-1-3,user3,5-1-3,8_Take_and_use_tableware,"/home/fluxx/Workspace/cuchx-large/hf_data_manual/LMT_(IMU,Radar,Skeleton)/Training/HARn/8_Take_and_use_tableware/user3/5-1-3",76.0,89.0,14.0,14142990.516,14142991.816,10.000000008596825
train_harn,HARn/8_Take_and_use_tableware/user3/5-2-1,user3,5-2-1,8_Take_and_use_tableware,"/home/fluxx/Workspace/cuchx-large/hf_data_manual/LMT_(IMU,Radar,Skeleton)/Training/HARn/8_Take_and_use_tableware/user3/5-2-1",185.0,219.0,35.0,14063510.416,14063513.816,9.999999998904327
train_harn,HARn/8_Take_and_use_tableware/user3/5-2-2,user3,5-2-2,8_Take_and_use_tableware,"/home/fluxx/Workspace/cuchx-large/hf_data_manual/LMT_(IMU,Radar,Skeleton)/Training/HARn/8_Take_and_use_tableware/user3/5-2-2",141.0,160.0,20.0,14063643.016,14063644.916,10.000000007842717
train_harn,HARn/8_Take_and_use_tableware/user3/5-2-3,user3,5-2-3,8_Take_and_use_tableware,"/home/fluxx/Workspace/cuchx-large/hf_data_manual/LMT_(IMU,Radar,Skeleton)/Training/HARn/8_Take_and_use_tableware/user3/5-2-3",195.0,235.0,41.0,14063792.416,14063796.416,10.0
train_harn,HARn/8_Take_and_use_tableware/user3/6-1-1,user3,6-1-1,8_Take_and_use_tableware,"/home/fluxx/Workspace/cuchx-large/hf_data_manual/LMT_(IMU,Radar,Skeleton)/Training/HARn/8_Take_and_use_tableware/user3/6-1-1",83.0,161.0,27.0,14143157.216,14143165.016,3.3333333330149326
train_harn,HARn/8_Take_and_use_tableware/user3/6-1-2,user3,6-1-2,8_Take_and_use_tableware,"/home/fluxx/Workspace/cuchx-large/hf_data_manual/LMT_(IMU,Radar,Skeleton)/Training/HARn/8_Take_and_use_tableware/user3/6-1-2",89.0,174.0,42.0,14143263.816,14143272.316,4.823529411764706
train_harn,HARn/8_Take_and_use_tableware/user3/6-1-3,user3,6-1-3,8_Take_and_use_tableware,"/home/fluxx/Workspace/cuchx-large/hf_data_manual/LMT_(IMU,Radar,Skeleton)/Training/HARn/8_Take_and_use_tableware/user3/6-1-3",57.0,98.0,19.0,14143369.616,14143373.716,4.390243902837925
train_harn,HARn/8_Take_and_use_tableware/user4/1-2-1,user4,1-2-1,8_Take_and_use_tableware,"/home/fluxx/Workspace/cuchx-large/hf_data_manual/LMT_(IMU,Radar,Skeleton)/Training/HARn/8_Take_and_use_tableware/user4/1-2-1",370.0,431.0,62.0,14137577.916,14137584.016,9.999999997557186
train_harn,HARn/8_Take_and_use_tableware/user4/1-2-2,user4,1-2-2,8_Take_and_use_tableware,"/home/fluxx/Workspace/cuchx-large/hf_data_manual/LMT_(IMU,Radar,Skeleton)/Training/HARn/8_Take_and_use_tableware/user4/1-2-2",359.0,404.0,46.0,14138277.816,14138282.316,10.0
train_harn,HARn/8_Take_and_use_tableware/user4/2-1-1,user4,2-1-1,8_Take_and_use_tableware,"/home/fluxx/Workspace/cuchx-large/hf_data_manual/LMT_(IMU,Radar,Skeleton)/Training/HARn/8_Take_and_use_tableware/user4/2-1-1",340.0,358.0,19.0,14065404.916,14065406.716,9.999999995860788
train_harn,HARn/8_Take_and_use_tableware/user4/2-1-2,user4,2-1-2,8_Take_and_use_tableware,"/home/fluxx/Workspace/cuchx-large/hf_data_manual/LMT_(IMU,Radar,Skeleton)/Training/HARn/8_Take_and_use_tableware/user4/2-1-2",233.0,242.0,10.0,14065546.216,14065547.116,9.999999995860788
train_harn,HARn/8_Take_and_use_tableware/user4/2-1-3,user4,2-1-3,8_Take_and_use_tableware,"/home/fluxx/Workspace/cuchx-large/hf_data_manual/LMT_(IMU,Radar,Skeleton)/Training/HARn/8_Take_and_use_tableware/user4/2-1-3",154.0,162.0,9.0,14065613.316,14065614.116,9.999999990686774
train_harn,HARn/8_Take_and_use_tableware/user6/1-2-1,user6,1-2-1,8_Take_and_use_tableware,"/home/fluxx/Workspace/cuchx-large/hf_data_manual/LMT_(IMU,Radar,Skeleton)/Training/HARn/8_Take_and_use_tableware/user6/1-2-1",249.0,278.0,30.0,16201575.816,16201578.716,9.999999998715417
train_harn,HARn/8_Take_and_use_tableware/user6/1-2-2,user6,1-2-2,8_Take_and_use_tableware,"/home/fluxx/Workspace/cuchx-large/hf_data_manual/LMT_(IMU,Radar,Skeleton)/Training/HARn/8_Take_and_use_tableware/user6/1-2-2",141.0,163.0,23.0,16201689.016,16201691.216,10.000000003386628
train_harn,HARn/8_Take_and_use_tableware/user6/1-2-3,user6,1-2-3,8_Take_and_use_tableware,"/home/fluxx/Workspace/cuchx-large/hf_data_manual/LMT_(IMU,Radar,Skeleton)/Training/HARn/8_Take_and_use_tableware/user6/1-2-3",74.0,86.0,13.0,16201749.316,16201750.516,9.999999990686774
train_harn,HARn/8_Take_and_use_tableware/user6/2-1-1,user6,2-1-1,8_Take_and_use_tableware,"/home/fluxx/Workspace/cuchx-large/hf_data_manual/LMT_(IMU,Radar,Skeleton)/Training/HARn/8_Take_and_use_tableware/user6/2-1-1",146.0,206.0,61.0,16201962.516,16201968.516,10.0
train_harn,HARn/8_Take_and_use_tableware/user6/2-1-2,user6,2-1-2,8_Take_and_use_tableware,"/home/fluxx/Workspace/cuchx-large/hf_data_manual/LMT_(IMU,Radar,Skeleton)/Training/HARn/8_Take_and_use_tableware/user6/2-1-2",137.0,176.0,40.0,16202057.616,16202061.516,9.999999999044798
train_harn,HARn/8_Take_and_use_tableware/user6/2-1-3,user6,2-1-3,8_Take_and_use_tableware,"/home/fluxx/Workspace/cuchx-large/hf_data_manual/LMT_(IMU,Radar,Skeleton)/Training/HARn/8_Take_and_use_tableware/user6/2-1-3",89.0,125.0,37.0,16202124.816,16202128.416,10.000000001034802
train_harn,HARn/8_Take_and_use_tableware/user6/2-3-1,user6,2-3-1,8_Take_and_use_tableware,"/home/fluxx/Workspace/cuchx-large/hf_data_manual/LMT_(IMU,Radar,Skeleton)/Training/HARn/8_Take_and_use_tableware/user6/2-3-1",74.0,114.0,41.0,16202301.316,16202305.316,10.0
train_harn,HARn/8_Take_and_use_tableware/user6/2-3-2,user6,2-3-2,8_Take_and_use_tableware,"/home/fluxx/Workspace/cuchx-large/hf_data_manual/LMT_(IMU,Radar,Skeleton)/Training/HARn/8_Take_and_use_tableware/user6/2-3-2",74.0,123.0,50.0,16202370.316,16202375.216,9.999999999239737
train_harn,HARn/8_Take_and_use_tableware/user6/2-3-3,user6,2-3-3,8_Take_and_use_tableware,"/home/fluxx/Workspace/cuchx-large/hf_data_manual/LMT_(IMU,Radar,Skeleton)/Training/HARn/8_Take_and_use_tableware/user6/2-3-3",52.0,103.0,52.0,16202419.116,16202424.216,10.000000000730449
train_harn,HARn/8_Take_and_use_tableware/user6/6-2-1,user6,6-2-1,8_Take_and_use_tableware,"/home/fluxx/Workspace/cuchx-large/hf_data_manual/LMT_(IMU,Radar,Skeleton)/Training/HARn/8_Take_and_use_tableware/user6/6-2-1",316.0,339.0,24.0,16203173.516,16203175.816,10.000000004859075
train_harn,HARn/8_Take_and_use_tableware/user6/6-2-2,user6,6-2-2,8_Take_and_use_tableware,"/home/fluxx/Workspace/cuchx-large/hf_data_manual/LMT_(IMU,Radar,Skeleton)/Training/HARn/8_Take_and_use_tableware/user6/6-2-2",165.0,177.0,13.0,16203255.416,16203256.616,9.999999990686774
train_harn,HARn/8_Take_and_use_tableware/user6/6-2-3,user6,6-2-3,8_Take_and_use_tableware,"/home/fluxx/Workspace/cuchx-large/hf_data_manual/LMT_(IMU,Radar,Skeleton)/Training/HARn/8_Take_and_use_tableware/user6/6-2-3",287.0,318.0,32.0,16203360.616,16203363.716,10.000000001201707
train_harn,HARn/8_Take_and_use_tableware/user6/7-2-1,user6,7-2-1,8_Take_and_use_tableware,"/home/fluxx/Workspace/cuchx-large/hf_data_manual/LMT_(IMU,Radar,Skeleton)/Training/HARn/8_Take_and_use_tableware/user6/7-2-1",86.0,109.0,24.0,16203464.516,16203466.816,10.000000004859075
train_harn,HARn/8_Take_and_use_tableware/user6/7-2-2,user6,7-2-2,8_Take_and_use_tableware,"/home/fluxx/Workspace/cuchx-large/hf_data_manual/LMT_(IMU,Radar,Skeleton)/Training/HARn/8_Take_and_use_tableware/user6/7-2-2",64.0,86.0,23.0,16203552.316,16203554.516,9.999999994920058
train_harn,HARn/8_Take_and_use_tableware/user6/7-2-3,user6,7-2-3,8_Take_and_use_tableware,"/home/fluxx/Workspace/cuchx-large/hf_data_manual/LMT_(IMU,Radar,Skeleton)/Training/HARn/8_Take_and_use_tableware/user6/7-2-3",48.0,62.0,15.0,16203638.716,16203640.116,9.999999997339078
train_harn,HARn/8_Take_and_use_tableware/user7/1-2-1,user7,1-2-1,8_Take_and_use_tableware,"/home/fluxx/Workspace/cuchx-large/hf_data_manual/LMT_(IMU,Radar,Skeleton)/Training/HARn/8_Take_and_use_tableware/user7/1-2-1",101.0,123.0,23.0,16056572.016,16056574.216,10.000000003386628
train_harn,HARn/8_Take_and_use_tableware/user7/1-2-2,user7,1-2-2,8_Take_and_use_tableware,"/home/fluxx/Workspace/cuchx-large/hf_data_manual/LMT_(IMU,Radar,Skeleton)/Training/HARn/8_Take_and_use_tableware/user7/1-2-2",61.0,67.0,7.0,16056699.016,16056699.616,10.000000006208817
train_harn,HARn/8_Take_and_use_tableware/user7/1-2-3,user7,1-2-3,8_Take_and_use_tableware,"/home/fluxx/Workspace/cuchx-large/hf_data_manual/LMT_(IMU,Radar,Skeleton)/Training/HARn/8_Take_and_use_tableware/user7/1-2-3",90.0,103.0,14.0,16056801.916,16056803.216,9.999999994268784
train_harn,HARn/8_Take_and_use_tableware/user7/2-1-1,user7,2-1-1,8_Take_and_use_tableware,"/home/fluxx/Workspace/cuchx-large/hf_data_manual/LMT_(IMU,Radar,Skeleton)/Training/HARn/8_Take_and_use_tableware/user7/2-1-1",42.0,79.0,38.0,16204144.116,16204147.816,10.000000002013671
train_harn,HARn/8_Take_and_use_tableware/user7/2-1-2,user7,2-1-2,8_Take_and_use_tableware,"/home/fluxx/Workspace/cuchx-large/hf_data_manual/LMT_(IMU,Radar,Skeleton)/Training/HARn/8_Take_and_use_tableware/user7/2-1-2",32.0,74.0,43.0,16204232.116,16204236.316,10.000000001773948
train_harn,HARn/8_Take_and_use_tableware/user7/2-1-3,user7,2-1-3,8_Take_and_use_tableware,"/home/fluxx/Workspace/cuchx-large/hf_data_manual/LMT_(IMU,Radar,Skeleton)/Training/HARn/8_Take_and_use_tableware/user7/2-1-3",30.0,66.0,37.0,16204351.916,16204355.516,9.999999995860788
train_harn,HARn/8_Take_and_use_tableware/user7/3-2-1,user7,3-2-1,8_Take_and_use_tableware,"/home/fluxx/Workspace/cuchx-large/hf_data_manual/LMT_(IMU,Radar,Skeleton)/Training/HARn/8_Take_and_use_tableware/user7/3-2-1",131.0,140.0,10.0,16204454.016,16204454.916,10.000000016556847
train_harn,HARn/8_Take_and_use_tableware/user7/3-2-2,user7,3-2-2,8_Take_and_use_tableware,"/home/fluxx/Workspace/cuchx-large/hf_data_manual/LMT_(IMU,Radar,Skeleton)/Training/HARn/8_Take_and_use_tableware/user7/3-2-2",99.0,123.0,25.0,16204528.816,16204531.216,9.999999998447796
train_harn,HARn/8_Take_and_use_tableware/user7/3-2-3,user7,3-2-3,8_Take_and_use_tableware,"/home/fluxx/Workspace/cuchx-large/hf_data_manual/LMT_(IMU,Radar,Skeleton)/Training/HARn/8_Take_and_use_tableware/user7/3-2-3",71.0,80.0,10.0,16204586.016,16204586.916,10.000000016556847
train_harn,HARn/8_Take_and_use_tableware/user7/5-3-1,user7,5-3-1,8_Take_and_use_tableware,"/home/fluxx/Workspace/cuchx-large/hf_data_manual/LMT_(IMU,Radar,Skeleton)/Training/HARn/8_Take_and_use_tableware/user7/5-3-1",75.0,92.0,18.0,16059161.416,16059163.116,9.99999999342596
train_harn,HARn/8_Take_and_use_tableware/user7/5-3-2,user7,5-3-2,8_Take_and_use_tableware,"/home/fluxx/Workspace/cuchx-large/hf_data_manual/LMT_(IMU,Radar,Skeleton)/Training/HARn/8_Take_and_use_tableware/user7/5-3-2",62.0,78.0,17.0,16059244.116,16059245.716,10.000000002328306
train_harn,HARn/8_Take_and_use_tableware/user7/5-3-3,user7,5-3-3,8_Take_and_use_tableware,"/home/fluxx/Workspace/cuchx-large/hf_data_manual/LMT_(IMU,Radar,Skeleton)/Training/HARn/8_Take_and_use_tableware/user7/5-3-3",43.0,51.0,9.0,16059316.216,16059317.016,9.999999990686774
train_harn,HARn/9_Pour_drinks/user1/2-1-2,user1,2-1-2,9_Pour_drinks,"/home/fluxx/Workspace/cuchx-large/hf_data_manual/LMT_(IMU,Radar,Skeleton)/Training/HARn/9_Pour_drinks/user1/2-1-2",97.0,133.0,37.0,14150446.616,14150450.216,10.000000001034802
train_harn,HARn/9_Pour_drinks/user1/2-1-3,user1,2-1-3,9_Pour_drinks,"/home/fluxx/Workspace/cuchx-large/hf_data_manual/LMT_(IMU,Radar,Skeleton)/Training/HARn/9_Pour_drinks/user1/2-1-3",79.0,111.0,33.0,14150611.816,14150615.016,9.99999999650754
train_harn,HARn/9_Pour_drinks/user1/4-1-1,user1,4-1-1,9_Pour_drinks,"/home/fluxx/Workspace/cuchx-large/hf_data_manual/LMT_(IMU,Radar,Skeleton)/Training/HARn/9_Pour_drinks/user1/4-1-1",398.0,472.0,75.0,14048293.716,14048301.116,9.999999999496582
train_harn,HARn/9_Pour_drinks/user1/4-1-2,user1,4-1-2,9_Pour_drinks,"/home/fluxx/Workspace/cuchx-large/hf_data_manual/LMT_(IMU,Radar,Skeleton)/Training/HARn/9_Pour_drinks/user1/4-1-2",301.0,372.0,72.0,14048589.016,14048596.116,10.00000000052469
train_harn,HARn/9_Pour_drinks/user1/4-1-3,user1,4-1-3,9_Pour_drinks,"/home/fluxx/Workspace/cuchx-large/hf_data_manual/LMT_(IMU,Radar,Skeleton)/Training/HARn/9_Pour_drinks/user1/4-1-3",154.0,224.0,71.0,14048874.316,14048881.316,10.0
train_harn,HARn/9_Pour_drinks/user16/1-2-1,user16,1-2-1,9_Pour_drinks,"/home/fluxx/Workspace/cuchx-large/hf_data_manual/LMT_(IMU,Radar,Skeleton)/Training/HARn/9_Pour_drinks/user16/1-2-1",106.0,142.0,37.0,17072306.516,17072310.116,9.999999995860788
train_harn,HARn/9_Pour_drinks/user16/1-2-2,user16,1-2-2,9_Pour_drinks,"/home/fluxx/Workspace/cuchx-large/hf_data_manual/LMT_(IMU,Radar,Skeleton)/Training/HARn/9_Pour_drinks/user16/1-2-2",126.0,181.0,56.0,17072396.516,17072402.016,10.0
train_harn,HARn/9_Pour_drinks/user16/1-2-3,user16,1-2-3,9_Pour_drinks,"/home/fluxx/Workspace/cuchx-large/hf_data_manual/LMT_(IMU,Radar,Skeleton)/Training/HARn/9_Pour_drinks/user16/1-2-3",60.0,90.0,31.0,17072482.916,17072485.916,10.0
train_harn,HARn/9_Pour_drinks/user16/2-1-1,user16,2-1-1,9_Pour_drinks,"/home/fluxx/Workspace/cuchx-large/hf_data_manual/LMT_(IMU,Radar,Skeleton)/Training/HARn/9_Pour_drinks/user16/2-1-1",100.0,140.0,41.0,17072630.916,17072634.916,10.0
train_harn,HARn/9_Pour_drinks/user16/2-1-2,user16,2-1-2,9_Pour_drinks,"/home/fluxx/Workspace/cuchx-large/hf_data_manual/LMT_(IMU,Radar,Skeleton)/Training/HARn/9_Pour_drinks/user16/2-1-2",82.0,101.0,20.0,17072730.116,17072732.016,10.000000007842717
train_harn,HARn/9_Pour_drinks/user16/2-1-3,user16,2-1-3,9_Pour_drinks,"/home/fluxx/Workspace/cuchx-large/hf_data_manual/LMT_(IMU,Radar,Skeleton)/Training/HARn/9_Pour_drinks/user16/2-1-3",61.0,84.0,24.0,17072811.016,17072813.316,9.999999996760618
train_harn,HARn/9_Pour_drinks/user16/7-2-1,user16,7-2-1,9_Pour_drinks,"/home/fluxx/Workspace/cuchx-large/hf_data_manual/LMT_(IMU,Radar,Skeleton)/Training/HARn/9_Pour_drinks/user16/7-2-1",47.0,78.0,32.0,17074869.616,17074872.716,10.00000000721024
train_harn,HARn/9_Pour_drinks/user16/7-2-2,user16,7-2-2,9_Pour_drinks,"/home/fluxx/Workspace/cuchx-large/hf_data_manual/LMT_(IMU,Radar,Skeleton)/Training/HARn/9_Pour_drinks/user16/7-2-2",42.0,71.0,30.0,17074954.116,17074957.016,10.00000000513833
train_harn,HARn/9_Pour_drinks/user16/7-2-3,user16,7-2-3,9_Pour_drinks,"/home/fluxx/Workspace/cuchx-large/hf_data_manual/LMT_(IMU,Radar,Skeleton)/Training/HARn/9_Pour_drinks/user16/7-2-3",23.0,47.0,25.0,17075099.216,17075101.616,9.999999990686774
train_harn,HARn/9_Pour_drinks/user17/1-2-1,user17,1-2-1,9_Pour_drinks,"/home/fluxx/Workspace/cuchx-large/hf_data_manual/LMT_(IMU,Radar,Skeleton)/Training/HARn/9_Pour_drinks/user17/1-2-1",132.0,158.0,27.0,16889270.116,16889272.716,10.000000008596825
train_harn,HARn/9_Pour_drinks/user17/1-2-2,user17,1-2-2,9_Pour_drinks,"/home/fluxx/Workspace/cuchx-large/hf_data_manual/LMT_(IMU,Radar,Skeleton)/Training/HARn/9_Pour_drinks/user17/1-2-2",72.0,85.0,14.0,16889402.116,16889403.416,9.999999994268784
train_harn,HARn/9_Pour_drinks/user17/1-2-3,user17,1-2-3,9_Pour_drinks,"/home/fluxx/Workspace/cuchx-large/hf_data_manual/LMT_(IMU,Radar,Skeleton)/Training/HARn/9_Pour_drinks/user17/1-2-3",77.0,101.0,25.0,16889498.616,16889501.016,10.000000006208817
train_harn,HARn/9_Pour_drinks/user17/2-1-1,user17,2-1-1,9_Pour_drinks,"/home/fluxx/Workspace/cuchx-large/hf_data_manual/LMT_(IMU,Radar,Skeleton)/Training/HARn/9_Pour_drinks/user17/2-1-1",169.0,197.0,29.0,17068319.816,17068322.616,9.999999997339078
train_harn,HARn/9_Pour_drinks/user17/2-1-2,user17,2-1-2,9_Pour_drinks,"/home/fluxx/Workspace/cuchx-large/hf_data_manual/LMT_(IMU,Radar,Skeleton)/Training/HARn/9_Pour_drinks/user17/2-1-2",135.0,154.0,20.0,17068408.416,17068410.316,10.000000007842717
train_harn,HARn/9_Pour_drinks/user17/2-1-3,user17,2-1-3,9_Pour_drinks,"/home/fluxx/Workspace/cuchx-large/hf_data_manual/LMT_(IMU,Radar,Skeleton)/Training/HARn/9_Pour_drinks/user17/2-1-3",133.0,145.0,13.0,17068483.216,17068484.416,9.999999975164732
train_harn,HARn/9_Pour_drinks/user17/5-2-1,user17,5-2-1,9_Pour_drinks,"/home/fluxx/Workspace/cuchx-large/hf_data_manual/LMT_(IMU,Radar,Skeleton)/Training/HARn/9_Pour_drinks/user17/5-2-1",67.0,84.0,18.0,17068906.616,17068908.316,10.000000004382695
train_harn,HARn/9_Pour_drinks/user17/5-2-2,user17,5-2-2,9_Pour_drinks,"/home/fluxx/Workspace/cuchx-large/hf_data_manual/LMT_(IMU,Radar,Skeleton)/Training/HARn/9_Pour_drinks/user17/5-2-2",60.0,82.0,23.0,17069350.916,17069353.116,10.000000003386628
train_harn,HARn/9_Pour_drinks/user17/5-2-3,user17,5-2-3,9_Pour_drinks,"/home/fluxx/Workspace/cuchx-large/hf_data_manual/LMT_(IMU,Radar,Skeleton)/Training/HARn/9_Pour_drinks/user17/5-2-3",45.0,58.0,14.0,17069437.416,17069438.716,10.000000022924864
train_harn,HARn/9_Pour_drinks/user18/3-2-1,user18,3-2-1,9_Pour_drinks,"/home/fluxx/Workspace/cuchx-large/hf_data_manual/LMT_(IMU,Radar,Skeleton)/Training/HARn/9_Pour_drinks/user18/3-2-1",82.0,112.0,31.0,17065115.116,17065118.116,10.0
train_harn,HARn/9_Pour_drinks/user18/3-2-2,user18,3-2-2,9_Pour_drinks,"/home/fluxx/Workspace/cuchx-large/hf_data_manual/LMT_(IMU,Radar,Skeleton)/Training/HARn/9_Pour_drinks/user18/3-2-2",67.0,80.0,14.0,17065242.616,17065243.916,9.999999994268784
train_harn,HARn/9_Pour_drinks/user18/3-2-3,user18,3-2-3,9_Pour_drinks,"/home/fluxx/Workspace/cuchx-large/hf_data_manual/LMT_(IMU,Radar,Skeleton)/Training/HARn/9_Pour_drinks/user18/3-2-3",90.0,99.0,10.0,17065318.916,17065319.816,10.000000016556847
train_harn,HARn/9_Pour_drinks/user18/4-2-1,user18,4-2-1,9_Pour_drinks,"/home/fluxx/Workspace/cuchx-large/hf_data_manual/LMT_(IMU,Radar,Skeleton)/Training/HARn/9_Pour_drinks/user18/4-2-1",71.0,76.0,6.0,17070726.016,17070726.516,10.0
train_harn,HARn/9_Pour_drinks/user18/4-2-2,user18,4-2-2,9_Pour_drinks,"/home/fluxx/Workspace/cuchx-large/hf_data_manual/LMT_(IMU,Radar,Skeleton)/Training/HARn/9_Pour_drinks/user18/4-2-2",63.0,66.0,4.0,17070894.216,17070894.516,9.999999975164732
train_harn,HARn/9_Pour_drinks/user18/4-2-3,user18,4-2-3,9_Pour_drinks,"/home/fluxx/Workspace/cuchx-large/hf_data_manual/LMT_(IMU,Radar,Skeleton)/Training/HARn/9_Pour_drinks/user18/4-2-3",57.0,64.0,8.0,17071052.616,17071053.316,10.000000010643687
train_harn,HARn/9_Pour_drinks/user18/7-2-1,user18,7-2-1,9_Pour_drinks,"/home/fluxx/Workspace/cuchx-large/hf_data_manual/LMT_(IMU,Radar,Skeleton)/Training/HARn/9_Pour_drinks/user18/7-2-1",41.0,48.0,8.0,17071220.016,17071220.716,10.000000010643687
train_harn,HARn/9_Pour_drinks/user18/7-2-2,user18,7-2-2,9_Pour_drinks,"/home/fluxx/Workspace/cuchx-large/hf_data_manual/LMT_(IMU,Radar,Skeleton)/Training/HARn/9_Pour_drinks/user18/7-2-2",36.0,41.0,6.0,17071307.516,17071308.016,10.0
train_harn,HARn/9_Pour_drinks/user18/7-2-3,user18,7-2-3,9_Pour_drinks,"/home/fluxx/Workspace/cuchx-large/hf_data_manual/LMT_(IMU,Radar,Skeleton)/Training/HARn/9_Pour_drinks/user18/7-2-3",29.0,32.0,4.0,17071401.816,17071402.116,9.999999975164732
train_harn,HARn/9_Pour_drinks/user19/2-1-1,user19,2-1-1,9_Pour_drinks,"/home/fluxx/Workspace/cuchx-large/hf_data_manual/LMT_(IMU,Radar,Skeleton)/Training/HARn/9_Pour_drinks/user19/2-1-1",98.0,142.0,45.0,17061317.716,17061322.116,9.999999994920058
train_harn,HARn/9_Pour_drinks/user19/2-1-2,user19,2-1-2,9_Pour_drinks,"/home/fluxx/Workspace/cuchx-large/hf_data_manual/LMT_(IMU,Radar,Skeleton)/Training/HARn/9_Pour_drinks/user19/2-1-2",91.0,130.0,40.0,17061417.016,17061420.916,9.999999994268784
train_harn,HARn/9_Pour_drinks/user19/2-1-3,user19,2-1-3,9_Pour_drinks,"/home/fluxx/Workspace/cuchx-large/hf_data_manual/LMT_(IMU,Radar,Skeleton)/Training/HARn/9_Pour_drinks/user19/2-1-3",45.0,77.0,33.0,17061499.416,17061502.616,10.000000002328306
train_harn,HARn/9_Pour_drinks/user19/3-2-1,user19,3-2-1,9_Pour_drinks,"/home/fluxx/Workspace/cuchx-large/hf_data_manual/LMT_(IMU,Radar,Skeleton)/Training/HARn/9_Pour_drinks/user19/3-2-1",62.0,99.0,38.0,17062146.116,17062149.816,10.000000002013671
train_harn,HARn/9_Pour_drinks/user19/3-2-2,user19,3-2-2,9_Pour_drinks,"/home/fluxx/Workspace/cuchx-large/hf_data_manual/LMT_(IMU,Radar,Skeleton)/Training/HARn/9_Pour_drinks/user19/3-2-2",59.0,91.0,33.0,17062253.816,17062257.016,10.000000002328306
train_harn,HARn/9_Pour_drinks/user19/3-2-3,user19,3-2-3,9_Pour_drinks,"/home/fluxx/Workspace/cuchx-large/hf_data_manual/LMT_(IMU,Radar,Skeleton)/Training/HARn/9_Pour_drinks/user19/3-2-3",55.0,77.0,23.0,17062512.416,17062514.616,10.000000003386628
train_harn,HARn/9_Pour_drinks/user19/7-2-1,user19,7-2-1,9_Pour_drinks,"/home/fluxx/Workspace/cuchx-large/hf_data_manual/LMT_(IMU,Radar,Skeleton)/Training/HARn/9_Pour_drinks/user19/7-2-1",388.0,416.0,29.0,17063845.716,17063848.516,9.999999997339078
train_harn,HARn/9_Pour_drinks/user19/7-2-2,user19,7-2-2,9_Pour_drinks,"/home/fluxx/Workspace/cuchx-large/hf_data_manual/LMT_(IMU,Radar,Skeleton)/Training/HARn/9_Pour_drinks/user19/7-2-2",267.0,287.0,21.0,17063956.616,17063958.616,10.0
train_harn,HARn/9_Pour_drinks/user19/7-2-3,user19,7-2-3,9_Pour_drinks,"/home/fluxx/Workspace/cuchx-large/hf_data_manual/LMT_(IMU,Radar,Skeleton)/Training/HARn/9_Pour_drinks/user19/7-2-3",247.0,278.0,32.0,17064053.616,17064056.716,10.00000000721024
train_harn,HARn/9_Pour_drinks/user2/2-1-1,user2,2-1-1,9_Pour_drinks,"/home/fluxx/Workspace/cuchx-large/hf_data_manual/LMT_(IMU,Radar,Skeleton)/Training/HARn/9_Pour_drinks/user2/2-1-1",169.0,226.0,58.0,14144893.816,14144899.516,9.999999998039321
train_harn,HARn/9_Pour_drinks/user2/2-1-2,user2,2-1-2,9_Pour_drinks,"/home/fluxx/Workspace/cuchx-large/hf_data_manual/LMT_(IMU,Radar,Skeleton)/Training/HARn/9_Pour_drinks/user2/2-1-2",145.0,203.0,59.0,14145022.416,14145028.216,9.999999998715417
train_harn,HARn/9_Pour_drinks/user2/2-1-3,user2,2-1-3,9_Pour_drinks,"/home/fluxx/Workspace/cuchx-large/hf_data_manual/LMT_(IMU,Radar,Skeleton)/Training/HARn/9_Pour_drinks/user2/2-1-3",74.0,98.0,25.0,14145117.316,14145119.716,9.999999998447796
train_harn,HARn/9_Pour_drinks/user2/6-1-1,user2,6-1-1,9_Pour_drinks,"/home/fluxx/Workspace/cuchx-large/hf_data_manual/LMT_(IMU,Radar,Skeleton)/Training/HARn/9_Pour_drinks/user2/6-1-1",117.0,166.0,50.0,14057757.616,14057762.516,9.999999999239737
train_harn,HARn/9_Pour_drinks/user20/2-1-1,user20,2-1-1,9_Pour_drinks,"/home/fluxx/Workspace/cuchx-large/hf_data_manual/LMT_(IMU,Radar,Skeleton)/Training/HARn/9_Pour_drinks/user20/2-1-1",102.0,173.0,72.0,17059745.116,17059752.216,10.000000003148132
train_harn,HARn/9_Pour_drinks/user20/2-1-2,user20,2-1-2,9_Pour_drinks,"/home/fluxx/Workspace/cuchx-large/hf_data_manual/LMT_(IMU,Radar,Skeleton)/Training/HARn/9_Pour_drinks/user20/2-1-2",151.0,211.0,61.0,17059990.016,17059996.016,10.0
train_harn,HARn/9_Pour_drinks/user20/2-1-3,user20,2-1-3,9_Pour_drinks,"/home/fluxx/Workspace/cuchx-large/hf_data_manual/LMT_(IMU,Radar,Skeleton)/Training/HARn/9_Pour_drinks/user20/2-1-3",72.0,116.0,45.0,17060101.116,17060105.516,10.000000003386628
train_harn,HARn/9_Pour_drinks/user20/3-1-1,user20,3-1-1,9_Pour_drinks,"/home/fluxx/Workspace/cuchx-large/hf_data_manual/LMT_(IMU,Radar,Skeleton)/Training/HARn/9_Pour_drinks/user20/3-1-1",52.0,116.0,65.0,17060241.116,17060247.516,10.000000002328306
train_harn,HARn/9_Pour_drinks/user20/3-1-2,user20,3-1-2,9_Pour_drinks,"/home/fluxx/Workspace/cuchx-large/hf_data_manual/LMT_(IMU,Radar,Skeleton)/Training/HARn/9_Pour_drinks/user20/3-1-2",32.0,99.0,68.0,17060443.116,17060449.816,10.000000001112028
train_harn,HARn/9_Pour_drinks/user20/3-1-3,user20,3-1-3,9_Pour_drinks,"/home/fluxx/Workspace/cuchx-large/hf_data_manual/LMT_(IMU,Radar,Skeleton)/Training/HARn/9_Pour_drinks/user20/3-1-3",29.0,75.0,47.0,17060598.816,17060603.416,9.999999996760618
train_harn,HARn/9_Pour_drinks/user20/5-1-1,user20,5-1-1,9_Pour_drinks,"/home/fluxx/Workspace/cuchx-large/hf_data_manual/LMT_(IMU,Radar,Skeleton)/Training/HARn/9_Pour_drinks/user20/5-1-1",107.0,129.0,23.0,16904888.616,16904890.816,10.000000003386628
train_harn,HARn/9_Pour_drinks/user20/5-1-2,user20,5-1-2,9_Pour_drinks,"/home/fluxx/Workspace/cuchx-large/hf_data_manual/LMT_(IMU,Radar,Skeleton)/Training/HARn/9_Pour_drinks/user20/5-1-2",119.0,154.0,36.0,16905025.816,16905029.316,10.0
train_harn,HARn/9_Pour_drinks/user20/5-1-3,user20,5-1-3,9_Pour_drinks,"/home/fluxx/Workspace/cuchx-large/hf_data_manual/LMT_(IMU,Radar,Skeleton)/Training/HARn/9_Pour_drinks/user20/5-1-3",125.0,151.0,27.0,16905119.416,16905122.016,10.000000008596825
train_harn,HARn/9_Pour_drinks/user20/6-3-1,user20,6-3-1,9_Pour_drinks,"/home/fluxx/Workspace/cuchx-large/hf_data_manual/LMT_(IMU,Radar,Skeleton)/Training/HARn/9_Pour_drinks/user20/6-3-1",54.0,101.0,48.0,16902546.316,16902551.016,10.00000000158523
train_harn,HARn/9_Pour_drinks/user20/6-3-2,user20,6-3-2,9_Pour_drinks,"/home/fluxx/Workspace/cuchx-large/hf_data_manual/LMT_(IMU,Radar,Skeleton)/Training/HARn/9_Pour_drinks/user20/6-3-2",44.0,67.0,24.0,16902630.316,16902632.616,9.999999996760618
train_harn,HARn/9_Pour_drinks/user20/6-3-3,user20,6-3-3,9_Pour_drinks,"/home/fluxx/Workspace/cuchx-large/hf_data_manual/LMT_(IMU,Radar,Skeleton)/Training/HARn/9_Pour_drinks/user20/6-3-3",44.0,86.0,43.0,16902689.316,16902693.516,10.000000001773948
train_harn,HARn/9_Pour_drinks/user20/7-1-1,user20,7-1-1,9_Pour_drinks,"/home/fluxx/Workspace/cuchx-large/hf_data_manual/LMT_(IMU,Radar,Skeleton)/Training/HARn/9_Pour_drinks/user20/7-1-1",122.0,163.0,42.0,17060804.116,17060808.216,10.000000005451644
train_harn,HARn/9_Pour_drinks/user20/7-1-2,user20,7-1-2,9_Pour_drinks,"/home/fluxx/Workspace/cuchx-large/hf_data_manual/LMT_(IMU,Radar,Skeleton)/Training/HARn/9_Pour_drinks/user20/7-1-2",113.0,169.0,57.0,17060909.216,17060914.816,9.999999997339078
train_harn,HARn/9_Pour_drinks/user20/7-1-3,user20,7-1-3,9_Pour_drinks,"/home/fluxx/Workspace/cuchx-large/hf_data_manual/LMT_(IMU,Radar,Skeleton)/Training/HARn/9_Pour_drinks/user20/7-1-3",90.0,119.0,30.0,17060992.916,17060995.816,10.00000000513833
train_harn,HARn/9_Pour_drinks/user21/6-2-1,user21,6-2-1,9_Pour_drinks,"/home/fluxx/Workspace/cuchx-large/hf_data_manual/LMT_(IMU,Radar,Skeleton)/Training/HARn/9_Pour_drinks/user21/6-2-1",116.0,140.0,25.0,17083400.516,17083402.916,9.999999990686774
train_harn,HARn/9_Pour_drinks/user21/6-2-2,user21,6-2-2,9_Pour_drinks,"/home/fluxx/Workspace/cuchx-large/hf_data_manual/LMT_(IMU,Radar,Skeleton)/Training/HARn/9_Pour_drinks/user21/6-2-2",73.0,89.0,17.0,17083486.216,17083487.816,9.999999990686774
train_harn,HARn/9_Pour_drinks/user21/6-2-3,user21,6-2-3,9_Pour_drinks,"/home/fluxx/Workspace/cuchx-large/hf_data_manual/LMT_(IMU,Radar,Skeleton)/Training/HARn/9_Pour_drinks/user21/6-2-3",39.0,53.0,15.0,17083555.816,17083557.216,10.000000010643687
train_harn,HARn/9_Pour_drinks/user22/2-1-1,user22,2-1-1,9_Pour_drinks,"/home/fluxx/Workspace/cuchx-large/hf_data_manual/LMT_(IMU,Radar,Skeleton)/Training/HARn/9_Pour_drinks/user22/2-1-1",108.0,136.0,29.0,17157976.716,17157979.516,9.999999997339078
train_harn,HARn/9_Pour_drinks/user22/2-1-2,user22,2-1-2,9_Pour_drinks,"/home/fluxx/Workspace/cuchx-large/hf_data_manual/LMT_(IMU,Radar,Skeleton)/Training/HARn/9_Pour_drinks/user22/2-1-2",118.0,144.0,27.0,17158098.716,17158101.316,9.999999994268784
train_harn,HARn/9_Pour_drinks/user22/2-1-3,user22,2-1-3,9_Pour_drinks,"/home/fluxx/Workspace/cuchx-large/hf_data_manual/LMT_(IMU,Radar,Skeleton)/Training/HARn/9_Pour_drinks/user22/2-1-3",72.0,95.0,24.0,17158267.116,17158269.416,9.999999996760618
train_harn,HARn/9_Pour_drinks/user22/4-3-1,user22,4-3-1,9_Pour_drinks,"/home/fluxx/Workspace/cuchx-large/hf_data_manual/LMT_(IMU,Radar,Skeleton)/Training/HARn/9_Pour_drinks/user22/4-3-1",32.0,50.0,19.0,17084306.116,17084307.916,9.999999995860788
train_harn,HARn/9_Pour_drinks/user22/4-3-2,user22,4-3-2,9_Pour_drinks,"/home/fluxx/Workspace/cuchx-large/hf_data_manual/LMT_(IMU,Radar,Skeleton)/Training/HARn/9_Pour_drinks/user22/4-3-2",58.0,66.0,9.0,17258524.716,17258525.516,9.999999990686774
train_harn,HARn/9_Pour_drinks/user22/4-3-3,user22,4-3-3,9_Pour_drinks,"/home/fluxx/Workspace/cuchx-large/hf_data_manual/LMT_(IMU,Radar,Skeleton)/Training/HARn/9_Pour_drinks/user22/4-3-3",52.0,55.0,4.0,17084733.116,17084733.416,9.999999975164732
train_harn,HARn/9_Pour_drinks/user23/5-3-3,user23,5-3-3,9_Pour_drinks,"/home/fluxx/Workspace/cuchx-large/hf_data_manual/LMT_(IMU,Radar,Skeleton)/Training/HARn/9_Pour_drinks/user23/5-3-3",198.0,227.0,30.0,17144783.716,17144786.616,9.999999992292503
train_harn,HARn/9_Pour_drinks/user3/5-1-1,user3,5-1-1,9_Pour_drinks,"/home/fluxx/Workspace/cuchx-large/hf_data_manual/LMT_(IMU,Radar,Skeleton)/Training/HARn/9_Pour_drinks/user3/5-1-1",84.0,111.0,28.0,14142809.316,14142812.016,9.999999995860788
train_harn,HARn/9_Pour_drinks/user3/5-1-2,user3,5-1-2,9_Pour_drinks,"/home/fluxx/Workspace/cuchx-large/hf_data_manual/LMT_(IMU,Radar,Skeleton)/Training/HARn/9_Pour_drinks/user3/5-1-2",52.0,66.0,15.0,14142901.116,14142902.516,9.999999997339078
train_harn,HARn/9_Pour_drinks/user3/5-1-3,user3,5-1-3,9_Pour_drinks,"/home/fluxx/Workspace/cuchx-large/hf_data_manual/LMT_(IMU,Radar,Skeleton)/Training/HARn/9_Pour_drinks/user3/5-1-3",90.0,119.0,30.0,14142991.916,14142994.816,9.999999998715417
train_harn,HARn/9_Pour_drinks/user3/7-1-1,user3,7-1-1,9_Pour_drinks,"/home/fluxx/Workspace/cuchx-large/hf_data_manual/LMT_(IMU,Radar,Skeleton)/Training/HARn/9_Pour_drinks/user3/7-1-1",287.0,326.0,40.0,14064527.616,14064531.516,9.999999999044798
train_harn,HARn/9_Pour_drinks/user3/7-1-2,user3,7-1-2,9_Pour_drinks,"/home/fluxx/Workspace/cuchx-large/hf_data_manual/LMT_(IMU,Radar,Skeleton)/Training/HARn/9_Pour_drinks/user3/7-1-2",219.0,248.0,30.0,14064646.816,14064649.716,9.999999998715417
train_harn,HARn/9_Pour_drinks/user3/7-1-3,user3,7-1-3,9_Pour_drinks,"/home/fluxx/Workspace/cuchx-large/hf_data_manual/LMT_(IMU,Radar,Skeleton)/Training/HARn/9_Pour_drinks/user3/7-1-3",110.0,126.0,17.0,14064804.916,14064806.516,9.999999990686774
train_harn,HARn/9_Pour_drinks/user4/1-2-1,user4,1-2-1,9_Pour_drinks,"/home/fluxx/Workspace/cuchx-large/hf_data_manual/LMT_(IMU,Radar,Skeleton)/Training/HARn/9_Pour_drinks/user4/1-2-1",94.0,162.0,69.0,14137550.316,14137557.116,9.999999998904327
train_harn,HARn/9_Pour_drinks/user4/1-2-2,user4,1-2-2,9_Pour_drinks,"/home/fluxx/Workspace/cuchx-large/hf_data_manual/LMT_(IMU,Radar,Skeleton)/Training/HARn/9_Pour_drinks/user4/1-2-2",87.0,145.0,59.0,14138250.616,14138256.416,10.000000001926875
train_harn,HARn/9_Pour_drinks/user4/1-2-3,user4,1-2-3,9_Pour_drinks,"/home/fluxx/Workspace/cuchx-large/hf_data_manual/LMT_(IMU,Radar,Skeleton)/Training/HARn/9_Pour_drinks/user4/1-2-3",59.0,109.0,51.0,14138375.816,14138380.816,10.0
train_harn,HARn/9_Pour_drinks/user4/6-1-1,user4,6-1-1,9_Pour_drinks,"/home/fluxx/Workspace/cuchx-large/hf_data_manual/LMT_(IMU,Radar,Skeleton)/Training/HARn/9_Pour_drinks/user4/6-1-1",143.0,211.0,69.0,14067183.216,14067190.016,9.999999998904327
train_harn,HARn/9_Pour_drinks/user4/6-1-2,user4,6-1-2,9_Pour_drinks,"/home/fluxx/Workspace/cuchx-large/hf_data_manual/LMT_(IMU,Radar,Skeleton)/Training/HARn/9_Pour_drinks/user4/6-1-2",158.0,225.0,68.0,14067623.716,14067630.416,10.000000001112028
train_harn,HARn/9_Pour_drinks/user4/6-1-3,user4,6-1-3,9_Pour_drinks,"/home/fluxx/Workspace/cuchx-large/hf_data_manual/LMT_(IMU,Radar,Skeleton)/Training/HARn/9_Pour_drinks/user4/6-1-3",112.0,154.0,43.0,14067731.116,14067735.316,10.000000001773948
train_harn,HARn/9_Pour_drinks/user5/1-2-1,user5,1-2-1,9_Pour_drinks,"/home/fluxx/Workspace/cuchx-large/hf_data_manual/LMT_(IMU,Radar,Skeleton)/Training/HARn/9_Pour_drinks/user5/1-2-1",108.0,162.0,55.0,14133135.716,14133141.116,9.999999999310132
train_harn,HARn/9_Pour_drinks/user5/1-2-2,user5,1-2-2,9_Pour_drinks,"/home/fluxx/Workspace/cuchx-large/hf_data_manual/LMT_(IMU,Radar,Skeleton)/Training/HARn/9_Pour_drinks/user5/1-2-2",122.0,151.0,30.0,14133318.116,14133321.016,9.999999998715417
train_harn,HARn/9_Pour_drinks/user5/1-2-3,user5,1-2-3,9_Pour_drinks,"/home/fluxx/Workspace/cuchx-large/hf_data_manual/LMT_(IMU,Radar,Skeleton)/Training/HARn/9_Pour_drinks/user5/1-2-3",106.0,129.0,24.0,14133445.516,14133447.816,10.000000004859075
train_harn,HARn/9_Pour_drinks/user5/3-2-1,user5,3-2-1,9_Pour_drinks,"/home/fluxx/Workspace/cuchx-large/hf_data_manual/LMT_(IMU,Radar,Skeleton)/Training/HARn/9_Pour_drinks/user5/3-2-1",131.0,170.0,40.0,14133840.016,14133843.916,10.00000000382081
train_harn,HARn/9_Pour_drinks/user5/3-2-2,user5,3-2-2,9_Pour_drinks,"/home/fluxx/Workspace/cuchx-large/hf_data_manual/LMT_(IMU,Radar,Skeleton)/Training/HARn/9_Pour_drinks/user5/3-2-2",105.0,127.0,23.0,14133973.416,14133975.616,9.999999994920058
train_harn,HARn/9_Pour_drinks/user5/3-2-3,user5,3-2-3,9_Pour_drinks,"/home/fluxx/Workspace/cuchx-large/hf_data_manual/LMT_(IMU,Radar,Skeleton)/Training/HARn/9_Pour_drinks/user5/3-2-3",78.0,105.0,28.0,14134114.716,14134117.416,10.000000002759474
train_harn,HARn/9_Pour_drinks/user5/4-2-1,user5,4-2-1,9_Pour_drinks,"/home/fluxx/Workspace/cuchx-large/hf_data_manual/LMT_(IMU,Radar,Skeleton)/Training/HARn/9_Pour_drinks/user5/4-2-1",117.0,159.0,43.0,14134270.616,14134274.816,10.000000001773948
train_harn,HARn/9_Pour_drinks/user5/4-2-2,user5,4-2-2,9_Pour_drinks,"/home/fluxx/Workspace/cuchx-large/hf_data_manual/LMT_(IMU,Radar,Skeleton)/Training/HARn/9_Pour_drinks/user5/4-2-2",93.0,123.0,31.0,14134355.216,14134358.216,10.0
train_harn,HARn/9_Pour_drinks/user5/4-2-3,user5,4-2-3,9_Pour_drinks,"/home/fluxx/Workspace/cuchx-large/hf_data_manual/LMT_(IMU,Radar,Skeleton)/Training/HARn/9_Pour_drinks/user5/4-2-3",83.0,112.0,30.0,14134443.216,14134446.116,9.999999998715417
train_harn,HARn/9_Pour_drinks/user5/7-2-1,user5,7-2-1,9_Pour_drinks,"/home/fluxx/Workspace/cuchx-large/hf_data_manual/LMT_(IMU,Radar,Skeleton)/Training/HARn/9_Pour_drinks/user5/7-2-1",98.0,132.0,35.0,14136014.716,14136018.116,9.999999998904327
train_harn,HARn/9_Pour_drinks/user5/7-2-2,user5,7-2-2,9_Pour_drinks,"/home/fluxx/Workspace/cuchx-large/hf_data_manual/LMT_(IMU,Radar,Skeleton)/Training/HARn/9_Pour_drinks/user5/7-2-2",96.0,115.0,20.0,14136149.516,14136151.416,10.000000007842717
train_harn,HARn/9_Pour_drinks/user5/7-2-3,user5,7-2-3,9_Pour_drinks,"/home/fluxx/Workspace/cuchx-large/hf_data_manual/LMT_(IMU,Radar,Skeleton)/Training/HARn/9_Pour_drinks/user5/7-2-3",82.0,94.0,13.0,14136253.116,14136254.316,10.000000006208817
train_harn,HARn/9_Pour_drinks/user6/1-2-1,user6,1-2-1,9_Pour_drinks,"/home/fluxx/Workspace/cuchx-large/hf_data_manual/LMT_(IMU,Radar,Skeleton)/Training/HARn/9_Pour_drinks/user6/1-2-1",123.0,246.0,124.0,16201563.216,16201575.516,9.999999999394262
train_harn,HARn/9_Pour_drinks/user6/1-2-2,user6,1-2-2,9_Pour_drinks,"/home/fluxx/Workspace/cuchx-large/hf_data_manual/LMT_(IMU,Radar,Skeleton)/Training/HARn/9_Pour_drinks/user6/1-2-2",77.0,109.0,33.0,16201682.616,16201685.816,10.000000002328306
train_harn,HARn/9_Pour_drinks/user6/1-2-3,user6,1-2-3,9_Pour_drinks,"/home/fluxx/Workspace/cuchx-large/hf_data_manual/LMT_(IMU,Radar,Skeleton)/Training/HARn/9_Pour_drinks/user6/1-2-3",55.0,72.0,18.0,16201747.416,16201749.116,9.99999999342596
train_harn,HARn/9_Pour_drinks/user6/2-1-1,user6,2-1-1,9_Pour_drinks,"/home/fluxx/Workspace/cuchx-large/hf_data_manual/LMT_(IMU,Radar,Skeleton)/Training/HARn/9_Pour_drinks/user6/2-1-1",73.0,127.0,55.0,16201955.216,16201960.616,9.999999999310132
train_harn,HARn/9_Pour_drinks/user6/2-1-2,user6,2-1-2,9_Pour_drinks,"/home/fluxx/Workspace/cuchx-large/hf_data_manual/LMT_(IMU,Radar,Skeleton)/Training/HARn/9_Pour_drinks/user6/2-1-2",71.0,116.0,46.0,16202051.016,16202055.516,10.0
train_harn,HARn/9_Pour_drinks/user6/2-1-3,user6,2-1-3,9_Pour_drinks,"/home/fluxx/Workspace/cuchx-large/hf_data_manual/LMT_(IMU,Radar,Skeleton)/Training/HARn/9_Pour_drinks/user6/2-1-3",55.0,77.0,23.0,16202121.416,16202123.616,9.999999994920058
train_harn,HARn/9_Pour_drinks/user6/7-2-1,user6,7-2-1,9_Pour_drinks,"/home/fluxx/Workspace/cuchx-large/hf_data_manual/LMT_(IMU,Radar,Skeleton)/Training/HARn/9_Pour_drinks/user6/7-2-1",31.0,69.0,39.0,16203459.016,16203462.816,10.000000002941018
train_harn,HARn/9_Pour_drinks/user6/7-2-2,user6,7-2-2,9_Pour_drinks,"/home/fluxx/Workspace/cuchx-large/hf_data_manual/LMT_(IMU,Radar,Skeleton)/Training/HARn/9_Pour_drinks/user6/7-2-2",22.0,53.0,32.0,16203548.116,16203551.216,10.000000001201707
train_harn,HARn/9_Pour_drinks/user6/7-2-3,user6,7-2-3,9_Pour_drinks,"/home/fluxx/Workspace/cuchx-large/hf_data_manual/LMT_(IMU,Radar,Skeleton)/Training/HARn/9_Pour_drinks/user6/7-2-3",22.0,40.0,19.0,16203636.116,16203637.916,10.000000006208817
train_harn,HARn/9_Pour_drinks/user7/1-2-1,user7,1-2-1,9_Pour_drinks,"/home/fluxx/Workspace/cuchx-large/hf_data_manual/LMT_(IMU,Radar,Skeleton)/Training/HARn/9_Pour_drinks/user7/1-2-1",73.0,98.0,26.0,16056569.216,16056571.716,10.0
train_harn,HARn/9_Pour_drinks/user7/1-2-2,user7,1-2-2,9_Pour_drinks,"/home/fluxx/Workspace/cuchx-large/hf_data_manual/LMT_(IMU,Radar,Skeleton)/Training/HARn/9_Pour_drinks/user7/1-2-2",36.0,54.0,19.0,16056696.516,16056698.316,10.000000006208817
train_harn,HARn/9_Pour_drinks/user7/1-2-3,user7,1-2-3,9_Pour_drinks,"/home/fluxx/Workspace/cuchx-large/hf_data_manual/LMT_(IMU,Radar,Skeleton)/Training/HARn/9_Pour_drinks/user7/1-2-3",61.0,81.0,21.0,16056799.016,16056801.016,10.0
train_harn,HARn/9_Pour_drinks/user7/2-1-1,user7,2-1-1,9_Pour_drinks,"/home/fluxx/Workspace/cuchx-large/hf_data_manual/LMT_(IMU,Radar,Skeleton)/Training/HARn/9_Pour_drinks/user7/2-1-1",180.0,215.0,36.0,16204157.916,16204161.416,10.0
train_harn,HARn/9_Pour_drinks/user7/2-1-2,user7,2-1-2,9_Pour_drinks,"/home/fluxx/Workspace/cuchx-large/hf_data_manual/LMT_(IMU,Radar,Skeleton)/Training/HARn/9_Pour_drinks/user7/2-1-2",167.0,198.0,32.0,16204245.616,16204248.716,10.000000001201707
train_harn,HARn/9_Pour_drinks/user7/2-1-3,user7,2-1-3,9_Pour_drinks,"/home/fluxx/Workspace/cuchx-large/hf_data_manual/LMT_(IMU,Radar,Skeleton)/Training/HARn/9_Pour_drinks/user7/2-1-3",126.0,139.0,14.0,16204361.516,16204362.816,10.000000008596825
train_harn,HARn/9_Pour_drinks/user7/5-2-1,user7,5-2-1,9_Pour_drinks,"/home/fluxx/Workspace/cuchx-large/hf_data_manual/LMT_(IMU,Radar,Skeleton)/Training/HARn/9_Pour_drinks/user7/5-2-1",70.0,96.0,27.0,16204655.916,16204658.516,9.999999994268784
train_harn,HARn/9_Pour_drinks/user7/5-2-2,user7,5-2-2,9_Pour_drinks,"/home/fluxx/Workspace/cuchx-large/hf_data_manual/LMT_(IMU,Radar,Skeleton)/Training/HARn/9_Pour_drinks/user7/5-2-2",57.0,68.0,12.0,16204711.616,16204712.716,10.000000003386628
train_harn,HARn/9_Pour_drinks/user7/5-2-3,user7,5-2-3,9_Pour_drinks,"/home/fluxx/Workspace/cuchx-large/hf_data_manual/LMT_(IMU,Radar,Skeleton)/Training/HARn/9_Pour_drinks/user7/5-2-3",36.0,48.0,13.0,16204778.516,16204779.716,10.000000006208817
train_harn,HARn/9_Pour_drinks/user8/3-2-1,user8,3-2-1,9_Pour_drinks,"/home/fluxx/Workspace/cuchx-large/hf_data_manual/LMT_(IMU,Radar,Skeleton)/Training/HARn/9_Pour_drinks/user8/3-2-1",134.0,150.0,17.0,16208463.316,16208464.916,10.000000002328306
train_harn,HARn/9_Pour_drinks/user8/3-2-2,user8,3-2-2,9_Pour_drinks,"/home/fluxx/Workspace/cuchx-large/hf_data_manual/LMT_(IMU,Radar,Skeleton)/Training/HARn/9_Pour_drinks/user8/3-2-2",117.0,129.0,13.0,16208525.616,16208526.816,10.000000006208817
train_harn,HARn/9_Pour_drinks/user8/3-2-3,user8,3-2-3,9_Pour_drinks,"/home/fluxx/Workspace/cuchx-large/hf_data_manual/LMT_(IMU,Radar,Skeleton)/Training/HARn/9_Pour_drinks/user8/3-2-3",107.0,122.0,16.0,16208602.616,16208604.116,10.0
train_harn,HARn/9_Pour_drinks/user8/4-2-1,user8,4-2-1,9_Pour_drinks,"/home/fluxx/Workspace/cuchx-large/hf_data_manual/LMT_(IMU,Radar,Skeleton)/Training/HARn/9_Pour_drinks/user8/4-2-1",66.0,81.0,16.0,16208764.516,16208766.016,10.0
train_harn,HARn/9_Pour_drinks/user8/4-2-2,user8,4-2-2,9_Pour_drinks,"/home/fluxx/Workspace/cuchx-large/hf_data_manual/LMT_(IMU,Radar,Skeleton)/Training/HARn/9_Pour_drinks/user8/4-2-2",38.0,50.0,13.0,16208843.716,16208844.916,10.000000006208817
train_harn,HARn/9_Pour_drinks/user8/4-2-3,user8,4-2-3,9_Pour_drinks,"/home/fluxx/Workspace/cuchx-large/hf_data_manual/LMT_(IMU,Radar,Skeleton)/Training/HARn/9_Pour_drinks/user8/4-2-3",50.0,73.0,24.0,16208928.916,16208931.216,9.999999996760618
train_harn,HARn/9_Pour_drinks/user8/7-2-1,user8,7-2-1,9_Pour_drinks,"/home/fluxx/Workspace/cuchx-large/hf_data_manual/LMT_(IMU,Radar,Skeleton)/Training/HARn/9_Pour_drinks/user8/7-2-1",39.0,61.0,23.0,16209102.816,16209105.016,9.999999994920058
train_harn,HARn/9_Pour_drinks/user8/7-2-2,user8,7-2-2,9_Pour_drinks,"/home/fluxx/Workspace/cuchx-large/hf_data_manual/LMT_(IMU,Radar,Skeleton)/Training/HARn/9_Pour_drinks/user8/7-2-2",47.0,57.0,11.0,16209175.616,16209176.616,10.0
train_harn,HARn/9_Pour_drinks/user8/7-2-3,user8,7-2-3,9_Pour_drinks,"/home/fluxx/Workspace/cuchx-large/hf_data_manual/LMT_(IMU,Radar,Skeleton)/Training/HARn/9_Pour_drinks/user8/7-2-3",27.0,42.0,16.0,16209235.616,16209237.116,10.0
train_harn,HARn/9_Pour_drinks/user9/2-1-1,user9,2-1-1,9_Pour_drinks,"/home/fluxx/Workspace/cuchx-large/hf_data_manual/LMT_(IMU,Radar,Skeleton)/Training/HARn/9_Pour_drinks/user9/2-1-1",116.0,137.0,22.0,16209632.516,16209634.616,10.000000001773948
train_harn,HARn/9_Pour_drinks/user9/2-1-2,user9,2-1-2,9_Pour_drinks,"/home/fluxx/Workspace/cuchx-large/hf_data_manual/LMT_(IMU,Radar,Skeleton)/Training/HARn/9_Pour_drinks/user9/2-1-2",79.0,104.0,26.0,16209698.816,16209701.316,10.0
train_harn,HARn/9_Pour_drinks/user9/2-1-3,user9,2-1-3,9_Pour_drinks,"/home/fluxx/Workspace/cuchx-large/hf_data_manual/LMT_(IMU,Radar,Skeleton)/Training/HARn/9_Pour_drinks/user9/2-1-3",61.0,68.0,8.0,16209763.016,16209763.716,10.000000010643687
train_harn,HARn/9_Pour_drinks/user9/3-2-1,user9,3-2-1,9_Pour_drinks,"/home/fluxx/Workspace/cuchx-large/hf_data_manual/LMT_(IMU,Radar,Skeleton)/Training/HARn/9_Pour_drinks/user9/3-2-1",74.0,94.0,21.0,16210056.316,16210058.316,10.0
train_harn,HARn/9_Pour_drinks/user9/3-2-2,user9,3-2-2,9_Pour_drinks,"/home/fluxx/Workspace/cuchx-large/hf_data_manual/LMT_(IMU,Radar,Skeleton)/Training/HARn/9_Pour_drinks/user9/3-2-2",56.0,71.0,16.0,16210128.516,16210130.016,10.0
train_harn,HARn/9_Pour_drinks/user9/3-2-3,user9,3-2-3,9_Pour_drinks,"/home/fluxx/Workspace/cuchx-large/hf_data_manual/LMT_(IMU,Radar,Skeleton)/Training/HARn/9_Pour_drinks/user9/3-2-3",50.0,57.0,8.0,16210182.916,16210183.616,9.99999998403447
train_harn,HARn/9_Pour_drinks/user9/7-2-1,user9,7-2-1,9_Pour_drinks,"/home/fluxx/Workspace/cuchx-large/hf_data_manual/LMT_(IMU,Radar,Skeleton)/Training/HARn/9_Pour_drinks/user9/7-2-1",290.0,305.0,16.0,16210530.916,16210532.416,10.0
train_harn,HARn/9_Pour_drinks/user9/7-2-2,user9,7-2-2,9_Pour_drinks,"/home/fluxx/Workspace/cuchx-large/hf_data_manual/LMT_(IMU,Radar,Skeleton)/Training/HARn/9_Pour_drinks/user9/7-2-2",164.0,172.0,9.0,16210621.316,16210622.116,9.999999990686774
train_harn,HARn/9_Pour_drinks/user9/7-2-3,user9,7-2-3,9_Pour_drinks,"/home/fluxx/Workspace/cuchx-large/hf_data_manual/LMT_(IMU,Radar,Skeleton)/Training/HARn/9_Pour_drinks/user9/7-2-3",227.0,237.0,11.0,16210692.616,16210693.616,10.0
test,LM_test_0001,,,,"/home/fluxx/Workspace/cuchx-large/hf_data_manual/LMT_(IMU,Radar,Skeleton)/Testing/large_model_track_test/LM_test_0001",45.0,77.0,33.0,17495844.416,17495847.616,10.000000002328306
test,LM_test_0002,,,,"/home/fluxx/Workspace/cuchx-large/hf_data_manual/LMT_(IMU,Radar,Skeleton)/Testing/large_model_track_test/LM_test_0002",216.0,250.0,35.0,17592054.516,17592057.916,9.99999999342596
test,LM_test_0003,,,,"/home/fluxx/Workspace/cuchx-large/hf_data_manual/LMT_(IMU,Radar,Skeleton)/Testing/large_model_track_test/LM_test_0003",32.0,72.0,41.0,17592171.116,17592175.116,10.0
test,LM_test_0004,,,,"/home/fluxx/Workspace/cuchx-large/hf_data_manual/LMT_(IMU,Radar,Skeleton)/Testing/large_model_track_test/LM_test_0004",76.0,103.0,28.0,17496298.516,17496301.216,10.000000002759474
test,LM_test_0005,,,,"/home/fluxx/Workspace/cuchx-large/hf_data_manual/LMT_(IMU,Radar,Skeleton)/Testing/large_model_track_test/LM_test_0005",49.0,61.0,13.0,17496387.816,17496389.016,10.000000006208817
test,LM_test_0006,,,,"/home/fluxx/Workspace/cuchx-large/hf_data_manual/LMT_(IMU,Radar,Skeleton)/Testing/large_model_track_test/LM_test_0006",183.0,217.0,35.0,16198232.216,16198235.616,9.999999998904327
test,LM_test_0008,,,,"/home/fluxx/Workspace/cuchx-large/hf_data_manual/LMT_(IMU,Radar,Skeleton)/Testing/large_model_track_test/LM_test_0008",45.0,64.0,20.0,17591759.416,17591761.316,10.000000007842717
test,LM_test_0009,,,,"/home/fluxx/Workspace/cuchx-large/hf_data_manual/LMT_(IMU,Radar,Skeleton)/Testing/large_model_track_test/LM_test_0009",76.0,96.0,21.0,17155769.516,17155771.516,10.0
test,LM_test_0010,,,,"/home/fluxx/Workspace/cuchx-large/hf_data_manual/LMT_(IMU,Radar,Skeleton)/Testing/large_model_track_test/LM_test_0010",183.0,211.0,29.0,17495127.216,17495130.016,9.999999997339078
test,LM_test_0011,,,,"/home/fluxx/Workspace/cuchx-large/hf_data_manual/LMT_(IMU,Radar,Skeleton)/Testing/large_model_track_test/LM_test_0011",125.0,144.0,20.0,17495211.416,17495213.316,10.000000007842717
test,LM_test_0012,,,,"/home/fluxx/Workspace/cuchx-large/hf_data_manual/LMT_(IMU,Radar,Skeleton)/Testing/large_model_track_test/LM_test_0012",318.0,338.0,21.0,17592199.716,17592201.716,10.0
test,LM_test_0013,,,,"/home/fluxx/Workspace/cuchx-large/hf_data_manual/LMT_(IMU,Radar,Skeleton)/Testing/large_model_track_test/LM_test_0013",209.0,222.0,14.0,17592294.816,17592296.116,9.999999994268784
test,LM_test_0014,,,,"/home/fluxx/Workspace/cuchx-large/hf_data_manual/LMT_(IMU,Radar,Skeleton)/Testing/large_model_track_test/LM_test_0014",36.0,72.0,37.0,17150478.516,17150482.116,9.999999995860788
test,LM_test_0015,,,,"/home/fluxx/Workspace/cuchx-large/hf_data_manual/LMT_(IMU,Radar,Skeleton)/Testing/large_model_track_test/LM_test_0015",18.0,34.0,17.0,16111969.716,16111971.316,10.000000002328306
test,LM_test_0016,,,,"/home/fluxx/Workspace/cuchx-large/hf_data_manual/LMT_(IMU,Radar,Skeleton)/Testing/large_model_track_test/LM_test_0016",146.0,162.0,17.0,17591666.516,17591668.116,9.999999990686774
test,LM_test_0017,,,,"/home/fluxx/Workspace/cuchx-large/hf_data_manual/LMT_(IMU,Radar,Skeleton)/Testing/large_model_track_test/LM_test_0017",104.0,119.0,16.0,17591765.316,17591766.816,10.0
test,LM_test_0018,,,,"/home/fluxx/Workspace/cuchx-large/hf_data_manual/LMT_(IMU,Radar,Skeleton)/Testing/large_model_track_test/LM_test_0018",158.0,199.0,42.0,17154695.716,17154699.816,9.99999999636557
test,LM_test_0019,,,,"/home/fluxx/Workspace/cuchx-large/hf_data_manual/LMT_(IMU,Radar,Skeleton)/Testing/large_model_track_test/LM_test_0019",62.0,82.0,21.0,16280376.116,16280378.116,10.0
test,LM_test_0020,,,,"/home/fluxx/Workspace/cuchx-large/hf_data_manual/LMT_(IMU,Radar,Skeleton)/Testing/large_model_track_test/LM_test_0020",49.0,72.0,24.0,16299449.816,16299452.116,9.999999996760618
test,LM_test_0021,,,,"/home/fluxx/Workspace/cuchx-large/hf_data_manual/LMT_(IMU,Radar,Skeleton)/Testing/large_model_track_test/LM_test_0021",38.0,45.0,8.0,16299518.716,16299519.416,10.000000010643687
test,LM_test_0022,,,,"/home/fluxx/Workspace/cuchx-large/hf_data_manual/LMT_(IMU,Radar,Skeleton)/Testing/large_model_track_test/LM_test_0022",118.0,128.0,11.0,17591766.716,17591767.716,10.0
test,LM_test_0024,,,,"/home/fluxx/Workspace/cuchx-large/hf_data_manual/LMT_(IMU,Radar,Skeleton)/Testing/large_model_track_test/LM_test_0024",98.0,119.0,22.0,16107457.716,16107459.816,10.000000001773948
test,LM_test_0025,,,,"/home/fluxx/Workspace/cuchx-large/hf_data_manual/LMT_(IMU,Radar,Skeleton)/Testing/large_model_track_test/LM_test_0025",162.0,190.0,29.0,16107557.116,16107559.916,10.000000003991383
test,LM_test_0026,,,,"/home/fluxx/Workspace/cuchx-large/hf_data_manual/LMT_(IMU,Radar,Skeleton)/Testing/large_model_track_test/LM_test_0026",100.0,120.0,21.0,17593411.916,17593413.916,10.0
test,LM_test_0028,,,,"/home/fluxx/Workspace/cuchx-large/hf_data_manual/LMT_(IMU,Radar,Skeleton)/Testing/large_model_track_test/LM_test_0028",84.0,112.0,29.0,16280609.316,16280612.116,9.999999997339078
test,LM_test_0029,,,,"/home/fluxx/Workspace/cuchx-large/hf_data_manual/LMT_(IMU,Radar,Skeleton)/Testing/large_model_track_test/LM_test_0029",63.0,89.0,27.0,17592990.216,17592992.816,9.999999994268784
test,LM_test_0030,,,,"/home/fluxx/Workspace/cuchx-large/hf_data_manual/LMT_(IMU,Radar,Skeleton)/Testing/large_model_track_test/LM_test_0030",284.0,307.0,24.0,16107569.316,16107571.616,9.999999996760618
test,LM_test_0031,,,,"/home/fluxx/Workspace/cuchx-large/hf_data_manual/LMT_(IMU,Radar,Skeleton)/Testing/large_model_track_test/LM_test_0031",21.0,82.0,62.0,16280372.016,16280378.116,10.000000000610703
test,LM_test_0032,,,,"/home/fluxx/Workspace/cuchx-large/hf_data_manual/LMT_(IMU,Radar,Skeleton)/Testing/large_model_track_test/LM_test_0032",222.0,255.0,34.0,17592919.116,17592922.416,9.999999997742249
test,LM_test_0033,,,,"/home/fluxx/Workspace/cuchx-large/hf_data_manual/LMT_(IMU,Radar,Skeleton)/Testing/large_model_track_test/LM_test_0033",161.0,182.0,22.0,17593000.016,17593002.116,9.99999999290421
test,LM_test_0034,,,,"/home/fluxx/Workspace/cuchx-large/hf_data_manual/LMT_(IMU,Radar,Skeleton)/Testing/large_model_track_test/LM_test_0034",53.0,75.0,23.0,,,
test,LM_test_0035,,,,"/home/fluxx/Workspace/cuchx-large/hf_data_manual/LMT_(IMU,Radar,Skeleton)/Testing/large_model_track_test/LM_test_0035",63.0,73.0,11.0,16299760.216,16299761.216,10.0
test,LM_test_0036,,,,"/home/fluxx/Workspace/cuchx-large/hf_data_manual/LMT_(IMU,Radar,Skeleton)/Testing/large_model_track_test/LM_test_0036",59.0,65.0,7.0,17248394.816,17248395.416,9.999999975164732
test,LM_test_0037,,,,"/home/fluxx/Workspace/cuchx-large/hf_data_manual/LMT_(IMU,Radar,Skeleton)/Testing/large_model_track_test/LM_test_0037",27.0,45.0,19.0,17592986.616,17592988.416,9.999999995860788
test,LM_test_0038,,,,"/home/fluxx/Workspace/cuchx-large/hf_data_manual/LMT_(IMU,Radar,Skeleton)/Testing/large_model_track_test/LM_test_0038",93.0,101.0,9.0,16193671.216,16193672.016,9.999999990686774
test,LM_test_0039,,,,"/home/fluxx/Workspace/cuchx-large/hf_data_manual/LMT_(IMU,Radar,Skeleton)/Testing/large_model_track_test/LM_test_0039",136.0,159.0,24.0,16193761.516,16193763.816,10.000000004859075
test,LM_test_0040,,,,"/home/fluxx/Workspace/cuchx-large/hf_data_manual/LMT_(IMU,Radar,Skeleton)/Testing/large_model_track_test/LM_test_0040",127.0,145.0,19.0,17248136.616,17248138.416,9.999999995860788
test,LM_test_0041,,,,"/home/fluxx/Workspace/cuchx-large/hf_data_manual/LMT_(IMU,Radar,Skeleton)/Testing/large_model_track_test/LM_test_0041",15.0,34.0,20.0,17591281.416,17591283.316,10.000000007842717
test,LM_test_0042,,,,"/home/fluxx/Workspace/cuchx-large/hf_data_manual/LMT_(IMU,Radar,Skeleton)/Testing/large_model_track_test/LM_test_0042",20.0,34.0,15.0,17593175.916,17593177.316,10.000000010643687
test,LM_test_0043,,,,"/home/fluxx/Workspace/cuchx-large/hf_data_manual/LMT_(IMU,Radar,Skeleton)/Testing/large_model_track_test/LM_test_0043",19.0,30.0,12.0,17593403.816,17593404.916,9.99999998645349
test,LM_test_0044,,,,"/home/fluxx/Workspace/cuchx-large/hf_data_manual/LMT_(IMU,Radar,Skeleton)/Testing/large_model_track_test/LM_test_0044",32.0,47.0,16.0,17593638.116,17593639.616,10.0
test,LM_test_0045,,,,"/home/fluxx/Workspace/cuchx-large/hf_data_manual/LMT_(IMU,Radar,Skeleton)/Testing/large_model_track_test/LM_test_0045",80.0,95.0,16.0,16110851.916,16110853.416,10.0
test,LM_test_0047,,,,"/home/fluxx/Workspace/cuchx-large/hf_data_manual/LMT_(IMU,Radar,Skeleton)/Testing/large_model_track_test/LM_test_0047",25.0,47.0,23.0,16193750.416,16193752.616,9.999999994920058
test,LM_test_0048,,,,"/home/fluxx/Workspace/cuchx-large/hf_data_manual/LMT_(IMU,Radar,Skeleton)/Testing/large_model_track_test/LM_test_0048",19.0,21.0,3.0,16300107.816,16300108.016,9.999999944120646
test,LM_test_0049,,,,"/home/fluxx/Workspace/cuchx-large/hf_data_manual/LMT_(IMU,Radar,Skeleton)/Testing/large_model_track_test/LM_test_0049",49.0,71.0,23.0,17236534.816,17236537.016,10.000000003386628
test,LM_test_0057,,,,"/home/fluxx/Workspace/cuchx-large/hf_data_manual/LMT_(IMU,Radar,Skeleton)/Testing/large_model_track_test/LM_test_0057",42.0,49.0,8.0,17247893.116,17247893.816,10.000000010643687
test,LM_test_0058,,,,"/home/fluxx/Workspace/cuchx-large/hf_data_manual/LMT_(IMU,Radar,Skeleton)/Testing/large_model_track_test/LM_test_0058",210.0,224.0,15.0,17593811.916,17593813.316,10.000000010643687
test,LM_test_0060,,,,"/home/fluxx/Workspace/cuchx-large/hf_data_manual/LMT_(IMU,Radar,Skeleton)/Testing/large_model_track_test/LM_test_0060",126.0,202.0,77.0,17589129.516,17589137.116,9.999999998039321
test,LM_test_0061,,,,"/home/fluxx/Workspace/cuchx-large/hf_data_manual/LMT_(IMU,Radar,Skeleton)/Testing/large_model_track_test/LM_test_0061",76.0,125.0,50.0,17589296.516,17589301.416,9.99999999543842
test,LM_test_0063,,,,"/home/fluxx/Workspace/cuchx-large/hf_data_manual/LMT_(IMU,Radar,Skeleton)/Testing/large_model_track_test/LM_test_0063",79.0,82.0,4.0,16215378.816,16215379.116,9.999999975164732
test,LM_test_0064,,,,"/home/fluxx/Workspace/cuchx-large/hf_data_manual/LMT_(IMU,Radar,Skeleton)/Testing/large_model_track_test/LM_test_0064",25.0,42.0,18.0,16214889.416,16214891.116,9.99999999342596
test,LM_test_0065,,,,"/home/fluxx/Workspace/cuchx-large/hf_data_manual/LMT_(IMU,Radar,Skeleton)/Testing/large_model_track_test/LM_test_0065",23.0,127.0,105.0,16193233.216,16193243.616,9.9999999996418
test,LM_test_0066,,,,"/home/fluxx/Workspace/cuchx-large/hf_data_manual/LMT_(IMU,Radar,Skeleton)/Testing/large_model_track_test/LM_test_0066",11.0,76.0,66.0,16193330.016,16193336.516,10.0
test,LM_test_0067,,,,"/home/fluxx/Workspace/cuchx-large/hf_data_manual/LMT_(IMU,Radar,Skeleton)/Testing/large_model_track_test/LM_test_0067",17.0,91.0,75.0,16193404.616,16193412.016,9.999999999496582
test,LM_test_0068,,,,"/home/fluxx/Workspace/cuchx-large/hf_data_manual/LMT_(IMU,Radar,Skeleton)/Testing/large_model_track_test/LM_test_0068",10.0,218.0,209.0,16110711.916,16110732.716,9.9999999996418
test,LM_test_0069,,,,"/home/fluxx/Workspace/cuchx-large/hf_data_manual/LMT_(IMU,Radar,Skeleton)/Testing/large_model_track_test/LM_test_0069",18.0,138.0,121.0,16110845.716,16110857.716,10.0
test,LM_test_0070,,,,"/home/fluxx/Workspace/cuchx-large/hf_data_manual/LMT_(IMU,Radar,Skeleton)/Testing/large_model_track_test/LM_test_0070",25.0,162.0,138.0,16110937.416,16110951.116,9.999999999184244
test,LM_test_0071,,,,"/home/fluxx/Workspace/cuchx-large/hf_data_manual/LMT_(IMU,Radar,Skeleton)/Testing/large_model_track_test/LM_test_0071",20.0,431.0,412.0,16197884.916,16197926.016,9.999999999637442
test,LM_test_0072,,,,"/home/fluxx/Workspace/cuchx-large/hf_data_manual/LMT_(IMU,Radar,Skeleton)/Testing/large_model_track_test/LM_test_0072",22.0,415.0,394.0,16198038.116,16198077.416,10.000000000284373
test,LM_test_0073,,,,"/home/fluxx/Workspace/cuchx-large/hf_data_manual/LMT_(IMU,Radar,Skeleton)/Testing/large_model_track_test/LM_test_0073",18.0,263.0,246.0,16198215.716,16198240.216,10.0
test,LM_test_0074,,,,"/home/fluxx/Workspace/cuchx-large/hf_data_manual/LMT_(IMU,Radar,Skeleton)/Testing/large_model_track_test/LM_test_0074",15.0,166.0,152.0,16111200.416,16111215.516,9.999999999013168
test,LM_test_0075,,,,"/home/fluxx/Workspace/cuchx-large/hf_data_manual/LMT_(IMU,Radar,Skeleton)/Testing/large_model_track_test/LM_test_0075",17.0,148.0,132.0,16111288.616,16111301.716,10.000000000284373
test,LM_test_0076,,,,"/home/fluxx/Workspace/cuchx-large/hf_data_manual/LMT_(IMU,Radar,Skeleton)/Testing/large_model_track_test/LM_test_0076",15.0,87.0,73.0,16111418.416,16111425.616,9.999999998447796
test,LM_test_0077,,,,"/home/fluxx/Workspace/cuchx-large/hf_data_manual/LMT_(IMU,Radar,Skeleton)/Testing/large_model_track_test/LM_test_0077",20.0,260.0,241.0,16200129.916,16200153.916,10.0
test,LM_test_0078,,,,"/home/fluxx/Workspace/cuchx-large/hf_data_manual/LMT_(IMU,Radar,Skeleton)/Testing/large_model_track_test/LM_test_0078",22.0,205.0,184.0,16200350.116,16200368.416,10.000000000610703
test,LM_test_0079,,,,"/home/fluxx/Workspace/cuchx-large/hf_data_manual/LMT_(IMU,Radar,Skeleton)/Testing/large_model_track_test/LM_test_0079",18.0,159.0,142.0,16200453.716,16200467.816,10.000000000264205
test,LM_test_0080,,,,"/home/fluxx/Workspace/cuchx-large/hf_data_manual/LMT_(IMU,Radar,Skeleton)/Testing/large_model_track_test/LM_test_0080",5.0,140.0,136.0,16111551.416,16111564.916,10.0
test,LM_test_0081,,,,"/home/fluxx/Workspace/cuchx-large/hf_data_manual/LMT_(IMU,Radar,Skeleton)/Testing/large_model_track_test/LM_test_0081",18.0,160.0,143.0,16111663.716,16111677.916,10.00000000052469
test,LM_test_0082,,,,"/home/fluxx/Workspace/cuchx-large/hf_data_manual/LMT_(IMU,Radar,Skeleton)/Testing/large_model_track_test/LM_test_0082",21.0,93.0,73.0,16111774.016,16111781.216,10.000000001034802
test,LM_test_0083,,,,"/home/fluxx/Workspace/cuchx-large/hf_data_manual/LMT_(IMU,Radar,Skeleton)/Testing/large_model_track_test/LM_test_0083",22.0,337.0,316.0,16107333.116,16107364.616,10.0
test,LM_test_0084,,,,"/home/fluxx/Workspace/cuchx-large/hf_data_manual/LMT_(IMU,Radar,Skeleton)/Testing/large_model_track_test/LM_test_0084",9.0,182.0,174.0,16107448.816,16107466.116,9.999999999569331
test,LM_test_0085,,,,"/home/fluxx/Workspace/cuchx-large/hf_data_manual/LMT_(IMU,Radar,Skeleton)/Testing/large_model_track_test/LM_test_0085",17.0,309.0,293.0,16107542.616,16107571.816,10.000000000255158
test,LM_test_0086,,,,"/home/fluxx/Workspace/cuchx-large/hf_data_manual/LMT_(IMU,Radar,Skeleton)/Testing/large_model_track_test/LM_test_0086",19.0,178.0,160.0,16193530.816,16193546.716,9.999999999765706
test,LM_test_0087,,,,"/home/fluxx/Workspace/cuchx-large/hf_data_manual/LMT_(IMU,Radar,Skeleton)/Testing/large_model_track_test/LM_test_0087",16.0,122.0,107.0,16193663.516,16193674.116,10.000000000351443
test,LM_test_0088,,,,"/home/fluxx/Workspace/cuchx-large/hf_data_manual/LMT_(IMU,Radar,Skeleton)/Testing/large_model_track_test/LM_test_0088",22.0,162.0,141.0,16193750.116,16193764.116,10.0
test,LM_test_0089,,,,"/home/fluxx/Workspace/cuchx-large/hf_data_manual/LMT_(IMU,Radar,Skeleton)/Testing/large_model_track_test/LM_test_0089",18.0,151.0,134.0,16111969.716,16111983.016,9.999999999439806
test,LM_test_0090,,,,"/home/fluxx/Workspace/cuchx-large/hf_data_manual/LMT_(IMU,Radar,Skeleton)/Testing/large_model_track_test/LM_test_0090",21.0,212.0,192.0,16112399.016,16112418.116,10.000000000195042
test,LM_test_0091,,,,"/home/fluxx/Workspace/cuchx-large/hf_data_manual/LMT_(IMU,Radar,Skeleton)/Testing/large_model_track_test/LM_test_0091",13.0,216.0,204.0,16112585.216,16112605.516,9.999999999632976
test,LM_test_0092,,,,"/home/fluxx/Workspace/cuchx-large/hf_data_manual/LMT_(IMU,Radar,Skeleton)/Testing/large_model_track_test/LM_test_0092",8.0,106.0,99.0,16107687.716,16107697.516,9.999999999239737
test,LM_test_0093,,,,"/home/fluxx/Workspace/cuchx-large/hf_data_manual/LMT_(IMU,Radar,Skeleton)/Testing/large_model_track_test/LM_test_0093",9.0,59.0,51.0,16107769.816,16107774.816,10.0
test,LM_test_0094,,,,"/home/fluxx/Workspace/cuchx-large/hf_data_manual/LMT_(IMU,Radar,Skeleton)/Testing/large_model_track_test/LM_test_0094",14.0,80.0,67.0,16109228.316,16109234.916,10.000000000564437
test,LM_test_0095,,,,"/home/fluxx/Workspace/cuchx-large/hf_data_manual/LMT_(IMU,Radar,Skeleton)/Testing/large_model_track_test/LM_test_0095",45.0,108.0,64.0,16296034.416,16296040.716,9.999999998817367
test,LM_test_0096,,,,"/home/fluxx/Workspace/cuchx-large/hf_data_manual/LMT_(IMU,Radar,Skeleton)/Testing/large_model_track_test/LM_test_0096",22.0,77.0,56.0,16296112.116,16296117.616,10.0
test,LM_test_0097,,,,"/home/fluxx/Workspace/cuchx-large/hf_data_manual/LMT_(IMU,Radar,Skeleton)/Testing/large_model_track_test/LM_test_0097",21.0,95.0,75.0,16296171.016,16296178.416,10.000000002013671
test,LM_test_0098,,,,"/home/fluxx/Workspace/cuchx-large/hf_data_manual/LMT_(IMU,Radar,Skeleton)/Testing/large_model_track_test/LM_test_0098",15.0,210.0,196.0,16109337.416,16109356.916,10.0
test,LM_test_0099,,,,"/home/fluxx/Workspace/cuchx-large/hf_data_manual/LMT_(IMU,Radar,Skeleton)/Testing/large_model_track_test/LM_test_0099",12.0,117.0,106.0,16109431.116,16109441.616,10.0
test,LM_test_0100,,,,"/home/fluxx/Workspace/cuchx-large/hf_data_manual/LMT_(IMU,Radar,Skeleton)/Testing/large_model_track_test/LM_test_0100",15.0,206.0,192.0,16109518.416,16109537.516,9.999999999219835
test,LM_test_0101,,,,"/home/fluxx/Workspace/cuchx-large/hf_data_manual/LMT_(IMU,Radar,Skeleton)/Testing/large_model_track_test/LM_test_0101",13.0,253.0,241.0,16200582.216,16200606.216,10.0
test,LM_test_0102,,,,"/home/fluxx/Workspace/cuchx-large/hf_data_manual/LMT_(IMU,Radar,Skeleton)/Testing/large_model_track_test/LM_test_0102",19.0,265.0,247.0,16200666.816,16200691.416,10.000000000151434
test,LM_test_0103,,,,"/home/fluxx/Workspace/cuchx-large/hf_data_manual/LMT_(IMU,Radar,Skeleton)/Testing/large_model_track_test/LM_test_0103",18.0,169.0,152.0,17487437.716,17487452.816,9.999999999013168
test,LM_test_0104,,,,"/home/fluxx/Workspace/cuchx-large/hf_data_manual/LMT_(IMU,Radar,Skeleton)/Testing/large_model_track_test/LM_test_0104",25.0,117.0,93.0,17488910.416,17488919.616,10.000000000809846
test,LM_test_0105,,,,"/home/fluxx/Workspace/cuchx-large/hf_data_manual/LMT_(IMU,Radar,Skeleton)/Testing/large_model_track_test/LM_test_0105",22.0,113.0,92.0,17489063.116,17489072.216,10.000000002456236
test,LM_test_0106,,,,"/home/fluxx/Workspace/cuchx-large/hf_data_manual/LMT_(IMU,Radar,Skeleton)/Testing/large_model_track_test/LM_test_0106",21.0,75.0,55.0,,,
test,LM_test_0107,,,,"/home/fluxx/Workspace/cuchx-large/hf_data_manual/LMT_(IMU,Radar,Skeleton)/Testing/large_model_track_test/LM_test_0107",18.0,194.0,177.0,16299149.716,16299167.316,10.000000000211664
test,LM_test_0108,,,,"/home/fluxx/Workspace/cuchx-large/hf_data_manual/LMT_(IMU,Radar,Skeleton)/Testing/large_model_track_test/LM_test_0108",12.0,97.0,86.0,16299225.116,16299233.616,10.0
test,LM_test_0109,,,,"/home/fluxx/Workspace/cuchx-large/hf_data_manual/LMT_(IMU,Radar,Skeleton)/Testing/large_model_track_test/LM_test_0109",12.0,77.0,66.0,16299297.116,16299303.616,10.0
test,LM_test_0110,,,,"/home/fluxx/Workspace/cuchx-large/hf_data_manual/LMT_(IMU,Radar,Skeleton)/Testing/large_model_track_test/LM_test_0110",12.0,187.0,176.0,16320593.116,16320610.616,10.0
test,LM_test_0111,,,,"/home/fluxx/Workspace/cuchx-large/hf_data_manual/LMT_(IMU,Radar,Skeleton)/Testing/large_model_track_test/LM_test_0111",13.0,108.0,96.0,16320675.216,16320684.716,10.0
test,LM_test_0112,,,,"/home/fluxx/Workspace/cuchx-large/hf_data_manual/LMT_(IMU,Radar,Skeleton)/Testing/large_model_track_test/LM_test_0112",14.0,92.0,79.0,16320751.316,16320759.116,9.999999999044798
test,LM_test_0113,,,,"/home/fluxx/Workspace/cuchx-large/hf_data_manual/LMT_(IMU,Radar,Skeleton)/Testing/large_model_track_test/LM_test_0113",32.0,486.0,455.0,16214145.116,16214190.516,9.999999999917945
test,LM_test_0114,,,,"/home/fluxx/Workspace/cuchx-large/hf_data_manual/LMT_(IMU,Radar,Skeleton)/Testing/large_model_track_test/LM_test_0114",25.0,213.0,189.0,16214490.416,16214509.216,9.999999999603693
test,LM_test_0115,,,,"/home/fluxx/Workspace/cuchx-large/hf_data_manual/LMT_(IMU,Radar,Skeleton)/Testing/large_model_track_test/LM_test_0115",19.0,134.0,116.0,16214666.816,16214678.316,10.0
test,LM_test_0116,,,,"/home/fluxx/Workspace/cuchx-large/hf_data_manual/LMT_(IMU,Radar,Skeleton)/Testing/large_model_track_test/LM_test_0116",18.0,203.0,186.0,16320820.716,16320839.216,10.0
test,LM_test_0117,,,,"/home/fluxx/Workspace/cuchx-large/hf_data_manual/LMT_(IMU,Radar,Skeleton)/Testing/large_model_track_test/LM_test_0117",11.0,128.0,118.0,16320883.016,16320894.716,10.000000000636803
test,LM_test_0118,,,,"/home/fluxx/Workspace/cuchx-large/hf_data_manual/LMT_(IMU,Radar,Skeleton)/Testing/large_model_track_test/LM_test_0118",19.0,114.0,96.0,16320971.816,16320981.316,10.0
test,LM_test_0119,,,,"/home/fluxx/Workspace/cuchx-large/hf_data_manual/LMT_(IMU,Radar,Skeleton)/Testing/large_model_track_test/LM_test_0119",19.0,121.0,103.0,16214888.816,16214899.016,9.999999998904327
test,LM_test_0120,,,,"/home/fluxx/Workspace/cuchx-large/hf_data_manual/LMT_(IMU,Radar,Skeleton)/Testing/large_model_track_test/LM_test_0120",18.0,112.0,95.0,16214959.716,16214969.116,9.999999999603693
test,LM_test_0121,,,,"/home/fluxx/Workspace/cuchx-large/hf_data_manual/LMT_(IMU,Radar,Skeleton)/Testing/large_model_track_test/LM_test_0121",33.0,77.0,45.0,16215025.216,16215029.616,9.999999999153344
test,LM_test_0122,,,,"/home/fluxx/Workspace/cuchx-large/hf_data_manual/LMT_(IMU,Radar,Skeleton)/Testing/large_model_track_test/LM_test_0122",7.0,148.0,142.0,16321155.616,16321169.716,10.000000000264205
test,LM_test_0123,,,,"/home/fluxx/Workspace/cuchx-large/hf_data_manual/LMT_(IMU,Radar,Skeleton)/Testing/large_model_track_test/LM_test_0123",19.0,141.0,123.0,16321236.816,16321249.016,9.999999999083945
test,LM_test_0124,,,,"/home/fluxx/Workspace/cuchx-large/hf_data_manual/LMT_(IMU,Radar,Skeleton)/Testing/large_model_track_test/LM_test_0124",18.0,95.0,78.0,16321314.716,16321322.416,10.000000000967608
test,LM_test_0125,,,,"/home/fluxx/Workspace/cuchx-large/hf_data_manual/LMT_(IMU,Radar,Skeleton)/Testing/large_model_track_test/LM_test_0125",24.0,201.0,178.0,16280023.316,16280041.016,9.999999999368596
test,LM_test_0126,,,,"/home/fluxx/Workspace/cuchx-large/hf_data_manual/LMT_(IMU,Radar,Skeleton)/Testing/large_model_track_test/LM_test_0126",20.0,175.0,156.0,16280287.916,16280303.416,10.0
test,LM_test_0127,,,,"/home/fluxx/Workspace/cuchx-large/hf_data_manual/LMT_(IMU,Radar,Skeleton)/Testing/large_model_track_test/LM_test_0127",21.0,132.0,112.0,16280372.016,16280383.116,10.000000000335612
test,LM_test_0128,,,,"/home/fluxx/Workspace/cuchx-large/hf_data_manual/LMT_(IMU,Radar,Skeleton)/Testing/large_model_track_test/LM_test_0128",17.0,193.0,177.0,16299373.616,16299391.216,10.000000000211664
test,LM_test_0129,,,,"/home/fluxx/Workspace/cuchx-large/hf_data_manual/LMT_(IMU,Radar,Skeleton)/Testing/large_model_track_test/LM_test_0129",10.0,126.0,117.0,16299445.916,16299457.516,9.999999998715417
test,LM_test_0130,,,,"/home/fluxx/Workspace/cuchx-large/hf_data_manual/LMT_(IMU,Radar,Skeleton)/Testing/large_model_track_test/LM_test_0130",15.0,78.0,64.0,16299516.416,16299522.716,9.999999998817367
test,LM_test_0131,,,,"/home/fluxx/Workspace/cuchx-large/hf_data_manual/LMT_(IMU,Radar,Skeleton)/Testing/large_model_track_test/LM_test_0131",14.0,156.0,143.0,16299615.316,16299629.516,9.999999999212967
test,LM_test_0132,,,,"/home/fluxx/Workspace/cuchx-large/hf_data_manual/LMT_(IMU,Radar,Skeleton)/Testing/large_model_track_test/LM_test_0132",32.0,123.0,92.0,16299687.116,16299696.216,10.000000000409372
test,LM_test_0133,,,,"/home/fluxx/Workspace/cuchx-large/hf_data_manual/LMT_(IMU,Radar,Skeleton)/Testing/large_model_track_test/LM_test_0133",13.0,84.0,72.0,16299755.216,16299762.316,10.00000000052469
test,LM_test_0134,,,,"/home/fluxx/Workspace/cuchx-large/hf_data_manual/LMT_(IMU,Radar,Skeleton)/Testing/large_model_track_test/LM_test_0134",17.0,192.0,176.0,16280602.616,16280620.116,10.0
test,LM_test_0135,,,,"/home/fluxx/Workspace/cuchx-large/hf_data_manual/LMT_(IMU,Radar,Skeleton)/Testing/large_model_track_test/LM_test_0135",19.0,153.0,135.0,16280678.816,16280692.216,9.999999999721993
test,LM_test_0136,,,,"/home/fluxx/Workspace/cuchx-large/hf_data_manual/LMT_(IMU,Radar,Skeleton)/Testing/large_model_track_test/LM_test_0136",22.0,135.0,114.0,16280758.116,16280769.416,10.000000000989015
test,LM_test_0137,,,,"/home/fluxx/Workspace/cuchx-large/hf_data_manual/LMT_(IMU,Radar,Skeleton)/Testing/large_model_track_test/LM_test_0137",17.0,175.0,159.0,16299901.616,16299917.416,10.000000000707333
test,LM_test_0138,,,,"/home/fluxx/Workspace/cuchx-large/hf_data_manual/LMT_(IMU,Radar,Skeleton)/Testing/large_model_track_test/LM_test_0138",19.0,118.0,100.0,16299994.816,16300004.716,9.999999999623707
test,LM_test_0139,,,,"/home/fluxx/Workspace/cuchx-large/hf_data_manual/LMT_(IMU,Radar,Skeleton)/Testing/large_model_track_test/LM_test_0139",19.0,111.0,93.0,16300107.816,16300117.016,9.999999998785231
test,LM_test_0140,,,,"/home/fluxx/Workspace/cuchx-large/hf_data_manual/LMT_(IMU,Radar,Skeleton)/Testing/large_model_track_test/LM_test_0140",21.0,167.0,147.0,16280854.016,16280868.616,10.000000000255158
test,LM_test_0141,,,,"/home/fluxx/Workspace/cuchx-large/hf_data_manual/LMT_(IMU,Radar,Skeleton)/Testing/large_model_track_test/LM_test_0141",22.0,132.0,111.0,16280938.116,16280949.116,10.0
test,LM_test_0142,,,,"/home/fluxx/Workspace/cuchx-large/hf_data_manual/LMT_(IMU,Radar,Skeleton)/Testing/large_model_track_test/LM_test_0142",20.0,126.0,107.0,16281024.916,16281035.516,9.99999999859423
test,LM_test_0143,,,,"/home/fluxx/Workspace/cuchx-large/hf_data_manual/LMT_(IMU,Radar,Skeleton)/Testing/large_model_track_test/LM_test_0143",22.0,274.0,253.0,16215156.116,16215181.316,10.000000000295659
test,LM_test_0144,,,,"/home/fluxx/Workspace/cuchx-large/hf_data_manual/LMT_(IMU,Radar,Skeleton)/Testing/large_model_track_test/LM_test_0144",24.0,160.0,137.0,16215292.316,16215305.916,10.000000000273918
test,LM_test_0145,,,,"/home/fluxx/Workspace/cuchx-large/hf_data_manual/LMT_(IMU,Radar,Skeleton)/Testing/large_model_track_test/LM_test_0145",22.0,194.0,173.0,16215373.116,16215390.316,10.000000000433173
test,LM_test_0146,,,,"/home/fluxx/Workspace/cuchx-large/hf_data_manual/LMT_(IMU,Radar,Skeleton)/Testing/large_model_track_test/LM_test_0146",23.0,88.0,66.0,16300270.216,16300276.716,10.0
test,LM_test_0147,,,,"/home/fluxx/Workspace/cuchx-large/hf_data_manual/LMT_(IMU,Radar,Skeleton)/Testing/large_model_track_test/LM_test_0147",3.0,58.0,56.0,16300337.216,16300342.716,10.0
test,LM_test_0148,,,,"/home/fluxx/Workspace/cuchx-large/hf_data_manual/LMT_(IMU,Radar,Skeleton)/Testing/large_model_track_test/LM_test_0148",14.0,66.0,53.0,16300427.316,16300432.516,9.999999997850795
test,LM_test_0149,,,,"/home/fluxx/Workspace/cuchx-large/hf_data_manual/LMT_(IMU,Radar,Skeleton)/Testing/large_model_track_test/LM_test_0149",16.0,216.0,201.0,17233549.516,17233569.516,10.0
test,LM_test_0150,,,,"/home/fluxx/Workspace/cuchx-large/hf_data_manual/LMT_(IMU,Radar,Skeleton)/Testing/large_model_track_test/LM_test_0150",15.0,134.0,120.0,17233683.416,17233695.316,10.000000001252198
test,LM_test_0151,,,,"/home/fluxx/Workspace/cuchx-large/hf_data_manual/LMT_(IMU,Radar,Skeleton)/Testing/large_model_track_test/LM_test_0151",12.0,82.0,71.0,17233876.116,17233883.116,10.0
test,LM_test_0152,,,,"/home/fluxx/Workspace/cuchx-large/hf_data_manual/LMT_(IMU,Radar,Skeleton)/Testing/large_model_track_test/LM_test_0152",18.0,170.0,153.0,17247436.716,17247451.916,9.999999998039321
test,LM_test_0153,,,,"/home/fluxx/Workspace/cuchx-large/hf_data_manual/LMT_(IMU,Radar,Skeleton)/Testing/large_model_track_test/LM_test_0153",15.0,156.0,142.0,17247514.416,17247528.516,10.00000000158523
test,LM_test_0154,,,,"/home/fluxx/Workspace/cuchx-large/hf_data_manual/LMT_(IMU,Radar,Skeleton)/Testing/large_model_track_test/LM_test_0154",19.0,99.0,81.0,17247631.816,17247639.816,10.0
test,LM_test_0155,,,,"/home/fluxx/Workspace/cuchx-large/hf_data_manual/LMT_(IMU,Radar,Skeleton)/Testing/large_model_track_test/LM_test_0155",18.0,322.0,305.0,17149956.716,17149987.116,9.999999999264745
test,LM_test_0156,,,,"/home/fluxx/Workspace/cuchx-large/hf_data_manual/LMT_(IMU,Radar,Skeleton)/Testing/large_model_track_test/LM_test_0156",14.0,150.0,137.0,17150072.316,17150085.916,9.999999998904327
test,LM_test_0157,,,,"/home/fluxx/Workspace/cuchx-large/hf_data_manual/LMT_(IMU,Radar,Skeleton)/Testing/large_model_track_test/LM_test_0157",15.0,210.0,196.0,17150152.416,17150171.916,10.0
test,LM_test_0158,,,,"/home/fluxx/Workspace/cuchx-large/hf_data_manual/LMT_(IMU,Radar,Skeleton)/Testing/large_model_track_test/LM_test_0158",19.0,175.0,157.0,17150250.816,17150266.416,9.999999999044798
test,LM_test_0159,,,,"/home/fluxx/Workspace/cuchx-large/hf_data_manual/LMT_(IMU,Radar,Skeleton)/Testing/large_model_track_test/LM_test_0159",15.0,119.0,105.0,17150395.416,17150405.816,10.000000001432804
test,LM_test_0160,,,,"/home/fluxx/Workspace/cuchx-large/hf_data_manual/LMT_(IMU,Radar,Skeleton)/Testing/large_model_track_test/LM_test_0160",16.0,148.0,133.0,17150476.516,17150489.716,10.000000000564437
test,LM_test_0161,,,,"/home/fluxx/Workspace/cuchx-large/hf_data_manual/LMT_(IMU,Radar,Skeleton)/Testing/large_model_track_test/LM_test_0161",18.0,136.0,119.0,17247746.716,17247758.516,9.999999999368596
test,LM_test_0162,,,,"/home/fluxx/Workspace/cuchx-large/hf_data_manual/LMT_(IMU,Radar,Skeleton)/Testing/large_model_track_test/LM_test_0162",15.0,134.0,120.0,17247823.416,17247835.316,10.000000001252198
test,LM_test_0163,,,,"/home/fluxx/Workspace/cuchx-large/hf_data_manual/LMT_(IMU,Radar,Skeleton)/Testing/large_model_track_test/LM_test_0163",10.0,74.0,65.0,17247889.916,17247896.316,10.000000002328306
test,LM_test_0164,,,,"/home/fluxx/Workspace/cuchx-large/hf_data_manual/LMT_(IMU,Radar,Skeleton)/Testing/large_model_track_test/LM_test_0164",26.0,128.0,103.0,17150695.516,17150705.716,10.000000000730449
test,LM_test_0165,,,,"/home/fluxx/Workspace/cuchx-large/hf_data_manual/LMT_(IMU,Radar,Skeleton)/Testing/large_model_track_test/LM_test_0165",14.0,123.0,110.0,17150765.316,17150776.216,10.000000001367079
test,LM_test_0166,,,,"/home/fluxx/Workspace/cuchx-large/hf_data_manual/LMT_(IMU,Radar,Skeleton)/Testing/large_model_track_test/LM_test_0166",22.0,138.0,117.0,17234201.116,17234212.716,10.000000001926875
test,LM_test_0167,,,,"/home/fluxx/Workspace/cuchx-large/hf_data_manual/LMT_(IMU,Radar,Skeleton)/Testing/large_model_track_test/LM_test_0167",12.0,109.0,98.0,17234101.116,17234110.816,10.0000000007681
test,LM_test_0168,,,,"/home/fluxx/Workspace/cuchx-large/hf_data_manual/LMT_(IMU,Radar,Skeleton)/Testing/large_model_track_test/LM_test_0168",6.0,238.0,233.0,17154819.516,17154842.716,10.000000000321146
test,LM_test_0169,,,,"/home/fluxx/Workspace/cuchx-large/hf_data_manual/LMT_(IMU,Radar,Skeleton)/Testing/large_model_track_test/LM_test_0169",9.0,166.0,158.0,17234700.816,17234716.516,10.000000000474559
test,LM_test_0170,,,,"/home/fluxx/Workspace/cuchx-large/hf_data_manual/LMT_(IMU,Radar,Skeleton)/Testing/large_model_track_test/LM_test_0170",15.0,99.0,85.0,17234789.416,17234797.816,10.000000001773948
test,LM_test_0171,,,,"/home/fluxx/Workspace/cuchx-large/hf_data_manual/LMT_(IMU,Radar,Skeleton)/Testing/large_model_track_test/LM_test_0171",16.0,160.0,145.0,17235063.516,17235077.916,9.999999998447796
test,LM_test_0172,,,,"/home/fluxx/Workspace/cuchx-large/hf_data_manual/LMT_(IMU,Radar,Skeleton)/Testing/large_model_track_test/LM_test_0172",23.0,100.0,78.0,17235167.216,17235174.916,9.999999996129569
test,LM_test_0173,,,,"/home/fluxx/Workspace/cuchx-large/hf_data_manual/LMT_(IMU,Radar,Skeleton)/Testing/large_model_track_test/LM_test_0173",13.0,92.0,80.0,17248066.216,17248074.116,9.999999997170665
test,LM_test_0174,,,,"/home/fluxx/Workspace/cuchx-large/hf_data_manual/LMT_(IMU,Radar,Skeleton)/Testing/large_model_track_test/LM_test_0174",12.0,145.0,134.0,17248125.116,17248138.416,9.999999999439806
test,LM_test_0175,,,,"/home/fluxx/Workspace/cuchx-large/hf_data_manual/LMT_(IMU,Radar,Skeleton)/Testing/large_model_track_test/LM_test_0175",21.0,89.0,69.0,17235396.016,17235402.816,9.999999998904327
test,LM_test_0176,,,,"/home/fluxx/Workspace/cuchx-large/hf_data_manual/LMT_(IMU,Radar,Skeleton)/Testing/large_model_track_test/LM_test_0176",11.0,122.0,112.0,17235526.016,17235537.116,9.999999998657554
test,LM_test_0177,,,,"/home/fluxx/Workspace/cuchx-large/hf_data_manual/LMT_(IMU,Radar,Skeleton)/Testing/large_model_track_test/LM_test_0177",18.0,114.0,97.0,17235712.716,17235722.316,9.999999998447796
test,LM_test_0178,,,,"/home/fluxx/Workspace/cuchx-large/hf_data_manual/LMT_(IMU,Radar,Skeleton)/Testing/large_model_track_test/LM_test_0178",10.0,146.0,137.0,17235821.916,17235835.516,10.00000000164351
test,LM_test_0179,,,,"/home/fluxx/Workspace/cuchx-large/hf_data_manual/LMT_(IMU,Radar,Skeleton)/Testing/large_model_track_test/LM_test_0179",8.0,144.0,137.0,17155678.716,17155692.316,9.999999998904327
test,LM_test_0180,,,,"/home/fluxx/Workspace/cuchx-large/hf_data_manual/LMT_(IMU,Radar,Skeleton)/Testing/large_model_track_test/LM_test_0180",20.0,96.0,77.0,17155763.916,17155771.516,10.000000002941018
test,LM_test_0181,,,,"/home/fluxx/Workspace/cuchx-large/hf_data_manual/LMT_(IMU,Radar,Skeleton)/Testing/large_model_track_test/LM_test_0181",14.0,97.0,84.0,17236097.316,17236105.616,9.99999999910234
test,LM_test_0182,,,,"/home/fluxx/Workspace/cuchx-large/hf_data_manual/LMT_(IMU,Radar,Skeleton)/Testing/large_model_track_test/LM_test_0182",13.0,115.0,103.0,17236171.216,17236181.416,9.999999997078204
test,LM_test_0183,,,,"/home/fluxx/Workspace/cuchx-large/hf_data_manual/LMT_(IMU,Radar,Skeleton)/Testing/large_model_track_test/LM_test_0183",24.0,274.0,251.0,17236429.316,17236454.316,10.0
test,LM_test_0184,,,,"/home/fluxx/Workspace/cuchx-large/hf_data_manual/LMT_(IMU,Radar,Skeleton)/Testing/large_model_track_test/LM_test_0184",15.0,102.0,88.0,17236531.416,17236540.116,10.000000000856389
test,LM_test_0185,,,,"/home/fluxx/Workspace/cuchx-large/hf_data_manual/LMT_(IMU,Radar,Skeleton)/Testing/large_model_track_test/LM_test_0185",10.0,157.0,148.0,17248319.916,17248334.616,10.000000000506843
test,LM_test_0186,,,,"/home/fluxx/Workspace/cuchx-large/hf_data_manual/LMT_(IMU,Radar,Skeleton)/Testing/large_model_track_test/LM_test_0186",15.0,117.0,103.0,17248390.416,17248400.616,10.000000000730449
test,LM_test_0187,,,,"/home/fluxx/Workspace/cuchx-large/hf_data_manual/LMT_(IMU,Radar,Skeleton)/Testing/large_model_track_test/LM_test_0187",16.0,302.0,287.0,17589118.516,17589147.116,9.99999999947898
test,LM_test_0188,,,,"/home/fluxx/Workspace/cuchx-large/hf_data_manual/LMT_(IMU,Radar,Skeleton)/Testing/large_model_track_test/LM_test_0188",17.0,197.0,181.0,17589290.616,17589308.616,10.0
test,LM_test_0189,,,,"/home/fluxx/Workspace/cuchx-large/hf_data_manual/LMT_(IMU,Radar,Skeleton)/Testing/large_model_track_test/LM_test_0189",16.0,211.0,196.0,17495110.516,17495130.016,10.0
test,LM_test_0190,,,,"/home/fluxx/Workspace/cuchx-large/hf_data_manual/LMT_(IMU,Radar,Skeleton)/Testing/large_model_track_test/LM_test_0190",25.0,144.0,120.0,17495201.416,17495213.316,10.000000001252198
test,LM_test_0191,,,,"/home/fluxx/Workspace/cuchx-large/hf_data_manual/LMT_(IMU,Radar,Skeleton)/Testing/large_model_track_test/LM_test_0191",15.0,311.0,297.0,17495561.416,17495591.016,10.000000000755126
test,LM_test_0192,,,,"/home/fluxx/Workspace/cuchx-large/hf_data_manual/LMT_(IMU,Radar,Skeleton)/Testing/large_model_track_test/LM_test_0192",38.0,243.0,206.0,17495680.716,17495701.216,10.0
test,LM_test_0193,,,,"/home/fluxx/Workspace/cuchx-large/hf_data_manual/LMT_(IMU,Radar,Skeleton)/Testing/large_model_track_test/LM_test_0193",14.0,114.0,101.0,17590794.316,17590804.316,10.0
test,LM_test_0194,,,,"/home/fluxx/Workspace/cuchx-large/hf_data_manual/LMT_(IMU,Radar,Skeleton)/Testing/large_model_track_test/LM_test_0194",16.0,70.0,55.0,17591050.516,17591055.916,9.999999995860788
test,LM_test_0195,,,,"/home/fluxx/Workspace/cuchx-large/hf_data_manual/LMT_(IMU,Radar,Skeleton)/Testing/large_model_track_test/LM_test_0195",16.0,132.0,117.0,17495932.516,17495944.116,9.999999998715417
test,LM_test_0196,,,,"/home/fluxx/Workspace/cuchx-large/hf_data_manual/LMT_(IMU,Radar,Skeleton)/Testing/large_model_track_test/LM_test_0196",17.0,100.0,84.0,17496003.616,17496011.916,9.99999999910234
test,LM_test_0197,,,,"/home/fluxx/Workspace/cuchx-large/hf_data_manual/LMT_(IMU,Radar,Skeleton)/Testing/large_model_track_test/LM_test_0197",16.0,374.0,359.0,17591653.516,17591689.316,9.999999999791884
test,LM_test_0198,,,,"/home/fluxx/Workspace/cuchx-large/hf_data_manual/LMT_(IMU,Radar,Skeleton)/Testing/large_model_track_test/LM_test_0198",19.0,265.0,247.0,17591756.816,17591781.416,9.999999999394262
test,LM_test_0199,,,,"/home/fluxx/Workspace/cuchx-large/hf_data_manual/LMT_(IMU,Radar,Skeleton)/Testing/large_model_track_test/LM_test_0199",20.0,338.0,319.0,17592169.916,17592201.716,10.00000000093718
test,LM_test_0200,,,,"/home/fluxx/Workspace/cuchx-large/hf_data_manual/LMT_(IMU,Radar,Skeleton)/Testing/large_model_track_test/LM_test_0200",15.0,222.0,208.0,17592275.416,17592296.116,10.00000000035993
test,LM_test_0201,,,,"/home/fluxx/Workspace/cuchx-large/hf_data_manual/LMT_(IMU,Radar,Skeleton)/Testing/large_model_track_test/LM_test_0201",15.0,255.0,241.0,17592898.416,17592922.416,10.0
test,LM_test_0202,,,,"/home/fluxx/Workspace/cuchx-large/hf_data_manual/LMT_(IMU,Radar,Skeleton)/Testing/large_model_track_test/LM_test_0202",14.0,182.0,169.0,17592985.316,17593002.116,9.999999999556513
test,LM_test_0203,,,,"/home/fluxx/Workspace/cuchx-large/hf_data_manual/LMT_(IMU,Radar,Skeleton)/Testing/large_model_track_test/LM_test_0203",40.0,133.0,94.0,17496294.916,17496304.216,10.000000003204551
test,LM_test_0204,,,,"/home/fluxx/Workspace/cuchx-large/hf_data_manual/LMT_(IMU,Radar,Skeleton)/Testing/large_model_track_test/LM_test_0204",25.0,78.0,54.0,17496385.416,17496390.716,10.000000005623079
test,LM_test_0205,,,,"/home/fluxx/Workspace/cuchx-large/hf_data_manual/LMT_(IMU,Radar,Skeleton)/Testing/large_model_track_test/LM_test_0205",9.0,195.0,187.0,17593330.816,17593349.416,9.999999999198863
test,LM_test_0206,,,,"/home/fluxx/Workspace/cuchx-large/hf_data_manual/LMT_(IMU,Radar,Skeleton)/Testing/large_model_track_test/LM_test_0206",10.0,135.0,126.0,17593402.916,17593415.416,10.0
test,LM_test_0207,,,,"/home/fluxx/Workspace/cuchx-large/hf_data_manual/LMT_(IMU,Radar,Skeleton)/Testing/large_model_track_test/LM_test_0207",13.0,256.0,244.0,17593792.216,17593816.516,9.999999999693392
test,LM_test_0208,,,,"/home/fluxx/Workspace/cuchx-large/hf_data_manual/LMT_(IMU,Radar,Skeleton)/Testing/large_model_track_test/LM_test_0208",15.0,208.0,194.0,17593894.416,17593913.716,10.000000001544162
