path,raw_duration_s,raw_speed_mean,raw_speed_p90,raw_speed_cv,raw_acc_mean,raw_jerk_mean,raw_wrist_speed_mean,raw_ankle_speed_mean,raw_wrist_ankle_ratio,raw_hip_speed_mean,raw_hip_path,raw_hip_efficiency,raw_pose_amplitude,raw_low_motion_frac,raw_longest_low_motion_s,raw_cad_hz,raw_cad_peak_frac
HAU/user1/1-1-1,55.40000000037253,0.3345180139111076,0.5998954392228615,1.0418800163918867,4.549215487952142,78.03799213092871,0.2656594501282761,0.48051497156962647,0.5528640423161467,0.37975181706356526,21.038250665462986,0.023030091034589435,0.6036318902726241,0.0703971119133574,0.900000000006052,0.14440433212899287,0.05711545150502346
HAU/user1/1-1-2,52.59999999962747,0.29407186104913885,0.6837601596456324,1.0010155783303236,3.8893044365361917,65.84954802877601,0.2327369543515652,0.4482822271348914,0.5191750637090456,0.3308183946326567,17.4010475575545,0.018150167781461786,0.5439161467182536,0.2224334600760456,5.599999999960339,0.17110266159816997,0.0546596699945255
HAU/user1/1-1-3,19.90000000037253,0.5831861402926832,1.1544829097847313,0.773572235354998,8.097066448833779,135.58735705957787,0.5402922463886846,0.8750601460849982,0.6174344108670782,0.5879311383087555,11.69982965256326,0.021657302650387546,0.5535221245803107,0.17587939698492464,3.5000000000655183,0.2512562814023317,0.06932584556251094
HAU/user1/1-2-1,23.599999999627478,0.34663415314364626,0.7117652977956588,1.935653518369772,4.777307364065529,81.48400873753361,0.3006889690612817,0.44609279920004646,0.674050262471038,0.332369727925005,7.843925578906303,0.0619591348111754,0.6673473786608453,0.22033898305084745,0.9999999999842147,0.1271186440698032,0.3299885449994854
HAU/user1/1-2-2,,,,,,,,,,,,,,,,,
HAU/user1/1-2-3,,,,,,,,,,,,,,,,,
HAU/user1/2-1-1,,,,,,,,,,,,,,,,,
HAU/user1/2-1-2,31.499999999999996,0.3213512335507992,0.8138394393382029,1.4128469609286578,4.519771467949668,79.17174832283719,0.21982348138768568,0.3538732285807222,0.6211927408245546,0.25259947141453737,7.956883349557927,0.06748613196073702,0.6536450521039372,0.23174603174603176,0.7999999999999999,0.15873015873015872,0.13747827939270219
HAU/user1/2-1-3,20.800000000745058,0.6458662251141581,1.1733509143927277,1.5291461440724807,9.275854427146736,155.67890575700136,0.5156150696192625,0.763949672962396,0.6749332936355735,0.673952245794803,14.018206713034033,0.04126333723599207,0.7012330608133467,0.08173076923076923,0.400000000014328,0.24038461537600478,0.10044878565051335
HAU/user1/2-2-1,22.100000001490123,0.12325672943235894,0.27229425051772604,0.9064959481152951,1.61270076370398,27.84070163019006,0.10803116134626667,0.1535060914617547,0.7037581350276512,0.12583898842932298,2.7810416444755526,0.05456768761830091,0.4174099271368829,0.14479638009049775,2.5000000001685665,0.3167420814266071,0.09879262964294999
HAU/user1/2-2-2,23.699999999254942,0.11267576928308752,0.2618804104551832,1.0577860432245616,1.3493077841526921,22.594733009912918,0.09437257510382453,0.16094754280325335,0.5863561063049718,0.10744335407802863,2.546407491569227,0.05692149008785092,0.42358974201724264,0.11814345991561181,0.9999999999685628,0.6751054852532908,0.06221250757784808
HAU/user1/2-2-3,13.999999999999996,0.22614513231417796,0.4249149922184079,1.0344446865232253,3.0785212322207918,52.72404808714397,0.18636888589111894,0.30564929749177155,0.6097474681301656,0.23982763253626688,3.357586855507737,0.06111780384955572,0.44139196642068107,0.20714285714285716,2.9000000000000012,0.14285714285714285,0.20739619338840637
HAU/user1/3-1-1,13.499999999999996,0.12942853072543478,0.26753880566408345,0.7745859304425377,1.2748392569837936,20.39954918616212,0.10793256208987473,0.19865694660621275,0.5433112880795077,0.11695530977738373,1.5788966819946797,0.08224086446789418,0.2733918362420076,0.022222222222222223,0.1,0.14814814814814814,0.19463275420969775
HAU/user1/3-1-2,14.599999999627473,0.11125153140168387,0.23848501033317632,0.8264488435046635,1.1459468572585318,18.38162360646915,0.0894833850160043,0.18484017699808877,0.4841121989015264,0.11099407806879243,1.6205135397630208,0.0671299429256479,0.27517433140169384,0.0,0.0,0.13698630137335832,0.12154023913162439
HAU/user1/3-1-3,6.499999999999999,0.3975759550210677,0.9204140490413799,0.804272439430856,3.6721972072703517,56.02513030969967,0.3523066762867847,0.5027453456612239,0.7007656632258944,0.4151566120062669,2.6985179780407353,0.07516176907587635,0.5637915499320315,0.015384615384615385,0.1,0.6153846153846154,0.1937715690011889
HAU/user1/3-2-1,59.90000000037253,0.23233231321817205,0.4709229129459843,0.8789626751706691,2.9533410644485634,49.16943410533361,0.19978295503158505,0.3058743365628161,0.6531536990760347,0.2511720165196589,15.04520378962114,0.012229330512999004,0.5152102352577677,0.045075125208681135,0.20000000000124385,0.10016694490755734,0.1928578031533159
HAU/user1/3-2-2,62.19999999925495,0.27399575977493973,0.49677784616870785,0.7983526528717928,3.501588265799514,58.14387649955361,0.22518946777048107,0.3509559680498741,0.6416459260690891,0.298674464914835,18.577551717480212,0.018516181268209937,0.523393246035852,0.04501607717041801,0.3999999999952087,0.11254019292739306,0.05978712370128302
HAU/user1/3-2-3,41.09999999962747,0.42115341531967965,0.800348122489943,0.8020944813703345,5.828956319213664,97.30649143564837,0.3715468562800113,0.6001717132739908,0.6190675892306255,0.4160643881955285,17.100246354681225,0.008924067024261984,0.5507708987894882,0.0340632603406326,0.9999999999909359,0.14598540146117725,0.09710297235439001
HAU/user1/4-1-1,74.19999999925494,0.15469295157987223,0.3212850722140512,0.8352071536736438,1.9011313165854336,31.596449963317532,0.11484411930556987,0.1918629632555998,0.5985736734087699,0.167713016244823,12.44430580524091,0.002864161710187075,0.2346128768174662,0.05660377358490566,0.2999999999969876,0.17520215633599104,0.050974811580530376
HAU/user1/4-1-2,60.69999999925493,0.12177800282585537,0.25379859306336167,0.7440140351653627,1.5579945167296902,26.451217489944764,0.08338330287514956,0.1565250617916421,0.5327153453127503,0.14125551581537105,8.574209809887778,0.005394924330894129,0.20108380830710412,0.026359143327841845,0.3999999999950902,0.13179571664082695,0.06481960279063115
HAU/user1/4-1-3,37.49999999999999,0.24482749525575964,0.46501832992505404,0.6840520807086551,3.013952167400654,49.85074710599464,0.18173880869019407,0.33511947265721553,0.5423104981242889,0.24951794564389407,9.356922961646028,0.013096140037158789,0.29960601372450385,0.024,0.5,0.16,0.07728891661705073
HAU/user1/5-1-1,42.099999999627464,0.14986733894758614,0.29827557136417227,0.7878672724439951,1.8217250632768307,30.389597395579887,0.11662027137539413,0.16569286388621451,0.7038339970491803,0.19257227045225972,8.107292585968395,0.0035930681914232,0.30443800000086685,0.04275534441805225,0.2999999999973454,0.21377672209215293,0.0995242181487475
HAU/user1/5-1-2,46.29999999888241,0.13692966149739794,0.29021258170049946,0.7403856085372754,1.7552165426570316,29.772067976832368,0.0925731874787665,0.126269214593884,0.7331413840132417,0.28395987773314757,13.14734233872738,0.002811675806508201,0.2651140943514219,0.01511879049676026,0.1999999999951724,0.15118790497125195,0.10181982455500883
HAU/user1/5-1-3,33.699999999254956,0.14995384723961802,0.34952276295657225,0.9312923660991203,1.7061037667845829,28.05689570509369,0.1122008927105964,0.19548950647305477,0.5739484137073779,0.179243233216044,6.040496959247137,0.016562645530621468,0.28054488601291444,0.16023738872403562,0.7999999999823134,0.17804154303064246,0.07777731493176268
HAU/user1/6-1-1,12.599999999627467,0.35339243670185977,0.7271875698888915,1.7178667018576492,5.057527359725184,89.70008494657613,0.3222639249616712,0.4549920840940596,0.7082846834468565,0.30442060346607147,3.8356996035590942,0.1222004207484725,0.8218767915014888,0.2619047619047619,1.1999999999645206,0.7936507936742587,0.12319694258671222
HAU/user1/6-1-2,10.300000000745053,0.37971047980870803,1.0013893221075123,1.8894309432345862,5.532260329104016,98.4978193313799,0.2942725590163696,0.4914050738727563,0.5988390720070771,0.3387269269852097,3.4888873482000284,0.1383102187308524,0.7788788867840096,0.42718446601941745,1.6000000001157373,0.3883495145350153,0.15371873575159303
HAU/user1/6-1-3,6.30000000074506,0.8889127048945662,1.859893068950239,1.6159512999633434,13.700322198697735,251.16118068799852,0.9031562728244048,1.214711295148829,0.7435151675034296,0.7990648741899373,5.0341087079919555,0.09623207575811032,0.8529741949498972,0.36507936507936506,0.6000000000709579,0.1587301587113868,0.7397298980469261
HAU/user1/6-2-1,30.40000000037253,0.20382374794275324,0.3661115502229843,0.735505075329658,2.3271406604594675,38.12799823042339,0.17492134583796878,0.28785035655875985,0.6076815305058688,0.275437923970208,8.373312888796931,0.006861965916600219,0.4376841545834386,0.03289473684210526,0.3000000000036762,0.16447368420851083,0.07874536970527707
HAU/user1/6-2-2,28.40000000037253,0.2529621844909425,0.46432220974889776,0.7418876047108747,3.1059754660509387,51.20475206795266,0.2267111582975603,0.35615480147008005,0.636552298958838,0.2591076517766367,7.358657310553006,0.00017801953892104884,0.4623512978555238,0.06690140845070422,1.6000000000209875,0.24647887323620352,0.0848117756575768
HAU/user1/6-2-3,20.099999999627478,0.32401962778733273,0.6642086259204635,0.7720115887006407,4.235294908638797,70.75549983239276,0.2632232572003814,0.473237712282547,0.5562178368553305,0.3038479265345842,6.107343323231951,0.005754469212272168,0.4854596364337181,0.14427860696517414,2.8999999999462514,0.24875621891008304,0.09696538049264278
HAU/user1/7-1-1,43.09999999962747,0.14554260725235876,0.26345886540893676,0.7850078560221905,1.8229748742945897,30.9641844844214,0.118519938560949,0.2080468090595154,0.5696791915581129,0.17503973609149182,7.544212625478089,0.008667063012107228,0.3022742318591034,0.018561484918793503,0.1999999999982713,0.7656612529068499,0.058974550776426514
HAU/user1/7-1-2,40.5,0.1831634286167829,0.3615405032425775,0.6443390203582283,1.9955693513327715,32.13876008032206,0.15346234777036288,0.28538540114155514,0.5377372024594426,0.21049824183886318,8.525178794473959,0.021995186296809806,0.361926823125082,0.03209876543209877,0.7,0.4444444444444444,0.052055563320956746
HAU/user1/7-1-3,26.0,0.28480589052661615,0.5233574109110297,0.6622556463702963,3.220749498390083,49.44380027127567,0.25100152859195657,0.4411580946915816,0.5689604952131139,0.3066974285245092,7.974133141637237,0.010802370603437668,0.44750122302975426,0.019230769230769232,0.2,0.15384615384615385,0.07477831803988606
HAU/user2/1-1-1,,,,,,,,,,,,,,,,,
HAU/user2/1-1-2,,,,,,,,,,,,,,,,,
HAU/user2/1-1-3,,,,,,,,,,,,,,,,,
HAU/user2/1-2-1,22.89999999850988,0.3569664910510749,0.902265732676986,1.7828807905848378,5.198948240623865,92.33262052361091,0.36387020111177826,0.4714568234461959,0.771799626697957,0.26080320532856155,5.972393401635432,0.08864185802187215,0.9097778536942787,0.3624454148471616,2.199999999856844,0.9606986900188452,0.06602879559851803
HAU/user2/1-2-2,18.700000001117587,0.6701476114829046,1.4938285639466764,1.183416381452134,9.641241919390298,167.13412589625048,0.5231659666659939,1.0836118981631797,0.48279828513327444,0.5462954931100371,10.215725721768225,0.0344420425526633,0.9962292031881683,0.31016042780748665,1.9000000001135517,0.10695187165136216,0.3121265193345377
HAU/user2/1-2-3,12.999999999999998,0.7555635371246967,1.5783532927003123,1.2685110161220685,10.816728976247777,181.68937710560178,0.6979981288120068,1.0732642484479022,0.6503506747486129,0.6682607282351981,8.687389467057578,0.06532025770093695,0.7812127165877699,0.27692307692307694,1.2,0.15384615384615385,0.3537774657460439
HAU/user2/2-1-1,37.8999999985099,0.4172240611135394,0.9243984756812011,1.6973140878020887,6.148557116568378,109.73142941277177,0.36077526374171237,0.5271018375541051,0.6844507784897057,0.34251479332788803,12.981310666616574,0.03509405163680962,0.9035845478157241,0.22163588390501318,1.2999999999488883,0.10554089710177489,0.08677981442337393
HAU/user2/2-1-2,33.59999999962748,0.6819215651919628,1.4977673892118675,1.840037391947777,10.578311042827805,187.0222013977356,0.5798970018482789,0.8037604262627615,0.721479911399895,0.5730769782984177,19.255386470613345,0.017669701108367113,0.9024577839174093,0.37202380952380953,2.9999999999667373,0.2380952380978779,0.05737391996760444
HAU/user2/2-1-3,18.199999999254945,0.6969695472178973,1.6043536379261432,1.2804565373593495,10.03191787829673,174.49900681388957,0.682549030889182,1.0126772030531814,0.6740045378303364,0.5373900772218059,9.780499405036482,0.027900581263538067,0.787343541817833,0.24725274725274726,1.6999999999304065,0.2747252747365212,0.14437097233295626
HAU/user2/2-2-1,73.10000000149012,0.1734661264268274,0.3380711598475826,0.7628817372702713,2.0802493940066173,34.93161662491216,0.13453511262439133,0.2306412245960871,0.5833090431976692,0.21116984039315315,15.43651533305416,0.004013334982727277,0.5648741387080771,0.049247606019151846,1.3000000000265,0.1778385772877565,0.03525266930423
HAU/user2/2-2-2,54.099999999627464,0.1949789769143844,0.3853378086276307,0.8667312228863284,2.469116358766237,41.93225500115726,0.1463230124527773,0.24154307499282132,0.60578433826489,0.24599615671491662,13.308392078185348,0.0039317186926678405,0.4415031725407609,0.04990757855822551,0.29999999999793414,0.3142329020354356,0.045856346354227674
HAU/user2/2-2-3,32.80000000074506,0.29767930944330195,0.6158956234615954,0.7644032376777636,3.780975388762429,61.98535107352255,0.21840223533155415,0.4280889521075164,0.5101795637242278,0.30430871092617934,9.981325718605412,0.008053255164322667,0.3829443706423938,0.13414634146341464,1.1000000000249868,0.6097560975471249,0.06121832805781735
HAU/user2/3-1-1,,,,,,,,,,,,,,,,,
HAU/user2/3-1-2,21.69999999925495,0.2484087889342554,0.4511732375032319,0.5871278360896358,2.54386951978731,39.9362546110158,0.19974277259836887,0.45557091300303537,0.43844496314143094,0.214220384125569,4.6485823353652425,0.05202051641446516,0.407685143631364,0.059907834101382486,0.8999999999690993,0.13824884793101397,0.1318062360922553
HAU/user2/3-1-3,13.199999999254942,0.29791628949265664,0.5639841211981395,0.6430838240155189,3.0786463537099635,48.30208077792649,0.23337748109679762,0.5135956304407764,0.4543992721318713,0.2662690337820212,3.5147512457242955,0.06419916396272363,0.47643613377187227,0.05303030303030303,0.2999999999830669,0.15151515152370357,0.3173344337795063
HAU/user2/3-2-2,17.499999999999996,0.16330019617131278,0.2773766618841764,1.4385869792356147,2.344905194019489,42.30546837846722,0.1271014934488403,0.2369036234099617,0.536511392619689,0.20093631044272114,3.5163854327476196,0.10545640967957111,0.4126568396870805,0.022857142857142857,0.2,0.39999999999999997,0.07182812417461874
HAU/user2/3-2-3,12.69999999925495,0.18601377071691505,0.39214509103871353,1.4851496917789302,2.748121690517055,48.017742143697724,0.13767509228266295,0.3415877885079573,0.40304453646009436,0.19835571905100358,2.5191176317999586,0.14844722425843443,0.35178146503197594,0.14173228346456693,0.9999999999413343,0.15748031496986867,0.1675318780163056
HAU/user2/4-1-1,31.19999999925495,0.19218268456691928,0.4531015951751645,1.044259906356052,2.4048987328639027,41.078451700362805,0.15013230347580694,0.23592535912277676,0.6363550887351717,0.20011075262613745,6.243455481786395,0.02895525837680486,0.5061834562204361,0.2467948717948718,1.8999999999546282,0.224358974364332,0.06044214261561339
HAU/user2/4-1-2,28.40000000037253,0.21466468174079584,0.47326110560581314,1.3460138869985945,2.6326186687879987,44.38928887843346,0.18002550782660773,0.2861121825849698,0.6292130085859962,0.21860921257012378,6.208501637072954,0.07151367898797342,0.5051279190647004,0.2112676056338028,1.400000000018364,0.10563380281551579,0.19735988775347457
HAU/user2/4-1-3,21.59999999962747,0.2751921475116904,0.6093159372452326,1.2866126166658305,3.448413903574632,57.913241705541424,0.22268502942041743,0.37404899604131403,0.5953365232411562,0.2883867319396409,6.22915340978881,0.06825530836562937,0.5010371102042978,0.2916666666666667,3.099999999946534,0.13888888889128426,0.1489811982707898
HAU/user2/4-2-1,14.799999998882413,0.14205093411304517,0.2822940001541055,0.7870375795481797,1.3804407672134382,21.71448306910006,0.10912892353680523,0.2806808729934414,0.3888007115844851,0.1268007421672285,1.876650983933271,0.05509984010143046,0.28504120386586657,0.02702702702702703,0.09999999999244874,0.2027027027180093,0.1838812569720077
HAU/user2/4-2-2,17.59999999962747,0.13752774664903436,0.2955947756345779,0.7757363781462094,1.4951509012304716,24.146046397454615,0.10442431945474477,0.29393328604072777,0.3552653750314288,0.12043838764812084,2.1197156225620604,0.016843500867004393,0.2938149057927275,0.0,0.0,0.11363636363876892,0.1607596961700526
HAU/user2/4-2-3,10.5,0.20863161852203296,0.4410370888175435,0.8624785035166931,2.3341968568609692,36.88469801168169,0.13836587450006396,0.3954098819993395,0.34993023808738505,0.19932795287371963,2.0929435051740564,0.02890217348634613,0.3379189752166992,0.0761904761904762,0.4,0.2857142857142857,0.21081798785213926
HAU/user2/4-3-1,13.499999999999996,0.20655209754754272,0.397397146439103,1.6396211068750954,2.8032580173678774,49.3243024878299,0.19600025212070787,0.3041599507591967,0.644398616540685,0.2139470892504042,2.888285704880457,0.182664547734705,0.5501798856426161,0.05185185185185185,0.30000000000000004,0.2962962962962963,0.073295242971378
HAU/user2/4-3-2,15.599999999627475,0.26566791409758533,0.3646561279226721,1.452387755289546,3.779049612749749,65.93066819492388,0.21285402903872372,0.5773287759609539,0.36868771752411633,0.2494298381286761,3.891105474714429,0.11737200765293465,0.6009362638634237,0.0,0.0,0.3205128205204743,0.0871341629872653
HAU/user2/4-3-3,12.700000001117589,0.3243696550562862,0.7332180517143211,1.2066480065489968,4.378002810183895,73.43417231802374,0.34333721826727037,0.4834661684309695,0.7101576903951143,0.31041158716769257,3.942227157376608,0.11004274218816432,0.5696215551789487,0.2204724409448819,0.8000000000703993,0.2362204724201577,0.18025457260718986
HAU/user2/5-1-1,27.199999999254942,0.24761829805617316,0.6035690857146007,0.8626861410781245,2.82997454224816,42.44487501955149,0.20133329437943656,0.5173854173757706,0.3891360042799094,0.223811520710952,6.087673363171143,0.00748506514476205,0.22002025117633334,0.13602941176470587,2.49999999993152,0.11029411765007997,0.10825445732850102
HAU/user2/5-1-2,21.400000000372522,0.2531382444203638,0.5889263633868351,0.8201968838493251,3.0668632821511808,47.24507804879722,0.19553193017976125,0.5159757427695819,0.37895566320861684,0.22173659141641813,4.745163056393952,0.020568192892480113,0.21845329134968572,0.14485981308411214,2.800000000048742,2.429906542013775,0.06535313691615337
HAU/user2/5-1-3,18.800000000745065,0.41837461636188567,0.7037112904476958,0.540192404900729,5.459305267560963,85.51345691970387,0.32456071998090014,0.815044587053343,0.3982122263471288,0.33129357707132756,6.228319249187793,0.0035588900948172763,0.24132258936054468,0.12234042553191489,2.300000000091152,1.3297872339898524,0.074742376325231
HAU/user2/5-2-1,16.90000000037253,0.25592264596547337,0.6495066535625056,2.3515621341624695,3.760811820300695,66.17694908365536,0.24047135560633062,0.41257997230532073,0.5828478626333495,0.20150155078315307,3.4053762083103525,0.1350993072397902,0.7203000405816129,0.47337278106508873,3.2000000000705353,0.11834319526366353,0.21349841341516926
HAU/user2/5-2-2,9.700000001117587,0.5191192760037238,1.931243075575374,1.6877119880662954,8.24459945393836,148.510006629147,0.4618523787480675,0.7103523546715422,0.6501736427852745,0.45443963055000186,4.408064416842894,0.10561427675287223,0.787597006470418,0.6391752577319587,5.100000000587593,0.10309278349327679,0.43706306876779133
HAU/user2/5-2-3,5.999999999999998,0.9042068192736621,2.4793457600459483,1.2251996120886852,13.515504469844467,231.44442553745327,0.8576851099785803,1.0659731864280824,0.8046028925436226,0.8208662527677401,4.92519751660644,0.10092592103831487,0.8151878819130043,0.4,0.7,0.16666666666666666,0.6047196714666968
HAU/user2/6-1-1,44.900000000372515,0.20195527451578968,0.5058540435968429,0.9102612717878541,2.3185314256492506,36.3080325216324,0.17132680354159924,0.3337185159988443,0.5133871655740114,0.19273504985381798,8.653803738508225,0.016107599518446244,0.4567132764276436,0.267260579064588,3.9000000000323567,0.1781737193749137,0.06962456927776822
HAU/user2/6-1-2,26.5,0.3145316430532539,0.6297845873320471,0.6876662040387714,3.8600305594623228,59.902292339513444,0.2587066625569321,0.5606650480989183,0.4614281966973269,0.27066945715681434,7.172740614655582,0.00761506240057331,0.44655216720149904,0.13584905660377358,1.4000000000000001,0.11320754716981132,0.27994756817960087
HAU/user2/7-1-1,15.90000000037252,0.15967012809014544,0.3327363711171108,0.7768992653251224,1.539102335187554,24.730957378850903,0.13041176902983748,0.24328286874635033,0.5360499453406086,0.16302001755325235,2.5920182791574415,0.03218039302391561,0.3345686476978277,0.06289308176100629,0.40000000000937175,0.1257861635190655,0.13601914751483815
HAU/user2/7-1-2,14.300000000745058,0.19230808019305318,0.3644032674752025,0.7402719983487789,2.1278187607323313,34.132865840289696,0.16520005909608898,0.3350917638000016,0.4929994599977354,0.1667289572899322,2.384224089370253,0.02620114493027452,0.2960590458292148,0.055944055944055944,0.7000000000364712,0.34965034963213215,0.13396901025391267
HAU/user2/7-1-3,11.699999999254935,0.1940513839873159,0.36031703347948035,0.7646965106905081,2.1108569237165344,33.364642728305235,0.18241087124530156,0.36200561987632285,0.5038896103428769,0.17811999025032607,2.084003885796104,0.037165860298409174,0.2963333630084759,0.05982905982905983,0.2999999999808959,0.17094017095105646,0.1313082598711315
HAU/user2/7-2-1,11.800000000745062,0.4869481061648022,1.1293521944652936,2.269377924379733,7.64600670915331,142.3499556450596,0.47762144692659764,0.5880538329840201,0.8122070112029516,0.4834693783725322,5.704938665156092,0.08781453298617829,0.8573669955757677,0.4491525423728814,3.1000000001957373,0.16949152541302706,0.2264785630053549
HAU/user2/7-2-2,5.799999998882413,1.2680913187757457,2.978615794368932,1.4470889595735261,19.602939787228816,344.4795019591346,1.048728604497912,1.279887694845395,0.8193911136908014,1.0860668602067935,6.299187787985627,0.05707115252792198,1.087616915816271,0.43103448275862066,2.499999999518281,0.17241379313667027,0.7101209895626711
HAU/user2/7-2-3,4.400000000372529,1.189466599968287,2.0975810138389437,1.37899029166126,19.04103569996379,342.4193701032306,1.0129182004340993,1.4601788056659926,0.6936946323353934,0.8354043337068527,3.675779068621364,0.11845100138605957,0.788297942568561,0.3409090909090909,1.200000000101599,0.22727272725348507,0.6936456014781521
HAU/user2/7-3-1,37.69999999925493,0.24427676452954722,0.49424265535401457,0.9767751937811143,2.9925279870140784,48.808787905370195,0.19192084239933685,0.37865339983865526,0.5068509670697889,0.2218689554058854,8.364459618636573,0.06433674729667004,0.5614731161568328,0.11936339522546419,0.8999999999822133,0.23872679045564632,0.08770892051447363
HAU/user2/7-3-2,25.69999999925495,0.3381915024645656,0.6693199023073969,0.8358475392865011,4.580443351744024,76.22128294684576,0.2660233679103379,0.5575408562604934,0.47713699264562937,0.2931693464068128,7.534452202436665,0.07218565973940878,0.5457332652286636,0.08171206225680934,0.6999999999797067,0.15564202335081562,0.05981922773244105
HAU/user2/7-3-3,21.299999998882406,0.39171067942698873,0.7185253845680717,0.7862631007162788,5.082131000685858,82.66312190497452,0.3540020929387755,0.6164361005098103,0.5742721623080372,0.3571152703385086,7.606555257811124,0.07575777517491235,0.5355660928622672,0.046948356807511735,0.5999999999685186,0.3755868544798005,0.07236418834276
HAU/user3/1-1-1,,,,,,,,,,,,,,,,,
HAU/user3/1-1-2,,,,,,,,,,,,,,,,,
HAU/user3/1-1-3,,,,,,,,,,,,,,,,,
HAU/user3/1-2-1,17.299999998882413,0.8747601985985923,2.513682296764453,1.4414589899566028,13.63414124398688,243.3135595562236,1.0234509056408632,0.9927969493456927,1.030876359243949,0.690351385076421,11.943078961050556,0.0023621454823341734,1.1381218669799489,0.37572254335260113,1.7999999998837188,0.11560693642365323,0.18650106746127484
HAU/user3/1-2-2,17.999999999999996,1.2053436222325717,3.9701490694490986,1.4728155724856338,20.06379948719074,364.0966685504986,1.045068402481272,1.5603467054975448,0.6697667884512026,1.1847195865714542,21.324952558286174,0.02911903271250512,1.166396360173562,0.4722222222222222,2.3000000000000007,0.1111111111111111,0.1690809071135346
HAU/user3/1-2-3,10.800000000745058,1.5270852362292946,3.8093765187578192,0.8883326281161544,25.013730589414013,450.0085437302595,1.6511263267778968,2.0947999943745357,0.7882023727437936,1.382512065661497,14.931130310174217,0.062486600260636474,1.0902814985822946,0.12962962962962962,0.5000000000344934,0.18518518517240984,0.4278204706617171
HAU/user3/2-1-1,31.200000001117584,0.2786811108558001,0.4795486927385233,0.5816458610417867,2.624585154780017,39.11613236086006,0.2767108672995188,0.37330673715061263,0.7412426270963218,0.28770400322689915,8.976364901000787,0.0325125872545604,0.672469678461371,0.009615384615384616,0.100000000003582,0.1282051282005359,0.1290346424848255
HAU/user3/2-1-2,21.400000000372522,0.41195557265941196,0.7433974337661355,0.7087453774604604,4.365516648303663,65.01816305648978,0.3475381445528217,0.5443332719144988,0.6384657375288013,0.4471330785087657,9.568647880254154,0.0072654257990636805,0.4688561713358258,0.06542056074766354,1.30000000002263,0.23364485980901684,0.08651738020880385
HAU/user3/2-1-3,22.099999999627467,0.2877291200864207,0.5250703356808301,0.6079813834681668,2.602441575076766,38.03781531579233,0.2732964224187199,0.398870220453236,0.6851762997573421,0.29102196913662387,6.431585517810971,0.018333235702379894,0.5712547648089167,0.058823529411764705,0.899999999984829,0.18099547511617314,0.12822773648033486
HAU/user3/2-2-1,33.30000000074506,0.3211352599431276,0.5576659605891228,1.955129796803841,4.129027758668681,70.1707475272489,0.31307151099143804,0.44988676569001657,0.6958895752698417,0.286979260698272,9.556409381466272,0.0616926455549948,0.7074917394511457,0.1111111111111111,0.8000000000178992,0.1501501501467907,0.11253512178824235
HAU/user3/2-2-2,16.700000001117594,0.6580941842507603,1.408438729262844,1.41824631663304,9.408564823894743,158.77611464670827,0.7366300750122855,0.8654255167208491,0.8511767447674131,0.551361672270103,9.207739927526916,0.03821607287567806,0.7125887343115408,0.15568862275449102,0.5000000000334607,0.11976047903390163,0.176397452953721
HAU/user3/2-2-3,25.199999999254935,0.5509554317049041,0.9399476916620211,2.0810042575463874,7.989339729910837,133.93991164218647,0.528200125265493,0.7492121951077638,0.7050073770949649,0.5202116936513449,13.109334679626299,0.027971652346116645,0.5885139839854034,0.23015873015873015,0.7999999999763472,0.19841269841856468,0.07495560093789314
HAU/user3/3-1-1,17.799999998882406,0.17712461732359952,0.37711709683594125,0.8210308406932084,1.7283940982925747,27.359585200015452,0.13672887718178992,0.3163413503330862,0.4322194256476561,0.17606475238192126,3.13395259220143,0.05776855545759993,0.3465447793248715,0.016853932584269662,0.09999999999372139,0.11235955056885238,0.12274244847884086
HAU/user3/3-1-2,17.499999999999996,0.19588366385870642,0.43619409159898836,0.9887335903915605,1.6856393793237059,26.276278297754253,0.14052097643959233,0.31975686501888795,0.4394619517921213,0.19654161504977866,3.439478263371127,0.026017170375752484,0.38592840131046785,0.08571428571428572,0.30000000000000004,0.17142857142857143,0.30865625120201157
HAU/user3/3-1-3,13.499999999999996,0.31058289548909673,0.5503929582080044,0.6428084534098228,3.070448155588366,49.8438869342022,0.19581538076500934,0.5032313714228506,0.38911600408026914,0.34021741733439986,4.5929351340143985,0.08204932689593673,0.4237244525612975,0.007407407407407408,0.1,0.8888888888888888,0.1475187831174002
HAU/user3/3-2-1,28.299999998882413,0.2789381461010869,0.6092856821112094,1.4313702886825708,3.9103578080063173,68.13699886119754,0.23508998458502475,0.4395677030513973,0.5348208760977043,0.31672452276001123,8.963303993754351,0.05009095143348377,0.7752775887219846,0.20848056537102475,0.9999999999605093,0.14134275618932732,0.22248823248446295
HAU/user3/3-2-2,21.800000000745058,0.37470130030579774,0.7259678709486251,1.595990175664662,5.35451265190661,93.01308772858567,0.30143655347188764,0.4539003615443178,0.6641029140893362,0.4404522518448655,9.601859090546231,0.06728584796470698,0.7730661341896362,0.24311926605504589,1.9000000000649369,0.13761467889437934,0.2071685156398605
HAU/user3/3-2-3,23.699999999254942,0.2544980046485904,0.5622685211799995,1.4415684889081486,3.1267882418846074,52.62990626009496,0.24814186830489549,0.3264844044885069,0.7600420238559624,0.27034178087019584,6.407100206422221,0.061617283565945834,0.7652363367962639,0.20675105485232068,1.4999999999528446,0.12658227848499204,0.32703722268678787
HAU/user3/4-1-1,61.40000000037253,0.1387595922255563,0.27379479629463543,0.8924548897840379,1.693805841605719,28.280602838034184,0.14305944557563102,0.20972067245703446,0.6821427912539088,0.1619172701203505,9.941720385449841,0.006911055263173632,0.28028642797821285,0.008143322475570033,0.10000000000060671,0.21172638436353627,0.06768064151720143
HAU/user3/4-1-2,49.299999998882406,0.12060815996501742,0.23636426889157286,0.7904630512552898,1.505781898099935,25.342880537759115,0.1210022528057594,0.19385002997521109,0.6242054860503622,0.12288663587841064,6.058311148668308,0.01171870264942054,0.2703938588633667,0.002028397565922921,0.09999999999773308,0.10141987829844515,0.2301990951137901
HAU/user3/4-1-3,40.09999999962748,0.22869623280538687,0.436257119491671,1.1648134919990405,2.6928019744674794,43.74363518347827,0.2108831890742198,0.374254369041935,0.5634755555441889,0.24072309930430846,9.652996282013094,0.005990067603828683,0.2945904336328116,0.04738154613466334,0.399999999996284,0.12468827930290399,0.13959537467576844
HAU/user3/5-1-1,18.700000001117587,0.15573713366998662,0.308211510107086,0.8085627394165495,1.4942857509397045,24.495916599527447,0.12117440751369724,0.30569027204215143,0.3963960197614419,0.14967358814935328,2.798896098560179,0.03491972291382177,0.4104643474302902,0.06417112299465241,0.30000000001792915,0.16042780747704324,0.18635100046759182
HAU/user3/5-1-2,9.80000000074506,0.1673029288689109,0.35085471177544664,0.6443358472652655,1.512401494435036,24.248429230766494,0.1589204619903117,0.29925423113538024,0.5310550191932368,0.16216633854301676,1.5892301178423878,0.05224733862884292,0.44202632451526425,0.02040816326530612,0.10000000000760265,0.2040816326375456,0.17928630053280184
HAU/user3/5-1-3,16.89999999850989,0.21026434712414374,0.49371610091635276,0.8302436262345134,2.3279816122199777,39.29786106225917,0.13943587468148486,0.49366520745537523,0.28245027661107525,0.18178725530596646,3.0722046143999493,0.03465199802647651,0.36548888961994275,0.15384615384615385,1.0999999999030106,0.11834319527670678,0.3589556241589296
HAU/user3/5-2-1,35.40000000037254,0.25878963875546585,0.501722127521208,1.452180192022688,3.4319242679529536,58.41974516042381,0.24620742185947947,0.38019456894413983,0.6475826887681576,0.27159160097604346,9.614342674653114,0.05911922544360723,0.7489547676188336,0.031073446327683617,0.20000000000210474,0.1977401129922693,0.1814333249639676
HAU/user3/5-2-2,19.90000000037253,0.33818171991408236,0.7041958425984666,1.2047101769275144,4.623712678549005,78.15537712221001,0.3082148942683843,0.5347850248170952,0.5763341892332613,0.30262518782125264,6.0222412377556624,0.0837410298865015,0.7529486819955886,0.05527638190954774,0.300000000005616,0.10050251256093268,0.14928992097755545
HAU/user3/5-2-3,33.2000000011176,0.24873044926019663,0.4517973028933758,1.5985283445168983,3.2388442636756425,54.84707202909731,0.2662774772621184,0.338037127095458,0.7877166592982192,0.2777028047670645,9.219733118576897,0.06284601847706789,0.695374488494077,0.0391566265060241,0.5000000000168312,0.1807228915601815,0.07258212235123317
HAU/user3/6-1-1,18.800000000745065,0.41119784760999617,1.0241539906276245,1.5056635667729696,5.611642332607629,97.38896893556834,0.36798322112939297,0.5978175050772848,0.615544405087764,0.3018720080097407,5.675193750808036,0.05303451681135229,0.7443682800802051,0.2553191489361702,1.7000000000673732,0.1063829787191882,0.31721233802704574
HAU/user3/6-1-2,19.200000001117587,0.49756508297020746,1.1721535659602005,1.8733494216946798,7.271501692389785,127.57688271938515,0.4732609286019574,0.6335469283681073,0.7470021661599443,0.48216430875670374,9.257554728667571,0.041043323729557775,0.7731893947297088,0.359375,1.4000000000814907,0.10416666666060337,0.26881312174015415
HAU/user3/6-1-3,9.80000000074506,0.7296765661058521,1.7571268084938199,1.3597505595559163,10.286092109760782,178.21449930030656,0.8568370465072945,0.9450078172027883,0.9066983679953289,0.6193664543990604,6.069791253572257,0.0550580059062322,0.8323789753642503,0.22448979591836735,1.1000000000836292,0.1020408163187728,0.20109557133797654
HAU/user3/6-2-1,,,,,,,,,,,,,,,,,
HAU/user3/6-2-2,,,,,,,,,,,,,,,,,
HAU/user3/6-2-3,,,,,,,,,,,,,,,,,
HAU/user3/7-1-1,60.300000000745044,0.16111423470930913,0.3390263297258058,0.8963268325097578,1.6191400792988306,25.489265241895513,0.16367209082833623,0.2409992820340263,0.6791393267557051,0.1776036100596443,10.709497686728879,0.018569878009083666,0.4106098575656941,0.014925373134328358,0.10000000000123559,0.16583747926826603,0.07983631324172986
HAU/user3/7-1-2,45.69999999925493,0.17215172410720936,0.34540134349094403,0.7952912685892294,1.8514358208452877,29.945245203413332,0.16387825943973203,0.24907108322362814,0.6579577872339213,0.20579336289586678,9.404756684187783,0.021224186279364874,0.4414477537157852,0.0087527352297593,0.09999999999836967,0.15317286652328496,0.12486811556841981
HAU/user3/7-1-3,28.59999999962747,0.25214055696735876,0.5201592140256152,0.785706532411853,2.616605287749899,40.70202467245026,0.24997169824678162,0.42218705012948465,0.5920875535571918,0.24885060007696408,7.117127162108468,0.030017278733612197,0.4816951331203369,0.038461538461538464,0.39999999999478975,0.10489510489647122,0.0913296155978775
HAU/user4/1-1-1,16.89999999850989,0.08454734221071968,0.17669270887446062,0.7559546031948083,0.783999829778386,12.463575786913598,0.08866413921166402,0.1364264819232173,0.6499041631203336,0.08540282603933959,1.4433077599375794,0.03591418372902855,0.30053969554630805,0.08284023668639054,0.2999999999735483,0.11834319527670678,0.1076503415859208
HAU/user4/1-1-2,18.099999999627478,0.10269827250606611,0.20504417597814992,0.7923061715281656,1.1173340484756211,17.914555689266876,0.09393314526655915,0.17653214226074074,0.5321022196383716,0.10045614339664008,1.8182561954417629,0.0460713975031554,0.339296856361064,0.12154696132596685,0.3999999999917673,0.27624309392833757,0.13967363205420813
HAU/user4/1-1-3,10.800000000745058,0.14605604705286865,0.31892129333794295,0.7643715229501863,1.6152206183293245,25.18159428749236,0.14330858380392977,0.2712483275781889,0.5283298317638121,0.13663867392601958,1.4756976785028157,0.07481124108205035,0.2979035553284363,0.10185185185185185,0.6000000000413921,0.2777777777586148,0.23465566237992683
HAU/user4/1-2-1,41.09999999962747,0.3252193680372034,0.7335246173583626,2.5803055275272917,4.859644303218168,86.14549725213055,0.2737343961634116,0.3966604904766523,0.6900974562512581,0.2762692981884091,11.354668155440695,0.041780551847530836,0.5149479665188275,0.5498783454987834,3.6999999999664657,0.19464720194823634,0.12306540282633927
HAU/user4/1-2-2,39.30000000074506,0.3917261281197965,1.0295857917974238,1.8876917519200354,5.870620809682485,103.62952023543076,0.29582350822248227,0.5391723239179318,0.5486622635305142,0.3514531656224797,13.812109409225304,0.03496950425690278,0.7885941694306409,0.3944020356234097,2.9000000000549804,0.6106870228891859,0.03878005678644277
HAU/user4/1-2-3,25.30000000074505,0.4374943346844846,0.9159428465318311,1.7141693785578898,5.685965493003133,95.96942945299635,0.43035341992456544,0.6073467267572626,0.7085794658246091,0.3903218040430188,9.875141642579191,0.05426404808197451,0.7199655168556414,0.233201581027668,1.2000000000353384,0.11857707509532225,0.19611302060947827
HAU/user4/2-1-1,39.5,0.1281143309540815,0.2960545176341334,0.8975194398004354,1.6456915887197996,28.18420442431117,0.1180543038077069,0.14714760395754137,0.8022849154885723,0.2176942561621864,8.598923118406361,0.02512930192123928,0.33181315076855145,0.0379746835443038,0.2,0.12658227848101267,0.10275434621632172
HAU/user4/2-1-2,29.100000001490116,0.11707352250710266,0.27793955203310294,1.0490181216971153,1.327218684803145,21.961154301275272,0.1259501543860974,0.1567335041278351,0.8035943194364846,0.14900244535065935,4.335971159926219,0.049090610068669424,0.3039574534138092,0.058419243986254296,0.3000000000153621,0.10309278349987558,0.1616568057468964
HAU/user4/2-1-3,22.099999999627467,0.1551052334202958,0.34375950594992727,0.904696351198704,1.6086683161241844,24.88041120678728,0.1657032974578491,0.20206981380041095,0.8200299367895105,0.18857513970041034,4.1675105873088185,0.036842985213053556,0.29942006066425336,0.1085972850678733,0.5999999999898861,0.22624434389521642,0.14813161006399583
HAU/user4/2-2-1,25.90000000037252,0.3268036413540051,0.5624986513914633,2.009179571575273,4.652867243350385,80.56184472321179,0.3145960629166964,0.4539373290374529,0.6930385365987417,0.30140794418510575,7.8064657545065215,0.05868706737256622,0.645911477002283,0.0888030888030888,0.3000000000043149,0.19305019304741639,0.19268988934159764
HAU/user4/2-2-2,30.600000001490137,0.30025240765682876,0.5243992741300667,1.536660808942484,3.80371949959135,65.09878104251744,0.30708045839968345,0.4735484923330628,0.6484667625870859,0.2701493172367438,8.266569107846916,0.014712800988220474,0.6465837970825098,0.013071895424836602,0.1000000000048697,0.22875816992350068,0.1699674489726425
HAU/user4/2-2-3,17.200000001117584,0.6140352067884535,1.4517064949749108,1.3847890608365396,8.914573114992036,153.064806310996,0.5852006215182671,0.7959574014276843,0.7352160049437253,0.5708104191054896,9.817939209252348,0.04278844868788159,0.7235111617724909,0.09883720930232558,0.500000000032488,0.11627906975988651,0.17577430172507275
HAU/user4/3-2-1,28.40000000037253,0.17644921498145763,0.44528330826297724,0.9333679122672947,1.7445581809568573,25.8158269620099,0.1916429117085393,0.3098118857688665,0.6185783047488861,0.1647056473140041,4.677640383779075,0.031053305714063294,0.4071884798669457,0.2147887323943662,1.800000000023611,0.10563380281551579,0.16901124754935157
HAU/user4/3-2-2,30.200000001117573,0.20271436706655915,0.4844908292507719,0.9810886182872832,2.1567807829718646,32.013544074021596,0.20672438837450888,0.34990397026575804,0.5908032070247586,0.19908843225197445,6.012470654232125,0.028312122566208648,0.43423770716013466,0.2152317880794702,1.8000000000666114,0.2980132450220843,0.07206900440874454
HAU/user4/3-2-3,20.099999999627478,0.2921009993249332,0.6673438437232946,0.7885968598478577,3.344913635457337,50.61066758494433,0.3137127043399743,0.5145848088784305,0.609642372486837,0.2604243277174839,5.234528987024411,0.03425375674432116,0.430798623423625,0.12935323383084577,0.799999999985173,0.3482587064741162,0.09372229006935277
HAU/user4/4-1-1,26.699999999254942,0.1072984921961803,0.23413575801466052,1.0295687768637345,1.3858981999572302,23.31932777043327,0.12175890644840776,0.15523820822009435,0.7843359380407426,0.1334961026752248,3.564345941329039,0.008829986866729735,0.1419743449631737,0.011235955056179775,0.09999999999720952,0.1498127340865775,0.21949159799448295
HAU/user4/4-1-2,25.400000000372536,0.13394473020818953,0.3096525514645299,0.9842399306873427,1.7107752122475595,29.019358784191102,0.1439402066982569,0.16518047987040005,0.871411718501969,0.18902793142409577,4.80130945824245,0.017583061517715028,0.28316764653500326,0.07086614173228346,0.5000000000073332,0.15748031495832027,0.17126444426624532
HAU/user4/4-1-3,18.199999999254945,0.17443336345885047,0.355797859691302,0.728241560588586,2.2287440022323675,36.17078178208496,0.19241258008892442,0.2713758039425042,0.7090262896859594,0.20979778656521123,3.818319715330533,0.013524050819931126,0.21536074679932377,0.01098901098901099,0.09999999999590628,0.16483516484191274,0.172850943256563
HAU/user4/4-2-1,30.200000001117573,0.3270251690230321,0.6702578921656195,1.9024811734078784,4.340227998038972,76.3803271697765,0.2912943864090165,0.408940624336004,0.7123146206608256,0.27233991288305653,8.22466536937267,0.04680470182620853,0.8483580486474133,0.2682119205298013,2.4000000000888155,0.13245033112092636,0.16777576210418615
HAU/user4/4-2-2,24.300000000745058,0.3935466707964853,0.9351629398265479,1.7673672172511843,5.328130513090592,93.81115978567804,0.29227900374102656,0.6051131614735217,0.48301544548506825,0.3142961277614081,7.637395904836383,0.05961218710183436,0.8999364835517495,0.2674897119341564,2.30000000007052,0.1234567901196715,0.12079603784228597
HAU/user4/4-2-3,15.499999999999998,0.7262756718968577,1.6324649185157523,1.407888508254672,10.90380165524324,193.88773959210485,0.8965963016956712,1.0063159726809559,0.8909689651611647,0.6683270194416598,10.359068801345728,0.026432420427366713,0.9038598066592949,0.27741935483870966,0.9999999999999999,0.12903225806451613,0.3435820434113324
HAU/user4/5-1-1,24.599999999627478,0.5353872809263056,1.0143862974588278,1.7184445120584606,8.06443748899093,141.4998911699255,0.42915994347023567,0.6026298619811518,0.7121451654374095,0.4923226700790969,12.11113768376238,0.03911515919407661,0.9214547658644553,0.24390243902439024,0.5999999999909139,0.16260162601872252,0.11817442353006898
HAU/user4/5-1-2,21.199999999254942,0.41111736080247185,0.8623577846902613,1.7571063582692643,5.971426919513257,106.33533348443588,0.35520241100006505,0.4242138198191218,0.837319279966406,0.360201653439997,7.636275052659563,0.0652523258916106,0.8667675501701734,0.2783018867924528,0.9999999999648557,0.2830188679344748,0.10233238252202519
HAU/user4/5-1-3,14.40000000037253,0.5615267962538552,1.2766766932557196,1.822580032356021,8.096181127704105,142.19832367297477,0.5110796413585522,0.7412744190078693,0.6894607820854343,0.4578380409944905,6.592867790491223,0.06879128654147594,0.9320669562263101,0.3263888888888889,2.0000000000517395,0.1388888888852958,0.3883084883469198
HAU/user4/5-2-1,26.799999998882406,0.23456284565105237,0.4795627610152287,1.114310311256964,2.6676208144092795,43.45652199004549,0.23987770249688023,0.350199300332828,0.6849748174366043,0.22493943325293508,6.028376810927271,0.07814564256578849,0.5797357182126266,0.19402985074626866,0.8999999999624689,0.37313432837376903,0.10127068424713517
HAU/user4/5-2-2,31.600000001490116,0.27164246056841584,0.4866879891177847,1.1761016094811585,3.5524012131269926,61.081592148981535,0.24161484064766955,0.3942823428774507,0.6127965007805861,0.2448173713211167,7.736228934112095,0.05379582821284586,0.5722610311075228,0.056962025316455694,0.4000000000188622,0.1898734177125654,0.039929715378455195
HAU/user4/5-2-3,25.30000000074505,0.3354896241412203,0.6564074864588342,0.8855709018070396,4.406506012150124,73.94217241501639,0.3207424677649559,0.528548398843019,0.6068365127209121,0.32526058640984595,8.229092836411441,0.057839542128969926,0.607966742983649,0.14624505928853754,0.800000000023559,0.2371541501906445,0.12398381446827036
HAU/user4/6-1-1,49.5,0.16029434425029895,0.3404565308854777,0.8716906605121088,1.8284589526704222,29.856928087212566,0.15490656879935152,0.2238031129068286,0.6921555562620126,0.1816703999694065,8.992684798485623,0.019506453890664174,0.45413808261166877,0.05858585858585859,0.6,0.10101010101010102,0.13257202368880858
HAU/user4/6-1-2,49.60000000149013,0.16394857704302773,0.36103423513521626,0.8809154951051519,2.025885767130528,33.3049458388506,0.15041687339577337,0.22756391229778059,0.6609873736832086,0.2157720768686268,10.702295013005415,0.011696792295695266,0.3642444594302475,0.024193548387096774,0.20000000000600854,0.10080645160987473,0.12289232252708754
HAU/user4/6-1-3,34.69999999925494,0.21716042810526956,0.4508701571271165,0.7534473070788399,2.617294133200659,42.49393206443113,0.21183863173397732,0.33593581038076376,0.6305925851229671,0.2319816208100429,8.049762241935646,0.0035444974931284384,0.3548265995644395,0.04610951008645533,0.7999999999828229,0.17291066282792011,0.11052326320331406
HAU/user4/7-1-1,30.39999999850989,0.39376630632742105,0.9022283579316199,1.7245436133656282,5.0956073501722905,85.60965875974647,0.38881917620542256,0.6099717440881636,0.6374380114102232,0.32655841334378904,9.927375765164577,0.04161715687640347,0.7742624995136194,0.23355263157894737,1.5999999999215726,0.42763157896832965,0.06738263540240665
HAU/user4/7-1-2,39.5,0.45547438290826486,1.052668727790093,1.592035490547748,6.572858983941007,115.38563662844417,0.3730679901016455,0.5904613429153606,0.6318245791127061,0.3607107614469705,14.248075077155335,0.03833186611715262,0.8457897215417942,0.3392405063291139,1.9000000000000006,0.5316455696202531,0.06169455188859796
HAU/user4/7-1-3,25.0,0.5445733534676401,1.1351470781650117,1.250154389477907,7.105402532605848,121.43450476474173,0.4985814659825298,0.7701167359197276,0.6474102458501677,0.5112952665903981,12.782381664759953,0.03307209457747424,0.8109230694626687,0.124,0.6,0.68,0.07951661781511699
HAU/user4/7-2-1,14.900000000372529,0.21880798841864313,0.4605269842548412,0.78281446027483,2.1395079024121464,32.910479512930614,0.26153448128905277,0.3343248976106572,0.7822764094923915,0.18443887558366812,2.7481392462653638,0.08290153666270596,0.48209164780094593,0.06040268456375839,0.2000000000050004,0.13422818791610713,0.20640467073417418
HAU/user4/7-2-2,15.099999999627475,0.24152321588793435,0.467932445002993,0.785830435540177,2.3385994482048265,35.67293393804003,0.3141298870249613,0.36568444581869897,0.8590189978210977,0.2056823949805137,3.1058041641291334,0.06207072417536636,0.503705882063319,0.07947019867549669,0.19999999999506585,0.13245033112909546,0.1736282871981074
HAU/user4/7-2-3,11.100000001490109,0.29457630308679594,0.5681668047862996,0.7988997367685403,2.8959774104890403,44.32975902701892,0.35828420736901256,0.4687408830104027,0.7643545071290628,0.24413852356322852,2.7099376119156315,0.08983283138959694,0.5101124798579045,0.036036036036036036,0.10000000001342446,0.18018018015599194,0.34806672164867836
HAU/user5/1-1-1,21.5,0.10942907474266667,0.2190910488463689,0.7937382752275071,1.2309538481878761,20.042440785048203,0.09241187957770891,0.26667013943483586,0.3465400341673832,0.09454377941792694,2.0326912574854292,0.013594666613753505,0.2901553568636159,0.046511627906976744,0.30000000000000004,0.6976744186046512,0.0904854350966028
HAU/user5/1-1-2,16.40000000037253,0.14985272147118686,0.2911869995016019,0.6335790652238888,1.7079923463392768,27.421400719794473,0.11773525452746045,0.3371480250316502,0.3492093841190335,0.12800397175901942,2.099265136895604,0.05960930816126081,0.27798598905188515,0.042682926829268296,0.4000000000090861,0.6707317073018374,0.06684104706732745
HAU/user5/1-1-3,8.400000000372533,0.23121973567940277,0.4080369102987702,0.6089741502382667,2.7248825538371872,41.67608666178402,0.19000989223340733,0.5140662647092943,0.3696213988506657,0.20471591207277265,1.7196136614875532,0.03639130176154995,0.25747178157821654,0.011904761904761904,0.10000000000443489,0.8333333332963759,0.11070822325996876
HAU/user5/1-2-1,44.399999998509884,0.26793718590713433,0.5495540814843483,2.2958483474574005,3.907419842538311,68.43030367247863,0.2533914801740426,0.33147133612025415,0.7644446194818798,0.2812387281264095,12.4869995283935,0.037246977218788294,0.48397326278031183,0.16666666666666666,1.0999999999630825,0.29279279280261933,0.06212556202325161
HAU/user5/1-2-2,41.40000000037253,0.2606334337644457,0.6222681140949898,1.8409336592070085,3.62006218484677,63.14897047729727,0.269244274945784,0.36848837485349734,0.7306723701179367,0.22681958898975682,9.39033098426043,0.05570446578888666,0.5040717365573093,0.23671497584541062,1.4000000000125976,0.12077294685881662,0.13780156196436041
HAU/user5/1-2-3,27.699999999254942,0.38464623055411884,0.8262496945611212,1.5171382125661226,5.182663075253583,87.5964803951374,0.32448364265563207,0.5825641616032996,0.5569921108871764,0.36263144077277654,10.044890909135727,0.04372083660438503,0.574609187047118,0.20938628158844766,0.9999999999731025,0.144404332133848,0.0613729682089332
HAU/user5/2-1-1,33.40000000037254,0.15099313083518417,0.3355198689931867,0.8267797117117325,1.8638186346932462,31.150836893159767,0.12126539118731255,0.21435475761008116,0.5657228790889526,0.14687214021541434,4.905529483249554,0.05916468037340504,0.4129868260395976,0.008982035928143712,0.10000000000111536,0.6586826347231923,0.07487465483958633
HAU/user5/2-1-2,29.20000000111759,0.1527775209323699,0.3104722679112061,0.7409811488200672,1.8754060225596763,31.223141801635673,0.12050755349998162,0.24865678879543,0.4846340757440133,0.13949539213465498,4.073265450487823,0.014965102700388543,0.31485628625190243,0.0,0.0,0.10273972602346504,0.10942194381056992
HAU/user5/2-1-3,18.800000000745065,0.2348575189354428,0.4567342112290878,0.7820272860059425,2.7979743506632073,44.916387282089666,0.19407231004241282,0.3671494442110236,0.5285921375446104,0.21533695451390486,4.04833474502185,0.03425095157321881,0.3610535125756936,0.010638297872340425,0.10000000000396309,0.15957446807878228,0.10632209558443803
HAU/user5/3-1-1,31.900000000372533,0.21357163434081586,0.37813444623531656,0.943490933711853,2.4742059269913628,40.504059967549644,0.19377183106255944,0.3916394780235158,0.4947709345995849,0.19163465765676943,6.1131455793223335,0.014799840981002108,0.5205270323878582,0.009404388714733543,0.1000000000011678,0.12539184952831625,0.07348303622952311
HAU/user5/3-1-2,32.90000000037253,0.21520778833472093,0.44646005699416647,0.7343302324917673,2.4499499759248216,39.41349387552604,0.20815406356197982,0.3707115491076118,0.56149872724914,0.20226584288477548,6.654546230984463,0.005909968353763775,0.5286552551652076,0.02735562310030395,0.30000000000339694,0.15197568388885668,0.10109556190318142
HAU/user5/3-1-3,21.200000001117587,0.3048143568842027,0.601420771528704,0.7234243573111151,3.5328740809751884,57.56469227968943,0.2789331857868866,0.5324814080712944,0.5238364777342677,0.291354911922522,6.176724133083081,0.017859189528776787,0.6097128845491263,0.014150943396226415,0.20000000001054327,0.23584905659134048,0.13008609749541333
HAU/user5/3-2-1,33.49999999999999,0.2907428184352771,0.6017335491215686,1.9948932513061868,4.006645063963701,70.10263014790263,0.2863434192296728,0.4232190597615538,0.6765844116624081,0.2811498123390758,9.418518713359042,0.05568957840507183,0.6367155399264031,0.23880597014925373,1.0999999999999999,0.11940298507462686,0.1013487952299445
HAU/user5/3-2-2,25.199999999254935,0.3926688491276275,0.7173176662276717,1.85124826787422,5.244682260692926,90.5402150999246,0.35875223919012084,0.5437834939496321,0.6597335934650798,0.3647949186403511,9.192831949465052,0.05333796637156087,0.6532600926823205,0.1626984126984127,0.7999999999763472,0.11904761905113881,0.11127753133306181
HAU/user5/3-2-3,22.400000000372522,0.4413028881674056,0.6759680978141316,2.018235275560398,6.594876600502446,118.01592460072101,0.43409221786887114,0.6197942519609317,0.7003811600302687,0.41704713062273713,9.341855726104674,0.045297179151999885,0.6035927965749449,0.09821428571428571,0.3000000000049892,0.17857142856845878,0.09852514531386995
HAU/user5/4-1-1,22.90000000037253,0.09617500367140884,0.2314253981313203,0.9820874474357332,1.3913477778812784,23.479365079880917,0.06733514838816888,0.11081124018884618,0.6076562961100247,0.06412168840788075,1.4683866645643562,0.028636219662420206,0.14738358639505844,0.048034934497816595,0.2000000000032535,0.3493449781602559,0.08815986267333792
HAU/user5/4-1-2,21.199999999254942,0.0815348660167875,0.18178272023119815,0.962833693977835,1.2243284954411058,21.18298298190437,0.06139561528419945,0.09075358034583973,0.676509007950174,0.05419336243242569,1.1488992835270473,0.020885369529828453,0.1047337219243012,0.009433962264150943,0.09999999999648557,1.4622641509947865,0.0691379680030242
HAU/user5/4-1-3,15.999999999999998,0.1653056536539686,0.3412697852243848,0.8099503060250309,2.5301573051748276,43.49631659211122,0.09326855259380598,0.17110749535483133,0.5450874717983827,0.1991692295145091,3.1867076722321452,0.03441877306983809,0.15144818252378872,0.0375,0.2,0.125,0.14977989168417205
HAU/user5/4-2-1,17.299999998882413,0.4794034038590121,1.2655012303539697,1.6152751934040532,7.117486462025792,127.5980072982741,0.46134846365196097,0.6107506338978396,0.7553794254002386,0.47657278584292323,8.244709194549962,0.057805619442330126,0.7598696775611868,0.36416184971098264,1.1999999999224793,0.17341040463547985,0.18349615157699786
HAU/user5/4-2-2,16.40000000037253,0.48911234877123033,0.9640193291966648,1.849905608504799,7.069921069388545,124.85056072549521,0.5091394430698639,0.6992673027861718,0.7281041746312698,0.4442654116624167,7.285952751429134,0.060489149217459494,0.6842613124264418,0.2804878048780488,1.5000000000340732,0.18292682926413745,0.14355275540028914
HAU/user5/4-2-3,14.300000000745058,0.5397497322746649,0.985168565476299,1.7347190983309835,8.059290337080892,143.38538862736075,0.46278355484601313,0.8252646344625332,0.5607698851491904,0.5041024358035655,7.208664832366572,0.06506492382150628,0.7321308072646504,0.11188811188811189,0.4000000000208408,0.13986013985285287,0.1973463508962051
HAU/user5/4-3-1,13.400000000372529,0.4445106447997103,0.7690941028089876,1.7003302885275688,7.333390300963098,130.34999613289392,0.2989970838380403,0.4772248530476094,0.6265329253119986,0.4432441627107385,5.939471780489019,0.0586976738165061,0.549383168181736,0.04477611940298507,0.20000000000556017,0.5970149253565368,0.11987803437534993
HAU/user5/4-3-2,9.599999999627473,0.24513777743828977,0.4714648439525354,1.4173310521303086,3.400178224464796,59.588329700549465,0.20067354377462165,0.2627744464698993,0.7636722128303922,0.25787449178336147,2.475595121024204,0.162977456774012,0.6029181992258303,0.10416666666666667,0.4999999999805975,0.20833333334141774,0.09620162664227806
HAU/user5/4-3-3,8.699999999254938,0.2764883326904287,0.5904130645079212,1.142676811067319,4.208453279294982,74.38429401122701,0.1974906969024126,0.2829734173129456,0.6979125392053749,0.3803508886640468,3.3090527310938227,0.07924798529348877,0.4917114113137654,0.10344827586206896,0.3999999999657444,0.4597701149819029,0.16177403844851057
HAU/user5/5-1-1,21.600000001490113,0.5149167113503497,0.8797318747759317,1.2671078389826913,7.158990780141904,124.72027656414625,0.40414290265563235,0.9326434336048186,0.4333305609199689,0.4323461309987581,9.338676430217419,0.046753370956702754,0.7455130865640222,0.018518518518518517,0.20000000001379736,1.1574074073275615,0.08647504418467976
HAU/user5/5-1-2,23.5,0.5437805196652319,1.0074245761555654,1.1256535943776107,7.640804650890827,132.5363066423828,0.4550627474158468,1.0333359376330997,0.44038219363376185,0.4449424279934135,10.456147057845216,0.04360106314804091,0.6551333390875719,0.03829787234042553,0.30000000000000004,0.2978723404255319,0.13461828483761334
HAU/user5/5-1-3,13.30000000074506,0.8058048159165867,1.6186795418641469,1.0140020420788296,12.315056076489235,218.36331750916202,0.6507728310348618,1.6307706676619247,0.39905845962316217,0.6122204412128408,8.142531868586923,0.050215793856123354,0.7410978348109726,0.09774436090225563,0.8000000000448155,0.3007518796824002,0.17860058705271126
HAU/user5/5-2-1,15.300000000745069,0.3812232026670516,0.7539059185608,1.1706249797205752,5.150585270808665,88.03669960528646,0.28156811012218197,0.6254384995422652,0.450193120311682,0.3376633312149174,5.166248967839816,0.07554307547118995,0.6983026446081944,0.06535947712418301,0.6000000000292183,0.39215686272600114,0.18024313200852524
HAU/user5/5-2-2,10.900000000372527,0.36069093764131005,0.6202514324057461,0.8742401087201552,4.634967931033787,77.04460028308573,0.2688595706741392,0.471992581684269,0.5696266859642326,0.4168570973159791,4.543742360899462,0.05412387808496209,0.6130638919698441,0.027522935779816515,0.10000000000341769,0.4587155963145978,0.12129110763393015
HAU/user5/5-2-3,5.899999998509882,0.59486504445224,1.026835643607285,0.9185288932709476,8.48550781706115,143.53287602186964,0.4487190797400737,0.641967156116993,0.6989751341100127,0.6930453150437362,4.088967357725328,0.05670950084478863,0.6318888171794502,0.01694915254237288,0.09999999997474379,1.1864406782657517,0.20631849944638625
HAU/user5/6-1-1,24.09999999962747,0.1925412009031559,0.36942318865259266,0.6453687717075517,1.8252542461967736,27.900337300530097,0.1835370982207623,0.267175327739401,0.6869537658538141,0.2006656445927514,4.836042034610555,0.08770227802225267,0.5587012923755819,0.012448132780082987,0.19999999999690846,0.37344398340826224,0.13355611130919334
HAU/user5/6-1-2,16.999999999999996,0.25215397032705794,0.5027875330360922,0.7147989459181651,2.6835007236787067,41.61489825793941,0.22807526489166538,0.367430624120662,0.6207301441374594,0.27433875271459124,4.663758796148052,0.10635006958125515,0.5679878727590583,0.023529411764705882,0.1,0.3529411764705882,0.09612767409322295
HAU/user5/6-1-3,12.30000000074506,0.3591886665065174,0.6066167288503712,0.673769985621235,3.7891442846251318,58.53906029299364,0.3232296921960311,0.5780741582836504,0.559149180092356,0.3856600928542268,4.74361914239433,0.13069305891398686,0.5752951575609629,0.008130081300813009,0.10000000000605738,0.650406504025643,0.20054272923054942
HAU/user5/6-2-1,21.09999999962747,0.7082035064255088,1.9884033771233631,2.227073913336706,12.20802460406748,222.25008766371525,0.5261697216485965,1.0326607635736054,0.5095281429287735,0.6439660607866253,13.5876838823579,0.036642525414351416,0.6251949153067313,0.6777251184834123,8.899999999842876,0.1421800947892401,0.19984310652129955
HAU/user5/6-2-2,27.099999999627485,0.2978843194122662,0.6287371622586653,2.1577430607344956,4.294381717941747,74.20395061881528,0.313468737234788,0.4268546065311989,0.7343688733918059,0.2478977190984867,6.718028187476641,0.08108576664200141,0.593390136745284,0.33948339483394835,1.499999999979381,0.14760147601678913,0.13987452099836942
HAU/user5/6-2-3,15.599999999627475,0.4095184895194026,0.8616472481799158,2.0710756981534306,5.866982941487328,103.75036654903191,0.3821071823428774,0.5351210428648082,0.7140574767592435,0.3715840438114506,5.796711083320204,0.09280450122515181,0.6934749263476707,0.3717948717948718,1.7999999999570162,0.12820512820818972,0.2850316280980022
HAU/user5/7-1-1,36.40000000037254,0.17219975774975424,0.32481462227958785,0.722371051421287,1.684166586487698,27.144118052071647,0.1567551598296935,0.27872416096117275,0.5624024796656489,0.17735885670385695,6.455862384086466,0.03289737852542565,0.4970569963751392,0.027472527472527472,0.4000000000040938,0.6593406593339113,0.06299481581459637
HAU/user5/7-1-2,23.799999998882416,0.2930463877133311,0.5663075571669032,0.6433254553787916,2.9807712850896175,46.89630843252514,0.27153514887983526,0.5468208028417912,0.4965706260115098,0.2730620074275446,6.49887577647039,0.03168527783735384,0.4990748168658809,0.025210084033613446,0.19999999999060847,0.12605042017398627,0.24563685908738486
HAU/user5/7-1-3,21.300000000745058,0.286006357693472,0.5086686076080078,0.625392263217938,3.063367263730034,48.414813731276524,0.2657211995865162,0.523719983947732,0.5073726556626162,0.26719914493815256,5.691341787381727,0.02235904832786607,0.4743625806483455,0.014084507042253521,0.10000000000349792,0.14084507041760858,0.12674009700851202
HAU/user5/7-2-1,26.699999999254942,0.3841129396780155,0.6195546899674158,1.8782446153686772,5.305815921261746,92.01986757976303,0.35632061233607343,0.6603675126754354,0.5395792569396468,0.3201355940985977,8.547620362194039,0.048314579028946626,0.6506706327609392,0.08614232209737828,0.4999999999860476,0.11235955056493313,0.22972205149576597
HAU/user5/7-2-2,18.399999998509884,0.6467210076438211,1.1233247845862198,1.4087001138548971,9.19490131284292,161.25382817179465,0.4987261038931464,1.1030097198028896,0.45215023447854985,0.548463397065905,10.091726505195377,0.05034608364511713,0.7723845910034043,0.05434782608695652,0.39999999996760616,0.10869565218271571,0.15855415698735337
HAU/user5/7-2-3,14.399999998509884,0.7423382931346207,1.4900729569907871,1.3838815667469582,10.904286215770085,191.4030382719345,0.6552027984101283,1.1627035228344065,0.5635166531958004,0.5961348376531491,8.584341661317037,0.05970149813044285,0.7757629577670491,0.2013888888888889,0.7999999999172158,0.13888888890326115,0.21747310502285516
HAU/user6/1-1-1,15.499999999999998,0.35779904942224305,0.7180038187810623,1.2285598404688414,5.046260085936314,88.96768692058224,0.25337327296938666,0.5402039780470458,0.46903259286677834,0.28817823954444116,4.466762712938839,0.13534095898564552,0.6255304713159904,0.09032258064516129,0.7999999999999999,0.5806451612903225,0.09968128267356931
HAU/user6/1-1-2,15.100000001490116,0.38236696588252583,0.781428091163707,1.1797957741352094,5.224319862870033,93.03483719444887,0.26934155376404934,0.6782574862017481,0.3971081172656979,0.31863352433249026,4.811366217895404,0.10267622326165982,0.585702951160429,0.09933774834437085,0.4000000000394733,0.1324503311127572,0.14092428212344324
HAU/user6/1-1-3,8.099999999627473,0.552622043376313,0.9697989574501691,1.0355678191682613,7.069371170323936,114.41212203266244,0.4613200975514274,0.9306456746594092,0.4956989642965449,0.49953798453140613,4.046257674518297,0.11732753876813748,0.6537693511259811,0.0,0.0,0.3703703703874041,0.2632987609276535
HAU/user6/1-2-1,31.599999999627478,0.18859303537176847,0.5088951944611224,1.0584326803167579,2.686579176839317,46.498064409372255,0.11511756682428806,0.2258800902649241,0.509640164299704,0.15476876666169917,4.890693026452038,0.044884050622971475,0.44087280438261983,0.25,0.8999999999893901,0.18987341772375743,0.11853931200765284
HAU/user6/1-2-2,20.20000000111758,0.20722186368894827,0.4539694629826331,0.9029620190912927,2.695942487622622,45.91763139491033,0.13550947303307334,0.3812000926394069,0.3554812165425578,0.15972984204788065,3.226542809545702,0.04917635231459422,0.41197429593267604,0.08415841584158416,0.3000000000165978,0.19801980196924235,0.18514523436237595
HAU/user6/1-2-3,9.999999999999998,0.4078837917728475,0.7841860172390748,0.7188774927200269,5.42220229126013,93.3779009331741,0.21830358251301082,0.6144902525536763,0.3552596339006731,0.303867896106871,3.03867896106871,0.013647421879799521,0.5254304144570852,0.07,0.2,1.3,0.09187380969148706
HAU/user6/2-1-1,18.800000000745065,0.3551862119185016,0.943359949445632,1.088908524262349,4.7247149477819,81.1689844031799,0.23534729193498521,0.6206178050130505,0.3792145337351734,0.3220080627865775,6.053751580627573,0.031416126445518576,0.7605345331350724,0.2712765957446808,2.300000000091152,0.15957446807878228,0.21031691742933709
HAU/user6/2-1-2,15.300000000745069,0.39876782882543566,1.1592214139119534,1.1987634327122652,5.11983826921443,87.6186747915314,0.29718735886673947,0.644809716381248,0.4608915635975528,0.37201647085939143,5.691852004425864,0.027742410615472855,0.8074084285538219,0.35294117647058826,2.4000000001168726,0.19607843136300057,0.16412320263906371
HAU/user6/2-1-3,9.899999998509886,0.43896544816444266,1.0276110025385838,1.0778236906184946,5.314915233020481,87.01552411496279,0.3101928623514795,0.72097874663893,0.43023856579310127,0.3613144901719732,3.5770134521641337,0.07267501611398038,0.6827803993691617,0.15151515151515152,0.3999999999397933,0.30303030307591416,0.3217579061083321
HAU/user6/2-2-1,9.40000000037253,0.21365013697622026,0.36967857573271984,0.7448030320585324,3.0899330567036163,52.4732384447294,0.1450917864030847,0.516444683463787,0.2809435178013891,0.14766460864318284,1.3880473213009283,0.08799255211111878,0.2737262855116267,0.0,0.0,0.2127659574383764,0.08709043376074797
HAU/user6/2-2-2,7.800000000745057,0.20257431086686764,0.43494553210978393,0.7776824258165246,3.032512274692232,52.729265447903515,0.12922493461006282,0.33906547728814634,0.3811208833836048,0.14876034102416483,1.1603306600993206,0.05807217596233542,0.1821511176947859,0.02564102564102564,0.10000000000955202,0.5128205127715282,0.14000955831666623
HAU/user6/2-2-3,5.09999999962747,0.41331443628888465,0.8188344020204428,0.613699006215859,6.0513754830823405,104.48642990845491,0.2941466470608082,0.7130660606432343,0.4125096718008962,0.3019970491607512,1.5401849506073284,0.0778028995023253,0.27440578132259363,0.0,0.0,0.19607843138687156,0.1791258486688063
HAU/user6/2-3-1,14.999999999999996,0.42132722529585087,0.9530324338657965,1.6833950984994932,6.0052915118681955,103.66888669707492,0.332278015458303,0.4874692230849015,0.6816389610689162,0.37448733614128893,5.6173100421193345,0.09098784917998312,0.6238521565333741,0.32666666666666666,2.2000000000000006,0.13333333333333333,0.4752543238266473
HAU/user6/2-3-2,12.900000000372527,0.47332887704995846,1.3020222748314934,1.717709811630887,7.395190832351137,130.6446428501272,0.5001094070398675,0.5155400413180937,0.9700689878348862,0.4197576443061516,5.414873611705728,0.06705528805220845,0.6102313314033488,0.5038759689922481,4.80000000013862,0.15503875968544523,0.3953273343512524
HAU/user6/2-3-3,7.599999999627474,0.40966552231964,1.019516263026479,1.6822358252328629,5.686221028285649,96.72162439250123,0.3936744935631239,0.5649140397926161,0.6968750378566791,0.3845761321614768,2.922778604283957,0.12929892459807552,0.5931811425504429,0.42105263157894735,1.6999999999166708,0.13157894737487066,0.35987705773037587
HAU/user6/3-1-1,40.599999999627464,0.15060731639475888,0.27077278969254037,0.8493324230988893,1.467230288501965,23.769406593358397,0.13889997512996882,0.24287490675778103,0.5718992398691661,0.14454971610597372,5.868718473848684,0.023305791022660404,0.3888225131205703,0.0,0.0,0.34482758621006054,0.04005888651949509
HAU/user6/3-1-2,24.000000000000004,0.2045551088151449,0.3696004583207472,0.7655489603414384,2.2264726490063635,36.12028368284708,0.18809678955181924,0.2977296618221583,0.6317704046310438,0.19851032949248149,4.7642479078195565,0.06227799955691361,0.4495839572570277,0.016666666666666666,0.2,0.29166666666666663,0.0750660615661627
HAU/user6/3-1-3,11.29999999888241,0.3387506602089934,0.5766436534589485,0.46294937821031446,3.9725806286101455,64.06739915267539,0.30323433796414323,0.5745210589944754,0.5278036943799052,0.32455315720404543,3.667450676042997,0.03104478743466944,0.48104617746330547,0.0,0.0,0.3539823009199652,0.2604951565726726
HAU/user6/3-2-1,21.0,0.2182897608250375,0.5679037705423995,1.0596486837052075,2.7905693496656796,47.30853980345856,0.1489828114457765,0.31892424558988947,0.46714168972344144,0.18543232655230057,3.8940788575983123,0.04669516617455553,0.4721114598113886,0.14761904761904762,0.7999999999999999,0.19047619047619047,0.1973209535452988
HAU/user6/3-2-2,18.099999999627478,0.2389691009347669,0.546643428431481,0.9789082975354366,2.944334877055007,49.811932779958546,0.1769141560856469,0.36600920609342064,0.48335985176594504,0.2053396653614188,3.716647942965185,0.04494733668724265,0.47370127583799365,0.143646408839779,0.599999999987651,0.22099447514267004,0.20026691645051287
HAU/user6/3-2-3,11.400000000372529,0.34288943364745694,0.6236269202824063,0.602247217873793,4.362011847998275,72.00277885593228,0.24539936725924535,0.5433873874159793,0.4516103474072255,0.2650947360022262,3.022079990524136,0.06467732327563308,0.49171705624758066,0.008771929824561403,0.10000000000326781,0.17543859648549506,0.2332731398001355
HAU/user6/3-3-1,11.600000001490118,0.516290222177102,1.0252273363693232,1.575554523839751,8.290858962715186,152.19441875097584,0.4536519436563372,0.5893804798182437,0.7697098197526444,0.47916319622473186,5.558293076920898,0.06074449244803794,0.4706318924640886,0.02586206896551724,0.2000000000256917,0.2586206896219504,0.3018708119259716
HAU/user6/3-3-2,10.19999999925494,0.6630134631335146,1.5263039006739276,1.2536752493787584,10.28881005479522,187.13663551379742,0.5843595514948163,0.8725194227583097,0.669738157779609,0.7118819142138244,7.261195524450616,0.04843172840130632,0.5628396797458004,0.06862745098039216,0.19999999998539103,0.19607843138687156,0.08816591885196208
HAU/user6/3-3-3,6.699999999254942,0.9193568519111117,2.1918830686766153,0.7513325934332431,14.56334318796955,248.520053955398,0.8756649900040113,1.0367265495067315,0.8446441248909884,0.9947689059626709,6.664951669208734,0.060324842289196816,0.5856097623073436,0.029850746268656716,0.09999999998887972,0.8955223881592861,0.12768728697038056
HAU/user6/4-1-1,26.799999998882406,0.16062452321750822,0.40143367368810307,0.9434720259802337,1.8732701318404557,30.600064959196192,0.12794501758362184,0.26749309869283167,0.4783114694567597,0.1601140627859837,4.291056882485423,0.015629169336984973,0.2816511212854246,0.2574626865671642,1.0999999999541288,0.11194029851213072,0.13690634007198071
HAU/user6/4-1-2,24.300000000745058,0.14431498970587756,0.3315871359948249,1.0525728466975843,1.7282666088227048,28.802441422246904,0.11884090051724393,0.23976559545671094,0.4956545153829037,0.1454246359078751,3.5338186526697153,0.0231509332342816,0.258963353777703,0.23045267489711935,0.9000000000275947,0.1234567901196715,0.13785653028918857
HAU/user6/4-1-3,19.90000000037253,0.19990121460155286,0.49261478073234105,1.156674235622382,2.4570901922881228,40.86875581274735,0.16384281356575367,0.31613409688431837,0.5182699830934022,0.20359142628232177,4.051469383094045,0.013473980304708042,0.2777359082988801,0.3869346733668342,3.0000000000561586,0.15075376884139902,0.07395692670510509
HAU/user6/5-1-1,9.799999998882415,0.07000550886695318,0.15625602043573744,0.7636945258745024,1.0118702563822977,17.790201413638762,0.05539250887450943,0.06640668229788171,0.8341405732617937,0.10166197221796398,0.996287327622431,0.014765337794794308,0.04340979674165731,0.01020408163265306,0.09999999998859606,1.3265306123961749,0.2240136263511693
HAU/user6/5-1-2,8.599999999627475,0.04873060242730692,0.06216704468600248,0.40314164575193057,0.8130928209575038,14.876944347443214,0.04006821802752461,0.03517407116507201,1.139140723868546,0.038553728287327,0.33156206325664994,0.025491866133577998,0.023945103806837356,0.0,0.0,0.11627906977247876,0.2500827739413448
HAU/user6/5-1-3,5.19999999925494,0.0586851822037633,0.0920038882748154,0.37010534871417583,0.9798009798230569,17.66428263021057,0.06844315216856768,0.07124658662965722,0.9606516528810908,0.05264435589466195,0.27375065061301906,0.23680085747556673,0.035640103989343544,0.0,0.0,0.19230769233524622,0.3701002091574357
HAU/user6/5-2-1,12.999999999999998,0.3941740221370473,1.156326895564232,1.9098551625641058,6.164791012305504,112.7846509582574,0.4226055000400943,0.45670516195531907,0.9253354993962245,0.3511133755139941,4.564473881681923,0.07695242496162029,0.5908519059485926,0.45384615384615384,2.2000000000000006,0.15384615384615385,0.27742463324326133
HAU/user6/5-2-2,11.199999999254942,0.34124817753606973,0.8861190809980756,1.9237006354229598,4.700065766535857,81.16165657827936,0.33061972772533554,0.429051201598355,0.7705833842746188,0.345557037892073,3.8702388241337577,0.0545531302303591,0.49698237458566935,0.5357142857142857,2.2999999998469964,0.17857142858330768,0.3977207744298625
HAU/user6/5-2-3,7.700000001117589,0.4767376492271531,1.4791713762016188,1.755112746368286,6.579676466214849,109.54144498829383,0.4540693673593002,0.6049318189218876,0.7506124697125907,0.40179777688648266,3.093842882474961,0.13109090093314862,0.46012655306249745,0.4025974025974026,1.9000000002757675,0.12987012985128035,0.5493906659653673
HAU/user6/5-3-1,27.699999999254942,0.2749853829255665,0.4882064296081742,1.4977703182268782,3.4257727520615946,57.52734833306235,0.26700874993819823,0.37558722751574536,0.7109100886986222,0.3222332199920045,8.925860193538444,0.06407406265731296,0.588736415078265,0.1299638989169675,1.2999999999650333,0.36101083033462,0.09485896180441836
HAU/user6/5-3-2,26.5,0.24009476669225183,0.45443352272265297,1.490915306809141,2.7832248475033055,45.62140185126339,0.25418013681495055,0.3541371602400971,0.7177448871078007,0.2764158559588497,7.325020182909516,0.03868499348091436,0.5964935896198801,0.1509433962264151,2.1000000000000005,0.18867924528301885,0.11042235473254278
HAU/user6/5-3-3,14.29999999888241,0.3496984667878313,0.5492845208661471,0.7484782535177936,3.7155222018662295,58.42474966303568,0.3432058667451709,0.5447438113628976,0.6300316937175854,0.3240849009683557,4.634414083485292,0.06581141962076617,0.6038187613196854,0.013986013986013986,0.1999999999843694,0.2797202797421407,0.12403770467934022
HAU/user6/6-1-1,16.89999999850989,0.3570427362497489,0.5920483366312849,0.545513661685741,3.558349352018883,52.67264702204679,0.32911447738158184,0.5170808980203075,0.6364854667908675,0.40100658471622835,6.777011281106713,0.008941746906773726,0.5171154157157405,0.01775147928994083,0.19999999998236553,0.23668639055341356,0.1993391558901294
HAU/user6/6-1-2,10.899999998509882,0.4906527586208201,0.8111216184157513,0.4326673160486421,5.462260785784614,82.61508297151119,0.4484260182311694,0.8261643603661118,0.542780636881589,0.4829837455028508,5.264522825261372,0.03982964109581335,0.47009636365452023,0.0,0.0,0.5504587156715824,0.16536318126851238
HAU/user6/6-1-3,13.400000000372529,0.31150540906735946,0.5245611678010469,0.4885977821459946,2.9800897836228684,45.29600019054191,0.28861155938202526,0.4348519700807719,0.6637007040918227,0.33685359835434436,4.513838218073703,0.0047811285839582055,0.510032055445957,0.022388059701492536,0.20000000000556017,0.3731343283478355,0.22520353424885253
HAU/user6/6-2-1,39.09999999962748,0.4084909957863968,0.8144298563457479,0.7319293931270765,5.33503039982349,90.61252222039751,0.25614625563957083,0.5604841547505773,0.4570089145455866,0.30395731095540224,11.884730858242992,0.00408358002998374,0.6954908614662525,0.06905370843989769,0.4999999999952362,0.17902813299403308,0.09310162551205899
HAU/user6/6-2-2,17.90000000037253,0.6914111427716015,1.2282290227468393,0.5918671596734386,9.550976072422992,164.22686032781849,0.46338801623289594,0.944905513215867,0.49040672243027394,0.5142637021919214,9.20532026942697,0.00811596088975036,0.786020640378671,0.01675977653631285,0.20000000000416232,3.35195530719281,0.05318312557147834
HAU/user6/6-2-3,33.49999999999999,0.5367960405594794,1.0861071759834455,0.6906633551567699,6.755238698518901,113.32895711850472,0.36733042928884596,0.6880721663512013,0.5338545093357273,0.4398716981851813,14.735701889203574,0.009861383900254385,0.8898063731035714,0.07761194029850746,0.5,0.208955223880597,0.12089859062657173
HAU/user6/7-1-1,11.400000000372529,0.22585163148314935,0.4148973515210397,0.7367960947384503,3.4538051009602095,62.74788891299967,0.1473504536272888,0.2092059569719666,0.7043320135606923,0.26393184540791015,3.008823037748498,0.07543014150609503,0.3420440123528497,0.10526315789473684,0.500000000016339,2.5438596490396783,0.10449187507060456
HAU/user6/7-1-2,8.499999999999998,0.24958455704581367,0.4687591416314084,0.6714859673595687,3.500149372980297,61.7157815552976,0.17363801256543404,0.2689064856516173,0.6457189438884431,0.2426045209357387,2.0621384279537787,0.1235075987077577,0.4067926626303617,0.03529411764705882,0.1,0.23529411764705882,0.17323822552922288
HAU/user6/7-1-3,8.099999999627473,0.2806780186261232,0.5262823881306975,0.7864518463826113,4.521951443954434,79.76988921797005,0.16654171346627633,0.32419646929107326,0.5137061280054968,0.26670456948330623,2.1603070127154256,0.08046533910608711,0.28163995749686105,0.037037037037037035,0.09999999999540089,0.2469135802582694,0.16214802345515758
HAU/user6/7-2-1,14.599999999627473,0.2752224475724629,0.5568237681442163,0.7367493173793594,4.125262072720233,72.74113912601473,0.1439664657565191,0.3757969621306248,0.38309640545572266,0.2074570250889426,3.0288725662212777,0.03762508840597755,0.39828273146288673,0.10273972602739725,0.3999999999897937,0.27397260274671664,0.12216013862153953
HAU/user6/7-2-2,11.400000000372529,0.2837940136858042,0.6222091341883513,0.8144262199782751,4.006056703210348,69.38088649563126,0.1505059086482147,0.45391976899697245,0.3315694063054767,0.22006703647668646,2.508764215916207,0.05542741465736056,0.393209348013114,0.14035087719298245,1.2000000000392137,0.2631578947282426,0.12452463253560143
HAU/user6/7-2-3,7.299999998882413,0.39262889937356865,0.7673164469734169,0.6588335350856739,5.895210203978239,99.46267058941005,0.18226459255227492,0.5428848685924241,0.3357334174538918,0.3468177608911492,2.5317696541177903,0.10628370567575872,0.38952085219471244,0.0410958904109589,0.2999999999540718,0.8219178083450087,0.16044362387211922
HAU/user6/7-3-1,11.099999999627471,0.20908520574328865,0.5731913548817704,1.3536514613450574,2.819998336773248,48.66895851150108,0.203325694872161,0.30152741458123605,0.6743190979175887,0.19284951092398872,2.1406295711844328,0.24275444927509687,0.4911850034989583,0.40540540540540543,1.6999999999429458,0.18018018018622728,0.2320943080696391
HAU/user6/7-3-2,10.300000000745053,0.36498531423585145,0.586344760360028,2.179246235444512,5.417098091270834,93.7525005838591,0.4949264542664067,0.533800879331767,0.9271742938280673,0.3333267804499173,3.433265838882496,0.14493271725660634,0.4275321060047505,0.3592233009708738,1.5000000001085037,0.19417475726750766,0.23998473316162655
HAU/user6/7-3-3,7.800000000745057,0.4178778728827763,1.0452942689087987,1.835682966546492,6.120315885886242,101.15889461814803,0.3704770812762101,0.7607872852767806,0.48696539487310453,0.38659364856135575,3.0154304590666094,0.15197224249737057,0.5480173215077696,0.44871794871794873,1.4000000001337283,0.12820512819288205,0.8229325052381956
HAU/user7/1-1-1,21.0,0.8977072390667034,1.978090740901632,1.2273551414917037,13.593442231237496,236.4511552807389,0.6051696169003065,1.4280167536233546,0.42378327490976986,0.6826769071304241,14.336215049738902,0.004056309118862669,0.8159272041143074,0.14285714285714285,0.30000000000000004,0.14285714285714285,0.14229771437256392
HAU/user7/1-1-2,14.499999999999998,0.9787381682637174,1.84848615158021,1.1203754780413002,14.526460452001622,250.805504446415,0.8122415451964377,1.5192677453891779,0.5346269919353456,0.7683573440652293,11.141181488945826,0.018442453118961016,0.748561019971676,0.08275862068965517,0.6,0.13793103448275862,0.1525924826143588
HAU/user7/1-1-3,17.200000001117584,1.0995348405324405,2.5204150315201663,1.1913191624680854,17.41869444314363,309.79873389865224,0.7706787309997867,1.6809698674121274,0.4584726624087455,0.8579153798794985,14.756144534886174,0.023310073179666293,0.8202413986685876,0.0872093023255814,0.3000000000194928,0.11627906975988651,0.16460799598942433
HAU/user7/1-2-1,22.59999999962747,0.34213188635477443,0.5101160967771825,1.894740566662909,4.701566191782828,81.78638254478093,0.3519391848606157,0.4588371949478637,0.7670240947523477,0.38759103137349316,8.759557308896559,0.06306970054108081,0.4909868917444726,0.11504424778761062,0.29999999999505494,0.4424778761134883,0.09255255193248058
HAU/user7/1-2-2,12.399999998509884,0.35223741623972704,0.8241231081986251,1.1285393584551902,4.736724228751774,75.36766139460107,0.3112479608640572,0.47588999809890575,0.6540334141364663,0.4519111770662018,5.603698594947502,0.09391420469140391,0.5087511030328158,0.23387096774193547,0.8999999998918463,0.24193548390004133,0.1714889001225397
HAU/user7/1-2-3,17.200000001117584,0.4301485418276998,0.628205117554763,1.8045233908624492,5.816290794785923,98.85758980529982,0.4237193017481466,0.6008000512272943,0.7052584302836336,0.519983527589817,8.94371667512598,0.06083793174263314,0.5417626031391819,0.18604651162790697,0.9000000000584782,0.11627906975988651,0.09475806804965736
HAU/user7/2-1-1,23.09999999962747,0.36824320242072156,0.7121122421373813,0.7860259221466261,4.809044752709084,84.1114565887432,0.2922430461633563,0.7013896320437335,0.4166629108775752,0.27213306624881306,6.286273830246205,0.008372710372901689,0.6250396900453279,0.03463203463203463,0.19999999999677465,0.17316017316296567,0.07369305517794018
HAU/user7/2-1-2,21.59999999962747,0.3491337845705381,0.7895854742673076,0.8445137396915866,4.367632086626594,75.34223408864354,0.3123176764419879,0.5339645595476471,0.5849033803323338,0.3039075104588484,6.564402225797911,0.006185485269073925,0.6638198703939223,0.11574074074074074,0.29999999999482596,0.7870370370506108,0.10756297853636823
HAU/user7/2-1-3,14.70000000111759,0.5080816400599868,0.9614162673063101,0.8195295847557866,7.033375581272902,121.58787370076045,0.45611729508647836,0.9147325951667998,0.4986345703627973,0.35182589997455044,5.171840730019088,0.02077135639702687,0.7348630383893098,0.04081632653061224,0.2000000000152053,0.4761904761542731,0.12016397301723863
HAU/user7/2-2-1,24.800000000745065,0.29673829769904236,0.6715471746287104,0.9453456178209321,3.2278259200680015,52.09430648733583,0.2805705545270482,0.47131231323038186,0.5952964649039547,0.2977296240812066,7.38369467743575,0.02516524457399193,0.5610691153195553,0.1814516129032258,1.9000000000570818,0.12096774193184967,0.15693479743885339
HAU/user7/2-2-2,20.20000000111758,0.2974891350100421,0.6028443556254958,0.9602561162737033,3.5606340445803366,59.429388024246926,0.2600741513260518,0.4563762583868491,0.5698678359725958,0.30355891729272916,6.1318901296523824,0.02461040260803447,0.5195350683357658,0.16336633663366337,1.600000000088521,0.14851485147693178,0.15598044444139894
HAU/user7/2-2-3,14.900000000372529,0.39210270081964826,0.6936567374267427,0.9378812271437117,4.7412388169804895,78.38047475246454,0.3420560425363365,0.5920928869051755,0.5777067239340279,0.3980182573946747,5.930472035328927,0.02266042877004321,0.5671011750699771,0.15436241610738255,0.8000000000200016,0.13422818791610713,0.17037463282513635
HAU/user7/3-1-1,22.90000000037253,0.2656226255976708,0.5557637892884623,0.7898084847122628,3.384204288796118,54.03199170602211,0.2200613647225074,0.5198654737105929,0.4233044420674689,0.2315441007955392,5.302359908304103,0.016344427066139953,0.3180620674718259,0.034934497816593885,0.10000000000162675,0.13100436681009597,0.14341762412609116
HAU/user7/3-1-2,18.399999998509884,0.2722339095724826,0.5017025356687231,0.7103216389119902,3.546609579534259,57.135107276959666,0.23774579445068825,0.48652065286919427,0.4886653681810772,0.2387499471545312,4.392999027287608,0.01843127273481512,0.3221048503903662,0.010869565217391304,0.09999999999190154,0.10869565218271571,0.11052421642819792
HAU/user7/3-1-3,12.10000000149011,0.39369871199479534,0.7338526754618676,0.6735778085083024,5.735145214415892,95.78401813827585,0.31966232762266794,0.6983665994510166,0.4577285446013953,0.35734108401642867,4.323827117131266,0.017089149884454077,0.3536711096024392,0.01652892561983471,0.100000000012315,0.3305785123559835,0.08948037286642745
HAU/user7/3-2-1,16.499999999999996,0.37402745751917593,0.7436726566332501,1.4032101931136476,5.385261453303247,93.39127101173173,0.30889280537104175,0.4581450602560849,0.6742248940197194,0.33861823198676577,5.587200827781635,0.05977648289494862,0.6133669345821272,0.15151515151515152,0.7,0.12121212121212122,0.07844662047089526
HAU/user7/3-2-2,14.899999998509884,0.4416695027402999,0.9111405707017157,1.2308550510021803,6.311974127814747,111.78351032049383,0.36861858308274736,0.6241762220640273,0.5905681271760569,0.3821960079921121,5.694720518512954,0.06369133748724339,0.6417201682156789,0.2080536912751678,0.7999999999199937,0.6711409396644348,0.07324799976224386
HAU/user7/3-2-3,7.700000001117589,0.704270187203528,1.3649413269077437,0.9259791781448002,10.906777222303726,184.5313989156671,0.6556471293169246,0.8357327833393534,0.784517661150763,0.6392131647487365,4.921941369279647,0.07793536504618755,0.6293954545466512,0.07792207792207792,0.3000000000435423,0.12987012985128035,0.20188125908477186
HAU/user7/3-3-1,9.100000001490114,0.38375837162305265,0.6330256317354975,0.8142624471056757,5.219037566859155,87.8269041134907,0.29725831910593403,0.683621092150294,0.43482906259678833,0.3594826149758138,3.2712917968155772,0.0540577827614175,0.392306788566264,0.01098901098901099,0.10000000001637491,1.098901098721155,0.10127187016131836
HAU/user7/3-3-3,6.199999999254939,0.6435340011712206,0.8480431656838704,0.9664990473956573,10.002779118250407,177.84228269521677,0.4048741136444289,1.5125879302576786,0.26766980304264776,0.6984949162276638,4.330668480091095,0.13869129945243402,0.5460605106242234,0.03225806451612903,0.19999999997596585,0.16129032260002754,0.2551768300753523
HAU/user7/4-1-1,33.49999999999999,0.2357660966430093,0.4935725750281742,1.2409736616537996,3.103501538354817,52.021847735153486,0.19624341988048896,0.31178708306889874,0.6294148472074714,0.2581475300913614,8.647942258060606,0.05814658234167466,0.3371897373321018,0.13134328358208955,1.3,0.23880597014925373,0.108791776927403
HAU/user7/4-1-2,24.60000000149012,0.25332513630934755,0.5373938574368011,0.9909426593444943,3.25421580640045,54.44099422555778,0.21413299560660987,0.38109085144820626,0.5618948716060103,0.2616408981424281,6.436366094693607,0.022687510081420902,0.3234888422772014,0.13821138211382114,0.800000000048459,0.16260162600641076,0.1046507215517779
HAU/user7/4-1-3,19.299999998882413,0.41394492561588797,0.8122344298842274,0.8864864782792753,5.832670712871892,100.76300508592992,0.3519277523405236,0.5206583578692626,0.6759283632837876,0.430495944188915,8.308571722364942,0.0866608852461253,0.4553770693214986,0.12953367875647667,0.6999999999594658,0.10362694301118197,0.0941213084680672
HAU/user7/5-1-1,13.400000000372529,0.1851162462830393,0.3864373171445282,1.0263317867693165,2.7137700465905312,47.66115012767357,0.13333510577960644,0.42613571675574374,0.3128935224717132,0.13774354954095694,1.8457635639001364,0.06521621412149853,0.2510104301439428,0.22388059701492538,0.5000000000139004,0.1492537313391342,0.15624701237910327
HAU/user7/5-1-2,14.300000000745058,0.376515469008827,0.9394293007317134,0.8978134644896644,5.670411461062118,100.9320903220326,0.301207664188743,0.6035894392646425,0.4990273919581482,0.32679651000792725,4.673190093356842,0.01487209820828313,0.346108175412062,0.14685314685314685,0.7000000000364712,0.34965034963213215,0.07228638011752406
HAU/user7/5-1-3,8.399999998509884,0.2946873539439907,0.5829605836530188,0.8589083713413012,3.9755931320229476,68.3444007628634,0.2160332991394728,0.6262461901101124,0.3449654500197796,0.22732426347966078,1.9095238128904108,0.04703001198974941,0.2626994375784002,0.15476190476190477,0.29999999994678156,0.11904761906873747,0.25679818472883037
HAU/user7/5-2-1,15.90000000037252,0.32324026921941895,0.8370867450048497,1.5073975584356016,4.269497735473727,74.49503568584623,0.30438365788308513,0.4476751956731267,0.6799207553715179,0.309485175621768,4.920814292501403,0.08961888157826746,0.5880001561516016,0.24528301886792453,0.8000000000187433,0.18867924527859825,0.35420942473967915
HAU/user7/5-2-2,14.899999998509884,0.5319670149978406,0.9928648589240298,1.7607450733021708,7.4732230205161185,126.16829344258541,0.5338908357864728,0.6729788002025316,0.7933248934921494,0.44096931336630135,6.570442768500794,0.05154614376287158,0.6969982441008018,0.2751677852348993,0.5999999999399953,0.20134228189933046,0.17773730310499583
HAU/user7/5-2-3,6.900000000372528,0.680230202838018,1.978173648064797,1.207654702231091,9.426544377441298,157.34893959705036,0.62082394726554,0.8625536254870286,0.7197511299025026,0.569385563874067,3.9287603909431743,0.0898660031394859,0.6255717083485086,0.3188405797101449,1.1000000000593886,0.43478260867217844,0.41646059176661143
HAU/user7/5-3-1,14.20000000111759,0.3180579256597436,0.5663131839322083,1.684731522396959,4.243597010492264,72.47720171274742,0.27357607168071846,0.41195893390813854,0.6640857825834566,0.4095148714098694,5.8151111744778134,0.04400667597234402,0.5380816222373092,0.09859154929577464,0.30000000002361094,0.4929577464400759,0.13661754065234913
HAU/user7/5-3-2,10.400000000372529,0.5180770282728366,0.6490034678139267,2.023512457477453,6.861955359526722,111.09513949671104,0.4955804552435843,0.6466832885287523,0.7663418295603728,0.5313024669698243,5.525545656684098,0.06505298019736369,0.5260624775699204,0.07692307692307693,0.400000000014328,0.48076923075200956,0.16270478708669972
HAU/user7/5-3-3,7.09999999962747,0.42932159648063534,0.6610916724045619,1.0941470428216606,5.656113603407922,99.18623716275607,0.4106979968776662,0.6208448239875511,0.6615147301677217,0.5069302162397656,3.599204535113491,0.20892965103556294,0.6140121443935714,0.056338028169014086,0.3999999999790124,0.14084507042992522,0.43557075735411005
HAU/user7/6-1-1,13.399999998509884,0.37927325824829133,0.7659083025653388,0.7419967126638555,5.413178770415807,95.26402116183135,0.34186272389346434,0.5829759139931754,0.586409687092247,0.3537611329947517,4.740399181602525,0.06229473249343202,0.3784562871091137,0.022388059701492536,0.09999999998887972,0.6716417911194645,0.07721893523456537
HAU/user7/6-1-2,18.40000000037253,0.32244827693567696,0.6477812325217596,0.8225526594093936,4.430835972983067,74.8087950443353,0.26793259807049374,0.469535881781824,0.570632848086271,0.314407837794252,5.785104215531364,0.06738624817636103,0.32615116974561775,0.02717391304347826,0.10000000000202462,0.3260869565151371,0.1915434404611253
HAU/user7/6-1-3,8.70000000111759,0.48283736349313766,0.8644157207636064,0.6502233396090017,7.119568515364988,124.05416803441483,0.3863916637406401,0.8061268238928482,0.47931870247836,0.49257077960919526,4.28536578315049,0.09818210378076456,0.37461822045885484,0.0,0.0,0.3448275861626005,0.1659161512846827
HAU/user7/6-2-1,7.700000001117589,0.15549294362040644,0.37316342212949205,1.0366037732784363,2.420942411210882,43.07768766321962,0.09125365385495257,0.5580598375527903,0.16351947864874053,0.09579299067107307,0.7376060282743196,0.29706742144365034,0.18599977909460683,0.18181818181818182,0.5000000000725706,0.12987012985128035,0.33483000051605954
HAU/user7/6-2-2,6.200000001117584,0.1499850978421644,0.30615652705427326,1.1265392124304392,2.2056366956620086,38.11385724779485,0.12428528457411576,0.2842356315520688,0.437261449094874,0.11385311899094586,0.7058893378711051,0.11216703686973789,0.1651294020642845,0.016129032258064516,0.1000000000180256,0.1612903225515716,0.3055960682565583
HAU/user7/6-2-3,4.999999999999999,0.3141637195215424,0.6256982239218872,0.6557099248030501,4.319544251433005,72.54505063016823,0.18750143159396468,0.9381268248394049,0.19986789251676562,0.22823467988498902,1.1411733994249451,0.16518656278576765,0.21616189359599813,0.02,0.1,0.2,0.27660670272771504
HAU/user7/6-3-1,10.5,0.2515573387773966,0.49393199624253936,1.481931694928897,3.1693013336100924,51.37502902698044,0.20444948026801335,0.35635696314570564,0.5737210180756253,0.30721620245430703,3.225770125770224,0.12446250834587248,0.41792314557992777,0.24761904761904763,0.8999999999999999,0.19047619047619047,0.17988065893442062
HAU/user7/6-3-3,7.799999998882411,0.5024758549800282,1.0274576918838219,2.2131883833395807,7.32761432427207,124.61769855780763,0.4319325355937063,0.6610250864814005,0.6534283551013634,0.5253626936193729,4.09782900964397,0.05359005526616295,0.4003870610495972,0.4230769230769231,1.2999999998137357,0.1282051282234975,0.6942451351226648
HAU/user7/7-1-1,15.099999999627475,0.15073801966930395,0.2949164286199481,0.7092520662998536,1.4321586016850392,22.317955597038484,0.1421638692000429,0.2657497951178772,0.5349538222674083,0.14566564477388178,2.1995512360313505,0.07738798822947576,0.40509479027576173,0.026490066225165563,0.19999999999506585,0.5960264900809296,0.15176051294170034
HAU/user7/7-1-2,12.299999998882413,0.17931688670230836,0.34691569677128675,0.6483768521919601,1.916453265722582,30.36496342688858,0.16939163297782941,0.31902718625232357,0.530963001732686,0.15367325321608183,1.8901810143860627,0.0927668206898729,0.3819990723503722,0.04065040650406504,0.39999999996365565,0.40650406507758574,0.11399030779682971
HAU/user7/7-1-3,8.800000000745058,0.3020289839209058,0.6046321311213388,0.7127793013565147,3.212394409666323,51.11120740933983,0.26045486345962043,0.4686890324816314,0.5557093186602755,0.3175213201091491,2.794187617197083,0.05813837266575654,0.458677018567538,0.011363636363636364,0.10000000000846657,0.7954545453871977,0.16694947545450423
HAU/user7/7-2-1,15.599999999627475,0.15367362079342242,0.2764049979167431,0.7391593165734105,1.950555799449482,32.68196600291685,0.1062954014014376,0.28366219442214596,0.3747253004343734,0.1176214285255582,1.8348942849548906,0.054765186290798996,0.21901090343855142,0.0,0.0,0.12820512820818972,0.26458886487352
HAU/user7/7-2-2,10.299999998882413,0.28700012132901914,0.5461715479169165,0.7618023147644394,3.64737114744852,61.84518512240999,0.18881460945174397,0.4977917579291985,0.37930441005673476,0.23750961554325953,2.446349039830135,0.02343825401482577,0.28844498800298646,0.05825242718446602,0.1999999999782993,0.38834951460524414,0.1306284656915127
HAU/user7/7-2-3,6.299999998882416,0.359487531085482,0.7893012332622553,0.975550055403723,5.240425801335189,87.66307057044226,0.19663515489754677,0.41591277987219905,0.4727797844663217,0.2982042784498107,1.8786869539005377,0.054422700534018716,0.3106913515301257,0.2222222222222222,1.0999999998048657,0.15873015875831664,0.3891168807159722
HAU/user8/1-1-1,9.700000001117587,0.42333818609600626,0.9460529811793466,0.7113136410098734,6.431938409457186,109.17468009334956,0.23628533498268958,0.5105453149013959,0.4628097205544131,0.37938001492366,3.679986145183493,0.018095856700039905,0.4665769152681825,0.13402061855670103,0.4000000000460861,0.20618556698655358,0.1362327472150125
HAU/user8/1-1-2,7.799999998882411,0.4446006999114432,1.0180640689301859,0.9392723697473779,7.242327451698623,133.06028624692777,0.24721451291214636,0.3879561968152596,0.6372227439703569,0.33323094101120476,2.5992013395149827,0.025760018571803663,0.4296901948617036,0.21794871794871795,0.3999999999426878,0.1282051282234975,0.320342814685052
HAU/user8/1-1-3,7.400000000372528,0.3618911097667609,0.7966705600416186,0.7185701855716198,5.104444155105559,86.63617149846017,0.23949054126991176,0.4657572988678556,0.5141960015180865,0.3043929811314673,2.252508060486252,0.03329477768686283,0.29609620675618575,0.04054054054054054,0.20000000001006835,0.1351351351283322,0.6290319592048624
HAU/user8/1-2-1,27.999999999999996,0.2718470610147965,0.5644820756109383,1.018415952853339,2.9132109302205773,48.389445661001915,0.24682159758764327,0.4953016844755568,0.4983257776533933,0.25054196670111073,7.015175067631101,0.07071659463530079,0.5822142071308133,0.1392857142857143,0.7999999999999999,0.14285714285714285,0.13999323910850867
HAU/user8/1-2-2,15.499999999999998,0.34795662595849514,0.5941459474873387,0.9471855098168809,3.607823958408731,54.9087628448335,0.289921797563086,0.5683777339266871,0.5100864790217055,0.34250832096786593,5.308878975001922,0.07564160368323777,0.5283518552826353,0.08387096774193549,1.0999999999999999,0.1935483870967742,0.15984001200327813
HAU/user8/1-2-3,31.200000001117584,0.24079410546749694,0.5243616210038762,0.7578564029744347,2.56183883603044,41.32777989535321,0.21544601657558793,0.41722103740002325,0.5163833957218201,0.22473246531937582,7.011652918215683,0.026337697470678222,0.5130499731650542,0.035256410256410256,0.200000000007164,0.16025641025066986,0.1011506045972727
HAU/user8/2-1-1,29.999999999999996,0.2306725942149365,0.45025878281400117,0.6672010699015841,2.3974233078739973,37.887813170429375,0.19970987694826367,0.39301846416557945,0.508143750610103,0.22721420426284425,6.816426127885328,0.05250573252297552,0.5779559977582407,0.04666666666666667,0.4,0.16666666666666666,0.10345341765560008
HAU/user8/2-1-2,27.999999999999996,0.24928550409149944,0.4854907245949217,0.901574646233001,2.504157395702751,38.29603711404241,0.21449978699656846,0.3731183264080397,0.57488408164414,0.2554148110806703,7.1516147102587695,0.03276852162584206,0.627673625736597,0.07857142857142857,0.4,0.5,0.08158977356803251
HAU/user8/2-1-3,14.999999999999996,0.25685222194744156,0.4720997778029016,0.6660536872905255,2.794095439269538,44.122011333772484,0.2235585570617683,0.33776002299654206,0.6618857803730409,0.27477641520659174,4.121646228098877,0.05351674507123046,0.5681813539366144,0.04666666666666667,0.30000000000000004,0.3333333333333333,0.15136929813912497
HAU/user8/2-2-1,4.799999998882413,0.7458657200583504,1.4962192832918109,1.2654067578456936,12.095914221239099,218.88680319698565,0.48716093521406023,0.7796869032792166,0.624816105721844,1.1383648275745524,5.4641511710856285,0.13154751026110553,0.6566896158352362,0.041666666666666664,0.09999999997671694,1.2500000002910383,0.1357179826600477
HAU/user8/2-2-2,4.499999999999998,0.7705122537938395,1.290438277549738,0.8327839805880899,11.243018547688509,192.16932193151357,0.5226040336578316,0.714516144544215,0.7314096916029623,0.8430197042816668,3.7935886692675007,0.09458355386360652,0.7347436874641184,0.022222222222222223,0.1,0.4444444444444444,0.1870689908870101
HAU/user8/2-2-3,3.300000000745058,1.143277428138079,2.003707861995709,0.8606506116606942,17.41549707758407,297.4590470901579,0.9329683511776731,1.2000402577105782,0.7774475434516929,1.15919929781638,3.8253576836577246,0.12008831237846218,0.7420656814397791,0.0,0.0,0.3030303029618863,0.428812312833733
HAU/user8/3-1-1,23.0,0.17359616295746458,0.339753002240757,0.6547287108275196,1.639568833458927,25.44044147711492,0.13066349636533356,0.2565436359707138,0.50932269421381,0.16115877844963813,3.706651904341677,0.0560339056600169,0.4447589556093891,0.021739130434782608,0.2,0.7826086956521738,0.07160849399219599
HAU/user8/3-1-2,9.29999999888241,0.3387866777541713,0.6151764556600602,0.7686213040391919,4.062615088569184,61.528116503152766,0.28708919519975307,0.546944258597071,0.5248966236728568,0.2966048397438482,2.7584250092863063,0.04323649922571205,0.4734373170642943,0.03225806451612903,0.19999999997596585,0.1075268817333517,0.287776807917375
HAU/user8/3-1-3,14.900000000372529,0.24442489843237442,0.4229147733686586,0.6154995269568418,2.507385719175637,36.63004576311766,0.1896513997980242,0.36995032039210524,0.5126401812123723,0.2125912071916215,3.167608987234357,0.0856907345588468,0.5077344047950579,0.04697986577181208,0.2000000000050004,0.13422818791610713,0.21146977173156525
HAU/user8/3-2-1,17.300000000745058,0.36093888787570655,0.6921952340604378,0.7260203532969147,5.238254311943579,90.75554769931954,0.21987566725177982,0.4308013566956211,0.5103875912274423,0.24050072775681794,4.160662590372137,0.014261828833870562,0.5109478435617051,0.057803468208092484,0.30000000001292004,0.11560693641120613,0.12979434402446424
HAU/user8/3-2-2,14.70000000111759,0.46361851649051045,0.8102101096567267,0.6752583224635729,7.416492000951727,133.21641607726772,0.2600320318303464,0.5153520432245918,0.5045716510576675,0.3119307021050927,4.5853813212934735,0.038283081215631086,0.49764489393867933,0.047619047619047616,0.10000000000760265,0.2721088435167275,0.08516816006353815
HAU/user8/3-2-3,14.40000000037253,0.4070498247610327,0.9181256202746637,0.791476749006731,6.320396994106762,111.62158211874993,0.24163115325761375,0.4493274847051475,0.5377617905533029,0.29477349892159793,4.244738384580823,0.03106048187882232,0.5158477406874371,0.11805555555555555,0.6000000000155221,0.4861111110985353,0.13421656994243603
HAU/user8/3-3-1,8.099999999627473,0.2346784285048467,0.4458342817706797,0.70328088861668,2.8229261630762514,46.552462324146944,0.18751636455922946,0.3742717050787647,0.50101667188213,0.23592366258165476,1.9109816668235156,0.15900771662237326,0.3573454919120558,0.0,0.0,0.1234567901291347,0.5545248564150705
HAU/user8/3-3-2,3.199999999254942,0.4850768240890212,0.9733605128735775,0.9913500711178631,6.409672119748871,103.42486300944894,0.36443145040633823,0.9548273086003065,0.38167262995325335,0.45457869893211555,1.4546518362440823,0.30906893619632747,0.34831027461022757,0.0,0.0,0.3125000000727596,0.6931479087541292
HAU/user8/3-3-3,4.90000000037253,0.34270207648557127,0.571870510306073,0.5305259377994669,4.029286086353034,63.767914511508316,0.3095495485911487,0.5664787683554295,0.5464451014525594,0.33413829761790614,1.6372776584522162,0.12304251824835681,0.35485545753656983,0.0,0.0,0.2040816326375456,0.16816343389482388
HAU/user8/4-1-1,19.79999999888242,0.07997291687331175,0.17380938614642344,0.8342814917948203,0.8476858803650044,13.935082619094421,0.06540579774676897,0.12893235726547422,0.5072876865565211,0.10238570621008794,2.0272369828453165,0.0340869535319434,0.24503232112923765,0.030303030303030304,0.1999999999887113,0.808080808126419,0.09097804028370823
HAU/user8/4-1-2,16.40000000037253,0.11352392915237766,0.26141973903087906,1.1009973770817407,1.2123604004857964,19.39929868423152,0.09745073682383171,0.21187556081582384,0.4599432609813787,0.09776577969409028,1.6033587870195014,0.04765391550262364,0.32415681898072607,0.07926829268292683,0.6000000000136291,0.12195121950942497,0.1871180201743617
HAU/user8/4-1-3,19.90000000037253,0.09733819482514061,0.18889537856400412,1.187799362102674,1.217391298210677,20.616278457108752,0.07628429403461566,0.18312464213524235,0.4165703355297611,0.07804007994625896,1.5529975909596252,0.06795770407455282,0.2775186602330204,0.020100502512562814,0.100000000001872,0.30150753768279803,0.1738792819953409
HAU/user8/4-2-1,16.499999999999996,0.35767087066860037,0.7891991967567497,1.22970159663357,4.336603547867778,73.05276489394562,0.24710740211376292,0.506269722650131,0.48809437058995847,0.28359772142890144,4.679362403576874,0.08599271819547266,0.6493427374610086,0.17575757575757575,0.6,0.30303030303030304,0.17018617867135694
HAU/user8/4-2-2,7.400000000372528,0.6734073520556147,1.3598241920280378,0.8221266675796508,8.875083098721545,150.58441258658843,0.5513820791359536,0.7921853744863415,0.6960265819063461,0.4332006356618615,3.2056847040591547,0.09703098756791029,0.6898903795967647,0.0945945945945946,0.20000000001006835,0.1351351351283322,0.31942074234553336
HAU/user8/4-2-3,13.199999999254942,0.42773926516013105,0.8812429999639548,1.182974715127796,4.796906513894065,76.60623301233055,0.3073932172638755,0.583707300770237,0.5266221894631596,0.3777724957504117,4.986596943623974,0.06710318006269897,0.7389406466937867,0.17424242424242425,0.799999999954845,0.22727272728555536,0.21602838336928445
HAU/user8/5-1-1,26.0,0.2054501181815603,0.3590427721906756,0.5825805656996456,1.9864505007463842,30.782219251818123,0.19025045973643395,0.3417014670957958,0.5567739020749461,0.19930965089502703,5.182050923270703,0.03203016595232251,0.48728686817391115,0.023076923076923078,0.1,0.15384615384615385,0.09845399412763596
HAU/user8/5-1-2,19.90000000037253,0.23995529739197316,0.48523604161352873,0.6841267506301842,2.4142545833335114,36.5194256652879,0.2052942285899417,0.4377330227161189,0.4689941527534378,0.23367082877093134,4.650049492628582,0.022260632574440747,0.5198635498247172,0.08542713567839195,0.8000000000149761,0.6030150753655961,0.12545470548181314
HAU/user8/5-1-3,15.599999999627475,0.3254210372332951,0.6304919544596745,0.6346152986624238,3.559224958554563,51.65689995822557,0.28996484474172984,0.5410509851033343,0.5359288721199189,0.3160122000652109,4.929790320899569,0.022946808841821622,0.5291418639588634,0.038461538461538464,0.19999999999522403,0.5769230769368537,0.12128566299624993
HAU/user8/6-1-1,27.199999999254942,0.39588559834838516,0.7035958244602366,0.9015282755198313,5.396154073470549,91.52437117596088,0.33073818820019435,0.7528827113754747,0.43929576647690366,0.3673654582199188,9.992340463308082,0.01136141065936195,0.4237510565083462,0.04779411764705882,0.4999999999863041,0.33088235295023993,0.1159118428526039
HAU/user8/6-1-2,20.399999998509884,0.5405791842521103,1.1356521770544619,1.1074766300263263,7.943091932634555,138.69199027364675,0.46143110880328625,0.899483919415425,0.5129953947260949,0.5445100460605876,11.108004938824603,0.0161398796777226,0.43443696751582345,0.08823529411764706,0.39999999997078206,0.24509803923358944,0.12788518611578104
HAU/user8/6-1-3,18.699999999254942,0.29141229923568557,0.5359246418910825,0.9815871463365456,3.6904449301392948,62.501553062363286,0.2406227884644187,0.5986954173955195,0.4019118588033937,0.26255910236317176,4.909855213995689,0.011973247155637447,0.38984438548680495,0.016042780748663103,0.09999999999601573,0.1604278074930229,0.07848061426686119
HAU/user8/6-2-1,43.5,0.18694146292734778,0.3895687875599016,0.8231334089092184,1.988440719115051,31.347755540943982,0.1594763782435341,0.306409479140321,0.5204681597008731,0.18003361902932105,7.831462427775466,0.028039197365936224,0.41915620759035216,0.07816091954022988,0.6,0.13793103448275862,0.0916159211870733
HAU/user8/6-2-2,25.0,0.30269282536693004,0.5746978721943098,0.7445097648590584,3.1977880343526035,49.35919913834505,0.26195194457785553,0.49515907797699443,0.5290258337160088,0.30084030996812056,7.521007749203014,0.04445147051234585,0.48359220110373907,0.036,0.4,0.16,0.20638863700771984
HAU/user8/6-2-3,35.70000000111759,0.21518348876437024,0.4343430965813055,0.7638923526877411,2.193617044448077,34.074023381727194,0.1819749511911236,0.36460725445891023,0.4990985463580042,0.20941903357679953,7.476259498925787,0.03377240494012583,0.4450583106581498,0.047619047619047616,0.3000000000093915,0.1120448179236633,0.13697711042402358
HAU/user8/7-1-1,38.09999999962747,0.7866930278573906,1.5252656512927951,1.3199971712597944,12.583610573107164,228.03595905936533,0.47220814503338737,1.106224899666964,0.426864505353915,0.6702651243979768,25.53710123931323,0.003804528613898469,0.9109239052400281,0.14435695538057744,0.9999999999902223,0.34120734908470096,0.05343729594658266
HAU/user8/7-1-2,37.60000000149013,0.8839881986662562,1.880351551496008,1.319160938387489,14.108938764854328,252.04841661709065,0.5526234586325692,1.3630214105901517,0.40544004219849933,0.713203014069224,26.816433330065585,0.0034287031060715335,0.9826540901418956,0.14627659574468085,0.6000000000237786,0.1063829787191882,0.08663899557538694
HAU/user8/7-1-3,21.899999998509884,0.8388992675788943,1.6176975084813197,0.9841146162937584,12.35170980068069,217.54579508693132,0.5343947499557543,1.1884011348295929,0.449675394817514,0.6503021282653527,14.2416166080422,0.0026641672451757415,0.8877096800738544,0.045662100456621,0.3999999999727833,0.13698630137918383,0.09401297986048941
HAU/user8/7-2-1,23.700000001117594,0.20794564059851803,0.4820559330636078,0.8550677658636996,2.247568867036173,37.20601484430449,0.13146915089052597,0.31758502896721486,0.4139652013953487,0.20295514805498596,4.810037009129987,0.06410593674253978,0.42445858526134067,0.16877637130801687,0.6000000000282933,0.1265822784750436,0.1583208463653585
HAU/user8/7-2-2,16.300000000745055,0.44870242777732583,0.8921277830048334,0.7184821002489138,5.681706137215211,97.27379788524486,0.2459132649924989,0.6266213719093775,0.39244314928284946,0.38520456346756116,6.2788343848082455,0.010726982297523353,0.5207782806502719,0.11042944785276074,1.000000000045709,0.1840490797461885,0.15073971490944452
HAU/user8/7-2-3,11.800000000745062,0.41870314082427346,0.8446677093552855,0.7321540062081657,5.4687784923572975,90.73414234888818,0.23891751356099192,0.5152038320879851,0.46373395968152714,0.400047392722878,4.720559234428016,0.00672117365654834,0.5025983022437968,0.17796610169491525,1.3000000000820826,0.16949152541302706,0.10490799364649817
HAU/user9/1-1-1,25.59999999962747,0.8985776529026794,2.0718063917312497,1.262617953872413,14.762273176409643,265.8838199158432,0.609673233623342,1.526188999765383,0.39947426781191003,0.7963509191292855,20.38658352941304,0.0029757543603620494,0.7846250806290984,0.12890625,1.3999999999796273,0.7421875000108002,0.04945812338709579
HAU/user9/1-1-2,14.900000000372529,0.9850029534062886,1.6852498991054474,1.3936303069330958,16.318892368775455,287.1747456779666,0.6385257203549087,1.5302205207900539,0.41727692921537907,0.8349653348037788,12.440983488887351,0.012531180198852502,0.8261443836108557,0.087248322147651,0.4000000000100008,0.2013422818741607,0.11998891051680631
HAU/user9/1-1-3,22.200000001117587,0.7911732529415458,1.5154324643657273,1.2804397995316688,12.471865027946015,215.2939190956917,0.48255870694134995,1.3105960869528852,0.36819788444134094,0.6860080650564463,15.229379045019781,0.013728362247162111,0.6889876933674484,0.09009009009009009,0.600000000030205,0.3153153152994418,0.05464769587182124
HAU/user9/1-2-1,11.900000000372534,0.16915889586245647,0.31623164501227763,1.4165258883819052,2.2117890106253686,37.26967428958061,0.1452959904880448,0.2713285094053851,0.5354984268736143,0.17675707654052752,2.103409210898124,0.2297995303734634,0.407106928667625,0.11764705882352941,0.3000000000093915,0.168067226885495,0.3659045378108835
HAU/user9/1-2-2,7.499999999999998,0.47628443191125824,0.8498037042923343,2.181552267498745,8.003034410440149,146.85974666779168,0.47258066172565283,0.6707637590360123,0.7045411363611546,0.4564383449382785,3.423287587037089,0.15443870666090934,0.4307808841636443,0.28,0.7,0.13333333333333333,0.4238168374561159
HAU/user9/1-2-3,9.599999999627473,0.40040297910801054,0.5922186067636015,2.033090242811157,6.255945772011054,108.97862932457708,0.40029849733096773,0.41373665598511433,0.9675200168337269,0.4874585515596794,4.6796020947913295,0.10532753208349532,0.42523876630769664,0.15625,0.4999999999805975,0.10416666667070887,0.40604431938517677
HAU/user9/2-1-1,15.399999998509886,0.3376553080479831,0.8386002181709119,0.9273478519062295,4.313893717705665,72.85656751781451,0.22992851244552054,0.49637532165133713,0.4632150349807507,0.2697766768361391,4.154560822874543,0.020740341705434286,0.7592820336866294,0.2077922077922078,0.6999999999322675,0.5194805195307849,0.12798219818996762
HAU/user9/2-1-2,14.29999999888241,0.32828146813990366,0.7377249751218443,0.7841210010585502,4.330295808826523,76.1948081105638,0.20086595124969336,0.4530959909937055,0.4433187554051103,0.28682054681101354,4.101533819076947,0.0592313716896744,0.7214130578065752,0.15384615384615385,0.3999999999687388,0.3496503496776759,0.2322341023097665
HAU/user9/2-1-3,8.699999999254938,0.38152152124006405,0.8355898513269573,0.7507524562158596,4.658547099313734,79.45966143367396,0.2544653980965247,0.6255166248816042,0.40680836858313835,0.3281719245032797,2.8550957429340267,0.04366952481565535,0.6736395775111234,0.06896551724137931,0.1999999999828722,0.11494252874547572,0.3319250920292985
HAU/user9/2-2-1,7.499999999999998,0.563949428946967,0.961864233922188,0.8598152758004045,7.071001365324091,113.99797659734448,0.6393248127471951,0.8474696598877458,0.7543925667822566,0.5755271331840052,4.3164534988800405,0.14137718249153666,0.6229922878802915,0.02666666666666667,0.1,0.9333333333333333,0.1285687541974563
HAU/user9/2-2-2,7.299999998882413,0.5291491758574388,0.8569933219666626,0.9513355181340116,6.4953915249049885,106.06582390925557,0.4844838873942994,0.8131080653450862,0.5958419396477646,0.5201252330227724,3.796914200484953,0.1655223585720757,0.6131215097964882,0.0273972602739726,0.0999999999846906,0.13698630139083479,0.20906153302572011
HAU/user9/2-2-3,5.499999999999997,0.6385327483908306,0.9755122331120842,0.8813836150974051,8.294397062141565,135.44121154386144,0.6040139584857168,1.0050374361909464,0.6009865266053374,0.6881188490515112,3.7846536697833133,0.17193404750196145,0.635208136394808,0.01818181818181818,0.1,1.0909090909090908,0.1425708310419267
HAU/user9/2-3-1,9.700000001117587,1.0031983144053003,3.819673285254193,1.460643694157135,16.504718682709292,297.49246925881505,0.740566985616361,0.994560605213235,0.744617252070793,1.0757345209210107,10.434624854136032,0.049080857798407464,0.9704688126998658,0.5360824742268041,4.300000000495424,0.10309278349327679,0.7696506966305389
HAU/user9/2-3-2,7.899999998509879,0.8726679490395784,2.527352604323603,1.3993005746249798,13.598769565966878,235.2513774088325,0.748842155843637,0.8784586353116114,0.8524501039545861,0.7124165635226604,5.628090850767433,0.08711968811978422,0.8695880995819981,0.569620253164557,2.0999999996038934,0.1265822785048889,0.6901115656246684
HAU/user9/2-3-3,7.09999999962747,0.9603321482025075,3.3773042258126114,1.40717029783637,15.559931399832768,278.7803475217034,0.914112502671654,0.8600300826281351,1.0628843340169754,0.8589537792262639,6.098571832186489,0.08568931902784412,0.8076496071656065,0.5211267605633803,1.099999999942284,0.14084507042992522,0.5620870699759613
HAU/user9/3-1-1,15.199999999254945,0.1563678660670496,0.32449786416213994,1.2706107928009742,2.4207300394484976,42.34978526805791,0.1432616294438575,0.26742195530488216,0.5357137888877304,0.11846043329552447,1.8005985860037121,0.022675899582222665,0.1437263211965655,0.1513157894736842,0.3999999999803932,0.26315789474974133,0.1030329672956009
HAU/user9/3-1-2,10.70000000111759,0.2742795652250772,0.549672039910787,2.313812275089595,4.660836484725837,86.10948191097623,0.23147077192741503,0.408329717799187,0.5668722144646305,0.2624016585628582,2.807697746915841,0.009086085244287848,0.16976167242813317,0.37383177570093457,3.0000000003133422,0.8411214952392496,0.06647071673338928
HAU/user9/3-1-3,8.099999999627473,0.23693408695690843,0.5041123131728219,1.129499990774312,3.8167307932850845,66.54915409170393,0.19905109261437604,0.39932933675966675,0.4984634831267353,0.17265273072905718,1.3984871188410455,0.006945434415737362,0.1846456731676993,0.16049382716049382,0.5999999999724054,0.1234567901291347,0.41528611017295614
HAU/user9/3-2-1,17.499999999999996,0.6573211358654016,1.2746218968809178,1.9452293619301493,10.546351428702474,186.53266023277084,0.520165639968084,0.6433078529799238,0.8085796508623339,0.526646789225336,9.21631881144338,0.052593380427374915,0.7932440744280909,0.38285714285714284,1.9000000000000006,0.11428571428571428,0.17757421500007076
HAU/user9/3-2-2,12.999999999999998,0.6487809683878909,1.44356328092536,1.582520956435457,10.283364681070442,186.13672435828187,0.4986535701213354,0.6114000553929123,0.8155929410004484,0.6321835620473778,8.218386306615912,0.05258712693614917,1.0201968023668888,0.33076923076923076,0.8999999999999999,0.15384615384615385,0.23131653645606148
HAU/user9/3-2-3,8.900000000372529,0.9695967705908426,2.8506095329248895,1.3779856008388092,14.713181664184368,250.2375469809891,0.8225129675033658,1.0084286823238113,0.8156382113134051,0.9014855637074836,8.023221517332432,0.06491338446400027,0.8790265387201929,0.4157303370786517,1.9000000000795279,0.11235955055709469,0.4968004911984021
HAU/user9/3-3-1,35.29999999888242,0.24582461966765315,0.4825835243108665,1.2920041081174938,2.957491692865119,49.810667373088755,0.2193444669846342,0.3872341124133983,0.5664389044941124,0.2468195861448369,8.7127313906369,0.058989436039231666,0.5863040189549044,0.06515580736543909,0.4999999999841702,0.19830028329239713,0.1235381192152802
HAU/user9/3-3-2,31.900000000372533,0.24146510446864525,0.44158722387763233,1.6906769616113828,2.913575824261881,49.50311990621605,0.2147027518274103,0.3735878074771534,0.574704920651982,0.24131355342466485,7.697902354336703,0.06922452399744505,0.5666015423286538,0.06269592476489028,0.500000000005839,0.12539184952831625,0.11387864667370119
HAU/user9/3-3-3,26.09999999962747,0.43886274854232865,0.6653115160732161,1.5691703639271757,5.74976190695265,97.18632346910738,0.3896976748949886,0.6500231024880113,0.5995135754465933,0.48112966620466424,12.5574842877625,0.042678901535859445,0.6083773695222161,0.04597701149425287,0.299999999995718,0.2298850574745456,0.07899101755149535
HAU/user9/4-1-1,13.499999999999996,0.1363277204595226,0.3423487258594482,1.380619875954822,2.168630253433413,39.492194044699026,0.09063850399787543,0.19041205354041704,0.47601242587630616,0.09336953913278934,1.2604887782926562,0.015759464997968455,0.1370965993336202,0.11851851851851852,0.5,0.6666666666666666,0.0580392302846659
HAU/user9/4-1-2,12.399999998509884,0.1294245365323873,0.2731510684758295,1.0786787958000388,2.0392159104048493,36.47025616384467,0.0859469686678478,0.16504150171550802,0.5207597316657966,0.07494511027942628,0.929319367353209,0.02435713999741251,0.16528431052051265,0.11290322580645161,0.29999999996394877,0.24193548390004133,0.0885480474854479
HAU/user9/4-1-3,12.000000000000002,0.5389780234964493,1.7502711415150063,1.1186510680232364,9.413277054671482,168.68623863902332,0.34488360186338896,0.6633785348514064,0.5198896003180924,0.6801941092656426,8.162329311187714,0.006110207563440415,0.3555581828132398,0.36666666666666664,0.6,0.5,0.09469686590124936
HAU/user9/4-2-1,7.999999999999999,5.815342485893316,30.776477926415804,1.8822268470791992,103.20072447523829,1972.1659312528272,4.200197512120329,7.463341964007062,0.5627770416809991,7.957664541776279,63.66131633421024,0.07348972295931971,3.252948602741167,0.7125,1.9000000000000006,0.375,0.1766457509383275
HAU/user9/4-2-2,11.200000001117584,0.3395880031983053,0.5899341779640429,1.4932732758498861,4.5540425776927815,75.34378023221821,0.27713917107539204,0.5630115610634341,0.4922441913265131,0.3239804995739258,3.6285815955900453,0.15454778282364773,0.422624301025312,0.1875,1.3000000001297196,0.9821428570448547,0.09457149789846685
HAU/user9/4-2-3,5.80000000074506,0.406449418490084,0.7872881350665252,0.9979568396980635,5.3890430409172545,86.81567749171005,0.32769936240446307,0.6501859180826828,0.5040087039516312,0.46894422559747395,2.7198765088147407,0.24296101836518622,0.45991932272822117,0.27586206896551724,0.7000000000899209,0.8620689654065012,0.16029726455727636
HAU/user9/4-3-1,8.999999999999998,0.2802862158684084,0.6237453846204252,1.4863678302559933,4.241015543210856,66.72771542765372,0.30375997159285295,0.3695410253428954,0.8219925527592042,0.24687241183197695,2.2218517064877927,0.29535364261032493,0.4848195164781816,0.35555555555555557,0.8999999999999999,0.1111111111111111,0.4521191706582531
HAU/user9/4-3-2,7.499999999999998,0.3892115681894632,0.6954181977848781,1.2843258295197248,6.274654881489727,107.81858356648513,0.38745136636601274,0.49785341042025766,0.7782438715458551,0.291183270136947,2.183874526027103,0.30927621945777045,0.5027594328009362,0.26666666666666666,0.30000000000000004,0.13333333333333333,0.12796586357245204
HAU/user9/4-3-3,5.200000001117584,0.44106087307243247,1.4576851448425723,1.237287568202309,6.864449417922743,119.34322362779375,0.4423752006162935,0.5936689612781598,0.7451546715845007,0.3847346039412377,2.0006199409244103,0.3423584494414452,0.5163231747036934,0.38461538461538464,0.9000000001934282,0.19230769226636146,0.4541104754720944
HAU/user9/5-1-1,9.099999999627473,0.07437575218813806,0.18444357714135665,1.9551821455043592,1.0456107164690438,18.494936472287776,0.07037738283766186,0.1001610031658088,0.7026425446090531,0.08015498641190388,0.7294103763184654,0.09278642528821454,0.17797140347166474,0.08791208791208792,0.29999999998771887,0.10989010989460848,0.2242402401281162
HAU/user9/5-1-2,8.800000000745058,0.07001127268715292,0.1994262013424036,1.0156950531356708,0.9477441536374512,16.000048810865387,0.053970825457421115,0.13087806235304364,0.41237487837694226,0.0682858991158448,0.6009159122703113,0.13299862869712728,0.14522814500835846,0.045454545454545456,0.10000000000846657,0.11363636362674254,0.36239029314394317
HAU/user9/5-1-3,5.599999999627472,0.10962325370308597,0.23490581280505957,1.9760988736524794,1.5156591693069783,25.13257776232245,0.11761424526732364,0.14598088365137762,0.8056825080091999,0.11640023482883945,0.6518413149981386,0.06693444913514823,0.14745630673986485,0.14285714285714285,0.3999999999733908,0.17857142858330768,0.32163740016674003
HAU/user9/5-2-1,12.09999999962747,0.3319500680285342,0.69691357552634,0.8794120217286925,4.3376868874562,73.4117843325637,0.21174856636716252,0.48026122448498326,0.4409028985284664,0.24187606593946723,2.9267003977774473,0.03133680835072593,0.4835302898723054,0.17355371900826447,0.2999999999907637,0.16528925620343599,0.3255464446674664
HAU/user9/5-2-2,9.699999999254942,0.3989327739312305,0.8645417224581601,0.8418998133172525,5.534458347347329,95.14562781032404,0.2143604698282661,0.615685199807503,0.3481657014771855,0.30288130752595793,2.9379486827761276,0.04158343103019021,0.5101528866781218,0.21649484536082475,0.699999999946233,0.1030927835130732,0.26444028474445663
HAU/user9/5-2-3,5.999999999999998,0.5790416809658306,1.2055806640373143,0.6815414633352579,8.350391257663865,139.52897081896083,0.36134759446213793,0.7374222727965634,0.4900144832915975,0.42131680022971413,2.5279008013782844,0.07944567329527544,0.5687478966759305,0.05,0.1,0.16666666666666666,0.3258790384215475
HAU/user9/5-3-1,14.20000000111759,0.2673418442439633,0.5633224489152635,1.3850867694028222,3.486742879875396,57.63158876624894,0.250905323493173,0.41970649720618025,0.5978113862080736,0.2649526894562484,3.762328190574834,0.1486829461017576,0.4385008583358599,0.2746478873239437,2.100000000165276,0.2816901408229005,0.2136234099176773
HAU/user9/5-3-2,15.599999999627475,0.29336336544748426,0.5352731166552438,1.5060424051060712,3.791314095475508,64.12295454519457,0.24398334263763294,0.483252493616238,0.5048775647426006,0.2998534829329569,4.677714333642425,0.12923185843557425,0.5143319307763691,0.23076923076923078,1.1999999999713442,0.25641025641637943,0.17803624974681684
HAU/user9/5-3-3,13.699999999254935,0.2679031195709431,0.4513712286036458,1.5558727942386965,3.581960134329146,61.91350558810623,0.21557684234997865,0.44583443055730565,0.4835356515578347,0.2913438135353843,3.991410245217695,0.13575766745396262,0.49967107131547966,0.10218978102189781,0.39999999997824637,0.2919708029355866,0.13407607886462586
HAU/user9/6-1-1,15.499999999999998,0.07863225856149242,0.16982860059699045,0.8161122635483606,0.9666251722802994,16.307188636344595,0.06021380092079849,0.11713167495230228,0.5140693192618402,0.06730594135121738,1.0432420909438695,0.08022972539609713,0.15420696220510574,0.01935483870967742,0.2,0.3870967741935484,0.1661501838098276
HAU/user9/6-1-2,9.29999999888241,0.12429459632859807,0.22140353615935768,0.7138564870962413,1.732374644944434,29.845325484323276,0.08996414527361905,0.24747969764182814,0.36352131414149713,0.09180272367903913,0.8537653301124664,0.1083982608148419,0.15961635809632,0.0,0.0,0.2150537634667034,0.15557507036810023
HAU/user9/6-1-3,10.099999999627475,0.21165129215693762,0.584120916112749,1.6406036225127665,3.502871514235523,63.94965503291898,0.1541770106916745,0.306823501255455,0.5024941360695044,0.20439725086628302,2.064412233673315,0.051067612512885746,0.24316416081504483,0.297029702970297,0.7999999999704929,0.49504950496875444,0.12443966382250604
HAU/user9/6-2-1,20.100000001490116,0.21863258329010596,0.459443522504817,0.8125166324062313,2.4221773490492597,41.035115331891994,0.20067056655356158,0.2768143457069574,0.7249283461669581,0.2340792070327197,4.704992061706472,0.01938271446663847,0.5001209196689009,0.06965174129353234,0.4000000000296541,0.3980099502192497,0.1142632786926395
HAU/user9/6-2-2,10.999999999999998,0.37660660171965976,0.7501925482978886,0.6602845513985106,3.870950357246665,62.93940575416983,0.3377078362662583,0.48235814332491006,0.7001184498271532,0.41384577021348906,4.552303472348378,0.05700152176878188,0.54843025325975,0.09090909090909091,0.7,1.0909090909090908,0.1698788138499377
HAU/user9/6-2-3,16.40000000037253,0.2540354578527364,0.5136822014453891,0.7583127646682382,2.398186692350734,38.27892143613845,0.23534364939058658,0.33257672114042286,0.7076371667744628,0.2843553104562679,4.663427091588725,0.015626078986807967,0.5844321690019361,0.042682926829268296,0.3000000000068146,0.4268292682829874,0.12473264937435358
HAU/user9/7-1-1,18.5,0.2247945546515507,0.4819976190083034,0.8326999036832818,2.6812896929378933,44.44401025142189,0.16645567075725964,0.3592210197339728,0.46337953836095575,0.18580920614768723,3.437470313732214,0.009151704364543534,0.3143129500307136,0.05945945945945946,0.30000000000000004,0.2702702702702703,0.16178294214858052
HAU/user9/7-1-2,10.599999999627471,0.3346171859538106,0.6248734312506838,0.6805828903477288,4.098213653037564,66.23943165858921,0.25067795660071035,0.6073145619122431,0.412764606530493,0.26061337120132927,2.762501734637004,0.01586118037074687,0.318204556974266,0.018867924528301886,0.19999999999297113,0.3773584905792997,0.2051423445698369
HAU/user9/7-1-3,12.599999999627467,0.26030903549133655,0.47919188384389566,0.7480957509375893,3.126325689913598,52.32312032726447,0.19476130870067762,0.426477488664888,0.4566742991610522,0.2359036749183502,2.972386303883331,0.02579816768422963,0.36526240352655526,0.05555555555555555,0.3999999999881736,0.7142857143068329,0.12028580292601829
HAU/user9/7-2-1,34.99999999999999,0.37183057408555004,0.8002636677464344,0.8609231744598539,4.618601426307508,77.61494269586488,0.2895088954546492,0.5147161408259624,0.5624632140496169,0.2999268699941614,10.497440449795647,0.04598848079708187,0.7551041840264333,0.12571428571428572,0.9999999999999999,0.42857142857142855,0.06091140331453245
HAU/user9/7-2-2,19.800000000745065,0.6798690421044147,1.1802254510716892,1.320909665993263,9.681984936235803,167.98208336560398,0.5521867854695851,0.9419690004545423,0.5862048375444684,0.5528085491017737,10.945609272626994,0.02948731729805445,0.7809034857978915,0.04040404040404041,0.20000000000752585,0.3535353535220503,0.09056000341984252
HAU/user9/7-2-3,28.19999999925495,0.5475214438123105,0.9780306965602396,1.7553788289952088,8.00571747336299,142.13559430548386,0.45966648286172,0.6790061969400539,0.676969494912183,0.4616420430964805,13.018305614976803,0.034961816898934246,0.7129643826622709,0.18085106382978725,1.3999999999630115,0.3900709219961215,0.06778473239215688
HAU/user16/1-1-1,16.800000000745065,0.1481058540540048,0.30712526101580856,1.4997819563767705,1.9312047477925682,32.185939770190245,0.12776358060407417,0.3268877740071251,0.39084845128053297,0.14456012149666914,2.4286100412517473,0.18846759203040359,0.3671592472303516,0.09523809523809523,0.5000000000221745,0.11904761904233942,0.12180205095414935
HAU/user16/1-1-2,17.199999999254942,0.16382178795032795,0.3284714562247357,1.385059577492647,2.115581102708463,34.7169596237412,0.14502436488798107,0.3464997876875855,0.41854099085393476,0.15881885286275702,2.731684269121092,0.15904057215658868,0.4067188386602247,0.11046511627906977,0.29999999998700483,0.11627906977247876,0.3490531734038904
HAU/user16/1-1-3,6.799999997019768,0.25789896741509666,0.4419223445407958,1.0106969218808692,3.3945805256113637,56.74801903955316,0.23818484268212156,0.40979165123504047,0.581234003628527,0.243267986070351,1.6542223045533913,0.26602592760809757,0.37456523935432434,0.04411764705882353,0.09999999995617304,0.14705882359386319,0.3125330226690916
HAU/user16/1-2-1,18.699999999254942,0.06815273611784087,0.17478787959502357,0.9509376544323916,0.5952807037502247,9.568531038788082,0.051443597638099546,0.11846899656413526,0.43423679355647166,0.06818108916524963,1.2749863673393693,0.06117195806102788,0.24286004594539232,0.026737967914438502,0.09999999999601573,0.42780748664806106,0.19410359047417403
HAU/user16/1-2-2,23.699999999254942,0.06469233739620224,0.14258280376362903,1.0845222930636376,0.621971796839991,10.152568782745492,0.05325159905830972,0.12216546284625276,0.4358973263125144,0.06479812829545237,1.5357156405539425,0.0619120698612891,0.2823021066498931,0.004219409282700422,0.0999999999968563,0.12658227848499204,0.22159270083395335
HAU/user16/1-2-3,13.499999999999996,0.10567474605600477,0.19440165863921116,1.236341874447602,1.0770741042301182,16.88125704032353,0.08041958783455463,0.18821789365375996,0.4272685547912015,0.1100717869155235,1.4859691233595673,0.08554059078668814,0.3350971941667495,0.037037037037037035,0.2,0.2962962962962963,0.2535632677714022
HAU/user16/2-1-1,17.199999999254942,0.11615019185261356,0.24515917959015532,0.79927700890033,1.0879277088030548,18.05635983859083,0.08745214531621999,0.2996872017382474,0.2918114104211596,0.10100853842623271,1.7373468608559455,0.10432809818391711,0.3929558069199782,0.06976744186046512,0.4999999999783414,0.23255813954495752,0.181002732599586
HAU/user16/2-1-2,12.19999999925494,0.1332178870369067,0.2959404381482236,1.0179072524406054,1.129182921743208,17.04205610946942,0.11314904403266107,0.28918864800224076,0.39126378031450443,0.12168421889928707,1.4845474704806403,0.12095242863928798,0.3676296596741372,0.06557377049180328,0.39999999997557184,0.16393442623951973,0.1535953141698599
HAU/user16/2-1-3,9.199999999254942,0.1760058284624486,0.3665371689495291,1.0735378103843745,1.7579583697017118,27.024763708660394,0.13569804843166228,0.4048562967271069,0.335175836941357,0.15136477537975887,1.3925559333810063,0.07009934511028906,0.3810399430881212,0.06521739130434782,0.19999999998380308,0.10869565218271571,0.18920570685737437
HAU/user16/2-2-1,9.499999999999996,0.16141378319308328,0.2671567795336211,1.6069400778964327,1.907389448538789,30.658569529665034,0.1457161075246172,0.2751862657352351,0.5295180942471049,0.1455781493992439,1.3829924192928171,0.18911155981779057,0.2132065936926409,0.06315789473684211,0.4,0.21052631578947367,0.31799513795937706
HAU/user16/2-2-2,8.700000002980229,0.1445004201713293,0.3406696908054104,0.9866877585086528,1.3645267762754159,20.131553284558578,0.13206073167674792,0.21446792884566834,0.6157598097383564,0.1391201831463852,1.210345593788162,0.14074920118062684,0.2648130008437329,0.022988505747126436,0.20000000006851112,0.22988505739251594,0.2176519976439743
HAU/user16/2-2-3,4.999999999999999,0.237203187714713,0.6480831221068856,0.9922285814639707,2.6889958746492444,41.71950683882154,0.17894856181044402,0.2943781272834168,0.6078867436719304,0.23414272749546206,1.1707136374773106,0.10294385616412309,0.30289479253783186,0.14,0.1,0.2,0.29598794086841446
HAU/user16/2-3-1,12.000000000000002,0.4017793955044201,1.1036642508045316,1.981062228947039,6.2091054281049,110.13740353129508,0.3926694302205488,0.46893404333341615,0.8373660112025422,0.32492087190398017,3.899050462847763,0.12298707842787229,0.5515686365686585,0.5083333333333333,4.699999999999999,0.25,0.1539296768750342
HAU/user16/2-3-2,8.799999997019768,0.6346482357724037,2.2218165412634225,1.5751995625446384,10.111228163149509,179.86552820814157,1.08758670271621,0.6876156604645162,1.5816782014531443,0.4967524184474916,4.371421280857487,0.11256364357058878,0.5456774741707616,0.5454545454545454,3.6999999987469487,0.11363636367484804,0.35191483509195487
HAU/user16/2-3-3,7.799999997019768,0.48519105697848064,1.1323469209784127,1.6915423347585856,7.50655143756401,132.87987636956362,0.7539955339515098,0.5729706850995612,1.3159408539453503,0.36059888500620063,2.812671301973696,0.1792615601806198,0.5368567517289462,0.44871794871794873,2.0999999991976304,0.12820512825411295,0.3060954711432988
HAU/user16/3-1-1,29.099999997764826,0.09236468845444654,0.15139762132059587,0.6539255292092293,0.8364568139850316,13.107070187233328,0.08205170496643946,0.160520172417353,0.5111613276986983,0.09346382501002419,2.7197973075827964,0.013365843098464471,0.21206227088850885,0.0,0.0,0.10309278351307319,0.1364443171294579
HAU/user16/3-1-2,32.10000000149012,0.09811132660931468,0.18490343903411827,0.6571193816977798,0.8799996235974163,13.550591899972828,0.08673347120191775,0.19821385836592684,0.43757521032773616,0.09761314096714416,3.1333818251907823,0.04442661438627733,0.293095305243085,0.0,0.0,0.9345794392089523,0.073679590223939
HAU/user16/3-1-3,16.499999999999996,0.23160062255541983,0.4400301619403017,0.5389618655228843,2.4417440977313887,36.106384911146584,0.19792387100677658,0.4999196386567312,0.39591137316125563,0.21804974687455525,3.5978208234301627,0.027878583352298553,0.290802789516646,0.0,0.0,0.12121212121212122,0.20843675204437911
HAU/user16/3-2-1,14.599999997764826,0.08080544633080322,0.16350873524558818,0.7326447886152978,0.7314777011829883,11.795507595615687,0.06301213299088199,0.1532041143374768,0.41129530268869974,0.07781932726471019,1.1361621778908293,0.10722195808430332,0.19462426589169582,0.0136986301369863,0.0999999999846906,0.20547945208625218,0.34244585699625224
HAU/user16/3-2-2,11.800000000745062,0.13387059386818181,0.2783605009810547,0.7897929804896239,1.0735271079955861,15.337471551810813,0.10626205409092758,0.23174407762418311,0.45853190606544736,0.13241350086109296,1.562479310259552,0.15855072201691534,0.2778398769621141,0.05084745762711865,0.20000000001262808,0.2542372881195406,0.2711611953684028
HAU/user16/3-2-3,9.100000001490114,0.1682928338094937,0.3440275521982521,0.7154506470277716,1.4878745225090941,22.42027063888977,0.1303973670227341,0.2995037524746465,0.4353780729288004,0.17497683394007907,1.5922891891154551,0.03503863509442796,0.26072261184427203,0.03296703296703297,0.20000000003274981,0.32967032961634646,0.15706259352916568
HAU/user16/3-3-1,10.5,0.285696460852628,0.3688389174116215,2.505827077218656,4.05729928747968,73.5739984303191,0.24114116450555034,0.39082606170201856,0.6170037966209178,0.32988459302277723,3.463788226739162,0.1502028975365285,0.44756312147158794,0.009523809523809525,0.1,0.38095238095238093,0.16301071134575007
HAU/user16/3-3-2,7.899999998509879,0.3030544230330404,0.4466477022829694,2.241027438296526,4.297481848875743,77.52421100754711,0.29686084764959386,0.4495339188885909,0.6603747448538825,0.3257360083379329,2.5733144653842857,0.22435655137099367,0.4636510719833595,0.012658227848101266,0.09999999998113776,0.1265822785048889,0.17822591991246522
HAU/user16/3-3-3,6.599999997764825,0.4189306644158828,0.9685364255165902,1.270854417910471,6.222325318669748,107.28954693497928,0.3006320258466354,0.5733690797289612,0.5243254928647747,0.44308119465748913,2.924335883749064,0.21596863818655043,0.530035862169955,0.07575757575757576,0.09999999996613372,0.6060606062658562,0.17866054669522308
HAU/user16/4-1-1,48.19999999925494,0.15343741796943808,0.314111549033374,0.8022867459026816,2.033993849769962,34.393017753009005,0.10934946300635998,0.19028939478705836,0.5746482222725985,0.14971281814927828,7.216157834683669,0.0027522631189039796,0.3036755199389845,0.06846473029045644,0.4999999999922711,0.29045643153975953,0.05312463408304098
HAU/user16/4-1-2,35.09999999776481,0.12540830460085156,0.24520797442587158,0.7242291726974222,1.613726015099898,26.41856445180596,0.08408957410686754,0.15957416870357163,0.5269623164142049,0.12173463465340423,4.272885676062389,0.010032411147692655,0.2536165076153418,0.037037037037037035,0.19999999998726392,0.19943019944289922,0.08882913284405859
HAU/user16/4-1-3,33.60000000149013,0.18909920947854048,0.3893617645298,0.7990447925153331,2.6035095697200474,43.42661710221234,0.1373076466038846,0.2350827763232674,0.5840821185087067,0.17446672032679802,5.86208180324039,0.005979227136060427,0.3123827619610648,0.10714285714285714,1.200000000053219,0.23809523808467883,0.10584109084173142
HAU/user16/5-1-1,15.199999999254945,0.17499580092328504,0.3137466801498861,1.1717802126638104,2.0878018443374136,35.58639575072238,0.17819691212141542,0.2794432120188686,0.6376855969995705,0.14990572207904293,2.278566975489764,0.042723610818424684,0.31517659016400196,0.03289473684210526,0.0999999999950983,0.197368421062306,0.15277941146174173
HAU/user16/5-1-2,13.700000002980236,0.1488465635797937,0.31578080849751244,0.7453576465543195,1.4897152006183576,22.21803227581472,0.15721184965179322,0.2543391058030454,0.6181190601315376,0.14956746236086715,2.049074234789626,0.087244571550689,0.27318749789369673,0.014598540145985401,0.10000000002175352,0.14598540142809704,0.45496059972961156
HAU/user16/5-1-3,12.5,0.22008971048824563,0.36337551968268017,0.7327319562123067,2.5380789483366897,39.20487777611829,0.21785941437602857,0.3600232693373177,0.6051259246990031,0.24339640206582688,3.0424550258228362,0.06809268887912133,0.29511925368269515,0.032,0.30000000000000004,0.16,0.25144244636584623
HAU/user16/5-2-1,12.999999999999998,0.4906834809276097,1.577584633349486,1.6119325360621855,8.140886241559615,144.53193529628743,0.561129787522716,0.6943323229574137,0.8081573738703436,0.4607861837167808,5.990220388318152,0.0802209222211247,0.5529810118692527,0.5692307692307692,7.099999999999991,0.15384615384615385,0.20048992198211696
HAU/user16/5-2-2,11.5,0.5178089226720664,1.9754535090683578,1.5625261743882817,8.49462216562335,150.3386188415321,0.6493195795388718,0.7148817085604802,0.9082895405704016,0.44499712521380985,5.117466939958814,0.09505552827012138,0.62787128531881,0.5739130434782609,6.299999999999994,0.17391304347826086,0.2280885859712174
HAU/user16/5-2-3,7.299999997019766,0.9648424216687982,3.220177307682255,1.4102841877304972,16.228127884570828,298.3940210378642,1.0080613326841035,1.5398432343322501,0.6546519214123737,0.9160525632717367,6.687183709153629,0.07505099739893292,0.7062464213557529,0.5616438356164384,3.999999998366998,0.1369863014257878,0.4430750200789563
HAU/user16/5-3-1,62.0,0.25754929274151583,0.4713122031064777,1.5443099078898501,3.721155763001357,63.339921885249794,0.21030088326411625,0.285624391155587,0.7362847468207823,0.2372090330181733,14.706960047126742,0.033398933883626095,0.654713578912494,0.06451612903225806,0.4,0.1774193548387097,0.027299068101890627
HAU/user16/5-3-2,38.79999999701977,0.18904170928019093,0.3351099790346527,2.1930941069903036,2.255949197058973,37.45230662923099,0.1546993673735369,0.3086528852424562,0.5012082318647616,0.18330070998520837,7.112067546879808,0.03583139519441126,0.7864677888159316,0.06443298969072164,0.299999999976957,0.1030927835130732,0.09386024340337173
HAU/user16/5-3-3,25.39999999850989,0.3448707518014501,0.581614663133041,1.461311514010809,4.516823012323026,74.58278281576231,0.3115882027444602,0.44841921779453253,0.6948591623304868,0.3250972035922695,8.257468970759215,0.06178255899539916,0.639092601462495,0.11811023622047244,1.399999999917868,0.472440944909606,0.10108327899109519
HAU/user16/6-1-1,31.999999999999996,0.2766230815760956,0.5064034516362061,1.8741453001767274,3.414113300192364,58.43965752771124,0.2521830373415538,0.38314768472403354,0.6581875520532087,0.2499907396798977,7.9997036697567285,0.004918300102633541,0.5972050318006286,0.0375,0.2,0.1875,0.02304269203211499
HAU/user16/6-1-2,14.699999999254942,0.45774881937677764,0.7539541554939329,0.5185889483027564,5.067792793350518,79.03222932122993,0.3925663267073805,0.7362549867650031,0.5331934360119803,0.447770797969942,6.5822307298245315,0.0027846154024510064,0.4981609183529978,0.05442176870748299,0.699999999964521,1.0204081633170248,0.0849933223586787
HAU/user16/6-1-3,17.999999999999996,0.3205636981184077,0.6105770048205018,0.6743571154449359,3.5083075523900393,55.11351823949526,0.2767605616321892,0.493673757605661,0.5606142858674027,0.29783577967092445,5.36104403407664,0.011235743260657237,0.49503569296195477,0.06666666666666667,0.8999999999999999,0.1111111111111111,0.1290300951828253
HAU/user16/6-2-1,40.5,0.10932577586917008,0.22128081858630935,0.7107593545172819,0.9383799312931375,13.973439482030143,0.09088242153253714,0.23853484329323696,0.3810027075994527,0.10029984718059605,4.062143810814139,0.024684779396273355,0.2741164817282537,0.03209876543209877,0.6,0.12345679012345678,0.1466358880121216
HAU/user16/6-2-2,30.100000001490116,0.1671293811815306,0.33626978201705304,0.644341141537266,1.3997866958558878,19.842605921007085,0.12751754734498622,0.3705778980855112,0.3441045665693123,0.1561664569560962,4.700610354611202,0.021923596056434114,0.3361838984124318,0.04318936877076412,0.40000000001980224,0.19933554816288926,0.09179187081674915
HAU/user16/6-2-3,42.0,0.11374265266014182,0.21200611520577653,0.6503202551812709,1.0265468449126727,14.873458168542077,0.0959210524668398,0.272231953546057,0.3523504528584339,0.1006085749438026,4.225560147639708,0.03097599145608581,0.2812909718445152,0.02619047619047619,0.2,0.16666666666666666,0.11789120946670088
HAU/user16/7-1-1,14.900000002235174,0.3014998801510877,0.6924334686223488,0.948465494503789,4.513572770835117,77.54258206307188,0.23597614246559234,0.3327229461963779,0.7092271346295685,0.43678505698268727,6.50809735001833,0.03497112493413888,0.3738477118145157,0.06711409395973154,0.10000000001500116,0.8053691273959638,0.08592963706101846
HAU/user16/7-1-2,8.699999999254938,0.18433455114541372,0.3067241896798853,0.5665532354751635,2.2274283810290756,36.569349084864996,0.11462567556084488,0.33311629887779554,0.3441010710160252,0.259598186856117,2.2585042254548022,0.029955917675984923,0.3225787110433714,0.0,0.0,0.3448275862364272,0.15537360233768677
HAU/user16/7-1-3,4.899999998509884,0.26705881724083963,0.5120633048546319,0.6182818202218509,3.565934153366926,59.449967149660814,0.1962021745268796,0.3598257156986288,0.5452700166264333,0.3587407494726385,1.757829671881363,0.13629356937236844,0.2973811549088743,0.0,0.0,0.6122448981453705,0.1510451500516246
HAU/user16/7-2-1,19.699999999254942,0.07394476207289619,0.13924791175830606,0.8056524150786603,0.6503139850633657,10.355312610943654,0.057762085660256535,0.15336143229227822,0.376640230990622,0.07186856856839823,1.4158108007438988,0.1444003216521343,0.240383613098641,0.0,0.0,0.10152284264343352,0.25271786687415704
HAU/user16/7-2-2,16.699999999254942,0.1022008293900115,0.2237009850956267,0.8641519223545827,0.8603603865279252,12.210149197090812,0.08512988908696856,0.21495247280114546,0.396040518080862,0.09301205367832978,1.5533012963588073,0.14179147191708374,0.28377892354638795,0.017964071856287425,0.09999999999553856,0.11976047904725921,0.1892591132679062
HAU/user16/7-2-3,12.999999999999998,0.1147117385614202,0.239438227585178,0.8386244907290663,1.0396208842718608,16.14603128421175,0.08910050729991174,0.2603183225038663,0.34227520406794726,0.10581654958354611,1.3756151445860993,0.08666236218359842,0.23088359728112054,0.015384615384615385,0.1,0.23076923076923078,0.2660235221997995
HAU/user16/7-3-1,17.399999998509877,0.16777193954120406,0.3373836913051984,1.3718098188416907,2.065981116554567,33.361996447815855,0.13443805564617914,0.2174572063132197,0.6182276380131106,0.19233959707672862,3.34670898884847,0.10723549447622606,0.4004480073869189,0.13793103448275862,1.3999999998801052,0.1724137931182136,0.25574818317268305
HAU/user16/7-3-2,18.60000000149011,0.25649073254654714,0.3824267943020584,2.2476780749274563,3.673893360148511,61.13393946707586,0.21491438629625687,0.30799315942553646,0.6977894768809866,0.2832396745830893,5.268257947667521,0.07755484418888252,0.37238347747269007,0.1774193548387097,0.7000000000560794,0.16129032256772363,0.2224458561992586
HAU/user16/7-3-3,11.799999997019768,0.4308237436748695,0.6731204249942636,1.7784142309529576,6.640837353824921,115.99231084565903,0.33660098770829255,0.44949741092325507,0.7488385445159406,0.4824923882750002,5.693410180207062,0.06336373074628616,0.4785796431954518,0.0423728813559322,0.19999999994948758,0.25423728819980396,0.15887780522269074
HAU/user17/1-1-1,31.099999997764826,0.3325164307259907,0.7186774537715859,1.1426076810196741,4.294289634893504,71.08978677928759,0.2485227223245655,0.6294704620641496,0.39481236516611334,0.29601416221894616,9.206040444347583,0.010141293680770123,0.40709275745869056,0.1639871382636656,1.5999999998850074,0.19292604502994282,0.11770314617777326
HAU/user17/1-1-2,18.800000000745065,0.39774537978403574,0.912216977833672,1.0482942518603537,5.035455950785878,80.92057664332758,0.3089482787490153,0.7630523912406483,0.4048847522013672,0.34626340181306753,6.509751954343655,0.023624641979789387,0.427356145657851,0.2074468085106383,1.1000000000435943,0.31914893615756457,0.07735201322608481
HAU/user17/1-1-3,17.600000001490116,0.3267309443146331,0.6930568924560223,1.1183468437618205,4.0702520326436735,64.69385691003632,0.2560772152635742,0.5210699167991887,0.4914450182523527,0.2730613368764404,4.805879529432244,0.01908903193995529,0.3764665886365514,0.1590909090909091,1.0000000000846656,0.28409090906685636,0.1539876128406911
HAU/user17/1-2-1,37.69999999925493,0.338200871068006,0.6147401732237874,1.6734970492917953,4.78160585464443,81.78347208523748,0.33446434098144173,0.5035795255253349,0.664173826305496,0.29269771797535127,11.034703967452664,0.055357669890078016,0.9610832947446335,0.1220159151193634,1.0999999999782606,0.1326259946975813,0.09496075906361469
HAU/user17/1-2-2,17.999999999999996,0.4813948808303468,0.9371600390914415,1.3179220858727168,6.506756550653903,107.79107344997203,0.5290092796772037,0.571653693894427,0.9254016625833252,0.44633819383696266,8.034087489065328,0.07496321670577243,0.9442885109541995,0.14444444444444443,1.2,0.2222222222222222,0.15286981271071962
HAU/user17/1-2-3,22.299999997019764,0.3373493171869887,0.5790404971253603,1.6670938189771676,4.79936422318015,84.52852632790164,0.34010367611392983,0.40654511542290356,0.8365705609906802,0.3272659370331449,7.298030394863802,0.06475491515867386,0.8991766397423981,0.13004484304932734,0.4999999999331786,0.26905829600008324,0.11787340272476582
HAU/user17/2-1-1,26.80000000074506,0.2467066050546826,0.4096806479453158,2.0367016558414823,3.0858587659388115,51.11836869283824,0.2497352703377512,0.36623568360749054,0.6818976982142045,0.22708357906657203,6.085839919153322,0.0640110585760472,0.40039785648209664,0.17537313432835822,1.100000000030581,0.3731343283478355,0.11953413857730655
HAU/user17/2-1-2,19.79999999701977,0.2893818161258438,0.6176940982375253,1.8937347146648353,3.707879695224036,61.943261820430486,0.31846115965308036,0.43663213976253096,0.7293580337373292,0.2519740859586085,4.9890869012295065,0.09062929022677561,0.46068290522127625,0.30808080808080807,2.099999999683915,0.4040404041012189,0.06628538014079215
HAU/user17/2-1-3,17.699999999254945,0.3431216996784451,0.7742410749725607,1.5057531938000464,4.462721956782068,74.91105099551663,0.332852277678963,0.5879927727637316,0.5660822590529154,0.26731119640180084,4.731408176112713,0.08574755788130321,0.4747272591045177,0.2033898305084746,0.9999999999579066,0.33898305086172664,0.12466402620574499
HAU/user17/2-2-1,31.999999999999996,0.3573178209945417,0.6944775408769137,1.749773839907496,4.714912047772839,78.6534064776306,0.3790601469654873,0.4634759160459108,0.8178637401087195,0.32915090561937077,10.532828979819865,0.009434452675697872,0.7459336776223678,0.171875,2.2000000000000006,0.125,0.20344980741736246
HAU/user17/2-2-2,31.399999998509877,0.31695250548893306,0.6511079089800196,1.0252960253680534,3.697364013339567,58.8938713380204,0.31540527362287146,0.47828855099943224,0.659445584269903,0.3082409984699472,9.678767351497024,0.006563889278861909,0.7196715317650947,0.12420382165605096,0.8999999999572894,0.1273885350378925,0.07623893584212091
HAU/user17/2-2-3,15.69999999925494,0.4432165182692301,0.863700232418025,0.6860812678813474,5.168118182859418,81.30146529850578,0.4204156173318085,0.6327179347348698,0.6644597751816804,0.42493228764022384,6.671436915634913,0.02048734097236341,0.7515578485331362,0.07643312101910828,0.5999999999715263,0.31847133759473123,0.12034950562749955
HAU/user17/3-1-1,35.40000000223517,0.2092876248629255,0.37106027340892783,0.6056235757754067,2.0163451444294984,30.28760438460671,0.19843716652520427,0.34745514549704015,0.5711159225177707,0.19274656990930966,6.823228575220382,0.014462891734658864,0.533308262097218,0.002824858757062147,0.10000000000631404,0.14124293784418923,0.06482026109567612
HAU/user17/3-1-2,26.5,0.1967945609713465,0.3352892616204645,0.6279912659274108,1.925311212157106,28.716457366723795,0.16788098359366285,0.36139917517062703,0.46453062060772754,0.18077440974451997,4.79052185822978,0.03818326518139202,0.3776395285016748,0.0,0.0,0.11320754716981132,0.11430396038390919
HAU/user17/3-1-3,16.199999999254945,0.33184657204627516,0.543488307572207,0.5093066128314999,3.4156337888121144,50.424183249690316,0.3014618695363648,0.5899083565074918,0.5110316978896781,0.30524609345799336,4.944986713792068,0.01939666180473772,0.37212770515007426,0.012345679012345678,0.09999999999540089,0.6790123457102408,0.07634250310463958
HAU/user17/3-2-1,14.899999998509884,0.3358927394845256,0.47621844661422946,2.4331423270122423,4.834740811970308,84.7233274753979,0.39511206270822724,0.4672740882404946,0.8455680976243317,0.2596315934893936,3.8685107426050824,0.11603363556301634,0.4924511669010845,0.19463087248322147,0.5999999999399953,0.2684563758657739,0.16758819657024113
HAU/user17/3-2-2,12.000000000000002,0.37062846270086275,0.8040009305067681,1.9515209861966165,5.300229156583963,93.00911947046481,0.3916721692577779,0.5161389444525941,0.7588502528409802,0.3738113567861306,4.485736281433567,0.09258734928820085,0.5769016436411143,0.275,1.7000000000000004,0.16666666666666666,0.238607337621731
HAU/user17/3-2-3,11.300000000745062,0.39867443233098787,0.8394346605414006,1.5774703066997737,5.360099075362988,91.57208064318992,0.4406198671068501,0.5816194746120544,0.7575741280726088,0.3452186540818864,3.9009707913825253,0.1182649016495573,0.5637030221549233,0.22123893805309736,0.9000000000593411,0.17699115043080807,0.36461270281233144
HAU/user17/3-3-1,7.399999998509882,0.4951343804417985,1.2623773571374826,1.45294286021381,7.468705079497228,125.54073705323692,0.38261009479373503,0.47196838195213353,0.8106689104904277,0.364001793646663,2.693613272442901,0.25564497925130264,0.7646326694925984,0.12162162162162163,0.19999999995972653,0.13513513516234693,0.21139480272469877
HAU/user17/3-3-2,5.900000002235174,0.6254050461035152,1.500265040121356,1.5233632618532562,9.150722114283022,149.46717140868222,0.528888968723036,0.6468264047806046,0.8176675596364391,0.5292420678842594,3.1225282017000793,0.09188528442362008,0.7083296207248848,0.13559322033898305,0.10000000003788433,0.16949152535951809,0.40922584627199093
HAU/user17/3-3-3,5.300000000745058,0.7258666892472107,1.5728415397439148,1.3627367907793753,10.541672628839239,178.3369493441022,0.7620333395667521,1.0506487286858257,0.7252979212135173,0.6248160155508065,3.311524882884798,0.162274700332866,0.7138135912906715,0.0,0.0,0.1886792452564949,0.38578225989688913
HAU/user17/4-1-1,47.50000000000001,0.22434005576756685,0.39549044555134283,1.7073302921798352,2.659852409386878,43.44750886025876,0.23446487005411665,0.288934346407986,0.8114814737586167,0.2758651937434377,13.103596702813293,0.022881431422703682,0.3759187917472609,0.10526315789473684,0.8999999999999999,0.18947368421052632,0.07924005333379337
HAU/user17/4-1-2,37.400000002235174,0.26771585676535936,0.5794760711024088,0.9931978448676231,3.0729847336238074,48.577244421261724,0.24925370844797298,0.359447729461839,0.6934351988471802,0.28981214389275445,10.838974182236797,0.02305624209265823,0.42498419467515747,0.15775401069518716,0.7000000000418348,0.10695187165136216,0.10633209040903766
HAU/user17/4-1-3,29.899999998509884,0.2958932202965295,0.6159822544967314,0.8949720950830913,3.420656557089873,52.401913695946526,0.29126365566531964,0.3957440197074431,0.7359900350348908,0.3106001889612297,9.286945649477936,0.0214357713384427,0.4263262494518255,0.22408026755852842,1.9999999999003262,0.20066889633107088,0.11998588781173943
HAU/user17/5-1-1,17.099999997764826,0.19025567266013574,0.4432546932843445,0.8655862468547565,2.03412044489253,32.32994992525919,0.175632120782454,0.3159247618343762,0.5559302132784357,0.20073875500802724,3.43263271018858,0.08410915337144614,0.406602824622405,0.07602339181286549,0.6999999999085016,0.5263157895424799,0.08830486910654795
HAU/user17/5-1-2,11.300000000745062,0.20976802880751227,0.4304115262266335,1.0787357093976229,2.3267377280165276,36.80056282281418,0.22983309634262603,0.3583502589911993,0.6413643912195583,0.19415179165625274,2.1939152458603104,0.09877463909407456,0.3646246835357267,0.07964601769911504,0.40000000002637376,0.35398230086161614,0.1281540714276766
HAU/user17/5-1-3,7.699999999254942,0.2799846893109609,0.6613528607583122,1.0045767296776469,3.5252291902458577,58.0687994334591,0.2517084191719352,0.43641282777131046,0.5767667735171821,0.23432594508052124,1.8043097769454266,0.14755309293848717,0.39042915336597706,0.2597402597402597,0.9999999999032393,0.12987012988269622,0.5169367470487634
HAU/user17/5-2-1,13.200000002980229,0.32995709124683886,0.7548201254228393,1.887553270572412,4.532349381068302,80.28058335326918,0.35788619840209074,0.4285097342745269,0.8351880224443656,0.23911608105275672,3.1563322706090102,0.14277613484800478,0.646362541664609,0.22727272727272727,1.2000000002709301,0.530303030183301,0.19906494583920145
HAU/user17/5-2-2,11.800000000745062,0.3678223794912699,0.551982354561089,1.8685592053979314,4.558080953320302,77.31631825064592,0.33311023871367196,0.5802120847888358,0.5741180628128197,0.30152369025119746,3.5579795451887826,0.1415556936501174,0.6315577648268506,0.09322033898305085,0.40000000002525615,0.3389830508260541,0.24370466490226836
HAU/user17/5-2-3,9.300000000745053,0.5314998201377649,1.5246449618919968,1.4585812294136684,7.505949477424186,131.6172361289118,0.4291031497305667,0.7958381859159342,0.5391839155060469,0.47735346202173734,4.439387197157813,0.11173827134299101,0.6230910012093137,0.3225806451612903,1.5000000001201705,0.10752688171181576,0.6947601719050913
HAU/user17/5-3-1,14.899999998509884,0.4338996091958214,0.6815958430101533,1.985894644201488,5.5313530434837705,91.73521389573982,0.4480247832288745,0.6408645169035493,0.6990943806570715,0.4221452579416494,6.289964342701531,0.08803974430321342,0.8687607367471014,0.087248322147651,0.39999999995999685,0.13422818793288696,0.2616493565417166
HAU/user17/5-3-2,13.10000000149012,0.4528315953292524,0.8759867787834937,1.7944583146647544,6.194578295554132,106.91957094881232,0.6022473240191919,0.6096417966030343,0.987870789678602,0.41014905282138003,5.372952592571248,0.0893500923323242,0.896657970059388,0.13740458015267176,1.1000000001251247,0.15267175570782454,0.31482259039080207
HAU/user17/5-3-3,8.19999999925494,0.8721168898484106,1.171437852531375,1.6842515235351625,13.281364761075672,235.47238934071092,0.8158015672659157,0.9410314996112135,0.8669226978438457,0.846346907039042,6.940044637089567,0.0726195315557102,0.663057114653636,0.036585365853658534,0.19999999998182783,0.12195121952327573,0.7860276568536207
HAU/user17/6-1-1,24.400000002235174,0.33816440878782095,0.5323667550143774,1.0019709973246602,4.260968645342667,67.75392902029033,0.30372731781020995,0.5476553094454056,0.5545957685741966,0.33299920195602095,8.125180528471223,0.05216668958671844,0.4279286076212581,0.0,0.0,0.2049180327681136,0.14835025069599916
HAU/user17/6-1-2,18.699999999254942,0.37621097670636583,0.592861546029202,0.6099825076855292,4.803876904949022,78.53734100611841,0.3180897775570507,0.6450818663595925,0.49309985856374366,0.35825500397721655,6.699368574107028,0.07215460892925486,0.3375844649816239,0.0,0.0,0.10695187166201527,0.0704719095362117
HAU/user17/6-1-3,14.999999999999996,0.4417240536572294,0.6906109025919267,0.8022345507560816,6.087470688781301,100.30460062602663,0.35914139570124737,0.7798714099212257,0.46051360605334973,0.43270879936897616,6.490631990534643,0.05342187611781549,0.3449077622896686,0.0,0.0,0.5333333333333333,0.10043272981594689
HAU/user17/6-2-1,19.899999998509887,0.44462164448810143,0.5136629471236059,2.1411084699151597,6.472246387715322,110.23398645436528,0.37635009378848433,0.5599225669437892,0.6721466776568046,0.5530007909159032,11.004715738402435,0.05282445567171167,0.4383432254053502,0.05025125628140704,0.4999999999625599,0.2512562814258493,0.13731336103989633
HAU/user17/6-2-2,11.300000000745062,0.2565960809528091,0.4516698807679643,1.1195041571622584,3.2434061877085734,53.34034137118455,0.1771200494214797,0.3473941937946303,0.509853221716005,0.28710658628509184,3.244304425235449,0.17398138028054713,0.37800456278054645,0.13274336283185842,0.5000000000329672,0.17699115043080807,0.2485660520845866
HAU/user17/6-2-3,11.600000001490118,0.3910500557707331,0.7732748357316446,1.0844284389582852,5.30287470521056,85.81944926827396,0.398593770170929,0.45028428380836655,0.8852047109318146,0.4190701593008357,4.861213848514157,0.06241641665705135,0.41835076057188697,0.14655172413793102,0.6000000000770751,0.8620689654065012,0.12109420502931703
HAU/user17/6-3-1,12.5,0.4074875555410452,0.8435317058877568,1.8846463393342607,5.674232257710405,97.3862928379108,0.4908898325432349,0.4020621194605189,1.220930317884643,0.3620701415359582,4.525876769199478,0.12523664545266616,0.874622030680774,0.168,0.30000000000000004,0.16,0.2297069045767914
HAU/user17/6-3-2,9.300000000745053,0.5059588650548709,1.8669551288821613,1.7515367851779944,7.4650552658188465,126.49446584799593,0.4898237303295543,0.539027422901405,0.9087176433144695,0.5445483078733784,5.064299263628136,0.12787495684070574,0.8448305810659397,0.5053763440860215,1.800000000144205,0.10752688171181576,0.4389858418248224
HAU/user17/6-3-3,5.400000002235175,0.61125268953405,1.1346376375664595,1.7770942355680368,8.511868226969371,143.43260667642195,0.6536399437267578,0.6791148438360991,0.962488080914371,0.6136969144410162,3.313963339353206,0.14990688949594752,0.8000725170108705,0.24074074074074073,0.6000000002483526,0.18518518510853313,0.30862163690945743
HAU/user17/7-1-1,22.100000001490123,0.524149183160051,0.8244080870822688,2.0048515302450647,7.9235200254694735,137.4351776206576,0.6042619326125758,0.5949922557643448,1.0155794898888952,0.4649426804554605,10.275233238758496,0.04753862777682926,0.5892179496664246,0.19909502262443438,0.6000000000404556,0.13574660632568875,0.2138911303487793
HAU/user17/7-1-2,17.699999999254945,0.2489435742013113,0.5161296610254082,0.9307759429147487,2.8066057486547704,45.58755739328418,0.23992059995124076,0.3962238306969954,0.6055178430930814,0.2615647589613681,4.629696233421335,0.057203551909132136,0.5168328616442088,0.14124293785310735,0.8999999999621159,0.5649717514362111,0.10990919566276601
HAU/user17/7-1-3,14.900000002235174,0.33597240480445884,0.73127816870038,1.2212965568017555,4.329031884093667,72.22424707652226,0.33231047120384566,0.5424176574304566,0.6126468525479453,0.2884338597621902,4.297664511101335,0.044032453604438804,0.48617866521819714,0.2953020134228188,1.3000000001950154,0.3355704697483183,0.17960195097774298
HAU/user17/7-2-1,15.69999999925494,0.11188084658234307,0.2557702020640534,0.8056614818307388,1.1235225012031618,17.364197922947056,0.09020295806599482,0.2728451360182398,0.3306013039182909,0.09754606593993917,1.5314732351843674,0.039867479141555306,0.18308659215900017,0.03184713375796178,0.19999999999050877,0.3821656051136775,0.17200548320081316
HAU/user17/7-2-2,12.10000000149011,0.12570658618337896,0.2111949650294961,0.9142330762839352,1.2275743468402112,18.1671694319088,0.10125922755995702,0.29964856397042194,0.3379266227086795,0.11665285805061053,1.4114995825862138,0.017163813300985938,0.16182749945448302,0.008264462809917356,0.100000000012315,0.24793388426698765,0.19653436640296448
HAU/user17/7-2-3,8.999999999999998,0.17368216829312902,0.43943229414722557,0.8348878318695184,1.7656671822897219,26.157097007829748,0.10795150988572683,0.3878658545723914,0.278321765978647,0.18412402366202726,1.6571162129582453,0.05501882868427379,0.20554789653121674,0.044444444444444446,0.1,0.4444444444444444,0.2350379927094795
HAU/user18/1-1-1,16.09999999776483,0.42006457047142487,0.7196002350701856,2.2241514654588053,6.436527727917398,111.38974242084345,0.29845208557446923,0.5163614602513426,0.5779906286019196,0.38487462716032605,6.196481496420988,0.05449963987163359,0.3796283412489894,0.2360248447204969,0.9999999998611695,0.1242236025017181,0.2884287537890429
HAU/user18/1-1-2,10.800000000745058,0.42673108770931456,0.8654838497591062,1.6681062339588493,6.215085299642927,108.89994582073535,0.4535710332137236,0.6188854371232002,0.732883673251708,0.42857381290593616,4.628597179703423,0.08306074318777007,0.40671748817129916,0.2037037037037037,0.7000000000482908,0.18518518517240984,0.3374306413080402
HAU/user18/1-1-3,10.19999999925494,0.30983558368084474,0.5685120581984132,1.3970941663700955,3.754509907128343,60.98409639886492,0.280572901886259,0.5195307204924973,0.5400506462452016,0.3332044065503619,3.3986849465654343,0.07477519123138715,0.41984565718770556,0.029411764705882353,0.09999999999269552,0.19607843138687156,0.4597017068017776
HAU/user18/1-2-1,36.69999999925494,0.3371027155233553,0.7738935833559742,1.2071756967032894,4.780312670616932,82.76264724425096,0.2615763384243358,0.487380850416792,0.5366980209910716,0.39664500758246846,14.556871777981069,0.039382825678312194,0.5888916743219264,0.16076294277929154,1.5999999999675185,0.21798365123058336,0.03984175473760748
HAU/user18/1-2-2,27.900000002235164,0.2930068189149912,0.565092569260199,1.1555252962819929,3.630127044817605,60.70153308097094,0.2678822104464425,0.40363843530416504,0.6636687350670878,0.30246921632495427,8.438891136142294,0.07323327271008422,0.5033969305543381,0.12903225806451613,0.9000000000721021,0.3584229390393858,0.11354907810034577
HAU/user18/1-2-3,32.59999999776481,0.2932593033161532,0.5653048474256617,1.5355499407889022,3.7692925589659145,64.79294054597591,0.26386390270643917,0.3981415805262032,0.6627388721744787,0.2882394591177986,9.396606366595968,0.06272147398367499,0.6685893314852855,0.10122699386503067,0.49999999996571814,0.1226993865114802,0.19175531282194286
HAU/user18/2-1-1,31.999999999999996,0.25750022399774164,0.4698649949435539,0.6518506183516245,3.2441389617225904,53.73590939917552,0.2097885241655598,0.3192486021257023,0.6571321600519479,0.314476306732551,10.06324181544163,0.009122535567970337,0.3639543681720369,0.028125,0.30000000000000004,0.1875,0.07844479703260564
HAU/user18/2-1-2,28.60000000149011,0.24928118839984773,0.4442263598624257,0.5956965114303001,3.2504176213522977,55.164878730964396,0.215652720127366,0.36653718745273245,0.5883515422751596,0.2307878994866235,6.600533925661334,0.01247250906151055,0.3906858290179014,0.01048951048951049,0.1000000000052102,0.7692307691906908,0.061416568148907724
HAU/user18/2-1-3,19.899999998509887,0.31648352413093406,0.5680191345484962,0.5998487916003981,4.162079579187523,69.98973233137544,0.29312806192637386,0.4594688010399902,0.6379716329485657,0.28244056985628835,5.620567339719269,0.004602451326116591,0.4098587715184712,0.01507537688442211,0.09999999999251198,0.8542713568478877,0.06196993702515757
HAU/user18/2-2-1,8.399999998509884,0.7355328555534422,2.5536608688222584,1.5832583107308138,11.530304279158406,199.95354232113849,0.7328557383856241,1.1980353042359655,0.6117146424506084,0.6229388855977557,5.232686638092897,0.08558365102272024,0.7236297070791637,0.6309523809523809,3.89999999930816,0.11904761906873747,0.44930715634390767
HAU/user18/2-2-2,7.400000002235174,0.6399789990964146,1.9010175622531618,1.9664943839390594,10.515447531013585,193.44950974693066,0.7504231781666042,0.934620569319437,0.8029174640465303,0.6191388304130764,4.58162734644065,0.097119043922549,0.6166222861692922,0.5,2.000000000604101,0.13513513509431746,0.1966301710691896
HAU/user18/2-2-3,5.099999997764826,0.9383357933092917,2.2385257680969035,1.3240426065464683,14.935895725595126,270.49615358160213,1.1122823786562706,1.465047050539823,0.7592127348314289,0.7237068119743858,3.6909047394517556,0.1546962083127199,0.7924282639020341,0.27450980392156865,0.9999999995617304,0.19607843145848425,0.545702901497322
HAU/user18/3-1-1,23.30000000074506,0.18656656561979973,0.3036424698391352,0.6557910232404461,1.7081281090688707,26.1458654907805,0.1606235515388312,0.3209462030065493,0.5004687687022884,0.17984089514399731,4.190292856989129,0.03420238874231246,0.4912891073016082,0.004291845493562232,0.10000000000319767,0.12875536480274977,0.07364182837821344
HAU/user18/3-1-2,13.599999997764826,0.3128784902135488,0.5526046025342506,0.5573721993469607,3.1607696739727147,46.82656224689563,0.2896625611935743,0.551198163278562,0.5255143793388724,0.31986808754629387,4.350205989914636,0.042483218586827465,0.5412500646999708,0.0,0.0,0.9558823530982768,0.12000175518968079
HAU/user18/3-1-3,16.60000000149012,0.22459338962713438,0.35652736068982105,0.5768555021547557,2.0274098763782846,30.169534490234614,0.1912732630924854,0.38740016910399694,0.4937356197885468,0.21971247282838186,3.647227049278536,0.04204373405921943,0.43493950376073565,0.0,0.0,0.12048192770002819,0.10056492128104673
HAU/user18/3-2-1,15.499999999999998,0.07636854335428246,0.1634450940432995,0.7396981208347428,0.7569053854099138,11.668522303972116,0.06012039032408918,0.15436596406308886,0.3894666178488126,0.07743366768002813,1.200221849040436,0.05814839264983178,0.17407706903861175,0.0064516129032258064,0.1,0.1935483870967742,0.12191167790730016
HAU/user18/3-2-2,9.699999999254942,0.11091113807837176,0.21068210118047329,0.6980417462261362,1.1683606854174613,18.804440243505702,0.08457410183465938,0.27375860332900376,0.3089367804235954,0.102943665665891,0.9985535568824437,0.07786702198336136,0.20619197050844681,0.0,0.0,0.2061855670261464,0.3384854031295831
HAU/user18/3-2-3,12.000000000000002,0.07949904282934943,0.17124353067361242,0.8743950353860989,0.7555112922888851,12.007518875623386,0.05964094187207333,0.18230364501827528,0.32715166797099904,0.07221454117470867,0.8665744940965041,0.1688190669853882,0.1948227623145488,0.041666666666666664,0.2,0.16666666666666666,0.26702196566165554
HAU/user18/3-3-1,9.499999999999996,0.36978502330831886,0.7458369690777542,1.065065451663302,4.755774880813811,78.38736794919134,0.2572122621484624,0.49894365918449457,0.5155136394625255,0.3449287568874305,3.2768231904305902,0.18125041716991744,0.6293023333132969,0.021052631578947368,0.1,0.3157894736842105,0.19612539774189264
HAU/user18/3-3-2,6.199999999254939,0.47192002990074255,1.2235207478521515,0.9973484303224531,6.968043491446951,121.99762465635912,0.3460129074850975,0.816021111026645,0.42402445523223103,0.4088351300344405,2.5347778059089254,0.26931096524405557,0.6005673365604728,0.04838709677419355,0.09999999998798292,0.48387096780008265,0.26928448607956396
HAU/user18/3-3-3,9.599999997764826,0.41814824255941474,0.9214169703552386,0.9623705373000504,5.469256826904812,92.60309127299135,0.257693593412041,0.6692905410496538,0.3850250036745971,0.39285497513443285,3.7714077604124556,0.17058982753003685,0.6358687189989963,0.010416666666666666,0.09999999997671694,0.3125000000727596,0.22246749763713053
HAU/user18/4-1-1,30.5,0.35448555916022717,0.7492144519664821,0.8380725268969788,4.985046125145745,87.37880698814057,0.28171551914964804,0.3568499603451192,0.7894508887929887,0.3833204023356536,11.691272271237434,0.025749205227214512,0.5242271496875803,0.14098360655737704,1.5000000000000002,0.13114754098360656,0.0636964135407572
HAU/user18/4-1-2,21.100000001490123,0.41927149722454043,0.7041205732838032,1.05132538360869,5.246465467870687,87.57331487837433,0.3666824304847523,0.46232626547335187,0.7931248061716769,0.44116540507815016,9.308590047806355,0.04977999019046975,0.5205532744377598,0.06635071090047394,0.40000000002824865,0.7109004738834444,0.09204451686349877
HAU/user18/4-1-3,28.400000002235178,0.40728214738825713,0.7447566586279027,1.0937102397374867,5.462719356444764,94.95338743854889,0.29341062299314674,0.5172911968110396,0.5672059069142061,0.47306986660212114,13.435184212557633,0.014035327384000446,0.5343849664192828,0.1443661971830986,1.4000000001101842,0.1056338028085877,0.09812105132238412
HAU/user18/4-2-1,18.5,0.3191687269218317,0.6442541742547385,2.2674089148818726,4.135801187391743,69.13893602791893,0.3616831864537426,0.4229087062710525,0.8552275709516924,0.2685287251068418,4.967781414476573,0.08975652168513762,0.6030312709453244,0.3891891891891892,2.2000000000000006,0.2702702702702703,0.1150654662813093
HAU/user18/4-2-2,12.800000000745058,0.45861226029913593,1.214603940059149,1.3630086900838023,6.137098298319904,103.25208617623207,0.5143734753630591,0.7075324880491825,0.7269962628208069,0.38446450705534496,4.921145690594864,0.08042878819316691,0.6383002441102239,0.2265625,0.5000000000291038,0.15624999999090505,0.10348107875382256
HAU/user18/4-2-3,13.199999999254942,0.4700541936680495,1.4691383201546884,1.9123104439604455,6.771625469407913,116.36137517568142,0.4852798873986141,0.6292456674764972,0.7712089438351687,0.3699380205430506,4.883181870892645,0.09291735028380782,0.6692704858499977,0.4318181818181818,1.3999999999209791,0.15151515152370357,0.13945792462743614
HAU/user18/5-1-1,27.300000000745058,0.24382401130531356,0.47125777971860355,0.7466231298272755,2.8318078480215214,46.12118351896196,0.2257002013863099,0.3437212590080011,0.6566373036717486,0.26075937443209396,7.118730922190446,0.024429794771006454,0.5132191464294461,0.05128205128205128,0.8000000000218331,0.21978021977422163,0.08815291609893279
HAU/user18/5-1-2,25.5,0.2480815075447306,0.46978328832401234,0.6985234632150984,2.687478583435217,41.56751463282715,0.23330708031817188,0.35614863374003575,0.6550834611186146,0.2529016393947036,6.448991804564941,0.022667195489381165,0.5135965855597336,0.08235294117647059,0.7999999999999999,0.11764705882352941,0.07137697314360743
HAU/user18/5-1-3,12.69999999925495,0.4078008881302168,0.7465627280379385,0.7148416283891967,4.716844019142746,72.95071633822023,0.40484690696730125,0.5969030701414139,0.6782456424510303,0.39209233985241765,4.979572715833572,0.025659526385924038,0.5813484049742083,0.07874015748031496,0.3999999999765336,0.3937007874246717,0.1768783477980362
HAU/user18/6-1-1,25.5,0.6964705736695008,1.2899471897752617,0.7111700482179658,9.693241297946695,163.40154091752635,0.5726486218897231,0.9008851995623576,0.6356510480272736,0.6553740413878488,16.712038055390142,0.026782877403008012,0.6658921600225974,0.058823529411764705,0.6,0.11764705882352941,0.12180646214107409
HAU/user18/6-1-2,19.300000000745047,1.044160615664879,2.8542852978580147,1.0555075450631302,15.81791138827542,271.64784851674733,0.9922628853782887,1.3046972598751365,0.760531132496377,1.1209404375262808,21.63415044509238,0.011961092708691017,0.7983049385894775,0.17616580310880828,1.0000000000386036,0.31088082900354286,0.10426993835155386
HAU/user18/6-1-3,20.099999997764826,0.779845827277802,1.8041493009230702,0.8957083351244884,11.849268428582407,204.33543586315227,0.707135525615384,1.0948741719607307,0.6458600842717535,0.7507070496715325,15.089211696719836,0.02054558991427969,0.7619387052641303,0.07960199004975124,0.3999999999555189,0.14925373135988101,0.22082626588803533
HAU/user18/6-2-1,44.19999999925494,0.35515359712082273,0.634427795444085,1.1118251464264601,4.3669247262943935,72.53419539265965,0.27735709415302523,0.45368173606675377,0.6113472760580078,0.4840966515571254,21.39707199846426,0.03222595513882028,0.6964619017388779,0.07239819004524888,0.4999999999915717,0.24886877828473808,0.09012267208093878
HAU/user18/6-2-2,22.89999999850988,0.5334533726107263,0.9191941451931608,0.8858019075704922,6.576432098722935,105.31828752389586,0.4505784262755744,0.6929690434985512,0.6502143636179646,0.5403534626746903,12.374094294445214,0.05932944500549821,0.6768015645566442,0.034934497816593885,0.19999999998698587,0.39301310046225485,0.16735643390389
HAU/user18/6-2-3,29.499999999999993,0.4322546821287305,0.7375133662021106,1.0387648970102483,5.349145500861533,86.32047928548836,0.32254311190474966,0.5209855243870191,0.6191018678784702,0.4547944747726709,13.416437005793792,0.038933367351104434,0.7895206111561878,0.023728813559322035,0.2,0.2033898305084746,0.09265929569823665
HAU/user18/7-1-1,64.99999999999999,0.46457782067913295,0.9164070584705623,1.0575666205566872,6.416874249581327,110.86871856796778,0.3626110718414299,0.7001759715090677,0.5178856260120149,0.4017418424148668,26.11321975696635,0.010394273185801516,0.5415505663198822,0.10923076923076923,0.5,0.2,0.06012827934149295
HAU/user18/7-1-2,47.0,0.39311933240686187,0.7722421701238723,0.8290459754194779,4.986174409032606,83.76149187275509,0.29981338659092494,0.6543866677324982,0.45815937413829466,0.32900361763274055,15.463170028738812,0.016032474894521306,0.5022977584369225,0.03829787234042553,0.4,0.14893617021276595,0.05399017927589692
HAU/user18/7-1-3,33.60000000149013,0.5840317430434762,1.0804187310720528,0.6832810319209651,7.773378744714302,132.3471565268868,0.42316167067918126,0.9919332308973484,0.42660297797440133,0.4626711087303018,15.54574925402758,0.012490836860788586,0.5447679405014477,0.008928571428571428,0.10000000000443489,0.20833333332409398,0.10146907985277374
HAU/user18/7-2-1,17.100000001490116,0.10298687060776358,0.19501321130555027,0.7252722148069892,0.8745523416156775,12.722108022607708,0.10490787942960604,0.2444168104519734,0.4292171181122698,0.08989184562687856,1.5371505603535727,0.04304849242852461,0.18717053358243083,0.005847953216374269,0.10000000000871412,0.11695906431729344,0.18030760147050615
HAU/user18/7-2-2,11.899999998509886,0.17333935356027888,0.3371478224538022,0.6678231339847089,1.558166229929143,22.19518303262009,0.17720501423047264,0.38765216840771055,0.45712375220606194,0.16613127150801715,1.9769621306978493,0.06737050802860274,0.25075984458213996,0.025210084033613446,0.19999999997495604,0.16806722691180165,0.15620734163480046
HAU/user18/7-2-3,11.700000002980238,0.23431413310381663,0.4558671490824935,0.623432836802888,2.2174872613034013,30.96371492483128,0.26806187770253914,0.5500292152102734,0.4873593434717847,0.21327060007857276,2.4952660215548974,0.03590330664028909,0.29266070922833815,0.042735042735042736,0.20000000005094418,0.25641025634494335,0.187004942642893
HAU/user19/1-1-1,30.5,0.34519562104472357,0.6989172648804187,0.7556870704781572,4.235265501324438,68.61340074702522,0.29936739735891305,0.6437148765888882,0.4650621071245546,0.3041756615750579,9.277357678039266,0.010343432245494647,0.6418885289574708,0.07213114754098361,1.6000000000000003,0.6557377049180328,0.061931170955311865
HAU/user19/1-1-2,24.099999997764815,0.518153036180258,1.0465871463789318,0.7332418155307596,6.891905205255614,114.72667154151766,0.42947258085121215,0.9966121656931113,0.43093250835604185,0.4526028310410703,10.907728227078147,0.020637076969689718,0.6421906463746765,0.07053941908713693,0.6999999999350778,0.124481327812375,0.1298594389737179
HAU/user19/1-1-3,22.699999999254942,0.45332333239090056,0.8724169225457465,0.6698045186931582,5.781840700913192,94.2243425574459,0.3966591718767508,0.7424313533535196,0.5342705013073514,0.42565366782006836,9.662338259198414,0.01783615711576281,0.6051696931995021,0.05726872246696035,0.49999999998358907,2.246696035316032,0.06779935290419438
HAU/user19/1-2-1,11.5,0.5662176450551175,0.9008406689508632,1.6695300367050987,8.780287618452775,153.06586834893633,0.6219939213950234,0.6096684271678351,1.0202167156075783,0.561476149420654,6.456975718337522,0.06291065088538783,0.4915690327167372,0.24347826086956523,2.2000000000000006,0.2608695652173913,0.29023053907529694
HAU/user19/1-2-2,6.8999999985098865,0.5565504977106037,0.8757826282368715,1.7237980899944272,8.802986796401242,145.50373614615384,0.5831751447839696,0.7114126027006963,0.8197424978842821,0.5249886095337921,3.6224214050008707,0.0909663743406008,0.7012058371782122,0.15942028985507245,0.39999999991361646,0.14492753626318244,0.4789068957377702
HAU/user19/1-2-3,9.300000000745053,0.33377031239855365,0.792813729593682,1.3800221220804771,4.822115503215625,83.13408440275657,0.29497686628341463,0.45928447287264657,0.6422530763911861,0.36195525711281507,3.366183891418856,0.12317604131162137,0.40985645835063433,0.26881720430107525,0.8000000000640908,0.10752688171181576,0.3906684751299653
HAU/user19/2-1-1,20.5,0.12269748751594751,0.259786257216833,0.9703575767250565,1.1347227785286418,17.097454728898942,0.0983010372687486,0.23362415808435424,0.420765718982236,0.11591214532644602,2.3761989791921434,0.07675845129421817,0.3931991245429988,0.08292682926829269,0.4,0.14634146341463417,0.10146834597906558
HAU/user19/2-1-2,16.300000000745055,0.14405484199506458,0.3056089738569667,0.906539859525659,1.2461177815533504,17.95966805830612,0.12765652776602732,0.23071284516688406,0.5533134798817753,0.13324850258837992,2.1719505922898708,0.06499907912161476,0.3474246301174153,0.049079754601226995,0.30000000001371274,0.12269938649745901,0.21660229433530304
HAU/user19/2-1-3,8.400000002235176,0.18011759432973923,0.3444590621650062,0.7172553330074589,1.5704504613675385,23.056638525528808,0.13344317358445815,0.35373542879052394,0.37724005668157384,0.1744640653108565,1.465498149001152,0.22349321423928717,0.3519886149712225,0.0,0.0,0.11904761901594141,0.3120301182783771
HAU/user19/2-2-1,12.89999999850988,0.32257192152564085,0.6689144568104805,1.0693283493791539,4.086114285670437,69.5355793682695,0.2515773636986505,0.4805859357741678,0.5234804942219299,0.3888011220192148,5.015534473468512,0.13010910166366654,0.35273557228152796,0.12403100775193798,0.3999999999537948,0.46511627912349446,0.09317769662443613
HAU/user19/2-2-2,8.399999998509884,0.517605043196833,0.8159191984363948,1.1674506827335533,6.374598950873818,104.48407624039322,0.5352084753435531,0.7872361736619521,0.6798575733303637,0.547173909108555,4.5962608356965085,0.10118590795374711,0.6002862702571448,0.023809523809523808,0.09999999998226052,0.47619047627494987,0.159449182367116
HAU/user19/2-2-3,5.600000001490117,0.6783333143483813,1.003636205052198,0.9099875405072622,9.220301657559135,149.8475785637442,0.4674153909757218,0.9025422662343221,0.5178875360685676,0.7805051206515239,4.370828676811577,0.11070237420610327,0.5904772115415623,0.017857142857142856,0.10000000002660922,0.5357142855717363,0.15974491555298773
HAU/user19/2-3-1,10.69999999925494,0.35713515522594386,0.5845139940575567,2.3449623737709633,5.36154578460554,94.81357056491026,0.37681459310858945,0.5508896681803725,0.6840109992790819,0.33775285229873386,3.6139555193448065,0.1180855563036805,0.5850278400784829,0.4392523364485981,4.599999999679695,0.3738317757269651,0.17487490411623036
HAU/user19/2-3-2,8.800000000745058,0.4395055521821636,0.995142617121994,2.0735531371853715,6.367356127421819,112.79162954009891,0.49744071104494514,0.5283053178152955,0.9415780862483779,0.43959427702359816,3.8684296381351877,0.11235347546530172,0.6268760408065936,0.4431818181818182,3.800000000321732,0.11363636362674254,0.41331141808414346
HAU/user19/2-3-3,6.699999999254942,0.45316073569216014,0.8079490109300691,2.176945109181075,6.764214491666433,123.33465898328969,0.47840714842450216,0.6236146099763255,0.7671519236464204,0.4654628585389855,3.1186011518644063,0.1360258574856461,0.6081905125921797,0.34328358208955223,1.5999999998220753,0.14925373135988101,0.31034471941470854
HAU/user19/3-1-1,11.300000000745062,0.27631918070819284,0.5280922323510461,0.8132684969470156,3.32629723576794,54.963484153994926,0.22969869797159698,0.5174032925367653,0.44394517940051575,0.27114902090748777,3.0639839364566344,0.06707911385571287,0.41111746696356666,0.1415929203539823,0.8000000000527476,0.17699115043080807,0.2078793997249124
HAU/user19/3-1-2,11.099999997764822,0.27354227364290146,0.6110364889633727,0.9740584480230134,3.6136761552216043,60.06663000625323,0.21504260858521843,0.5202195762308526,0.41336892727086116,0.2628907011500451,2.9180867821778933,0.06308681471645841,0.34290525914431547,0.2702702702702703,0.6999999998590429,0.1801801802164626,0.24993992408948362
HAU/user19/3-1-3,5.499999999999997,0.37753023666755237,0.9991676491694748,1.1218825700883983,5.0280968361122085,84.87299308960269,0.38659469650248357,0.6267919563519846,0.6167831159412682,0.3409875096613631,1.8754313031374972,0.1833138565262455,0.6702606326090667,0.4909090909090909,1.7000000000000004,0.18181818181818182,0.3253658422985801
HAU/user19/3-2-1,13.699999999254935,0.36098963911381826,0.46498261903600335,2.612123421736787,5.181274342868062,90.21170976760916,0.3934402185593904,0.49932462549698414,0.787944751132291,0.29415660441420827,4.029945480255488,0.14846819090843522,0.5470166530182425,0.11678832116788321,0.8999999999510542,0.1459854014677933,0.15745799302318222
HAU/user19/3-2-2,12.30000000074506,0.31853932716454664,0.4561079816362327,2.3371409454503578,4.156737707392357,71.29950780464522,0.3552523786655627,0.4086355925031844,0.8693622981297988,0.3059042389775923,3.7626221396523003,0.16232219573397874,0.522281149139516,0.056910569105691054,0.3000000000181722,0.16260162600641076,0.1961562452513344
HAU/user19/3-2-3,10.40000000223517,0.43872484075274826,0.9167456705950054,1.8547790172399805,6.1362592575748245,107.27002240914827,0.431857355218494,0.5823932491975968,0.7415219099328016,0.3608035089471562,3.7523564938568823,0.1609965741011038,0.6353207487718809,0.22115384615384615,1.2000000002579043,0.19230769226636146,0.30949326835661034
HAU/user19/3-3-1,36.0,0.47364117834175073,0.7130880893708971,1.8037053437230262,5.6215892308041155,91.39820605180451,0.41269907769178005,0.6633635247383259,0.6221310965694783,0.4469299611300015,16.089478600680053,0.016519682200331984,0.6182223971484537,0.06944444444444445,1.0999999999999999,0.1388888888888889,0.12193255328245599
HAU/user19/3-3-2,27.999999999999996,0.46198960727775085,0.6490760248245901,1.4274204306342873,5.482432189755589,86.55031245253826,0.4429530544552799,0.6454049747819584,0.6863180035428265,0.4308491817585578,12.063777089239618,0.01632482365921208,0.5790504470362527,0.010714285714285714,0.1,0.10714285714285714,0.08406077720849363
HAU/user19/3-3-3,17.800000000745058,0.6250800721931309,0.9862062705292408,1.1937130779899194,7.786457859579088,128.70488615463057,0.5518813390789796,0.8988844331174215,0.6139625052255463,0.5824873401365529,10.368274654864628,0.05386031932329646,0.9353423288597541,0.03932584269662921,0.6000000000251143,0.11235955055709469,0.23534970377528358
HAU/user19/4-1-1,8.999999999999998,0.12793632810720262,0.2265317069448062,0.5440772135908737,1.7043018062378612,29.537117911470297,0.06718669646061684,0.16868029968992626,0.3983079007199641,0.10880512075414263,0.9792460867872836,0.04077281430759827,0.15168327432610573,0.011111111111111112,0.1,0.2222222222222222,0.2060754459037576
HAU/user19/4-1-2,7.300000000745058,0.12239044439496861,0.25342021193202724,0.719596265504965,1.5155378741821315,24.886551572558446,0.0749941584969645,0.1959936520039089,0.38263564838739356,0.10773498651278533,0.7864654016236017,0.023377308055496183,0.14149954711999813,0.0684931506849315,0.30000000003061883,0.27397260271176366,0.1731060550450182
HAU/user19/4-1-3,5.300000000745058,0.2216986975332085,0.42603965238542724,0.6547963892032068,3.086043306684659,52.819396601655654,0.13714887693161365,0.2818177976521222,0.4866579669118455,0.20763007430693525,1.1004393939814532,0.026377495713085158,0.1843288131752649,0.0,0.0,0.1886792452564949,0.3423318133553103
HAU/user19/4-2-1,9.099999997764826,0.7638054434673803,2.8250574947691187,1.6970556134365395,11.938316551220655,217.44146873882036,0.7812205615063175,0.9647439897912606,0.8097698135083262,0.7447741659138515,6.777444908151348,0.010193616262944629,0.7224738244688035,0.43956043956043955,0.5999999998526259,0.10989010991710149,0.6287865191728749
HAU/user19/4-2-2,8.900000002235176,0.526661869204551,0.7173113778893278,1.563583170153174,7.319532760450957,118.92966800498178,0.5071237518947246,0.7627283629463768,0.6648812026221929,0.4600112080986485,4.094099753106178,0.015980751902652295,0.6347634142132575,0.0,0.0,0.11235955053357939,0.4654594845341842
HAU/user19/4-2-3,4.800000000745057,0.44191631562669004,0.6020755401460728,0.7511655868298974,4.959199889422783,70.52100951786416,0.5010519968724013,0.7121160720318794,0.7036100094457082,0.41157900153277405,1.9755792076639656,0.05612441342858308,0.40647974087016336,0.0,0.0,1.0416666665049787,0.19661097639514938
HAU/user19/4-3-1,6.8999999985098865,0.3726399804151345,0.6335482524497963,1.7561496954665392,5.718335241729475,104.2888261669979,0.3544553945649374,0.46083268811342976,0.7691628717720835,0.40497712408650977,2.7943421555934544,0.1094189881996466,0.4053365994776623,0.2753623188405797,0.6999999998488289,0.43478260878954733,0.3212777994644891
HAU/user19/4-3-2,8.999999999999998,0.318100722072032,0.6780849522460243,1.5317281944657561,4.990547189612365,87.31041020491239,0.2557936340208045,0.37797156369830504,0.676753644748323,0.3591400492251005,3.232260443025906,0.10116231306005227,0.35235592734368787,0.2,0.30000000000000004,0.1111111111111111,0.460448303696722
HAU/user19/4-3-3,4.499999999999998,0.4464496551070212,0.8018556874928566,1.1140595698943228,6.757951390058511,121.96931196645035,0.40575949886609103,0.5703696173210299,0.7113974619835225,0.4600371038786593,2.070166967453967,0.13074475863651705,0.43660029721559523,0.022222222222222223,0.1,0.6666666666666666,0.29858811093828924
HAU/user19/5-1-1,7.900000002235176,0.15909427477296204,0.3543299444650542,0.8685897349840774,2.35910529596876,43.74145632822828,0.09731374340296996,0.12547484667193612,0.7755637500943967,0.19824435966103915,1.5661304417653203,0.09067039942904977,0.2466234024298402,0.24050632911392406,0.4000000001131735,0.3797468353355948,0.11136026192225652
HAU/user19/5-1-2,6.8999999985098865,0.18177394058891405,0.3395526865960107,0.6313347215901777,2.9545633687513666,52.334261013178114,0.072097873297728,0.11272703197785498,0.6395792685494658,0.2249563742268254,1.5521989818298843,0.05622087913455822,0.1865147234541997,0.14492753623188406,0.19999999995680823,0.2898550725263649,0.12454642089311288
HAU/user19/5-1-3,5.400000002235175,0.09531374969922429,0.302071766791959,1.3405513660645074,1.1996423885059082,20.796785232125522,0.06294671414132018,0.12819373128198716,0.49102801689911474,0.08667211555656008,0.4680294241991519,0.18214466487623643,0.18125454200007113,0.42592592592592593,0.5000000002069606,0.18518518510853313,0.6782937497053947
HAU/user19/5-2-1,17.100000001490116,0.15735423239767726,0.3772389643265235,0.9025957569763168,1.1264400751808545,16.182080772300434,0.13335423370599175,0.2507310039399411,0.5318617605267237,0.16712292563017977,2.8578020285251062,0.06222496463831026,0.3830512495508978,0.19298245614035087,2.7000000002352795,0.11695906431729344,0.2819729341892483
HAU/user19/5-2-2,11.900000002235176,0.15602854240626954,0.4230054128013051,1.0077662827635312,1.5024967479042208,20.906142432735052,0.11978694417326231,0.27782127073639795,0.4311654878857455,0.16272018397925297,1.9363701897168175,0.13360926487728464,0.25503512980491905,0.29411764705882354,3.000000000563489,0.16806722685918826,0.16155862733491316
HAU/user19/5-2-3,7.999999999999999,0.16084511591094613,0.3607965723601225,0.9371500134827522,1.9218929737600225,29.945291591647763,0.12299860935950395,0.26071129568178486,0.4717808968194875,0.17036714110246862,1.3629371288197492,0.07362643810018527,0.24726097881021236,0.1875,0.7,0.125,0.29419311336661236
HAU/user19/5-3-1,14.399999998509884,0.4016655759043807,0.7212317976065246,1.219925856218026,5.191223139280746,81.50342512169625,0.2728809052428469,0.4309085389718842,0.6332687332227199,0.4382961378851989,6.311464384893753,0.05695518842718007,0.4467489139152527,0.13194444444444445,0.3999999999586079,0.13888888890326115,0.17472650246943106
HAU/user19/5-3-2,15.199999999254945,0.3870348947185212,0.6591320654602697,1.6362663623948783,5.430147285647816,89.99431249441339,0.3318708983609135,0.4630232468082213,0.7167478089531487,0.3544816726916968,5.388121424649681,0.04015604480823365,0.45808697880075555,0.14473684210526316,1.3999999999313761,0.26315789474974133,0.1975390977826094
HAU/user19/5-3-3,8.19999999925494,0.4668604996043315,0.7962613548382762,0.8371755794301301,5.428085819993927,83.75793278897117,0.4005251573842398,0.605947479516913,0.6609898881707794,0.47465422456276674,3.8921646410610418,0.12618439935856998,0.47535255529864756,0.036585365853658534,0.09999999999091391,0.9756097561862058,0.20730622852447286
HAU/user19/6-1-1,10.599999997764824,0.2005562688791469,0.4022259660138275,0.6820243840632538,2.8113454527335224,49.62516984350813,0.14384197744312463,0.24546372195797805,0.5860009605889891,0.16210444193829623,1.718307084183608,0.12268345547216157,0.2939819388082302,0.07547169811320754,0.09999999997891344,0.18867924532280483,0.2008413505828577
HAU/user19/6-1-2,6.099999997764827,0.23636460680241103,0.43023657231496365,0.6343944483146832,2.824331048454334,45.59750105349328,0.20506754411990882,0.322435711192064,0.6359951344277802,0.23088114554677105,1.4083749873192437,0.11265805845160107,0.28583440018665085,0.04918032786885246,0.0999999999633578,0.6557377051583095,0.1656850933508251
HAU/user19/6-1-3,9.699999999254942,0.1876028767331326,0.4304528660962416,0.8861962857434378,2.677025559750201,47.355861516628195,0.12041525479070772,0.24295657263888054,0.49562460067323555,0.1533571010341641,1.4875638799171318,0.13807541687773914,0.2811962843880803,0.14432989690721648,0.699999999946233,0.3092783505392196,0.22131052850292687
HAU/user19/6-2-1,18.399999998509884,0.22890876050251643,0.4397203734659896,0.7244996075459578,2.4607811459714974,38.723838961125004,0.20102599966418427,0.34528034681589637,0.5822109510019707,0.26561978048060253,4.887403960447282,0.050690540541936224,0.5368934215010375,0.03804347826086957,0.19999999998380308,0.10869565218271571,0.09469020495637942
HAU/user19/6-2-2,7.800000000745057,0.3757841862456546,0.683902546186132,0.6863589749456085,3.9844851651692346,60.346803811648876,0.35742977571667733,0.6589362341578177,0.5424345432013943,0.3915026683545121,3.0537208134568856,0.0597278526719439,0.6555060014483106,0.038461538461538464,0.20000000001910404,0.12820512819288205,0.15037238094417377
HAU/user19/6-2-3,12.600000001490121,0.37535645131874423,0.6312365289283677,0.589978427266245,4.272482561806823,67.89852517971923,0.3314796625813777,0.6505061194873097,0.5095719350542902,0.3775971484081244,4.7577240705050325,0.02037095741567887,0.6140022178600156,0.023809523809523808,0.20000000002365265,0.4761904761341604,0.195590243187724
HAU/user19/7-1-1,25.90000000223518,0.16120633059993128,0.3157627408749671,0.6724660800311721,1.6438159558867498,26.98358457870929,0.10933590748755334,0.3514558886700905,0.31109425308019817,0.14357789793701312,3.718667556889562,0.043122085842936246,0.40129344591505905,0.003861003861003861,0.10000000000863002,0.1930501930335328,0.09024950893717074
HAU/user19/7-1-2,17.499999999999996,0.2007316677065086,0.4353145587393393,0.8715691396872681,2.1027732055131265,33.437077319900965,0.1510860636732758,0.44478815534999644,0.3396809503947058,0.18410942167038874,3.2219148792318033,0.06200573804029489,0.43441056702167496,0.08,0.7999999999999999,0.5714285714285714,0.0961992608428472
HAU/user19/7-1-3,16.800000000745065,0.18063836556901056,0.35367837794559803,0.7634987827522014,1.8009140041054008,28.150325630511762,0.1263595270116172,0.40612061977767655,0.31113792441677185,0.17773306516658813,2.9859154949311026,0.06850825556897039,0.41643205910599806,0.041666666666666664,0.40000000001773955,0.7738095237752062,0.1234480522772559
HAU/user19/7-2-1,45.5,0.27940824631951316,0.4221095263111152,2.083149741262322,3.202841172730998,52.134352954358896,0.2525886290416678,0.45310011855753496,0.557467584180573,0.2795653347007147,12.720222728882518,0.04933655359162681,0.48326694389239694,0.04835164835164835,0.6,0.2197802197802198,0.07707506765494924
HAU/user19/7-2-2,32.900000002235174,0.26476463399520367,0.42990348236499254,1.7582708707163852,3.157296512047565,53.07962554592352,0.22576440505475748,0.43286340274946805,0.5215603885641139,0.24791695081707021,8.156467682435746,0.07351006688907004,0.5128162966989948,0.05167173252279635,0.8000000000543508,0.303951367760505,0.10147181303903792
HAU/user19/7-2-3,30.999999999999996,0.28482218534451065,0.5470914460713168,1.3652869269649364,3.0906334950388907,48.805942951800844,0.3012495681400521,0.41094940948834524,0.7330575502762419,0.28081640998870006,8.7053087096497,0.06937365382705143,0.5518926593896396,0.0967741935483871,0.8999999999999999,0.1935483870967742,0.11268804984535832
HAU/user20/1-1-1,10.299999997019771,0.20154780550856463,0.4178241197469038,0.7643254998018101,2.2183591607151576,36.62398632362607,0.15398202749997086,0.4003578177230755,0.3846110161931896,0.17386583683834228,1.7908181189167651,0.05401193653014018,0.2852010533017352,0.05825242718446602,0.1999999999421314,0.4854368933443412,0.23974508519821106
HAU/user20/1-1-2,6.100000001490116,0.442782209470293,0.9114451125419647,0.6897139858290209,5.960079523518221,90.50797869510114,0.3308628096940276,1.1662160435933793,0.2837062748604084,0.33651950927494567,2.052769007078622,0.029594002507449233,0.2814221582834328,0.11475409836065574,0.4000000000977126,1.9672131142735445,0.15792711338931084
HAU/user20/1-1-3,8.29999999701977,0.22444988305086364,0.5844761503485156,0.87680746177045,2.2040184405585643,32.882241818779626,0.18428629105833566,0.3514411948918782,0.5243730479309882,0.20864799268988496,1.7317783387042263,0.02838036902954265,0.3132082153934789,0.21686746987951808,0.8999999996768423,1.084337349786937,0.14091438057819972
HAU/user20/1-2-1,28.200000002980232,0.18840061160637944,0.3690200330456158,1.6166227345831887,2.317005712876978,37.47614624906974,0.13378653694851889,0.268545614541861,0.4981892431145061,0.21193695177646532,5.9766220407279445,0.10416170782587143,0.2701889542787574,0.0673758865248227,0.6000000000634093,0.10638297871216149,0.14839394414615995
HAU/user20/1-2-2,13.399999998509884,0.37486833740665776,0.6479928911088562,1.1484474143079058,4.312280327232573,64.7771070382666,0.2908108966073182,0.6592619220469083,0.44111586979463124,0.40012468187808,5.361670736570039,0.08493779917998154,0.371612224246932,0.05970149253731343,0.4999999999443986,0.22388059703982152,0.1813948377053453
HAU/user20/1-2-3,18.399999998509884,0.3212638285363512,0.6554154711831225,1.1567930364194638,4.077664885939999,64.09229179330192,0.2711395247529666,0.49158922959387,0.5515570884769249,0.33941308726156805,6.2452008051070855,0.07007303864081864,0.4890111640152438,0.09782608695652174,0.5999999999514093,0.3260869565481471,0.18388516132445135
HAU/user20/2-1-1,56.400000002235195,0.18765572991096854,0.3521137720342728,1.8617536395745244,2.178807243499921,36.147573786144875,0.20100032671638574,0.34069744068591246,0.5899672322802091,0.1629706445168502,9.191544351114619,0.05651568684861278,0.4046629746450665,0.0851063829787234,1.7000000000673732,0.39007092197035675,0.037253918997010894
HAU/user20/2-1-2,48.300000000745065,0.23212018088463732,0.47639897075569815,1.9992790557587305,2.726425055793321,45.28781591418989,0.300405629345058,0.34664688831093926,0.866604139855981,0.1905009922739576,9.201197926974086,0.059644735901280714,0.42062526666207345,0.14699792960662525,1.100000000016968,0.5175983436773159,0.04794960101656127
HAU/user20/2-1-3,26.699999999254942,0.2869380996871509,0.4709813910344956,1.5477916278797617,3.1459125125518,50.224422529832125,0.32173547911063133,0.4528168563270953,0.7105201007970062,0.25210997328800916,6.731336286602007,0.07165371782820454,0.45802517755596645,0.06741573033707865,0.2999999999916285,0.22471910112986626,0.07237175910762934
HAU/user20/2-2-1,14.499999999999998,0.23374521487021638,0.3928087339909992,1.8835984004288178,3.317865491264659,57.49320191561287,0.17539083543079773,0.26568550728658363,0.6601445316378005,0.22010939010054315,3.191586156457876,0.06871961925145317,0.3171619932029059,0.08275862068965517,0.30000000000000004,0.5517241379310345,0.16297864092574263
HAU/user20/2-2-2,13.899999998509884,0.19942436034325217,0.3348710781804912,1.516408195213581,2.6982038295868183,44.592943738367005,0.1344238461496061,0.3549243150485044,0.37873946661697744,0.2004919842362299,2.7868385805848392,0.08894531277550503,0.3020580202534057,0.050359712230215826,0.39999999995711893,0.14388489210175578,0.2196052729103637
HAU/user20/2-2-3,7.899999998509879,0.2943331252096187,0.45485724178174936,1.2177829075938966,4.138507207755508,70.79245490155857,0.22250509979559782,0.3125027032778631,0.7120101578313269,0.29535834737898137,2.3333309438538343,0.09540593351669548,0.3006057083361529,0.0379746835443038,0.09999999998113776,0.1265822785048889,0.27698777398030594
HAU/user20/3-1-1,26.80000000074506,0.0760729587272591,0.14120888223309833,0.6932831232447256,0.7716291200572761,12.250951794444477,0.06420577119891281,0.1613618391618729,0.39789934927925763,0.06861917000395709,1.8389937561571756,0.0919447775825773,0.2688134884990769,0.0,0.0,0.2985074626782684,0.0672682153521598
HAU/user20/3-1-2,26.0,0.0840531374100139,0.1732382829501457,0.7990421997635728,0.8387680637432569,13.27563049399706,0.06410513698200845,0.17422496194969536,0.3679446153793574,0.07500023335478292,1.9500060672243564,0.11234929543708748,0.29891709194055766,0.019230769230769232,0.2,0.15384615384615385,0.0929255331985227
HAU/user20/3-1-3,15.80000000074506,0.1549721550481571,0.32376708851805264,0.7948744686049916,1.5341885471117418,23.83648453954799,0.12315663978686835,0.30926101984383486,0.3982287824402474,0.14320284585730347,2.262604964652089,0.04095406845973288,0.31529702265462745,0.04430379746835443,0.2000000000094311,0.6329113923752181,0.09917678480101205
HAU/user20/3-2-1,19.399999998509884,0.2273664806072272,0.4370876243870535,0.6790898571602388,2.080545188397087,32.3374917817578,0.1974803100847486,0.4418607548530428,0.44692882875171647,0.20641893843510772,4.004527405333501,0.01044520155465075,0.5342496535110475,0.005154639175257732,0.099999999992319,0.4123711340522928,0.12383678034351328
HAU/user20/3-2-2,17.199999999254942,0.2512567443034431,0.43790655970920056,0.5282048976819065,2.4134809682384675,36.72391590965793,0.19267745258917313,0.4803675906380354,0.40110418759131994,0.23558995362676594,4.052147202204846,0.036552088713823434,0.4297768385283632,0.0,0.0,0.11627906977247876,0.1287230492604304
HAU/user20/3-2-3,9.39999999850988,0.35812985793357305,0.5582667644844951,0.4252709613176361,3.5576108480183555,52.959127063225594,0.3086713745530149,0.6291540695309834,0.49061333147301645,0.3360080776780529,3.1584759296730063,0.022496389470709727,0.4563652935059318,0.0,0.0,0.3191489362208052,0.20653292716595417
HAU/user20/4-1-1,34.399999998509884,0.13655850283143636,0.28267696555850325,0.9485757020832465,1.7021837384356786,28.226876503315626,0.11888999344345122,0.19903797069088097,0.5973231762434515,0.1294772402975278,4.454017066042021,0.016824076442445213,0.31537352556878184,0.011627906976744186,0.09999999999566828,0.14534883721559844,0.08431221664967402
HAU/user20/4-1-2,20.100000001490116,0.22160845849289898,0.5169933225390457,0.8845510537386698,2.677551332043653,43.784372470658695,0.17637335939530838,0.2967114199596354,0.5944272681680904,0.24065906344203514,4.837247175543516,0.021862069957460407,0.2890186711470798,0.13432835820895522,0.5000000000370676,1.44278606954478,0.08627033382614514
HAU/user20/4-1-3,23.30000000074506,0.13650435369036057,0.3173675912068355,0.8307159868583183,1.748762647395163,29.829696879937348,0.10813597204291515,0.20993567119934467,0.5150909843479793,0.13331112212977256,3.106149145723025,0.034357700467394364,0.2586812303795978,0.02575107296137339,0.20000000000639534,0.3433476394739994,0.10508500531693427
HAU/user20/4-2-1,16.39999999850988,0.278223052171209,0.5600244229578438,1.1131525229154162,3.507139519635965,55.43369203278602,0.24614355074738029,0.47192063921242433,0.5215782692543058,0.28896210988636595,4.7389786017058135,0.053133314622675475,0.5331482685710202,0.10365853658536585,0.6999999999363974,0.12195121952327573,0.3543934939409375
HAU/user20/4-2-2,10.399999998509886,0.38403464795094366,0.6414347523865617,0.7189493746625601,4.7215066464550945,75.49018456250019,0.3174274029127165,0.5401672179727075,0.5876465504819071,0.39066676618593366,4.06293436775157,0.09376978128256702,0.5655770661437411,0.038461538461538464,0.2999999999570159,0.7692307693409849,0.11635235132200693
HAU/user20/4-2-3,15.899999998509884,0.31262852250641465,0.5072735357729339,1.456014521888102,3.8083299312567207,62.7782235563023,0.2886061620968691,0.3672121249841204,0.785938539811045,0.3373208371924813,5.363401310857806,0.063293029148647,0.5322954833022543,0.012578616352201259,0.09999999999062821,0.5660377359021044,0.12673699866692584
HAU/user20/5-1-1,14.900000002235174,0.1997224167310174,0.3782769273619788,0.7421464912443346,2.6683089778823277,43.68074847195725,0.12333924561758364,0.19372147926406763,0.6366833737252894,0.1937328116766225,2.8866188944147018,0.021830465046305078,0.21706916444052218,0.026845637583892617,0.10000000001500116,0.20134228184899094,0.2530968351946536
HAU/user20/5-1-2,17.300000000745058,0.11775464334357379,0.2367962650554655,0.8807484972977299,1.488460905682379,24.728057009370602,0.07734260910445968,0.11422363964777713,0.6771156011648699,0.10286813561512498,1.7796187462183046,0.0575342281434059,0.19064284358417777,0.04046242774566474,0.10000000000430669,0.28901734102801535,0.16407990985231632
HAU/user20/5-1-3,20.5,0.09537935812771726,0.23174572919244288,0.9595791726255695,1.1780440376118484,19.884957714929516,0.06960290011251268,0.09562222696485793,0.727894565875336,0.08510370968068032,1.7446260484539464,0.0617529263507653,0.17525528125582243,0.07317073170731707,0.2,0.34146341463414637,0.08060463842099955
HAU/user20/6-1-1,9.80000000074506,0.23623347813904957,0.5546004574697662,0.8796588113792836,2.294436717535329,31.41208340405589,0.19563480970508387,0.4517211866136546,0.4330875218374862,0.2394595564421247,2.3467036533112338,0.0023294651964166583,0.23693363434859482,0.23469387755102042,1.3000000000988345,0.1020408163187728,0.23999289769496845
HAU/user20/6-1-2,5.699999999254942,0.45370622772340896,0.8075663483300779,0.6794568971776624,5.389392976204939,78.92912225919432,0.39981835220025386,0.859228489843546,0.4653225032234824,0.44513099573044707,2.5372466753319,0.01225865623917384,0.2778336922765753,0.22807017543859648,1.2999999998300742,0.17543859651416,0.38788237086299293
HAU/user20/6-1-3,8.100000001490118,0.3208410394753302,0.599201688672367,0.6281696855648624,3.0723014962102044,41.483005182459145,0.2705409552497503,0.6064517605166145,0.4461046573154994,0.3183005372376356,2.578234352099153,0.06805148874471009,0.26237303144425395,0.09876543209876543,0.400000000073586,0.12345679010074506,0.19979730293422265
HAU/user20/6-2-1,9.199999999254942,0.14061716625265022,0.25426019541962125,0.6667794657668965,1.6450086732764393,26.38445289479048,0.11013517450492952,0.2762134060499282,0.3987321820516175,0.13527335324919187,1.2445148497917788,0.016786959110802812,0.19984250621971064,0.0,0.0,0.10869565218271571,0.22757382442692295
HAU/user20/6-2-2,6.599999997764825,0.12808574666236186,0.25248801695732487,0.7666375787515464,1.5544391423972,25.171337689044663,0.12262676961846304,0.19884210738707858,0.6167042313781447,0.12042646063512011,0.7948146399226185,0.06092781842077463,0.20069835974863692,0.015151515151515152,0.09999999996613372,0.15151515156646406,0.3032288653559034
HAU/user20/6-2-3,7.999999999999999,0.11056445954617726,0.1898176289218126,0.5393099939581177,1.3624617711002247,22.679623822654264,0.08847999377032222,0.18961943304882645,0.46661880526201166,0.0967301041486948,0.7738408331895583,0.04816052181667248,0.14037637399919103,0.0,0.0,0.75,0.15666490766870567
HAU/user20/6-3-1,31.699999999254956,0.2485416270272509,0.42756827122544266,1.8288398121306548,2.744793721313933,43.885320631750886,0.23958499057754215,0.3197691119785862,0.7492436913179488,0.25900403031316493,8.210427760734357,0.040494470428805815,0.6500405464996915,0.025236593059936908,0.2999999999929491,0.25236593060530044,0.09227317939373017
HAU/user20/6-3-2,16.699999999254942,0.2923640894668779,0.5911551535857072,0.7038673014416924,3.1440580100692763,49.53532153074935,0.29789792792346365,0.39063589384211717,0.7625974260349645,0.30632983272140407,5.115708206219214,0.05234695892102762,0.6718568301753272,0.08982035928143713,0.5999999999732314,0.23952095809451843,0.20960839256690508
HAU/user20/6-3-3,25.89999999850989,0.2081502472720176,0.38390990841725675,1.3397632018885761,2.243484252371967,34.76078582516118,0.21369847577318177,0.26914072000874845,0.7940027617234311,0.2308698334149007,5.979528685101905,0.07287755013834935,0.5903497032807692,0.04633204633204633,0.19999999998849333,0.19305019306129986,0.1497154313802036
HAU/user20/7-1-1,34.399999998509884,0.12367983977870813,0.24592140325839634,0.7092175552396646,1.0459621042878409,15.831204198061442,0.10064512257721869,0.23403753885249018,0.4300383717956255,0.12153496145942357,4.18080267402307,0.030012376941905262,0.25887530202506936,0.03197674418604651,0.3999999999826731,0.11627906977247876,0.0944571544708871
HAU/user20/7-1-2,31.999999999999996,0.12932839273883365,0.27498124270870217,0.7768173731298905,1.1174476580410917,17.103085326950566,0.10051108346653606,0.2450743044697011,0.4101249344516143,0.12613198670111836,4.036223574435788,0.041768033582286125,0.2861708063167181,0.0625,0.30000000000000004,0.375,0.111751283214485
HAU/user20/7-1-3,20.399999998509884,0.1848409687207213,0.35676360471720975,0.6856112504455484,1.6737911152537306,25.487041645079344,0.1437238583783944,0.3838317040809946,0.3744449884567675,0.18042052230346997,3.6805786547219403,0.04256355807599376,0.34545936945137307,0.029411764705882353,0.19999999998539103,0.9313725490876399,0.11940428305464963
HAU/user20/7-2-1,13.499999999999996,0.2990411739008533,0.6427095693642383,1.3008737339082852,3.569997750174632,59.51877438055909,0.24918267816610462,0.5183108112230934,0.4807591743983346,0.3022455865666249,4.080315418649437,0.0740619125539682,0.4280604490279177,0.15555555555555556,0.5,0.37037037037037035,0.16908905711627306
HAU/user20/7-2-2,13.999999999999996,0.33053900259278934,0.7198271494669334,1.2034492694010626,3.9183345004336547,64.77844259447667,0.2827218995913388,0.45762997675221206,0.617795846723182,0.35419337446586,4.95870724252204,0.07138084739723596,0.46698286123908356,0.21428571428571427,1.8000000000000005,0.3571428571428571,0.20109556740083298
HAU/user20/7-2-3,8.499999999999998,0.517652029606973,0.9896300433109396,0.8654893123508517,6.694739518833464,109.94263850282911,0.533235703856444,0.7444247643500826,0.716305701632156,0.4982573477635077,4.235187455989816,0.08436045064894711,0.6364543083454699,0.11764705882352941,0.6,0.3529411764705882,0.23366026920296032
HAU/user21/1-1-1,10.5,0.38734260384299435,0.663241825665787,2.042358789024159,6.1698948412550045,111.3489619658771,0.2559009683937343,0.5608766502189845,0.45625177628195157,0.2927859709477862,3.074252694951754,0.13271378002505071,0.49258875149670844,0.12380952380952381,0.7,0.5714285714285714,0.0774000792611412
HAU/user21/1-1-2,9.999999999999998,1.0205924593062046,4.06243615612713,1.5110869253669867,17.559916946419108,315.4652079137284,0.73490174023254,1.888169231571449,0.38921391555125395,0.6525258479330691,6.52525847933069,0.07076511132181719,0.75168375210777,0.61,3.1000000000000014,0.1,0.4833479193951818
HAU/user21/1-1-3,4.399999998509883,0.5614186836694505,1.0428936066566026,1.0726258289888084,8.510261414151953,146.10965931973726,0.34476536024719356,0.8306201913125034,0.415069803790037,0.38643888066468113,1.7003310743487576,0.22063641262156122,0.5910324801324915,0.022727272727272728,0.09999999996613372,1.3636363640981766,0.19239517531795036
HAU/user21/1-2-1,15.899999998509884,0.4034014337279356,0.8777800727618318,1.4006489484556075,6.139085488310539,104.24497520227754,0.284974053965994,0.504254426908508,0.565139418106805,0.3648624333922776,5.801312690393528,0.015892243175210305,0.6786687531123256,0.24528301886792453,2.499999999765705,0.18867924530070146,0.11879715104751555
HAU/user21/1-2-2,16.09999999776483,0.18986406549383794,0.4170881143821431,1.1176834552094648,2.661980055891001,45.96843404641789,0.14954840696732669,0.28155601450333295,0.5311497490116895,0.1875633537523666,3.0197699949938652,0.10977991780820237,0.3759478214701783,0.2422360248447205,3.0999999995696257,0.1242236025017181,0.14935433060756742
HAU/user21/1-2-3,14.899999998509884,0.6987576914677586,1.7965909860138989,1.8269683575084552,11.443540202358275,207.57157119489915,0.5233557190140871,1.0756270665984127,0.48655871052278393,0.6619574374687419,9.863165817297858,0.061917435312021596,0.9062957988575449,0.4161073825503356,1.6999999998299866,0.8053691275973218,0.1491164426433332
HAU/user21/2-1-1,31.19999999925495,0.11426348924510275,0.24861267637420034,0.9673751424891562,1.2678019197139736,20.628283177775714,0.08492193177941679,0.2751252592242658,0.30866642964805724,0.09634593734997622,3.005993245247475,0.02513494769571081,0.3191453159621598,0.05128205128205128,0.29999999999283605,0.19230769231228456,0.05625585046865521
HAU/user21/2-1-2,29.499999999999993,0.11915007234822171,0.22400731440552824,0.9018060467392585,1.3061735967934147,21.35794563500739,0.08005413928987387,0.2833651720507764,0.28251227357262043,0.10764060622100212,3.175397883519562,0.011709048210869632,0.3370424908733624,0.010169491525423728,0.1,0.1694915254237288,0.11096958410506323
HAU/user21/2-1-3,14.399999998509884,0.21183145113733012,0.4400536142803073,0.7855758819531671,2.2057615362747707,34.50066800575903,0.14066790028110812,0.5126968574612124,0.2743685629424434,0.19802207919022885,2.85151794004422,0.02823029826133062,0.38876494269334166,0.020833333333333332,0.09999999998965198,0.34722222225815286,0.13958216115944486
HAU/user21/2-2-1,23.699999999254942,0.4406132617306079,0.7014613602744169,2.4064727265487287,7.037675557338669,124.44458104402517,0.3774909042395946,0.6333217518332952,0.5960491686110754,0.4268028137670138,10.115226685960234,0.042572949854986906,0.53080295329323,0.25738396624472576,0.9999999999685628,0.2953586497983147,0.09041404140056915
HAU/user21/2-2-2,16.89999999850989,0.29228141059663865,0.49633967083222963,1.5171164357948272,3.940530976569045,66.9333167658102,0.19499631668464437,0.4727480955698857,0.4124740387099969,0.3284835649455077,5.551372247089603,0.08596320120781054,0.46628801633687667,0.03550295857988166,0.09999999999118277,0.11834319527670678,0.26000998845804624
HAU/user21/2-2-3,12.400000002235178,0.46237764173671475,0.798402870519394,1.0714994953574628,6.3711706923683655,105.9862958697329,0.2925326309302998,0.6231488628895422,0.46944261296471435,0.4393302822334648,5.447695500676943,0.06920665196109603,0.4682250557613623,0.056451612903225805,0.3000000000540768,0.7258064514820722,0.09972586099222373
HAU/user21/3-1-1,13.599999997764826,0.0508715220628097,0.10293701934562763,1.066649350090814,0.5737259377883969,9.24610838048934,0.04395888461062264,0.08776927565520595,0.5008459256570079,0.043466053960838746,0.5911383337702527,0.06619831233181261,0.07891395302937332,0.0,0.0,0.22058823533037158,0.08624326092758322
HAU/user21/3-1-2,9.300000000745053,0.05963344276252144,0.1533042428540194,0.9158703372795871,0.6252940318404041,10.035612193886514,0.052564454490845444,0.09893537812830944,0.531300885021874,0.050034346682267,0.4653194241823615,0.07082997737965437,0.1019951097529073,0.021505376344086023,0.10000000000801135,0.10752688171181576,0.5036158554974486
HAU/user21/3-1-3,5.999999999999998,0.07474966544255858,0.13160105088281862,0.7371875304874379,0.907580798108663,14.837847981782506,0.06009785379122774,0.1411183560929384,0.42586843433592564,0.05922467659271212,0.3553480595562727,0.09708332408055692,0.08408974871148411,0.0,0.0,0.3333333333333333,0.35291867112949604
HAU/user21/3-2-1,23.60000000149012,0.2764134819821779,0.5091532270411943,2.2591209501142657,3.9325702694971962,67.64985347651597,0.26361518091524083,0.46204929193079713,0.5705347566774082,0.26328950770455645,6.213632382219863,0.049878351414035425,0.3270726199740473,0.3220338983050847,3.4000000002146797,0.2542372881195406,0.25107119516886217
HAU/user21/3-2-2,17.299999997019764,0.4429569649459706,0.6560732314585113,1.820907376546422,5.979142186613258,100.30323451795972,0.3671859976045578,0.6543954085659635,0.5611072330841973,0.4385143321135872,7.5862979442581855,0.052480785265126915,0.40313342121247053,0.12138728323699421,0.49999999991386623,0.28901734109025073,0.21440056660978082
HAU/user21/3-2-3,11.199999999254942,1.0405798053019653,3.934511205655767,1.516079233379232,16.741067399417037,265.04195613217894,1.0403563804712206,1.4623332986729947,0.711435881754087,0.885278730400025,9.915121779820694,0.05546110215025324,0.9490946782403297,0.41964285714285715,1.0999999999268248,0.26785714287496154,0.1415118563732935
HAU/user21/4-1-1,26.900000002235178,0.14538733692440764,0.26396423527979346,1.5218266423647124,1.8486457884325755,31.021119432367783,0.1348056789667824,0.19138819278828398,0.7043573393869118,0.1426780365405939,3.8380391832608867,0.07660476494293902,0.3727480189833174,0.011152416356877323,0.10000000000830919,0.14869888474600862,0.22678933326601908
HAU/user21/4-1-2,18.400000002235174,0.18849350646592988,0.3401647131364607,1.7918673162806955,2.6166231874821264,45.49057026675352,0.16435316201667097,0.2618272066985928,0.6277161318004396,0.18975466769275762,3.491485885970875,0.08881032128085996,0.31460114873862943,0.125,0.40000000004859076,0.10869565216070903,0.30800143001702623
HAU/user21/4-1-3,11.399999998509882,0.22826886590004922,0.5072648175947968,1.1406854681248924,2.613057140775049,40.74322183610048,0.2044924857603175,0.37257568442708733,0.5488615971434251,0.2123927998980419,2.4212779185211875,0.05517954080353566,0.29378211005336996,0.24561403508771928,0.5999999999215728,0.17543859651416,0.4443776884581443
HAU/user21/4-2-1,12.19999999925494,0.19548604765369387,0.4131178722942178,0.867523882513666,1.999445497092809,30.7274055466833,0.14846651285781298,0.40180885104697256,0.3694953759765771,0.1804486295399597,2.2014732802530634,0.06789467119551947,0.2967259120547118,0.05737704918032787,0.6999999999572507,0.9836065574371184,0.10761252140884797
HAU/user21/4-2-2,5.799999997019768,0.3037249594177292,0.49128170668659255,0.5267707723614945,3.1805160502691057,47.70217735884195,0.22813431469765533,0.61311253765197,0.37209207170880343,0.2713714387676241,1.57395434404347,0.014464698705655732,0.23236035449634396,0.017241379310344827,0.09999999994861669,1.724137931920402,0.1794379564772832
HAU/user21/4-2-3,5.699999999254942,0.22818990126314884,0.4361907624557465,0.6568011586888659,2.8788402677488496,46.31631914119867,0.17745706125188468,0.5615401223074118,0.31601848894907353,0.17814036500030409,1.0154000803690084,0.03610843252753653,0.21766065853215952,0.017543859649122806,0.09999999998692881,1.22807017559912,0.18629609215548945
HAU/user21/5-1-1,8.699999999254938,0.6698925517703873,1.2733104754781783,1.2086021678428744,9.832241455877034,172.34247410533118,0.707559167834219,0.9657619279549959,0.7326434669047623,0.5262515542896615,4.578388521927969,0.08787313796095643,0.679659302499574,0.10344827586206896,0.5999999999486166,0.11494252874547572,0.2521083664899611
HAU/user21/5-1-2,7.900000002235176,0.9622744696311549,2.5716651114955598,1.4148288322833293,15.773344150634712,283.69640418259576,0.9803757653983749,1.1034047807441376,0.888500559013989,0.663955043661602,5.245244846410713,0.08346984266710933,0.6536620436702213,0.25316455696202533,0.8000000002263469,0.12658227844519826,0.18636011996677254
HAU/user21/5-1-3,4.400000002235172,0.5097779405380846,1.5245772940330689,1.0868611646837396,6.8239101652620615,110.93809394715879,0.6303627580570176,0.6452584525025127,0.9769151487057006,0.41288475796605456,1.8166929359735093,0.16716179278692112,0.49538783392568914,0.3409090909090909,1.3000000006603927,1.1363636357863702,0.24477392402480103
HAU/user21/5-2-1,24.19999999925494,0.2534103437461029,0.4903611505860076,1.1497146665790323,3.2733095753689883,54.7155607375609,0.22668572099415568,0.3534529415730939,0.6413462548759999,0.24496106656515165,5.928057810694158,0.0690578123633968,0.5579773269512873,0.05785123966942149,0.2999999999907637,0.206611570254295,0.09380109548127748
HAU/user21/5-2-2,19.800000000745065,0.25783119423155926,0.5072970780184497,1.0434299833390301,3.364019265269476,57.286736210413885,0.22498682069914308,0.3832884669853852,0.5869908423848583,0.245525022095735,4.8613954376784845,0.11911114252679054,0.48611631359764923,0.025252525252525252,0.10000000000376293,0.7070707070441006,0.12512163991030278
HAU/user21/5-2-3,15.999999999999998,0.31881388697412555,0.6524429488723639,1.1694904181970351,4.338589776694069,72.41554999048509,0.31380637601485584,0.4693543359299749,0.6685916190046285,0.3345644925391384,5.353031880626214,0.06206958600278582,0.48443532065621364,0.05,0.2,0.1875,0.18883353901876504
HAU/user21/6-1-1,15.300000000745069,0.40645149289819693,0.7226357945811616,0.9322613098890664,5.818567183386907,101.10182633903008,0.29091359282464885,0.8192299041834619,0.3551061685907333,0.35992879191056615,5.506910516499831,0.0208631758665073,0.3250898516773939,0.0196078431372549,0.2000000000097394,0.1307189542420004,0.14031395776659267
HAU/user21/6-1-2,18.900000002235178,0.5037769584782612,1.0482919763592367,1.1274150850825153,7.467893777501021,129.7141828697228,0.3751087478439188,0.8686743895500287,0.43181743576716564,0.4483360594783477,8.47355152514288,0.008582673339227864,0.3561344843989204,0.07407407407407407,0.300000000035479,0.1058201058075912,0.24904658027715598
HAU/user21/6-1-3,7.800000000745057,0.6750368686112651,1.6079363364756407,1.2891222810452456,9.732853078596165,167.08682389569617,0.5670721770581995,1.2488592501696707,0.4540721274451741,0.6215227058556712,4.8478771061373065,0.008312361720268101,0.5855414894040449,0.24358974358974358,1.0000000000955203,0.2564102563857641,0.23734837408375425
HAU/user21/6-2-1,21.40000000223518,0.28159578724247253,0.49723985230893436,1.3643393118423743,3.903001980525306,68.78322880539731,0.24343016437051837,0.44082376840337767,0.5522165120542004,0.28263035188367985,6.048289530942478,0.09276979772451624,0.5873397292902492,0.0514018691588785,0.20000000002088952,0.3271028037041527,0.11128014538715558
HAU/user21/6-2-2,15.69999999925494,0.28007604703902245,0.49930400138160785,1.170337867853848,3.8445510752394947,66.78380646000585,0.21643628989970418,0.4694309835752697,0.46106093762756356,0.32929254339516956,5.1698929310588175,0.09665440271004191,0.5671066677092762,0.07006369426751592,0.7999999999620351,0.254777070075785,0.20736413522331232
HAU/user21/6-2-3,8.399999998509884,0.38967025760099183,0.8892899194653556,1.3088499017230684,5.450000800556579,95.0434931106131,0.3641205227863537,0.6865399241539862,0.530370499144218,0.40682766941673176,3.4173524224943255,0.14484258344374867,0.5588051772992085,0.2261904761904762,1.5999999997161682,0.11904761906873747,0.37886069263319483
HAU/user21/7-1-1,20.19999999925495,0.1016128182010032,0.18933788315230995,0.8680078276849541,1.02400655686556,16.297323563364472,0.08142473849572592,0.19693114907122844,0.41346804944913607,0.08612207409289202,1.7396658966122533,0.037002673118242936,0.20244800068870394,0.009900990099009901,0.09999999999631161,0.14851485149062632,0.14741964033285032
HAU/user21/7-1-2,13.499999999999996,0.12483489996863636,0.2575651267856541,0.816612414783142,1.1738546093002924,17.543722413283014,0.09808176928031528,0.21853545240247518,0.44881399220692486,0.11369644100712993,1.534901953596254,0.02076263964433318,0.19657666876811564,0.0,0.0,0.7407407407407407,0.16530279533199865
HAU/user21/7-1-3,25.199999999254935,0.1332951256483295,0.26445735389151,1.1859373909489108,1.3331050269209017,21.409973915057417,0.11926378163920895,0.2013020972271091,0.5924616916047021,0.12288853099274077,3.0967909809255074,0.006312224605879518,0.2580959476667371,0.05952380952380952,0.1999999999940868,0.15873015873485175,0.12966876123558957
HAU/user21/7-2-1,5.399999998509881,0.16660170620378706,0.39009311702973515,0.9669475901423208,1.7782039969299714,28.071926397510197,0.13083417375715434,0.3215277197306796,0.40691413312615926,0.1433127659136784,0.7738889357203107,0.0733959599534089,0.22362438412923794,0.07407407407407407,0.09999999997240526,0.3703703704725731,0.36735679224186685
HAU/user21/7-2-2,4.300000000745059,0.23007552459574354,0.3942809895655327,0.7682643879103693,2.994550522440439,51.034435006311206,0.17722233627398332,0.4931558031708532,0.35936378478186753,0.205005913634781,0.8815254287822998,0.09471236445520725,0.23371094232007705,0.046511627906976744,0.20000000003465387,0.9302325579783541,0.1655379855930649
HAU/user21/7-2-3,5.499999999999997,0.20613660356847788,0.4130011769957857,0.8185821306823406,2.3806633467232334,37.58441380295487,0.14903912684584877,0.4047907824281575,0.3681880441635606,0.18174941443939693,0.9996217794166831,0.04154525886786874,0.24664353130881883,0.01818181818181818,0.1,0.5454545454545454,0.2924884273392238
HAU/user22/1-1-2,10.300000000745053,0.20152310529550638,0.38253651909939357,0.7228401300604278,2.1984650438403044,33.76248421743312,0.20849978338445768,0.3055040585961516,0.6824779469709021,0.19453012560124147,2.003660293837723,0.08017716997495493,0.464069626837945,0.0,0.0,0.3883495145350153,0.2208683379467235
HAU/user22/1-1-3,5.999999999999998,0.3188880390628925,0.600499642255357,0.7020753113041336,3.258364191196334,45.901067146465174,0.2943394361857172,0.5197153792038168,0.5663473651102765,0.31378807114769647,1.8827284268861786,0.06133520084671459,0.47458374216039195,0.03333333333333333,0.1,0.6666666666666666,0.1857002908119496
HAU/user22/1-2-1,26.599999997764822,0.2452252067768891,0.4253399289594324,1.5125790836128208,3.615323565412726,62.01925936525639,0.1422392630793106,0.24858809693382614,0.5721885490960815,0.244907292742676,6.514533986407772,0.03376376094667465,0.3271369038078777,0.17669172932330826,1.999999999831941,0.18796992482782504,0.1311770652100776
HAU/user22/1-2-2,20.0,0.3837688714802968,0.7945196928415938,1.1058857960902433,5.9290110355561465,103.18985530640177,0.19815346618956034,0.3934780212376364,0.5035947498736991,0.3442521492947279,6.885042985894559,0.04740775355245232,0.35210361674950713,0.155,1.3,0.35000000000000003,0.14867804404915558
HAU/user22/1-2-3,11.899999998509886,0.3338890240303898,0.6281835828229116,0.7752011378433347,4.59888338482603,78.1150701404099,0.20982192480520545,0.386763882678262,0.5425065101987403,0.44811356802394364,5.332551458817189,0.03138135543335725,0.3463003643287878,0.07563025210084033,0.4999999999373901,0.4201680672795041,0.1310976244703004
HAU/user22/2-1-1,39.60000000149012,0.14646219413734243,0.23722297259172978,2.402916652422497,1.703924484835749,28.674835096439306,0.15431808189507276,0.2694485007986831,0.5727182777596983,0.11847864347296956,4.691754281706142,0.10208881490309697,0.3104089616225283,0.027777777777777776,0.3000000000112888,0.4292929292767753,0.06653981896998751
HAU/user22/2-1-2,32.49999999999999,0.17916315235980435,0.3448095943474935,2.1690790798357824,2.201692852543276,37.12310773406112,0.18215355628937863,0.28051104348326955,0.6493632242713451,0.15024151972988176,4.882849391221157,0.09973360822989875,0.31445703831571475,0.12615384615384614,0.6,0.2153846153846154,0.06702244811572161
HAU/user22/2-1-3,17.999999999999996,0.25064011881524173,0.46147101408581903,1.8916565507981133,2.966798417003851,47.134505204782045,0.22764739448713306,0.4845630344417613,0.46979934051220784,0.2045512440608388,3.6819223930950984,0.1308271314829953,0.29642669762151536,0.19444444444444445,0.9999999999999999,0.1111111111111111,0.16111782684026874
HAU/user22/2-2-1,26.0,0.3766422348509271,0.8043530708288962,0.9447922215850314,5.28728605049874,91.41376602842588,0.3222569733339705,0.5812874583941412,0.5543848712474366,0.34092946274916375,8.864166031478256,0.033100895674412906,0.5726749858306563,0.03461538461538462,0.2,0.6923076923076923,0.054999802188447786
HAU/user22/2-2-2,28.999999999999996,0.300325975296382,0.5141651897555888,0.9674410556787261,3.704809112314477,61.879409899845655,0.25787398923216537,0.5600738645673703,0.460428534673604,0.262752688047367,7.619827953373643,0.03332506618949734,0.5541165108335065,0.020689655172413793,0.2,0.41379310344827586,0.0872195484751171
HAU/user22/2-2-3,13.600000001490116,0.4502658227481917,0.8087482353122135,0.9316182783501435,5.825285564476319,96.63541905601522,0.380305451663626,0.701874978276763,0.5418421555011211,0.4489462203674567,6.1056685976663925,0.038906323828912556,0.47739885519637454,0.022058823529411766,0.20000000002191345,0.2941176470265979,0.11675646671570694
HAU/user22/3-1-1,18.300000000745058,0.21577004370708833,0.29755344457331595,2.566428024593365,3.0372021598623897,53.76634875198673,0.3198274820575135,0.2792550097061553,1.1452882483603861,0.16418970682720202,3.004671635060128,0.15707058920960998,0.40277753641908387,0.15846994535519127,0.7000000000284996,0.10928961748188923,0.16670715793552665
HAU/user22/3-1-2,17.200000002980225,0.15595953620327555,0.29047517791231725,2.1925686340121935,2.030183997355405,35.75035900717117,0.15215305308141822,0.21695695948279858,0.7013052392641795,0.1275820695636232,2.194411596874543,0.20127910372300922,0.31098025543462476,0.28488372093023256,2.3000000003985197,0.46511627898917707,0.12900544446618897
HAU/user22/3-2-1,14.499999999999998,0.39986912141310954,0.5567845543114474,1.9269937788718277,5.600335430392206,94.88124199088807,0.35856992251990144,0.4895875625962421,0.7323918113565695,0.3567033617341093,5.172198745144586,0.07190910182471956,0.5781346795816487,0.034482758620689655,0.30000000000000004,0.6896551724137931,0.11178353631405186
HAU/user22/3-2-2,11.800000000745062,0.37881109505445254,0.5659821861199953,1.8081750475859952,4.758049150842363,77.33754535140366,0.37209199753102745,0.5300388694237654,0.7020088870718866,0.36965582662963825,4.361938754505147,0.048312568381710545,0.4919664230466715,0.09322033898305085,1.1000000000694543,0.5084745762390812,0.06220039434598261
HAU/user22/3-2-3,8.699999999254938,0.5292128960393304,0.7346145039400194,1.4801328047515758,6.328694359127263,100.94865703232182,0.5213665542446412,0.7788866780158281,0.6693740800695428,0.5483523373303045,4.770665334365096,0.09631124487962728,0.5156040406531208,0.022988505747126436,0.0999999999914361,0.11494252874547572,0.35630874325275325
HAU/user22/3-3-1,12.999999999999998,0.052360325244715566,0.10845030647168225,0.8604829433000708,0.5251339505734499,8.561355688989835,0.044388686138646466,0.09558650687633444,0.4643823393577111,0.04739645597272981,0.6161539276454875,0.06735968695264073,0.13615143460133367,0.0,0.0,0.3076923076923077,0.15335152143048167
HAU/user22/3-3-2,7.999999999999999,0.08741760485536491,0.1981182741800339,0.7932825102361717,0.8298879111832161,12.622862686765378,0.06336510844249421,0.18052748282871506,0.35099978739312176,0.08298790976555039,0.6639032781244031,0.22352503346755706,0.14893790399649992,0.05,0.30000000000000004,0.125,0.22640310277439096
HAU/user22/3-3-3,4.799999997019769,0.1078820216467485,0.19843285220809231,0.5902034566778842,1.233809707775211,19.800658992676222,0.0733594069320484,0.22544102312131842,0.32540398189714975,0.09799597954862199,0.4703807015413348,0.1441538440375764,0.12990219712485998,0.0,0.0,0.41666666692536736,0.40688006611043837
HAU/user22/4-1-1,18.400000002235174,0.15127109015518767,0.27579293902950747,0.6226101844206934,2.1669857826212833,37.72317945280746,0.10415455376308165,0.20329287405308558,0.5123374527311099,0.150976193749283,2.7779619653242658,0.020650482285090067,0.23651738724060198,0.02717391304347826,0.20000000002429538,0.16304347824106355,0.2541954126113428
HAU/user22/4-1-2,19.100000001490113,0.09028937078068217,0.1655467425666016,0.9216677691243013,1.2743719414655854,22.030151229533985,0.06465795989130792,0.12596697660662065,0.5132929369253167,0.08581675262737166,1.6390999753106752,0.025404608078067575,0.19545168134188048,0.0,0.0,0.1047120418766475,0.11923336103427862
HAU/user22/4-1-3,19.399999998509884,0.11251246968753484,0.20754551615091243,0.7556579602302106,1.6498405609229538,28.935383157528054,0.08325865782215497,0.15210922629244225,0.5473609938342759,0.12965299423810742,2.515268088026086,0.029626861259608398,0.22992247311284972,0.0,0.0,0.1030927835130732,0.1674419885633394
HAU/user22/4-2-1,9.100000001490114,0.2177457076943698,0.46698399128047946,1.4129577024522213,2.8635606542112955,48.55731727407069,0.18367694961258502,0.2924451530884284,0.6280731516482763,0.2079107606508064,1.8919879222321496,0.19742951953669893,0.39053949941031263,0.24175824175824176,1.100000000180124,0.10989010987211549,0.13849472294887497
HAU/user22/4-2-2,7.499999999999998,0.48340729122399834,1.4916917194147377,1.5217186903778488,7.280328059784808,118.67961487444697,0.4671866094579574,0.6213492291163698,0.751890542087676,0.5771404172187435,4.328553129140577,0.06892940383980149,0.40615892519249647,0.4266666666666667,2.500000000000001,0.13333333333333333,0.39516198127386615
HAU/user22/4-2-3,3.100000001490117,0.46438303487047666,0.7670609564714016,0.9486395142420616,6.177119864746645,96.24000460317723,0.4080996232989135,0.8813951684393474,0.4630154979842973,0.4275466636871919,1.3253946580673892,0.2769276126329933,0.2997048238227626,0.22580645161290322,0.40000000019227316,,
HAU/user22/4-3-1,15.400000002235176,0.14862513849831685,0.28664736563696863,0.9509346045376706,1.632488170063153,26.222465898263575,0.1382244879389958,0.23227586317641308,0.595087605977066,0.14760261777035522,2.273080313993388,0.11485746916978354,0.31759869739455565,0.006493506493506494,0.10000000001451412,0.12987012985128035,0.11144729494868473
HAU/user22/4-3-2,17.399999998509877,0.19118953220915322,0.339249496226126,1.1635589962765847,2.8253083524556692,50.48888335004085,0.1498192494142557,0.2915337550660542,0.5139001789566708,0.246946681222981,4.29687225291189,0.02179907081005227,0.2343611115185276,0.040229885057471264,0.0999999999914361,0.11494252874547572,0.09986050065397892
HAU/user22/4-3-3,15.199999999254945,0.20545203172771384,0.45347981883349225,0.8086946942144988,3.1020681208875476,53.373106839617286,0.1672583504912479,0.25446952838633013,0.6572824294311477,0.24280078928540205,3.6905719969572104,0.04223604472023044,0.27380175589357664,0.07236842105263158,0.3999999999803932,0.13157894737487066,0.1801146553963986
HAU/user22/5-1-1,8.800000000745058,0.1527097570072107,0.3133243560077701,0.7305672015617063,1.379903359408527,20.86706104432163,0.12790191421051858,0.2657833185032613,0.4812262652508151,0.15133500609570028,1.3317480537549153,0.0655778448940761,0.22305545534369897,0.06818181818181818,0.20000000001693313,0.3409090908802276,0.21332615307660951
HAU/user22/5-1-2,5.900000002235174,0.20920296357503781,0.366618167510114,0.5131059650845806,1.9859573892185987,29.285800732269372,0.1671024120371771,0.37226585316166755,0.4488792355492478,0.1978524044420131,1.167329186650112,0.06471965355616799,0.24677189136701413,0.0,0.0,1.0169491521571086,0.16834367966391894
HAU/user22/5-1-3,2.8999999985098843,0.30976865105588974,0.5461223861036504,0.47566500098746145,2.9154974562502036,44.691014791155574,0.23927067751365086,0.5577219911016991,0.42901424168695956,0.3193665854085956,0.926163097209034,0.17161278244550052,0.24868336609645625,0.0,0.0,,
HAU/user22/5-2-1,18.800000000745065,0.15655101311276418,0.31266033216065403,1.4958831159318222,2.015123155929005,34.763744028672065,0.1375942296576679,0.2428912261610468,0.5664849705190764,0.163707383074509,3.0776988019227414,0.1722868378978005,0.46922760455225854,0.0425531914893617,0.30000000001188926,0.1063829787191882,0.18386952525886294
HAU/user22/5-2-2,15.199999999254945,0.22159853706003704,0.3699560667753677,1.1656354672928886,3.0386616377869133,52.85588960877817,0.17062123785563035,0.28500618261477245,0.5986580210001685,0.29873150014825395,4.540718802030887,0.113281262071082,0.4708497121654954,0.07236842105263158,0.2999999999852949,0.13157894737487066,0.22913054727049018
HAU/user22/5-2-3,13.29999999701977,0.2536228826645328,0.4756069030956408,1.147987034338096,3.488597239247103,59.39001043713733,0.21150698724706227,0.3332640624103796,0.6346528488030037,0.3578098652018498,4.758871206118246,0.09701015719066439,0.5008372040393171,0.045112781954887216,0.09999999997759224,0.15037593988331993,0.2814970776987682
HAU/user22/6-1-1,16.199999999254945,0.32651147534310826,0.6235389252450829,0.8216123434368561,4.216588274277586,70.21774967481463,0.2562621479915052,0.6057983484073264,0.423015592964582,0.2836851604922924,4.595699599763775,0.009350329332751121,0.4783620466027294,0.037037037037037035,0.49999999997700445,0.8641975309039429,0.09879188290716391
HAU/user22/6-1-2,13.799999997019771,0.4097782709315108,0.8089451400789218,0.8430949896333662,5.509616361212573,95.31258667756487,0.30359302002063454,0.8011528233529202,0.3789452034520909,0.3624496721283975,5.001805474291702,0.02405500925641574,0.44921339906020635,0.050724637681159424,0.39999999991361646,0.21739130439477367,0.15244751677170468
HAU/user22/6-1-3,10.899999998509882,0.5729890237392486,1.0706687912853063,1.1297000785050881,8.648648103760255,153.49162884602836,0.42957102397528224,1.1322106898929296,0.3794090865159528,0.4906924568290523,5.348547778705481,0.011349853486351119,0.45194525725526763,0.01834862385321101,0.09999999998632919,0.5504587156715824,0.08967239799040064
HAU/user22/6-2-1,52.0,0.18671389292960128,0.3609157669780991,0.9987750426624635,2.2536093865304956,36.79714746947351,0.16014081220083545,0.2894959779080124,0.5531711107176391,0.19487834139582574,10.133673752582938,0.05057400280050637,0.31926111501108406,0.06923076923076923,0.4,0.13461538461538464,0.10179124891625727
HAU/user22/6-2-2,42.800000000745044,0.22384248520064265,0.47099982908827703,1.011737806794523,2.7281157928889748,44.897982612221135,0.1942107749046948,0.3378207705531866,0.574892935125862,0.2252757409051892,9.641801710909942,0.051597228890502826,0.3415291720289046,0.0911214953271028,0.9000000000156672,0.2803738317708202,0.04119716157351051
HAU/user22/6-2-3,32.99999999999999,0.28555622714131257,0.6182203242929686,0.8695232021380754,3.4627758566698654,54.089094083228424,0.24906906609751003,0.47609268131191423,0.5231524771353896,0.27755231831975147,9.1592265045518,0.04981146359249117,0.351016795230128,0.08181818181818182,0.6,0.12121212121212122,0.08583175865577591
HAU/user22/7-1-1,12.69999999925495,0.1051221089371696,0.22275986633461226,0.7248290509926087,1.1546868470252796,19.185307730269123,0.09413439864904236,0.12786098961663128,0.7362245372498937,0.11438295644300261,1.4526635467409112,0.1485133337758607,0.2043398983795075,0.0,0.0,0.31496062993973734,0.18028980707332942
HAU/user22/7-1-2,10.099999997764826,0.11292921434849194,0.23177597888047247,0.7655561872278328,1.184601760827065,19.4848750431183,0.09157583849350517,0.13783180450533633,0.6644028071587562,0.13725112967058886,1.386236409366167,0.15657517967188092,0.21424265689302388,0.019801980198019802,0.09999999997786956,0.297029703036031,0.2936655976434195
HAU/user22/7-1-3,6.30000000074506,0.1695357077795345,0.36806235220926925,0.7081736003037571,1.7468790305038426,26.15983325891426,0.12119805354817867,0.2626353675218546,0.46146889594610496,0.22775079622496425,1.4348300163869625,0.13299186904264976,0.22884745541997548,0.015873015873015872,0.10000000001182632,0.6349206348455472,0.2322150918384112
HAU/user22/7-2-1,25.70000000298023,0.1834174234545854,0.34241624489034905,0.8484688692993184,2.404467267809158,41.254823939735935,0.15168851509346046,0.34043118409462525,0.4455776137291816,0.1622230727324881,4.169132969708405,0.041157899839506816,0.3205984005826799,0.01556420233463035,0.20000000002319246,1.0505836574657206,0.055208482764933134
HAU/user22/7-2-2,22.100000001490123,0.20516817825146227,0.33528814157648185,0.8970606409945164,2.4980084284698503,40.956381094742575,0.1707943536244841,0.43337162648244615,0.39410598847152767,0.17649898883646473,3.900627653548874,0.044848466950565,0.3436476015171655,0.004524886877828055,0.10000000000674261,0.2714932126513775,0.058456802540424194
HAU/user22/7-2-3,10.300000000745053,0.30466854124510434,0.5799450673088622,0.6809792050510239,3.8831115209288853,64.88945371074055,0.24408480529078486,0.5807249552844054,0.4203105147271238,0.29422552373790684,3.0305228947196543,0.05913981194791069,0.40202998277098145,0.07766990291262135,0.8000000000578683,0.48543689316876915,0.0901353698051822
HAU/user22/7-3-1,15.100000001490116,0.1605472524152179,0.3923193242928028,1.208078933808357,1.8607285423268116,30.462125226705755,0.1358402055223665,0.2524651913700706,0.538055183952836,0.16129670251997816,2.4355802082920213,0.07528545163412168,0.29129232593364884,0.2052980132450331,1.2000000001184201,0.1324503311127572,0.12412040195570309
HAU/user22/7-3-2,11.199999999254942,0.1513744821088157,0.30657722784967817,0.755440487350716,1.5194524959177242,23.383937111207334,0.12942483977365132,0.26007836978123006,0.4976378442577969,0.15125791272151254,1.6940886223682448,0.1378197693390972,0.2796537826800001,0.03571428571428571,0.1999999999866954,0.6250000000415769,0.109368161072802
HAU/user22/7-3-3,8.999999999999998,0.2727647117518488,0.6982893408801765,0.9779431879487106,3.5949241007801067,57.84246217757835,0.21246794979508526,0.48484647045433515,0.4382169662032827,0.28627353736443006,2.576461836279871,0.08567844055371424,0.32409446436904427,0.3333333333333333,1.2,0.1111111111111111,0.32774707897701744
HAU/user23/1-1-1,13.700000002980236,0.2678194111073973,0.559364037410939,0.8395236690664633,3.472945511266021,59.363356674757284,0.16397012580596498,0.5333790333084442,0.30741764347479733,0.3085415292591809,4.227018951770304,0.01734586863960468,0.5112025923350925,0.19708029197080293,1.5000000003263034,0.14598540142809704,0.19661064314887564
HAU/user23/1-1-2,7.300000000745058,0.331677986029637,0.7404985578431912,0.8030239218389168,4.270737823792901,71.47924465540662,0.2016552789035157,0.5583214449075602,0.36118132373676226,0.424766537426556,3.1007957235303345,0.047751226178428065,0.48781517035024846,0.1232876712328767,0.4000000000408251,0.13698630135588183,0.34954231205778474
HAU/user23/1-1-3,8.100000001490118,0.3151222899575914,0.5619762311720358,0.6622835220819443,3.7237740116971807,59.99181431203513,0.20754180794018126,0.6111612992211499,0.33958597814534697,0.27509905542725144,2.228302349370666,0.028505825222588436,0.41514632449388933,0.024691358024691357,0.1000000000183965,0.12345679010074506,0.20974961228412464
HAU/user23/1-2-1,7.399999998509882,0.2533551519415412,0.5217514405733235,0.9041871607963907,2.627049936024456,41.614439115974655,0.21520087696030835,0.25940066465646894,0.8296080367245644,0.25054406871603657,1.8540261081253302,0.06742155613363458,0.3105708128759904,0.04054054054054054,0.19999999995972653,0.13513513516234693,0.3700163863320005
HAU/user23/1-2-2,4.700000002980233,0.45013789413352584,0.8409346296153398,0.6755987663538893,5.881124296681996,95.45843483294773,0.44960413832290996,0.5415344127210027,0.8302411202892547,0.3866715812037138,1.817356432809826,0.03614840015159751,0.2801203681078587,0.10638297872340426,0.500000000317046,0.21276595731189532,0.28656541423636034
HAU/user23/1-2-3,4.900000002235174,0.4845633532667333,0.938182936056193,0.6794616936536316,5.826968498421496,90.50968813151844,0.3767656591496225,0.6627504590203384,0.5684879632343981,0.4148924900441205,2.032973202143548,0.0478909143960753,0.30357849847567053,0.02040816326530612,0.1000000000456158,0.816326530239871,0.2100049787327361
HAU/user23/2-1-1,18.399999998509884,0.12688003463978909,0.23925682578788582,0.7840714084265651,1.22452989410984,19.237746974171802,0.09044223844480583,0.2918072666772785,0.3099382656391874,0.10774153716745967,1.9824442837207104,0.01799049589279755,0.29323638791356066,0.02717391304347826,0.19999999998380308,0.21739130436543141,0.11332146783001609
HAU/user23/2-1-2,16.200000002980236,0.13745476084359262,0.28591191453072684,0.8264845302843784,1.368508712274305,20.977251865601467,0.09735945850687765,0.2830362570850697,0.34398228398573294,0.1278266563597971,2.070791833409666,0.039111333298400164,0.31514289738943935,0.037037037037037035,0.200000000036793,0.30864197525186265,0.11885604298905092
HAU/user23/2-1-3,7.399999998509882,0.2007948750156768,0.3776680329670859,0.7625390720112428,1.9438739615882195,28.27005192824869,0.1428412391234654,0.4824610421037672,0.2960679233385135,0.18927036894591295,1.4006007299177206,0.02366112502652878,0.30406208391419687,0.05405405405405406,0.19999999995972653,0.13513513516234693,0.20497791167739524
HAU/user23/2-2-1,8.900000002235176,0.2792996039392509,0.6359214627843756,1.0317425176174932,3.864516695347282,66.01351853419307,0.21430291270736357,0.5513395216830138,0.38869499444641575,0.255595059915488,2.274796033819142,0.1905264328867624,0.4396476372618589,0.0898876404494382,0.300000000075343,0.11235955053357939,0.15741572670164758
HAU/user23/2-2-2,8.899999998509886,0.41379024225559524,0.9783842470490708,1.025080970885397,6.1768641432392535,104.55637882903578,0.32396210708287304,0.7870502375966985,0.41161553760595226,0.3191724049253113,2.8406344033596667,0.14554501119900518,0.5554941936895931,0.14606741573033707,0.29999999994977133,0.22471910116121996,0.23147927573094373
HAU/user23/2-2-3,5.19999999925494,0.4267738724628641,0.737894069611374,0.9995894310924307,5.7251775709420025,96.6485323403955,0.3279928940852076,0.863872139337452,0.379677592053246,0.3291183312838093,1.7114153224305961,0.2791736309658631,0.4891391624268713,0.038461538461538464,0.09999999998567195,0.19230769233524622,0.36981382264940443
HAU/user23/2-3-1,17.800000000745058,0.23517313188756508,0.29771622768085865,2.7597107505320775,3.3642579053716872,59.29172729898965,0.24963468756754345,0.39186161817026033,0.6370480683873238,0.19107302381979582,3.4010998241347266,0.14765093214060926,0.4846705606245316,0.09550561797752809,0.3000000000125571,0.16853932583564205,0.1449711651303498
HAU/user23/2-3-2,11.900000002235176,0.2833482292688932,0.47025428763620103,2.0820063756669756,4.136515746134579,74.16791716941958,0.3200502108635349,0.3555494238222389,0.9001567391750042,0.24028075874397234,2.85934102959034,0.1757110785626775,0.4680151837638995,0.2857142857142857,1.1000000002066128,0.2521008402887824,0.15990647345901607
HAU/user23/2-3-3,7.100000001490114,0.43705808804936136,0.7400665585799473,2.0740042682885758,6.730161548482718,120.30643147212369,0.40671193389827703,0.6433119205968508,0.632215757619916,0.37620439525508953,2.671051206871723,0.19526188608785122,0.5354987596647957,0.36619718309859156,1.100000000230863,0.14084507039297525,0.2686317538994202
HAU/user23/3-1-1,8.499999999999998,0.26915472196732426,0.5389556500004873,0.5869965087688034,3.2450572941162465,52.1627733068436,0.17341901907896232,0.8787092750379275,0.19735653623790478,0.17620803209621905,1.4977682728178618,0.20214765350483202,0.33165622443962106,0.023529411764705882,0.2,2.8235294117647056,0.10442695558264052
HAU/user23/3-1-2,4.599999997764825,0.32309974482331894,0.49741929303922805,0.4509145924418308,4.290516295826118,76.26381583504214,0.2178168312787394,0.6309927393675521,0.3451970479911727,0.35647639934130243,1.639791436173204,0.1385904823339377,0.27308327267599264,0.0,0.0,1.3043478267207491,0.2039061698030353
HAU/user23/3-1-3,11.600000001490118,0.17741573292175078,0.2097119183622539,2.4808883660681262,1.8218540984805252,25.427082843433183,0.13530123735905628,0.20879237374570153,0.6480180970394455,0.17654216683190543,2.047889135513172,0.18990261668558234,0.19188563688551188,0.0,0.0,0.17241379308130025,0.5035752038695496
HAU/user23/3-2-1,14.399999998509884,0.22248864311225247,0.42761250285983604,1.4859065574631156,2.539088063512287,41.67012929936294,0.23776900840384263,0.35036631633852205,0.6786297558795056,0.2211422944386949,3.1844490395876797,0.10546057266929597,0.44110471673952906,0.006944444444444444,0.09999999998965198,0.2777777778065223,0.13188572915121144
HAU/user23/3-2-2,14.800000000745056,0.333837822238498,0.576186519923075,0.9794540834100893,3.850441938607106,61.40296540597306,0.3181294298645304,0.61160179915067,0.5201577722403011,0.2830271849351886,4.188802337251663,0.10917736316162269,0.5664432279708925,0.05405405405405406,0.3000000000151025,0.1351351351283322,0.1586226109569128
HAU/user23/3-2-3,20.19999999925495,0.33942507746479467,0.4633160922491093,1.4770352205598845,4.057831791409069,62.20384736622791,0.3308846158243875,0.511506399824494,0.6468826495446326,0.32664618621147873,6.598252961228502,0.11503340783030794,0.5922937237995509,0.0891089108910891,0.7999999999704929,0.6435643564593807,0.06638055063900927
HAU/user23/4-1-1,12.69999999925495,0.10313239360806233,0.22974756573400393,1.1185303269456925,1.5010898226699334,26.308823825603948,0.08510805185880045,0.14895390588747268,0.5713717326199129,0.1365533696809699,1.7342277948465767,0.02207866961374492,0.1429632482159501,0.07086614173228346,0.29999999998240023,0.15748031496986867,0.28341106688626133
HAU/user23/4-1-2,4.999999999999999,0.14078887750868016,0.3528790750004487,0.9546558365992789,1.9531388878558296,33.501828260714035,0.1003582744851432,0.2726654381651754,0.3680637883275999,0.15966948754635196,0.7983474377317598,0.03239276064592302,0.10147005115435222,0.14,0.2,0.2,0.2997895208950519
HAU/user23/4-1-3,7.099999997764829,0.08078929604555508,0.15445200943458612,0.7674388453480587,1.1277426695219162,18.922000536244493,0.056869653888062505,0.14647305062596733,0.3882601834041425,0.05810969189986139,0.4125788123591306,0.10769052446384592,0.0790600885892413,0.014084507042253521,0.09999999996851867,0.2816901409337502,0.19384088430923574
HAU/user23/4-2-1,9.100000001490114,0.17436805854494564,0.42058379619240616,1.5359405127745893,2.3639962229769216,40.59040081572819,0.16013730872151008,0.21380577248730132,0.7489849600858473,0.1654582247814886,1.505669845758098,0.16126449076658061,0.302535137564479,0.24175824175824176,0.8000000001309991,0.10989010987211549,0.5760139950984752
HAU/user23/4-2-2,10.5,0.17752697063526668,0.4925131063284694,1.746048482738684,2.5785761483995433,45.719116249098526,0.15760512599801074,0.23621547419804445,0.6672091481977362,0.1484227801030667,1.5584391910822004,0.19057914443235022,0.2930084940539279,0.41904761904761906,2.600000000000001,0.19047619047619047,0.3548639728345436
HAU/user23/4-2-3,4.400000002235172,0.23921487283529375,0.49292180543983843,1.5050146454424396,3.2979382314709995,54.061237972665786,0.2084113056958806,0.3442053146866096,0.6054854361564651,0.21789151341749263,0.9587226595239932,0.265182576194593,0.2655380465838506,0.22727272727272727,0.8000000004063954,0.22727272715727406,0.6374999496511763
HAU/user23/4-3-1,14.899999998509884,0.5518460916029816,0.8768527075281501,0.8931512289687161,7.888683626669595,133.57308234428973,0.3777082969115554,0.757639560716131,0.49853296474646536,0.6599882733032542,9.83382527123503,0.01398724045189092,0.389952167452949,0.040268456375838924,0.29999999996999765,0.13422818793288696,0.1972011628222097
HAU/user23/4-3-2,12.900000002235174,0.6796492437643238,1.163780966653525,0.8726591264504876,10.547198167367029,185.91928082801235,0.4763481059476091,0.9352404390650975,0.5093322375093755,0.6201043642111511,7.999346299709892,0.002502994526479409,0.4156028948456999,0.023255813953488372,0.20000000003465387,0.23255813949458853,0.12529705034006372
HAU/user23/4-3-3,8.200000002980234,0.9077198308880953,1.8485540520298678,1.1532787521396795,14.660757722257024,263.56385911924735,0.7648808838741256,1.3620463092167352,0.5615674578292525,0.9192307932716084,7.537692507566709,0.052660284458560594,0.5700254504609743,0.012195121951219513,0.1000000000363443,0.12195121946787281,0.3260708137763004
HAU/user23/5-1-1,12.800000000745058,0.13310983215144911,0.33409231323182026,0.964032519730997,1.3380257334913355,20.818347972806215,0.14879077746312053,0.20024134412647093,0.7430572211205703,0.12821262053867105,1.6411215429905157,0.02804259776099567,0.2684798867950728,0.125,0.40000000002328306,0.15624999999090505,0.26453378406611244
HAU/user23/5-1-2,12.000000000000002,0.12374436236440348,0.3005080617600718,0.9068554472437814,1.533134495798465,25.87863766576153,0.10476237462279903,0.19562209657884388,0.5355344611851706,0.11067729596726326,1.3281275516071593,0.08573103466786994,0.22674472313225835,0.05,0.1,0.16666666666666666,0.20534060387793926
HAU/user23/5-1-3,20.79999999701977,0.195226408519045,0.260832683567829,2.425496897510188,2.8747988564567226,50.38472276564622,0.24034291212848713,0.23074807245422352,1.041581446512779,0.1900762799100741,3.953586621563069,0.03262031073009331,0.22883064128840824,0.004807692307692308,0.09999999998567195,0.14423076925143466,0.09842402702536977
HAU/user23/5-2-1,13.699999999254935,0.3035853107947521,0.592042278065885,0.8382810016731714,3.649244886306728,61.33389194678141,0.23903137477226358,0.5215441178695531,0.45831477361946693,0.2894872150916988,3.9659748465405875,0.012600806540720095,0.4802846771887767,0.06569343065693431,0.29999999998368476,0.21897810220168995,0.07186338128196391
HAU/user23/5-2-2,16.09999999776483,0.43385782235448367,0.8651399041411816,1.2826934830342593,5.747906298213972,99.46805313582638,0.4028481250879244,0.7050143533218811,0.5714041460551599,0.3889174850870122,6.261571509031599,0.02066462858009512,0.5141628143308284,0.09937888198757763,0.49999999993058464,0.1242236025017181,0.2214725506274517
HAU/user23/5-2-3,8.900000002235176,0.6198991574362696,1.271209184665441,1.0769851793089018,8.360658656313257,141.26595096501356,0.5272230048286364,1.0469360894419166,0.5035866177906744,0.5520579488564676,4.913315746056509,0.04588298227304515,0.514644731955364,0.0449438202247191,0.20000000005022867,0.22471910106715878,0.195622201013346
HAU/user23/5-3-2,21.800000000745058,0.25728605553780487,0.5096044199079274,1.3065564263689635,4.364746414024535,76.88565394753992,0.165103107230852,0.23028664603254417,0.7169460728980938,0.14693022953131757,3.203079003892195,0.09936670343650168,0.304594190343849,0.06880733944954129,0.10000000000341769,0.5045871559460575,0.07001128751663399
HAU/user23/5-3-3,25.80000000074505,0.2711982662577773,0.4382107226700883,1.5242346958501618,3.159083487742328,51.01873657089065,0.25330956698763507,0.3658549619872921,0.6923770144302612,0.25505580811732526,6.580439849617024,0.13071290948818012,0.6154727632506977,0.01937984496124031,0.10000000000288782,0.19379844960680653,0.11098240657033112
HAU/user23/6-1-1,7.900000002235176,0.5349487788786577,1.116034612350992,0.6948687150906491,5.712884520246993,87.5881745342287,0.3510048801378539,0.7269924142531627,0.48281780218521597,0.6693814380248112,5.288113361892195,0.03596714661911518,0.539954105230275,0.05063291139240506,0.10000000002829337,0.12658227844519826,0.19671986482264997
HAU/user23/6-1-2,5.80000000074506,0.48720470212227457,0.8691788896727141,0.4993009032887193,5.6320235657697895,81.33613346133052,0.387494257129381,0.7783176485210855,0.4978613261151331,0.44518408712518404,2.582067705657756,0.022698080942214365,0.34776565530499703,0.017241379310344827,0.10000000001284585,2.068965516975603,0.1392435727106004
HAU/user23/6-1-3,6.199999999254939,0.473033066257634,0.7890542256348378,0.4810050328159579,5.141775026667683,75.78777334855522,0.37361959558318886,0.6932234397204009,0.5389598412813648,0.5851816449338403,3.628126198153816,0.05548332806295189,0.37591643753466425,0.016129032258064516,0.09999999998798292,0.3225806452000551,0.12386527062309842
HAU/user23/6-3-1,11.5,0.280956810261741,0.5649361096077874,0.7681240233361679,2.906006437152118,46.72599282253624,0.3104472712082588,0.3335921729054474,0.9306191676314662,0.28511232943781767,3.278791788534904,0.029717050835360116,0.4972501731607365,0.043478260869565216,0.2,0.34782608695652173,0.3302958278303799
HAU/user23/6-3-2,5.599999997764825,0.45693791190609223,0.7907419297679734,0.6056877544212316,5.057219356140824,78.38239110046807,0.42900585455441514,0.5967929622908973,0.7188520658634224,0.4866092831987983,2.7250119848256134,0.07743899567247478,0.47100079289803604,0.03571428571428571,0.19999999992017234,0.17857142864270326,0.13051309953016743
HAU/user23/6-3-3,7.599999997764825,0.3917101838728884,0.7884482797718035,0.7935742075742106,4.36410473051512,70.00830592572261,0.3573634809733073,0.48049174551534124,0.74374530585594,0.4302957742263781,3.2702478831586874,0.047079617432213686,0.47885043563174806,0.09210526315789473,0.3999999998823593,0.5263157896284746,0.2000253006830759
HAU/user23/7-1-1,21.200000002980236,0.19660526198913397,0.41747036250858044,0.7351477000058342,2.016658967702352,32.66630455400536,0.21320586716883536,0.2608424851074556,0.8173740035624562,0.20097570340941537,4.26068491287856,0.05848853452726623,0.4321310787353582,0.05188679245283019,0.20000000002811538,0.3773584905129898,0.12643801921768685
HAU/user23/7-1-2,10.40000000223517,0.2567722878845246,0.5306831700447168,1.127161830912121,3.056709862926899,51.87075385131382,0.25784407131580783,0.32603456061609887,0.790848890490989,0.2573244763005103,2.6761745541004722,0.06929769755419837,0.3739485053522875,0.10576923076923077,0.30000000006447614,0.19230769226636146,0.1261245146245238
HAU/user23/7-1-3,11.099999997764822,0.2785433961166838,0.5607750055415266,0.9777756459285939,3.33234955646689,53.9045297195805,0.29847505749585146,0.394432732505285,0.7567197956501553,0.2833511521929311,3.145197788708196,0.11958209742359673,0.4457096327144361,0.22522522522522523,1.699999999657676,0.8108108109740817,0.134897824090185
HAU/user23/7-2-1,7.400000002235174,0.14100554942232835,0.30082538352216126,0.7793385035548451,1.2145186378206516,18.151697400556742,0.1402265979004322,0.26846098883644126,0.5223350997322355,0.12826502394429443,0.9491611774744736,0.07889194276384646,0.2334175176129938,0.10810810810810811,0.5000000001510254,0.4054054052829524,0.21943382932952277
HAU/user23/7-2-2,6.8999999985098865,0.16428966422334507,0.32477237653788915,0.6395333681710713,1.5094118869908761,21.36797660108882,0.15874489631955796,0.3346210476355429,0.4744020047957507,0.14601007643144712,1.0074695271594132,0.051483748275867894,0.20534990593841315,0.0,0.0,0.43478260878954733,0.18606986435919268
HAU/user23/7-2-3,3.300000000745058,0.2354646032487368,0.46475537076965223,0.6706755452647115,2.4823127300201215,34.36136936401388,0.208925305217627,0.4879580552280363,0.42816242615736305,0.1986916085124144,0.6556823082390044,0.1952345259047196,0.2173936526728957,0.0,0.0,0.3030303029618863,0.4674810765879927
HAU/user23/7-3-1,19.300000000745047,0.4464045567115666,0.5496502544449906,2.0320736484683275,6.50109024120588,114.5150700076445,0.4170276079854905,0.6942184064298584,0.6007152842999566,0.46260537128105483,8.928283666069024,0.04500150838210798,0.5746415030245929,0.17098445595854922,1.5000000000579052,0.10362694300118094,0.2855419116958696
HAU/user23/7-3-2,16.300000000745055,0.31968303769843925,0.5407357814103411,1.9955188103966237,4.149802859962863,71.43228320911219,0.2746222673067801,0.4861338381991066,0.5649108232399814,0.2726162613822641,4.443645060734019,0.08854296351606562,0.5299623578846039,0.15950920245398773,0.5000000000228545,0.12269938649745901,0.14587268421757182
HAU/user23/7-3-3,7.699999999254942,0.3831648087457773,0.7318642508358328,1.029727729585356,4.569883140784954,74.724896852548,0.3718331003769272,0.6276833206431688,0.5923896454720686,0.37882037529646656,2.9169168895005493,0.13895777391891262,0.5580794076294999,0.12987012987012986,0.5999999999419435,0.3896103896480887,0.2345955979504569
HAU/user24/1-1-1,9.80000000074506,0.11427847744354173,0.2393931047808655,0.7930941551177926,0.8831747162795748,13.517314134579857,0.13428091555950505,0.22570866281260954,0.5949302667042915,0.09743680023668554,0.9548806423921143,0.0825405087520852,0.2772395195615152,0.10204081632653061,0.4000000000304106,0.3061224489563184,0.27805859663593907
HAU/user24/1-1-2,7.099999997764829,0.12050385550282595,0.23213061525220038,0.6186768684791707,0.8498300099114229,13.260538614692205,0.15595759429681394,0.2021055067841038,0.7716642460996823,0.1095179739269111,0.7775776146362771,0.12421122698211066,0.32549298858981274,0.014084507042253521,0.09999999996851867,0.5633802818675004,0.33430709820545773
HAU/user24/1-1-3,3.600000001490117,0.22007389252361642,0.4362473228855893,0.7601881334646033,1.6600934743879452,23.337268746012303,0.30013314855622936,0.37946820735189674,0.7909309448076434,0.18566672463459868,0.6684002089612202,0.3593905767770466,0.3557843624344909,0.1388888888888889,0.40000000016556847,0.8333333329883992,0.39469523043365845
HAU/user24/1-2-1,42.0,0.22535715437665815,0.40769141410265286,1.7419948933419833,3.4006124565734255,58.136649816956655,0.15539141605549175,0.24295209694157885,0.6395969303086971,0.23953965364761362,10.060665453199773,0.02107067265867008,0.32484687477218505,0.15,1.9000000000000006,0.23809523809523808,0.07710562814207192
HAU/user24/1-2-2,18.60000000149011,0.3241928809184724,0.5250421168191464,1.6255571354016238,4.977103586736419,87.86581631463937,0.24692357652726937,0.3659625619915746,0.674723596066175,0.3465096403174317,6.445079310420567,0.03040683451011082,0.3295753285560637,0.1774193548387097,2.2000000001762507,0.10752688171181576,0.15373030656018358
HAU/user24/1-2-3,17.600000001490116,0.3766973157228806,0.6969094441253567,1.1552823903061344,5.359281217112657,87.69209644724998,0.26108448430626424,0.4529994201023692,0.5763461764938197,0.45809601923146753,8.062489939156444,0.04678300523263049,0.3807443393262515,0.09090909090909091,1.0000000000846656,0.11363636362674254,0.13192122266469875
HAU/user24/2-1-1,16.499999999999996,0.1515414573245838,0.2808657815835834,0.6691161625141115,1.6847311726858014,27.865143113326294,0.13033661378540898,0.3025780401106437,0.4307537100412015,0.1350478497700749,2.228289521206236,0.03559231651739847,0.25504883808702833,0.0,0.0,1.0909090909090908,0.12143479803450166
HAU/user24/2-1-2,18.599999997764822,0.12400092735193315,0.2534619397008719,0.7331766784374717,1.484141836224664,24.90181841975309,0.10589171022113382,0.22429502053775402,0.47210905304605616,0.1147600102135302,2.134536189715153,0.03565049439399607,0.2378078889222186,0.03225806451612903,0.19999999997596585,0.5376344086667585,0.0946234338191778
HAU/user24/2-1-3,9.39999999850988,0.18880741971015533,0.36219948198941054,0.6092392023067945,2.3101769543666277,37.88748213131382,0.15566627417982687,0.3486284240530441,0.44651056251693216,0.19129032378825117,1.7981290433245154,0.04848823302650572,0.23628263573246222,0.0,0.0,0.1063829787402684,0.22028159003454412
HAU/user24/2-2-1,14.399999998509884,0.19355827072718362,0.4294684297013631,0.7702575451314649,2.8743177560270543,51.686302499501004,0.10863214121445089,0.15141808703019602,0.7174317324148705,0.29209674302026545,4.206193099056565,0.09255122376939931,0.3736884393932378,0.13194444444444445,0.3999999999586079,0.48611111116141403,0.1389521360718505
HAU/user24/2-2-2,13.90000000223517,0.12985221861985674,0.37303736746189325,1.0972326940666515,1.7476350693093707,30.29652776156683,0.0962249955983328,0.13155547834631787,0.7314404240436228,0.1393693724061656,1.937234276757216,0.18768029561026772,0.2622585622069393,0.3381294964028777,3.400000000546735,0.503597122221178,0.1339929909735404
HAU/user24/2-2-3,7.300000000745058,0.26590940156324605,0.5196978333897095,0.6862711564317096,3.5221242847355634,61.33005256298288,0.1850610613719103,0.27035353740862256,0.6845150333938002,0.310872212341417,2.2693671503239616,0.11070566746112803,0.2799439328576964,0.0821917808219178,0.20000000002041254,0.27397260271176366,0.2140469111139601
HAU/user24/3-2-1,31.300000000745058,0.30608712275501065,0.581145600114,1.7009048606241366,4.388260088265426,76.4470827299527,0.27872689277691454,0.46039580470183,0.6054071069392599,0.3056918810242917,9.568155876288085,0.060646229078478976,0.5469702090231575,0.10862619808306709,0.4000000000095214,0.5111821086140301,0.044191004882423654
HAU/user24/3-2-2,15.100000001490116,0.41060800852936363,0.5853887175497392,1.3634537739029935,5.47744897121483,88.89905782598198,0.38574727755226024,0.6593667353423694,0.585026899737273,0.3859161374139351,5.82733367552548,0.10770676559790997,0.4043766997419866,0.039735099337748346,0.300000000029605,0.1324503311127572,0.34964883819995435
HAU/user24/3-2-3,23.200000002980232,0.36517938586980836,0.5660476777741955,1.476278680869577,4.951663397661689,80.5314438152072,0.3876213113729046,0.5669548936694618,0.6836898579011126,0.3298739217393602,7.65307498533626,0.09246585976175489,0.4470531757770151,0.03879310344827586,0.5000000000642293,0.8189655171361762,0.06141588301479844
HAU/user24/4-1-1,24.60000000149012,0.17623948241316956,0.4031876107305797,1.0797883241478636,2.2567611669178143,37.99913802133403,0.1491654692123068,0.23015206239079736,0.6481170188729718,0.1695370422223883,4.1706112389233825,0.02373001783830565,0.36682424158201654,0.12195121951219512,0.40000000002422953,0.12195121950480807,0.19006065579023476
HAU/user24/4-1-2,13.599999997764826,0.19794710912602825,0.41312092643689924,0.7976761152631306,2.4903850868562896,42.7855272801391,0.1515161953960731,0.2836252721901107,0.5342126027482522,0.18044505677194467,2.454052771695122,0.057161303441372824,0.36634526674864115,0.08088235294117647,0.2999999999506947,0.14705882355358105,0.313513736643436
HAU/user24/4-1-3,9.39999999850988,0.18787912269880847,0.3567041790788087,0.9105986307574852,2.2842570195903424,35.92865479917317,0.1532082640578161,0.25641324008575556,0.5975052747240018,0.16717552419165746,1.5714499271524691,0.0605658953150266,0.2666077674432475,0.06382978723404255,0.1999999999682954,0.1063829787402684,0.2000715953615619
HAU/user24/4-2-1,22.5,0.17960441191724802,0.2672036927387203,2.3033338863857598,2.366563892436519,40.51551896357938,0.20096669632313552,0.29080331894088507,0.6910742847227064,0.14081062254973128,3.1682390073689546,0.15725010080132082,0.4477506360827551,0.21333333333333335,2.400000000000001,0.13333333333333333,0.16672850277548762
HAU/user24/4-2-2,15.80000000074506,0.23560348790135952,0.6365101534067575,2.050657682920387,3.1646728001867315,53.32583957563649,0.3373833270105796,0.3232654508249786,1.0436727002712454,0.17524081713238912,2.768804910822312,0.17679377779023517,0.4449684419163874,0.45569620253164556,2.200000000103743,0.1898734177125654,0.22863954810138393
HAU/user24/4-2-3,8.999999999999998,0.2789395216989354,0.5837534073848191,1.6573147191712572,3.4678387321657174,58.28186786716688,0.369602196088482,0.495161282021445,0.7464278988720425,0.2137694945871184,1.9239254512840656,0.26480453223353534,0.47110455696616654,0.2111111111111111,0.6,0.1111111111111111,0.5259713726131809
HAU/user24/4-3-1,10.399999998509886,0.2053521164713728,0.46777606006366707,0.9559372090249257,3.1799981049888304,58.573805607765884,0.08494497616642277,0.23064479518711328,0.36829348665430184,0.26241625144821606,2.7291290146704164,0.044357556795003174,0.2552817819899489,0.21153846153846154,0.5999999999140317,0.2884615385028693,0.120862075112158
HAU/user24/4-3-2,7.199999999254942,0.22999543905365533,0.5180955221358821,0.930754988382338,3.5152702195978516,60.713267610044596,0.10928383010754486,0.31456355938389835,0.3474141441372711,0.2826579183749196,2.035137012088825,0.051141673294485095,0.24809160167951733,0.20833333333333334,0.4999999999482599,0.833333333419567,0.13890575022728324
HAU/user24/4-3-3,5.80000000074506,0.28009293565746723,0.5086234015296773,0.6471429877263087,4.365914567815562,75.31036087955965,0.13426720183287547,0.4630625873539831,0.2899547603492346,0.24645533579844903,1.4294409478146282,0.056253218016912625,0.22846957352234437,0.10344827586206896,0.2000000000256917,0.17241379308130025,0.199988312527581
HAU/user24/5-1-1,19.5,0.2894055888449624,0.4769888977616873,1.7285672201676912,4.06240955781674,71.75728432678137,0.29555250217315476,0.38565329486245375,0.7663684074375597,0.256802583591004,5.007650380024577,0.10165568867834855,0.5736626183815727,0.05641025641025641,0.30000000000000004,0.5641025641025641,0.10769108244111454
HAU/user24/5-1-2,15.200000002980238,0.3470516285674978,0.5913239476213545,1.5836735928656656,4.5273906084885684,76.89589792997148,0.43306247912151496,0.4194172883323016,1.032533684557773,0.2912603975231639,4.427158043220116,0.14615217739015607,0.5945478567295629,0.09868421052631579,0.6000000001176409,0.7236842103844244,0.1485067241855701
HAU/user24/5-1-3,12.000000000000002,0.33743180095496117,0.5494085130890671,1.500907940045778,4.264854842742272,70.77141083569988,0.36341223976826703,0.49840222631100156,0.7291545259116565,0.2916808003872558,3.5001696046470703,0.14737080680471712,0.5481382306530641,0.075,0.2,0.5833333333333333,0.0880002460198974
HAU/user24/5-2-1,8.800000000745058,0.08556234548382512,0.16418079809298092,0.6442810547868406,0.7783156153192773,11.616131141848381,0.08301743812260902,0.23022185833568018,0.3605975486522484,0.07318513977464132,0.6440292300713708,0.09429177323182404,0.1650788666878556,0.0,0.0,0.11363636362674254,0.21264766736807042
HAU/user24/5-2-2,6.700000002980233,0.10470992099060242,0.18635264233566703,0.5105499666766256,0.9260392612500444,13.663290514119975,0.10572022000322197,0.2914638395808461,0.3627215636510401,0.07956461427634229,0.5330829158886143,0.09399105174609464,0.1767496636910043,0.0,0.0,0.14925373127689393,0.19146497798249065
HAU/user24/5-2-3,4.299999997019769,0.14395421572581324,0.2538070660359573,0.5511003797998021,1.3762587732607063,19.540666207084158,0.14079504132585066,0.4043617761060819,0.3481907769163699,0.1140925306628296,0.490597881510145,0.08788785567791034,0.17364587041560445,0.046511627906976744,0.19999999986138456,0.23255813969606448,0.18157233218731367
HAU/user24/5-3-1,14.300000000745058,0.33078963170118997,0.5233315474863236,1.63449724398135,4.633105866651725,81.0201382458722,0.2745755508267152,0.4811064082648262,0.5707168841219373,0.3043464812967323,4.352154682770028,0.09666313898269634,0.6574699099013348,0.08391608391608392,0.3000000000156306,0.34965034963213215,0.1574679709453405
HAU/user24/5-3-2,12.000000000000002,0.36697955593935677,0.5380528649422959,1.7490710481736718,5.1185880351770345,83.46869350552002,0.36785459699755507,0.534705236646847,0.6879577215596856,0.3242733494556924,3.8912801934683086,0.14591715143514322,0.5566236409314447,0.125,0.6,0.75,0.1205537575191299
HAU/user24/5-3-3,9.999999999999998,0.4160622626697613,0.6058847806990678,1.7322968159947412,5.911594515005537,97.56197942781239,0.4181186136472106,0.5806103618396101,0.720136326196977,0.3323456205280133,3.323456205280133,0.1567875057198383,0.5827814987661419,0.1,0.2,0.1,0.6779022189651238
HAU/user24/6-2-1,15.300000000745069,0.22300082211166553,0.3949335631898498,1.410206817924041,2.691688210452039,44.335817716174596,0.19333630768957552,0.35959191736630425,0.5376547631213177,0.21210176302466302,3.245156974435374,0.058589987572001734,0.3967929161742367,0.06535947712418301,0.5000000000243485,0.1307189542420004,0.2010407300992272
HAU/user24/6-2-2,9.699999999254942,0.353448762041281,0.6208560956451424,1.3153214500795491,4.54739745660797,72.71798707575282,0.30044427806457036,0.6218037240100112,0.48318185623563636,0.3816575744850711,3.702078472220833,0.07039033876562804,0.4702834373068599,0.08247422680412371,0.199999999984638,0.1030927835130732,0.2386434370858338
HAU/user24/6-2-3,6.499999999999999,0.44039272354837955,0.6398321196802138,1.4598715136722495,5.488898547762199,90.45786476313602,0.4457235292116895,0.6481515103969343,0.6876841623820947,0.33964218219888803,2.207674184292772,0.10280646863145454,0.41068001501347906,0.1076923076923077,0.30000000000000004,0.15384615384615385,0.21848559792181982
HAU/user24/6-3-1,12.800000000745058,0.29690663559077823,0.7025738274552455,1.0091840273128014,3.4118808849115916,56.95163657070882,0.409495412806848,0.4303174102031362,0.951612465928182,0.28472754296121416,3.64451255011568,0.02593299207752152,0.358156805492732,0.2421875,1.4000000000814907,0.39062499997726263,0.16463126357579233
HAU/user24/6-3-2,10.600000001490118,0.389812415944165,0.87454162196023,0.8532132903448004,4.336094944286254,68.63755425537488,0.5305498096094247,0.5105913880450487,1.0390888310938888,0.3716901574488974,3.9399156695121733,0.04295671124129202,0.40037618683402443,0.14150943396226415,0.6000000000843462,0.4716981131412373,0.18121281922218227
HAU/user24/6-3-3,7.300000000745058,0.5113886755016114,1.387766961351316,1.0665389408097337,6.653624996101182,109.22644351214849,0.6870683799691258,0.6039030259869167,1.1377130917808944,0.4957425991674202,3.618920974291525,0.04868208379977799,0.4123981814789059,0.3287671232876712,1.600000000163301,0.6849315067794092,0.1866118241992828
HAU/user24/7-1-1,27.100000001490116,0.14468643534892042,0.3119460036678607,0.8359808933744733,1.4149709161820978,21.780402643965463,0.1198308464726727,0.31808143886670814,0.3767300805821545,0.1338265631632374,3.626699861923151,0.00927919345168331,0.3326613381429322,0.06273062730627306,0.30000000001649585,0.36900369001661026,0.08187692521067554
HAU/user24/7-1-2,11.600000001490118,0.2606414750997652,0.4720466041270092,0.6692028717421751,2.65748190545597,38.94600624911969,0.20597024308419493,0.5576269202204039,0.36936925970757517,0.24261723701647486,2.814359949752638,0.011526381615268281,0.3467473163631684,0.008620689655172414,0.10000000001284585,0.17241379308130025,0.08056739312196155
HAU/user24/7-1-3,15.300000000745069,0.19072407382103942,0.37198927516117886,0.7004370624197626,1.8069110543337699,26.849216612933432,0.15260792811791934,0.41508099550767086,0.36765819057461735,0.1836585055015128,2.8099751343099824,0.008056005131351874,0.34926132706376156,0.0196078431372549,0.1000000000048697,1.0457516339360031,0.0935650591204199
HAU/user24/7-2-1,29.100000001490116,0.24249744704399154,0.3383596289052916,1.6005714466568224,3.4627930718368463,60.348193566053936,0.21267080559869503,0.2894616163107492,0.7347115917285295,0.20136549301795578,5.859735847122572,0.07846378944975607,0.4512770635984941,0.006872852233676976,0.10000000000512069,0.6872852233325039,0.05153047754763107
HAU/user24/7-2-2,15.09999999776482,0.34304348526268647,0.47681034434825925,1.546922020387454,4.230713231402606,69.73136591886032,0.32082700881107895,0.5143063534457274,0.6238052593319349,0.31320446913399874,4.729387483223315,0.09736391411277562,0.4914063742346051,0.019867549668874173,0.19999999997039503,0.13245033114543375,0.11495219586392717
HAU/user24/7-2-3,17.499999999999996,0.2855566563146522,0.4814530717398734,1.5677146282930394,3.6637421707401208,60.52953862907651,0.22441973607790114,0.458784230956236,0.48916183348539494,0.2533475663425761,4.433582410995082,0.09873621081823149,0.47194790401463915,0.04,0.2,0.6285714285714286,0.12180662001368461
