[{"stream_name":"stdout","time":14.527497649,"data":"     ━━━━━━━━━━━━━━━━━━━━━━━━━━━━━━━━━━━━━━━ 780.4/780.4 MB 2.0 MB/s eta 0:00:00\n"}
,{"stream_name":"stdout","time":17.430421927,"data":"     ━━━━━━━━━━━━━━━━━━━━━━━━━━━━━━━━━━━━━━━━ 7.3/7.3 MB 95.0 MB/s eta 0:00:00\n"}
,{"stream_name":"stdout","time":17.9415722,"data":"     ━━━━━━━━━━━━━━━━━━━━━━━━━━━━━━━━━━━━━━━ 23.7/23.7 MB 133.2 MB/s eta 0:00:00\n"}
,{"stream_name":"stdout","time":18.190075628,"data":"     ━━━━━━━━━━━━━━━━━━━━━━━━━━━━━━━━━━━━━ 823.6/823.6 kB 182.7 MB/s eta 0:00:00\n"}
,{"stream_name":"stdout","time":18.48314184,"data":"     ━━━━━━━━━━━━━━━━━━━━━━━━━━━━━━━━━━━━━━━ 14.1/14.1 MB 136.5 MB/s eta 0:00:00\n"}
,{"stream_name":"stdout","time":27.017274937,"data":"     ━━━━━━━━━━━━━━━━━━━━━━━━━━━━━━━━━━━━━━━ 664.8/664.8 MB 2.3 MB/s eta 0:00:00\n"}
,{"stream_name":"stdout","time":35.861337059,"data":"     ━━━━━━━━━━━━━━━━━━━━━━━━━━━━━━━━━━━━━━ 410.6/410.6 MB 68.0 MB/s eta 0:00:00\n"}
,{"stream_name":"stdout","time":38.313971516,"data":"     ━━━━━━━━━━━━━━━━━━━━━━━━━━━━━━━━━━━━━ 121.6/121.6 MB 104.8 MB/s eta 0:00:00\n"}
,{"stream_name":"stdout","time":39.910415492,"data":"     ━━━━━━━━━━━━━━━━━━━━━━━━━━━━━━━━━━━━━━━ 56.5/56.5 MB 118.9 MB/s eta 0:00:00\n"}
,{"stream_name":"stdout","time":41.171266634,"data":"     ━━━━━━━━━━━━━━━━━━━━━━━━━━━━━━━━━━━━━ 124.2/124.2 MB 104.1 MB/s eta 0:00:00\n"}
,{"stream_name":"stdout","time":43.196704011,"data":"     ━━━━━━━━━━━━━━━━━━━━━━━━━━━━━━━━━━━━━━ 196.0/196.0 MB 87.7 MB/s eta 0:00:00\n"}
,{"stream_name":"stdout","time":46.681077597,"data":"     ━━━━━━━━━━━━━━━━━━━━━━━━━━━━━━━━━━━━━━ 188.7/188.7 MB 97.3 MB/s eta 0:00:00\n"}
,{"stream_name":"stdout","time":47.514303765,"data":"     ━━━━━━━━━━━━━━━━━━━━━━━━━━━━━━━━━━━━━━━━ 99.1/99.1 kB 92.2 MB/s eta 0:00:00\n"}
,{"stream_name":"stdout","time":49.93959411,"data":"     ━━━━━━━━━━━━━━━━━━━━━━━━━━━━━━━━━━━━━━━ 209.6/209.6 MB 8.6 MB/s eta 0:00:00\n"}
,{"stream_name":"stdout","time":51.021927516,"data":"   ━━━━━━━━━━━━━━━━━━━━━━━━━━━━━━━━━━━━━━━━ 6.2/6.2 MB 51.4 MB/s eta 0:00:00\n"}
,{"stream_name":"stderr","time":179.114424346,"data":"ERROR: pip's dependency resolver does not currently take into account all the packages that are installed. This behaviour is the source of the following dependency conflicts.\n"}
,{"stream_name":"stderr","time":179.114468439,"data":"torchaudio 2.10.0+cu128 requires torch==2.10.0, but you have torch 2.5.1+cu121 which is incompatible.\n"}
,{"stream_name":"stdout","time":181.316234401,"data":"     ━━━━━━━━━━━━━━━━━━━━━━━━━━━━━━━━━━━━━━━━ 44.0/44.0 kB 1.5 MB/s eta 0:00:00\n"}
,{"stream_name":"stdout","time":182.875552433,"data":"   ━━━━━━━━━━━━━━━━━━━━━━━━━━━━━━━━━━━━━━━━ 12.0/12.0 MB 14.5 MB/s eta 0:00:00\n"}
,{"stream_name":"stdout","time":182.910108573,"data":"   ━━━━━━━━━━━━━━━━━━━━━━━━━━━━━━━━━━━━━━━━ 566.4/566.4 kB 34.8 MB/s eta 0:00:00\n"}
,{"stream_name":"stdout","time":228.129472359,"data":"{\n"}
,{"stream_name":"stdout","time":228.129532873,"data":"  \"device\": \"cuda\",\n"}
,{"stream_name":"stdout","time":228.129540843,"data":"  \"hold_users\": [\n"}
,{"stream_name":"stdout","time":228.129546835,"data":"    \"user17\",\n"}
,{"stream_name":"stdout","time":228.129553121,"data":"    \"user22\",\n"}
,{"stream_name":"stdout","time":228.129558952,"data":"    \"user4\",\n"}
,{"stream_name":"stdout","time":228.129564782,"data":"    \"user6\"\n"}
,{"stream_name":"stdout","time":228.129570144,"data":"  ],\n"}
,{"stream_name":"stdout","time":228.1296178,"data":"  \"train_sessions\": 206,\n"}
,{"stream_name":"stdout","time":228.129625232,"data":"  \"valid_sessions\": 62\n"}
,{"stream_name":"stdout","time":228.129631667,"data":"}\n"}
,{"stream_name":"stderr","time":234.426383351,"data":"Some weights of VideoMAEForVideoClassification were not initialized from the model checkpoint at MCG-NJU/videomae-base-finetuned-kinetics and are newly initialized because the shapes did not match:\n"}
,{"stream_name":"stderr","time":234.426432978,"data":"- classifier.bias: found shape torch.Size([400]) in the checkpoint and torch.Size([5]) in the model instantiated\n"}
,{"stream_name":"stderr","time":234.426438426,"data":"- classifier.weight: found shape torch.Size([400, 768]) in the checkpoint and torch.Size([5, 768]) in the model instantiated\n"}
,{"stream_name":"stderr","time":234.426442366,"data":"You should probably TRAIN this model on a down-stream task to be able to use it for predictions and inference.\n"}
,{"stream_name":"stderr","time":234.757740543,"data":"/kaggle/src/script.py:265: FutureWarning: `torch.cuda.amp.GradScaler(args...)` is deprecated. Please use `torch.amp.GradScaler('cuda', args...)` instead.\n"}
,{"stream_name":"stderr","time":234.757781639,"data":"  scaler = torch.cuda.amp.GradScaler(enabled=DEVICE.type == \"cuda\")\n"}
,{"stream_name":"stderr","time":234.760432603,"data":"/kaggle/src/script.py:325: FutureWarning: `torch.cuda.amp.autocast(args...)` is deprecated. Please use `torch.amp.autocast('cuda', args...)` instead.\n"}
,{"stream_name":"stderr","time":234.760473579,"data":"  with torch.cuda.amp.autocast(enabled=DEVICE.type == \"cuda\", dtype=torch.float16):\n"}
,{"stream_name":"stderr","time":235.970905281,"data":"/kaggle/src/script.py:325: FutureWarning: `torch.cuda.amp.autocast(args...)` is deprecated. Please use `torch.amp.autocast('cuda', args...)` instead.\n"}
,{"stream_name":"stderr","time":235.970944522,"data":"  with torch.cuda.amp.autocast(enabled=DEVICE.type == \"cuda\", dtype=torch.float16):\n"}
,{"stream_name":"stderr","time":236.799769919,"data":"/kaggle/src/script.py:325: FutureWarning: `torch.cuda.amp.autocast(args...)` is deprecated. Please use `torch.amp.autocast('cuda', args...)` instead.\n"}
,{"stream_name":"stderr","time":236.79981535,"data":"  with torch.cuda.amp.autocast(enabled=DEVICE.type == \"cuda\", dtype=torch.float16):\n"}
,{"stream_name":"stderr","time":237.306241631,"data":"/kaggle/src/script.py:325: FutureWarning: `torch.cuda.amp.autocast(args...)` is deprecated. Please use `torch.amp.autocast('cuda', args...)` instead.\n"}
,{"stream_name":"stderr","time":237.306288568,"data":"  with torch.cuda.amp.autocast(enabled=DEVICE.type == \"cuda\", dtype=torch.float16):\n"}
,{"stream_name":"stderr","time":237.885338245,"data":"/kaggle/src/script.py:325: FutureWarning: `torch.cuda.amp.autocast(args...)` is deprecated. Please use `torch.amp.autocast('cuda', args...)` instead.\n"}
,{"stream_name":"stderr","time":237.885415093,"data":"  with torch.cuda.amp.autocast(enabled=DEVICE.type == \"cuda\", dtype=torch.float16):\n"}
,{"stream_name":"stderr","time":238.394500148,"data":"/kaggle/src/script.py:325: FutureWarning: `torch.cuda.amp.autocast(args...)` is deprecated. Please use `torch.amp.autocast('cuda', args...)` instead.\n"}
,{"stream_name":"stderr","time":238.394538172,"data":"  with torch.cuda.amp.autocast(enabled=DEVICE.type == \"cuda\", dtype=torch.float16):\n"}
,{"stream_name":"stderr","time":239.051569743,"data":"/kaggle/src/script.py:325: FutureWarning: `torch.cuda.amp.autocast(args...)` is deprecated. Please use `torch.amp.autocast('cuda', args...)` instead.\n"}
,{"stream_name":"stderr","time":239.051624269,"data":"  with torch.cuda.amp.autocast(enabled=DEVICE.type == \"cuda\", dtype=torch.float16):\n"}
,{"stream_name":"stderr","time":239.740517362,"data":"/kaggle/src/script.py:325: FutureWarning: `torch.cuda.amp.autocast(args...)` is deprecated. Please use `torch.amp.autocast('cuda', args...)` instead.\n"}
,{"stream_name":"stderr","time":239.740553824,"data":"  with torch.cuda.amp.autocast(enabled=DEVICE.type == \"cuda\", dtype=torch.float16):\n"}
,{"stream_name":"stderr","time":240.527582893,"data":"/kaggle/src/script.py:325: FutureWarning: `torch.cuda.amp.autocast(args...)` is deprecated. Please use `torch.amp.autocast('cuda', args...)` instead.\n"}
,{"stream_name":"stderr","time":240.527632742,"data":"  with torch.cuda.amp.autocast(enabled=DEVICE.type == \"cuda\", dtype=torch.float16):\n"}
,{"stream_name":"stderr","time":241.333995051,"data":"/kaggle/src/script.py:325: FutureWarning: `torch.cuda.amp.autocast(args...)` is deprecated. Please use `torch.amp.autocast('cuda', args...)` instead.\n"}
,{"stream_name":"stderr","time":241.334072568,"data":"  with torch.cuda.amp.autocast(enabled=DEVICE.type == \"cuda\", dtype=torch.float16):\n"}
,{"stream_name":"stdout","time":242.055713026,"data":"epoch=0 session=10/206 step=2 loss=2.5051 ce=1.6473 rank=0.8014 struct=1.1545\n"}
,{"stream_name":"stderr","time":242.057078593,"data":"/kaggle/src/script.py:325: FutureWarning: `torch.cuda.amp.autocast(args...)` is deprecated. Please use `torch.amp.autocast('cuda', args...)` instead.\n"}
,{"stream_name":"stderr","time":242.057108033,"data":"  with torch.cuda.amp.autocast(enabled=DEVICE.type == \"cuda\", dtype=torch.float16):\n"}
,{"stream_name":"stderr","time":242.817592393,"data":"/kaggle/src/script.py:325: FutureWarning: `torch.cuda.amp.autocast(args...)` is deprecated. Please use `torch.amp.autocast('cuda', args...)` instead.\n"}
,{"stream_name":"stderr","time":242.817635206,"data":"  with torch.cuda.amp.autocast(enabled=DEVICE.type == \"cuda\", dtype=torch.float16):\n"}
,{"stream_name":"stderr","time":243.609724155,"data":"/kaggle/src/script.py:325: FutureWarning: `torch.cuda.amp.autocast(args...)` is deprecated. Please use `torch.amp.autocast('cuda', args...)` instead.\n"}
,{"stream_name":"stderr","time":243.609767431,"data":"  with torch.cuda.amp.autocast(enabled=DEVICE.type == \"cuda\", dtype=torch.float16):\n"}
,{"stream_name":"stderr","time":244.292254325,"data":"/kaggle/src/script.py:325: FutureWarning: `torch.cuda.amp.autocast(args...)` is deprecated. Please use `torch.amp.autocast('cuda', args...)` instead.\n"}
,{"stream_name":"stderr","time":244.292321666,"data":"  with torch.cuda.amp.autocast(enabled=DEVICE.type == \"cuda\", dtype=torch.float16):\n"}
,{"stream_name":"stderr","time":244.782282668,"data":"/kaggle/src/script.py:325: FutureWarning: `torch.cuda.amp.autocast(args...)` is deprecated. Please use `torch.amp.autocast('cuda', args...)` instead.\n"}
,{"stream_name":"stderr","time":244.782482027,"data":"  with torch.cuda.amp.autocast(enabled=DEVICE.type == \"cuda\", dtype=torch.float16):\n"}
,{"stream_name":"stderr","time":245.282744295,"data":"/kaggle/src/script.py:325: FutureWarning: `torch.cuda.amp.autocast(args...)` is deprecated. Please use `torch.amp.autocast('cuda', args...)` instead.\n"}
,{"stream_name":"stderr","time":245.282816771,"data":"  with torch.cuda.amp.autocast(enabled=DEVICE.type == \"cuda\", dtype=torch.float16):\n"}
,{"stream_name":"stderr","time":245.782598258,"data":"/kaggle/src/script.py:325: FutureWarning: `torch.cuda.amp.autocast(args...)` is deprecated. Please use `torch.amp.autocast('cuda', args...)` instead.\n"}
,{"stream_name":"stderr","time":245.782643307,"data":"  with torch.cuda.amp.autocast(enabled=DEVICE.type == \"cuda\", dtype=torch.float16):\n"}
,{"stream_name":"stderr","time":246.290286786,"data":"/kaggle/src/script.py:325: FutureWarning: `torch.cuda.amp.autocast(args...)` is deprecated. Please use `torch.amp.autocast('cuda', args...)` instead.\n"}
,{"stream_name":"stderr","time":246.290330203,"data":"  with torch.cuda.amp.autocast(enabled=DEVICE.type == \"cuda\", dtype=torch.float16):\n"}
,{"stream_name":"stderr","time":246.994900112,"data":"/kaggle/src/script.py:325: FutureWarning: `torch.cuda.amp.autocast(args...)` is deprecated. Please use `torch.amp.autocast('cuda', args...)` instead.\n"}
,{"stream_name":"stderr","time":246.994944931,"data":"  with torch.cuda.amp.autocast(enabled=DEVICE.type == \"cuda\", dtype=torch.float16):\n"}
,{"stream_name":"stderr","time":247.682354239,"data":"/kaggle/src/script.py:325: FutureWarning: `torch.cuda.amp.autocast(args...)` is deprecated. Please use `torch.amp.autocast('cuda', args...)` instead.\n"}
,{"stream_name":"stderr","time":247.682400743,"data":"  with torch.cuda.amp.autocast(enabled=DEVICE.type == \"cuda\", dtype=torch.float16):\n"}
,{"stream_name":"stdout","time":248.168443604,"data":"epoch=0 session=20/206 step=5 loss=2.4597 ce=1.5808 rank=0.8364 struct=1.1723\n"}
,{"stream_name":"stderr","time":248.169652258,"data":"/kaggle/src/script.py:325: FutureWarning: `torch.cuda.amp.autocast(args...)` is deprecated. Please use `torch.amp.autocast('cuda', args...)` instead.\n"}
,{"stream_name":"stderr","time":248.169669801,"data":"  with torch.cuda.amp.autocast(enabled=DEVICE.type == \"cuda\", dtype=torch.float16):\n"}
,{"stream_name":"stderr","time":248.906157551,"data":"/kaggle/src/script.py:325: FutureWarning: `torch.cuda.amp.autocast(args...)` is deprecated. Please use `torch.amp.autocast('cuda', args...)` instead.\n"}
,{"stream_name":"stderr","time":248.906223526,"data":"  with torch.cuda.amp.autocast(enabled=DEVICE.type == \"cuda\", dtype=torch.float16):\n"}
,{"stream_name":"stderr","time":249.392224267,"data":"/kaggle/src/script.py:325: FutureWarning: `torch.cuda.amp.autocast(args...)` is deprecated. Please use `torch.amp.autocast('cuda', args...)` instead.\n"}
,{"stream_name":"stderr","time":249.392271232,"data":"  with torch.cuda.amp.autocast(enabled=DEVICE.type == \"cuda\", dtype=torch.float16):\n"}
,{"stream_name":"stderr","time":249.89078928,"data":"/kaggle/src/script.py:325: FutureWarning: `torch.cuda.amp.autocast(args...)` is deprecated. Please use `torch.amp.autocast('cuda', args...)` instead.\n"}
,{"stream_name":"stderr","time":249.891028251,"data":"  with torch.cuda.amp.autocast(enabled=DEVICE.type == \"cuda\", dtype=torch.float16):\n"}
,{"stream_name":"stderr","time":250.347472309,"data":"/kaggle/src/script.py:325: FutureWarning: `torch.cuda.amp.autocast(args...)` is deprecated. Please use `torch.amp.autocast('cuda', args...)` instead.\n"}
,{"stream_name":"stderr","time":250.347514913,"data":"  with torch.cuda.amp.autocast(enabled=DEVICE.type == \"cuda\", dtype=torch.float16):\n"}
,{"stream_name":"stderr","time":250.893377065,"data":"/kaggle/src/script.py:325: FutureWarning: `torch.cuda.amp.autocast(args...)` is deprecated. Please use `torch.amp.autocast('cuda', args...)` instead.\n"}
,{"stream_name":"stderr","time":250.893445612,"data":"  with torch.cuda.amp.autocast(enabled=DEVICE.type == \"cuda\", dtype=torch.float16):\n"}
,{"stream_name":"stderr","time":251.689389395,"data":"/kaggle/src/script.py:325: FutureWarning: `torch.cuda.amp.autocast(args...)` is deprecated. Please use `torch.amp.autocast('cuda', args...)` instead.\n"}
,{"stream_name":"stderr","time":251.68943555,"data":"  with torch.cuda.amp.autocast(enabled=DEVICE.type == \"cuda\", dtype=torch.float16):\n"}
,{"stream_name":"stderr","time":252.382665726,"data":"/kaggle/src/script.py:325: FutureWarning: `torch.cuda.amp.autocast(args...)` is deprecated. Please use `torch.amp.autocast('cuda', args...)` instead.\n"}
,{"stream_name":"stderr","time":252.382706885,"data":"  with torch.cuda.amp.autocast(enabled=DEVICE.type == \"cuda\", dtype=torch.float16):\n"}
,{"stream_name":"stderr","time":252.862817773,"data":"/kaggle/src/script.py:325: FutureWarning: `torch.cuda.amp.autocast(args...)` is deprecated. Please use `torch.amp.autocast('cuda', args...)` instead.\n"}
,{"stream_name":"stderr","time":252.862861511,"data":"  with torch.cuda.amp.autocast(enabled=DEVICE.type == \"cuda\", dtype=torch.float16):\n"}
,{"stream_name":"stderr","time":253.612110663,"data":"/kaggle/src/script.py:325: FutureWarning: `torch.cuda.amp.autocast(args...)` is deprecated. Please use `torch.amp.autocast('cuda', args...)` instead.\n"}
,{"stream_name":"stderr","time":253.612213142,"data":"  with torch.cuda.amp.autocast(enabled=DEVICE.type == \"cuda\", dtype=torch.float16):\n"}
,{"stream_name":"stdout","time":254.354253757,"data":"epoch=0 session=30/206 step=7 loss=2.5230 ce=1.5636 rank=0.8286 struct=1.3388\n"}
,{"stream_name":"stderr","time":254.355584977,"data":"/kaggle/src/script.py:325: FutureWarning: `torch.cuda.amp.autocast(args...)` is deprecated. Please use `torch.amp.autocast('cuda', args...)` instead.\n"}
,{"stream_name":"stderr","time":254.355625107,"data":"  with torch.cuda.amp.autocast(enabled=DEVICE.type == \"cuda\", dtype=torch.float16):\n"}
,{"stream_name":"stderr","time":255.134315456,"data":"/kaggle/src/script.py:325: FutureWarning: `torch.cuda.amp.autocast(args...)` is deprecated. Please use `torch.amp.autocast('cuda', args...)` instead.\n"}
,{"stream_name":"stderr","time":255.134363324,"data":"  with torch.cuda.amp.autocast(enabled=DEVICE.type == \"cuda\", dtype=torch.float16):\n"}
,{"stream_name":"stderr","time":255.839991676,"data":"/kaggle/src/script.py:325: FutureWarning: `torch.cuda.amp.autocast(args...)` is deprecated. Please use `torch.amp.autocast('cuda', args...)` instead.\n"}
,{"stream_name":"stderr","time":255.840049976,"data":"  with torch.cuda.amp.autocast(enabled=DEVICE.type == \"cuda\", dtype=torch.float16):\n"}
,{"stream_name":"stderr","time":256.560244962,"data":"/kaggle/src/script.py:325: FutureWarning: `torch.cuda.amp.autocast(args...)` is deprecated. Please use `torch.amp.autocast('cuda', args...)` instead.\n"}
,{"stream_name":"stderr","time":256.560288304,"data":"  with torch.cuda.amp.autocast(enabled=DEVICE.type == \"cuda\", dtype=torch.float16):\n"}
,{"stream_name":"stderr","time":257.045779388,"data":"/kaggle/src/script.py:325: FutureWarning: `torch.cuda.amp.autocast(args...)` is deprecated. Please use `torch.amp.autocast('cuda', args...)` instead.\n"}
,{"stream_name":"stderr","time":257.045822606,"data":"  with torch.cuda.amp.autocast(enabled=DEVICE.type == \"cuda\", dtype=torch.float16):\n"}
,{"stream_name":"stderr","time":257.725946882,"data":"/kaggle/src/script.py:325: FutureWarning: `torch.cuda.amp.autocast(args...)` is deprecated. Please use `torch.amp.autocast('cuda', args...)` instead.\n"}
,{"stream_name":"stderr","time":257.725979525,"data":"  with torch.cuda.amp.autocast(enabled=DEVICE.type == \"cuda\", dtype=torch.float16):\n"}
,{"stream_name":"stderr","time":258.254137551,"data":"/kaggle/src/script.py:325: FutureWarning: `torch.cuda.amp.autocast(args...)` is deprecated. Please use `torch.amp.autocast('cuda', args...)` instead.\n"}
,{"stream_name":"stderr","time":258.254216457,"data":"  with torch.cuda.amp.autocast(enabled=DEVICE.type == \"cuda\", dtype=torch.float16):\n"}
,{"stream_name":"stderr","time":258.92014106,"data":"/kaggle/src/script.py:325: FutureWarning: `torch.cuda.amp.autocast(args...)` is deprecated. Please use `torch.amp.autocast('cuda', args...)` instead.\n"}
,{"stream_name":"stderr","time":258.920199103,"data":"  with torch.cuda.amp.autocast(enabled=DEVICE.type == \"cuda\", dtype=torch.float16):\n"}
,{"stream_name":"stderr","time":259.418859581,"data":"/kaggle/src/script.py:325: FutureWarning: `torch.cuda.amp.autocast(args...)` is deprecated. Please use `torch.amp.autocast('cuda', args...)` instead.\n"}
,{"stream_name":"stderr","time":259.418901303,"data":"  with torch.cuda.amp.autocast(enabled=DEVICE.type == \"cuda\", dtype=torch.float16):\n"}
,{"stream_name":"stderr","time":259.909544947,"data":"/kaggle/src/script.py:325: FutureWarning: `torch.cuda.amp.autocast(args...)` is deprecated. Please use `torch.amp.autocast('cuda', args...)` instead.\n"}
,{"stream_name":"stderr","time":259.909599085,"data":"  with torch.cuda.amp.autocast(enabled=DEVICE.type == \"cuda\", dtype=torch.float16):\n"}
,{"stream_name":"stdout","time":260.408702315,"data":"epoch=0 session=40/206 step=10 loss=2.5931 ce=1.5862 rank=0.8767 struct=1.4003\n"}
,{"stream_name":"stderr","time":260.410033186,"data":"/kaggle/src/script.py:325: FutureWarning: `torch.cuda.amp.autocast(args...)` is deprecated. Please use `torch.amp.autocast('cuda', args...)` instead.\n"}
,{"stream_name":"stderr","time":260.410061018,"data":"  with torch.cuda.amp.autocast(enabled=DEVICE.type == \"cuda\", dtype=torch.float16):\n"}
,{"stream_name":"stderr","time":260.908190371,"data":"/kaggle/src/script.py:325: FutureWarning: `torch.cuda.amp.autocast(args...)` is deprecated. Please use `torch.amp.autocast('cuda', args...)` instead.\n"}
,{"stream_name":"stderr","time":260.908235629,"data":"  with torch.cuda.amp.autocast(enabled=DEVICE.type == \"cuda\", dtype=torch.float16):\n"}
,{"stream_name":"stderr","time":261.58858233,"data":"/kaggle/src/script.py:325: FutureWarning: `torch.cuda.amp.autocast(args...)` is deprecated. Please use `torch.amp.autocast('cuda', args...)` instead.\n"}
,{"stream_name":"stderr","time":261.588626064,"data":"  with torch.cuda.amp.autocast(enabled=DEVICE.type == \"cuda\", dtype=torch.float16):\n"}
,{"stream_name":"stderr","time":262.09769656,"data":"/kaggle/src/script.py:325: FutureWarning: `torch.cuda.amp.autocast(args...)` is deprecated. Please use `torch.amp.autocast('cuda', args...)` instead.\n"}
,{"stream_name":"stderr","time":262.097742507,"data":"  with torch.cuda.amp.autocast(enabled=DEVICE.type == \"cuda\", dtype=torch.float16):\n"}
,{"stream_name":"stderr","time":262.768707904,"data":"/kaggle/src/script.py:325: FutureWarning: `torch.cuda.amp.autocast(args...)` is deprecated. Please use `torch.amp.autocast('cuda', args...)` instead.\n"}
,{"stream_name":"stderr","time":262.768750883,"data":"  with torch.cuda.amp.autocast(enabled=DEVICE.type == \"cuda\", dtype=torch.float16):\n"}
,{"stream_name":"stderr","time":263.452967408,"data":"/kaggle/src/script.py:325: FutureWarning: `torch.cuda.amp.autocast(args...)` is deprecated. Please use `torch.amp.autocast('cuda', args...)` instead.\n"}
,{"stream_name":"stderr","time":263.453022842,"data":"  with torch.cuda.amp.autocast(enabled=DEVICE.type == \"cuda\", dtype=torch.float16):\n"}
,{"stream_name":"stderr","time":263.972767586,"data":"/kaggle/src/script.py:325: FutureWarning: `torch.cuda.amp.autocast(args...)` is deprecated. Please use `torch.amp.autocast('cuda', args...)` instead.\n"}
,{"stream_name":"stderr","time":263.97283612,"data":"  with torch.cuda.amp.autocast(enabled=DEVICE.type == \"cuda\", dtype=torch.float16):\n"}
,{"stream_name":"stderr","time":264.686146329,"data":"/kaggle/src/script.py:325: FutureWarning: `torch.cuda.amp.autocast(args...)` is deprecated. Please use `torch.amp.autocast('cuda', args...)` instead.\n"}
,{"stream_name":"stderr","time":264.686226574,"data":"  with torch.cuda.amp.autocast(enabled=DEVICE.type == \"cuda\", dtype=torch.float16):\n"}
,{"stream_name":"stderr","time":265.360860827,"data":"/kaggle/src/script.py:325: FutureWarning: `torch.cuda.amp.autocast(args...)` is deprecated. Please use `torch.amp.autocast('cuda', args...)` instead.\n"}
,{"stream_name":"stderr","time":265.360902465,"data":"  with torch.cuda.amp.autocast(enabled=DEVICE.type == \"cuda\", dtype=torch.float16):\n"}
,{"stream_name":"stderr","time":265.86010255,"data":"/kaggle/src/script.py:325: FutureWarning: `torch.cuda.amp.autocast(args...)` is deprecated. Please use `torch.amp.autocast('cuda', args...)` instead.\n"}
,{"stream_name":"stderr","time":265.860160702,"data":"  with torch.cuda.amp.autocast(enabled=DEVICE.type == \"cuda\", dtype=torch.float16):\n"}
,{"stream_name":"stdout","time":266.566515923,"data":"epoch=0 session=50/206 step=12 loss=2.5179 ce=1.5768 rank=0.8327 struct=1.2993\n"}
,{"stream_name":"stderr","time":266.567889531,"data":"/kaggle/src/script.py:325: FutureWarning: `torch.cuda.amp.autocast(args...)` is deprecated. Please use `torch.amp.autocast('cuda', args...)` instead.\n"}
,{"stream_name":"stderr","time":266.56791662,"data":"  with torch.cuda.amp.autocast(enabled=DEVICE.type == \"cuda\", dtype=torch.float16):\n"}
,{"stream_name":"stderr","time":267.260911139,"data":"/kaggle/src/script.py:325: FutureWarning: `torch.cuda.amp.autocast(args...)` is deprecated. Please use `torch.amp.autocast('cuda', args...)` instead.\n"}
,{"stream_name":"stderr","time":267.260966587,"data":"  with torch.cuda.amp.autocast(enabled=DEVICE.type == \"cuda\", dtype=torch.float16):\n"}
,{"stream_name":"stderr","time":267.740058202,"data":"/kaggle/src/script.py:325: FutureWarning: `torch.cuda.amp.autocast(args...)` is deprecated. Please use `torch.amp.autocast('cuda', args...)` instead.\n"}
,{"stream_name":"stderr","time":267.740137136,"data":"  with torch.cuda.amp.autocast(enabled=DEVICE.type == \"cuda\", dtype=torch.float16):\n"}
,{"stream_name":"stderr","time":268.248571165,"data":"/kaggle/src/script.py:325: FutureWarning: `torch.cuda.amp.autocast(args...)` is deprecated. Please use `torch.amp.autocast('cuda', args...)` instead.\n"}
,{"stream_name":"stderr","time":268.248612841,"data":"  with torch.cuda.amp.autocast(enabled=DEVICE.type == \"cuda\", dtype=torch.float16):\n"}
,{"stream_name":"stderr","time":268.784624048,"data":"/kaggle/src/script.py:325: FutureWarning: `torch.cuda.amp.autocast(args...)` is deprecated. Please use `torch.amp.autocast('cuda', args...)` instead.\n"}
,{"stream_name":"stderr","time":268.784679818,"data":"  with torch.cuda.amp.autocast(enabled=DEVICE.type == \"cuda\", dtype=torch.float16):\n"}
,{"stream_name":"stderr","time":269.493154697,"data":"/kaggle/src/script.py:325: FutureWarning: `torch.cuda.amp.autocast(args...)` is deprecated. Please use `torch.amp.autocast('cuda', args...)` instead.\n"}
,{"stream_name":"stderr","time":269.493227076,"data":"  with torch.cuda.amp.autocast(enabled=DEVICE.type == \"cuda\", dtype=torch.float16):\n"}
,{"stream_name":"stderr","time":270.184447563,"data":"/kaggle/src/script.py:325: FutureWarning: `torch.cuda.amp.autocast(args...)` is deprecated. Please use `torch.amp.autocast('cuda', args...)` instead.\n"}
,{"stream_name":"stderr","time":270.184489277,"data":"  with torch.cuda.amp.autocast(enabled=DEVICE.type == \"cuda\", dtype=torch.float16):\n"}
,{"stream_name":"stderr","time":270.729987315,"data":"/kaggle/src/script.py:325: FutureWarning: `torch.cuda.amp.autocast(args...)` is deprecated. Please use `torch.amp.autocast('cuda', args...)` instead.\n"}
,{"stream_name":"stderr","time":270.730029196,"data":"  with torch.cuda.amp.autocast(enabled=DEVICE.type == \"cuda\", dtype=torch.float16):\n"}
,{"stream_name":"stderr","time":271.518791891,"data":"/kaggle/src/script.py:325: FutureWarning: `torch.cuda.amp.autocast(args...)` is deprecated. Please use `torch.amp.autocast('cuda', args...)` instead.\n"}
,{"stream_name":"stderr","time":271.518836532,"data":"  with torch.cuda.amp.autocast(enabled=DEVICE.type == \"cuda\", dtype=torch.float16):\n"}
,{"stream_name":"stderr","time":272.228722257,"data":"/kaggle/src/script.py:325: FutureWarning: `torch.cuda.amp.autocast(args...)` is deprecated. Please use `torch.amp.autocast('cuda', args...)` instead.\n"}
,{"stream_name":"stderr","time":272.228766177,"data":"  with torch.cuda.amp.autocast(enabled=DEVICE.type == \"cuda\", dtype=torch.float16):\n"}
,{"stream_name":"stdout","time":272.717006473,"data":"epoch=0 session=60/206 step=15 loss=2.4973 ce=1.5447 rank=0.8481 struct=1.3115\n"}
,{"stream_name":"stderr","time":272.718392275,"data":"/kaggle/src/script.py:325: FutureWarning: `torch.cuda.amp.autocast(args...)` is deprecated. Please use `torch.amp.autocast('cuda', args...)` instead.\n"}
,{"stream_name":"stderr","time":272.718413712,"data":"  with torch.cuda.amp.autocast(enabled=DEVICE.type == \"cuda\", dtype=torch.float16):\n"}
,{"stream_name":"stderr","time":273.413679828,"data":"/kaggle/src/script.py:325: FutureWarning: `torch.cuda.amp.autocast(args...)` is deprecated. Please use `torch.amp.autocast('cuda', args...)` instead.\n"}
,{"stream_name":"stderr","time":273.413745471,"data":"  with torch.cuda.amp.autocast(enabled=DEVICE.type == \"cuda\", dtype=torch.float16):\n"}
,{"stream_name":"stderr","time":273.928255252,"data":"/kaggle/src/script.py:325: FutureWarning: `torch.cuda.amp.autocast(args...)` is deprecated. Please use `torch.amp.autocast('cuda', args...)` instead.\n"}
,{"stream_name":"stderr","time":273.928295538,"data":"  with torch.cuda.amp.autocast(enabled=DEVICE.type == \"cuda\", dtype=torch.float16):\n"}
,{"stream_name":"stderr","time":274.411586676,"data":"/kaggle/src/script.py:325: FutureWarning: `torch.cuda.amp.autocast(args...)` is deprecated. Please use `torch.amp.autocast('cuda', args...)` instead.\n"}
,{"stream_name":"stderr","time":274.411648569,"data":"  with torch.cuda.amp.autocast(enabled=DEVICE.type == \"cuda\", dtype=torch.float16):\n"}
,{"stream_name":"stderr","time":275.100121095,"data":"/kaggle/src/script.py:325: FutureWarning: `torch.cuda.amp.autocast(args...)` is deprecated. Please use `torch.amp.autocast('cuda', args...)` instead.\n"}
,{"stream_name":"stderr","time":275.100198538,"data":"  with torch.cuda.amp.autocast(enabled=DEVICE.type == \"cuda\", dtype=torch.float16):\n"}
,{"stream_name":"stderr","time":275.676257031,"data":"/kaggle/src/script.py:325: FutureWarning: `torch.cuda.amp.autocast(args...)` is deprecated. Please use `torch.amp.autocast('cuda', args...)` instead.\n"}
,{"stream_name":"stderr","time":275.676320145,"data":"  with torch.cuda.amp.autocast(enabled=DEVICE.type == \"cuda\", dtype=torch.float16):\n"}
,{"stream_name":"stderr","time":276.155017152,"data":"/kaggle/src/script.py:325: FutureWarning: `torch.cuda.amp.autocast(args...)` is deprecated. Please use `torch.amp.autocast('cuda', args...)` instead.\n"}
,{"stream_name":"stderr","time":276.155063205,"data":"  with torch.cuda.amp.autocast(enabled=DEVICE.type == \"cuda\", dtype=torch.float16):\n"}
,{"stream_name":"stderr","time":276.837115056,"data":"/kaggle/src/script.py:325: FutureWarning: `torch.cuda.amp.autocast(args...)` is deprecated. Please use `torch.amp.autocast('cuda', args...)` instead.\n"}
,{"stream_name":"stderr","time":276.837219182,"data":"  with torch.cuda.amp.autocast(enabled=DEVICE.type == \"cuda\", dtype=torch.float16):\n"}
,{"stream_name":"stderr","time":277.331753177,"data":"/kaggle/src/script.py:325: FutureWarning: `torch.cuda.amp.autocast(args...)` is deprecated. Please use `torch.amp.autocast('cuda', args...)` instead.\n"}
,{"stream_name":"stderr","time":277.33179277,"data":"  with torch.cuda.amp.autocast(enabled=DEVICE.type == \"cuda\", dtype=torch.float16):\n"}
,{"stream_name":"stderr","time":277.786578277,"data":"/kaggle/src/script.py:325: FutureWarning: `torch.cuda.amp.autocast(args...)` is deprecated. Please use `torch.amp.autocast('cuda', args...)` instead.\n"}
,{"stream_name":"stderr","time":277.786627452,"data":"  with torch.cuda.amp.autocast(enabled=DEVICE.type == \"cuda\", dtype=torch.float16):\n"}
,{"stream_name":"stdout","time":278.484981269,"data":"epoch=0 session=70/206 step=17 loss=2.3382 ce=1.4533 rank=0.7712 struct=1.2300\n"}
,{"stream_name":"stderr","time":278.486336413,"data":"/kaggle/src/script.py:325: FutureWarning: `torch.cuda.amp.autocast(args...)` is deprecated. Please use `torch.amp.autocast('cuda', args...)` instead.\n"}
,{"stream_name":"stderr","time":278.486358541,"data":"  with torch.cuda.amp.autocast(enabled=DEVICE.type == \"cuda\", dtype=torch.float16):\n"}
,{"stream_name":"stderr","time":279.022704747,"data":"/kaggle/src/script.py:325: FutureWarning: `torch.cuda.amp.autocast(args...)` is deprecated. Please use `torch.amp.autocast('cuda', args...)` instead.\n"}
,{"stream_name":"stderr","time":279.022751439,"data":"  with torch.cuda.amp.autocast(enabled=DEVICE.type == \"cuda\", dtype=torch.float16):\n"}
,{"stream_name":"stderr","time":279.879191354,"data":"/kaggle/src/script.py:325: FutureWarning: `torch.cuda.amp.autocast(args...)` is deprecated. Please use `torch.amp.autocast('cuda', args...)` instead.\n"}
,{"stream_name":"stderr","time":279.879232492,"data":"  with torch.cuda.amp.autocast(enabled=DEVICE.type == \"cuda\", dtype=torch.float16):\n"}
,{"stream_name":"stderr","time":280.364502425,"data":"/kaggle/src/script.py:325: FutureWarning: `torch.cuda.amp.autocast(args...)` is deprecated. Please use `torch.amp.autocast('cuda', args...)` instead.\n"}
,{"stream_name":"stderr","time":280.364545773,"data":"  with torch.cuda.amp.autocast(enabled=DEVICE.type == \"cuda\", dtype=torch.float16):\n"}
,{"stream_name":"stderr","time":280.855527123,"data":"/kaggle/src/script.py:325: FutureWarning: `torch.cuda.amp.autocast(args...)` is deprecated. Please use `torch.amp.autocast('cuda', args...)` instead.\n"}
,{"stream_name":"stderr","time":280.855590791,"data":"  with torch.cuda.amp.autocast(enabled=DEVICE.type == \"cuda\", dtype=torch.float16):\n"}
,{"stream_name":"stderr","time":281.567670168,"data":"/kaggle/src/script.py:325: FutureWarning: `torch.cuda.amp.autocast(args...)` is deprecated. Please use `torch.amp.autocast('cuda', args...)` instead.\n"}
,{"stream_name":"stderr","time":281.567719985,"data":"  with torch.cuda.amp.autocast(enabled=DEVICE.type == \"cuda\", dtype=torch.float16):\n"}
,{"stream_name":"stderr","time":282.303702127,"data":"/kaggle/src/script.py:325: FutureWarning: `torch.cuda.amp.autocast(args...)` is deprecated. Please use `torch.amp.autocast('cuda', args...)` instead.\n"}
,{"stream_name":"stderr","time":282.30374943,"data":"  with torch.cuda.amp.autocast(enabled=DEVICE.type == \"cuda\", dtype=torch.float16):\n"}
,{"stream_name":"stderr","time":282.985073922,"data":"/kaggle/src/script.py:325: FutureWarning: `torch.cuda.amp.autocast(args...)` is deprecated. Please use `torch.amp.autocast('cuda', args...)` instead.\n"}
,{"stream_name":"stderr","time":282.9851167,"data":"  with torch.cuda.amp.autocast(enabled=DEVICE.type == \"cuda\", dtype=torch.float16):\n"}
,{"stream_name":"stderr","time":283.64904813,"data":"/kaggle/src/script.py:325: FutureWarning: `torch.cuda.amp.autocast(args...)` is deprecated. Please use `torch.amp.autocast('cuda', args...)` instead.\n"}
,{"stream_name":"stderr","time":283.649108946,"data":"  with torch.cuda.amp.autocast(enabled=DEVICE.type == \"cuda\", dtype=torch.float16):\n"}
,{"stream_name":"stderr","time":284.163823194,"data":"/kaggle/src/script.py:325: FutureWarning: `torch.cuda.amp.autocast(args...)` is deprecated. Please use `torch.amp.autocast('cuda', args...)` instead.\n"}
,{"stream_name":"stderr","time":284.163910534,"data":"  with torch.cuda.amp.autocast(enabled=DEVICE.type == \"cuda\", dtype=torch.float16):\n"}
,{"stream_name":"stdout","time":284.660465025,"data":"epoch=0 session=80/206 step=20 loss=2.2993 ce=1.4022 rank=0.8295 struct=1.2135\n"}
,{"stream_name":"stderr","time":284.661779814,"data":"/kaggle/src/script.py:325: FutureWarning: `torch.cuda.amp.autocast(args...)` is deprecated. Please use `torch.amp.autocast('cuda', args...)` instead.\n"}
,{"stream_name":"stderr","time":284.661797611,"data":"  with torch.cuda.amp.autocast(enabled=DEVICE.type == \"cuda\", dtype=torch.float16):\n"}
,{"stream_name":"stderr","time":285.388442231,"data":"/kaggle/src/script.py:325: FutureWarning: `torch.cuda.amp.autocast(args...)` is deprecated. Please use `torch.amp.autocast('cuda', args...)` instead.\n"}
,{"stream_name":"stderr","time":285.388483846,"data":"  with torch.cuda.amp.autocast(enabled=DEVICE.type == \"cuda\", dtype=torch.float16):\n"}
,{"stream_name":"stderr","time":286.067962145,"data":"/kaggle/src/script.py:325: FutureWarning: `torch.cuda.amp.autocast(args...)` is deprecated. Please use `torch.amp.autocast('cuda', args...)` instead.\n"}
,{"stream_name":"stderr","time":286.068011127,"data":"  with torch.cuda.amp.autocast(enabled=DEVICE.type == \"cuda\", dtype=torch.float16):\n"}
,{"stream_name":"stderr","time":286.782668316,"data":"/kaggle/src/script.py:325: FutureWarning: `torch.cuda.amp.autocast(args...)` is deprecated. Please use `torch.amp.autocast('cuda', args...)` instead.\n"}
,{"stream_name":"stderr","time":286.782719636,"data":"  with torch.cuda.amp.autocast(enabled=DEVICE.type == \"cuda\", dtype=torch.float16):\n"}
,{"stream_name":"stderr","time":287.317841814,"data":"/kaggle/src/script.py:325: FutureWarning: `torch.cuda.amp.autocast(args...)` is deprecated. Please use `torch.amp.autocast('cuda', args...)` instead.\n"}
,{"stream_name":"stderr","time":287.317884337,"data":"  with torch.cuda.amp.autocast(enabled=DEVICE.type == \"cuda\", dtype=torch.float16):\n"}
,{"stream_name":"stderr","time":287.804266969,"data":"/kaggle/src/script.py:325: FutureWarning: `torch.cuda.amp.autocast(args...)` is deprecated. Please use `torch.amp.autocast('cuda', args...)` instead.\n"}
,{"stream_name":"stderr","time":287.804301856,"data":"  with torch.cuda.amp.autocast(enabled=DEVICE.type == \"cuda\", dtype=torch.float16):\n"}
,{"stream_name":"stderr","time":288.270489864,"data":"/kaggle/src/script.py:325: FutureWarning: `torch.cuda.amp.autocast(args...)` is deprecated. Please use `torch.amp.autocast('cuda', args...)` instead.\n"}
,{"stream_name":"stderr","time":288.270549422,"data":"  with torch.cuda.amp.autocast(enabled=DEVICE.type == \"cuda\", dtype=torch.float16):\n"}
,{"stream_name":"stderr","time":288.72045383,"data":"/kaggle/src/script.py:325: FutureWarning: `torch.cuda.amp.autocast(args...)` is deprecated. Please use `torch.amp.autocast('cuda', args...)` instead.\n"}
,{"stream_name":"stderr","time":288.720516921,"data":"  with torch.cuda.amp.autocast(enabled=DEVICE.type == \"cuda\", dtype=torch.float16):\n"}
,{"stream_name":"stderr","time":289.200405156,"data":"/kaggle/src/script.py:325: FutureWarning: `torch.cuda.amp.autocast(args...)` is deprecated. Please use `torch.amp.autocast('cuda', args...)` instead.\n"}
,{"stream_name":"stderr","time":289.200500137,"data":"  with torch.cuda.amp.autocast(enabled=DEVICE.type == \"cuda\", dtype=torch.float16):\n"}
,{"stream_name":"stderr","time":289.898848431,"data":"/kaggle/src/script.py:325: FutureWarning: `torch.cuda.amp.autocast(args...)` is deprecated. Please use `torch.amp.autocast('cuda', args...)` instead.\n"}
,{"stream_name":"stderr","time":289.898886944,"data":"  with torch.cuda.amp.autocast(enabled=DEVICE.type == \"cuda\", dtype=torch.float16):\n"}
,{"stream_name":"stdout","time":290.380952304,"data":"epoch=0 session=90/206 step=22 loss=2.5362 ce=1.4217 rank=0.8364 struct=1.6435\n"}
,{"stream_name":"stderr","time":290.382361713,"data":"/kaggle/src/script.py:325: FutureWarning: `torch.cuda.amp.autocast(args...)` is deprecated. Please use `torch.amp.autocast('cuda', args...)` instead.\n"}
,{"stream_name":"stderr","time":290.382385594,"data":"  with torch.cuda.amp.autocast(enabled=DEVICE.type == \"cuda\", dtype=torch.float16):\n"}
,{"stream_name":"stderr","time":291.137438343,"data":"/kaggle/src/script.py:325: FutureWarning: `torch.cuda.amp.autocast(args...)` is deprecated. Please use `torch.amp.autocast('cuda', args...)` instead.\n"}
,{"stream_name":"stderr","time":291.137482003,"data":"  with torch.cuda.amp.autocast(enabled=DEVICE.type == \"cuda\", dtype=torch.float16):\n"}
,{"stream_name":"stderr","time":291.688464074,"data":"/kaggle/src/script.py:325: FutureWarning: `torch.cuda.amp.autocast(args...)` is deprecated. Please use `torch.amp.autocast('cuda', args...)` instead.\n"}
,{"stream_name":"stderr","time":291.688526364,"data":"  with torch.cuda.amp.autocast(enabled=DEVICE.type == \"cuda\", dtype=torch.float16):\n"}
,{"stream_name":"stderr","time":292.162845791,"data":"/kaggle/src/script.py:325: FutureWarning: `torch.cuda.amp.autocast(args...)` is deprecated. Please use `torch.amp.autocast('cuda', args...)` instead.\n"}
,{"stream_name":"stderr","time":292.162890819,"data":"  with torch.cuda.amp.autocast(enabled=DEVICE.type == \"cuda\", dtype=torch.float16):\n"}
,{"stream_name":"stderr","time":292.650636749,"data":"/kaggle/src/script.py:325: FutureWarning: `torch.cuda.amp.autocast(args...)` is deprecated. Please use `torch.amp.autocast('cuda', args...)` instead.\n"}
,{"stream_name":"stderr","time":292.650697513,"data":"  with torch.cuda.amp.autocast(enabled=DEVICE.type == \"cuda\", dtype=torch.float16):\n"}
,{"stream_name":"stderr","time":293.120816735,"data":"/kaggle/src/script.py:325: FutureWarning: `torch.cuda.amp.autocast(args...)` is deprecated. Please use `torch.amp.autocast('cuda', args...)` instead.\n"}
,{"stream_name":"stderr","time":293.120895268,"data":"  with torch.cuda.amp.autocast(enabled=DEVICE.type == \"cuda\", dtype=torch.float16):\n"}
,{"stream_name":"stderr","time":293.587268019,"data":"/kaggle/src/script.py:325: FutureWarning: `torch.cuda.amp.autocast(args...)` is deprecated. Please use `torch.amp.autocast('cuda', args...)` instead.\n"}
,{"stream_name":"stderr","time":293.587310823,"data":"  with torch.cuda.amp.autocast(enabled=DEVICE.type == \"cuda\", dtype=torch.float16):\n"}
,{"stream_name":"stderr","time":294.268836232,"data":"/kaggle/src/script.py:325: FutureWarning: `torch.cuda.amp.autocast(args...)` is deprecated. Please use `torch.amp.autocast('cuda', args...)` instead.\n"}
,{"stream_name":"stderr","time":294.268886775,"data":"  with torch.cuda.amp.autocast(enabled=DEVICE.type == \"cuda\", dtype=torch.float16):\n"}
,{"stream_name":"stderr","time":294.765294906,"data":"/kaggle/src/script.py:325: FutureWarning: `torch.cuda.amp.autocast(args...)` is deprecated. Please use `torch.amp.autocast('cuda', args...)` instead.\n"}
,{"stream_name":"stderr","time":294.765354329,"data":"  with torch.cuda.amp.autocast(enabled=DEVICE.type == \"cuda\", dtype=torch.float16):\n"}
,{"stream_name":"stderr","time":295.261820859,"data":"/kaggle/src/script.py:325: FutureWarning: `torch.cuda.amp.autocast(args...)` is deprecated. Please use `torch.amp.autocast('cuda', args...)` instead.\n"}
,{"stream_name":"stderr","time":295.261864385,"data":"  with torch.cuda.amp.autocast(enabled=DEVICE.type == \"cuda\", dtype=torch.float16):\n"}
,{"stream_name":"stdout","time":295.975966003,"data":"epoch=0 session=100/206 step=25 loss=2.4378 ce=1.4736 rank=0.8811 struct=1.3116\n"}
,{"stream_name":"stderr","time":295.977297742,"data":"/kaggle/src/script.py:325: FutureWarning: `torch.cuda.amp.autocast(args...)` is deprecated. Please use `torch.amp.autocast('cuda', args...)` instead.\n"}
,{"stream_name":"stderr","time":295.977327827,"data":"  with torch.cuda.amp.autocast(enabled=DEVICE.type == \"cuda\", dtype=torch.float16):\n"}
,{"stream_name":"stderr","time":296.54207361,"data":"/kaggle/src/script.py:325: FutureWarning: `torch.cuda.amp.autocast(args...)` is deprecated. Please use `torch.amp.autocast('cuda', args...)` instead.\n"}
,{"stream_name":"stderr","time":296.542117412,"data":"  with torch.cuda.amp.autocast(enabled=DEVICE.type == \"cuda\", dtype=torch.float16):\n"}
,{"stream_name":"stderr","time":297.203090893,"data":"/kaggle/src/script.py:325: FutureWarning: `torch.cuda.amp.autocast(args...)` is deprecated. Please use `torch.amp.autocast('cuda', args...)` instead.\n"}
,{"stream_name":"stderr","time":297.203133315,"data":"  with torch.cuda.amp.autocast(enabled=DEVICE.type == \"cuda\", dtype=torch.float16):\n"}
,{"stream_name":"stderr","time":297.689467601,"data":"/kaggle/src/script.py:325: FutureWarning: `torch.cuda.amp.autocast(args...)` is deprecated. Please use `torch.amp.autocast('cuda', args...)` instead.\n"}
,{"stream_name":"stderr","time":297.689532406,"data":"  with torch.cuda.amp.autocast(enabled=DEVICE.type == \"cuda\", dtype=torch.float16):\n"}
,{"stream_name":"stderr","time":298.592524711,"data":"/kaggle/src/script.py:325: FutureWarning: `torch.cuda.amp.autocast(args...)` is deprecated. Please use `torch.amp.autocast('cuda', args...)` instead.\n"}
,{"stream_name":"stderr","time":298.592567661,"data":"  with torch.cuda.amp.autocast(enabled=DEVICE.type == \"cuda\", dtype=torch.float16):\n"}
,{"stream_name":"stderr","time":299.356206668,"data":"/kaggle/src/script.py:325: FutureWarning: `torch.cuda.amp.autocast(args...)` is deprecated. Please use `torch.amp.autocast('cuda', args...)` instead.\n"}
,{"stream_name":"stderr","time":299.356250281,"data":"  with torch.cuda.amp.autocast(enabled=DEVICE.type == \"cuda\", dtype=torch.float16):\n"}
,{"stream_name":"stderr","time":300.041465123,"data":"/kaggle/src/script.py:325: FutureWarning: `torch.cuda.amp.autocast(args...)` is deprecated. Please use `torch.amp.autocast('cuda', args...)` instead.\n"}
,{"stream_name":"stderr","time":300.041535352,"data":"  with torch.cuda.amp.autocast(enabled=DEVICE.type == \"cuda\", dtype=torch.float16):\n"}
,{"stream_name":"stderr","time":300.529707195,"data":"/kaggle/src/script.py:325: FutureWarning: `torch.cuda.amp.autocast(args...)` is deprecated. Please use `torch.amp.autocast('cuda', args...)` instead.\n"}
,{"stream_name":"stderr","time":300.529748223,"data":"  with torch.cuda.amp.autocast(enabled=DEVICE.type == \"cuda\", dtype=torch.float16):\n"}
,{"stream_name":"stderr","time":301.025942595,"data":"/kaggle/src/script.py:325: FutureWarning: `torch.cuda.amp.autocast(args...)` is deprecated. Please use `torch.amp.autocast('cuda', args...)` instead.\n"}
,{"stream_name":"stderr","time":301.025986681,"data":"  with torch.cuda.amp.autocast(enabled=DEVICE.type == \"cuda\", dtype=torch.float16):\n"}
,{"stream_name":"stderr","time":301.732202702,"data":"/kaggle/src/script.py:325: FutureWarning: `torch.cuda.amp.autocast(args...)` is deprecated. Please use `torch.amp.autocast('cuda', args...)` instead.\n"}
,{"stream_name":"stderr","time":301.732282458,"data":"  with torch.cuda.amp.autocast(enabled=DEVICE.type == \"cuda\", dtype=torch.float16):\n"}
,{"stream_name":"stdout","time":302.424971634,"data":"epoch=0 session=110/206 step=27 loss=2.5424 ce=1.5920 rank=0.8249 struct=1.3233\n"}
,{"stream_name":"stderr","time":302.426219587,"data":"/kaggle/src/script.py:325: FutureWarning: `torch.cuda.amp.autocast(args...)` is deprecated. Please use `torch.amp.autocast('cuda', args...)` instead.\n"}
,{"stream_name":"stderr","time":302.426237429,"data":"  with torch.cuda.amp.autocast(enabled=DEVICE.type == \"cuda\", dtype=torch.float16):\n"}
,{"stream_name":"stderr","time":303.164161224,"data":"/kaggle/src/script.py:325: FutureWarning: `torch.cuda.amp.autocast(args...)` is deprecated. Please use `torch.amp.autocast('cuda', args...)` instead.\n"}
,{"stream_name":"stderr","time":303.164231458,"data":"  with torch.cuda.amp.autocast(enabled=DEVICE.type == \"cuda\", dtype=torch.float16):\n"}
,{"stream_name":"stderr","time":303.86045403,"data":"/kaggle/src/script.py:325: FutureWarning: `torch.cuda.amp.autocast(args...)` is deprecated. Please use `torch.amp.autocast('cuda', args...)` instead.\n"}
,{"stream_name":"stderr","time":303.860493235,"data":"  with torch.cuda.amp.autocast(enabled=DEVICE.type == \"cuda\", dtype=torch.float16):\n"}
,{"stream_name":"stderr","time":304.619744291,"data":"/kaggle/src/script.py:325: FutureWarning: `torch.cuda.amp.autocast(args...)` is deprecated. Please use `torch.amp.autocast('cuda', args...)` instead.\n"}
,{"stream_name":"stderr","time":304.619808853,"data":"  with torch.cuda.amp.autocast(enabled=DEVICE.type == \"cuda\", dtype=torch.float16):\n"}
,{"stream_name":"stderr","time":305.1152681,"data":"/kaggle/src/script.py:325: FutureWarning: `torch.cuda.amp.autocast(args...)` is deprecated. Please use `torch.amp.autocast('cuda', args...)` instead.\n"}
,{"stream_name":"stderr","time":305.115314293,"data":"  with torch.cuda.amp.autocast(enabled=DEVICE.type == \"cuda\", dtype=torch.float16):\n"}
,{"stream_name":"stderr","time":305.840447137,"data":"/kaggle/src/script.py:325: FutureWarning: `torch.cuda.amp.autocast(args...)` is deprecated. Please use `torch.amp.autocast('cuda', args...)` instead.\n"}
,{"stream_name":"stderr","time":305.840496391,"data":"  with torch.cuda.amp.autocast(enabled=DEVICE.type == \"cuda\", dtype=torch.float16):\n"}
,{"stream_name":"stderr","time":306.325470554,"data":"/kaggle/src/script.py:325: FutureWarning: `torch.cuda.amp.autocast(args...)` is deprecated. Please use `torch.amp.autocast('cuda', args...)` instead.\n"}
,{"stream_name":"stderr","time":306.325513472,"data":"  with torch.cuda.amp.autocast(enabled=DEVICE.type == \"cuda\", dtype=torch.float16):\n"}
,{"stream_name":"stderr","time":306.851772866,"data":"/kaggle/src/script.py:325: FutureWarning: `torch.cuda.amp.autocast(args...)` is deprecated. Please use `torch.amp.autocast('cuda', args...)` instead.\n"}
,{"stream_name":"stderr","time":306.85182116,"data":"  with torch.cuda.amp.autocast(enabled=DEVICE.type == \"cuda\", dtype=torch.float16):\n"}
,{"stream_name":"stderr","time":307.317052714,"data":"/kaggle/src/script.py:325: FutureWarning: `torch.cuda.amp.autocast(args...)` is deprecated. Please use `torch.amp.autocast('cuda', args...)` instead.\n"}
,{"stream_name":"stderr","time":307.317096856,"data":"  with torch.cuda.amp.autocast(enabled=DEVICE.type == \"cuda\", dtype=torch.float16):\n"}
,{"stream_name":"stderr","time":308.012915412,"data":"/kaggle/src/script.py:325: FutureWarning: `torch.cuda.amp.autocast(args...)` is deprecated. Please use `torch.amp.autocast('cuda', args...)` instead.\n"}
,{"stream_name":"stderr","time":308.012959727,"data":"  with torch.cuda.amp.autocast(enabled=DEVICE.type == \"cuda\", dtype=torch.float16):\n"}
,{"stream_name":"stdout","time":308.730119233,"data":"epoch=0 session=120/206 step=30 loss=2.3713 ce=1.4689 rank=0.8303 struct=1.2236\n"}
,{"stream_name":"stderr","time":308.731454398,"data":"/kaggle/src/script.py:325: FutureWarning: `torch.cuda.amp.autocast(args...)` is deprecated. Please use `torch.amp.autocast('cuda', args...)` instead.\n"}
,{"stream_name":"stderr","time":308.731477858,"data":"  with torch.cuda.amp.autocast(enabled=DEVICE.type == \"cuda\", dtype=torch.float16):\n"}
,{"stream_name":"stderr","time":309.403499788,"data":"/kaggle/src/script.py:325: FutureWarning: `torch.cuda.amp.autocast(args...)` is deprecated. Please use `torch.amp.autocast('cuda', args...)` instead.\n"}
,{"stream_name":"stderr","time":309.403543494,"data":"  with torch.cuda.amp.autocast(enabled=DEVICE.type == \"cuda\", dtype=torch.float16):\n"}
,{"stream_name":"stderr","time":310.02078034,"data":"/kaggle/src/script.py:325: FutureWarning: `torch.cuda.amp.autocast(args...)` is deprecated. Please use `torch.amp.autocast('cuda', args...)` instead.\n"}
,{"stream_name":"stderr","time":310.02081994,"data":"  with torch.cuda.amp.autocast(enabled=DEVICE.type == \"cuda\", dtype=torch.float16):\n"}
,{"stream_name":"stderr","time":310.694255034,"data":"/kaggle/src/script.py:325: FutureWarning: `torch.cuda.amp.autocast(args...)` is deprecated. Please use `torch.amp.autocast('cuda', args...)` instead.\n"}
,{"stream_name":"stderr","time":310.694298377,"data":"  with torch.cuda.amp.autocast(enabled=DEVICE.type == \"cuda\", dtype=torch.float16):\n"}
,{"stream_name":"stderr","time":311.453621281,"data":"/kaggle/src/script.py:325: FutureWarning: `torch.cuda.amp.autocast(args...)` is deprecated. Please use `torch.amp.autocast('cuda', args...)` instead.\n"}
,{"stream_name":"stderr","time":311.453691553,"data":"  with torch.cuda.amp.autocast(enabled=DEVICE.type == \"cuda\", dtype=torch.float16):\n"}
,{"stream_name":"stderr","time":311.93322818,"data":"/kaggle/src/script.py:325: FutureWarning: `torch.cuda.amp.autocast(args...)` is deprecated. Please use `torch.amp.autocast('cuda', args...)` instead.\n"}
,{"stream_name":"stderr","time":311.933270412,"data":"  with torch.cuda.amp.autocast(enabled=DEVICE.type == \"cuda\", dtype=torch.float16):\n"}
,{"stream_name":"stderr","time":312.395801218,"data":"/kaggle/src/script.py:325: FutureWarning: `torch.cuda.amp.autocast(args...)` is deprecated. Please use `torch.amp.autocast('cuda', args...)` instead.\n"}
,{"stream_name":"stderr","time":312.395851668,"data":"  with torch.cuda.amp.autocast(enabled=DEVICE.type == \"cuda\", dtype=torch.float16):\n"}
,{"stream_name":"stderr","time":312.853625253,"data":"/kaggle/src/script.py:325: FutureWarning: `torch.cuda.amp.autocast(args...)` is deprecated. Please use `torch.amp.autocast('cuda', args...)` instead.\n"}
,{"stream_name":"stderr","time":312.853667929,"data":"  with torch.cuda.amp.autocast(enabled=DEVICE.type == \"cuda\", dtype=torch.float16):\n"}
,{"stream_name":"stderr","time":313.576115001,"data":"/kaggle/src/script.py:325: FutureWarning: `torch.cuda.amp.autocast(args...)` is deprecated. Please use `torch.amp.autocast('cuda', args...)` instead.\n"}
,{"stream_name":"stderr","time":313.576203341,"data":"  with torch.cuda.amp.autocast(enabled=DEVICE.type == \"cuda\", dtype=torch.float16):\n"}
,{"stream_name":"stderr","time":314.301087675,"data":"/kaggle/src/script.py:325: FutureWarning: `torch.cuda.amp.autocast(args...)` is deprecated. Please use `torch.amp.autocast('cuda', args...)` instead.\n"}
,{"stream_name":"stderr","time":314.301130429,"data":"  with torch.cuda.amp.autocast(enabled=DEVICE.type == \"cuda\", dtype=torch.float16):\n"}
,{"stream_name":"stdout","time":314.995002006,"data":"epoch=0 session=130/206 step=32 loss=2.5637 ce=1.6275 rank=0.8607 struct=1.2698\n"}
,{"stream_name":"stderr","time":314.996417482,"data":"/kaggle/src/script.py:325: FutureWarning: `torch.cuda.amp.autocast(args...)` is deprecated. Please use `torch.amp.autocast('cuda', args...)` instead.\n"}
,{"stream_name":"stderr","time":314.996445213,"data":"  with torch.cuda.amp.autocast(enabled=DEVICE.type == \"cuda\", dtype=torch.float16):\n"}
,{"stream_name":"stderr","time":315.674503736,"data":"/kaggle/src/script.py:325: FutureWarning: `torch.cuda.amp.autocast(args...)` is deprecated. Please use `torch.amp.autocast('cuda', args...)` instead.\n"}
,{"stream_name":"stderr","time":315.674544934,"data":"  with torch.cuda.amp.autocast(enabled=DEVICE.type == \"cuda\", dtype=torch.float16):\n"}
,{"stream_name":"stderr","time":316.318258582,"data":"/kaggle/src/script.py:325: FutureWarning: `torch.cuda.amp.autocast(args...)` is deprecated. Please use `torch.amp.autocast('cuda', args...)` instead.\n"}
,{"stream_name":"stderr","time":316.318320796,"data":"  with torch.cuda.amp.autocast(enabled=DEVICE.type == \"cuda\", dtype=torch.float16):\n"}
,{"stream_name":"stderr","time":317.04415149,"data":"/kaggle/src/script.py:325: FutureWarning: `torch.cuda.amp.autocast(args...)` is deprecated. Please use `torch.amp.autocast('cuda', args...)` instead.\n"}
,{"stream_name":"stderr","time":317.044356103,"data":"  with torch.cuda.amp.autocast(enabled=DEVICE.type == \"cuda\", dtype=torch.float16):\n"}
,{"stream_name":"stderr","time":317.742241022,"data":"/kaggle/src/script.py:325: FutureWarning: `torch.cuda.amp.autocast(args...)` is deprecated. Please use `torch.amp.autocast('cuda', args...)` instead.\n"}
,{"stream_name":"stderr","time":317.742293844,"data":"  with torch.cuda.amp.autocast(enabled=DEVICE.type == \"cuda\", dtype=torch.float16):\n"}
,{"stream_name":"stderr","time":318.41563874,"data":"/kaggle/src/script.py:325: FutureWarning: `torch.cuda.amp.autocast(args...)` is deprecated. Please use `torch.amp.autocast('cuda', args...)` instead.\n"}
,{"stream_name":"stderr","time":318.415682233,"data":"  with torch.cuda.amp.autocast(enabled=DEVICE.type == \"cuda\", dtype=torch.float16):\n"}
,{"stream_name":"stderr","time":319.158199506,"data":"/kaggle/src/script.py:325: FutureWarning: `torch.cuda.amp.autocast(args...)` is deprecated. Please use `torch.amp.autocast('cuda', args...)` instead.\n"}
,{"stream_name":"stderr","time":319.158245759,"data":"  with torch.cuda.amp.autocast(enabled=DEVICE.type == \"cuda\", dtype=torch.float16):\n"}
,{"stream_name":"stderr","time":319.619285201,"data":"/kaggle/src/script.py:325: FutureWarning: `torch.cuda.amp.autocast(args...)` is deprecated. Please use `torch.amp.autocast('cuda', args...)` instead.\n"}
,{"stream_name":"stderr","time":319.619327481,"data":"  with torch.cuda.amp.autocast(enabled=DEVICE.type == \"cuda\", dtype=torch.float16):\n"}
,{"stream_name":"stderr","time":320.309082596,"data":"/kaggle/src/script.py:325: FutureWarning: `torch.cuda.amp.autocast(args...)` is deprecated. Please use `torch.amp.autocast('cuda', args...)` instead.\n"}
,{"stream_name":"stderr","time":320.30913782,"data":"  with torch.cuda.amp.autocast(enabled=DEVICE.type == \"cuda\", dtype=torch.float16):\n"}
,{"stream_name":"stderr","time":320.805386477,"data":"/kaggle/src/script.py:325: FutureWarning: `torch.cuda.amp.autocast(args...)` is deprecated. Please use `torch.amp.autocast('cuda', args...)` instead.\n"}
,{"stream_name":"stderr","time":320.805446485,"data":"  with torch.cuda.amp.autocast(enabled=DEVICE.type == \"cuda\", dtype=torch.float16):\n"}
,{"stream_name":"stdout","time":321.281253369,"data":"epoch=0 session=140/206 step=35 loss=2.4216 ce=1.5524 rank=0.8557 struct=1.1393\n"}
,{"stream_name":"stderr","time":321.283066871,"data":"/kaggle/src/script.py:325: FutureWarning: `torch.cuda.amp.autocast(args...)` is deprecated. Please use `torch.amp.autocast('cuda', args...)` instead.\n"}
,{"stream_name":"stderr","time":321.283109056,"data":"  with torch.cuda.amp.autocast(enabled=DEVICE.type == \"cuda\", dtype=torch.float16):\n"}
,{"stream_name":"stderr","time":321.798926628,"data":"/kaggle/src/script.py:325: FutureWarning: `torch.cuda.amp.autocast(args...)` is deprecated. Please use `torch.amp.autocast('cuda', args...)` instead.\n"}
,{"stream_name":"stderr","time":321.798962645,"data":"  with torch.cuda.amp.autocast(enabled=DEVICE.type == \"cuda\", dtype=torch.float16):\n"}
,{"stream_name":"stderr","time":322.469794181,"data":"/kaggle/src/script.py:325: FutureWarning: `torch.cuda.amp.autocast(args...)` is deprecated. Please use `torch.amp.autocast('cuda', args...)` instead.\n"}
,{"stream_name":"stderr","time":322.46985374,"data":"  with torch.cuda.amp.autocast(enabled=DEVICE.type == \"cuda\", dtype=torch.float16):\n"}
,{"stream_name":"stderr","time":323.197724168,"data":"/kaggle/src/script.py:325: FutureWarning: `torch.cuda.amp.autocast(args...)` is deprecated. Please use `torch.amp.autocast('cuda', args...)` instead.\n"}
,{"stream_name":"stderr","time":323.197770961,"data":"  with torch.cuda.amp.autocast(enabled=DEVICE.type == \"cuda\", dtype=torch.float16):\n"}
,{"stream_name":"stderr","time":323.712972804,"data":"/kaggle/src/script.py:325: FutureWarning: `torch.cuda.amp.autocast(args...)` is deprecated. Please use `torch.amp.autocast('cuda', args...)` instead.\n"}
,{"stream_name":"stderr","time":323.713022981,"data":"  with torch.cuda.amp.autocast(enabled=DEVICE.type == \"cuda\", dtype=torch.float16):\n"}
,{"stream_name":"stderr","time":324.204411263,"data":"/kaggle/src/script.py:325: FutureWarning: `torch.cuda.amp.autocast(args...)` is deprecated. Please use `torch.amp.autocast('cuda', args...)` instead.\n"}
,{"stream_name":"stderr","time":324.204453078,"data":"  with torch.cuda.amp.autocast(enabled=DEVICE.type == \"cuda\", dtype=torch.float16):\n"}
,{"stream_name":"stderr","time":324.900509494,"data":"/kaggle/src/script.py:325: FutureWarning: `torch.cuda.amp.autocast(args...)` is deprecated. Please use `torch.amp.autocast('cuda', args...)` instead.\n"}
,{"stream_name":"stderr","time":324.900548346,"data":"  with torch.cuda.amp.autocast(enabled=DEVICE.type == \"cuda\", dtype=torch.float16):\n"}
,{"stream_name":"stderr","time":325.404281911,"data":"/kaggle/src/script.py:325: FutureWarning: `torch.cuda.amp.autocast(args...)` is deprecated. Please use `torch.amp.autocast('cuda', args...)` instead.\n"}
,{"stream_name":"stderr","time":325.404323133,"data":"  with torch.cuda.amp.autocast(enabled=DEVICE.type == \"cuda\", dtype=torch.float16):\n"}
,{"stream_name":"stderr","time":326.145389878,"data":"/kaggle/src/script.py:325: FutureWarning: `torch.cuda.amp.autocast(args...)` is deprecated. Please use `torch.amp.autocast('cuda', args...)` instead.\n"}
,{"stream_name":"stderr","time":326.145437728,"data":"  with torch.cuda.amp.autocast(enabled=DEVICE.type == \"cuda\", dtype=torch.float16):\n"}
,{"stream_name":"stderr","time":326.604389886,"data":"/kaggle/src/script.py:325: FutureWarning: `torch.cuda.amp.autocast(args...)` is deprecated. Please use `torch.amp.autocast('cuda', args...)` instead.\n"}
,{"stream_name":"stderr","time":326.604437759,"data":"  with torch.cuda.amp.autocast(enabled=DEVICE.type == \"cuda\", dtype=torch.float16):\n"}
,{"stream_name":"stdout","time":327.091981232,"data":"epoch=0 session=150/206 step=37 loss=2.4626 ce=1.5315 rank=0.7963 struct=1.3050\n"}
,{"stream_name":"stderr","time":327.093491035,"data":"/kaggle/src/script.py:325: FutureWarning: `torch.cuda.amp.autocast(args...)` is deprecated. Please use `torch.amp.autocast('cuda', args...)` instead.\n"}
,{"stream_name":"stderr","time":327.093516472,"data":"  with torch.cuda.amp.autocast(enabled=DEVICE.type == \"cuda\", dtype=torch.float16):\n"}
,{"stream_name":"stderr","time":327.594350952,"data":"/kaggle/src/script.py:325: FutureWarning: `torch.cuda.amp.autocast(args...)` is deprecated. Please use `torch.amp.autocast('cuda', args...)` instead.\n"}
,{"stream_name":"stderr","time":327.594399014,"data":"  with torch.cuda.amp.autocast(enabled=DEVICE.type == \"cuda\", dtype=torch.float16):\n"}
,{"stream_name":"stderr","time":328.075306752,"data":"/kaggle/src/script.py:325: FutureWarning: `torch.cuda.amp.autocast(args...)` is deprecated. Please use `torch.amp.autocast('cuda', args...)` instead.\n"}
,{"stream_name":"stderr","time":328.075353059,"data":"  with torch.cuda.amp.autocast(enabled=DEVICE.type == \"cuda\", dtype=torch.float16):\n"}
,{"stream_name":"stderr","time":328.56099671,"data":"/kaggle/src/script.py:325: FutureWarning: `torch.cuda.amp.autocast(args...)` is deprecated. Please use `torch.amp.autocast('cuda', args...)` instead.\n"}
,{"stream_name":"stderr","time":328.561047378,"data":"  with torch.cuda.amp.autocast(enabled=DEVICE.type == \"cuda\", dtype=torch.float16):\n"}
,{"stream_name":"stderr","time":329.226268971,"data":"/kaggle/src/script.py:325: FutureWarning: `torch.cuda.amp.autocast(args...)` is deprecated. Please use `torch.amp.autocast('cuda', args...)` instead.\n"}
,{"stream_name":"stderr","time":329.226314342,"data":"  with torch.cuda.amp.autocast(enabled=DEVICE.type == \"cuda\", dtype=torch.float16):\n"}
,{"stream_name":"stderr","time":329.772965701,"data":"/kaggle/src/script.py:325: FutureWarning: `torch.cuda.amp.autocast(args...)` is deprecated. Please use `torch.amp.autocast('cuda', args...)` instead.\n"}
,{"stream_name":"stderr","time":329.77302782,"data":"  with torch.cuda.amp.autocast(enabled=DEVICE.type == \"cuda\", dtype=torch.float16):\n"}
,{"stream_name":"stderr","time":330.255328635,"data":"/kaggle/src/script.py:325: FutureWarning: `torch.cuda.amp.autocast(args...)` is deprecated. Please use `torch.amp.autocast('cuda', args...)` instead.\n"}
,{"stream_name":"stderr","time":330.255390147,"data":"  with torch.cuda.amp.autocast(enabled=DEVICE.type == \"cuda\", dtype=torch.float16):\n"}
,{"stream_name":"stderr","time":330.775886562,"data":"/kaggle/src/script.py:325: FutureWarning: `torch.cuda.amp.autocast(args...)` is deprecated. Please use `torch.amp.autocast('cuda', args...)` instead.\n"}
,{"stream_name":"stderr","time":330.775928225,"data":"  with torch.cuda.amp.autocast(enabled=DEVICE.type == \"cuda\", dtype=torch.float16):\n"}
,{"stream_name":"stderr","time":331.244696547,"data":"/kaggle/src/script.py:325: FutureWarning: `torch.cuda.amp.autocast(args...)` is deprecated. Please use `torch.amp.autocast('cuda', args...)` instead.\n"}
,{"stream_name":"stderr","time":331.244740571,"data":"  with torch.cuda.amp.autocast(enabled=DEVICE.type == \"cuda\", dtype=torch.float16):\n"}
,{"stream_name":"stderr","time":331.963928616,"data":"/kaggle/src/script.py:325: FutureWarning: `torch.cuda.amp.autocast(args...)` is deprecated. Please use `torch.amp.autocast('cuda', args...)` instead.\n"}
,{"stream_name":"stderr","time":331.963961326,"data":"  with torch.cuda.amp.autocast(enabled=DEVICE.type == \"cuda\", dtype=torch.float16):\n"}
,{"stream_name":"stdout","time":332.705944743,"data":"epoch=0 session=160/206 step=40 loss=2.4290 ce=1.4278 rank=0.8139 struct=1.4327\n"}
,{"stream_name":"stderr","time":332.707253283,"data":"/kaggle/src/script.py:325: FutureWarning: `torch.cuda.amp.autocast(args...)` is deprecated. Please use `torch.amp.autocast('cuda', args...)` instead.\n"}
,{"stream_name":"stderr","time":332.707276917,"data":"  with torch.cuda.amp.autocast(enabled=DEVICE.type == \"cuda\", dtype=torch.float16):\n"}
,{"stream_name":"stderr","time":333.252291543,"data":"/kaggle/src/script.py:325: FutureWarning: `torch.cuda.amp.autocast(args...)` is deprecated. Please use `torch.amp.autocast('cuda', args...)` instead.\n"}
,{"stream_name":"stderr","time":333.252359403,"data":"  with torch.cuda.amp.autocast(enabled=DEVICE.type == \"cuda\", dtype=torch.float16):\n"}
,{"stream_name":"stderr","time":333.73124196,"data":"/kaggle/src/script.py:325: FutureWarning: `torch.cuda.amp.autocast(args...)` is deprecated. Please use `torch.amp.autocast('cuda', args...)` instead.\n"}
,{"stream_name":"stderr","time":333.731296981,"data":"  with torch.cuda.amp.autocast(enabled=DEVICE.type == \"cuda\", dtype=torch.float16):\n"}
,{"stream_name":"stderr","time":334.420079649,"data":"/kaggle/src/script.py:325: FutureWarning: `torch.cuda.amp.autocast(args...)` is deprecated. Please use `torch.amp.autocast('cuda', args...)` instead.\n"}
,{"stream_name":"stderr","time":334.420149637,"data":"  with torch.cuda.amp.autocast(enabled=DEVICE.type == \"cuda\", dtype=torch.float16):\n"}
,{"stream_name":"stderr","time":334.918103366,"data":"/kaggle/src/script.py:325: FutureWarning: `torch.cuda.amp.autocast(args...)` is deprecated. Please use `torch.amp.autocast('cuda', args...)` instead.\n"}
,{"stream_name":"stderr","time":334.918143448,"data":"  with torch.cuda.amp.autocast(enabled=DEVICE.type == \"cuda\", dtype=torch.float16):\n"}
,{"stream_name":"stderr","time":335.375656776,"data":"/kaggle/src/script.py:325: FutureWarning: `torch.cuda.amp.autocast(args...)` is deprecated. Please use `torch.amp.autocast('cuda', args...)` instead.\n"}
,{"stream_name":"stderr","time":335.375699624,"data":"  with torch.cuda.amp.autocast(enabled=DEVICE.type == \"cuda\", dtype=torch.float16):\n"}
,{"stream_name":"stderr","time":335.847273909,"data":"/kaggle/src/script.py:325: FutureWarning: `torch.cuda.amp.autocast(args...)` is deprecated. Please use `torch.amp.autocast('cuda', args...)` instead.\n"}
,{"stream_name":"stderr","time":335.847317126,"data":"  with torch.cuda.amp.autocast(enabled=DEVICE.type == \"cuda\", dtype=torch.float16):\n"}
,{"stream_name":"stderr","time":336.389397411,"data":"/kaggle/src/script.py:325: FutureWarning: `torch.cuda.amp.autocast(args...)` is deprecated. Please use `torch.amp.autocast('cuda', args...)` instead.\n"}
,{"stream_name":"stderr","time":336.389464747,"data":"  with torch.cuda.amp.autocast(enabled=DEVICE.type == \"cuda\", dtype=torch.float16):\n"}
,{"stream_name":"stderr","time":336.886258672,"data":"/kaggle/src/script.py:325: FutureWarning: `torch.cuda.amp.autocast(args...)` is deprecated. Please use `torch.amp.autocast('cuda', args...)` instead.\n"}
,{"stream_name":"stderr","time":336.886301178,"data":"  with torch.cuda.amp.autocast(enabled=DEVICE.type == \"cuda\", dtype=torch.float16):\n"}
,{"stream_name":"stderr","time":337.576946524,"data":"/kaggle/src/script.py:325: FutureWarning: `torch.cuda.amp.autocast(args...)` is deprecated. Please use `torch.amp.autocast('cuda', args...)` instead.\n"}
,{"stream_name":"stderr","time":337.576996511,"data":"  with torch.cuda.amp.autocast(enabled=DEVICE.type == \"cuda\", dtype=torch.float16):\n"}
,{"stream_name":"stdout","time":338.057330412,"data":"epoch=0 session=170/206 step=42 loss=2.4962 ce=1.4790 rank=0.8141 struct=1.4646\n"}
,{"stream_name":"stderr","time":338.059047281,"data":"/kaggle/src/script.py:325: FutureWarning: `torch.cuda.amp.autocast(args...)` is deprecated. Please use `torch.amp.autocast('cuda', args...)` instead.\n"}
,{"stream_name":"stderr","time":338.059072289,"data":"  with torch.cuda.amp.autocast(enabled=DEVICE.type == \"cuda\", dtype=torch.float16):\n"}
,{"stream_name":"stderr","time":338.749622814,"data":"/kaggle/src/script.py:325: FutureWarning: `torch.cuda.amp.autocast(args...)` is deprecated. Please use `torch.amp.autocast('cuda', args...)` instead.\n"}
,{"stream_name":"stderr","time":338.749698278,"data":"  with torch.cuda.amp.autocast(enabled=DEVICE.type == \"cuda\", dtype=torch.float16):\n"}
,{"stream_name":"stderr","time":339.434820453,"data":"/kaggle/src/script.py:325: FutureWarning: `torch.cuda.amp.autocast(args...)` is deprecated. Please use `torch.amp.autocast('cuda', args...)` instead.\n"}
,{"stream_name":"stderr","time":339.434869466,"data":"  with torch.cuda.amp.autocast(enabled=DEVICE.type == \"cuda\", dtype=torch.float16):\n"}
,{"stream_name":"stderr","time":339.916535625,"data":"/kaggle/src/script.py:325: FutureWarning: `torch.cuda.amp.autocast(args...)` is deprecated. Please use `torch.amp.autocast('cuda', args...)` instead.\n"}
,{"stream_name":"stderr","time":339.916589185,"data":"  with torch.cuda.amp.autocast(enabled=DEVICE.type == \"cuda\", dtype=torch.float16):\n"}
,{"stream_name":"stderr","time":340.44653509,"data":"/kaggle/src/script.py:325: FutureWarning: `torch.cuda.amp.autocast(args...)` is deprecated. Please use `torch.amp.autocast('cuda', args...)` instead.\n"}
,{"stream_name":"stderr","time":340.446578087,"data":"  with torch.cuda.amp.autocast(enabled=DEVICE.type == \"cuda\", dtype=torch.float16):\n"}
,{"stream_name":"stderr","time":341.114235265,"data":"/kaggle/src/script.py:325: FutureWarning: `torch.cuda.amp.autocast(args...)` is deprecated. Please use `torch.amp.autocast('cuda', args...)` instead.\n"}
,{"stream_name":"stderr","time":341.114281092,"data":"  with torch.cuda.amp.autocast(enabled=DEVICE.type == \"cuda\", dtype=torch.float16):\n"}
,{"stream_name":"stderr","time":341.819297728,"data":"/kaggle/src/script.py:325: FutureWarning: `torch.cuda.amp.autocast(args...)` is deprecated. Please use `torch.amp.autocast('cuda', args...)` instead.\n"}
,{"stream_name":"stderr","time":341.819339675,"data":"  with torch.cuda.amp.autocast(enabled=DEVICE.type == \"cuda\", dtype=torch.float16):\n"}
,{"stream_name":"stderr","time":342.284891607,"data":"/kaggle/src/script.py:325: FutureWarning: `torch.cuda.amp.autocast(args...)` is deprecated. Please use `torch.amp.autocast('cuda', args...)` instead.\n"}
,{"stream_name":"stderr","time":342.284925127,"data":"  with torch.cuda.amp.autocast(enabled=DEVICE.type == \"cuda\", dtype=torch.float16):\n"}
,{"stream_name":"stderr","time":342.998310479,"data":"/kaggle/src/script.py:325: FutureWarning: `torch.cuda.amp.autocast(args...)` is deprecated. Please use `torch.amp.autocast('cuda', args...)` instead.\n"}
,{"stream_name":"stderr","time":342.998385663,"data":"  with torch.cuda.amp.autocast(enabled=DEVICE.type == \"cuda\", dtype=torch.float16):\n"}
,{"stream_name":"stderr","time":343.67931712,"data":"/kaggle/src/script.py:325: FutureWarning: `torch.cuda.amp.autocast(args...)` is deprecated. Please use `torch.amp.autocast('cuda', args...)` instead.\n"}
,{"stream_name":"stderr","time":343.679358799,"data":"  with torch.cuda.amp.autocast(enabled=DEVICE.type == \"cuda\", dtype=torch.float16):\n"}
,{"stream_name":"stdout","time":344.373656061,"data":"epoch=0 session=180/206 step=45 loss=2.4821 ce=1.5660 rank=0.8009 struct=1.2714\n"}
,{"stream_name":"stderr","time":344.374966285,"data":"/kaggle/src/script.py:325: FutureWarning: `torch.cuda.amp.autocast(args...)` is deprecated. Please use `torch.amp.autocast('cuda', args...)` instead.\n"}
,{"stream_name":"stderr","time":344.374986706,"data":"  with torch.cuda.amp.autocast(enabled=DEVICE.type == \"cuda\", dtype=torch.float16):\n"}
,{"stream_name":"stderr","time":344.844440285,"data":"/kaggle/src/script.py:325: FutureWarning: `torch.cuda.amp.autocast(args...)` is deprecated. Please use `torch.amp.autocast('cuda', args...)` instead.\n"}
,{"stream_name":"stderr","time":344.844489856,"data":"  with torch.cuda.amp.autocast(enabled=DEVICE.type == \"cuda\", dtype=torch.float16):\n"}
,{"stream_name":"stderr","time":345.421559384,"data":"/kaggle/src/script.py:325: FutureWarning: `torch.cuda.amp.autocast(args...)` is deprecated. Please use `torch.amp.autocast('cuda', args...)` instead.\n"}
,{"stream_name":"stderr","time":345.421634751,"data":"  with torch.cuda.amp.autocast(enabled=DEVICE.type == \"cuda\", dtype=torch.float16):\n"}
,{"stream_name":"stderr","time":345.886998399,"data":"/kaggle/src/script.py:325: FutureWarning: `torch.cuda.amp.autocast(args...)` is deprecated. Please use `torch.amp.autocast('cuda', args...)` instead.\n"}
,{"stream_name":"stderr","time":345.887040801,"data":"  with torch.cuda.amp.autocast(enabled=DEVICE.type == \"cuda\", dtype=torch.float16):\n"}
,{"stream_name":"stderr","time":346.61064432,"data":"/kaggle/src/script.py:325: FutureWarning: `torch.cuda.amp.autocast(args...)` is deprecated. Please use `torch.amp.autocast('cuda', args...)` instead.\n"}
,{"stream_name":"stderr","time":346.610681539,"data":"  with torch.cuda.amp.autocast(enabled=DEVICE.type == \"cuda\", dtype=torch.float16):\n"}
,{"stream_name":"stderr","time":347.306188468,"data":"/kaggle/src/script.py:325: FutureWarning: `torch.cuda.amp.autocast(args...)` is deprecated. Please use `torch.amp.autocast('cuda', args...)` instead.\n"}
,{"stream_name":"stderr","time":347.306231492,"data":"  with torch.cuda.amp.autocast(enabled=DEVICE.type == \"cuda\", dtype=torch.float16):\n"}
,{"stream_name":"stderr","time":347.812778996,"data":"/kaggle/src/script.py:325: FutureWarning: `torch.cuda.amp.autocast(args...)` is deprecated. Please use `torch.amp.autocast('cuda', args...)` instead.\n"}
,{"stream_name":"stderr","time":347.812820673,"data":"  with torch.cuda.amp.autocast(enabled=DEVICE.type == \"cuda\", dtype=torch.float16):\n"}
,{"stream_name":"stderr","time":348.273908711,"data":"/kaggle/src/script.py:325: FutureWarning: `torch.cuda.amp.autocast(args...)` is deprecated. Please use `torch.amp.autocast('cuda', args...)` instead.\n"}
,{"stream_name":"stderr","time":348.273954391,"data":"  with torch.cuda.amp.autocast(enabled=DEVICE.type == \"cuda\", dtype=torch.float16):\n"}
,{"stream_name":"stderr","time":348.960941083,"data":"/kaggle/src/script.py:325: FutureWarning: `torch.cuda.amp.autocast(args...)` is deprecated. Please use `torch.amp.autocast('cuda', args...)` instead.\n"}
,{"stream_name":"stderr","time":348.96098078,"data":"  with torch.cuda.amp.autocast(enabled=DEVICE.type == \"cuda\", dtype=torch.float16):\n"}
,{"stream_name":"stderr","time":349.650919959,"data":"/kaggle/src/script.py:325: FutureWarning: `torch.cuda.amp.autocast(args...)` is deprecated. Please use `torch.amp.autocast('cuda', args...)` instead.\n"}
,{"stream_name":"stderr","time":349.650961039,"data":"  with torch.cuda.amp.autocast(enabled=DEVICE.type == \"cuda\", dtype=torch.float16):\n"}
,{"stream_name":"stdout","time":350.284847193,"data":"epoch=0 session=190/206 step=47 loss=2.4889 ce=1.4871 rank=0.8135 struct=1.4343\n"}
,{"stream_name":"stderr","time":350.286144377,"data":"/kaggle/src/script.py:325: FutureWarning: `torch.cuda.amp.autocast(args...)` is deprecated. Please use `torch.amp.autocast('cuda', args...)` instead.\n"}
,{"stream_name":"stderr","time":350.286202787,"data":"  with torch.cuda.amp.autocast(enabled=DEVICE.type == \"cuda\", dtype=torch.float16):\n"}
,{"stream_name":"stderr","time":350.752543526,"data":"/kaggle/src/script.py:325: FutureWarning: `torch.cuda.amp.autocast(args...)` is deprecated. Please use `torch.amp.autocast('cuda', args...)` instead.\n"}
,{"stream_name":"stderr","time":350.752588712,"data":"  with torch.cuda.amp.autocast(enabled=DEVICE.type == \"cuda\", dtype=torch.float16):\n"}
,{"stream_name":"stderr","time":351.407580742,"data":"/kaggle/src/script.py:325: FutureWarning: `torch.cuda.amp.autocast(args...)` is deprecated. Please use `torch.amp.autocast('cuda', args...)` instead.\n"}
,{"stream_name":"stderr","time":351.407623783,"data":"  with torch.cuda.amp.autocast(enabled=DEVICE.type == \"cuda\", dtype=torch.float16):\n"}
,{"stream_name":"stderr","time":352.046638405,"data":"/kaggle/src/script.py:325: FutureWarning: `torch.cuda.amp.autocast(args...)` is deprecated. Please use `torch.amp.autocast('cuda', args...)` instead.\n"}
,{"stream_name":"stderr","time":352.046689261,"data":"  with torch.cuda.amp.autocast(enabled=DEVICE.type == \"cuda\", dtype=torch.float16):\n"}
,{"stream_name":"stderr","time":352.527540367,"data":"/kaggle/src/script.py:325: FutureWarning: `torch.cuda.amp.autocast(args...)` is deprecated. Please use `torch.amp.autocast('cuda', args...)` instead.\n"}
,{"stream_name":"stderr","time":352.527583651,"data":"  with torch.cuda.amp.autocast(enabled=DEVICE.type == \"cuda\", dtype=torch.float16):\n"}
,{"stream_name":"stderr","time":353.25505549,"data":"/kaggle/src/script.py:325: FutureWarning: `torch.cuda.amp.autocast(args...)` is deprecated. Please use `torch.amp.autocast('cuda', args...)` instead.\n"}
,{"stream_name":"stderr","time":353.255096396,"data":"  with torch.cuda.amp.autocast(enabled=DEVICE.type == \"cuda\", dtype=torch.float16):\n"}
,{"stream_name":"stderr","time":353.725128373,"data":"/kaggle/src/script.py:325: FutureWarning: `torch.cuda.amp.autocast(args...)` is deprecated. Please use `torch.amp.autocast('cuda', args...)` instead.\n"}
,{"stream_name":"stderr","time":353.725208755,"data":"  with torch.cuda.amp.autocast(enabled=DEVICE.type == \"cuda\", dtype=torch.float16):\n"}
,{"stream_name":"stderr","time":354.417848913,"data":"/kaggle/src/script.py:325: FutureWarning: `torch.cuda.amp.autocast(args...)` is deprecated. Please use `torch.amp.autocast('cuda', args...)` instead.\n"}
,{"stream_name":"stderr","time":354.417901429,"data":"  with torch.cuda.amp.autocast(enabled=DEVICE.type == \"cuda\", dtype=torch.float16):\n"}
,{"stream_name":"stderr","time":355.072742738,"data":"/kaggle/src/script.py:325: FutureWarning: `torch.cuda.amp.autocast(args...)` is deprecated. Please use `torch.amp.autocast('cuda', args...)` instead.\n"}
,{"stream_name":"stderr","time":355.072793598,"data":"  with torch.cuda.amp.autocast(enabled=DEVICE.type == \"cuda\", dtype=torch.float16):\n"}
,{"stream_name":"stderr","time":355.761197814,"data":"/kaggle/src/script.py:325: FutureWarning: `torch.cuda.amp.autocast(args...)` is deprecated. Please use `torch.amp.autocast('cuda', args...)` instead.\n"}
,{"stream_name":"stderr","time":355.761238918,"data":"  with torch.cuda.amp.autocast(enabled=DEVICE.type == \"cuda\", dtype=torch.float16):\n"}
,{"stream_name":"stdout","time":356.22642893,"data":"epoch=0 session=200/206 step=50 loss=2.2462 ce=1.4495 rank=0.7970 struct=1.0355\n"}
,{"stream_name":"stderr","time":356.22794792,"data":"/kaggle/src/script.py:325: FutureWarning: `torch.cuda.amp.autocast(args...)` is deprecated. Please use `torch.amp.autocast('cuda', args...)` instead.\n"}
,{"stream_name":"stderr","time":356.227980016,"data":"  with torch.cuda.amp.autocast(enabled=DEVICE.type == \"cuda\", dtype=torch.float16):\n"}
,{"stream_name":"stderr","time":356.706314165,"data":"/kaggle/src/script.py:325: FutureWarning: `torch.cuda.amp.autocast(args...)` is deprecated. Please use `torch.amp.autocast('cuda', args...)` instead.\n"}
,{"stream_name":"stderr","time":356.706360509,"data":"  with torch.cuda.amp.autocast(enabled=DEVICE.type == \"cuda\", dtype=torch.float16):\n"}
,{"stream_name":"stderr","time":357.202350034,"data":"/kaggle/src/script.py:325: FutureWarning: `torch.cuda.amp.autocast(args...)` is deprecated. Please use `torch.amp.autocast('cuda', args...)` instead.\n"}
,{"stream_name":"stderr","time":357.202392783,"data":"  with torch.cuda.amp.autocast(enabled=DEVICE.type == \"cuda\", dtype=torch.float16):\n"}
,{"stream_name":"stderr","time":357.673674584,"data":"/kaggle/src/script.py:325: FutureWarning: `torch.cuda.amp.autocast(args...)` is deprecated. Please use `torch.amp.autocast('cuda', args...)` instead.\n"}
,{"stream_name":"stderr","time":357.673741315,"data":"  with torch.cuda.amp.autocast(enabled=DEVICE.type == \"cuda\", dtype=torch.float16):\n"}
,{"stream_name":"stderr","time":358.319597486,"data":"/kaggle/src/script.py:325: FutureWarning: `torch.cuda.amp.autocast(args...)` is deprecated. Please use `torch.amp.autocast('cuda', args...)` instead.\n"}
,{"stream_name":"stderr","time":358.319634516,"data":"  with torch.cuda.amp.autocast(enabled=DEVICE.type == \"cuda\", dtype=torch.float16):\n"}
,{"stream_name":"stderr","time":358.816848553,"data":"/kaggle/src/script.py:325: FutureWarning: `torch.cuda.amp.autocast(args...)` is deprecated. Please use `torch.amp.autocast('cuda', args...)` instead.\n"}
,{"stream_name":"stderr","time":358.816897044,"data":"  with torch.cuda.amp.autocast(enabled=DEVICE.type == \"cuda\", dtype=torch.float16):\n"}
,{"stream_name":"stderr","time":359.351066784,"data":"/kaggle/src/script.py:325: FutureWarning: `torch.cuda.amp.autocast(args...)` is deprecated. Please use `torch.amp.autocast('cuda', args...)` instead.\n"}
,{"stream_name":"stderr","time":359.351108877,"data":"  with torch.cuda.amp.autocast(enabled=DEVICE.type == \"cuda\", dtype=torch.float16):\n"}
,{"stream_name":"stderr","time":360.010363501,"data":"/kaggle/src/script.py:325: FutureWarning: `torch.cuda.amp.autocast(args...)` is deprecated. Please use `torch.amp.autocast('cuda', args...)` instead.\n"}
,{"stream_name":"stderr","time":360.010405837,"data":"  with torch.cuda.amp.autocast(enabled=DEVICE.type == \"cuda\", dtype=torch.float16):\n"}
,{"stream_name":"stderr","time":360.663087422,"data":"/kaggle/src/script.py:325: FutureWarning: `torch.cuda.amp.autocast(args...)` is deprecated. Please use `torch.amp.autocast('cuda', args...)` instead.\n"}
,{"stream_name":"stderr","time":360.66312704,"data":"  with torch.cuda.amp.autocast(enabled=DEVICE.type == \"cuda\", dtype=torch.float16):\n"}
,{"stream_name":"stderr","time":361.395121421,"data":"/kaggle/src/script.py:325: FutureWarning: `torch.cuda.amp.autocast(args...)` is deprecated. Please use `torch.amp.autocast('cuda', args...)` instead.\n"}
,{"stream_name":"stderr","time":361.395201668,"data":"  with torch.cuda.amp.autocast(enabled=DEVICE.type == \"cuda\", dtype=torch.float16):\n"}
,{"stream_name":"stderr","time":361.86924473,"data":"/kaggle/src/script.py:325: FutureWarning: `torch.cuda.amp.autocast(args...)` is deprecated. Please use `torch.amp.autocast('cuda', args...)` instead.\n"}
,{"stream_name":"stderr","time":361.869284844,"data":"  with torch.cuda.amp.autocast(enabled=DEVICE.type == \"cuda\", dtype=torch.float16):\n"}
,{"stream_name":"stderr","time":362.322919614,"data":"/kaggle/src/script.py:325: FutureWarning: `torch.cuda.amp.autocast(args...)` is deprecated. Please use `torch.amp.autocast('cuda', args...)` instead.\n"}
,{"stream_name":"stderr","time":362.322971785,"data":"  with torch.cuda.amp.autocast(enabled=DEVICE.type == \"cuda\", dtype=torch.float16):\n"}
,{"stream_name":"stderr","time":362.776211428,"data":"/kaggle/src/script.py:325: FutureWarning: `torch.cuda.amp.autocast(args...)` is deprecated. Please use `torch.amp.autocast('cuda', args...)` instead.\n"}
,{"stream_name":"stderr","time":362.776257485,"data":"  with torch.cuda.amp.autocast(enabled=DEVICE.type == \"cuda\", dtype=torch.float16):\n"}
,{"stream_name":"stderr","time":363.444361673,"data":"/kaggle/src/script.py:325: FutureWarning: `torch.cuda.amp.autocast(args...)` is deprecated. Please use `torch.amp.autocast('cuda', args...)` instead.\n"}
,{"stream_name":"stderr","time":363.444425067,"data":"  with torch.cuda.amp.autocast(enabled=DEVICE.type == \"cuda\", dtype=torch.float16):\n"}
,{"stream_name":"stderr","time":364.081067348,"data":"/kaggle/src/script.py:325: FutureWarning: `torch.cuda.amp.autocast(args...)` is deprecated. Please use `torch.amp.autocast('cuda', args...)` instead.\n"}
,{"stream_name":"stderr","time":364.081145613,"data":"  with torch.cuda.amp.autocast(enabled=DEVICE.type == \"cuda\", dtype=torch.float16):\n"}
,{"stream_name":"stderr","time":364.605325795,"data":"/kaggle/src/script.py:325: FutureWarning: `torch.cuda.amp.autocast(args...)` is deprecated. Please use `torch.amp.autocast('cuda', args...)` instead.\n"}
,{"stream_name":"stderr","time":364.605381782,"data":"  with torch.cuda.amp.autocast(enabled=DEVICE.type == \"cuda\", dtype=torch.float16):\n"}
,{"stream_name":"stdout","time":365.220934631,"data":"epoch=1 session=10/206 step=54 loss=2.3996 ce=1.5502 rank=0.8694 struct=1.0904\n"}
,{"stream_name":"stderr","time":365.222455307,"data":"/kaggle/src/script.py:325: FutureWarning: `torch.cuda.amp.autocast(args...)` is deprecated. Please use `torch.amp.autocast('cuda', args...)` instead.\n"}
,{"stream_name":"stderr","time":365.222472807,"data":"  with torch.cuda.amp.autocast(enabled=DEVICE.type == \"cuda\", dtype=torch.float16):\n"}
,{"stream_name":"stderr","time":365.924639847,"data":"/kaggle/src/script.py:325: FutureWarning: `torch.cuda.amp.autocast(args...)` is deprecated. Please use `torch.amp.autocast('cuda', args...)` instead.\n"}
,{"stream_name":"stderr","time":365.92468408,"data":"  with torch.cuda.amp.autocast(enabled=DEVICE.type == \"cuda\", dtype=torch.float16):\n"}
,{"stream_name":"stderr","time":366.416776829,"data":"/kaggle/src/script.py:325: FutureWarning: `torch.cuda.amp.autocast(args...)` is deprecated. Please use `torch.amp.autocast('cuda', args...)` instead.\n"}
,{"stream_name":"stderr","time":366.416821315,"data":"  with torch.cuda.amp.autocast(enabled=DEVICE.type == \"cuda\", dtype=torch.float16):\n"}
,{"stream_name":"stderr","time":366.881774058,"data":"/kaggle/src/script.py:325: FutureWarning: `torch.cuda.amp.autocast(args...)` is deprecated. Please use `torch.amp.autocast('cuda', args...)` instead.\n"}
,{"stream_name":"stderr","time":366.881817085,"data":"  with torch.cuda.amp.autocast(enabled=DEVICE.type == \"cuda\", dtype=torch.float16):\n"}
,{"stream_name":"stderr","time":367.348656418,"data":"/kaggle/src/script.py:325: FutureWarning: `torch.cuda.amp.autocast(args...)` is deprecated. Please use `torch.amp.autocast('cuda', args...)` instead.\n"}
,{"stream_name":"stderr","time":367.348700453,"data":"  with torch.cuda.amp.autocast(enabled=DEVICE.type == \"cuda\", dtype=torch.float16):\n"}
,{"stream_name":"stderr","time":368.06125454,"data":"/kaggle/src/script.py:325: FutureWarning: `torch.cuda.amp.autocast(args...)` is deprecated. Please use `torch.amp.autocast('cuda', args...)` instead.\n"}
,{"stream_name":"stderr","time":368.061314974,"data":"  with torch.cuda.amp.autocast(enabled=DEVICE.type == \"cuda\", dtype=torch.float16):\n"}
,{"stream_name":"stderr","time":368.712973856,"data":"/kaggle/src/script.py:325: FutureWarning: `torch.cuda.amp.autocast(args...)` is deprecated. Please use `torch.amp.autocast('cuda', args...)` instead.\n"}
,{"stream_name":"stderr","time":368.713019004,"data":"  with torch.cuda.amp.autocast(enabled=DEVICE.type == \"cuda\", dtype=torch.float16):\n"}
,{"stream_name":"stderr","time":369.403031438,"data":"/kaggle/src/script.py:325: FutureWarning: `torch.cuda.amp.autocast(args...)` is deprecated. Please use `torch.amp.autocast('cuda', args...)` instead.\n"}
,{"stream_name":"stderr","time":369.403073841,"data":"  with torch.cuda.amp.autocast(enabled=DEVICE.type == \"cuda\", dtype=torch.float16):\n"}
,{"stream_name":"stderr","time":369.860367088,"data":"/kaggle/src/script.py:325: FutureWarning: `torch.cuda.amp.autocast(args...)` is deprecated. Please use `torch.amp.autocast('cuda', args...)` instead.\n"}
,{"stream_name":"stderr","time":369.860418219,"data":"  with torch.cuda.amp.autocast(enabled=DEVICE.type == \"cuda\", dtype=torch.float16):\n"}
,{"stream_name":"stderr","time":370.353819759,"data":"/kaggle/src/script.py:325: FutureWarning: `torch.cuda.amp.autocast(args...)` is deprecated. Please use `torch.amp.autocast('cuda', args...)` instead.\n"}
,{"stream_name":"stderr","time":370.353859605,"data":"  with torch.cuda.amp.autocast(enabled=DEVICE.type == \"cuda\", dtype=torch.float16):\n"}
,{"stream_name":"stdout","time":371.005779029,"data":"epoch=1 session=20/206 step=57 loss=2.2636 ce=1.3940 rank=0.8243 struct=1.1623\n"}
,{"stream_name":"stderr","time":371.00701099,"data":"/kaggle/src/script.py:325: FutureWarning: `torch.cuda.amp.autocast(args...)` is deprecated. Please use `torch.amp.autocast('cuda', args...)` instead.\n"}
,{"stream_name":"stderr","time":371.007037939,"data":"  with torch.cuda.amp.autocast(enabled=DEVICE.type == \"cuda\", dtype=torch.float16):\n"}
,{"stream_name":"stderr","time":371.489889384,"data":"/kaggle/src/script.py:325: FutureWarning: `torch.cuda.amp.autocast(args...)` is deprecated. Please use `torch.amp.autocast('cuda', args...)` instead.\n"}
,{"stream_name":"stderr","time":371.489933537,"data":"  with torch.cuda.amp.autocast(enabled=DEVICE.type == \"cuda\", dtype=torch.float16):\n"}
,{"stream_name":"stderr","time":371.946187331,"data":"/kaggle/src/script.py:325: FutureWarning: `torch.cuda.amp.autocast(args...)` is deprecated. Please use `torch.amp.autocast('cuda', args...)` instead.\n"}
,{"stream_name":"stderr","time":371.946232733,"data":"  with torch.cuda.amp.autocast(enabled=DEVICE.type == \"cuda\", dtype=torch.float16):\n"}
,{"stream_name":"stderr","time":372.42352503,"data":"/kaggle/src/script.py:325: FutureWarning: `torch.cuda.amp.autocast(args...)` is deprecated. Please use `torch.amp.autocast('cuda', args...)` instead.\n"}
,{"stream_name":"stderr","time":372.423567138,"data":"  with torch.cuda.amp.autocast(enabled=DEVICE.type == \"cuda\", dtype=torch.float16):\n"}
,{"stream_name":"stderr","time":372.901145729,"data":"/kaggle/src/script.py:325: FutureWarning: `torch.cuda.amp.autocast(args...)` is deprecated. Please use `torch.amp.autocast('cuda', args...)` instead.\n"}
,{"stream_name":"stderr","time":372.901213195,"data":"  with torch.cuda.amp.autocast(enabled=DEVICE.type == \"cuda\", dtype=torch.float16):\n"}
,{"stream_name":"stderr","time":373.547661792,"data":"/kaggle/src/script.py:325: FutureWarning: `torch.cuda.amp.autocast(args...)` is deprecated. Please use `torch.amp.autocast('cuda', args...)` instead.\n"}
,{"stream_name":"stderr","time":373.547712384,"data":"  with torch.cuda.amp.autocast(enabled=DEVICE.type == \"cuda\", dtype=torch.float16):\n"}
,{"stream_name":"stderr","time":374.044613472,"data":"/kaggle/src/script.py:325: FutureWarning: `torch.cuda.amp.autocast(args...)` is deprecated. Please use `torch.amp.autocast('cuda', args...)` instead.\n"}
,{"stream_name":"stderr","time":374.044676222,"data":"  with torch.cuda.amp.autocast(enabled=DEVICE.type == \"cuda\", dtype=torch.float16):\n"}
,{"stream_name":"stderr","time":374.510749288,"data":"/kaggle/src/script.py:325: FutureWarning: `torch.cuda.amp.autocast(args...)` is deprecated. Please use `torch.amp.autocast('cuda', args...)` instead.\n"}
,{"stream_name":"stderr","time":374.510808917,"data":"  with torch.cuda.amp.autocast(enabled=DEVICE.type == \"cuda\", dtype=torch.float16):\n"}
,{"stream_name":"stderr","time":374.991338791,"data":"/kaggle/src/script.py:325: FutureWarning: `torch.cuda.amp.autocast(args...)` is deprecated. Please use `torch.amp.autocast('cuda', args...)` instead.\n"}
,{"stream_name":"stderr","time":374.991418168,"data":"  with torch.cuda.amp.autocast(enabled=DEVICE.type == \"cuda\", dtype=torch.float16):\n"}
,{"stream_name":"stderr","time":375.49043777,"data":"/kaggle/src/script.py:325: FutureWarning: `torch.cuda.amp.autocast(args...)` is deprecated. Please use `torch.amp.autocast('cuda', args...)` instead.\n"}
,{"stream_name":"stderr","time":375.490503177,"data":"  with torch.cuda.amp.autocast(enabled=DEVICE.type == \"cuda\", dtype=torch.float16):\n"}
,{"stream_name":"stdout","time":376.181767485,"data":"epoch=1 session=30/206 step=59 loss=2.3618 ce=1.4160 rank=0.8115 struct=1.3235\n"}
,{"stream_name":"stderr","time":376.183241463,"data":"/kaggle/src/script.py:325: FutureWarning: `torch.cuda.amp.autocast(args...)` is deprecated. Please use `torch.amp.autocast('cuda', args...)` instead.\n"}
,{"stream_name":"stderr","time":376.183269209,"data":"  with torch.cuda.amp.autocast(enabled=DEVICE.type == \"cuda\", dtype=torch.float16):\n"}
,{"stream_name":"stderr","time":376.869073574,"data":"/kaggle/src/script.py:325: FutureWarning: `torch.cuda.amp.autocast(args...)` is deprecated. Please use `torch.amp.autocast('cuda', args...)` instead.\n"}
,{"stream_name":"stderr","time":376.869112272,"data":"  with torch.cuda.amp.autocast(enabled=DEVICE.type == \"cuda\", dtype=torch.float16):\n"}
,{"stream_name":"stderr","time":377.5286154,"data":"/kaggle/src/script.py:325: FutureWarning: `torch.cuda.amp.autocast(args...)` is deprecated. Please use `torch.amp.autocast('cuda', args...)` instead.\n"}
,{"stream_name":"stderr","time":377.528659987,"data":"  with torch.cuda.amp.autocast(enabled=DEVICE.type == \"cuda\", dtype=torch.float16):\n"}
,{"stream_name":"stderr","time":377.989428286,"data":"/kaggle/src/script.py:325: FutureWarning: `torch.cuda.amp.autocast(args...)` is deprecated. Please use `torch.amp.autocast('cuda', args...)` instead.\n"}
,{"stream_name":"stderr","time":377.989465858,"data":"  with torch.cuda.amp.autocast(enabled=DEVICE.type == \"cuda\", dtype=torch.float16):\n"}
,{"stream_name":"stderr","time":378.449101728,"data":"/kaggle/src/script.py:325: FutureWarning: `torch.cuda.amp.autocast(args...)` is deprecated. Please use `torch.amp.autocast('cuda', args...)` instead.\n"}
,{"stream_name":"stderr","time":378.449147825,"data":"  with torch.cuda.amp.autocast(enabled=DEVICE.type == \"cuda\", dtype=torch.float16):\n"}
,{"stream_name":"stderr","time":379.112472776,"data":"/kaggle/src/script.py:325: FutureWarning: `torch.cuda.amp.autocast(args...)` is deprecated. Please use `torch.amp.autocast('cuda', args...)` instead.\n"}
,{"stream_name":"stderr","time":379.112540417,"data":"  with torch.cuda.amp.autocast(enabled=DEVICE.type == \"cuda\", dtype=torch.float16):\n"}
,{"stream_name":"stderr","time":379.751056019,"data":"/kaggle/src/script.py:325: FutureWarning: `torch.cuda.amp.autocast(args...)` is deprecated. Please use `torch.amp.autocast('cuda', args...)` instead.\n"}
,{"stream_name":"stderr","time":379.751103128,"data":"  with torch.cuda.amp.autocast(enabled=DEVICE.type == \"cuda\", dtype=torch.float16):\n"}
,{"stream_name":"stderr","time":380.404100616,"data":"/kaggle/src/script.py:325: FutureWarning: `torch.cuda.amp.autocast(args...)` is deprecated. Please use `torch.amp.autocast('cuda', args...)` instead.\n"}
,{"stream_name":"stderr","time":380.404143129,"data":"  with torch.cuda.amp.autocast(enabled=DEVICE.type == \"cuda\", dtype=torch.float16):\n"}
,{"stream_name":"stderr","time":381.091831782,"data":"/kaggle/src/script.py:325: FutureWarning: `torch.cuda.amp.autocast(args...)` is deprecated. Please use `torch.amp.autocast('cuda', args...)` instead.\n"}
,{"stream_name":"stderr","time":381.091874544,"data":"  with torch.cuda.amp.autocast(enabled=DEVICE.type == \"cuda\", dtype=torch.float16):\n"}
,{"stream_name":"stderr","time":381.600564647,"data":"/kaggle/src/script.py:325: FutureWarning: `torch.cuda.amp.autocast(args...)` is deprecated. Please use `torch.amp.autocast('cuda', args...)` instead.\n"}
,{"stream_name":"stderr","time":381.600644548,"data":"  with torch.cuda.amp.autocast(enabled=DEVICE.type == \"cuda\", dtype=torch.float16):\n"}
,{"stream_name":"stdout","time":382.056085719,"data":"epoch=1 session=40/206 step=62 loss=2.2868 ce=1.4077 rank=0.7806 struct=1.2117\n"}
,{"stream_name":"stderr","time":382.057205948,"data":"/kaggle/src/script.py:325: FutureWarning: `torch.cuda.amp.autocast(args...)` is deprecated. Please use `torch.amp.autocast('cuda', args...)` instead.\n"}
,{"stream_name":"stderr","time":382.057222149,"data":"  with torch.cuda.amp.autocast(enabled=DEVICE.type == \"cuda\", dtype=torch.float16):\n"}
,{"stream_name":"stderr","time":382.728526885,"data":"/kaggle/src/script.py:325: FutureWarning: `torch.cuda.amp.autocast(args...)` is deprecated. Please use `torch.amp.autocast('cuda', args...)` instead.\n"}
,{"stream_name":"stderr","time":382.728571118,"data":"  with torch.cuda.amp.autocast(enabled=DEVICE.type == \"cuda\", dtype=torch.float16):\n"}
,{"stream_name":"stderr","time":383.390739237,"data":"/kaggle/src/script.py:325: FutureWarning: `torch.cuda.amp.autocast(args...)` is deprecated. Please use `torch.amp.autocast('cuda', args...)` instead.\n"}
,{"stream_name":"stderr","time":383.390787538,"data":"  with torch.cuda.amp.autocast(enabled=DEVICE.type == \"cuda\", dtype=torch.float16):\n"}
,{"stream_name":"stderr","time":383.852084344,"data":"/kaggle/src/script.py:325: FutureWarning: `torch.cuda.amp.autocast(args...)` is deprecated. Please use `torch.amp.autocast('cuda', args...)` instead.\n"}
,{"stream_name":"stderr","time":383.85211554,"data":"  with torch.cuda.amp.autocast(enabled=DEVICE.type == \"cuda\", dtype=torch.float16):\n"}
,{"stream_name":"stderr","time":384.485805892,"data":"/kaggle/src/script.py:325: FutureWarning: `torch.cuda.amp.autocast(args...)` is deprecated. Please use `torch.amp.autocast('cuda', args...)` instead.\n"}
,{"stream_name":"stderr","time":384.485851112,"data":"  with torch.cuda.amp.autocast(enabled=DEVICE.type == \"cuda\", dtype=torch.float16):\n"}
,{"stream_name":"stderr","time":384.950376817,"data":"/kaggle/src/script.py:325: FutureWarning: `torch.cuda.amp.autocast(args...)` is deprecated. Please use `torch.amp.autocast('cuda', args...)` instead.\n"}
,{"stream_name":"stderr","time":384.950478982,"data":"  with torch.cuda.amp.autocast(enabled=DEVICE.type == \"cuda\", dtype=torch.float16):\n"}
,{"stream_name":"stderr","time":385.536307913,"data":"/kaggle/src/script.py:325: FutureWarning: `torch.cuda.amp.autocast(args...)` is deprecated. Please use `torch.amp.autocast('cuda', args...)` instead.\n"}
,{"stream_name":"stderr","time":385.536349462,"data":"  with torch.cuda.amp.autocast(enabled=DEVICE.type == \"cuda\", dtype=torch.float16):\n"}
,{"stream_name":"stderr","time":385.975020104,"data":"/kaggle/src/script.py:325: FutureWarning: `torch.cuda.amp.autocast(args...)` is deprecated. Please use `torch.amp.autocast('cuda', args...)` instead.\n"}
,{"stream_name":"stderr","time":385.975080988,"data":"  with torch.cuda.amp.autocast(enabled=DEVICE.type == \"cuda\", dtype=torch.float16):\n"}
,{"stream_name":"stderr","time":386.640629038,"data":"/kaggle/src/script.py:325: FutureWarning: `torch.cuda.amp.autocast(args...)` is deprecated. Please use `torch.amp.autocast('cuda', args...)` instead.\n"}
,{"stream_name":"stderr","time":386.640669791,"data":"  with torch.cuda.amp.autocast(enabled=DEVICE.type == \"cuda\", dtype=torch.float16):\n"}
,{"stream_name":"stderr","time":387.336965715,"data":"/kaggle/src/script.py:325: FutureWarning: `torch.cuda.amp.autocast(args...)` is deprecated. Please use `torch.amp.autocast('cuda', args...)` instead.\n"}
,{"stream_name":"stderr","time":387.337023718,"data":"  with torch.cuda.amp.autocast(enabled=DEVICE.type == \"cuda\", dtype=torch.float16):\n"}
,{"stream_name":"stdout","time":388.002416932,"data":"epoch=1 session=50/206 step=64 loss=2.4508 ce=1.5595 rank=0.8348 struct=1.1983\n"}
,{"stream_name":"stderr","time":388.003799766,"data":"/kaggle/src/script.py:325: FutureWarning: `torch.cuda.amp.autocast(args...)` is deprecated. Please use `torch.amp.autocast('cuda', args...)` instead.\n"}
,{"stream_name":"stderr","time":388.003830921,"data":"  with torch.cuda.amp.autocast(enabled=DEVICE.type == \"cuda\", dtype=torch.float16):\n"}
,{"stream_name":"stderr","time":388.697227988,"data":"/kaggle/src/script.py:325: FutureWarning: `torch.cuda.amp.autocast(args...)` is deprecated. Please use `torch.amp.autocast('cuda', args...)` instead.\n"}
,{"stream_name":"stderr","time":388.697288637,"data":"  with torch.cuda.amp.autocast(enabled=DEVICE.type == \"cuda\", dtype=torch.float16):\n"}
,{"stream_name":"stderr","time":389.385385411,"data":"/kaggle/src/script.py:325: FutureWarning: `torch.cuda.amp.autocast(args...)` is deprecated. Please use `torch.amp.autocast('cuda', args...)` instead.\n"}
,{"stream_name":"stderr","time":389.385430119,"data":"  with torch.cuda.amp.autocast(enabled=DEVICE.type == \"cuda\", dtype=torch.float16):\n"}
,{"stream_name":"stderr","time":390.088137906,"data":"/kaggle/src/script.py:325: FutureWarning: `torch.cuda.amp.autocast(args...)` is deprecated. Please use `torch.amp.autocast('cuda', args...)` instead.\n"}
,{"stream_name":"stderr","time":390.088210941,"data":"  with torch.cuda.amp.autocast(enabled=DEVICE.type == \"cuda\", dtype=torch.float16):\n"}
,{"stream_name":"stderr","time":390.558279588,"data":"/kaggle/src/script.py:325: FutureWarning: `torch.cuda.amp.autocast(args...)` is deprecated. Please use `torch.amp.autocast('cuda', args...)` instead.\n"}
,{"stream_name":"stderr","time":390.558339132,"data":"  with torch.cuda.amp.autocast(enabled=DEVICE.type == \"cuda\", dtype=torch.float16):\n"}
,{"stream_name":"stderr","time":391.050326501,"data":"/kaggle/src/script.py:325: FutureWarning: `torch.cuda.amp.autocast(args...)` is deprecated. Please use `torch.amp.autocast('cuda', args...)` instead.\n"}
,{"stream_name":"stderr","time":391.050385559,"data":"  with torch.cuda.amp.autocast(enabled=DEVICE.type == \"cuda\", dtype=torch.float16):\n"}
,{"stream_name":"stderr","time":391.707945425,"data":"/kaggle/src/script.py:325: FutureWarning: `torch.cuda.amp.autocast(args...)` is deprecated. Please use `torch.amp.autocast('cuda', args...)` instead.\n"}
,{"stream_name":"stderr","time":391.70799071,"data":"  with torch.cuda.amp.autocast(enabled=DEVICE.type == \"cuda\", dtype=torch.float16):\n"}
,{"stream_name":"stderr","time":392.173913,"data":"/kaggle/src/script.py:325: FutureWarning: `torch.cuda.amp.autocast(args...)` is deprecated. Please use `torch.amp.autocast('cuda', args...)` instead.\n"}
,{"stream_name":"stderr","time":392.173970976,"data":"  with torch.cuda.amp.autocast(enabled=DEVICE.type == \"cuda\", dtype=torch.float16):\n"}
,{"stream_name":"stderr","time":392.633227059,"data":"/kaggle/src/script.py:325: FutureWarning: `torch.cuda.amp.autocast(args...)` is deprecated. Please use `torch.amp.autocast('cuda', args...)` instead.\n"}
,{"stream_name":"stderr","time":392.633270126,"data":"  with torch.cuda.amp.autocast(enabled=DEVICE.type == \"cuda\", dtype=torch.float16):\n"}
,{"stream_name":"stderr","time":393.312330314,"data":"/kaggle/src/script.py:325: FutureWarning: `torch.cuda.amp.autocast(args...)` is deprecated. Please use `torch.amp.autocast('cuda', args...)` instead.\n"}
,{"stream_name":"stderr","time":393.312373144,"data":"  with torch.cuda.amp.autocast(enabled=DEVICE.type == \"cuda\", dtype=torch.float16):\n"}
,{"stream_name":"stdout","time":393.782193347,"data":"epoch=1 session=60/206 step=67 loss=2.2369 ce=1.3660 rank=0.8305 struct=1.1605\n"}
,{"stream_name":"stderr","time":393.783453069,"data":"/kaggle/src/script.py:325: FutureWarning: `torch.cuda.amp.autocast(args...)` is deprecated. Please use `torch.amp.autocast('cuda', args...)` instead.\n"}
,{"stream_name":"stderr","time":393.783497474,"data":"  with torch.cuda.amp.autocast(enabled=DEVICE.type == \"cuda\", dtype=torch.float16):\n"}
,{"stream_name":"stderr","time":394.260762832,"data":"/kaggle/src/script.py:325: FutureWarning: `torch.cuda.amp.autocast(args...)` is deprecated. Please use `torch.amp.autocast('cuda', args...)` instead.\n"}
,{"stream_name":"stderr","time":394.260800087,"data":"  with torch.cuda.amp.autocast(enabled=DEVICE.type == \"cuda\", dtype=torch.float16):\n"}
,{"stream_name":"stderr","time":394.988584183,"data":"/kaggle/src/script.py:325: FutureWarning: `torch.cuda.amp.autocast(args...)` is deprecated. Please use `torch.amp.autocast('cuda', args...)` instead.\n"}
,{"stream_name":"stderr","time":394.988648817,"data":"  with torch.cuda.amp.autocast(enabled=DEVICE.type == \"cuda\", dtype=torch.float16):\n"}
,{"stream_name":"stderr","time":395.705479966,"data":"/kaggle/src/script.py:325: FutureWarning: `torch.cuda.amp.autocast(args...)` is deprecated. Please use `torch.amp.autocast('cuda', args...)` instead.\n"}
,{"stream_name":"stderr","time":395.705528455,"data":"  with torch.cuda.amp.autocast(enabled=DEVICE.type == \"cuda\", dtype=torch.float16):\n"}
,{"stream_name":"stderr","time":396.196478134,"data":"/kaggle/src/script.py:325: FutureWarning: `torch.cuda.amp.autocast(args...)` is deprecated. Please use `torch.amp.autocast('cuda', args...)` instead.\n"}
,{"stream_name":"stderr","time":396.196521896,"data":"  with torch.cuda.amp.autocast(enabled=DEVICE.type == \"cuda\", dtype=torch.float16):\n"}
,{"stream_name":"stderr","time":396.684309258,"data":"/kaggle/src/script.py:325: FutureWarning: `torch.cuda.amp.autocast(args...)` is deprecated. Please use `torch.amp.autocast('cuda', args...)` instead.\n"}
,{"stream_name":"stderr","time":396.684357503,"data":"  with torch.cuda.amp.autocast(enabled=DEVICE.type == \"cuda\", dtype=torch.float16):\n"}
,{"stream_name":"stderr","time":397.409626664,"data":"/kaggle/src/script.py:325: FutureWarning: `torch.cuda.amp.autocast(args...)` is deprecated. Please use `torch.amp.autocast('cuda', args...)` instead.\n"}
,{"stream_name":"stderr","time":397.409675192,"data":"  with torch.cuda.amp.autocast(enabled=DEVICE.type == \"cuda\", dtype=torch.float16):\n"}
,{"stream_name":"stderr","time":397.906673075,"data":"/kaggle/src/script.py:325: FutureWarning: `torch.cuda.amp.autocast(args...)` is deprecated. Please use `torch.amp.autocast('cuda', args...)` instead.\n"}
,{"stream_name":"stderr","time":397.906725532,"data":"  with torch.cuda.amp.autocast(enabled=DEVICE.type == \"cuda\", dtype=torch.float16):\n"}
,{"stream_name":"stderr","time":398.373412461,"data":"/kaggle/src/script.py:325: FutureWarning: `torch.cuda.amp.autocast(args...)` is deprecated. Please use `torch.amp.autocast('cuda', args...)` instead.\n"}
,{"stream_name":"stderr","time":398.373459578,"data":"  with torch.cuda.amp.autocast(enabled=DEVICE.type == \"cuda\", dtype=torch.float16):\n"}
,{"stream_name":"stderr","time":399.052417144,"data":"/kaggle/src/script.py:325: FutureWarning: `torch.cuda.amp.autocast(args...)` is deprecated. Please use `torch.amp.autocast('cuda', args...)` instead.\n"}
,{"stream_name":"stderr","time":399.052461528,"data":"  with torch.cuda.amp.autocast(enabled=DEVICE.type == \"cuda\", dtype=torch.float16):\n"}
,{"stream_name":"stdout","time":399.529568033,"data":"epoch=1 session=70/206 step=69 loss=2.5057 ce=1.5065 rank=0.7905 struct=1.4450\n"}
,{"stream_name":"stderr","time":399.530937208,"data":"/kaggle/src/script.py:325: FutureWarning: `torch.cuda.amp.autocast(args...)` is deprecated. Please use `torch.amp.autocast('cuda', args...)` instead.\n"}
,{"stream_name":"stderr","time":399.530959452,"data":"  with torch.cuda.amp.autocast(enabled=DEVICE.type == \"cuda\", dtype=torch.float16):\n"}
,{"stream_name":"stderr","time":400.039757472,"data":"/kaggle/src/script.py:325: FutureWarning: `torch.cuda.amp.autocast(args...)` is deprecated. Please use `torch.amp.autocast('cuda', args...)` instead.\n"}
,{"stream_name":"stderr","time":400.039800084,"data":"  with torch.cuda.amp.autocast(enabled=DEVICE.type == \"cuda\", dtype=torch.float16):\n"}
,{"stream_name":"stderr","time":400.720265921,"data":"/kaggle/src/script.py:325: FutureWarning: `torch.cuda.amp.autocast(args...)` is deprecated. Please use `torch.amp.autocast('cuda', args...)` instead.\n"}
,{"stream_name":"stderr","time":400.720330459,"data":"  with torch.cuda.amp.autocast(enabled=DEVICE.type == \"cuda\", dtype=torch.float16):\n"}
,{"stream_name":"stderr","time":401.379768934,"data":"/kaggle/src/script.py:325: FutureWarning: `torch.cuda.amp.autocast(args...)` is deprecated. Please use `torch.amp.autocast('cuda', args...)` instead.\n"}
,{"stream_name":"stderr","time":401.379833987,"data":"  with torch.cuda.amp.autocast(enabled=DEVICE.type == \"cuda\", dtype=torch.float16):\n"}
,{"stream_name":"stderr","time":402.056989525,"data":"/kaggle/src/script.py:325: FutureWarning: `torch.cuda.amp.autocast(args...)` is deprecated. Please use `torch.amp.autocast('cuda', args...)` instead.\n"}
,{"stream_name":"stderr","time":402.057038232,"data":"  with torch.cuda.amp.autocast(enabled=DEVICE.type == \"cuda\", dtype=torch.float16):\n"}
,{"stream_name":"stderr","time":402.543097101,"data":"/kaggle/src/script.py:325: FutureWarning: `torch.cuda.amp.autocast(args...)` is deprecated. Please use `torch.amp.autocast('cuda', args...)` instead.\n"}
,{"stream_name":"stderr","time":402.543165641,"data":"  with torch.cuda.amp.autocast(enabled=DEVICE.type == \"cuda\", dtype=torch.float16):\n"}
,{"stream_name":"stderr","time":403.314043982,"data":"/kaggle/src/script.py:325: FutureWarning: `torch.cuda.amp.autocast(args...)` is deprecated. Please use `torch.amp.autocast('cuda', args...)` instead.\n"}
,{"stream_name":"stderr","time":403.3141027,"data":"  with torch.cuda.amp.autocast(enabled=DEVICE.type == \"cuda\", dtype=torch.float16):\n"}
,{"stream_name":"stderr","time":403.851751771,"data":"/kaggle/src/script.py:325: FutureWarning: `torch.cuda.amp.autocast(args...)` is deprecated. Please use `torch.amp.autocast('cuda', args...)` instead.\n"}
,{"stream_name":"stderr","time":403.851797465,"data":"  with torch.cuda.amp.autocast(enabled=DEVICE.type == \"cuda\", dtype=torch.float16):\n"}
,{"stream_name":"stderr","time":404.336518912,"data":"/kaggle/src/script.py:325: FutureWarning: `torch.cuda.amp.autocast(args...)` is deprecated. Please use `torch.amp.autocast('cuda', args...)` instead.\n"}
,{"stream_name":"stderr","time":404.33657912,"data":"  with torch.cuda.amp.autocast(enabled=DEVICE.type == \"cuda\", dtype=torch.float16):\n"}
,{"stream_name":"stderr","time":404.825752004,"data":"/kaggle/src/script.py:325: FutureWarning: `torch.cuda.amp.autocast(args...)` is deprecated. Please use `torch.amp.autocast('cuda', args...)` instead.\n"}
,{"stream_name":"stderr","time":404.825809176,"data":"  with torch.cuda.amp.autocast(enabled=DEVICE.type == \"cuda\", dtype=torch.float16):\n"}
,{"stream_name":"stdout","time":405.29904939,"data":"epoch=1 session=80/206 step=72 loss=2.5514 ce=1.5782 rank=0.7886 struct=1.3944\n"}
,{"stream_name":"stderr","time":405.300304388,"data":"/kaggle/src/script.py:325: FutureWarning: `torch.cuda.amp.autocast(args...)` is deprecated. Please use `torch.amp.autocast('cuda', args...)` instead.\n"}
,{"stream_name":"stderr","time":405.300330776,"data":"  with torch.cuda.amp.autocast(enabled=DEVICE.type == \"cuda\", dtype=torch.float16):\n"}
,{"stream_name":"stderr","time":405.823180051,"data":"/kaggle/src/script.py:325: FutureWarning: `torch.cuda.amp.autocast(args...)` is deprecated. Please use `torch.amp.autocast('cuda', args...)` instead.\n"}
,{"stream_name":"stderr","time":405.823282193,"data":"  with torch.cuda.amp.autocast(enabled=DEVICE.type == \"cuda\", dtype=torch.float16):\n"}
,{"stream_name":"stderr","time":406.472623485,"data":"/kaggle/src/script.py:325: FutureWarning: `torch.cuda.amp.autocast(args...)` is deprecated. Please use `torch.amp.autocast('cuda', args...)` instead.\n"}
,{"stream_name":"stderr","time":406.472703494,"data":"  with torch.cuda.amp.autocast(enabled=DEVICE.type == \"cuda\", dtype=torch.float16):\n"}
,{"stream_name":"stderr","time":407.161770125,"data":"/kaggle/src/script.py:325: FutureWarning: `torch.cuda.amp.autocast(args...)` is deprecated. Please use `torch.amp.autocast('cuda', args...)` instead.\n"}
,{"stream_name":"stderr","time":407.161816844,"data":"  with torch.cuda.amp.autocast(enabled=DEVICE.type == \"cuda\", dtype=torch.float16):\n"}
,{"stream_name":"stderr","time":407.618103206,"data":"/kaggle/src/script.py:325: FutureWarning: `torch.cuda.amp.autocast(args...)` is deprecated. Please use `torch.amp.autocast('cuda', args...)` instead.\n"}
,{"stream_name":"stderr","time":407.618144454,"data":"  with torch.cuda.amp.autocast(enabled=DEVICE.type == \"cuda\", dtype=torch.float16):\n"}
,{"stream_name":"stderr","time":408.304266257,"data":"/kaggle/src/script.py:325: FutureWarning: `torch.cuda.amp.autocast(args...)` is deprecated. Please use `torch.amp.autocast('cuda', args...)` instead.\n"}
,{"stream_name":"stderr","time":408.304309352,"data":"  with torch.cuda.amp.autocast(enabled=DEVICE.type == \"cuda\", dtype=torch.float16):\n"}
,{"stream_name":"stderr","time":408.779644049,"data":"/kaggle/src/script.py:325: FutureWarning: `torch.cuda.amp.autocast(args...)` is deprecated. Please use `torch.amp.autocast('cuda', args...)` instead.\n"}
,{"stream_name":"stderr","time":408.779685548,"data":"  with torch.cuda.amp.autocast(enabled=DEVICE.type == \"cuda\", dtype=torch.float16):\n"}
,{"stream_name":"stderr","time":409.245370167,"data":"/kaggle/src/script.py:325: FutureWarning: `torch.cuda.amp.autocast(args...)` is deprecated. Please use `torch.amp.autocast('cuda', args...)` instead.\n"}
,{"stream_name":"stderr","time":409.245425994,"data":"  with torch.cuda.amp.autocast(enabled=DEVICE.type == \"cuda\", dtype=torch.float16):\n"}
,{"stream_name":"stderr","time":409.913236573,"data":"/kaggle/src/script.py:325: FutureWarning: `torch.cuda.amp.autocast(args...)` is deprecated. Please use `torch.amp.autocast('cuda', args...)` instead.\n"}
,{"stream_name":"stderr","time":409.913289346,"data":"  with torch.cuda.amp.autocast(enabled=DEVICE.type == \"cuda\", dtype=torch.float16):\n"}
,{"stream_name":"stderr","time":410.349421384,"data":"/kaggle/src/script.py:325: FutureWarning: `torch.cuda.amp.autocast(args...)` is deprecated. Please use `torch.amp.autocast('cuda', args...)` instead.\n"}
,{"stream_name":"stderr","time":410.349464739,"data":"  with torch.cuda.amp.autocast(enabled=DEVICE.type == \"cuda\", dtype=torch.float16):\n"}
,{"stream_name":"stdout","time":411.044317627,"data":"epoch=1 session=90/206 step=74 loss=2.3155 ce=1.3649 rank=0.8053 struct=1.3375\n"}
,{"stream_name":"stderr","time":411.045677894,"data":"/kaggle/src/script.py:325: FutureWarning: `torch.cuda.amp.autocast(args...)` is deprecated. Please use `torch.amp.autocast('cuda', args...)` instead.\n"}
,{"stream_name":"stderr","time":411.045694523,"data":"  with torch.cuda.amp.autocast(enabled=DEVICE.type == \"cuda\", dtype=torch.float16):\n"}
,{"stream_name":"stderr","time":411.578929423,"data":"/kaggle/src/script.py:325: FutureWarning: `torch.cuda.amp.autocast(args...)` is deprecated. Please use `torch.amp.autocast('cuda', args...)` instead.\n"}
,{"stream_name":"stderr","time":411.579013348,"data":"  with torch.cuda.amp.autocast(enabled=DEVICE.type == \"cuda\", dtype=torch.float16):\n"}
,{"stream_name":"stderr","time":412.246605006,"data":"/kaggle/src/script.py:325: FutureWarning: `torch.cuda.amp.autocast(args...)` is deprecated. Please use `torch.amp.autocast('cuda', args...)` instead.\n"}
,{"stream_name":"stderr","time":412.246648622,"data":"  with torch.cuda.amp.autocast(enabled=DEVICE.type == \"cuda\", dtype=torch.float16):\n"}
,{"stream_name":"stderr","time":412.752205016,"data":"/kaggle/src/script.py:325: FutureWarning: `torch.cuda.amp.autocast(args...)` is deprecated. Please use `torch.amp.autocast('cuda', args...)` instead.\n"}
,{"stream_name":"stderr","time":412.752253055,"data":"  with torch.cuda.amp.autocast(enabled=DEVICE.type == \"cuda\", dtype=torch.float16):\n"}
,{"stream_name":"stderr","time":413.263957988,"data":"/kaggle/src/script.py:325: FutureWarning: `torch.cuda.amp.autocast(args...)` is deprecated. Please use `torch.amp.autocast('cuda', args...)` instead.\n"}
,{"stream_name":"stderr","time":413.26400729,"data":"  with torch.cuda.amp.autocast(enabled=DEVICE.type == \"cuda\", dtype=torch.float16):\n"}
,{"stream_name":"stderr","time":413.925858234,"data":"/kaggle/src/script.py:325: FutureWarning: `torch.cuda.amp.autocast(args...)` is deprecated. Please use `torch.amp.autocast('cuda', args...)` instead.\n"}
,{"stream_name":"stderr","time":413.925906016,"data":"  with torch.cuda.amp.autocast(enabled=DEVICE.type == \"cuda\", dtype=torch.float16):\n"}
,{"stream_name":"stderr","time":414.610949649,"data":"/kaggle/src/script.py:325: FutureWarning: `torch.cuda.amp.autocast(args...)` is deprecated. Please use `torch.amp.autocast('cuda', args...)` instead.\n"}
,{"stream_name":"stderr","time":414.610991676,"data":"  with torch.cuda.amp.autocast(enabled=DEVICE.type == \"cuda\", dtype=torch.float16):\n"}
,{"stream_name":"stderr","time":415.278245245,"data":"/kaggle/src/script.py:325: FutureWarning: `torch.cuda.amp.autocast(args...)` is deprecated. Please use `torch.amp.autocast('cuda', args...)` instead.\n"}
,{"stream_name":"stderr","time":415.278287621,"data":"  with torch.cuda.amp.autocast(enabled=DEVICE.type == \"cuda\", dtype=torch.float16):\n"}
,{"stream_name":"stderr","time":415.989898455,"data":"/kaggle/src/script.py:325: FutureWarning: `torch.cuda.amp.autocast(args...)` is deprecated. Please use `torch.amp.autocast('cuda', args...)` instead.\n"}
,{"stream_name":"stderr","time":415.989937614,"data":"  with torch.cuda.amp.autocast(enabled=DEVICE.type == \"cuda\", dtype=torch.float16):\n"}
,{"stream_name":"stderr","time":416.421811475,"data":"/kaggle/src/script.py:325: FutureWarning: `torch.cuda.amp.autocast(args...)` is deprecated. Please use `torch.amp.autocast('cuda', args...)` instead.\n"}
,{"stream_name":"stderr","time":416.42185142,"data":"  with torch.cuda.amp.autocast(enabled=DEVICE.type == \"cuda\", dtype=torch.float16):\n"}
,{"stream_name":"stdout","time":416.90366161,"data":"epoch=1 session=100/206 step=77 loss=2.1897 ce=1.3933 rank=0.7932 struct=1.0377\n"}
,{"stream_name":"stderr","time":416.905072521,"data":"/kaggle/src/script.py:325: FutureWarning: `torch.cuda.amp.autocast(args...)` is deprecated. Please use `torch.amp.autocast('cuda', args...)` instead.\n"}
,{"stream_name":"stderr","time":416.905104041,"data":"  with torch.cuda.amp.autocast(enabled=DEVICE.type == \"cuda\", dtype=torch.float16):\n"}
,{"stream_name":"stderr","time":417.34939519,"data":"/kaggle/src/script.py:325: FutureWarning: `torch.cuda.amp.autocast(args...)` is deprecated. Please use `torch.amp.autocast('cuda', args...)` instead.\n"}
,{"stream_name":"stderr","time":417.349461915,"data":"  with torch.cuda.amp.autocast(enabled=DEVICE.type == \"cuda\", dtype=torch.float16):\n"}
,{"stream_name":"stderr","time":418.018470688,"data":"/kaggle/src/script.py:325: FutureWarning: `torch.cuda.amp.autocast(args...)` is deprecated. Please use `torch.amp.autocast('cuda', args...)` instead.\n"}
,{"stream_name":"stderr","time":418.018546535,"data":"  with torch.cuda.amp.autocast(enabled=DEVICE.type == \"cuda\", dtype=torch.float16):\n"}
,{"stream_name":"stderr","time":418.721630998,"data":"/kaggle/src/script.py:325: FutureWarning: `torch.cuda.amp.autocast(args...)` is deprecated. Please use `torch.amp.autocast('cuda', args...)` instead.\n"}
,{"stream_name":"stderr","time":418.721678178,"data":"  with torch.cuda.amp.autocast(enabled=DEVICE.type == \"cuda\", dtype=torch.float16):\n"}
,{"stream_name":"stderr","time":419.385813062,"data":"/kaggle/src/script.py:325: FutureWarning: `torch.cuda.amp.autocast(args...)` is deprecated. Please use `torch.amp.autocast('cuda', args...)` instead.\n"}
,{"stream_name":"stderr","time":419.385859055,"data":"  with torch.cuda.amp.autocast(enabled=DEVICE.type == \"cuda\", dtype=torch.float16):\n"}
,{"stream_name":"stderr","time":420.077031706,"data":"/kaggle/src/script.py:325: FutureWarning: `torch.cuda.amp.autocast(args...)` is deprecated. Please use `torch.amp.autocast('cuda', args...)` instead.\n"}
,{"stream_name":"stderr","time":420.077071876,"data":"  with torch.cuda.amp.autocast(enabled=DEVICE.type == \"cuda\", dtype=torch.float16):\n"}
,{"stream_name":"stderr","time":420.541219678,"data":"/kaggle/src/script.py:325: FutureWarning: `torch.cuda.amp.autocast(args...)` is deprecated. Please use `torch.amp.autocast('cuda', args...)` instead.\n"}
,{"stream_name":"stderr","time":420.541261163,"data":"  with torch.cuda.amp.autocast(enabled=DEVICE.type == \"cuda\", dtype=torch.float16):\n"}
,{"stream_name":"stderr","time":421.253896364,"data":"/kaggle/src/script.py:325: FutureWarning: `torch.cuda.amp.autocast(args...)` is deprecated. Please use `torch.amp.autocast('cuda', args...)` instead.\n"}
,{"stream_name":"stderr","time":421.25394261,"data":"  with torch.cuda.amp.autocast(enabled=DEVICE.type == \"cuda\", dtype=torch.float16):\n"}
,{"stream_name":"stderr","time":421.772600618,"data":"/kaggle/src/script.py:325: FutureWarning: `torch.cuda.amp.autocast(args...)` is deprecated. Please use `torch.amp.autocast('cuda', args...)` instead.\n"}
,{"stream_name":"stderr","time":421.772667914,"data":"  with torch.cuda.amp.autocast(enabled=DEVICE.type == \"cuda\", dtype=torch.float16):\n"}
,{"stream_name":"stderr","time":422.269101926,"data":"/kaggle/src/script.py:325: FutureWarning: `torch.cuda.amp.autocast(args...)` is deprecated. Please use `torch.amp.autocast('cuda', args...)` instead.\n"}
,{"stream_name":"stderr","time":422.269144655,"data":"  with torch.cuda.amp.autocast(enabled=DEVICE.type == \"cuda\", dtype=torch.float16):\n"}
,{"stream_name":"stdout","time":422.73178023,"data":"epoch=1 session=110/206 step=79 loss=2.3738 ce=1.4661 rank=0.8211 struct=1.2405\n"}
,{"stream_name":"stderr","time":422.733454936,"data":"/kaggle/src/script.py:325: FutureWarning: `torch.cuda.amp.autocast(args...)` is deprecated. Please use `torch.amp.autocast('cuda', args...)` instead.\n"}
,{"stream_name":"stderr","time":422.733485522,"data":"  with torch.cuda.amp.autocast(enabled=DEVICE.type == \"cuda\", dtype=torch.float16):\n"}
,{"stream_name":"stderr","time":423.439625134,"data":"/kaggle/src/script.py:325: FutureWarning: `torch.cuda.amp.autocast(args...)` is deprecated. Please use `torch.amp.autocast('cuda', args...)` instead.\n"}
,{"stream_name":"stderr","time":423.439672808,"data":"  with torch.cuda.amp.autocast(enabled=DEVICE.type == \"cuda\", dtype=torch.float16):\n"}
,{"stream_name":"stderr","time":424.129111656,"data":"/kaggle/src/script.py:325: FutureWarning: `torch.cuda.amp.autocast(args...)` is deprecated. Please use `torch.amp.autocast('cuda', args...)` instead.\n"}
,{"stream_name":"stderr","time":424.129154103,"data":"  with torch.cuda.amp.autocast(enabled=DEVICE.type == \"cuda\", dtype=torch.float16):\n"}
,{"stream_name":"stderr","time":424.81561864,"data":"/kaggle/src/script.py:325: FutureWarning: `torch.cuda.amp.autocast(args...)` is deprecated. Please use `torch.amp.autocast('cuda', args...)` instead.\n"}
,{"stream_name":"stderr","time":424.815674943,"data":"  with torch.cuda.amp.autocast(enabled=DEVICE.type == \"cuda\", dtype=torch.float16):\n"}
,{"stream_name":"stderr","time":425.497853897,"data":"/kaggle/src/script.py:325: FutureWarning: `torch.cuda.amp.autocast(args...)` is deprecated. Please use `torch.amp.autocast('cuda', args...)` instead.\n"}
,{"stream_name":"stderr","time":425.497893127,"data":"  with torch.cuda.amp.autocast(enabled=DEVICE.type == \"cuda\", dtype=torch.float16):\n"}
,{"stream_name":"stderr","time":425.990662628,"data":"/kaggle/src/script.py:325: FutureWarning: `torch.cuda.amp.autocast(args...)` is deprecated. Please use `torch.amp.autocast('cuda', args...)` instead.\n"}
,{"stream_name":"stderr","time":425.990705143,"data":"  with torch.cuda.amp.autocast(enabled=DEVICE.type == \"cuda\", dtype=torch.float16):\n"}
,{"stream_name":"stderr","time":426.552539528,"data":"/kaggle/src/script.py:325: FutureWarning: `torch.cuda.amp.autocast(args...)` is deprecated. Please use `torch.amp.autocast('cuda', args...)` instead.\n"}
,{"stream_name":"stderr","time":426.552581477,"data":"  with torch.cuda.amp.autocast(enabled=DEVICE.type == \"cuda\", dtype=torch.float16):\n"}
,{"stream_name":"stderr","time":427.191292262,"data":"/kaggle/src/script.py:325: FutureWarning: `torch.cuda.amp.autocast(args...)` is deprecated. Please use `torch.amp.autocast('cuda', args...)` instead.\n"}
,{"stream_name":"stderr","time":427.1913313,"data":"  with torch.cuda.amp.autocast(enabled=DEVICE.type == \"cuda\", dtype=torch.float16):\n"}
,{"stream_name":"stderr","time":427.701557482,"data":"/kaggle/src/script.py:325: FutureWarning: `torch.cuda.amp.autocast(args...)` is deprecated. Please use `torch.amp.autocast('cuda', args...)` instead.\n"}
,{"stream_name":"stderr","time":427.701595172,"data":"  with torch.cuda.amp.autocast(enabled=DEVICE.type == \"cuda\", dtype=torch.float16):\n"}
,{"stream_name":"stderr","time":428.204420972,"data":"/kaggle/src/script.py:325: FutureWarning: `torch.cuda.amp.autocast(args...)` is deprecated. Please use `torch.amp.autocast('cuda', args...)` instead.\n"}
,{"stream_name":"stderr","time":428.20448596,"data":"  with torch.cuda.amp.autocast(enabled=DEVICE.type == \"cuda\", dtype=torch.float16):\n"}
,{"stream_name":"stdout","time":428.707972286,"data":"epoch=1 session=120/206 step=82 loss=2.2953 ce=1.4474 rank=0.8274 struct=1.1165\n"}
,{"stream_name":"stderr","time":428.709190274,"data":"/kaggle/src/script.py:325: FutureWarning: `torch.cuda.amp.autocast(args...)` is deprecated. Please use `torch.amp.autocast('cuda', args...)` instead.\n"}
,{"stream_name":"stderr","time":428.709209178,"data":"  with torch.cuda.amp.autocast(enabled=DEVICE.type == \"cuda\", dtype=torch.float16):\n"}
,{"stream_name":"stderr","time":429.200724943,"data":"/kaggle/src/script.py:325: FutureWarning: `torch.cuda.amp.autocast(args...)` is deprecated. Please use `torch.amp.autocast('cuda', args...)` instead.\n"}
,{"stream_name":"stderr","time":429.200778507,"data":"  with torch.cuda.amp.autocast(enabled=DEVICE.type == \"cuda\", dtype=torch.float16):\n"}
,{"stream_name":"stderr","time":429.67332337,"data":"/kaggle/src/script.py:325: FutureWarning: `torch.cuda.amp.autocast(args...)` is deprecated. Please use `torch.amp.autocast('cuda', args...)` instead.\n"}
,{"stream_name":"stderr","time":429.673370543,"data":"  with torch.cuda.amp.autocast(enabled=DEVICE.type == \"cuda\", dtype=torch.float16):\n"}
,{"stream_name":"stderr","time":430.356051213,"data":"/kaggle/src/script.py:325: FutureWarning: `torch.cuda.amp.autocast(args...)` is deprecated. Please use `torch.amp.autocast('cuda', args...)` instead.\n"}
,{"stream_name":"stderr","time":430.356117064,"data":"  with torch.cuda.amp.autocast(enabled=DEVICE.type == \"cuda\", dtype=torch.float16):\n"}
,{"stream_name":"stderr","time":431.010186753,"data":"/kaggle/src/script.py:325: FutureWarning: `torch.cuda.amp.autocast(args...)` is deprecated. Please use `torch.amp.autocast('cuda', args...)` instead.\n"}
,{"stream_name":"stderr","time":431.010235607,"data":"  with torch.cuda.amp.autocast(enabled=DEVICE.type == \"cuda\", dtype=torch.float16):\n"}
,{"stream_name":"stderr","time":431.502418497,"data":"/kaggle/src/script.py:325: FutureWarning: `torch.cuda.amp.autocast(args...)` is deprecated. Please use `torch.amp.autocast('cuda', args...)` instead.\n"}
,{"stream_name":"stderr","time":431.502458583,"data":"  with torch.cuda.amp.autocast(enabled=DEVICE.type == \"cuda\", dtype=torch.float16):\n"}
,{"stream_name":"stderr","time":431.979306772,"data":"/kaggle/src/script.py:325: FutureWarning: `torch.cuda.amp.autocast(args...)` is deprecated. Please use `torch.amp.autocast('cuda', args...)` instead.\n"}
,{"stream_name":"stderr","time":431.979346827,"data":"  with torch.cuda.amp.autocast(enabled=DEVICE.type == \"cuda\", dtype=torch.float16):\n"}
,{"stream_name":"stderr","time":432.633057748,"data":"/kaggle/src/script.py:325: FutureWarning: `torch.cuda.amp.autocast(args...)` is deprecated. Please use `torch.amp.autocast('cuda', args...)` instead.\n"}
,{"stream_name":"stderr","time":432.633105618,"data":"  with torch.cuda.amp.autocast(enabled=DEVICE.type == \"cuda\", dtype=torch.float16):\n"}
,{"stream_name":"stderr","time":433.122689857,"data":"/kaggle/src/script.py:325: FutureWarning: `torch.cuda.amp.autocast(args...)` is deprecated. Please use `torch.amp.autocast('cuda', args...)` instead.\n"}
,{"stream_name":"stderr","time":433.122735846,"data":"  with torch.cuda.amp.autocast(enabled=DEVICE.type == \"cuda\", dtype=torch.float16):\n"}
,{"stream_name":"stderr","time":433.630834676,"data":"/kaggle/src/script.py:325: FutureWarning: `torch.cuda.amp.autocast(args...)` is deprecated. Please use `torch.amp.autocast('cuda', args...)` instead.\n"}
,{"stream_name":"stderr","time":433.630872661,"data":"  with torch.cuda.amp.autocast(enabled=DEVICE.type == \"cuda\", dtype=torch.float16):\n"}
,{"stream_name":"stdout","time":434.307277572,"data":"epoch=1 session=130/206 step=84 loss=2.6688 ce=1.5919 rank=0.8350 struct=1.5693\n"}
,{"stream_name":"stderr","time":434.308733218,"data":"/kaggle/src/script.py:325: FutureWarning: `torch.cuda.amp.autocast(args...)` is deprecated. Please use `torch.amp.autocast('cuda', args...)` instead.\n"}
,{"stream_name":"stderr","time":434.308765598,"data":"  with torch.cuda.amp.autocast(enabled=DEVICE.type == \"cuda\", dtype=torch.float16):\n"}
,{"stream_name":"stderr","time":435.027921624,"data":"/kaggle/src/script.py:325: FutureWarning: `torch.cuda.amp.autocast(args...)` is deprecated. Please use `torch.amp.autocast('cuda', args...)` instead.\n"}
,{"stream_name":"stderr","time":435.027964704,"data":"  with torch.cuda.amp.autocast(enabled=DEVICE.type == \"cuda\", dtype=torch.float16):\n"}
,{"stream_name":"stderr","time":435.70796005,"data":"/kaggle/src/script.py:325: FutureWarning: `torch.cuda.amp.autocast(args...)` is deprecated. Please use `torch.amp.autocast('cuda', args...)` instead.\n"}
,{"stream_name":"stderr","time":435.708004868,"data":"  with torch.cuda.amp.autocast(enabled=DEVICE.type == \"cuda\", dtype=torch.float16):\n"}
,{"stream_name":"stderr","time":436.519865295,"data":"/kaggle/src/script.py:325: FutureWarning: `torch.cuda.amp.autocast(args...)` is deprecated. Please use `torch.amp.autocast('cuda', args...)` instead.\n"}
,{"stream_name":"stderr","time":436.519935751,"data":"  with torch.cuda.amp.autocast(enabled=DEVICE.type == \"cuda\", dtype=torch.float16):\n"}
,{"stream_name":"stderr","time":437.223264797,"data":"/kaggle/src/script.py:325: FutureWarning: `torch.cuda.amp.autocast(args...)` is deprecated. Please use `torch.amp.autocast('cuda', args...)` instead.\n"}
,{"stream_name":"stderr","time":437.223311225,"data":"  with torch.cuda.amp.autocast(enabled=DEVICE.type == \"cuda\", dtype=torch.float16):\n"}
,{"stream_name":"stderr","time":437.887224145,"data":"/kaggle/src/script.py:325: FutureWarning: `torch.cuda.amp.autocast(args...)` is deprecated. Please use `torch.amp.autocast('cuda', args...)` instead.\n"}
,{"stream_name":"stderr","time":437.887271617,"data":"  with torch.cuda.amp.autocast(enabled=DEVICE.type == \"cuda\", dtype=torch.float16):\n"}
,{"stream_name":"stderr","time":438.347566648,"data":"/kaggle/src/script.py:325: FutureWarning: `torch.cuda.amp.autocast(args...)` is deprecated. Please use `torch.amp.autocast('cuda', args...)` instead.\n"}
,{"stream_name":"stderr","time":438.347607662,"data":"  with torch.cuda.amp.autocast(enabled=DEVICE.type == \"cuda\", dtype=torch.float16):\n"}
,{"stream_name":"stderr","time":439.082934626,"data":"/kaggle/src/script.py:325: FutureWarning: `torch.cuda.amp.autocast(args...)` is deprecated. Please use `torch.amp.autocast('cuda', args...)` instead.\n"}
,{"stream_name":"stderr","time":439.082978519,"data":"  with torch.cuda.amp.autocast(enabled=DEVICE.type == \"cuda\", dtype=torch.float16):\n"}
,{"stream_name":"stderr","time":439.75210769,"data":"/kaggle/src/script.py:325: FutureWarning: `torch.cuda.amp.autocast(args...)` is deprecated. Please use `torch.amp.autocast('cuda', args...)` instead.\n"}
,{"stream_name":"stderr","time":439.752187443,"data":"  with torch.cuda.amp.autocast(enabled=DEVICE.type == \"cuda\", dtype=torch.float16):\n"}
,{"stream_name":"stderr","time":440.437593877,"data":"/kaggle/src/script.py:325: FutureWarning: `torch.cuda.amp.autocast(args...)` is deprecated. Please use `torch.amp.autocast('cuda', args...)` instead.\n"}
,{"stream_name":"stderr","time":440.437645057,"data":"  with torch.cuda.amp.autocast(enabled=DEVICE.type == \"cuda\", dtype=torch.float16):\n"}
,{"stream_name":"stdout","time":441.132955832,"data":"epoch=1 session=140/206 step=87 loss=2.3439 ce=1.4976 rank=0.8205 struct=1.1184\n"}
,{"stream_name":"stderr","time":441.134238541,"data":"/kaggle/src/script.py:325: FutureWarning: `torch.cuda.amp.autocast(args...)` is deprecated. Please use `torch.amp.autocast('cuda', args...)` instead.\n"}
,{"stream_name":"stderr","time":441.134264521,"data":"  with torch.cuda.amp.autocast(enabled=DEVICE.type == \"cuda\", dtype=torch.float16):\n"}
,{"stream_name":"stderr","time":441.847450779,"data":"/kaggle/src/script.py:325: FutureWarning: `torch.cuda.amp.autocast(args...)` is deprecated. Please use `torch.amp.autocast('cuda', args...)` instead.\n"}
,{"stream_name":"stderr","time":441.847511455,"data":"  with torch.cuda.amp.autocast(enabled=DEVICE.type == \"cuda\", dtype=torch.float16):\n"}
,{"stream_name":"stderr","time":442.594573202,"data":"/kaggle/src/script.py:325: FutureWarning: `torch.cuda.amp.autocast(args...)` is deprecated. Please use `torch.amp.autocast('cuda', args...)` instead.\n"}
,{"stream_name":"stderr","time":442.594612889,"data":"  with torch.cuda.amp.autocast(enabled=DEVICE.type == \"cuda\", dtype=torch.float16):\n"}
,{"stream_name":"stderr","time":443.108829283,"data":"/kaggle/src/script.py:325: FutureWarning: `torch.cuda.amp.autocast(args...)` is deprecated. Please use `torch.amp.autocast('cuda', args...)` instead.\n"}
,{"stream_name":"stderr","time":443.108870043,"data":"  with torch.cuda.amp.autocast(enabled=DEVICE.type == \"cuda\", dtype=torch.float16):\n"}
,{"stream_name":"stderr","time":443.777162982,"data":"/kaggle/src/script.py:325: FutureWarning: `torch.cuda.amp.autocast(args...)` is deprecated. Please use `torch.amp.autocast('cuda', args...)` instead.\n"}
,{"stream_name":"stderr","time":443.777253439,"data":"  with torch.cuda.amp.autocast(enabled=DEVICE.type == \"cuda\", dtype=torch.float16):\n"}
,{"stream_name":"stderr","time":444.282243546,"data":"/kaggle/src/script.py:325: FutureWarning: `torch.cuda.amp.autocast(args...)` is deprecated. Please use `torch.amp.autocast('cuda', args...)` instead.\n"}
,{"stream_name":"stderr","time":444.282283783,"data":"  with torch.cuda.amp.autocast(enabled=DEVICE.type == \"cuda\", dtype=torch.float16):\n"}
,{"stream_name":"stderr","time":444.728427677,"data":"/kaggle/src/script.py:325: FutureWarning: `torch.cuda.amp.autocast(args...)` is deprecated. Please use `torch.amp.autocast('cuda', args...)` instead.\n"}
,{"stream_name":"stderr","time":444.728489117,"data":"  with torch.cuda.amp.autocast(enabled=DEVICE.type == \"cuda\", dtype=torch.float16):\n"}
,{"stream_name":"stderr","time":445.179737159,"data":"/kaggle/src/script.py:325: FutureWarning: `torch.cuda.amp.autocast(args...)` is deprecated. Please use `torch.amp.autocast('cuda', args...)` instead.\n"}
,{"stream_name":"stderr","time":445.179787161,"data":"  with torch.cuda.amp.autocast(enabled=DEVICE.type == \"cuda\", dtype=torch.float16):\n"}
,{"stream_name":"stderr","time":445.728873092,"data":"/kaggle/src/script.py:325: FutureWarning: `torch.cuda.amp.autocast(args...)` is deprecated. Please use `torch.amp.autocast('cuda', args...)` instead.\n"}
,{"stream_name":"stderr","time":445.728914788,"data":"  with torch.cuda.amp.autocast(enabled=DEVICE.type == \"cuda\", dtype=torch.float16):\n"}
,{"stream_name":"stderr","time":446.424460283,"data":"/kaggle/src/script.py:325: FutureWarning: `torch.cuda.amp.autocast(args...)` is deprecated. Please use `torch.amp.autocast('cuda', args...)` instead.\n"}
,{"stream_name":"stderr","time":446.424528184,"data":"  with torch.cuda.amp.autocast(enabled=DEVICE.type == \"cuda\", dtype=torch.float16):\n"}
,{"stream_name":"stdout","time":447.148358203,"data":"epoch=1 session=150/206 step=89 loss=2.2576 ce=1.3582 rank=0.7934 struct=1.2434\n"}
,{"stream_name":"stderr","time":447.149753117,"data":"/kaggle/src/script.py:325: FutureWarning: `torch.cuda.amp.autocast(args...)` is deprecated. Please use `torch.amp.autocast('cuda', args...)` instead.\n"}
,{"stream_name":"stderr","time":447.149785767,"data":"  with torch.cuda.amp.autocast(enabled=DEVICE.type == \"cuda\", dtype=torch.float16):\n"}
,{"stream_name":"stderr","time":447.854773641,"data":"/kaggle/src/script.py:325: FutureWarning: `torch.cuda.amp.autocast(args...)` is deprecated. Please use `torch.amp.autocast('cuda', args...)` instead.\n"}
,{"stream_name":"stderr","time":447.85481392,"data":"  with torch.cuda.amp.autocast(enabled=DEVICE.type == \"cuda\", dtype=torch.float16):\n"}
,{"stream_name":"stderr","time":448.563529848,"data":"/kaggle/src/script.py:325: FutureWarning: `torch.cuda.amp.autocast(args...)` is deprecated. Please use `torch.amp.autocast('cuda', args...)` instead.\n"}
,{"stream_name":"stderr","time":448.563584966,"data":"  with torch.cuda.amp.autocast(enabled=DEVICE.type == \"cuda\", dtype=torch.float16):\n"}
,{"stream_name":"stderr","time":449.096007217,"data":"/kaggle/src/script.py:325: FutureWarning: `torch.cuda.amp.autocast(args...)` is deprecated. Please use `torch.amp.autocast('cuda', args...)` instead.\n"}
,{"stream_name":"stderr","time":449.096065401,"data":"  with torch.cuda.amp.autocast(enabled=DEVICE.type == \"cuda\", dtype=torch.float16):\n"}
,{"stream_name":"stderr","time":449.560084792,"data":"/kaggle/src/script.py:325: FutureWarning: `torch.cuda.amp.autocast(args...)` is deprecated. Please use `torch.amp.autocast('cuda', args...)` instead.\n"}
,{"stream_name":"stderr","time":449.560132727,"data":"  with torch.cuda.amp.autocast(enabled=DEVICE.type == \"cuda\", dtype=torch.float16):\n"}
,{"stream_name":"stderr","time":450.280126817,"data":"/kaggle/src/script.py:325: FutureWarning: `torch.cuda.amp.autocast(args...)` is deprecated. Please use `torch.amp.autocast('cuda', args...)` instead.\n"}
,{"stream_name":"stderr","time":450.28020067,"data":"  with torch.cuda.amp.autocast(enabled=DEVICE.type == \"cuda\", dtype=torch.float16):\n"}
,{"stream_name":"stderr","time":450.972003028,"data":"/kaggle/src/script.py:325: FutureWarning: `torch.cuda.amp.autocast(args...)` is deprecated. Please use `torch.amp.autocast('cuda', args...)` instead.\n"}
,{"stream_name":"stderr","time":450.972064246,"data":"  with torch.cuda.amp.autocast(enabled=DEVICE.type == \"cuda\", dtype=torch.float16):\n"}
,{"stream_name":"stderr","time":451.682411246,"data":"/kaggle/src/script.py:325: FutureWarning: `torch.cuda.amp.autocast(args...)` is deprecated. Please use `torch.amp.autocast('cuda', args...)` instead.\n"}
,{"stream_name":"stderr","time":451.682455721,"data":"  with torch.cuda.amp.autocast(enabled=DEVICE.type == \"cuda\", dtype=torch.float16):\n"}
,{"stream_name":"stderr","time":452.398409238,"data":"/kaggle/src/script.py:325: FutureWarning: `torch.cuda.amp.autocast(args...)` is deprecated. Please use `torch.amp.autocast('cuda', args...)` instead.\n"}
,{"stream_name":"stderr","time":452.398481171,"data":"  with torch.cuda.amp.autocast(enabled=DEVICE.type == \"cuda\", dtype=torch.float16):\n"}
,{"stream_name":"stderr","time":453.065949997,"data":"/kaggle/src/script.py:325: FutureWarning: `torch.cuda.amp.autocast(args...)` is deprecated. Please use `torch.amp.autocast('cuda', args...)` instead.\n"}
,{"stream_name":"stderr","time":453.065995323,"data":"  with torch.cuda.amp.autocast(enabled=DEVICE.type == \"cuda\", dtype=torch.float16):\n"}
,{"stream_name":"stdout","time":453.566599858,"data":"epoch=1 session=160/206 step=92 loss=2.4528 ce=1.5580 rank=0.8465 struct=1.1970\n"}
,{"stream_name":"stderr","time":453.56787892,"data":"/kaggle/src/script.py:325: FutureWarning: `torch.cuda.amp.autocast(args...)` is deprecated. Please use `torch.amp.autocast('cuda', args...)` instead.\n"}
,{"stream_name":"stderr","time":453.567908925,"data":"  with torch.cuda.amp.autocast(enabled=DEVICE.type == \"cuda\", dtype=torch.float16):\n"}
,{"stream_name":"stderr","time":454.041045775,"data":"/kaggle/src/script.py:325: FutureWarning: `torch.cuda.amp.autocast(args...)` is deprecated. Please use `torch.amp.autocast('cuda', args...)` instead.\n"}
,{"stream_name":"stderr","time":454.041092082,"data":"  with torch.cuda.amp.autocast(enabled=DEVICE.type == \"cuda\", dtype=torch.float16):\n"}
,{"stream_name":"stderr","time":454.546753824,"data":"/kaggle/src/script.py:325: FutureWarning: `torch.cuda.amp.autocast(args...)` is deprecated. Please use `torch.amp.autocast('cuda', args...)` instead.\n"}
,{"stream_name":"stderr","time":454.546816529,"data":"  with torch.cuda.amp.autocast(enabled=DEVICE.type == \"cuda\", dtype=torch.float16):\n"}
,{"stream_name":"stderr","time":455.022818604,"data":"/kaggle/src/script.py:325: FutureWarning: `torch.cuda.amp.autocast(args...)` is deprecated. Please use `torch.amp.autocast('cuda', args...)` instead.\n"}
,{"stream_name":"stderr","time":455.022883616,"data":"  with torch.cuda.amp.autocast(enabled=DEVICE.type == \"cuda\", dtype=torch.float16):\n"}
,{"stream_name":"stderr","time":455.466743206,"data":"/kaggle/src/script.py:325: FutureWarning: `torch.cuda.amp.autocast(args...)` is deprecated. Please use `torch.amp.autocast('cuda', args...)` instead.\n"}
,{"stream_name":"stderr","time":455.466789147,"data":"  with torch.cuda.amp.autocast(enabled=DEVICE.type == \"cuda\", dtype=torch.float16):\n"}
,{"stream_name":"stderr","time":456.145240441,"data":"/kaggle/src/script.py:325: FutureWarning: `torch.cuda.amp.autocast(args...)` is deprecated. Please use `torch.amp.autocast('cuda', args...)` instead.\n"}
,{"stream_name":"stderr","time":456.145316302,"data":"  with torch.cuda.amp.autocast(enabled=DEVICE.type == \"cuda\", dtype=torch.float16):\n"}
,{"stream_name":"stderr","time":456.846662053,"data":"/kaggle/src/script.py:325: FutureWarning: `torch.cuda.amp.autocast(args...)` is deprecated. Please use `torch.amp.autocast('cuda', args...)` instead.\n"}
,{"stream_name":"stderr","time":456.846736582,"data":"  with torch.cuda.amp.autocast(enabled=DEVICE.type == \"cuda\", dtype=torch.float16):\n"}
,{"stream_name":"stderr","time":457.493655207,"data":"/kaggle/src/script.py:325: FutureWarning: `torch.cuda.amp.autocast(args...)` is deprecated. Please use `torch.amp.autocast('cuda', args...)` instead.\n"}
,{"stream_name":"stderr","time":457.493701765,"data":"  with torch.cuda.amp.autocast(enabled=DEVICE.type == \"cuda\", dtype=torch.float16):\n"}
,{"stream_name":"stderr","time":457.941322367,"data":"/kaggle/src/script.py:325: FutureWarning: `torch.cuda.amp.autocast(args...)` is deprecated. Please use `torch.amp.autocast('cuda', args...)` instead.\n"}
,{"stream_name":"stderr","time":457.941368031,"data":"  with torch.cuda.amp.autocast(enabled=DEVICE.type == \"cuda\", dtype=torch.float16):\n"}
,{"stream_name":"stderr","time":458.414820546,"data":"/kaggle/src/script.py:325: FutureWarning: `torch.cuda.amp.autocast(args...)` is deprecated. Please use `torch.amp.autocast('cuda', args...)` instead.\n"}
,{"stream_name":"stderr","time":458.414878226,"data":"  with torch.cuda.amp.autocast(enabled=DEVICE.type == \"cuda\", dtype=torch.float16):\n"}
,{"stream_name":"stdout","time":458.905075399,"data":"epoch=1 session=170/206 step=94 loss=2.3581 ce=1.3848 rank=0.7879 struct=1.3951\n"}
,{"stream_name":"stderr","time":458.906378522,"data":"/kaggle/src/script.py:325: FutureWarning: `torch.cuda.amp.autocast(args...)` is deprecated. Please use `torch.amp.autocast('cuda', args...)` instead.\n"}
,{"stream_name":"stderr","time":458.906406693,"data":"  with torch.cuda.amp.autocast(enabled=DEVICE.type == \"cuda\", dtype=torch.float16):\n"}
,{"stream_name":"stderr","time":459.571372864,"data":"/kaggle/src/script.py:325: FutureWarning: `torch.cuda.amp.autocast(args...)` is deprecated. Please use `torch.amp.autocast('cuda', args...)` instead.\n"}
,{"stream_name":"stderr","time":459.571420349,"data":"  with torch.cuda.amp.autocast(enabled=DEVICE.type == \"cuda\", dtype=torch.float16):\n"}
,{"stream_name":"stderr","time":460.051729344,"data":"/kaggle/src/script.py:325: FutureWarning: `torch.cuda.amp.autocast(args...)` is deprecated. Please use `torch.amp.autocast('cuda', args...)` instead.\n"}
,{"stream_name":"stderr","time":460.051773844,"data":"  with torch.cuda.amp.autocast(enabled=DEVICE.type == \"cuda\", dtype=torch.float16):\n"}
,{"stream_name":"stderr","time":460.758104141,"data":"/kaggle/src/script.py:325: FutureWarning: `torch.cuda.amp.autocast(args...)` is deprecated. Please use `torch.amp.autocast('cuda', args...)` instead.\n"}
,{"stream_name":"stderr","time":460.758152508,"data":"  with torch.cuda.amp.autocast(enabled=DEVICE.type == \"cuda\", dtype=torch.float16):\n"}
,{"stream_name":"stderr","time":461.236791109,"data":"/kaggle/src/script.py:325: FutureWarning: `torch.cuda.amp.autocast(args...)` is deprecated. Please use `torch.amp.autocast('cuda', args...)` instead.\n"}
,{"stream_name":"stderr","time":461.236843766,"data":"  with torch.cuda.amp.autocast(enabled=DEVICE.type == \"cuda\", dtype=torch.float16):\n"}
,{"stream_name":"stderr","time":461.914667648,"data":"/kaggle/src/script.py:325: FutureWarning: `torch.cuda.amp.autocast(args...)` is deprecated. Please use `torch.amp.autocast('cuda', args...)` instead.\n"}
,{"stream_name":"stderr","time":461.914721998,"data":"  with torch.cuda.amp.autocast(enabled=DEVICE.type == \"cuda\", dtype=torch.float16):\n"}
,{"stream_name":"stderr","time":462.582514815,"data":"/kaggle/src/script.py:325: FutureWarning: `torch.cuda.amp.autocast(args...)` is deprecated. Please use `torch.amp.autocast('cuda', args...)` instead.\n"}
,{"stream_name":"stderr","time":462.582559269,"data":"  with torch.cuda.amp.autocast(enabled=DEVICE.type == \"cuda\", dtype=torch.float16):\n"}
,{"stream_name":"stderr","time":463.240267144,"data":"/kaggle/src/script.py:325: FutureWarning: `torch.cuda.amp.autocast(args...)` is deprecated. Please use `torch.amp.autocast('cuda', args...)` instead.\n"}
,{"stream_name":"stderr","time":463.240310689,"data":"  with torch.cuda.amp.autocast(enabled=DEVICE.type == \"cuda\", dtype=torch.float16):\n"}
,{"stream_name":"stderr","time":463.915709844,"data":"/kaggle/src/script.py:325: FutureWarning: `torch.cuda.amp.autocast(args...)` is deprecated. Please use `torch.amp.autocast('cuda', args...)` instead.\n"}
,{"stream_name":"stderr","time":463.91575808,"data":"  with torch.cuda.amp.autocast(enabled=DEVICE.type == \"cuda\", dtype=torch.float16):\n"}
,{"stream_name":"stderr","time":464.658590126,"data":"/kaggle/src/script.py:325: FutureWarning: `torch.cuda.amp.autocast(args...)` is deprecated. Please use `torch.amp.autocast('cuda', args...)` instead.\n"}
,{"stream_name":"stderr","time":464.658629634,"data":"  with torch.cuda.amp.autocast(enabled=DEVICE.type == \"cuda\", dtype=torch.float16):\n"}
,{"stream_name":"stdout","time":465.140258741,"data":"epoch=1 session=180/206 step=97 loss=2.3208 ce=1.4828 rank=0.8310 struct=1.0943\n"}
,{"stream_name":"stderr","time":465.141498858,"data":"/kaggle/src/script.py:325: FutureWarning: `torch.cuda.amp.autocast(args...)` is deprecated. Please use `torch.amp.autocast('cuda', args...)` instead.\n"}
,{"stream_name":"stderr","time":465.141520969,"data":"  with torch.cuda.amp.autocast(enabled=DEVICE.type == \"cuda\", dtype=torch.float16):\n"}
,{"stream_name":"stderr","time":465.816998929,"data":"/kaggle/src/script.py:325: FutureWarning: `torch.cuda.amp.autocast(args...)` is deprecated. Please use `torch.amp.autocast('cuda', args...)` instead.\n"}
,{"stream_name":"stderr","time":465.817044243,"data":"  with torch.cuda.amp.autocast(enabled=DEVICE.type == \"cuda\", dtype=torch.float16):\n"}
,{"stream_name":"stderr","time":466.515812707,"data":"/kaggle/src/script.py:325: FutureWarning: `torch.cuda.amp.autocast(args...)` is deprecated. Please use `torch.amp.autocast('cuda', args...)` instead.\n"}
,{"stream_name":"stderr","time":466.51585355,"data":"  with torch.cuda.amp.autocast(enabled=DEVICE.type == \"cuda\", dtype=torch.float16):\n"}
,{"stream_name":"stderr","time":467.176727455,"data":"/kaggle/src/script.py:325: FutureWarning: `torch.cuda.amp.autocast(args...)` is deprecated. Please use `torch.amp.autocast('cuda', args...)` instead.\n"}
,{"stream_name":"stderr","time":467.176777996,"data":"  with torch.cuda.amp.autocast(enabled=DEVICE.type == \"cuda\", dtype=torch.float16):\n"}
,{"stream_name":"stderr","time":467.900371128,"data":"/kaggle/src/script.py:325: FutureWarning: `torch.cuda.amp.autocast(args...)` is deprecated. Please use `torch.amp.autocast('cuda', args...)` instead.\n"}
,{"stream_name":"stderr","time":467.9004226,"data":"  with torch.cuda.amp.autocast(enabled=DEVICE.type == \"cuda\", dtype=torch.float16):\n"}
,{"stream_name":"stderr","time":468.571118002,"data":"/kaggle/src/script.py:325: FutureWarning: `torch.cuda.amp.autocast(args...)` is deprecated. Please use `torch.amp.autocast('cuda', args...)` instead.\n"}
,{"stream_name":"stderr","time":468.571185144,"data":"  with torch.cuda.amp.autocast(enabled=DEVICE.type == \"cuda\", dtype=torch.float16):\n"}
,{"stream_name":"stderr","time":469.075651575,"data":"/kaggle/src/script.py:325: FutureWarning: `torch.cuda.amp.autocast(args...)` is deprecated. Please use `torch.amp.autocast('cuda', args...)` instead.\n"}
,{"stream_name":"stderr","time":469.075720704,"data":"  with torch.cuda.amp.autocast(enabled=DEVICE.type == \"cuda\", dtype=torch.float16):\n"}
,{"stream_name":"stderr","time":469.721061824,"data":"/kaggle/src/script.py:325: FutureWarning: `torch.cuda.amp.autocast(args...)` is deprecated. Please use `torch.amp.autocast('cuda', args...)` instead.\n"}
,{"stream_name":"stderr","time":469.721100362,"data":"  with torch.cuda.amp.autocast(enabled=DEVICE.type == \"cuda\", dtype=torch.float16):\n"}
,{"stream_name":"stderr","time":470.448608909,"data":"/kaggle/src/script.py:325: FutureWarning: `torch.cuda.amp.autocast(args...)` is deprecated. Please use `torch.amp.autocast('cuda', args...)` instead.\n"}
,{"stream_name":"stderr","time":470.448671322,"data":"  with torch.cuda.amp.autocast(enabled=DEVICE.type == \"cuda\", dtype=torch.float16):\n"}
,{"stream_name":"stderr","time":470.90171459,"data":"/kaggle/src/script.py:325: FutureWarning: `torch.cuda.amp.autocast(args...)` is deprecated. Please use `torch.amp.autocast('cuda', args...)` instead.\n"}
,{"stream_name":"stderr","time":470.901752802,"data":"  with torch.cuda.amp.autocast(enabled=DEVICE.type == \"cuda\", dtype=torch.float16):\n"}
,{"stream_name":"stdout","time":471.588026368,"data":"epoch=1 session=190/206 step=99 loss=2.1459 ce=1.3944 rank=0.7893 struct=0.9506\n"}
,{"stream_name":"stderr","time":471.589409386,"data":"/kaggle/src/script.py:325: FutureWarning: `torch.cuda.amp.autocast(args...)` is deprecated. Please use `torch.amp.autocast('cuda', args...)` instead.\n"}
,{"stream_name":"stderr","time":471.589440577,"data":"  with torch.cuda.amp.autocast(enabled=DEVICE.type == \"cuda\", dtype=torch.float16):\n"}
,{"stream_name":"stderr","time":472.284714778,"data":"/kaggle/src/script.py:325: FutureWarning: `torch.cuda.amp.autocast(args...)` is deprecated. Please use `torch.amp.autocast('cuda', args...)` instead.\n"}
,{"stream_name":"stderr","time":472.284760565,"data":"  with torch.cuda.amp.autocast(enabled=DEVICE.type == \"cuda\", dtype=torch.float16):\n"}
,{"stream_name":"stderr","time":472.738884335,"data":"/kaggle/src/script.py:325: FutureWarning: `torch.cuda.amp.autocast(args...)` is deprecated. Please use `torch.amp.autocast('cuda', args...)` instead.\n"}
,{"stream_name":"stderr","time":472.73893015,"data":"  with torch.cuda.amp.autocast(enabled=DEVICE.type == \"cuda\", dtype=torch.float16):\n"}
,{"stream_name":"stderr","time":473.428111231,"data":"/kaggle/src/script.py:325: FutureWarning: `torch.cuda.amp.autocast(args...)` is deprecated. Please use `torch.amp.autocast('cuda', args...)` instead.\n"}
,{"stream_name":"stderr","time":473.428154848,"data":"  with torch.cuda.amp.autocast(enabled=DEVICE.type == \"cuda\", dtype=torch.float16):\n"}
,{"stream_name":"stderr","time":474.118951239,"data":"/kaggle/src/script.py:325: FutureWarning: `torch.cuda.amp.autocast(args...)` is deprecated. Please use `torch.amp.autocast('cuda', args...)` instead.\n"}
,{"stream_name":"stderr","time":474.119009288,"data":"  with torch.cuda.amp.autocast(enabled=DEVICE.type == \"cuda\", dtype=torch.float16):\n"}
,{"stream_name":"stderr","time":474.627136698,"data":"/kaggle/src/script.py:325: FutureWarning: `torch.cuda.amp.autocast(args...)` is deprecated. Please use `torch.amp.autocast('cuda', args...)` instead.\n"}
,{"stream_name":"stderr","time":474.627206687,"data":"  with torch.cuda.amp.autocast(enabled=DEVICE.type == \"cuda\", dtype=torch.float16):\n"}
,{"stream_name":"stderr","time":475.302069402,"data":"/kaggle/src/script.py:325: FutureWarning: `torch.cuda.amp.autocast(args...)` is deprecated. Please use `torch.amp.autocast('cuda', args...)` instead.\n"}
,{"stream_name":"stderr","time":475.302121099,"data":"  with torch.cuda.amp.autocast(enabled=DEVICE.type == \"cuda\", dtype=torch.float16):\n"}
,{"stream_name":"stderr","time":475.778112966,"data":"/kaggle/src/script.py:325: FutureWarning: `torch.cuda.amp.autocast(args...)` is deprecated. Please use `torch.amp.autocast('cuda', args...)` instead.\n"}
,{"stream_name":"stderr","time":475.778154262,"data":"  with torch.cuda.amp.autocast(enabled=DEVICE.type == \"cuda\", dtype=torch.float16):\n"}
,{"stream_name":"stderr","time":476.528965621,"data":"/kaggle/src/script.py:325: FutureWarning: `torch.cuda.amp.autocast(args...)` is deprecated. Please use `torch.amp.autocast('cuda', args...)` instead.\n"}
,{"stream_name":"stderr","time":476.529005382,"data":"  with torch.cuda.amp.autocast(enabled=DEVICE.type == \"cuda\", dtype=torch.float16):\n"}
,{"stream_name":"stderr","time":477.04230481,"data":"/kaggle/src/script.py:325: FutureWarning: `torch.cuda.amp.autocast(args...)` is deprecated. Please use `torch.amp.autocast('cuda', args...)` instead.\n"}
,{"stream_name":"stderr","time":477.042349274,"data":"  with torch.cuda.amp.autocast(enabled=DEVICE.type == \"cuda\", dtype=torch.float16):\n"}
,{"stream_name":"stdout","time":477.70098615,"data":"epoch=1 session=200/206 step=102 loss=2.3338 ce=1.5056 rank=0.7686 struct=1.1184\n"}
,{"stream_name":"stderr","time":477.702239704,"data":"/kaggle/src/script.py:325: FutureWarning: `torch.cuda.amp.autocast(args...)` is deprecated. Please use `torch.amp.autocast('cuda', args...)` instead.\n"}
,{"stream_name":"stderr","time":477.702267706,"data":"  with torch.cuda.amp.autocast(enabled=DEVICE.type == \"cuda\", dtype=torch.float16):\n"}
,{"stream_name":"stderr","time":478.213349731,"data":"/kaggle/src/script.py:325: FutureWarning: `torch.cuda.amp.autocast(args...)` is deprecated. Please use `torch.amp.autocast('cuda', args...)` instead.\n"}
,{"stream_name":"stderr","time":478.21343035,"data":"  with torch.cuda.amp.autocast(enabled=DEVICE.type == \"cuda\", dtype=torch.float16):\n"}
,{"stream_name":"stderr","time":478.908525496,"data":"/kaggle/src/script.py:325: FutureWarning: `torch.cuda.amp.autocast(args...)` is deprecated. Please use `torch.amp.autocast('cuda', args...)` instead.\n"}
,{"stream_name":"stderr","time":478.908574507,"data":"  with torch.cuda.amp.autocast(enabled=DEVICE.type == \"cuda\", dtype=torch.float16):\n"}
,{"stream_name":"stderr","time":479.670133963,"data":"/kaggle/src/script.py:325: FutureWarning: `torch.cuda.amp.autocast(args...)` is deprecated. Please use `torch.amp.autocast('cuda', args...)` instead.\n"}
,{"stream_name":"stderr","time":479.670213357,"data":"  with torch.cuda.amp.autocast(enabled=DEVICE.type == \"cuda\", dtype=torch.float16):\n"}
,{"stream_name":"stderr","time":480.11229847,"data":"/kaggle/src/script.py:325: FutureWarning: `torch.cuda.amp.autocast(args...)` is deprecated. Please use `torch.amp.autocast('cuda', args...)` instead.\n"}
,{"stream_name":"stderr","time":480.112343768,"data":"  with torch.cuda.amp.autocast(enabled=DEVICE.type == \"cuda\", dtype=torch.float16):\n"}
,{"stream_name":"stderr","time":480.792986202,"data":"/kaggle/src/script.py:325: FutureWarning: `torch.cuda.amp.autocast(args...)` is deprecated. Please use `torch.amp.autocast('cuda', args...)` instead.\n"}
,{"stream_name":"stderr","time":480.793031031,"data":"  with torch.cuda.amp.autocast(enabled=DEVICE.type == \"cuda\", dtype=torch.float16):\n"}
,{"stream_name":"stderr","time":481.504594156,"data":"/kaggle/src/script.py:325: FutureWarning: `torch.cuda.amp.autocast(args...)` is deprecated. Please use `torch.amp.autocast('cuda', args...)` instead.\n"}
,{"stream_name":"stderr","time":481.504635984,"data":"  with torch.cuda.amp.autocast(enabled=DEVICE.type == \"cuda\", dtype=torch.float16):\n"}
,{"stream_name":"stderr","time":482.003661815,"data":"/kaggle/src/script.py:325: FutureWarning: `torch.cuda.amp.autocast(args...)` is deprecated. Please use `torch.amp.autocast('cuda', args...)` instead.\n"}
,{"stream_name":"stderr","time":482.003715769,"data":"  with torch.cuda.amp.autocast(enabled=DEVICE.type == \"cuda\", dtype=torch.float16):\n"}
,{"stream_name":"stderr","time":482.689055867,"data":"/kaggle/src/script.py:325: FutureWarning: `torch.cuda.amp.autocast(args...)` is deprecated. Please use `torch.amp.autocast('cuda', args...)` instead.\n"}
,{"stream_name":"stderr","time":482.689095222,"data":"  with torch.cuda.amp.autocast(enabled=DEVICE.type == \"cuda\", dtype=torch.float16):\n"}
,{"stream_name":"stderr","time":483.350670808,"data":"/kaggle/src/script.py:325: FutureWarning: `torch.cuda.amp.autocast(args...)` is deprecated. Please use `torch.amp.autocast('cuda', args...)` instead.\n"}
,{"stream_name":"stderr","time":483.350716856,"data":"  with torch.cuda.amp.autocast(enabled=DEVICE.type == \"cuda\", dtype=torch.float16):\n"}
,{"stream_name":"stderr","time":484.06644921,"data":"/kaggle/src/script.py:325: FutureWarning: `torch.cuda.amp.autocast(args...)` is deprecated. Please use `torch.amp.autocast('cuda', args...)` instead.\n"}
,{"stream_name":"stderr","time":484.066526722,"data":"  with torch.cuda.amp.autocast(enabled=DEVICE.type == \"cuda\", dtype=torch.float16):\n"}
,{"stream_name":"stderr","time":484.550330002,"data":"/kaggle/src/script.py:325: FutureWarning: `torch.cuda.amp.autocast(args...)` is deprecated. Please use `torch.amp.autocast('cuda', args...)` instead.\n"}
,{"stream_name":"stderr","time":484.550375264,"data":"  with torch.cuda.amp.autocast(enabled=DEVICE.type == \"cuda\", dtype=torch.float16):\n"}
,{"stream_name":"stderr","time":485.020718323,"data":"/kaggle/src/script.py:325: FutureWarning: `torch.cuda.amp.autocast(args...)` is deprecated. Please use `torch.amp.autocast('cuda', args...)` instead.\n"}
,{"stream_name":"stderr","time":485.02076803,"data":"  with torch.cuda.amp.autocast(enabled=DEVICE.type == \"cuda\", dtype=torch.float16):\n"}
,{"stream_name":"stderr","time":485.647721119,"data":"/kaggle/src/script.py:325: FutureWarning: `torch.cuda.amp.autocast(args...)` is deprecated. Please use `torch.amp.autocast('cuda', args...)` instead.\n"}
,{"stream_name":"stderr","time":485.647767437,"data":"  with torch.cuda.amp.autocast(enabled=DEVICE.type == \"cuda\", dtype=torch.float16):\n"}
,{"stream_name":"stderr","time":486.33429549,"data":"/kaggle/src/script.py:325: FutureWarning: `torch.cuda.amp.autocast(args...)` is deprecated. Please use `torch.amp.autocast('cuda', args...)` instead.\n"}
,{"stream_name":"stderr","time":486.334336925,"data":"  with torch.cuda.amp.autocast(enabled=DEVICE.type == \"cuda\", dtype=torch.float16):\n"}
,{"stream_name":"stderr","time":487.079355385,"data":"/kaggle/src/script.py:325: FutureWarning: `torch.cuda.amp.autocast(args...)` is deprecated. Please use `torch.amp.autocast('cuda', args...)` instead.\n"}
,{"stream_name":"stderr","time":487.079397994,"data":"  with torch.cuda.amp.autocast(enabled=DEVICE.type == \"cuda\", dtype=torch.float16):\n"}
,{"stream_name":"stdout","time":487.558705481,"data":"epoch=2 session=10/206 step=106 loss=2.3231 ce=1.3910 rank=0.7813 struct=1.3173\n"}
,{"stream_name":"stderr","time":487.56008842,"data":"/kaggle/src/script.py:325: FutureWarning: `torch.cuda.amp.autocast(args...)` is deprecated. Please use `torch.amp.autocast('cuda', args...)` instead.\n"}
,{"stream_name":"stderr","time":487.560108247,"data":"  with torch.cuda.amp.autocast(enabled=DEVICE.type == \"cuda\", dtype=torch.float16):\n"}
,{"stream_name":"stderr","time":488.200811579,"data":"/kaggle/src/script.py:325: FutureWarning: `torch.cuda.amp.autocast(args...)` is deprecated. Please use `torch.amp.autocast('cuda', args...)` instead.\n"}
,{"stream_name":"stderr","time":488.200858888,"data":"  with torch.cuda.amp.autocast(enabled=DEVICE.type == \"cuda\", dtype=torch.float16):\n"}
,{"stream_name":"stderr","time":488.93080685,"data":"/kaggle/src/script.py:325: FutureWarning: `torch.cuda.amp.autocast(args...)` is deprecated. Please use `torch.amp.autocast('cuda', args...)` instead.\n"}
,{"stream_name":"stderr","time":488.930867031,"data":"  with torch.cuda.amp.autocast(enabled=DEVICE.type == \"cuda\", dtype=torch.float16):\n"}
,{"stream_name":"stderr","time":489.430512911,"data":"/kaggle/src/script.py:325: FutureWarning: `torch.cuda.amp.autocast(args...)` is deprecated. Please use `torch.amp.autocast('cuda', args...)` instead.\n"}
,{"stream_name":"stderr","time":489.430557069,"data":"  with torch.cuda.amp.autocast(enabled=DEVICE.type == \"cuda\", dtype=torch.float16):\n"}
,{"stream_name":"stderr","time":489.901139482,"data":"/kaggle/src/script.py:325: FutureWarning: `torch.cuda.amp.autocast(args...)` is deprecated. Please use `torch.amp.autocast('cuda', args...)` instead.\n"}
,{"stream_name":"stderr","time":489.901202033,"data":"  with torch.cuda.amp.autocast(enabled=DEVICE.type == \"cuda\", dtype=torch.float16):\n"}
,{"stream_name":"stderr","time":490.371147658,"data":"/kaggle/src/script.py:325: FutureWarning: `torch.cuda.amp.autocast(args...)` is deprecated. Please use `torch.amp.autocast('cuda', args...)` instead.\n"}
,{"stream_name":"stderr","time":490.371233115,"data":"  with torch.cuda.amp.autocast(enabled=DEVICE.type == \"cuda\", dtype=torch.float16):\n"}
,{"stream_name":"stderr","time":490.838721209,"data":"/kaggle/src/script.py:325: FutureWarning: `torch.cuda.amp.autocast(args...)` is deprecated. Please use `torch.amp.autocast('cuda', args...)` instead.\n"}
,{"stream_name":"stderr","time":490.83876536,"data":"  with torch.cuda.amp.autocast(enabled=DEVICE.type == \"cuda\", dtype=torch.float16):\n"}
,{"stream_name":"stderr","time":491.587835694,"data":"/kaggle/src/script.py:325: FutureWarning: `torch.cuda.amp.autocast(args...)` is deprecated. Please use `torch.amp.autocast('cuda', args...)` instead.\n"}
,{"stream_name":"stderr","time":491.58787665,"data":"  with torch.cuda.amp.autocast(enabled=DEVICE.type == \"cuda\", dtype=torch.float16):\n"}
,{"stream_name":"stderr","time":492.249112898,"data":"/kaggle/src/script.py:325: FutureWarning: `torch.cuda.amp.autocast(args...)` is deprecated. Please use `torch.amp.autocast('cuda', args...)` instead.\n"}
,{"stream_name":"stderr","time":492.249211941,"data":"  with torch.cuda.amp.autocast(enabled=DEVICE.type == \"cuda\", dtype=torch.float16):\n"}
,{"stream_name":"stderr","time":492.746913387,"data":"/kaggle/src/script.py:325: FutureWarning: `torch.cuda.amp.autocast(args...)` is deprecated. Please use `torch.amp.autocast('cuda', args...)` instead.\n"}
,{"stream_name":"stderr","time":492.746958268,"data":"  with torch.cuda.amp.autocast(enabled=DEVICE.type == \"cuda\", dtype=torch.float16):\n"}
,{"stream_name":"stdout","time":493.229534344,"data":"epoch=2 session=20/206 step=109 loss=2.6961 ce=1.5773 rank=0.7699 struct=1.6986\n"}
,{"stream_name":"stderr","time":493.230923497,"data":"/kaggle/src/script.py:325: FutureWarning: `torch.cuda.amp.autocast(args...)` is deprecated. Please use `torch.amp.autocast('cuda', args...)` instead.\n"}
,{"stream_name":"stderr","time":493.230952572,"data":"  with torch.cuda.amp.autocast(enabled=DEVICE.type == \"cuda\", dtype=torch.float16):\n"}
,{"stream_name":"stderr","time":493.903092416,"data":"/kaggle/src/script.py:325: FutureWarning: `torch.cuda.amp.autocast(args...)` is deprecated. Please use `torch.amp.autocast('cuda', args...)` instead.\n"}
,{"stream_name":"stderr","time":493.903132301,"data":"  with torch.cuda.amp.autocast(enabled=DEVICE.type == \"cuda\", dtype=torch.float16):\n"}
,{"stream_name":"stderr","time":494.555997835,"data":"/kaggle/src/script.py:325: FutureWarning: `torch.cuda.amp.autocast(args...)` is deprecated. Please use `torch.amp.autocast('cuda', args...)` instead.\n"}
,{"stream_name":"stderr","time":494.556062238,"data":"  with torch.cuda.amp.autocast(enabled=DEVICE.type == \"cuda\", dtype=torch.float16):\n"}
,{"stream_name":"stderr","time":495.238855171,"data":"/kaggle/src/script.py:325: FutureWarning: `torch.cuda.amp.autocast(args...)` is deprecated. Please use `torch.amp.autocast('cuda', args...)` instead.\n"}
,{"stream_name":"stderr","time":495.238894406,"data":"  with torch.cuda.amp.autocast(enabled=DEVICE.type == \"cuda\", dtype=torch.float16):\n"}
,{"stream_name":"stderr","time":495.735598688,"data":"/kaggle/src/script.py:325: FutureWarning: `torch.cuda.amp.autocast(args...)` is deprecated. Please use `torch.amp.autocast('cuda', args...)` instead.\n"}
,{"stream_name":"stderr","time":495.735640469,"data":"  with torch.cuda.amp.autocast(enabled=DEVICE.type == \"cuda\", dtype=torch.float16):\n"}
,{"stream_name":"stderr","time":496.384957956,"data":"/kaggle/src/script.py:325: FutureWarning: `torch.cuda.amp.autocast(args...)` is deprecated. Please use `torch.amp.autocast('cuda', args...)` instead.\n"}
,{"stream_name":"stderr","time":496.385003452,"data":"  with torch.cuda.amp.autocast(enabled=DEVICE.type == \"cuda\", dtype=torch.float16):\n"}
,{"stream_name":"stderr","time":497.042877384,"data":"/kaggle/src/script.py:325: FutureWarning: `torch.cuda.amp.autocast(args...)` is deprecated. Please use `torch.amp.autocast('cuda', args...)` instead.\n"}
,{"stream_name":"stderr","time":497.042918981,"data":"  with torch.cuda.amp.autocast(enabled=DEVICE.type == \"cuda\", dtype=torch.float16):\n"}
,{"stream_name":"stderr","time":497.690291861,"data":"/kaggle/src/script.py:325: FutureWarning: `torch.cuda.amp.autocast(args...)` is deprecated. Please use `torch.amp.autocast('cuda', args...)` instead.\n"}
,{"stream_name":"stderr","time":497.69033167,"data":"  with torch.cuda.amp.autocast(enabled=DEVICE.type == \"cuda\", dtype=torch.float16):\n"}
,{"stream_name":"stderr","time":498.132759239,"data":"/kaggle/src/script.py:325: FutureWarning: `torch.cuda.amp.autocast(args...)` is deprecated. Please use `torch.amp.autocast('cuda', args...)` instead.\n"}
,{"stream_name":"stderr","time":498.132801444,"data":"  with torch.cuda.amp.autocast(enabled=DEVICE.type == \"cuda\", dtype=torch.float16):\n"}
,{"stream_name":"stderr","time":498.647670178,"data":"/kaggle/src/script.py:325: FutureWarning: `torch.cuda.amp.autocast(args...)` is deprecated. Please use `torch.amp.autocast('cuda', args...)` instead.\n"}
,{"stream_name":"stderr","time":498.647713313,"data":"  with torch.cuda.amp.autocast(enabled=DEVICE.type == \"cuda\", dtype=torch.float16):\n"}
,{"stream_name":"stdout","time":499.354416857,"data":"epoch=2 session=30/206 step=111 loss=2.4460 ce=1.5595 rank=0.8293 struct=1.1925\n"}
,{"stream_name":"stderr","time":499.355742429,"data":"/kaggle/src/script.py:325: FutureWarning: `torch.cuda.amp.autocast(args...)` is deprecated. Please use `torch.amp.autocast('cuda', args...)` instead.\n"}
,{"stream_name":"stderr","time":499.355765458,"data":"  with torch.cuda.amp.autocast(enabled=DEVICE.type == \"cuda\", dtype=torch.float16):\n"}
,{"stream_name":"stderr","time":499.852734591,"data":"/kaggle/src/script.py:325: FutureWarning: `torch.cuda.amp.autocast(args...)` is deprecated. Please use `torch.amp.autocast('cuda', args...)` instead.\n"}
,{"stream_name":"stderr","time":499.85279392,"data":"  with torch.cuda.amp.autocast(enabled=DEVICE.type == \"cuda\", dtype=torch.float16):\n"}
,{"stream_name":"stderr","time":500.512297437,"data":"/kaggle/src/script.py:325: FutureWarning: `torch.cuda.amp.autocast(args...)` is deprecated. Please use `torch.amp.autocast('cuda', args...)` instead.\n"}
,{"stream_name":"stderr","time":500.512341605,"data":"  with torch.cuda.amp.autocast(enabled=DEVICE.type == \"cuda\", dtype=torch.float16):\n"}
,{"stream_name":"stderr","time":500.972482169,"data":"/kaggle/src/script.py:325: FutureWarning: `torch.cuda.amp.autocast(args...)` is deprecated. Please use `torch.amp.autocast('cuda', args...)` instead.\n"}
,{"stream_name":"stderr","time":500.97254758,"data":"  with torch.cuda.amp.autocast(enabled=DEVICE.type == \"cuda\", dtype=torch.float16):\n"}
,{"stream_name":"stderr","time":501.443810602,"data":"/kaggle/src/script.py:325: FutureWarning: `torch.cuda.amp.autocast(args...)` is deprecated. Please use `torch.amp.autocast('cuda', args...)` instead.\n"}
,{"stream_name":"stderr","time":501.443866452,"data":"  with torch.cuda.amp.autocast(enabled=DEVICE.type == \"cuda\", dtype=torch.float16):\n"}
,{"stream_name":"stderr","time":502.152051031,"data":"/kaggle/src/script.py:325: FutureWarning: `torch.cuda.amp.autocast(args...)` is deprecated. Please use `torch.amp.autocast('cuda', args...)` instead.\n"}
,{"stream_name":"stderr","time":502.152120839,"data":"  with torch.cuda.amp.autocast(enabled=DEVICE.type == \"cuda\", dtype=torch.float16):\n"}
,{"stream_name":"stderr","time":502.87300847,"data":"/kaggle/src/script.py:325: FutureWarning: `torch.cuda.amp.autocast(args...)` is deprecated. Please use `torch.amp.autocast('cuda', args...)` instead.\n"}
,{"stream_name":"stderr","time":502.873219795,"data":"  with torch.cuda.amp.autocast(enabled=DEVICE.type == \"cuda\", dtype=torch.float16):\n"}
,{"stream_name":"stderr","time":503.613329571,"data":"/kaggle/src/script.py:325: FutureWarning: `torch.cuda.amp.autocast(args...)` is deprecated. Please use `torch.amp.autocast('cuda', args...)` instead.\n"}
,{"stream_name":"stderr","time":503.613372441,"data":"  with torch.cuda.amp.autocast(enabled=DEVICE.type == \"cuda\", dtype=torch.float16):\n"}
,{"stream_name":"stderr","time":504.26057154,"data":"/kaggle/src/script.py:325: FutureWarning: `torch.cuda.amp.autocast(args...)` is deprecated. Please use `torch.amp.autocast('cuda', args...)` instead.\n"}
,{"stream_name":"stderr","time":504.260612292,"data":"  with torch.cuda.amp.autocast(enabled=DEVICE.type == \"cuda\", dtype=torch.float16):\n"}
,{"stream_name":"stderr","time":504.759836386,"data":"/kaggle/src/script.py:325: FutureWarning: `torch.cuda.amp.autocast(args...)` is deprecated. Please use `torch.amp.autocast('cuda', args...)` instead.\n"}
,{"stream_name":"stderr","time":504.759875866,"data":"  with torch.cuda.amp.autocast(enabled=DEVICE.type == \"cuda\", dtype=torch.float16):\n"}
,{"stream_name":"stdout","time":505.204333525,"data":"epoch=2 session=40/206 step=114 loss=2.2844 ce=1.3777 rank=0.8175 struct=1.2413\n"}
,{"stream_name":"stderr","time":505.205587726,"data":"/kaggle/src/script.py:325: FutureWarning: `torch.cuda.amp.autocast(args...)` is deprecated. Please use `torch.amp.autocast('cuda', args...)` instead.\n"}
,{"stream_name":"stderr","time":505.205615084,"data":"  with torch.cuda.amp.autocast(enabled=DEVICE.type == \"cuda\", dtype=torch.float16):\n"}
,{"stream_name":"stderr","time":505.867007635,"data":"/kaggle/src/script.py:325: FutureWarning: `torch.cuda.amp.autocast(args...)` is deprecated. Please use `torch.amp.autocast('cuda', args...)` instead.\n"}
,{"stream_name":"stderr","time":505.867074585,"data":"  with torch.cuda.amp.autocast(enabled=DEVICE.type == \"cuda\", dtype=torch.float16):\n"}
,{"stream_name":"stderr","time":506.544812287,"data":"/kaggle/src/script.py:325: FutureWarning: `torch.cuda.amp.autocast(args...)` is deprecated. Please use `torch.amp.autocast('cuda', args...)` instead.\n"}
,{"stream_name":"stderr","time":506.544867677,"data":"  with torch.cuda.amp.autocast(enabled=DEVICE.type == \"cuda\", dtype=torch.float16):\n"}
,{"stream_name":"stderr","time":507.169395817,"data":"/kaggle/src/script.py:325: FutureWarning: `torch.cuda.amp.autocast(args...)` is deprecated. Please use `torch.amp.autocast('cuda', args...)` instead.\n"}
,{"stream_name":"stderr","time":507.169494916,"data":"  with torch.cuda.amp.autocast(enabled=DEVICE.type == \"cuda\", dtype=torch.float16):\n"}
,{"stream_name":"stderr","time":507.858347204,"data":"/kaggle/src/script.py:325: FutureWarning: `torch.cuda.amp.autocast(args...)` is deprecated. Please use `torch.amp.autocast('cuda', args...)` instead.\n"}
,{"stream_name":"stderr","time":507.858397073,"data":"  with torch.cuda.amp.autocast(enabled=DEVICE.type == \"cuda\", dtype=torch.float16):\n"}
,{"stream_name":"stderr","time":508.363240069,"data":"/kaggle/src/script.py:325: FutureWarning: `torch.cuda.amp.autocast(args...)` is deprecated. Please use `torch.amp.autocast('cuda', args...)` instead.\n"}
,{"stream_name":"stderr","time":508.363283181,"data":"  with torch.cuda.amp.autocast(enabled=DEVICE.type == \"cuda\", dtype=torch.float16):\n"}
,{"stream_name":"stderr","time":509.08065677,"data":"/kaggle/src/script.py:325: FutureWarning: `torch.cuda.amp.autocast(args...)` is deprecated. Please use `torch.amp.autocast('cuda', args...)` instead.\n"}
,{"stream_name":"stderr","time":509.080714773,"data":"  with torch.cuda.amp.autocast(enabled=DEVICE.type == \"cuda\", dtype=torch.float16):\n"}
,{"stream_name":"stderr","time":509.737570609,"data":"/kaggle/src/script.py:325: FutureWarning: `torch.cuda.amp.autocast(args...)` is deprecated. Please use `torch.amp.autocast('cuda', args...)` instead.\n"}
,{"stream_name":"stderr","time":509.737616452,"data":"  with torch.cuda.amp.autocast(enabled=DEVICE.type == \"cuda\", dtype=torch.float16):\n"}
,{"stream_name":"stderr","time":510.266817667,"data":"/kaggle/src/script.py:325: FutureWarning: `torch.cuda.amp.autocast(args...)` is deprecated. Please use `torch.amp.autocast('cuda', args...)` instead.\n"}
,{"stream_name":"stderr","time":510.266867695,"data":"  with torch.cuda.amp.autocast(enabled=DEVICE.type == \"cuda\", dtype=torch.float16):\n"}
,{"stream_name":"stderr","time":510.729284636,"data":"/kaggle/src/script.py:325: FutureWarning: `torch.cuda.amp.autocast(args...)` is deprecated. Please use `torch.amp.autocast('cuda', args...)` instead.\n"}
,{"stream_name":"stderr","time":510.729332475,"data":"  with torch.cuda.amp.autocast(enabled=DEVICE.type == \"cuda\", dtype=torch.float16):\n"}
,{"stream_name":"stdout","time":511.18837291,"data":"epoch=2 session=50/206 step=116 loss=2.2270 ce=1.4062 rank=0.7746 struct=1.0993\n"}
,{"stream_name":"stderr","time":511.189882406,"data":"/kaggle/src/script.py:325: FutureWarning: `torch.cuda.amp.autocast(args...)` is deprecated. Please use `torch.amp.autocast('cuda', args...)` instead.\n"}
,{"stream_name":"stderr","time":511.189917029,"data":"  with torch.cuda.amp.autocast(enabled=DEVICE.type == \"cuda\", dtype=torch.float16):\n"}
,{"stream_name":"stderr","time":511.901933767,"data":"/kaggle/src/script.py:325: FutureWarning: `torch.cuda.amp.autocast(args...)` is deprecated. Please use `torch.amp.autocast('cuda', args...)` instead.\n"}
,{"stream_name":"stderr","time":511.902020272,"data":"  with torch.cuda.amp.autocast(enabled=DEVICE.type == \"cuda\", dtype=torch.float16):\n"}
,{"stream_name":"stderr","time":512.38668567,"data":"/kaggle/src/script.py:325: FutureWarning: `torch.cuda.amp.autocast(args...)` is deprecated. Please use `torch.amp.autocast('cuda', args...)` instead.\n"}
,{"stream_name":"stderr","time":512.386739005,"data":"  with torch.cuda.amp.autocast(enabled=DEVICE.type == \"cuda\", dtype=torch.float16):\n"}
,{"stream_name":"stderr","time":513.045857876,"data":"/kaggle/src/script.py:325: FutureWarning: `torch.cuda.amp.autocast(args...)` is deprecated. Please use `torch.amp.autocast('cuda', args...)` instead.\n"}
,{"stream_name":"stderr","time":513.045906028,"data":"  with torch.cuda.amp.autocast(enabled=DEVICE.type == \"cuda\", dtype=torch.float16):\n"}
,{"stream_name":"stderr","time":513.516531513,"data":"/kaggle/src/script.py:325: FutureWarning: `torch.cuda.amp.autocast(args...)` is deprecated. Please use `torch.amp.autocast('cuda', args...)` instead.\n"}
,{"stream_name":"stderr","time":513.516577699,"data":"  with torch.cuda.amp.autocast(enabled=DEVICE.type == \"cuda\", dtype=torch.float16):\n"}
,{"stream_name":"stderr","time":514.218752142,"data":"/kaggle/src/script.py:325: FutureWarning: `torch.cuda.amp.autocast(args...)` is deprecated. Please use `torch.amp.autocast('cuda', args...)` instead.\n"}
,{"stream_name":"stderr","time":514.218794987,"data":"  with torch.cuda.amp.autocast(enabled=DEVICE.type == \"cuda\", dtype=torch.float16):\n"}
,{"stream_name":"stderr","time":514.672523096,"data":"/kaggle/src/script.py:325: FutureWarning: `torch.cuda.amp.autocast(args...)` is deprecated. Please use `torch.amp.autocast('cuda', args...)` instead.\n"}
,{"stream_name":"stderr","time":514.672564745,"data":"  with torch.cuda.amp.autocast(enabled=DEVICE.type == \"cuda\", dtype=torch.float16):\n"}
,{"stream_name":"stderr","time":515.361387724,"data":"/kaggle/src/script.py:325: FutureWarning: `torch.cuda.amp.autocast(args...)` is deprecated. Please use `torch.amp.autocast('cuda', args...)` instead.\n"}
,{"stream_name":"stderr","time":515.361447269,"data":"  with torch.cuda.amp.autocast(enabled=DEVICE.type == \"cuda\", dtype=torch.float16):\n"}
,{"stream_name":"stderr","time":515.81053578,"data":"/kaggle/src/script.py:325: FutureWarning: `torch.cuda.amp.autocast(args...)` is deprecated. Please use `torch.amp.autocast('cuda', args...)` instead.\n"}
,{"stream_name":"stderr","time":515.810577524,"data":"  with torch.cuda.amp.autocast(enabled=DEVICE.type == \"cuda\", dtype=torch.float16):\n"}
,{"stream_name":"stderr","time":516.483481384,"data":"/kaggle/src/script.py:325: FutureWarning: `torch.cuda.amp.autocast(args...)` is deprecated. Please use `torch.amp.autocast('cuda', args...)` instead.\n"}
,{"stream_name":"stderr","time":516.483522647,"data":"  with torch.cuda.amp.autocast(enabled=DEVICE.type == \"cuda\", dtype=torch.float16):\n"}
,{"stream_name":"stdout","time":517.139379387,"data":"epoch=2 session=60/206 step=119 loss=2.3312 ce=1.4902 rank=0.7880 struct=1.1305\n"}
,{"stream_name":"stderr","time":517.14077042,"data":"/kaggle/src/script.py:325: FutureWarning: `torch.cuda.amp.autocast(args...)` is deprecated. Please use `torch.amp.autocast('cuda', args...)` instead.\n"}
,{"stream_name":"stderr","time":517.140801609,"data":"  with torch.cuda.amp.autocast(enabled=DEVICE.type == \"cuda\", dtype=torch.float16):\n"}
,{"stream_name":"stderr","time":517.627281418,"data":"/kaggle/src/script.py:325: FutureWarning: `torch.cuda.amp.autocast(args...)` is deprecated. Please use `torch.amp.autocast('cuda', args...)` instead.\n"}
,{"stream_name":"stderr","time":517.627329044,"data":"  with torch.cuda.amp.autocast(enabled=DEVICE.type == \"cuda\", dtype=torch.float16):\n"}
,{"stream_name":"stderr","time":518.100959985,"data":"/kaggle/src/script.py:325: FutureWarning: `torch.cuda.amp.autocast(args...)` is deprecated. Please use `torch.amp.autocast('cuda', args...)` instead.\n"}
,{"stream_name":"stderr","time":518.101007978,"data":"  with torch.cuda.amp.autocast(enabled=DEVICE.type == \"cuda\", dtype=torch.float16):\n"}
,{"stream_name":"stderr","time":518.562348423,"data":"/kaggle/src/script.py:325: FutureWarning: `torch.cuda.amp.autocast(args...)` is deprecated. Please use `torch.amp.autocast('cuda', args...)` instead.\n"}
,{"stream_name":"stderr","time":518.562392242,"data":"  with torch.cuda.amp.autocast(enabled=DEVICE.type == \"cuda\", dtype=torch.float16):\n"}
,{"stream_name":"stderr","time":519.022316803,"data":"/kaggle/src/script.py:325: FutureWarning: `torch.cuda.amp.autocast(args...)` is deprecated. Please use `torch.amp.autocast('cuda', args...)` instead.\n"}
,{"stream_name":"stderr","time":519.02238913,"data":"  with torch.cuda.amp.autocast(enabled=DEVICE.type == \"cuda\", dtype=torch.float16):\n"}
,{"stream_name":"stderr","time":519.502824687,"data":"/kaggle/src/script.py:325: FutureWarning: `torch.cuda.amp.autocast(args...)` is deprecated. Please use `torch.amp.autocast('cuda', args...)` instead.\n"}
,{"stream_name":"stderr","time":519.502866051,"data":"  with torch.cuda.amp.autocast(enabled=DEVICE.type == \"cuda\", dtype=torch.float16):\n"}
,{"stream_name":"stderr","time":519.96154399,"data":"/kaggle/src/script.py:325: FutureWarning: `torch.cuda.amp.autocast(args...)` is deprecated. Please use `torch.amp.autocast('cuda', args...)` instead.\n"}
,{"stream_name":"stderr","time":519.961587146,"data":"  with torch.cuda.amp.autocast(enabled=DEVICE.type == \"cuda\", dtype=torch.float16):\n"}
,{"stream_name":"stderr","time":520.416757306,"data":"/kaggle/src/script.py:325: FutureWarning: `torch.cuda.amp.autocast(args...)` is deprecated. Please use `torch.amp.autocast('cuda', args...)` instead.\n"}
,{"stream_name":"stderr","time":520.41680108,"data":"  with torch.cuda.amp.autocast(enabled=DEVICE.type == \"cuda\", dtype=torch.float16):\n"}
,{"stream_name":"stderr","time":520.871591359,"data":"/kaggle/src/script.py:325: FutureWarning: `torch.cuda.amp.autocast(args...)` is deprecated. Please use `torch.amp.autocast('cuda', args...)` instead.\n"}
,{"stream_name":"stderr","time":520.871649534,"data":"  with torch.cuda.amp.autocast(enabled=DEVICE.type == \"cuda\", dtype=torch.float16):\n"}
,{"stream_name":"stderr","time":521.606153593,"data":"/kaggle/src/script.py:325: FutureWarning: `torch.cuda.amp.autocast(args...)` is deprecated. Please use `torch.amp.autocast('cuda', args...)` instead.\n"}
,{"stream_name":"stderr","time":521.606222622,"data":"  with torch.cuda.amp.autocast(enabled=DEVICE.type == \"cuda\", dtype=torch.float16):\n"}
,{"stream_name":"stdout","time":522.310917345,"data":"epoch=2 session=70/206 step=121 loss=2.4008 ce=1.3702 rank=0.8661 struct=1.4549\n"}
,{"stream_name":"stderr","time":522.312265642,"data":"/kaggle/src/script.py:325: FutureWarning: `torch.cuda.amp.autocast(args...)` is deprecated. Please use `torch.amp.autocast('cuda', args...)` instead.\n"}
,{"stream_name":"stderr","time":522.312290754,"data":"  with torch.cuda.amp.autocast(enabled=DEVICE.type == \"cuda\", dtype=torch.float16):\n"}
,{"stream_name":"stderr","time":522.923186295,"data":"/kaggle/src/script.py:325: FutureWarning: `torch.cuda.amp.autocast(args...)` is deprecated. Please use `torch.amp.autocast('cuda', args...)` instead.\n"}
,{"stream_name":"stderr","time":522.923242306,"data":"  with torch.cuda.amp.autocast(enabled=DEVICE.type == \"cuda\", dtype=torch.float16):\n"}
,{"stream_name":"stderr","time":523.374561666,"data":"/kaggle/src/script.py:325: FutureWarning: `torch.cuda.amp.autocast(args...)` is deprecated. Please use `torch.amp.autocast('cuda', args...)` instead.\n"}
,{"stream_name":"stderr","time":523.374605094,"data":"  with torch.cuda.amp.autocast(enabled=DEVICE.type == \"cuda\", dtype=torch.float16):\n"}
,{"stream_name":"stderr","time":523.813994574,"data":"/kaggle/src/script.py:325: FutureWarning: `torch.cuda.amp.autocast(args...)` is deprecated. Please use `torch.amp.autocast('cuda', args...)` instead.\n"}
,{"stream_name":"stderr","time":523.814037649,"data":"  with torch.cuda.amp.autocast(enabled=DEVICE.type == \"cuda\", dtype=torch.float16):\n"}
,{"stream_name":"stderr","time":524.282847727,"data":"/kaggle/src/script.py:325: FutureWarning: `torch.cuda.amp.autocast(args...)` is deprecated. Please use `torch.amp.autocast('cuda', args...)` instead.\n"}
,{"stream_name":"stderr","time":524.282910622,"data":"  with torch.cuda.amp.autocast(enabled=DEVICE.type == \"cuda\", dtype=torch.float16):\n"}
,{"stream_name":"stderr","time":524.949802474,"data":"/kaggle/src/script.py:325: FutureWarning: `torch.cuda.amp.autocast(args...)` is deprecated. Please use `torch.amp.autocast('cuda', args...)` instead.\n"}
,{"stream_name":"stderr","time":524.949848677,"data":"  with torch.cuda.amp.autocast(enabled=DEVICE.type == \"cuda\", dtype=torch.float16):\n"}
,{"stream_name":"stderr","time":525.612500723,"data":"/kaggle/src/script.py:325: FutureWarning: `torch.cuda.amp.autocast(args...)` is deprecated. Please use `torch.amp.autocast('cuda', args...)` instead.\n"}
,{"stream_name":"stderr","time":525.612543729,"data":"  with torch.cuda.amp.autocast(enabled=DEVICE.type == \"cuda\", dtype=torch.float16):\n"}
,{"stream_name":"stderr","time":526.090865414,"data":"/kaggle/src/script.py:325: FutureWarning: `torch.cuda.amp.autocast(args...)` is deprecated. Please use `torch.amp.autocast('cuda', args...)` instead.\n"}
,{"stream_name":"stderr","time":526.090906194,"data":"  with torch.cuda.amp.autocast(enabled=DEVICE.type == \"cuda\", dtype=torch.float16):\n"}
,{"stream_name":"stderr","time":526.568555928,"data":"/kaggle/src/script.py:325: FutureWarning: `torch.cuda.amp.autocast(args...)` is deprecated. Please use `torch.amp.autocast('cuda', args...)` instead.\n"}
,{"stream_name":"stderr","time":526.568602582,"data":"  with torch.cuda.amp.autocast(enabled=DEVICE.type == \"cuda\", dtype=torch.float16):\n"}
,{"stream_name":"stderr","time":527.233284087,"data":"/kaggle/src/script.py:325: FutureWarning: `torch.cuda.amp.autocast(args...)` is deprecated. Please use `torch.amp.autocast('cuda', args...)` instead.\n"}
,{"stream_name":"stderr","time":527.233345103,"data":"  with torch.cuda.amp.autocast(enabled=DEVICE.type == \"cuda\", dtype=torch.float16):\n"}
,{"stream_name":"stdout","time":527.907069475,"data":"epoch=2 session=80/206 step=124 loss=2.0741 ce=1.2949 rank=0.7905 struct=1.0051\n"}
,{"stream_name":"stderr","time":527.908375506,"data":"/kaggle/src/script.py:325: FutureWarning: `torch.cuda.amp.autocast(args...)` is deprecated. Please use `torch.amp.autocast('cuda', args...)` instead.\n"}
,{"stream_name":"stderr","time":527.908406572,"data":"  with torch.cuda.amp.autocast(enabled=DEVICE.type == \"cuda\", dtype=torch.float16):\n"}
,{"stream_name":"stderr","time":528.571123667,"data":"/kaggle/src/script.py:325: FutureWarning: `torch.cuda.amp.autocast(args...)` is deprecated. Please use `torch.amp.autocast('cuda', args...)` instead.\n"}
,{"stream_name":"stderr","time":528.57116379,"data":"  with torch.cuda.amp.autocast(enabled=DEVICE.type == \"cuda\", dtype=torch.float16):\n"}
,{"stream_name":"stderr","time":529.255929427,"data":"/kaggle/src/script.py:325: FutureWarning: `torch.cuda.amp.autocast(args...)` is deprecated. Please use `torch.amp.autocast('cuda', args...)` instead.\n"}
,{"stream_name":"stderr","time":529.256033441,"data":"  with torch.cuda.amp.autocast(enabled=DEVICE.type == \"cuda\", dtype=torch.float16):\n"}
,{"stream_name":"stderr","time":529.791117781,"data":"/kaggle/src/script.py:325: FutureWarning: `torch.cuda.amp.autocast(args...)` is deprecated. Please use `torch.amp.autocast('cuda', args...)` instead.\n"}
,{"stream_name":"stderr","time":529.79119081,"data":"  with torch.cuda.amp.autocast(enabled=DEVICE.type == \"cuda\", dtype=torch.float16):\n"}
,{"stream_name":"stderr","time":530.442359081,"data":"/kaggle/src/script.py:325: FutureWarning: `torch.cuda.amp.autocast(args...)` is deprecated. Please use `torch.amp.autocast('cuda', args...)` instead.\n"}
,{"stream_name":"stderr","time":530.442408575,"data":"  with torch.cuda.amp.autocast(enabled=DEVICE.type == \"cuda\", dtype=torch.float16):\n"}
,{"stream_name":"stderr","time":531.135077129,"data":"/kaggle/src/script.py:325: FutureWarning: `torch.cuda.amp.autocast(args...)` is deprecated. Please use `torch.amp.autocast('cuda', args...)` instead.\n"}
,{"stream_name":"stderr","time":531.135147809,"data":"  with torch.cuda.amp.autocast(enabled=DEVICE.type == \"cuda\", dtype=torch.float16):\n"}
,{"stream_name":"stderr","time":531.873500909,"data":"/kaggle/src/script.py:325: FutureWarning: `torch.cuda.amp.autocast(args...)` is deprecated. Please use `torch.amp.autocast('cuda', args...)` instead.\n"}
,{"stream_name":"stderr","time":531.873566262,"data":"  with torch.cuda.amp.autocast(enabled=DEVICE.type == \"cuda\", dtype=torch.float16):\n"}
,{"stream_name":"stderr","time":532.582823536,"data":"/kaggle/src/script.py:325: FutureWarning: `torch.cuda.amp.autocast(args...)` is deprecated. Please use `torch.amp.autocast('cuda', args...)` instead.\n"}
,{"stream_name":"stderr","time":532.582863126,"data":"  with torch.cuda.amp.autocast(enabled=DEVICE.type == \"cuda\", dtype=torch.float16):\n"}
,{"stream_name":"stderr","time":533.074925838,"data":"/kaggle/src/script.py:325: FutureWarning: `torch.cuda.amp.autocast(args...)` is deprecated. Please use `torch.amp.autocast('cuda', args...)` instead.\n"}
,{"stream_name":"stderr","time":533.074967516,"data":"  with torch.cuda.amp.autocast(enabled=DEVICE.type == \"cuda\", dtype=torch.float16):\n"}
,{"stream_name":"stderr","time":533.775687458,"data":"/kaggle/src/script.py:325: FutureWarning: `torch.cuda.amp.autocast(args...)` is deprecated. Please use `torch.amp.autocast('cuda', args...)` instead.\n"}
,{"stream_name":"stderr","time":533.775729395,"data":"  with torch.cuda.amp.autocast(enabled=DEVICE.type == \"cuda\", dtype=torch.float16):\n"}
,{"stream_name":"stdout","time":534.449619412,"data":"epoch=2 session=90/206 step=126 loss=2.0547 ce=1.4323 rank=0.7579 struct=0.7142\n"}
,{"stream_name":"stderr","time":534.451098989,"data":"/kaggle/src/script.py:325: FutureWarning: `torch.cuda.amp.autocast(args...)` is deprecated. Please use `torch.amp.autocast('cuda', args...)` instead.\n"}
,{"stream_name":"stderr","time":534.4511313,"data":"  with torch.cuda.amp.autocast(enabled=DEVICE.type == \"cuda\", dtype=torch.float16):\n"}
,{"stream_name":"stderr","time":534.92012082,"data":"/kaggle/src/script.py:325: FutureWarning: `torch.cuda.amp.autocast(args...)` is deprecated. Please use `torch.amp.autocast('cuda', args...)` instead.\n"}
,{"stream_name":"stderr","time":534.920166208,"data":"  with torch.cuda.amp.autocast(enabled=DEVICE.type == \"cuda\", dtype=torch.float16):\n"}
,{"stream_name":"stderr","time":535.607620011,"data":"/kaggle/src/script.py:325: FutureWarning: `torch.cuda.amp.autocast(args...)` is deprecated. Please use `torch.amp.autocast('cuda', args...)` instead.\n"}
,{"stream_name":"stderr","time":535.607676887,"data":"  with torch.cuda.amp.autocast(enabled=DEVICE.type == \"cuda\", dtype=torch.float16):\n"}
,{"stream_name":"stderr","time":536.116200295,"data":"/kaggle/src/script.py:325: FutureWarning: `torch.cuda.amp.autocast(args...)` is deprecated. Please use `torch.amp.autocast('cuda', args...)` instead.\n"}
,{"stream_name":"stderr","time":536.116247854,"data":"  with torch.cuda.amp.autocast(enabled=DEVICE.type == \"cuda\", dtype=torch.float16):\n"}
,{"stream_name":"stderr","time":536.770059406,"data":"/kaggle/src/script.py:325: FutureWarning: `torch.cuda.amp.autocast(args...)` is deprecated. Please use `torch.amp.autocast('cuda', args...)` instead.\n"}
,{"stream_name":"stderr","time":536.770104326,"data":"  with torch.cuda.amp.autocast(enabled=DEVICE.type == \"cuda\", dtype=torch.float16):\n"}
,{"stream_name":"stderr","time":537.478618386,"data":"/kaggle/src/script.py:325: FutureWarning: `torch.cuda.amp.autocast(args...)` is deprecated. Please use `torch.amp.autocast('cuda', args...)` instead.\n"}
,{"stream_name":"stderr","time":537.478661292,"data":"  with torch.cuda.amp.autocast(enabled=DEVICE.type == \"cuda\", dtype=torch.float16):\n"}
,{"stream_name":"stderr","time":537.979232576,"data":"/kaggle/src/script.py:325: FutureWarning: `torch.cuda.amp.autocast(args...)` is deprecated. Please use `torch.amp.autocast('cuda', args...)` instead.\n"}
,{"stream_name":"stderr","time":537.979272307,"data":"  with torch.cuda.amp.autocast(enabled=DEVICE.type == \"cuda\", dtype=torch.float16):\n"}
,{"stream_name":"stderr","time":538.451677739,"data":"/kaggle/src/script.py:325: FutureWarning: `torch.cuda.amp.autocast(args...)` is deprecated. Please use `torch.amp.autocast('cuda', args...)` instead.\n"}
,{"stream_name":"stderr","time":538.451719439,"data":"  with torch.cuda.amp.autocast(enabled=DEVICE.type == \"cuda\", dtype=torch.float16):\n"}
,{"stream_name":"stderr","time":539.152662092,"data":"/kaggle/src/script.py:325: FutureWarning: `torch.cuda.amp.autocast(args...)` is deprecated. Please use `torch.amp.autocast('cuda', args...)` instead.\n"}
,{"stream_name":"stderr","time":539.152704915,"data":"  with torch.cuda.amp.autocast(enabled=DEVICE.type == \"cuda\", dtype=torch.float16):\n"}
,{"stream_name":"stderr","time":539.662724193,"data":"/kaggle/src/script.py:325: FutureWarning: `torch.cuda.amp.autocast(args...)` is deprecated. Please use `torch.amp.autocast('cuda', args...)` instead.\n"}
,{"stream_name":"stderr","time":539.662790382,"data":"  with torch.cuda.amp.autocast(enabled=DEVICE.type == \"cuda\", dtype=torch.float16):\n"}
,{"stream_name":"stdout","time":540.174468831,"data":"epoch=2 session=100/206 step=129 loss=2.1283 ce=1.2971 rank=0.8050 struct=1.0988\n"}
,{"stream_name":"stderr","time":540.175702157,"data":"/kaggle/src/script.py:325: FutureWarning: `torch.cuda.amp.autocast(args...)` is deprecated. Please use `torch.amp.autocast('cuda', args...)` instead.\n"}
,{"stream_name":"stderr","time":540.175731737,"data":"  with torch.cuda.amp.autocast(enabled=DEVICE.type == \"cuda\", dtype=torch.float16):\n"}
,{"stream_name":"stderr","time":540.823119054,"data":"/kaggle/src/script.py:325: FutureWarning: `torch.cuda.amp.autocast(args...)` is deprecated. Please use `torch.amp.autocast('cuda', args...)` instead.\n"}
,{"stream_name":"stderr","time":540.823190447,"data":"  with torch.cuda.amp.autocast(enabled=DEVICE.type == \"cuda\", dtype=torch.float16):\n"}
,{"stream_name":"stderr","time":541.308554857,"data":"/kaggle/src/script.py:325: FutureWarning: `torch.cuda.amp.autocast(args...)` is deprecated. Please use `torch.amp.autocast('cuda', args...)` instead.\n"}
,{"stream_name":"stderr","time":541.308585553,"data":"  with torch.cuda.amp.autocast(enabled=DEVICE.type == \"cuda\", dtype=torch.float16):\n"}
,{"stream_name":"stderr","time":541.962660633,"data":"/kaggle/src/script.py:325: FutureWarning: `torch.cuda.amp.autocast(args...)` is deprecated. Please use `torch.amp.autocast('cuda', args...)` instead.\n"}
,{"stream_name":"stderr","time":541.96271996,"data":"  with torch.cuda.amp.autocast(enabled=DEVICE.type == \"cuda\", dtype=torch.float16):\n"}
,{"stream_name":"stderr","time":542.632261534,"data":"/kaggle/src/script.py:325: FutureWarning: `torch.cuda.amp.autocast(args...)` is deprecated. Please use `torch.amp.autocast('cuda', args...)` instead.\n"}
,{"stream_name":"stderr","time":542.632299875,"data":"  with torch.cuda.amp.autocast(enabled=DEVICE.type == \"cuda\", dtype=torch.float16):\n"}
,{"stream_name":"stderr","time":543.085521193,"data":"/kaggle/src/script.py:325: FutureWarning: `torch.cuda.amp.autocast(args...)` is deprecated. Please use `torch.amp.autocast('cuda', args...)` instead.\n"}
,{"stream_name":"stderr","time":543.085567141,"data":"  with torch.cuda.amp.autocast(enabled=DEVICE.type == \"cuda\", dtype=torch.float16):\n"}
,{"stream_name":"stderr","time":543.742242981,"data":"/kaggle/src/script.py:325: FutureWarning: `torch.cuda.amp.autocast(args...)` is deprecated. Please use `torch.amp.autocast('cuda', args...)` instead.\n"}
,{"stream_name":"stderr","time":543.742297674,"data":"  with torch.cuda.amp.autocast(enabled=DEVICE.type == \"cuda\", dtype=torch.float16):\n"}
,{"stream_name":"stderr","time":544.236576631,"data":"/kaggle/src/script.py:325: FutureWarning: `torch.cuda.amp.autocast(args...)` is deprecated. Please use `torch.amp.autocast('cuda', args...)` instead.\n"}
,{"stream_name":"stderr","time":544.236618747,"data":"  with torch.cuda.amp.autocast(enabled=DEVICE.type == \"cuda\", dtype=torch.float16):\n"}
,{"stream_name":"stderr","time":544.719353992,"data":"/kaggle/src/script.py:325: FutureWarning: `torch.cuda.amp.autocast(args...)` is deprecated. Please use `torch.amp.autocast('cuda', args...)` instead.\n"}
,{"stream_name":"stderr","time":544.719404374,"data":"  with torch.cuda.amp.autocast(enabled=DEVICE.type == \"cuda\", dtype=torch.float16):\n"}
,{"stream_name":"stderr","time":545.189855673,"data":"/kaggle/src/script.py:325: FutureWarning: `torch.cuda.amp.autocast(args...)` is deprecated. Please use `torch.amp.autocast('cuda', args...)` instead.\n"}
,{"stream_name":"stderr","time":545.1899075,"data":"  with torch.cuda.amp.autocast(enabled=DEVICE.type == \"cuda\", dtype=torch.float16):\n"}
,{"stream_name":"stdout","time":545.848504207,"data":"epoch=2 session=110/206 step=131 loss=2.1903 ce=1.3872 rank=0.7759 struct=1.0630\n"}
,{"stream_name":"stderr","time":545.849891054,"data":"/kaggle/src/script.py:325: FutureWarning: `torch.cuda.amp.autocast(args...)` is deprecated. Please use `torch.amp.autocast('cuda', args...)` instead.\n"}
,{"stream_name":"stderr","time":545.849914948,"data":"  with torch.cuda.amp.autocast(enabled=DEVICE.type == \"cuda\", dtype=torch.float16):\n"}
,{"stream_name":"stderr","time":546.514322569,"data":"/kaggle/src/script.py:325: FutureWarning: `torch.cuda.amp.autocast(args...)` is deprecated. Please use `torch.amp.autocast('cuda', args...)` instead.\n"}
,{"stream_name":"stderr","time":546.514371704,"data":"  with torch.cuda.amp.autocast(enabled=DEVICE.type == \"cuda\", dtype=torch.float16):\n"}
,{"stream_name":"stderr","time":546.977137883,"data":"/kaggle/src/script.py:325: FutureWarning: `torch.cuda.amp.autocast(args...)` is deprecated. Please use `torch.amp.autocast('cuda', args...)` instead.\n"}
,{"stream_name":"stderr","time":546.977273165,"data":"  with torch.cuda.amp.autocast(enabled=DEVICE.type == \"cuda\", dtype=torch.float16):\n"}
,{"stream_name":"stderr","time":547.439439118,"data":"/kaggle/src/script.py:325: FutureWarning: `torch.cuda.amp.autocast(args...)` is deprecated. Please use `torch.amp.autocast('cuda', args...)` instead.\n"}
,{"stream_name":"stderr","time":547.439480044,"data":"  with torch.cuda.amp.autocast(enabled=DEVICE.type == \"cuda\", dtype=torch.float16):\n"}
,{"stream_name":"stderr","time":548.085296965,"data":"/kaggle/src/script.py:325: FutureWarning: `torch.cuda.amp.autocast(args...)` is deprecated. Please use `torch.amp.autocast('cuda', args...)` instead.\n"}
,{"stream_name":"stderr","time":548.085338691,"data":"  with torch.cuda.amp.autocast(enabled=DEVICE.type == \"cuda\", dtype=torch.float16):\n"}
,{"stream_name":"stderr","time":548.777733193,"data":"/kaggle/src/script.py:325: FutureWarning: `torch.cuda.amp.autocast(args...)` is deprecated. Please use `torch.amp.autocast('cuda', args...)` instead.\n"}
,{"stream_name":"stderr","time":548.77778079,"data":"  with torch.cuda.amp.autocast(enabled=DEVICE.type == \"cuda\", dtype=torch.float16):\n"}
,{"stream_name":"stderr","time":549.30134614,"data":"/kaggle/src/script.py:325: FutureWarning: `torch.cuda.amp.autocast(args...)` is deprecated. Please use `torch.amp.autocast('cuda', args...)` instead.\n"}
,{"stream_name":"stderr","time":549.301414003,"data":"  with torch.cuda.amp.autocast(enabled=DEVICE.type == \"cuda\", dtype=torch.float16):\n"}
,{"stream_name":"stderr","time":549.763810164,"data":"/kaggle/src/script.py:325: FutureWarning: `torch.cuda.amp.autocast(args...)` is deprecated. Please use `torch.amp.autocast('cuda', args...)` instead.\n"}
,{"stream_name":"stderr","time":549.763847441,"data":"  with torch.cuda.amp.autocast(enabled=DEVICE.type == \"cuda\", dtype=torch.float16):\n"}
,{"stream_name":"stderr","time":550.2238363,"data":"/kaggle/src/script.py:325: FutureWarning: `torch.cuda.amp.autocast(args...)` is deprecated. Please use `torch.amp.autocast('cuda', args...)` instead.\n"}
,{"stream_name":"stderr","time":550.223882052,"data":"  with torch.cuda.amp.autocast(enabled=DEVICE.type == \"cuda\", dtype=torch.float16):\n"}
,{"stream_name":"stderr","time":550.685528757,"data":"/kaggle/src/script.py:325: FutureWarning: `torch.cuda.amp.autocast(args...)` is deprecated. Please use `torch.amp.autocast('cuda', args...)` instead.\n"}
,{"stream_name":"stderr","time":550.685584011,"data":"  with torch.cuda.amp.autocast(enabled=DEVICE.type == \"cuda\", dtype=torch.float16):\n"}
,{"stream_name":"stdout","time":551.166028963,"data":"epoch=2 session=120/206 step=134 loss=2.4382 ce=1.3952 rank=0.7747 struct=1.5438\n"}
,{"stream_name":"stderr","time":551.167339247,"data":"/kaggle/src/script.py:325: FutureWarning: `torch.cuda.amp.autocast(args...)` is deprecated. Please use `torch.amp.autocast('cuda', args...)` instead.\n"}
,{"stream_name":"stderr","time":551.167370279,"data":"  with torch.cuda.amp.autocast(enabled=DEVICE.type == \"cuda\", dtype=torch.float16):\n"}
,{"stream_name":"stderr","time":551.687801455,"data":"/kaggle/src/script.py:325: FutureWarning: `torch.cuda.amp.autocast(args...)` is deprecated. Please use `torch.amp.autocast('cuda', args...)` instead.\n"}
,{"stream_name":"stderr","time":551.687845978,"data":"  with torch.cuda.amp.autocast(enabled=DEVICE.type == \"cuda\", dtype=torch.float16):\n"}
,{"stream_name":"stderr","time":552.175549485,"data":"/kaggle/src/script.py:325: FutureWarning: `torch.cuda.amp.autocast(args...)` is deprecated. Please use `torch.amp.autocast('cuda', args...)` instead.\n"}
,{"stream_name":"stderr","time":552.175591964,"data":"  with torch.cuda.amp.autocast(enabled=DEVICE.type == \"cuda\", dtype=torch.float16):\n"}
,{"stream_name":"stderr","time":552.636157471,"data":"/kaggle/src/script.py:325: FutureWarning: `torch.cuda.amp.autocast(args...)` is deprecated. Please use `torch.amp.autocast('cuda', args...)` instead.\n"}
,{"stream_name":"stderr","time":552.63623803,"data":"  with torch.cuda.amp.autocast(enabled=DEVICE.type == \"cuda\", dtype=torch.float16):\n"}
,{"stream_name":"stderr","time":553.277756529,"data":"/kaggle/src/script.py:325: FutureWarning: `torch.cuda.amp.autocast(args...)` is deprecated. Please use `torch.amp.autocast('cuda', args...)` instead.\n"}
,{"stream_name":"stderr","time":553.277803018,"data":"  with torch.cuda.amp.autocast(enabled=DEVICE.type == \"cuda\", dtype=torch.float16):\n"}
,{"stream_name":"stderr","time":553.755333481,"data":"/kaggle/src/script.py:325: FutureWarning: `torch.cuda.amp.autocast(args...)` is deprecated. Please use `torch.amp.autocast('cuda', args...)` instead.\n"}
,{"stream_name":"stderr","time":553.755377524,"data":"  with torch.cuda.amp.autocast(enabled=DEVICE.type == \"cuda\", dtype=torch.float16):\n"}
,{"stream_name":"stderr","time":554.260761796,"data":"/kaggle/src/script.py:325: FutureWarning: `torch.cuda.amp.autocast(args...)` is deprecated. Please use `torch.amp.autocast('cuda', args...)` instead.\n"}
,{"stream_name":"stderr","time":554.260820196,"data":"  with torch.cuda.amp.autocast(enabled=DEVICE.type == \"cuda\", dtype=torch.float16):\n"}
,{"stream_name":"stderr","time":554.896870432,"data":"/kaggle/src/script.py:325: FutureWarning: `torch.cuda.amp.autocast(args...)` is deprecated. Please use `torch.amp.autocast('cuda', args...)` instead.\n"}
,{"stream_name":"stderr","time":554.896934569,"data":"  with torch.cuda.amp.autocast(enabled=DEVICE.type == \"cuda\", dtype=torch.float16):\n"}
,{"stream_name":"stderr","time":555.374477371,"data":"/kaggle/src/script.py:325: FutureWarning: `torch.cuda.amp.autocast(args...)` is deprecated. Please use `torch.amp.autocast('cuda', args...)` instead.\n"}
,{"stream_name":"stderr","time":555.374537859,"data":"  with torch.cuda.amp.autocast(enabled=DEVICE.type == \"cuda\", dtype=torch.float16):\n"}
,{"stream_name":"stderr","time":556.01223575,"data":"/kaggle/src/script.py:325: FutureWarning: `torch.cuda.amp.autocast(args...)` is deprecated. Please use `torch.amp.autocast('cuda', args...)` instead.\n"}
,{"stream_name":"stderr","time":556.012276164,"data":"  with torch.cuda.amp.autocast(enabled=DEVICE.type == \"cuda\", dtype=torch.float16):\n"}
,{"stream_name":"stdout","time":556.524566977,"data":"epoch=2 session=130/206 step=136 loss=2.2722 ce=1.3698 rank=0.7330 struct=1.2917\n"}
,{"stream_name":"stderr","time":556.525960786,"data":"/kaggle/src/script.py:325: FutureWarning: `torch.cuda.amp.autocast(args...)` is deprecated. Please use `torch.amp.autocast('cuda', args...)` instead.\n"}
,{"stream_name":"stderr","time":556.525984258,"data":"  with torch.cuda.amp.autocast(enabled=DEVICE.type == \"cuda\", dtype=torch.float16):\n"}
,{"stream_name":"stderr","time":557.172275547,"data":"/kaggle/src/script.py:325: FutureWarning: `torch.cuda.amp.autocast(args...)` is deprecated. Please use `torch.amp.autocast('cuda', args...)` instead.\n"}
,{"stream_name":"stderr","time":557.172329791,"data":"  with torch.cuda.amp.autocast(enabled=DEVICE.type == \"cuda\", dtype=torch.float16):\n"}
,{"stream_name":"stderr","time":557.651105086,"data":"/kaggle/src/script.py:325: FutureWarning: `torch.cuda.amp.autocast(args...)` is deprecated. Please use `torch.amp.autocast('cuda', args...)` instead.\n"}
,{"stream_name":"stderr","time":557.651150374,"data":"  with torch.cuda.amp.autocast(enabled=DEVICE.type == \"cuda\", dtype=torch.float16):\n"}
,{"stream_name":"stderr","time":558.290392998,"data":"/kaggle/src/script.py:325: FutureWarning: `torch.cuda.amp.autocast(args...)` is deprecated. Please use `torch.amp.autocast('cuda', args...)` instead.\n"}
,{"stream_name":"stderr","time":558.290437248,"data":"  with torch.cuda.amp.autocast(enabled=DEVICE.type == \"cuda\", dtype=torch.float16):\n"}
,{"stream_name":"stderr","time":559.003703685,"data":"/kaggle/src/script.py:325: FutureWarning: `torch.cuda.amp.autocast(args...)` is deprecated. Please use `torch.amp.autocast('cuda', args...)` instead.\n"}
,{"stream_name":"stderr","time":559.003778639,"data":"  with torch.cuda.amp.autocast(enabled=DEVICE.type == \"cuda\", dtype=torch.float16):\n"}
,{"stream_name":"stderr","time":559.701262598,"data":"/kaggle/src/script.py:325: FutureWarning: `torch.cuda.amp.autocast(args...)` is deprecated. Please use `torch.amp.autocast('cuda', args...)` instead.\n"}
,{"stream_name":"stderr","time":559.701308929,"data":"  with torch.cuda.amp.autocast(enabled=DEVICE.type == \"cuda\", dtype=torch.float16):\n"}
,{"stream_name":"stderr","time":560.40594915,"data":"/kaggle/src/script.py:325: FutureWarning: `torch.cuda.amp.autocast(args...)` is deprecated. Please use `torch.amp.autocast('cuda', args...)` instead.\n"}
,{"stream_name":"stderr","time":560.405991523,"data":"  with torch.cuda.amp.autocast(enabled=DEVICE.type == \"cuda\", dtype=torch.float16):\n"}
,{"stream_name":"stderr","time":560.87787681,"data":"/kaggle/src/script.py:325: FutureWarning: `torch.cuda.amp.autocast(args...)` is deprecated. Please use `torch.amp.autocast('cuda', args...)` instead.\n"}
,{"stream_name":"stderr","time":560.877938836,"data":"  with torch.cuda.amp.autocast(enabled=DEVICE.type == \"cuda\", dtype=torch.float16):\n"}
,{"stream_name":"stderr","time":561.618409792,"data":"/kaggle/src/script.py:325: FutureWarning: `torch.cuda.amp.autocast(args...)` is deprecated. Please use `torch.amp.autocast('cuda', args...)` instead.\n"}
,{"stream_name":"stderr","time":561.618448662,"data":"  with torch.cuda.amp.autocast(enabled=DEVICE.type == \"cuda\", dtype=torch.float16):\n"}
,{"stream_name":"stderr","time":562.335310777,"data":"/kaggle/src/script.py:325: FutureWarning: `torch.cuda.amp.autocast(args...)` is deprecated. Please use `torch.amp.autocast('cuda', args...)` instead.\n"}
,{"stream_name":"stderr","time":562.335361903,"data":"  with torch.cuda.amp.autocast(enabled=DEVICE.type == \"cuda\", dtype=torch.float16):\n"}
,{"stream_name":"stdout","time":563.042596736,"data":"epoch=2 session=140/206 step=139 loss=2.2694 ce=1.4606 rank=0.8105 struct=1.0502\n"}
,{"stream_name":"stderr","time":563.043832478,"data":"/kaggle/src/script.py:325: FutureWarning: `torch.cuda.amp.autocast(args...)` is deprecated. Please use `torch.amp.autocast('cuda', args...)` instead.\n"}
,{"stream_name":"stderr","time":563.0438634,"data":"  with torch.cuda.amp.autocast(enabled=DEVICE.type == \"cuda\", dtype=torch.float16):\n"}
,{"stream_name":"stderr","time":563.720193558,"data":"/kaggle/src/script.py:325: FutureWarning: `torch.cuda.amp.autocast(args...)` is deprecated. Please use `torch.amp.autocast('cuda', args...)` instead.\n"}
,{"stream_name":"stderr","time":563.720235513,"data":"  with torch.cuda.amp.autocast(enabled=DEVICE.type == \"cuda\", dtype=torch.float16):\n"}
,{"stream_name":"stderr","time":564.190257386,"data":"/kaggle/src/script.py:325: FutureWarning: `torch.cuda.amp.autocast(args...)` is deprecated. Please use `torch.amp.autocast('cuda', args...)` instead.\n"}
,{"stream_name":"stderr","time":564.190298935,"data":"  with torch.cuda.amp.autocast(enabled=DEVICE.type == \"cuda\", dtype=torch.float16):\n"}
,{"stream_name":"stderr","time":564.695757559,"data":"/kaggle/src/script.py:325: FutureWarning: `torch.cuda.amp.autocast(args...)` is deprecated. Please use `torch.amp.autocast('cuda', args...)` instead.\n"}
,{"stream_name":"stderr","time":564.695796633,"data":"  with torch.cuda.amp.autocast(enabled=DEVICE.type == \"cuda\", dtype=torch.float16):\n"}
,{"stream_name":"stderr","time":565.183982807,"data":"/kaggle/src/script.py:325: FutureWarning: `torch.cuda.amp.autocast(args...)` is deprecated. Please use `torch.amp.autocast('cuda', args...)` instead.\n"}
,{"stream_name":"stderr","time":565.184031248,"data":"  with torch.cuda.amp.autocast(enabled=DEVICE.type == \"cuda\", dtype=torch.float16):\n"}
,{"stream_name":"stderr","time":565.656461954,"data":"/kaggle/src/script.py:325: FutureWarning: `torch.cuda.amp.autocast(args...)` is deprecated. Please use `torch.amp.autocast('cuda', args...)` instead.\n"}
,{"stream_name":"stderr","time":565.656514679,"data":"  with torch.cuda.amp.autocast(enabled=DEVICE.type == \"cuda\", dtype=torch.float16):\n"}
,{"stream_name":"stderr","time":566.326802649,"data":"/kaggle/src/script.py:325: FutureWarning: `torch.cuda.amp.autocast(args...)` is deprecated. Please use `torch.amp.autocast('cuda', args...)` instead.\n"}
,{"stream_name":"stderr","time":566.326835777,"data":"  with torch.cuda.amp.autocast(enabled=DEVICE.type == \"cuda\", dtype=torch.float16):\n"}
,{"stream_name":"stderr","time":566.846839737,"data":"/kaggle/src/script.py:325: FutureWarning: `torch.cuda.amp.autocast(args...)` is deprecated. Please use `torch.amp.autocast('cuda', args...)` instead.\n"}
,{"stream_name":"stderr","time":566.846880533,"data":"  with torch.cuda.amp.autocast(enabled=DEVICE.type == \"cuda\", dtype=torch.float16):\n"}
,{"stream_name":"stderr","time":567.491360148,"data":"/kaggle/src/script.py:325: FutureWarning: `torch.cuda.amp.autocast(args...)` is deprecated. Please use `torch.amp.autocast('cuda', args...)` instead.\n"}
,{"stream_name":"stderr","time":567.491431927,"data":"  with torch.cuda.amp.autocast(enabled=DEVICE.type == \"cuda\", dtype=torch.float16):\n"}
,{"stream_name":"stderr","time":568.152115636,"data":"/kaggle/src/script.py:325: FutureWarning: `torch.cuda.amp.autocast(args...)` is deprecated. Please use `torch.amp.autocast('cuda', args...)` instead.\n"}
,{"stream_name":"stderr","time":568.152216921,"data":"  with torch.cuda.amp.autocast(enabled=DEVICE.type == \"cuda\", dtype=torch.float16):\n"}
,{"stream_name":"stdout","time":568.641822547,"data":"epoch=2 session=150/206 step=141 loss=2.5110 ce=1.5128 rank=0.8003 struct=1.4363\n"}
,{"stream_name":"stderr","time":568.643184762,"data":"/kaggle/src/script.py:325: FutureWarning: `torch.cuda.amp.autocast(args...)` is deprecated. Please use `torch.amp.autocast('cuda', args...)` instead.\n"}
,{"stream_name":"stderr","time":568.643215645,"data":"  with torch.cuda.amp.autocast(enabled=DEVICE.type == \"cuda\", dtype=torch.float16):\n"}
,{"stream_name":"stderr","time":569.354427547,"data":"/kaggle/src/script.py:325: FutureWarning: `torch.cuda.amp.autocast(args...)` is deprecated. Please use `torch.amp.autocast('cuda', args...)` instead.\n"}
,{"stream_name":"stderr","time":569.354468007,"data":"  with torch.cuda.amp.autocast(enabled=DEVICE.type == \"cuda\", dtype=torch.float16):\n"}
,{"stream_name":"stderr","time":570.045807216,"data":"/kaggle/src/script.py:325: FutureWarning: `torch.cuda.amp.autocast(args...)` is deprecated. Please use `torch.amp.autocast('cuda', args...)` instead.\n"}
,{"stream_name":"stderr","time":570.045851181,"data":"  with torch.cuda.amp.autocast(enabled=DEVICE.type == \"cuda\", dtype=torch.float16):\n"}
,{"stream_name":"stderr","time":570.536332881,"data":"/kaggle/src/script.py:325: FutureWarning: `torch.cuda.amp.autocast(args...)` is deprecated. Please use `torch.amp.autocast('cuda', args...)` instead.\n"}
,{"stream_name":"stderr","time":570.536375718,"data":"  with torch.cuda.amp.autocast(enabled=DEVICE.type == \"cuda\", dtype=torch.float16):\n"}
,{"stream_name":"stderr","time":571.238048304,"data":"/kaggle/src/script.py:325: FutureWarning: `torch.cuda.amp.autocast(args...)` is deprecated. Please use `torch.amp.autocast('cuda', args...)` instead.\n"}
,{"stream_name":"stderr","time":571.238094334,"data":"  with torch.cuda.amp.autocast(enabled=DEVICE.type == \"cuda\", dtype=torch.float16):\n"}
,{"stream_name":"stderr","time":571.967579203,"data":"/kaggle/src/script.py:325: FutureWarning: `torch.cuda.amp.autocast(args...)` is deprecated. Please use `torch.amp.autocast('cuda', args...)` instead.\n"}
,{"stream_name":"stderr","time":571.967623797,"data":"  with torch.cuda.amp.autocast(enabled=DEVICE.type == \"cuda\", dtype=torch.float16):\n"}
,{"stream_name":"stderr","time":572.661215883,"data":"/kaggle/src/script.py:325: FutureWarning: `torch.cuda.amp.autocast(args...)` is deprecated. Please use `torch.amp.autocast('cuda', args...)` instead.\n"}
,{"stream_name":"stderr","time":572.661261889,"data":"  with torch.cuda.amp.autocast(enabled=DEVICE.type == \"cuda\", dtype=torch.float16):\n"}
,{"stream_name":"stderr","time":573.376593715,"data":"/kaggle/src/script.py:325: FutureWarning: `torch.cuda.amp.autocast(args...)` is deprecated. Please use `torch.amp.autocast('cuda', args...)` instead.\n"}
,{"stream_name":"stderr","time":573.376667974,"data":"  with torch.cuda.amp.autocast(enabled=DEVICE.type == \"cuda\", dtype=torch.float16):\n"}
,{"stream_name":"stderr","time":573.858889016,"data":"/kaggle/src/script.py:325: FutureWarning: `torch.cuda.amp.autocast(args...)` is deprecated. Please use `torch.amp.autocast('cuda', args...)` instead.\n"}
,{"stream_name":"stderr","time":573.858955019,"data":"  with torch.cuda.amp.autocast(enabled=DEVICE.type == \"cuda\", dtype=torch.float16):\n"}
,{"stream_name":"stderr","time":574.339590865,"data":"/kaggle/src/script.py:325: FutureWarning: `torch.cuda.amp.autocast(args...)` is deprecated. Please use `torch.amp.autocast('cuda', args...)` instead.\n"}
,{"stream_name":"stderr","time":574.339637499,"data":"  with torch.cuda.amp.autocast(enabled=DEVICE.type == \"cuda\", dtype=torch.float16):\n"}
,{"stream_name":"stdout","time":575.043619479,"data":"epoch=2 session=160/206 step=144 loss=2.0685 ce=1.3586 rank=0.7740 struct=0.8779\n"}
,{"stream_name":"stderr","time":575.044951735,"data":"/kaggle/src/script.py:325: FutureWarning: `torch.cuda.amp.autocast(args...)` is deprecated. Please use `torch.amp.autocast('cuda', args...)` instead.\n"}
,{"stream_name":"stderr","time":575.044968859,"data":"  with torch.cuda.amp.autocast(enabled=DEVICE.type == \"cuda\", dtype=torch.float16):\n"}
,{"stream_name":"stderr","time":575.535217629,"data":"/kaggle/src/script.py:325: FutureWarning: `torch.cuda.amp.autocast(args...)` is deprecated. Please use `torch.amp.autocast('cuda', args...)` instead.\n"}
,{"stream_name":"stderr","time":575.535256976,"data":"  with torch.cuda.amp.autocast(enabled=DEVICE.type == \"cuda\", dtype=torch.float16):\n"}
,{"stream_name":"stderr","time":576.038554914,"data":"/kaggle/src/script.py:325: FutureWarning: `torch.cuda.amp.autocast(args...)` is deprecated. Please use `torch.amp.autocast('cuda', args...)` instead.\n"}
,{"stream_name":"stderr","time":576.038605316,"data":"  with torch.cuda.amp.autocast(enabled=DEVICE.type == \"cuda\", dtype=torch.float16):\n"}
,{"stream_name":"stderr","time":576.739607968,"data":"/kaggle/src/script.py:325: FutureWarning: `torch.cuda.amp.autocast(args...)` is deprecated. Please use `torch.amp.autocast('cuda', args...)` instead.\n"}
,{"stream_name":"stderr","time":576.73965022,"data":"  with torch.cuda.amp.autocast(enabled=DEVICE.type == \"cuda\", dtype=torch.float16):\n"}
,{"stream_name":"stderr","time":577.215895745,"data":"/kaggle/src/script.py:325: FutureWarning: `torch.cuda.amp.autocast(args...)` is deprecated. Please use `torch.amp.autocast('cuda', args...)` instead.\n"}
,{"stream_name":"stderr","time":577.215938443,"data":"  with torch.cuda.amp.autocast(enabled=DEVICE.type == \"cuda\", dtype=torch.float16):\n"}
,{"stream_name":"stderr","time":577.894085694,"data":"/kaggle/src/script.py:325: FutureWarning: `torch.cuda.amp.autocast(args...)` is deprecated. Please use `torch.amp.autocast('cuda', args...)` instead.\n"}
,{"stream_name":"stderr","time":577.894128653,"data":"  with torch.cuda.amp.autocast(enabled=DEVICE.type == \"cuda\", dtype=torch.float16):\n"}
,{"stream_name":"stderr","time":578.614363155,"data":"/kaggle/src/script.py:325: FutureWarning: `torch.cuda.amp.autocast(args...)` is deprecated. Please use `torch.amp.autocast('cuda', args...)` instead.\n"}
,{"stream_name":"stderr","time":578.614409447,"data":"  with torch.cuda.amp.autocast(enabled=DEVICE.type == \"cuda\", dtype=torch.float16):\n"}
,{"stream_name":"stderr","time":579.075412506,"data":"/kaggle/src/script.py:325: FutureWarning: `torch.cuda.amp.autocast(args...)` is deprecated. Please use `torch.amp.autocast('cuda', args...)` instead.\n"}
,{"stream_name":"stderr","time":579.075456839,"data":"  with torch.cuda.amp.autocast(enabled=DEVICE.type == \"cuda\", dtype=torch.float16):\n"}
,{"stream_name":"stderr","time":579.741641268,"data":"/kaggle/src/script.py:325: FutureWarning: `torch.cuda.amp.autocast(args...)` is deprecated. Please use `torch.amp.autocast('cuda', args...)` instead.\n"}
,{"stream_name":"stderr","time":579.7416965,"data":"  with torch.cuda.amp.autocast(enabled=DEVICE.type == \"cuda\", dtype=torch.float16):\n"}
,{"stream_name":"stderr","time":580.398282286,"data":"/kaggle/src/script.py:325: FutureWarning: `torch.cuda.amp.autocast(args...)` is deprecated. Please use `torch.amp.autocast('cuda', args...)` instead.\n"}
,{"stream_name":"stderr","time":580.398343725,"data":"  with torch.cuda.amp.autocast(enabled=DEVICE.type == \"cuda\", dtype=torch.float16):\n"}
,{"stream_name":"stdout","time":580.869138233,"data":"epoch=2 session=170/206 step=146 loss=2.1853 ce=1.3665 rank=0.7181 struct=1.1349\n"}
,{"stream_name":"stderr","time":580.870786605,"data":"/kaggle/src/script.py:325: FutureWarning: `torch.cuda.amp.autocast(args...)` is deprecated. Please use `torch.amp.autocast('cuda', args...)` instead.\n"}
,{"stream_name":"stderr","time":580.870815891,"data":"  with torch.cuda.amp.autocast(enabled=DEVICE.type == \"cuda\", dtype=torch.float16):\n"}
,{"stream_name":"stderr","time":581.543226897,"data":"/kaggle/src/script.py:325: FutureWarning: `torch.cuda.amp.autocast(args...)` is deprecated. Please use `torch.amp.autocast('cuda', args...)` instead.\n"}
,{"stream_name":"stderr","time":581.543270783,"data":"  with torch.cuda.amp.autocast(enabled=DEVICE.type == \"cuda\", dtype=torch.float16):\n"}
,{"stream_name":"stderr","time":582.184688593,"data":"/kaggle/src/script.py:325: FutureWarning: `torch.cuda.amp.autocast(args...)` is deprecated. Please use `torch.amp.autocast('cuda', args...)` instead.\n"}
,{"stream_name":"stderr","time":582.184751624,"data":"  with torch.cuda.amp.autocast(enabled=DEVICE.type == \"cuda\", dtype=torch.float16):\n"}
,{"stream_name":"stderr","time":582.866261346,"data":"/kaggle/src/script.py:325: FutureWarning: `torch.cuda.amp.autocast(args...)` is deprecated. Please use `torch.amp.autocast('cuda', args...)` instead.\n"}
,{"stream_name":"stderr","time":582.866404206,"data":"  with torch.cuda.amp.autocast(enabled=DEVICE.type == \"cuda\", dtype=torch.float16):\n"}
,{"stream_name":"stderr","time":583.30452055,"data":"/kaggle/src/script.py:325: FutureWarning: `torch.cuda.amp.autocast(args...)` is deprecated. Please use `torch.amp.autocast('cuda', args...)` instead.\n"}
,{"stream_name":"stderr","time":583.304561318,"data":"  with torch.cuda.amp.autocast(enabled=DEVICE.type == \"cuda\", dtype=torch.float16):\n"}
,{"stream_name":"stderr","time":583.794991381,"data":"/kaggle/src/script.py:325: FutureWarning: `torch.cuda.amp.autocast(args...)` is deprecated. Please use `torch.amp.autocast('cuda', args...)` instead.\n"}
,{"stream_name":"stderr","time":583.795036033,"data":"  with torch.cuda.amp.autocast(enabled=DEVICE.type == \"cuda\", dtype=torch.float16):\n"}
,{"stream_name":"stderr","time":584.448043862,"data":"/kaggle/src/script.py:325: FutureWarning: `torch.cuda.amp.autocast(args...)` is deprecated. Please use `torch.amp.autocast('cuda', args...)` instead.\n"}
,{"stream_name":"stderr","time":584.448086996,"data":"  with torch.cuda.amp.autocast(enabled=DEVICE.type == \"cuda\", dtype=torch.float16):\n"}
,{"stream_name":"stderr","time":584.89989425,"data":"/kaggle/src/script.py:325: FutureWarning: `torch.cuda.amp.autocast(args...)` is deprecated. Please use `torch.amp.autocast('cuda', args...)` instead.\n"}
,{"stream_name":"stderr","time":584.899942899,"data":"  with torch.cuda.amp.autocast(enabled=DEVICE.type == \"cuda\", dtype=torch.float16):\n"}
,{"stream_name":"stderr","time":585.593047364,"data":"/kaggle/src/script.py:325: FutureWarning: `torch.cuda.amp.autocast(args...)` is deprecated. Please use `torch.amp.autocast('cuda', args...)` instead.\n"}
,{"stream_name":"stderr","time":585.593091731,"data":"  with torch.cuda.amp.autocast(enabled=DEVICE.type == \"cuda\", dtype=torch.float16):\n"}
,{"stream_name":"stderr","time":586.042479755,"data":"/kaggle/src/script.py:325: FutureWarning: `torch.cuda.amp.autocast(args...)` is deprecated. Please use `torch.amp.autocast('cuda', args...)` instead.\n"}
,{"stream_name":"stderr","time":586.042523175,"data":"  with torch.cuda.amp.autocast(enabled=DEVICE.type == \"cuda\", dtype=torch.float16):\n"}
,{"stream_name":"stdout","time":586.738383577,"data":"epoch=2 session=180/206 step=149 loss=2.2113 ce=1.4446 rank=0.7629 struct=0.9994\n"}
,{"stream_name":"stderr","time":586.73967438,"data":"/kaggle/src/script.py:325: FutureWarning: `torch.cuda.amp.autocast(args...)` is deprecated. Please use `torch.amp.autocast('cuda', args...)` instead.\n"}
,{"stream_name":"stderr","time":586.739699548,"data":"  with torch.cuda.amp.autocast(enabled=DEVICE.type == \"cuda\", dtype=torch.float16):\n"}
,{"stream_name":"stderr","time":587.215374187,"data":"/kaggle/src/script.py:325: FutureWarning: `torch.cuda.amp.autocast(args...)` is deprecated. Please use `torch.amp.autocast('cuda', args...)` instead.\n"}
,{"stream_name":"stderr","time":587.215413308,"data":"  with torch.cuda.amp.autocast(enabled=DEVICE.type == \"cuda\", dtype=torch.float16):\n"}
,{"stream_name":"stderr","time":587.875973913,"data":"/kaggle/src/script.py:325: FutureWarning: `torch.cuda.amp.autocast(args...)` is deprecated. Please use `torch.amp.autocast('cuda', args...)` instead.\n"}
,{"stream_name":"stderr","time":587.876014635,"data":"  with torch.cuda.amp.autocast(enabled=DEVICE.type == \"cuda\", dtype=torch.float16):\n"}
,{"stream_name":"stderr","time":588.607516277,"data":"/kaggle/src/script.py:325: FutureWarning: `torch.cuda.amp.autocast(args...)` is deprecated. Please use `torch.amp.autocast('cuda', args...)` instead.\n"}
,{"stream_name":"stderr","time":588.60755654,"data":"  with torch.cuda.amp.autocast(enabled=DEVICE.type == \"cuda\", dtype=torch.float16):\n"}
,{"stream_name":"stderr","time":589.313525151,"data":"/kaggle/src/script.py:325: FutureWarning: `torch.cuda.amp.autocast(args...)` is deprecated. Please use `torch.amp.autocast('cuda', args...)` instead.\n"}
,{"stream_name":"stderr","time":589.313582392,"data":"  with torch.cuda.amp.autocast(enabled=DEVICE.type == \"cuda\", dtype=torch.float16):\n"}
,{"stream_name":"stderr","time":589.789156134,"data":"/kaggle/src/script.py:325: FutureWarning: `torch.cuda.amp.autocast(args...)` is deprecated. Please use `torch.amp.autocast('cuda', args...)` instead.\n"}
,{"stream_name":"stderr","time":589.789236305,"data":"  with torch.cuda.amp.autocast(enabled=DEVICE.type == \"cuda\", dtype=torch.float16):\n"}
,{"stream_name":"stderr","time":590.453614461,"data":"/kaggle/src/script.py:325: FutureWarning: `torch.cuda.amp.autocast(args...)` is deprecated. Please use `torch.amp.autocast('cuda', args...)` instead.\n"}
,{"stream_name":"stderr","time":590.453679841,"data":"  with torch.cuda.amp.autocast(enabled=DEVICE.type == \"cuda\", dtype=torch.float16):\n"}
,{"stream_name":"stderr","time":591.166268021,"data":"/kaggle/src/script.py:325: FutureWarning: `torch.cuda.amp.autocast(args...)` is deprecated. Please use `torch.amp.autocast('cuda', args...)` instead.\n"}
,{"stream_name":"stderr","time":591.166325537,"data":"  with torch.cuda.amp.autocast(enabled=DEVICE.type == \"cuda\", dtype=torch.float16):\n"}
,{"stream_name":"stderr","time":591.880387871,"data":"/kaggle/src/script.py:325: FutureWarning: `torch.cuda.amp.autocast(args...)` is deprecated. Please use `torch.amp.autocast('cuda', args...)` instead.\n"}
,{"stream_name":"stderr","time":591.880431819,"data":"  with torch.cuda.amp.autocast(enabled=DEVICE.type == \"cuda\", dtype=torch.float16):\n"}
,{"stream_name":"stderr","time":592.357311558,"data":"/kaggle/src/script.py:325: FutureWarning: `torch.cuda.amp.autocast(args...)` is deprecated. Please use `torch.amp.autocast('cuda', args...)` instead.\n"}
,{"stream_name":"stderr","time":592.357351168,"data":"  with torch.cuda.amp.autocast(enabled=DEVICE.type == \"cuda\", dtype=torch.float16):\n"}
,{"stream_name":"stdout","time":592.833631897,"data":"epoch=2 session=190/206 step=151 loss=2.2331 ce=1.3186 rank=0.8023 struct=1.2673\n"}
,{"stream_name":"stderr","time":592.834974821,"data":"/kaggle/src/script.py:325: FutureWarning: `torch.cuda.amp.autocast(args...)` is deprecated. Please use `torch.amp.autocast('cuda', args...)` instead.\n"}
,{"stream_name":"stderr","time":592.834999448,"data":"  with torch.cuda.amp.autocast(enabled=DEVICE.type == \"cuda\", dtype=torch.float16):\n"}
,{"stream_name":"stderr","time":593.474638181,"data":"/kaggle/src/script.py:325: FutureWarning: `torch.cuda.amp.autocast(args...)` is deprecated. Please use `torch.amp.autocast('cuda', args...)` instead.\n"}
,{"stream_name":"stderr","time":593.474693538,"data":"  with torch.cuda.amp.autocast(enabled=DEVICE.type == \"cuda\", dtype=torch.float16):\n"}
,{"stream_name":"stderr","time":593.959533492,"data":"/kaggle/src/script.py:325: FutureWarning: `torch.cuda.amp.autocast(args...)` is deprecated. Please use `torch.amp.autocast('cuda', args...)` instead.\n"}
,{"stream_name":"stderr","time":593.959578872,"data":"  with torch.cuda.amp.autocast(enabled=DEVICE.type == \"cuda\", dtype=torch.float16):\n"}
,{"stream_name":"stderr","time":594.669332723,"data":"/kaggle/src/script.py:325: FutureWarning: `torch.cuda.amp.autocast(args...)` is deprecated. Please use `torch.amp.autocast('cuda', args...)` instead.\n"}
,{"stream_name":"stderr","time":594.669378154,"data":"  with torch.cuda.amp.autocast(enabled=DEVICE.type == \"cuda\", dtype=torch.float16):\n"}
,{"stream_name":"stderr","time":595.151126552,"data":"/kaggle/src/script.py:325: FutureWarning: `torch.cuda.amp.autocast(args...)` is deprecated. Please use `torch.amp.autocast('cuda', args...)` instead.\n"}
,{"stream_name":"stderr","time":595.151207597,"data":"  with torch.cuda.amp.autocast(enabled=DEVICE.type == \"cuda\", dtype=torch.float16):\n"}
,{"stream_name":"stderr","time":595.789944772,"data":"/kaggle/src/script.py:325: FutureWarning: `torch.cuda.amp.autocast(args...)` is deprecated. Please use `torch.amp.autocast('cuda', args...)` instead.\n"}
,{"stream_name":"stderr","time":595.789992191,"data":"  with torch.cuda.amp.autocast(enabled=DEVICE.type == \"cuda\", dtype=torch.float16):\n"}
,{"stream_name":"stderr","time":596.482155158,"data":"/kaggle/src/script.py:325: FutureWarning: `torch.cuda.amp.autocast(args...)` is deprecated. Please use `torch.amp.autocast('cuda', args...)` instead.\n"}
,{"stream_name":"stderr","time":596.48223956,"data":"  with torch.cuda.amp.autocast(enabled=DEVICE.type == \"cuda\", dtype=torch.float16):\n"}
,{"stream_name":"stderr","time":596.95091101,"data":"/kaggle/src/script.py:325: FutureWarning: `torch.cuda.amp.autocast(args...)` is deprecated. Please use `torch.amp.autocast('cuda', args...)` instead.\n"}
,{"stream_name":"stderr","time":596.950960048,"data":"  with torch.cuda.amp.autocast(enabled=DEVICE.type == \"cuda\", dtype=torch.float16):\n"}
,{"stream_name":"stderr","time":597.573475068,"data":"/kaggle/src/script.py:325: FutureWarning: `torch.cuda.amp.autocast(args...)` is deprecated. Please use `torch.amp.autocast('cuda', args...)` instead.\n"}
,{"stream_name":"stderr","time":597.573520162,"data":"  with torch.cuda.amp.autocast(enabled=DEVICE.type == \"cuda\", dtype=torch.float16):\n"}
,{"stream_name":"stderr","time":598.054425912,"data":"/kaggle/src/script.py:325: FutureWarning: `torch.cuda.amp.autocast(args...)` is deprecated. Please use `torch.amp.autocast('cuda', args...)` instead.\n"}
,{"stream_name":"stderr","time":598.054474244,"data":"  with torch.cuda.amp.autocast(enabled=DEVICE.type == \"cuda\", dtype=torch.float16):\n"}
,{"stream_name":"stdout","time":598.501694102,"data":"epoch=2 session=200/206 step=154 loss=2.0804 ce=1.3784 rank=0.7083 struct=0.9082\n"}
,{"stream_name":"stderr","time":598.502883528,"data":"/kaggle/src/script.py:325: FutureWarning: `torch.cuda.amp.autocast(args...)` is deprecated. Please use `torch.amp.autocast('cuda', args...)` instead.\n"}
,{"stream_name":"stderr","time":598.502931834,"data":"  with torch.cuda.amp.autocast(enabled=DEVICE.type == \"cuda\", dtype=torch.float16):\n"}
,{"stream_name":"stderr","time":598.973937626,"data":"/kaggle/src/script.py:325: FutureWarning: `torch.cuda.amp.autocast(args...)` is deprecated. Please use `torch.amp.autocast('cuda', args...)` instead.\n"}
,{"stream_name":"stderr","time":598.973995709,"data":"  with torch.cuda.amp.autocast(enabled=DEVICE.type == \"cuda\", dtype=torch.float16):\n"}
,{"stream_name":"stderr","time":599.458845051,"data":"/kaggle/src/script.py:325: FutureWarning: `torch.cuda.amp.autocast(args...)` is deprecated. Please use `torch.amp.autocast('cuda', args...)` instead.\n"}
,{"stream_name":"stderr","time":599.458888121,"data":"  with torch.cuda.amp.autocast(enabled=DEVICE.type == \"cuda\", dtype=torch.float16):\n"}
,{"stream_name":"stderr","time":599.940877807,"data":"/kaggle/src/script.py:325: FutureWarning: `torch.cuda.amp.autocast(args...)` is deprecated. Please use `torch.amp.autocast('cuda', args...)` instead.\n"}
,{"stream_name":"stderr","time":599.940937581,"data":"  with torch.cuda.amp.autocast(enabled=DEVICE.type == \"cuda\", dtype=torch.float16):\n"}
,{"stream_name":"stderr","time":600.613854413,"data":"/kaggle/src/script.py:325: FutureWarning: `torch.cuda.amp.autocast(args...)` is deprecated. Please use `torch.amp.autocast('cuda', args...)` instead.\n"}
,{"stream_name":"stderr","time":600.613918735,"data":"  with torch.cuda.amp.autocast(enabled=DEVICE.type == \"cuda\", dtype=torch.float16):\n"}
,{"stream_name":"stderr","time":601.361896007,"data":"/kaggle/src/script.py:325: FutureWarning: `torch.cuda.amp.autocast(args...)` is deprecated. Please use `torch.amp.autocast('cuda', args...)` instead.\n"}
,{"stream_name":"stderr","time":601.361948971,"data":"  with torch.cuda.amp.autocast(enabled=DEVICE.type == \"cuda\", dtype=torch.float16):\n"}
,{"stream_name":"stderr","time":601.853657932,"data":"/kaggle/src/script.py:325: FutureWarning: `torch.cuda.amp.autocast(args...)` is deprecated. Please use `torch.amp.autocast('cuda', args...)` instead.\n"}
,{"stream_name":"stderr","time":601.85369893,"data":"  with torch.cuda.amp.autocast(enabled=DEVICE.type == \"cuda\", dtype=torch.float16):\n"}
,{"stream_name":"stderr","time":602.55142486,"data":"/kaggle/src/script.py:325: FutureWarning: `torch.cuda.amp.autocast(args...)` is deprecated. Please use `torch.amp.autocast('cuda', args...)` instead.\n"}
,{"stream_name":"stderr","time":602.551467613,"data":"  with torch.cuda.amp.autocast(enabled=DEVICE.type == \"cuda\", dtype=torch.float16):\n"}
,{"stream_name":"stderr","time":603.293626102,"data":"/kaggle/src/script.py:325: FutureWarning: `torch.cuda.amp.autocast(args...)` is deprecated. Please use `torch.amp.autocast('cuda', args...)` instead.\n"}
,{"stream_name":"stderr","time":603.293680339,"data":"  with torch.cuda.amp.autocast(enabled=DEVICE.type == \"cuda\", dtype=torch.float16):\n"}
,{"stream_name":"stderr","time":604.000548092,"data":"/kaggle/src/script.py:325: FutureWarning: `torch.cuda.amp.autocast(args...)` is deprecated. Please use `torch.amp.autocast('cuda', args...)` instead.\n"}
,{"stream_name":"stderr","time":604.00059093,"data":"  with torch.cuda.amp.autocast(enabled=DEVICE.type == \"cuda\", dtype=torch.float16):\n"}
,{"stream_name":"stderr","time":604.675348247,"data":"/kaggle/src/script.py:325: FutureWarning: `torch.cuda.amp.autocast(args...)` is deprecated. Please use `torch.amp.autocast('cuda', args...)` instead.\n"}
,{"stream_name":"stderr","time":604.675390164,"data":"  with torch.cuda.amp.autocast(enabled=DEVICE.type == \"cuda\", dtype=torch.float16):\n"}
,{"stream_name":"stderr","time":605.378902692,"data":"/kaggle/src/script.py:325: FutureWarning: `torch.cuda.amp.autocast(args...)` is deprecated. Please use `torch.amp.autocast('cuda', args...)` instead.\n"}
,{"stream_name":"stderr","time":605.37897187,"data":"  with torch.cuda.amp.autocast(enabled=DEVICE.type == \"cuda\", dtype=torch.float16):\n"}
,{"stream_name":"stderr","time":606.107614525,"data":"/kaggle/src/script.py:325: FutureWarning: `torch.cuda.amp.autocast(args...)` is deprecated. Please use `torch.amp.autocast('cuda', args...)` instead.\n"}
,{"stream_name":"stderr","time":606.10768047,"data":"  with torch.cuda.amp.autocast(enabled=DEVICE.type == \"cuda\", dtype=torch.float16):\n"}
,{"stream_name":"stderr","time":606.821797139,"data":"/kaggle/src/script.py:325: FutureWarning: `torch.cuda.amp.autocast(args...)` is deprecated. Please use `torch.amp.autocast('cuda', args...)` instead.\n"}
,{"stream_name":"stderr","time":606.821842154,"data":"  with torch.cuda.amp.autocast(enabled=DEVICE.type == \"cuda\", dtype=torch.float16):\n"}
,{"stream_name":"stderr","time":607.489777722,"data":"/kaggle/src/script.py:325: FutureWarning: `torch.cuda.amp.autocast(args...)` is deprecated. Please use `torch.amp.autocast('cuda', args...)` instead.\n"}
,{"stream_name":"stderr","time":607.489829361,"data":"  with torch.cuda.amp.autocast(enabled=DEVICE.type == \"cuda\", dtype=torch.float16):\n"}
,{"stream_name":"stderr","time":607.957915122,"data":"/kaggle/src/script.py:325: FutureWarning: `torch.cuda.amp.autocast(args...)` is deprecated. Please use `torch.amp.autocast('cuda', args...)` instead.\n"}
,{"stream_name":"stderr","time":607.957949927,"data":"  with torch.cuda.amp.autocast(enabled=DEVICE.type == \"cuda\", dtype=torch.float16):\n"}
,{"stream_name":"stdout","time":608.451267783,"data":"epoch=3 session=10/206 step=158 loss=1.9210 ce=1.2696 rank=0.8161 struct=0.7314\n"}
,{"stream_name":"stderr","time":608.452624027,"data":"/kaggle/src/script.py:325: FutureWarning: `torch.cuda.amp.autocast(args...)` is deprecated. Please use `torch.amp.autocast('cuda', args...)` instead.\n"}
,{"stream_name":"stderr","time":608.452647175,"data":"  with torch.cuda.amp.autocast(enabled=DEVICE.type == \"cuda\", dtype=torch.float16):\n"}
,{"stream_name":"stderr","time":609.072859545,"data":"/kaggle/src/script.py:325: FutureWarning: `torch.cuda.amp.autocast(args...)` is deprecated. Please use `torch.amp.autocast('cuda', args...)` instead.\n"}
,{"stream_name":"stderr","time":609.072907446,"data":"  with torch.cuda.amp.autocast(enabled=DEVICE.type == \"cuda\", dtype=torch.float16):\n"}
,{"stream_name":"stderr","time":609.546835583,"data":"/kaggle/src/script.py:325: FutureWarning: `torch.cuda.amp.autocast(args...)` is deprecated. Please use `torch.amp.autocast('cuda', args...)` instead.\n"}
,{"stream_name":"stderr","time":609.546881746,"data":"  with torch.cuda.amp.autocast(enabled=DEVICE.type == \"cuda\", dtype=torch.float16):\n"}
,{"stream_name":"stderr","time":610.016945437,"data":"/kaggle/src/script.py:325: FutureWarning: `torch.cuda.amp.autocast(args...)` is deprecated. Please use `torch.amp.autocast('cuda', args...)` instead.\n"}
,{"stream_name":"stderr","time":610.016987917,"data":"  with torch.cuda.amp.autocast(enabled=DEVICE.type == \"cuda\", dtype=torch.float16):\n"}
,{"stream_name":"stderr","time":610.501243875,"data":"/kaggle/src/script.py:325: FutureWarning: `torch.cuda.amp.autocast(args...)` is deprecated. Please use `torch.amp.autocast('cuda', args...)` instead.\n"}
,{"stream_name":"stderr","time":610.501286971,"data":"  with torch.cuda.amp.autocast(enabled=DEVICE.type == \"cuda\", dtype=torch.float16):\n"}
,{"stream_name":"stderr","time":611.154785984,"data":"/kaggle/src/script.py:325: FutureWarning: `torch.cuda.amp.autocast(args...)` is deprecated. Please use `torch.amp.autocast('cuda', args...)` instead.\n"}
,{"stream_name":"stderr","time":611.154825703,"data":"  with torch.cuda.amp.autocast(enabled=DEVICE.type == \"cuda\", dtype=torch.float16):\n"}
,{"stream_name":"stderr","time":611.849709171,"data":"/kaggle/src/script.py:325: FutureWarning: `torch.cuda.amp.autocast(args...)` is deprecated. Please use `torch.amp.autocast('cuda', args...)` instead.\n"}
,{"stream_name":"stderr","time":611.849752687,"data":"  with torch.cuda.amp.autocast(enabled=DEVICE.type == \"cuda\", dtype=torch.float16):\n"}
,{"stream_name":"stderr","time":612.541981326,"data":"/kaggle/src/script.py:325: FutureWarning: `torch.cuda.amp.autocast(args...)` is deprecated. Please use `torch.amp.autocast('cuda', args...)` instead.\n"}
,{"stream_name":"stderr","time":612.542024477,"data":"  with torch.cuda.amp.autocast(enabled=DEVICE.type == \"cuda\", dtype=torch.float16):\n"}
,{"stream_name":"stderr","time":613.179453099,"data":"/kaggle/src/script.py:325: FutureWarning: `torch.cuda.amp.autocast(args...)` is deprecated. Please use `torch.amp.autocast('cuda', args...)` instead.\n"}
,{"stream_name":"stderr","time":613.179502134,"data":"  with torch.cuda.amp.autocast(enabled=DEVICE.type == \"cuda\", dtype=torch.float16):\n"}
,{"stream_name":"stderr","time":613.670443695,"data":"/kaggle/src/script.py:325: FutureWarning: `torch.cuda.amp.autocast(args...)` is deprecated. Please use `torch.amp.autocast('cuda', args...)` instead.\n"}
,{"stream_name":"stderr","time":613.670493144,"data":"  with torch.cuda.amp.autocast(enabled=DEVICE.type == \"cuda\", dtype=torch.float16):\n"}
,{"stream_name":"stdout","time":614.165091527,"data":"epoch=3 session=20/206 step=161 loss=2.3267 ce=1.4816 rank=0.7446 struct=1.1691\n"}
,{"stream_name":"stderr","time":614.166438842,"data":"/kaggle/src/script.py:325: FutureWarning: `torch.cuda.amp.autocast(args...)` is deprecated. Please use `torch.amp.autocast('cuda', args...)` instead.\n"}
,{"stream_name":"stderr","time":614.166465927,"data":"  with torch.cuda.amp.autocast(enabled=DEVICE.type == \"cuda\", dtype=torch.float16):\n"}
,{"stream_name":"stderr","time":614.606525874,"data":"/kaggle/src/script.py:325: FutureWarning: `torch.cuda.amp.autocast(args...)` is deprecated. Please use `torch.amp.autocast('cuda', args...)` instead.\n"}
,{"stream_name":"stderr","time":614.606563904,"data":"  with torch.cuda.amp.autocast(enabled=DEVICE.type == \"cuda\", dtype=torch.float16):\n"}
,{"stream_name":"stderr","time":615.067918263,"data":"/kaggle/src/script.py:325: FutureWarning: `torch.cuda.amp.autocast(args...)` is deprecated. Please use `torch.amp.autocast('cuda', args...)` instead.\n"}
,{"stream_name":"stderr","time":615.067960305,"data":"  with torch.cuda.amp.autocast(enabled=DEVICE.type == \"cuda\", dtype=torch.float16):\n"}
,{"stream_name":"stderr","time":615.737415037,"data":"/kaggle/src/script.py:325: FutureWarning: `torch.cuda.amp.autocast(args...)` is deprecated. Please use `torch.amp.autocast('cuda', args...)` instead.\n"}
,{"stream_name":"stderr","time":615.737456904,"data":"  with torch.cuda.amp.autocast(enabled=DEVICE.type == \"cuda\", dtype=torch.float16):\n"}
,{"stream_name":"stderr","time":616.188395359,"data":"/kaggle/src/script.py:325: FutureWarning: `torch.cuda.amp.autocast(args...)` is deprecated. Please use `torch.amp.autocast('cuda', args...)` instead.\n"}
,{"stream_name":"stderr","time":616.188461397,"data":"  with torch.cuda.amp.autocast(enabled=DEVICE.type == \"cuda\", dtype=torch.float16):\n"}
,{"stream_name":"stderr","time":616.681441129,"data":"/kaggle/src/script.py:325: FutureWarning: `torch.cuda.amp.autocast(args...)` is deprecated. Please use `torch.amp.autocast('cuda', args...)` instead.\n"}
,{"stream_name":"stderr","time":616.681484443,"data":"  with torch.cuda.amp.autocast(enabled=DEVICE.type == \"cuda\", dtype=torch.float16):\n"}
,{"stream_name":"stderr","time":617.378310609,"data":"/kaggle/src/script.py:325: FutureWarning: `torch.cuda.amp.autocast(args...)` is deprecated. Please use `torch.amp.autocast('cuda', args...)` instead.\n"}
,{"stream_name":"stderr","time":617.378381883,"data":"  with torch.cuda.amp.autocast(enabled=DEVICE.type == \"cuda\", dtype=torch.float16):\n"}
,{"stream_name":"stderr","time":617.854151123,"data":"/kaggle/src/script.py:325: FutureWarning: `torch.cuda.amp.autocast(args...)` is deprecated. Please use `torch.amp.autocast('cuda', args...)` instead.\n"}
,{"stream_name":"stderr","time":617.854316056,"data":"  with torch.cuda.amp.autocast(enabled=DEVICE.type == \"cuda\", dtype=torch.float16):\n"}
,{"stream_name":"stderr","time":618.294998094,"data":"/kaggle/src/script.py:325: FutureWarning: `torch.cuda.amp.autocast(args...)` is deprecated. Please use `torch.amp.autocast('cuda', args...)` instead.\n"}
,{"stream_name":"stderr","time":618.295067998,"data":"  with torch.cuda.amp.autocast(enabled=DEVICE.type == \"cuda\", dtype=torch.float16):\n"}
,{"stream_name":"stderr","time":619.012807342,"data":"/kaggle/src/script.py:325: FutureWarning: `torch.cuda.amp.autocast(args...)` is deprecated. Please use `torch.amp.autocast('cuda', args...)` instead.\n"}
,{"stream_name":"stderr","time":619.012859353,"data":"  with torch.cuda.amp.autocast(enabled=DEVICE.type == \"cuda\", dtype=torch.float16):\n"}
,{"stream_name":"stdout","time":619.699043181,"data":"epoch=3 session=30/206 step=163 loss=2.1311 ce=1.3569 rank=0.6758 struct=1.0753\n"}
,{"stream_name":"stderr","time":619.70046027,"data":"/kaggle/src/script.py:325: FutureWarning: `torch.cuda.amp.autocast(args...)` is deprecated. Please use `torch.amp.autocast('cuda', args...)` instead.\n"}
,{"stream_name":"stderr","time":619.700490956,"data":"  with torch.cuda.amp.autocast(enabled=DEVICE.type == \"cuda\", dtype=torch.float16):\n"}
,{"stream_name":"stderr","time":620.171062965,"data":"/kaggle/src/script.py:325: FutureWarning: `torch.cuda.amp.autocast(args...)` is deprecated. Please use `torch.amp.autocast('cuda', args...)` instead.\n"}
,{"stream_name":"stderr","time":620.171103204,"data":"  with torch.cuda.amp.autocast(enabled=DEVICE.type == \"cuda\", dtype=torch.float16):\n"}
,{"stream_name":"stderr","time":620.799482673,"data":"/kaggle/src/script.py:325: FutureWarning: `torch.cuda.amp.autocast(args...)` is deprecated. Please use `torch.amp.autocast('cuda', args...)` instead.\n"}
,{"stream_name":"stderr","time":620.7995256,"data":"  with torch.cuda.amp.autocast(enabled=DEVICE.type == \"cuda\", dtype=torch.float16):\n"}
,{"stream_name":"stderr","time":621.259974333,"data":"/kaggle/src/script.py:325: FutureWarning: `torch.cuda.amp.autocast(args...)` is deprecated. Please use `torch.amp.autocast('cuda', args...)` instead.\n"}
,{"stream_name":"stderr","time":621.260016106,"data":"  with torch.cuda.amp.autocast(enabled=DEVICE.type == \"cuda\", dtype=torch.float16):\n"}
,{"stream_name":"stderr","time":621.753215254,"data":"/kaggle/src/script.py:325: FutureWarning: `torch.cuda.amp.autocast(args...)` is deprecated. Please use `torch.amp.autocast('cuda', args...)` instead.\n"}
,{"stream_name":"stderr","time":621.753260208,"data":"  with torch.cuda.amp.autocast(enabled=DEVICE.type == \"cuda\", dtype=torch.float16):\n"}
,{"stream_name":"stderr","time":622.221705242,"data":"/kaggle/src/script.py:325: FutureWarning: `torch.cuda.amp.autocast(args...)` is deprecated. Please use `torch.amp.autocast('cuda', args...)` instead.\n"}
,{"stream_name":"stderr","time":622.22175978,"data":"  with torch.cuda.amp.autocast(enabled=DEVICE.type == \"cuda\", dtype=torch.float16):\n"}
,{"stream_name":"stderr","time":622.701317224,"data":"/kaggle/src/script.py:325: FutureWarning: `torch.cuda.amp.autocast(args...)` is deprecated. Please use `torch.amp.autocast('cuda', args...)` instead.\n"}
,{"stream_name":"stderr","time":622.701377134,"data":"  with torch.cuda.amp.autocast(enabled=DEVICE.type == \"cuda\", dtype=torch.float16):\n"}
,{"stream_name":"stderr","time":623.209714066,"data":"/kaggle/src/script.py:325: FutureWarning: `torch.cuda.amp.autocast(args...)` is deprecated. Please use `torch.amp.autocast('cuda', args...)` instead.\n"}
,{"stream_name":"stderr","time":623.209773322,"data":"  with torch.cuda.amp.autocast(enabled=DEVICE.type == \"cuda\", dtype=torch.float16):\n"}
,{"stream_name":"stderr","time":623.886026645,"data":"/kaggle/src/script.py:325: FutureWarning: `torch.cuda.amp.autocast(args...)` is deprecated. Please use `torch.amp.autocast('cuda', args...)` instead.\n"}
,{"stream_name":"stderr","time":623.886070009,"data":"  with torch.cuda.amp.autocast(enabled=DEVICE.type == \"cuda\", dtype=torch.float16):\n"}
,{"stream_name":"stderr","time":624.558687653,"data":"/kaggle/src/script.py:325: FutureWarning: `torch.cuda.amp.autocast(args...)` is deprecated. Please use `torch.amp.autocast('cuda', args...)` instead.\n"}
,{"stream_name":"stderr","time":624.558749276,"data":"  with torch.cuda.amp.autocast(enabled=DEVICE.type == \"cuda\", dtype=torch.float16):\n"}
,{"stream_name":"stdout","time":625.22156669,"data":"epoch=3 session=40/206 step=166 loss=2.2927 ce=1.4073 rank=0.7538 struct=1.2431\n"}
,{"stream_name":"stderr","time":625.222862096,"data":"/kaggle/src/script.py:325: FutureWarning: `torch.cuda.amp.autocast(args...)` is deprecated. Please use `torch.amp.autocast('cuda', args...)` instead.\n"}
,{"stream_name":"stderr","time":625.222880833,"data":"  with torch.cuda.amp.autocast(enabled=DEVICE.type == \"cuda\", dtype=torch.float16):\n"}
,{"stream_name":"stderr","time":625.724898794,"data":"/kaggle/src/script.py:325: FutureWarning: `torch.cuda.amp.autocast(args...)` is deprecated. Please use `torch.amp.autocast('cuda', args...)` instead.\n"}
,{"stream_name":"stderr","time":625.724959703,"data":"  with torch.cuda.amp.autocast(enabled=DEVICE.type == \"cuda\", dtype=torch.float16):\n"}
,{"stream_name":"stderr","time":626.366712863,"data":"/kaggle/src/script.py:325: FutureWarning: `torch.cuda.amp.autocast(args...)` is deprecated. Please use `torch.amp.autocast('cuda', args...)` instead.\n"}
,{"stream_name":"stderr","time":626.3667545119999,"data":"  with torch.cuda.amp.autocast(enabled=DEVICE.type == \"cuda\", dtype=torch.float16):\n"}
,{"stream_name":"stderr","time":626.861278009,"data":"/kaggle/src/script.py:325: FutureWarning: `torch.cuda.amp.autocast(args...)` is deprecated. Please use `torch.amp.autocast('cuda', args...)` instead.\n"}
,{"stream_name":"stderr","time":626.861338837,"data":"  with torch.cuda.amp.autocast(enabled=DEVICE.type == \"cuda\", dtype=torch.float16):\n"}
,{"stream_name":"stderr","time":627.536363074,"data":"/kaggle/src/script.py:325: FutureWarning: `torch.cuda.amp.autocast(args...)` is deprecated. Please use `torch.amp.autocast('cuda', args...)` instead.\n"}
,{"stream_name":"stderr","time":627.536408274,"data":"  with torch.cuda.amp.autocast(enabled=DEVICE.type == \"cuda\", dtype=torch.float16):\n"}
,{"stream_name":"stderr","time":628.193214811,"data":"/kaggle/src/script.py:325: FutureWarning: `torch.cuda.amp.autocast(args...)` is deprecated. Please use `torch.amp.autocast('cuda', args...)` instead.\n"}
,{"stream_name":"stderr","time":628.193260237,"data":"  with torch.cuda.amp.autocast(enabled=DEVICE.type == \"cuda\", dtype=torch.float16):\n"}
,{"stream_name":"stderr","time":628.857815709,"data":"/kaggle/src/script.py:325: FutureWarning: `torch.cuda.amp.autocast(args...)` is deprecated. Please use `torch.amp.autocast('cuda', args...)` instead.\n"}
,{"stream_name":"stderr","time":628.857861986,"data":"  with torch.cuda.amp.autocast(enabled=DEVICE.type == \"cuda\", dtype=torch.float16):\n"}
,{"stream_name":"stderr","time":629.373823033,"data":"/kaggle/src/script.py:325: FutureWarning: `torch.cuda.amp.autocast(args...)` is deprecated. Please use `torch.amp.autocast('cuda', args...)` instead.\n"}
,{"stream_name":"stderr","time":629.373908767,"data":"  with torch.cuda.amp.autocast(enabled=DEVICE.type == \"cuda\", dtype=torch.float16):\n"}
,{"stream_name":"stderr","time":630.029797419,"data":"/kaggle/src/script.py:325: FutureWarning: `torch.cuda.amp.autocast(args...)` is deprecated. Please use `torch.amp.autocast('cuda', args...)` instead.\n"}
,{"stream_name":"stderr","time":630.02983976,"data":"  with torch.cuda.amp.autocast(enabled=DEVICE.type == \"cuda\", dtype=torch.float16):\n"}
,{"stream_name":"stderr","time":630.718589192,"data":"/kaggle/src/script.py:325: FutureWarning: `torch.cuda.amp.autocast(args...)` is deprecated. Please use `torch.amp.autocast('cuda', args...)` instead.\n"}
,{"stream_name":"stderr","time":630.718641195,"data":"  with torch.cuda.amp.autocast(enabled=DEVICE.type == \"cuda\", dtype=torch.float16):\n"}
,{"stream_name":"stdout","time":631.229910423,"data":"epoch=3 session=50/206 step=168 loss=2.3516 ce=1.4323 rank=0.7309 struct=1.3270\n"}
,{"stream_name":"stderr","time":631.231313622,"data":"/kaggle/src/script.py:325: FutureWarning: `torch.cuda.amp.autocast(args...)` is deprecated. Please use `torch.amp.autocast('cuda', args...)` instead.\n"}
,{"stream_name":"stderr","time":631.231339265,"data":"  with torch.cuda.amp.autocast(enabled=DEVICE.type == \"cuda\", dtype=torch.float16):\n"}
,{"stream_name":"stderr","time":631.923420781,"data":"/kaggle/src/script.py:325: FutureWarning: `torch.cuda.amp.autocast(args...)` is deprecated. Please use `torch.amp.autocast('cuda', args...)` instead.\n"}
,{"stream_name":"stderr","time":631.923465948,"data":"  with torch.cuda.amp.autocast(enabled=DEVICE.type == \"cuda\", dtype=torch.float16):\n"}
,{"stream_name":"stderr","time":632.374315734,"data":"/kaggle/src/script.py:325: FutureWarning: `torch.cuda.amp.autocast(args...)` is deprecated. Please use `torch.amp.autocast('cuda', args...)` instead.\n"}
,{"stream_name":"stderr","time":632.374367383,"data":"  with torch.cuda.amp.autocast(enabled=DEVICE.type == \"cuda\", dtype=torch.float16):\n"}
,{"stream_name":"stderr","time":633.078992482,"data":"/kaggle/src/script.py:325: FutureWarning: `torch.cuda.amp.autocast(args...)` is deprecated. Please use `torch.amp.autocast('cuda', args...)` instead.\n"}
,{"stream_name":"stderr","time":633.079054611,"data":"  with torch.cuda.amp.autocast(enabled=DEVICE.type == \"cuda\", dtype=torch.float16):\n"}
,{"stream_name":"stderr","time":633.727924215,"data":"/kaggle/src/script.py:325: FutureWarning: `torch.cuda.amp.autocast(args...)` is deprecated. Please use `torch.amp.autocast('cuda', args...)` instead.\n"}
,{"stream_name":"stderr","time":633.727994789,"data":"  with torch.cuda.amp.autocast(enabled=DEVICE.type == \"cuda\", dtype=torch.float16):\n"}
,{"stream_name":"stderr","time":634.208530123,"data":"/kaggle/src/script.py:325: FutureWarning: `torch.cuda.amp.autocast(args...)` is deprecated. Please use `torch.amp.autocast('cuda', args...)` instead.\n"}
,{"stream_name":"stderr","time":634.208600034,"data":"  with torch.cuda.amp.autocast(enabled=DEVICE.type == \"cuda\", dtype=torch.float16):\n"}
,{"stream_name":"stderr","time":634.693445369,"data":"/kaggle/src/script.py:325: FutureWarning: `torch.cuda.amp.autocast(args...)` is deprecated. Please use `torch.amp.autocast('cuda', args...)` instead.\n"}
,{"stream_name":"stderr","time":634.693496605,"data":"  with torch.cuda.amp.autocast(enabled=DEVICE.type == \"cuda\", dtype=torch.float16):\n"}
,{"stream_name":"stderr","time":635.142473667,"data":"/kaggle/src/script.py:325: FutureWarning: `torch.cuda.amp.autocast(args...)` is deprecated. Please use `torch.amp.autocast('cuda', args...)` instead.\n"}
,{"stream_name":"stderr","time":635.142534233,"data":"  with torch.cuda.amp.autocast(enabled=DEVICE.type == \"cuda\", dtype=torch.float16):\n"}
,{"stream_name":"stderr","time":635.61475569,"data":"/kaggle/src/script.py:325: FutureWarning: `torch.cuda.amp.autocast(args...)` is deprecated. Please use `torch.amp.autocast('cuda', args...)` instead.\n"}
,{"stream_name":"stderr","time":635.614830196,"data":"  with torch.cuda.amp.autocast(enabled=DEVICE.type == \"cuda\", dtype=torch.float16):\n"}
,{"stream_name":"stderr","time":636.051865104,"data":"/kaggle/src/script.py:325: FutureWarning: `torch.cuda.amp.autocast(args...)` is deprecated. Please use `torch.amp.autocast('cuda', args...)` instead.\n"}
,{"stream_name":"stderr","time":636.051916756,"data":"  with torch.cuda.amp.autocast(enabled=DEVICE.type == \"cuda\", dtype=torch.float16):\n"}
,{"stream_name":"stdout","time":636.698022466,"data":"epoch=3 session=60/206 step=171 loss=2.2081 ce=1.3356 rank=0.8197 struct=1.1711\n"}
,{"stream_name":"stderr","time":636.699345754,"data":"/kaggle/src/script.py:325: FutureWarning: `torch.cuda.amp.autocast(args...)` is deprecated. Please use `torch.amp.autocast('cuda', args...)` instead.\n"}
,{"stream_name":"stderr","time":636.699380712,"data":"  with torch.cuda.amp.autocast(enabled=DEVICE.type == \"cuda\", dtype=torch.float16):\n"}
,{"stream_name":"stderr","time":637.384916275,"data":"/kaggle/src/script.py:325: FutureWarning: `torch.cuda.amp.autocast(args...)` is deprecated. Please use `torch.amp.autocast('cuda', args...)` instead.\n"}
,{"stream_name":"stderr","time":637.384969132,"data":"  with torch.cuda.amp.autocast(enabled=DEVICE.type == \"cuda\", dtype=torch.float16):\n"}
,{"stream_name":"stderr","time":637.856941079,"data":"/kaggle/src/script.py:325: FutureWarning: `torch.cuda.amp.autocast(args...)` is deprecated. Please use `torch.amp.autocast('cuda', args...)` instead.\n"}
,{"stream_name":"stderr","time":637.85699045,"data":"  with torch.cuda.amp.autocast(enabled=DEVICE.type == \"cuda\", dtype=torch.float16):\n"}
,{"stream_name":"stderr","time":638.558189566,"data":"/kaggle/src/script.py:325: FutureWarning: `torch.cuda.amp.autocast(args...)` is deprecated. Please use `torch.amp.autocast('cuda', args...)` instead.\n"}
,{"stream_name":"stderr","time":638.558260147,"data":"  with torch.cuda.amp.autocast(enabled=DEVICE.type == \"cuda\", dtype=torch.float16):\n"}
,{"stream_name":"stderr","time":639.083413871,"data":"/kaggle/src/script.py:325: FutureWarning: `torch.cuda.amp.autocast(args...)` is deprecated. Please use `torch.amp.autocast('cuda', args...)` instead.\n"}
,{"stream_name":"stderr","time":639.083466312,"data":"  with torch.cuda.amp.autocast(enabled=DEVICE.type == \"cuda\", dtype=torch.float16):\n"}
,{"stream_name":"stderr","time":639.779488756,"data":"/kaggle/src/script.py:325: FutureWarning: `torch.cuda.amp.autocast(args...)` is deprecated. Please use `torch.amp.autocast('cuda', args...)` instead.\n"}
,{"stream_name":"stderr","time":639.779533865,"data":"  with torch.cuda.amp.autocast(enabled=DEVICE.type == \"cuda\", dtype=torch.float16):\n"}
,{"stream_name":"stderr","time":640.432945818,"data":"/kaggle/src/script.py:325: FutureWarning: `torch.cuda.amp.autocast(args...)` is deprecated. Please use `torch.amp.autocast('cuda', args...)` instead.\n"}
,{"stream_name":"stderr","time":640.433044544,"data":"  with torch.cuda.amp.autocast(enabled=DEVICE.type == \"cuda\", dtype=torch.float16):\n"}
,{"stream_name":"stderr","time":641.109079523,"data":"/kaggle/src/script.py:325: FutureWarning: `torch.cuda.amp.autocast(args...)` is deprecated. Please use `torch.amp.autocast('cuda', args...)` instead.\n"}
,{"stream_name":"stderr","time":641.109192609,"data":"  with torch.cuda.amp.autocast(enabled=DEVICE.type == \"cuda\", dtype=torch.float16):\n"}
,{"stream_name":"stderr","time":641.813881741,"data":"/kaggle/src/script.py:325: FutureWarning: `torch.cuda.amp.autocast(args...)` is deprecated. Please use `torch.amp.autocast('cuda', args...)` instead.\n"}
,{"stream_name":"stderr","time":641.813978647,"data":"  with torch.cuda.amp.autocast(enabled=DEVICE.type == \"cuda\", dtype=torch.float16):\n"}
,{"stream_name":"stderr","time":642.448922775,"data":"/kaggle/src/script.py:325: FutureWarning: `torch.cuda.amp.autocast(args...)` is deprecated. Please use `torch.amp.autocast('cuda', args...)` instead.\n"}
,{"stream_name":"stderr","time":642.449012193,"data":"  with torch.cuda.amp.autocast(enabled=DEVICE.type == \"cuda\", dtype=torch.float16):\n"}
,{"stream_name":"stdout","time":642.959353684,"data":"epoch=3 session=70/206 step=173 loss=2.1337 ce=1.4205 rank=0.7362 struct=0.9111\n"}
,{"stream_name":"stderr","time":642.960744365,"data":"/kaggle/src/script.py:325: FutureWarning: `torch.cuda.amp.autocast(args...)` is deprecated. Please use `torch.amp.autocast('cuda', args...)` instead.\n"}
,{"stream_name":"stderr","time":642.960778132,"data":"  with torch.cuda.amp.autocast(enabled=DEVICE.type == \"cuda\", dtype=torch.float16):\n"}
,{"stream_name":"stderr","time":643.60862089,"data":"/kaggle/src/script.py:325: FutureWarning: `torch.cuda.amp.autocast(args...)` is deprecated. Please use `torch.amp.autocast('cuda', args...)` instead.\n"}
,{"stream_name":"stderr","time":643.608694407,"data":"  with torch.cuda.amp.autocast(enabled=DEVICE.type == \"cuda\", dtype=torch.float16):\n"}
,{"stream_name":"stderr","time":644.243405098,"data":"/kaggle/src/script.py:325: FutureWarning: `torch.cuda.amp.autocast(args...)` is deprecated. Please use `torch.amp.autocast('cuda', args...)` instead.\n"}
,{"stream_name":"stderr","time":644.243480989,"data":"  with torch.cuda.amp.autocast(enabled=DEVICE.type == \"cuda\", dtype=torch.float16):\n"}
,{"stream_name":"stderr","time":644.743114534,"data":"/kaggle/src/script.py:325: FutureWarning: `torch.cuda.amp.autocast(args...)` is deprecated. Please use `torch.amp.autocast('cuda', args...)` instead.\n"}
,{"stream_name":"stderr","time":644.743195963,"data":"  with torch.cuda.amp.autocast(enabled=DEVICE.type == \"cuda\", dtype=torch.float16):\n"}
,{"stream_name":"stderr","time":645.240115578,"data":"/kaggle/src/script.py:325: FutureWarning: `torch.cuda.amp.autocast(args...)` is deprecated. Please use `torch.amp.autocast('cuda', args...)` instead.\n"}
,{"stream_name":"stderr","time":645.240280136,"data":"  with torch.cuda.amp.autocast(enabled=DEVICE.type == \"cuda\", dtype=torch.float16):\n"}
,{"stream_name":"stderr","time":645.925703176,"data":"/kaggle/src/script.py:325: FutureWarning: `torch.cuda.amp.autocast(args...)` is deprecated. Please use `torch.amp.autocast('cuda', args...)` instead.\n"}
,{"stream_name":"stderr","time":645.925764612,"data":"  with torch.cuda.amp.autocast(enabled=DEVICE.type == \"cuda\", dtype=torch.float16):\n"}
,{"stream_name":"stderr","time":646.607854874,"data":"/kaggle/src/script.py:325: FutureWarning: `torch.cuda.amp.autocast(args...)` is deprecated. Please use `torch.amp.autocast('cuda', args...)` instead.\n"}
,{"stream_name":"stderr","time":646.607916771,"data":"  with torch.cuda.amp.autocast(enabled=DEVICE.type == \"cuda\", dtype=torch.float16):\n"}
,{"stream_name":"stderr","time":647.110474788,"data":"/kaggle/src/script.py:325: FutureWarning: `torch.cuda.amp.autocast(args...)` is deprecated. Please use `torch.amp.autocast('cuda', args...)` instead.\n"}
,{"stream_name":"stderr","time":647.110547503,"data":"  with torch.cuda.amp.autocast(enabled=DEVICE.type == \"cuda\", dtype=torch.float16):\n"}
,{"stream_name":"stderr","time":647.790361831,"data":"/kaggle/src/script.py:325: FutureWarning: `torch.cuda.amp.autocast(args...)` is deprecated. Please use `torch.amp.autocast('cuda', args...)` instead.\n"}
,{"stream_name":"stderr","time":647.790426469,"data":"  with torch.cuda.amp.autocast(enabled=DEVICE.type == \"cuda\", dtype=torch.float16):\n"}
,{"stream_name":"stderr","time":648.259083485,"data":"/kaggle/src/script.py:325: FutureWarning: `torch.cuda.amp.autocast(args...)` is deprecated. Please use `torch.amp.autocast('cuda', args...)` instead.\n"}
,{"stream_name":"stderr","time":648.259157134,"data":"  with torch.cuda.amp.autocast(enabled=DEVICE.type == \"cuda\", dtype=torch.float16):\n"}
,{"stream_name":"stdout","time":648.732246023,"data":"epoch=3 session=80/206 step=176 loss=2.1412 ce=1.2771 rank=0.6693 struct=1.2595\n"}
,{"stream_name":"stderr","time":648.733760892,"data":"/kaggle/src/script.py:325: FutureWarning: `torch.cuda.amp.autocast(args...)` is deprecated. Please use `torch.amp.autocast('cuda', args...)` instead.\n"}
,{"stream_name":"stderr","time":648.733788893,"data":"  with torch.cuda.amp.autocast(enabled=DEVICE.type == \"cuda\", dtype=torch.float16):\n"}
,{"stream_name":"stderr","time":649.206685447,"data":"/kaggle/src/script.py:325: FutureWarning: `torch.cuda.amp.autocast(args...)` is deprecated. Please use `torch.amp.autocast('cuda', args...)` instead.\n"}
,{"stream_name":"stderr","time":649.206737493,"data":"  with torch.cuda.amp.autocast(enabled=DEVICE.type == \"cuda\", dtype=torch.float16):\n"}
,{"stream_name":"stderr","time":649.857147206,"data":"/kaggle/src/script.py:325: FutureWarning: `torch.cuda.amp.autocast(args...)` is deprecated. Please use `torch.amp.autocast('cuda', args...)` instead.\n"}
,{"stream_name":"stderr","time":649.857248416,"data":"  with torch.cuda.amp.autocast(enabled=DEVICE.type == \"cuda\", dtype=torch.float16):\n"}
,{"stream_name":"stderr","time":650.34379047,"data":"/kaggle/src/script.py:325: FutureWarning: `torch.cuda.amp.autocast(args...)` is deprecated. Please use `torch.amp.autocast('cuda', args...)` instead.\n"}
,{"stream_name":"stderr","time":650.343840447,"data":"  with torch.cuda.amp.autocast(enabled=DEVICE.type == \"cuda\", dtype=torch.float16):\n"}
,{"stream_name":"stderr","time":650.793564311,"data":"/kaggle/src/script.py:325: FutureWarning: `torch.cuda.amp.autocast(args...)` is deprecated. Please use `torch.amp.autocast('cuda', args...)` instead.\n"}
,{"stream_name":"stderr","time":650.793619407,"data":"  with torch.cuda.amp.autocast(enabled=DEVICE.type == \"cuda\", dtype=torch.float16):\n"}
,{"stream_name":"stderr","time":651.271331413,"data":"/kaggle/src/script.py:325: FutureWarning: `torch.cuda.amp.autocast(args...)` is deprecated. Please use `torch.amp.autocast('cuda', args...)` instead.\n"}
,{"stream_name":"stderr","time":651.271375666,"data":"  with torch.cuda.amp.autocast(enabled=DEVICE.type == \"cuda\", dtype=torch.float16):\n"}
,{"stream_name":"stderr","time":651.964254395,"data":"/kaggle/src/script.py:325: FutureWarning: `torch.cuda.amp.autocast(args...)` is deprecated. Please use `torch.amp.autocast('cuda', args...)` instead.\n"}
,{"stream_name":"stderr","time":651.964367851,"data":"  with torch.cuda.amp.autocast(enabled=DEVICE.type == \"cuda\", dtype=torch.float16):\n"}
,{"stream_name":"stderr","time":652.445288709,"data":"/kaggle/src/script.py:325: FutureWarning: `torch.cuda.amp.autocast(args...)` is deprecated. Please use `torch.amp.autocast('cuda', args...)` instead.\n"}
,{"stream_name":"stderr","time":652.445331147,"data":"  with torch.cuda.amp.autocast(enabled=DEVICE.type == \"cuda\", dtype=torch.float16):\n"}
,{"stream_name":"stderr","time":652.931401417,"data":"/kaggle/src/script.py:325: FutureWarning: `torch.cuda.amp.autocast(args...)` is deprecated. Please use `torch.amp.autocast('cuda', args...)` instead.\n"}
,{"stream_name":"stderr","time":652.931443932,"data":"  with torch.cuda.amp.autocast(enabled=DEVICE.type == \"cuda\", dtype=torch.float16):\n"}
,{"stream_name":"stderr","time":653.625417918,"data":"/kaggle/src/script.py:325: FutureWarning: `torch.cuda.amp.autocast(args...)` is deprecated. Please use `torch.amp.autocast('cuda', args...)` instead.\n"}
,{"stream_name":"stderr","time":653.625484282,"data":"  with torch.cuda.amp.autocast(enabled=DEVICE.type == \"cuda\", dtype=torch.float16):\n"}
,{"stream_name":"stdout","time":654.254244546,"data":"epoch=3 session=90/206 step=178 loss=2.3745 ce=1.4237 rank=0.7722 struct=1.3611\n"}
,{"stream_name":"stderr","time":654.255516034,"data":"/kaggle/src/script.py:325: FutureWarning: `torch.cuda.amp.autocast(args...)` is deprecated. Please use `torch.amp.autocast('cuda', args...)` instead.\n"}
,{"stream_name":"stderr","time":654.255543836,"data":"  with torch.cuda.amp.autocast(enabled=DEVICE.type == \"cuda\", dtype=torch.float16):\n"}
,{"stream_name":"stderr","time":654.941427128,"data":"/kaggle/src/script.py:325: FutureWarning: `torch.cuda.amp.autocast(args...)` is deprecated. Please use `torch.amp.autocast('cuda', args...)` instead.\n"}
,{"stream_name":"stderr","time":654.941488923,"data":"  with torch.cuda.amp.autocast(enabled=DEVICE.type == \"cuda\", dtype=torch.float16):\n"}
,{"stream_name":"stderr","time":655.581069213,"data":"/kaggle/src/script.py:325: FutureWarning: `torch.cuda.amp.autocast(args...)` is deprecated. Please use `torch.amp.autocast('cuda', args...)` instead.\n"}
,{"stream_name":"stderr","time":655.581113928,"data":"  with torch.cuda.amp.autocast(enabled=DEVICE.type == \"cuda\", dtype=torch.float16):\n"}
,{"stream_name":"stderr","time":656.276638101,"data":"/kaggle/src/script.py:325: FutureWarning: `torch.cuda.amp.autocast(args...)` is deprecated. Please use `torch.amp.autocast('cuda', args...)` instead.\n"}
,{"stream_name":"stderr","time":656.276832256,"data":"  with torch.cuda.amp.autocast(enabled=DEVICE.type == \"cuda\", dtype=torch.float16):\n"}
,{"stream_name":"stderr","time":656.744353086,"data":"/kaggle/src/script.py:325: FutureWarning: `torch.cuda.amp.autocast(args...)` is deprecated. Please use `torch.amp.autocast('cuda', args...)` instead.\n"}
,{"stream_name":"stderr","time":656.744403538,"data":"  with torch.cuda.amp.autocast(enabled=DEVICE.type == \"cuda\", dtype=torch.float16):\n"}
,{"stream_name":"stderr","time":657.21789384,"data":"/kaggle/src/script.py:325: FutureWarning: `torch.cuda.amp.autocast(args...)` is deprecated. Please use `torch.amp.autocast('cuda', args...)` instead.\n"}
,{"stream_name":"stderr","time":657.217939969,"data":"  with torch.cuda.amp.autocast(enabled=DEVICE.type == \"cuda\", dtype=torch.float16):\n"}
,{"stream_name":"stderr","time":657.894280042,"data":"/kaggle/src/script.py:325: FutureWarning: `torch.cuda.amp.autocast(args...)` is deprecated. Please use `torch.amp.autocast('cuda', args...)` instead.\n"}
,{"stream_name":"stderr","time":657.89432031,"data":"  with torch.cuda.amp.autocast(enabled=DEVICE.type == \"cuda\", dtype=torch.float16):\n"}
,{"stream_name":"stderr","time":658.372471418,"data":"/kaggle/src/script.py:325: FutureWarning: `torch.cuda.amp.autocast(args...)` is deprecated. Please use `torch.amp.autocast('cuda', args...)` instead.\n"}
,{"stream_name":"stderr","time":658.372516657,"data":"  with torch.cuda.amp.autocast(enabled=DEVICE.type == \"cuda\", dtype=torch.float16):\n"}
,{"stream_name":"stderr","time":659.082809527,"data":"/kaggle/src/script.py:325: FutureWarning: `torch.cuda.amp.autocast(args...)` is deprecated. Please use `torch.amp.autocast('cuda', args...)` instead.\n"}
,{"stream_name":"stderr","time":659.082881088,"data":"  with torch.cuda.amp.autocast(enabled=DEVICE.type == \"cuda\", dtype=torch.float16):\n"}
,{"stream_name":"stderr","time":659.747614276,"data":"/kaggle/src/script.py:325: FutureWarning: `torch.cuda.amp.autocast(args...)` is deprecated. Please use `torch.amp.autocast('cuda', args...)` instead.\n"}
,{"stream_name":"stderr","time":659.747659936,"data":"  with torch.cuda.amp.autocast(enabled=DEVICE.type == \"cuda\", dtype=torch.float16):\n"}
,{"stream_name":"stdout","time":660.477306404,"data":"epoch=3 session=100/206 step=181 loss=2.0850 ce=1.2885 rank=0.7676 struct=1.0556\n"}
,{"stream_name":"stderr","time":660.478602903,"data":"/kaggle/src/script.py:325: FutureWarning: `torch.cuda.amp.autocast(args...)` is deprecated. Please use `torch.amp.autocast('cuda', args...)` instead.\n"}
,{"stream_name":"stderr","time":660.478632739,"data":"  with torch.cuda.amp.autocast(enabled=DEVICE.type == \"cuda\", dtype=torch.float16):\n"}
,{"stream_name":"stderr","time":661.173741517,"data":"/kaggle/src/script.py:325: FutureWarning: `torch.cuda.amp.autocast(args...)` is deprecated. Please use `torch.amp.autocast('cuda', args...)` instead.\n"}
,{"stream_name":"stderr","time":661.173797573,"data":"  with torch.cuda.amp.autocast(enabled=DEVICE.type == \"cuda\", dtype=torch.float16):\n"}
,{"stream_name":"stderr","time":661.8853434,"data":"/kaggle/src/script.py:325: FutureWarning: `torch.cuda.amp.autocast(args...)` is deprecated. Please use `torch.amp.autocast('cuda', args...)` instead.\n"}
,{"stream_name":"stderr","time":661.8854054,"data":"  with torch.cuda.amp.autocast(enabled=DEVICE.type == \"cuda\", dtype=torch.float16):\n"}
,{"stream_name":"stderr","time":662.370260025,"data":"/kaggle/src/script.py:325: FutureWarning: `torch.cuda.amp.autocast(args...)` is deprecated. Please use `torch.amp.autocast('cuda', args...)` instead.\n"}
,{"stream_name":"stderr","time":662.370302983,"data":"  with torch.cuda.amp.autocast(enabled=DEVICE.type == \"cuda\", dtype=torch.float16):\n"}
,{"stream_name":"stderr","time":662.838142642,"data":"/kaggle/src/script.py:325: FutureWarning: `torch.cuda.amp.autocast(args...)` is deprecated. Please use `torch.amp.autocast('cuda', args...)` instead.\n"}
,{"stream_name":"stderr","time":662.83824167,"data":"  with torch.cuda.amp.autocast(enabled=DEVICE.type == \"cuda\", dtype=torch.float16):\n"}
,{"stream_name":"stderr","time":663.536605455,"data":"/kaggle/src/script.py:325: FutureWarning: `torch.cuda.amp.autocast(args...)` is deprecated. Please use `torch.amp.autocast('cuda', args...)` instead.\n"}
,{"stream_name":"stderr","time":663.536663319,"data":"  with torch.cuda.amp.autocast(enabled=DEVICE.type == \"cuda\", dtype=torch.float16):\n"}
,{"stream_name":"stderr","time":664.239199823,"data":"/kaggle/src/script.py:325: FutureWarning: `torch.cuda.amp.autocast(args...)` is deprecated. Please use `torch.amp.autocast('cuda', args...)` instead.\n"}
,{"stream_name":"stderr","time":664.239245003,"data":"  with torch.cuda.amp.autocast(enabled=DEVICE.type == \"cuda\", dtype=torch.float16):\n"}
,{"stream_name":"stderr","time":664.695503577,"data":"/kaggle/src/script.py:325: FutureWarning: `torch.cuda.amp.autocast(args...)` is deprecated. Please use `torch.amp.autocast('cuda', args...)` instead.\n"}
,{"stream_name":"stderr","time":664.695552154,"data":"  with torch.cuda.amp.autocast(enabled=DEVICE.type == \"cuda\", dtype=torch.float16):\n"}
,{"stream_name":"stderr","time":665.426265207,"data":"/kaggle/src/script.py:325: FutureWarning: `torch.cuda.amp.autocast(args...)` is deprecated. Please use `torch.amp.autocast('cuda', args...)` instead.\n"}
,{"stream_name":"stderr","time":665.426337112,"data":"  with torch.cuda.amp.autocast(enabled=DEVICE.type == \"cuda\", dtype=torch.float16):\n"}
,{"stream_name":"stderr","time":665.895738343,"data":"/kaggle/src/script.py:325: FutureWarning: `torch.cuda.amp.autocast(args...)` is deprecated. Please use `torch.amp.autocast('cuda', args...)` instead.\n"}
,{"stream_name":"stderr","time":665.895783022,"data":"  with torch.cuda.amp.autocast(enabled=DEVICE.type == \"cuda\", dtype=torch.float16):\n"}
,{"stream_name":"stdout","time":666.365351022,"data":"epoch=3 session=110/206 step=183 loss=2.2831 ce=1.3617 rank=0.7598 struct=1.3110\n"}
,{"stream_name":"stderr","time":666.366812916,"data":"/kaggle/src/script.py:325: FutureWarning: `torch.cuda.amp.autocast(args...)` is deprecated. Please use `torch.amp.autocast('cuda', args...)` instead.\n"}
,{"stream_name":"stderr","time":666.366840937,"data":"  with torch.cuda.amp.autocast(enabled=DEVICE.type == \"cuda\", dtype=torch.float16):\n"}
,{"stream_name":"stderr","time":666.861089573,"data":"/kaggle/src/script.py:325: FutureWarning: `torch.cuda.amp.autocast(args...)` is deprecated. Please use `torch.amp.autocast('cuda', args...)` instead.\n"}
,{"stream_name":"stderr","time":666.861211664,"data":"  with torch.cuda.amp.autocast(enabled=DEVICE.type == \"cuda\", dtype=torch.float16):\n"}
,{"stream_name":"stderr","time":667.515050781,"data":"/kaggle/src/script.py:325: FutureWarning: `torch.cuda.amp.autocast(args...)` is deprecated. Please use `torch.amp.autocast('cuda', args...)` instead.\n"}
,{"stream_name":"stderr","time":667.515097508,"data":"  with torch.cuda.amp.autocast(enabled=DEVICE.type == \"cuda\", dtype=torch.float16):\n"}
,{"stream_name":"stderr","time":668.272204295,"data":"/kaggle/src/script.py:325: FutureWarning: `torch.cuda.amp.autocast(args...)` is deprecated. Please use `torch.amp.autocast('cuda', args...)` instead.\n"}
,{"stream_name":"stderr","time":668.27224981,"data":"  with torch.cuda.amp.autocast(enabled=DEVICE.type == \"cuda\", dtype=torch.float16):\n"}
,{"stream_name":"stderr","time":668.78062916,"data":"/kaggle/src/script.py:325: FutureWarning: `torch.cuda.amp.autocast(args...)` is deprecated. Please use `torch.amp.autocast('cuda', args...)` instead.\n"}
,{"stream_name":"stderr","time":668.780676827,"data":"  with torch.cuda.amp.autocast(enabled=DEVICE.type == \"cuda\", dtype=torch.float16):\n"}
,{"stream_name":"stderr","time":669.417396872,"data":"/kaggle/src/script.py:325: FutureWarning: `torch.cuda.amp.autocast(args...)` is deprecated. Please use `torch.amp.autocast('cuda', args...)` instead.\n"}
,{"stream_name":"stderr","time":669.417452767,"data":"  with torch.cuda.amp.autocast(enabled=DEVICE.type == \"cuda\", dtype=torch.float16):\n"}
,{"stream_name":"stderr","time":670.060908836,"data":"/kaggle/src/script.py:325: FutureWarning: `torch.cuda.amp.autocast(args...)` is deprecated. Please use `torch.amp.autocast('cuda', args...)` instead.\n"}
,{"stream_name":"stderr","time":670.060983669,"data":"  with torch.cuda.amp.autocast(enabled=DEVICE.type == \"cuda\", dtype=torch.float16):\n"}
,{"stream_name":"stderr","time":670.751907591,"data":"/kaggle/src/script.py:325: FutureWarning: `torch.cuda.amp.autocast(args...)` is deprecated. Please use `torch.amp.autocast('cuda', args...)` instead.\n"}
,{"stream_name":"stderr","time":670.751950399,"data":"  with torch.cuda.amp.autocast(enabled=DEVICE.type == \"cuda\", dtype=torch.float16):\n"}
,{"stream_name":"stderr","time":671.237965598,"data":"/kaggle/src/script.py:325: FutureWarning: `torch.cuda.amp.autocast(args...)` is deprecated. Please use `torch.amp.autocast('cuda', args...)` instead.\n"}
,{"stream_name":"stderr","time":671.238017579,"data":"  with torch.cuda.amp.autocast(enabled=DEVICE.type == \"cuda\", dtype=torch.float16):\n"}
,{"stream_name":"stderr","time":671.942760829,"data":"/kaggle/src/script.py:325: FutureWarning: `torch.cuda.amp.autocast(args...)` is deprecated. Please use `torch.amp.autocast('cuda', args...)` instead.\n"}
,{"stream_name":"stderr","time":671.942808312,"data":"  with torch.cuda.amp.autocast(enabled=DEVICE.type == \"cuda\", dtype=torch.float16):\n"}
,{"stream_name":"stdout","time":672.400015531,"data":"epoch=3 session=120/206 step=186 loss=2.2788 ce=1.3930 rank=0.8395 struct=1.1838\n"}
,{"stream_name":"stderr","time":672.401308947,"data":"/kaggle/src/script.py:325: FutureWarning: `torch.cuda.amp.autocast(args...)` is deprecated. Please use `torch.amp.autocast('cuda', args...)` instead.\n"}
,{"stream_name":"stderr","time":672.401354706,"data":"  with torch.cuda.amp.autocast(enabled=DEVICE.type == \"cuda\", dtype=torch.float16):\n"}
,{"stream_name":"stderr","time":673.095971649,"data":"/kaggle/src/script.py:325: FutureWarning: `torch.cuda.amp.autocast(args...)` is deprecated. Please use `torch.amp.autocast('cuda', args...)` instead.\n"}
,{"stream_name":"stderr","time":673.096014746,"data":"  with torch.cuda.amp.autocast(enabled=DEVICE.type == \"cuda\", dtype=torch.float16):\n"}
,{"stream_name":"stderr","time":673.567045522,"data":"/kaggle/src/script.py:325: FutureWarning: `torch.cuda.amp.autocast(args...)` is deprecated. Please use `torch.amp.autocast('cuda', args...)` instead.\n"}
,{"stream_name":"stderr","time":673.567086888,"data":"  with torch.cuda.amp.autocast(enabled=DEVICE.type == \"cuda\", dtype=torch.float16):\n"}
,{"stream_name":"stderr","time":674.211141168,"data":"/kaggle/src/script.py:325: FutureWarning: `torch.cuda.amp.autocast(args...)` is deprecated. Please use `torch.amp.autocast('cuda', args...)` instead.\n"}
,{"stream_name":"stderr","time":674.211206832,"data":"  with torch.cuda.amp.autocast(enabled=DEVICE.type == \"cuda\", dtype=torch.float16):\n"}
,{"stream_name":"stderr","time":674.885126007,"data":"/kaggle/src/script.py:325: FutureWarning: `torch.cuda.amp.autocast(args...)` is deprecated. Please use `torch.amp.autocast('cuda', args...)` instead.\n"}
,{"stream_name":"stderr","time":674.8851675,"data":"  with torch.cuda.amp.autocast(enabled=DEVICE.type == \"cuda\", dtype=torch.float16):\n"}
,{"stream_name":"stderr","time":675.562504457,"data":"/kaggle/src/script.py:325: FutureWarning: `torch.cuda.amp.autocast(args...)` is deprecated. Please use `torch.amp.autocast('cuda', args...)` instead.\n"}
,{"stream_name":"stderr","time":675.562572633,"data":"  with torch.cuda.amp.autocast(enabled=DEVICE.type == \"cuda\", dtype=torch.float16):\n"}
,{"stream_name":"stderr","time":676.085016288,"data":"/kaggle/src/script.py:325: FutureWarning: `torch.cuda.amp.autocast(args...)` is deprecated. Please use `torch.amp.autocast('cuda', args...)` instead.\n"}
,{"stream_name":"stderr","time":676.085075392,"data":"  with torch.cuda.amp.autocast(enabled=DEVICE.type == \"cuda\", dtype=torch.float16):\n"}
,{"stream_name":"stderr","time":676.554696532,"data":"/kaggle/src/script.py:325: FutureWarning: `torch.cuda.amp.autocast(args...)` is deprecated. Please use `torch.amp.autocast('cuda', args...)` instead.\n"}
,{"stream_name":"stderr","time":676.554744216,"data":"  with torch.cuda.amp.autocast(enabled=DEVICE.type == \"cuda\", dtype=torch.float16):\n"}
,{"stream_name":"stderr","time":677.196448642,"data":"/kaggle/src/script.py:325: FutureWarning: `torch.cuda.amp.autocast(args...)` is deprecated. Please use `torch.amp.autocast('cuda', args...)` instead.\n"}
,{"stream_name":"stderr","time":677.196494576,"data":"  with torch.cuda.amp.autocast(enabled=DEVICE.type == \"cuda\", dtype=torch.float16):\n"}
,{"stream_name":"stderr","time":677.666041752,"data":"/kaggle/src/script.py:325: FutureWarning: `torch.cuda.amp.autocast(args...)` is deprecated. Please use `torch.amp.autocast('cuda', args...)` instead.\n"}
,{"stream_name":"stderr","time":677.666085952,"data":"  with torch.cuda.amp.autocast(enabled=DEVICE.type == \"cuda\", dtype=torch.float16):\n"}
,{"stream_name":"stdout","time":678.132809691,"data":"epoch=3 session=130/206 step=188 loss=2.2369 ce=1.3314 rank=0.7801 struct=1.2650\n"}
,{"stream_name":"stderr","time":678.134149044,"data":"/kaggle/src/script.py:325: FutureWarning: `torch.cuda.amp.autocast(args...)` is deprecated. Please use `torch.amp.autocast('cuda', args...)` instead.\n"}
,{"stream_name":"stderr","time":678.134207096,"data":"  with torch.cuda.amp.autocast(enabled=DEVICE.type == \"cuda\", dtype=torch.float16):\n"}
,{"stream_name":"stderr","time":678.617454984,"data":"/kaggle/src/script.py:325: FutureWarning: `torch.cuda.amp.autocast(args...)` is deprecated. Please use `torch.amp.autocast('cuda', args...)` instead.\n"}
,{"stream_name":"stderr","time":678.617501814,"data":"  with torch.cuda.amp.autocast(enabled=DEVICE.type == \"cuda\", dtype=torch.float16):\n"}
,{"stream_name":"stderr","time":679.305578081,"data":"/kaggle/src/script.py:325: FutureWarning: `torch.cuda.amp.autocast(args...)` is deprecated. Please use `torch.amp.autocast('cuda', args...)` instead.\n"}
,{"stream_name":"stderr","time":679.305653503,"data":"  with torch.cuda.amp.autocast(enabled=DEVICE.type == \"cuda\", dtype=torch.float16):\n"}
,{"stream_name":"stderr","time":679.776217464,"data":"/kaggle/src/script.py:325: FutureWarning: `torch.cuda.amp.autocast(args...)` is deprecated. Please use `torch.amp.autocast('cuda', args...)` instead.\n"}
,{"stream_name":"stderr","time":679.776269199,"data":"  with torch.cuda.amp.autocast(enabled=DEVICE.type == \"cuda\", dtype=torch.float16):\n"}
,{"stream_name":"stderr","time":680.235980104,"data":"/kaggle/src/script.py:325: FutureWarning: `torch.cuda.amp.autocast(args...)` is deprecated. Please use `torch.amp.autocast('cuda', args...)` instead.\n"}
,{"stream_name":"stderr","time":680.236019051,"data":"  with torch.cuda.amp.autocast(enabled=DEVICE.type == \"cuda\", dtype=torch.float16):\n"}
,{"stream_name":"stderr","time":680.910154575,"data":"/kaggle/src/script.py:325: FutureWarning: `torch.cuda.amp.autocast(args...)` is deprecated. Please use `torch.amp.autocast('cuda', args...)` instead.\n"}
,{"stream_name":"stderr","time":680.91028389,"data":"  with torch.cuda.amp.autocast(enabled=DEVICE.type == \"cuda\", dtype=torch.float16):\n"}
,{"stream_name":"stderr","time":681.641324129,"data":"/kaggle/src/script.py:325: FutureWarning: `torch.cuda.amp.autocast(args...)` is deprecated. Please use `torch.amp.autocast('cuda', args...)` instead.\n"}
,{"stream_name":"stderr","time":681.641370897,"data":"  with torch.cuda.amp.autocast(enabled=DEVICE.type == \"cuda\", dtype=torch.float16):\n"}
,{"stream_name":"stderr","time":682.307772938,"data":"/kaggle/src/script.py:325: FutureWarning: `torch.cuda.amp.autocast(args...)` is deprecated. Please use `torch.amp.autocast('cuda', args...)` instead.\n"}
,{"stream_name":"stderr","time":682.307815961,"data":"  with torch.cuda.amp.autocast(enabled=DEVICE.type == \"cuda\", dtype=torch.float16):\n"}
,{"stream_name":"stderr","time":683.00390023,"data":"/kaggle/src/script.py:325: FutureWarning: `torch.cuda.amp.autocast(args...)` is deprecated. Please use `torch.amp.autocast('cuda', args...)` instead.\n"}
,{"stream_name":"stderr","time":683.003943427,"data":"  with torch.cuda.amp.autocast(enabled=DEVICE.type == \"cuda\", dtype=torch.float16):\n"}
,{"stream_name":"stderr","time":683.695349811,"data":"/kaggle/src/script.py:325: FutureWarning: `torch.cuda.amp.autocast(args...)` is deprecated. Please use `torch.amp.autocast('cuda', args...)` instead.\n"}
,{"stream_name":"stderr","time":683.695419324,"data":"  with torch.cuda.amp.autocast(enabled=DEVICE.type == \"cuda\", dtype=torch.float16):\n"}
,{"stream_name":"stdout","time":684.376719322,"data":"epoch=3 session=140/206 step=191 loss=2.1695 ce=1.3266 rank=0.7310 struct=1.1740\n"}
,{"stream_name":"stderr","time":684.377974181,"data":"/kaggle/src/script.py:325: FutureWarning: `torch.cuda.amp.autocast(args...)` is deprecated. Please use `torch.amp.autocast('cuda', args...)` instead.\n"}
,{"stream_name":"stderr","time":684.37799674,"data":"  with torch.cuda.amp.autocast(enabled=DEVICE.type == \"cuda\", dtype=torch.float16):\n"}
,{"stream_name":"stderr","time":685.04320763,"data":"/kaggle/src/script.py:325: FutureWarning: `torch.cuda.amp.autocast(args...)` is deprecated. Please use `torch.amp.autocast('cuda', args...)` instead.\n"}
,{"stream_name":"stderr","time":685.043299771,"data":"  with torch.cuda.amp.autocast(enabled=DEVICE.type == \"cuda\", dtype=torch.float16):\n"}
,{"stream_name":"stderr","time":685.557875633,"data":"/kaggle/src/script.py:325: FutureWarning: `torch.cuda.amp.autocast(args...)` is deprecated. Please use `torch.amp.autocast('cuda', args...)` instead.\n"}
,{"stream_name":"stderr","time":685.557925928,"data":"  with torch.cuda.amp.autocast(enabled=DEVICE.type == \"cuda\", dtype=torch.float16):\n"}
,{"stream_name":"stderr","time":686.230782352,"data":"/kaggle/src/script.py:325: FutureWarning: `torch.cuda.amp.autocast(args...)` is deprecated. Please use `torch.amp.autocast('cuda', args...)` instead.\n"}
,{"stream_name":"stderr","time":686.230826037,"data":"  with torch.cuda.amp.autocast(enabled=DEVICE.type == \"cuda\", dtype=torch.float16):\n"}
,{"stream_name":"stderr","time":686.896485851,"data":"/kaggle/src/script.py:325: FutureWarning: `torch.cuda.amp.autocast(args...)` is deprecated. Please use `torch.amp.autocast('cuda', args...)` instead.\n"}
,{"stream_name":"stderr","time":686.896529539,"data":"  with torch.cuda.amp.autocast(enabled=DEVICE.type == \"cuda\", dtype=torch.float16):\n"}
,{"stream_name":"stderr","time":687.560786265,"data":"/kaggle/src/script.py:325: FutureWarning: `torch.cuda.amp.autocast(args...)` is deprecated. Please use `torch.amp.autocast('cuda', args...)` instead.\n"}
,{"stream_name":"stderr","time":687.560852754,"data":"  with torch.cuda.amp.autocast(enabled=DEVICE.type == \"cuda\", dtype=torch.float16):\n"}
,{"stream_name":"stderr","time":688.263378096,"data":"/kaggle/src/script.py:325: FutureWarning: `torch.cuda.amp.autocast(args...)` is deprecated. Please use `torch.amp.autocast('cuda', args...)` instead.\n"}
,{"stream_name":"stderr","time":688.26342428,"data":"  with torch.cuda.amp.autocast(enabled=DEVICE.type == \"cuda\", dtype=torch.float16):\n"}
,{"stream_name":"stderr","time":688.759496773,"data":"/kaggle/src/script.py:325: FutureWarning: `torch.cuda.amp.autocast(args...)` is deprecated. Please use `torch.amp.autocast('cuda', args...)` instead.\n"}
,{"stream_name":"stderr","time":688.759552844,"data":"  with torch.cuda.amp.autocast(enabled=DEVICE.type == \"cuda\", dtype=torch.float16):\n"}
,{"stream_name":"stderr","time":689.23941462,"data":"/kaggle/src/script.py:325: FutureWarning: `torch.cuda.amp.autocast(args...)` is deprecated. Please use `torch.amp.autocast('cuda', args...)` instead.\n"}
,{"stream_name":"stderr","time":689.239482551,"data":"  with torch.cuda.amp.autocast(enabled=DEVICE.type == \"cuda\", dtype=torch.float16):\n"}
,{"stream_name":"stderr","time":689.716196758,"data":"/kaggle/src/script.py:325: FutureWarning: `torch.cuda.amp.autocast(args...)` is deprecated. Please use `torch.amp.autocast('cuda', args...)` instead.\n"}
,{"stream_name":"stderr","time":689.716243252,"data":"  with torch.cuda.amp.autocast(enabled=DEVICE.type == \"cuda\", dtype=torch.float16):\n"}
,{"stream_name":"stdout","time":690.366239567,"data":"epoch=3 session=150/206 step=193 loss=2.1112 ce=1.3696 rank=0.7767 struct=0.9396\n"}
,{"stream_name":"stderr","time":690.367798991,"data":"/kaggle/src/script.py:325: FutureWarning: `torch.cuda.amp.autocast(args...)` is deprecated. Please use `torch.amp.autocast('cuda', args...)` instead.\n"}
,{"stream_name":"stderr","time":690.367827178,"data":"  with torch.cuda.amp.autocast(enabled=DEVICE.type == \"cuda\", dtype=torch.float16):\n"}
,{"stream_name":"stderr","time":691.084229535,"data":"/kaggle/src/script.py:325: FutureWarning: `torch.cuda.amp.autocast(args...)` is deprecated. Please use `torch.amp.autocast('cuda', args...)` instead.\n"}
,{"stream_name":"stderr","time":691.084277526,"data":"  with torch.cuda.amp.autocast(enabled=DEVICE.type == \"cuda\", dtype=torch.float16):\n"}
,{"stream_name":"stderr","time":691.629413884,"data":"/kaggle/src/script.py:325: FutureWarning: `torch.cuda.amp.autocast(args...)` is deprecated. Please use `torch.amp.autocast('cuda', args...)` instead.\n"}
,{"stream_name":"stderr","time":691.629461239,"data":"  with torch.cuda.amp.autocast(enabled=DEVICE.type == \"cuda\", dtype=torch.float16):\n"}
,{"stream_name":"stderr","time":692.270950444,"data":"/kaggle/src/script.py:325: FutureWarning: `torch.cuda.amp.autocast(args...)` is deprecated. Please use `torch.amp.autocast('cuda', args...)` instead.\n"}
,{"stream_name":"stderr","time":692.270992106,"data":"  with torch.cuda.amp.autocast(enabled=DEVICE.type == \"cuda\", dtype=torch.float16):\n"}
,{"stream_name":"stderr","time":692.784801827,"data":"/kaggle/src/script.py:325: FutureWarning: `torch.cuda.amp.autocast(args...)` is deprecated. Please use `torch.amp.autocast('cuda', args...)` instead.\n"}
,{"stream_name":"stderr","time":692.784861911,"data":"  with torch.cuda.amp.autocast(enabled=DEVICE.type == \"cuda\", dtype=torch.float16):\n"}
,{"stream_name":"stderr","time":693.256906272,"data":"/kaggle/src/script.py:325: FutureWarning: `torch.cuda.amp.autocast(args...)` is deprecated. Please use `torch.amp.autocast('cuda', args...)` instead.\n"}
,{"stream_name":"stderr","time":693.256946453,"data":"  with torch.cuda.amp.autocast(enabled=DEVICE.type == \"cuda\", dtype=torch.float16):\n"}
,{"stream_name":"stderr","time":693.718270268,"data":"/kaggle/src/script.py:325: FutureWarning: `torch.cuda.amp.autocast(args...)` is deprecated. Please use `torch.amp.autocast('cuda', args...)` instead.\n"}
,{"stream_name":"stderr","time":693.71831822,"data":"  with torch.cuda.amp.autocast(enabled=DEVICE.type == \"cuda\", dtype=torch.float16):\n"}
,{"stream_name":"stderr","time":694.401586755,"data":"/kaggle/src/script.py:325: FutureWarning: `torch.cuda.amp.autocast(args...)` is deprecated. Please use `torch.amp.autocast('cuda', args...)` instead.\n"}
,{"stream_name":"stderr","time":694.401641104,"data":"  with torch.cuda.amp.autocast(enabled=DEVICE.type == \"cuda\", dtype=torch.float16):\n"}
,{"stream_name":"stderr","time":694.887854225,"data":"/kaggle/src/script.py:325: FutureWarning: `torch.cuda.amp.autocast(args...)` is deprecated. Please use `torch.amp.autocast('cuda', args...)` instead.\n"}
,{"stream_name":"stderr","time":694.887905732,"data":"  with torch.cuda.amp.autocast(enabled=DEVICE.type == \"cuda\", dtype=torch.float16):\n"}
,{"stream_name":"stderr","time":695.367289274,"data":"/kaggle/src/script.py:325: FutureWarning: `torch.cuda.amp.autocast(args...)` is deprecated. Please use `torch.amp.autocast('cuda', args...)` instead.\n"}
,{"stream_name":"stderr","time":695.367340182,"data":"  with torch.cuda.amp.autocast(enabled=DEVICE.type == \"cuda\", dtype=torch.float16):\n"}
,{"stream_name":"stdout","time":696.049613214,"data":"epoch=3 session=160/206 step=196 loss=2.5647 ce=1.4635 rank=0.8202 struct=1.6284\n"}
,{"stream_name":"stderr","time":696.050857976,"data":"/kaggle/src/script.py:325: FutureWarning: `torch.cuda.amp.autocast(args...)` is deprecated. Please use `torch.amp.autocast('cuda', args...)` instead.\n"}
,{"stream_name":"stderr","time":696.050886091,"data":"  with torch.cuda.amp.autocast(enabled=DEVICE.type == \"cuda\", dtype=torch.float16):\n"}
,{"stream_name":"stderr","time":696.721423284,"data":"/kaggle/src/script.py:325: FutureWarning: `torch.cuda.amp.autocast(args...)` is deprecated. Please use `torch.amp.autocast('cuda', args...)` instead.\n"}
,{"stream_name":"stderr","time":696.721476491,"data":"  with torch.cuda.amp.autocast(enabled=DEVICE.type == \"cuda\", dtype=torch.float16):\n"}
,{"stream_name":"stderr","time":697.426605136,"data":"/kaggle/src/script.py:325: FutureWarning: `torch.cuda.amp.autocast(args...)` is deprecated. Please use `torch.amp.autocast('cuda', args...)` instead.\n"}
,{"stream_name":"stderr","time":697.426671259,"data":"  with torch.cuda.amp.autocast(enabled=DEVICE.type == \"cuda\", dtype=torch.float16):\n"}
,{"stream_name":"stderr","time":697.907787304,"data":"/kaggle/src/script.py:325: FutureWarning: `torch.cuda.amp.autocast(args...)` is deprecated. Please use `torch.amp.autocast('cuda', args...)` instead.\n"}
,{"stream_name":"stderr","time":697.907852725,"data":"  with torch.cuda.amp.autocast(enabled=DEVICE.type == \"cuda\", dtype=torch.float16):\n"}
,{"stream_name":"stderr","time":698.428538802,"data":"/kaggle/src/script.py:325: FutureWarning: `torch.cuda.amp.autocast(args...)` is deprecated. Please use `torch.amp.autocast('cuda', args...)` instead.\n"}
,{"stream_name":"stderr","time":698.428580245,"data":"  with torch.cuda.amp.autocast(enabled=DEVICE.type == \"cuda\", dtype=torch.float16):\n"}
,{"stream_name":"stderr","time":699.057514228,"data":"/kaggle/src/script.py:325: FutureWarning: `torch.cuda.amp.autocast(args...)` is deprecated. Please use `torch.amp.autocast('cuda', args...)` instead.\n"}
,{"stream_name":"stderr","time":699.057553906,"data":"  with torch.cuda.amp.autocast(enabled=DEVICE.type == \"cuda\", dtype=torch.float16):\n"}
,{"stream_name":"stderr","time":699.728232349,"data":"/kaggle/src/script.py:325: FutureWarning: `torch.cuda.amp.autocast(args...)` is deprecated. Please use `torch.amp.autocast('cuda', args...)` instead.\n"}
,{"stream_name":"stderr","time":699.728277851,"data":"  with torch.cuda.amp.autocast(enabled=DEVICE.type == \"cuda\", dtype=torch.float16):\n"}
,{"stream_name":"stderr","time":700.216851097,"data":"/kaggle/src/script.py:325: FutureWarning: `torch.cuda.amp.autocast(args...)` is deprecated. Please use `torch.amp.autocast('cuda', args...)` instead.\n"}
,{"stream_name":"stderr","time":700.216912669,"data":"  with torch.cuda.amp.autocast(enabled=DEVICE.type == \"cuda\", dtype=torch.float16):\n"}
,{"stream_name":"stderr","time":700.894268739,"data":"/kaggle/src/script.py:325: FutureWarning: `torch.cuda.amp.autocast(args...)` is deprecated. Please use `torch.amp.autocast('cuda', args...)` instead.\n"}
,{"stream_name":"stderr","time":700.894329317,"data":"  with torch.cuda.amp.autocast(enabled=DEVICE.type == \"cuda\", dtype=torch.float16):\n"}
,{"stream_name":"stderr","time":701.634941349,"data":"/kaggle/src/script.py:325: FutureWarning: `torch.cuda.amp.autocast(args...)` is deprecated. Please use `torch.amp.autocast('cuda', args...)` instead.\n"}
,{"stream_name":"stderr","time":701.6349845,"data":"  with torch.cuda.amp.autocast(enabled=DEVICE.type == \"cuda\", dtype=torch.float16):\n"}
,{"stream_name":"stdout","time":702.127705487,"data":"epoch=3 session=170/206 step=198 loss=2.1017 ce=1.3340 rank=0.7796 struct=0.9897\n"}
,{"stream_name":"stderr","time":702.129142252,"data":"/kaggle/src/script.py:325: FutureWarning: `torch.cuda.amp.autocast(args...)` is deprecated. Please use `torch.amp.autocast('cuda', args...)` instead.\n"}
,{"stream_name":"stderr","time":702.129202052,"data":"  with torch.cuda.amp.autocast(enabled=DEVICE.type == \"cuda\", dtype=torch.float16):\n"}
,{"stream_name":"stderr","time":702.594006616,"data":"/kaggle/src/script.py:325: FutureWarning: `torch.cuda.amp.autocast(args...)` is deprecated. Please use `torch.amp.autocast('cuda', args...)` instead.\n"}
,{"stream_name":"stderr","time":702.594068608,"data":"  with torch.cuda.amp.autocast(enabled=DEVICE.type == \"cuda\", dtype=torch.float16):\n"}
,{"stream_name":"stderr","time":703.029364251,"data":"/kaggle/src/script.py:325: FutureWarning: `torch.cuda.amp.autocast(args...)` is deprecated. Please use `torch.amp.autocast('cuda', args...)` instead.\n"}
,{"stream_name":"stderr","time":703.029407305,"data":"  with torch.cuda.amp.autocast(enabled=DEVICE.type == \"cuda\", dtype=torch.float16):\n"}
,{"stream_name":"stderr","time":703.73806866,"data":"/kaggle/src/script.py:325: FutureWarning: `torch.cuda.amp.autocast(args...)` is deprecated. Please use `torch.amp.autocast('cuda', args...)` instead.\n"}
,{"stream_name":"stderr","time":703.738111338,"data":"  with torch.cuda.amp.autocast(enabled=DEVICE.type == \"cuda\", dtype=torch.float16):\n"}
,{"stream_name":"stderr","time":704.445765922,"data":"/kaggle/src/script.py:325: FutureWarning: `torch.cuda.amp.autocast(args...)` is deprecated. Please use `torch.amp.autocast('cuda', args...)` instead.\n"}
,{"stream_name":"stderr","time":704.445812836,"data":"  with torch.cuda.amp.autocast(enabled=DEVICE.type == \"cuda\", dtype=torch.float16):\n"}
,{"stream_name":"stderr","time":705.176662731,"data":"/kaggle/src/script.py:325: FutureWarning: `torch.cuda.amp.autocast(args...)` is deprecated. Please use `torch.amp.autocast('cuda', args...)` instead.\n"}
,{"stream_name":"stderr","time":705.176718353,"data":"  with torch.cuda.amp.autocast(enabled=DEVICE.type == \"cuda\", dtype=torch.float16):\n"}
,{"stream_name":"stderr","time":705.857345513,"data":"/kaggle/src/script.py:325: FutureWarning: `torch.cuda.amp.autocast(args...)` is deprecated. Please use `torch.amp.autocast('cuda', args...)` instead.\n"}
,{"stream_name":"stderr","time":705.857392171,"data":"  with torch.cuda.amp.autocast(enabled=DEVICE.type == \"cuda\", dtype=torch.float16):\n"}
,{"stream_name":"stderr","time":706.342873286,"data":"/kaggle/src/script.py:325: FutureWarning: `torch.cuda.amp.autocast(args...)` is deprecated. Please use `torch.amp.autocast('cuda', args...)` instead.\n"}
,{"stream_name":"stderr","time":706.342920293,"data":"  with torch.cuda.amp.autocast(enabled=DEVICE.type == \"cuda\", dtype=torch.float16):\n"}
,{"stream_name":"stderr","time":706.806392304,"data":"/kaggle/src/script.py:325: FutureWarning: `torch.cuda.amp.autocast(args...)` is deprecated. Please use `torch.amp.autocast('cuda', args...)` instead.\n"}
,{"stream_name":"stderr","time":706.806439461,"data":"  with torch.cuda.amp.autocast(enabled=DEVICE.type == \"cuda\", dtype=torch.float16):\n"}
,{"stream_name":"stderr","time":707.245874722,"data":"/kaggle/src/script.py:325: FutureWarning: `torch.cuda.amp.autocast(args...)` is deprecated. Please use `torch.amp.autocast('cuda', args...)` instead.\n"}
,{"stream_name":"stderr","time":707.245920298,"data":"  with torch.cuda.amp.autocast(enabled=DEVICE.type == \"cuda\", dtype=torch.float16):\n"}
,{"stream_name":"stdout","time":707.710107283,"data":"epoch=3 session=180/206 step=201 loss=2.1322 ce=1.2816 rank=0.8652 struct=1.0955\n"}
,{"stream_name":"stderr","time":707.711397271,"data":"/kaggle/src/script.py:325: FutureWarning: `torch.cuda.amp.autocast(args...)` is deprecated. Please use `torch.amp.autocast('cuda', args...)` instead.\n"}
,{"stream_name":"stderr","time":707.711418017,"data":"  with torch.cuda.amp.autocast(enabled=DEVICE.type == \"cuda\", dtype=torch.float16):\n"}
,{"stream_name":"stderr","time":708.411384965,"data":"/kaggle/src/script.py:325: FutureWarning: `torch.cuda.amp.autocast(args...)` is deprecated. Please use `torch.amp.autocast('cuda', args...)` instead.\n"}
,{"stream_name":"stderr","time":708.411435029,"data":"  with torch.cuda.amp.autocast(enabled=DEVICE.type == \"cuda\", dtype=torch.float16):\n"}
,{"stream_name":"stderr","time":708.902731381,"data":"/kaggle/src/script.py:325: FutureWarning: `torch.cuda.amp.autocast(args...)` is deprecated. Please use `torch.amp.autocast('cuda', args...)` instead.\n"}
,{"stream_name":"stderr","time":708.902788301,"data":"  with torch.cuda.amp.autocast(enabled=DEVICE.type == \"cuda\", dtype=torch.float16):\n"}
,{"stream_name":"stderr","time":709.354001018,"data":"/kaggle/src/script.py:325: FutureWarning: `torch.cuda.amp.autocast(args...)` is deprecated. Please use `torch.amp.autocast('cuda', args...)` instead.\n"}
,{"stream_name":"stderr","time":709.354095648,"data":"  with torch.cuda.amp.autocast(enabled=DEVICE.type == \"cuda\", dtype=torch.float16):\n"}
,{"stream_name":"stderr","time":710.021796327,"data":"/kaggle/src/script.py:325: FutureWarning: `torch.cuda.amp.autocast(args...)` is deprecated. Please use `torch.amp.autocast('cuda', args...)` instead.\n"}
,{"stream_name":"stderr","time":710.021836461,"data":"  with torch.cuda.amp.autocast(enabled=DEVICE.type == \"cuda\", dtype=torch.float16):\n"}
,{"stream_name":"stderr","time":710.723163382,"data":"/kaggle/src/script.py:325: FutureWarning: `torch.cuda.amp.autocast(args...)` is deprecated. Please use `torch.amp.autocast('cuda', args...)` instead.\n"}
,{"stream_name":"stderr","time":710.723221251,"data":"  with torch.cuda.amp.autocast(enabled=DEVICE.type == \"cuda\", dtype=torch.float16):\n"}
,{"stream_name":"stderr","time":711.460394338,"data":"/kaggle/src/script.py:325: FutureWarning: `torch.cuda.amp.autocast(args...)` is deprecated. Please use `torch.amp.autocast('cuda', args...)` instead.\n"}
,{"stream_name":"stderr","time":711.460441023,"data":"  with torch.cuda.amp.autocast(enabled=DEVICE.type == \"cuda\", dtype=torch.float16):\n"}
,{"stream_name":"stderr","time":712.135896106,"data":"/kaggle/src/script.py:325: FutureWarning: `torch.cuda.amp.autocast(args...)` is deprecated. Please use `torch.amp.autocast('cuda', args...)` instead.\n"}
,{"stream_name":"stderr","time":712.135939346,"data":"  with torch.cuda.amp.autocast(enabled=DEVICE.type == \"cuda\", dtype=torch.float16):\n"}
,{"stream_name":"stderr","time":712.632713187,"data":"/kaggle/src/script.py:325: FutureWarning: `torch.cuda.amp.autocast(args...)` is deprecated. Please use `torch.amp.autocast('cuda', args...)` instead.\n"}
,{"stream_name":"stderr","time":712.632760631,"data":"  with torch.cuda.amp.autocast(enabled=DEVICE.type == \"cuda\", dtype=torch.float16):\n"}
,{"stream_name":"stderr","time":713.079550777,"data":"/kaggle/src/script.py:325: FutureWarning: `torch.cuda.amp.autocast(args...)` is deprecated. Please use `torch.amp.autocast('cuda', args...)` instead.\n"}
,{"stream_name":"stderr","time":713.079594288,"data":"  with torch.cuda.amp.autocast(enabled=DEVICE.type == \"cuda\", dtype=torch.float16):\n"}
,{"stream_name":"stdout","time":713.688852549,"data":"epoch=3 session=190/206 step=203 loss=2.2736 ce=1.4608 rank=0.6686 struct=1.1575\n"}
,{"stream_name":"stderr","time":713.690212317,"data":"/kaggle/src/script.py:325: FutureWarning: `torch.cuda.amp.autocast(args...)` is deprecated. Please use `torch.amp.autocast('cuda', args...)` instead.\n"}
,{"stream_name":"stderr","time":713.690244837,"data":"  with torch.cuda.amp.autocast(enabled=DEVICE.type == \"cuda\", dtype=torch.float16):\n"}
,{"stream_name":"stderr","time":714.15620272,"data":"/kaggle/src/script.py:325: FutureWarning: `torch.cuda.amp.autocast(args...)` is deprecated. Please use `torch.amp.autocast('cuda', args...)` instead.\n"}
,{"stream_name":"stderr","time":714.156250077,"data":"  with torch.cuda.amp.autocast(enabled=DEVICE.type == \"cuda\", dtype=torch.float16):\n"}
,{"stream_name":"stderr","time":714.639107971,"data":"/kaggle/src/script.py:325: FutureWarning: `torch.cuda.amp.autocast(args...)` is deprecated. Please use `torch.amp.autocast('cuda', args...)` instead.\n"}
,{"stream_name":"stderr","time":714.639206544,"data":"  with torch.cuda.amp.autocast(enabled=DEVICE.type == \"cuda\", dtype=torch.float16):\n"}
,{"stream_name":"stderr","time":715.075257424,"data":"/kaggle/src/script.py:325: FutureWarning: `torch.cuda.amp.autocast(args...)` is deprecated. Please use `torch.amp.autocast('cuda', args...)` instead.\n"}
,{"stream_name":"stderr","time":715.075306429,"data":"  with torch.cuda.amp.autocast(enabled=DEVICE.type == \"cuda\", dtype=torch.float16):\n"}
,{"stream_name":"stderr","time":715.761074797,"data":"/kaggle/src/script.py:325: FutureWarning: `torch.cuda.amp.autocast(args...)` is deprecated. Please use `torch.amp.autocast('cuda', args...)` instead.\n"}
,{"stream_name":"stderr","time":715.76111925,"data":"  with torch.cuda.amp.autocast(enabled=DEVICE.type == \"cuda\", dtype=torch.float16):\n"}
,{"stream_name":"stderr","time":716.43436024,"data":"/kaggle/src/script.py:325: FutureWarning: `torch.cuda.amp.autocast(args...)` is deprecated. Please use `torch.amp.autocast('cuda', args...)` instead.\n"}
,{"stream_name":"stderr","time":716.434400306,"data":"  with torch.cuda.amp.autocast(enabled=DEVICE.type == \"cuda\", dtype=torch.float16):\n"}
,{"stream_name":"stderr","time":717.107094649,"data":"/kaggle/src/script.py:325: FutureWarning: `torch.cuda.amp.autocast(args...)` is deprecated. Please use `torch.amp.autocast('cuda', args...)` instead.\n"}
,{"stream_name":"stderr","time":717.107155212,"data":"  with torch.cuda.amp.autocast(enabled=DEVICE.type == \"cuda\", dtype=torch.float16):\n"}
,{"stream_name":"stderr","time":717.820119639,"data":"/kaggle/src/script.py:325: FutureWarning: `torch.cuda.amp.autocast(args...)` is deprecated. Please use `torch.amp.autocast('cuda', args...)` instead.\n"}
,{"stream_name":"stderr","time":717.82020828,"data":"  with torch.cuda.amp.autocast(enabled=DEVICE.type == \"cuda\", dtype=torch.float16):\n"}
,{"stream_name":"stderr","time":718.494147711,"data":"/kaggle/src/script.py:325: FutureWarning: `torch.cuda.amp.autocast(args...)` is deprecated. Please use `torch.amp.autocast('cuda', args...)` instead.\n"}
,{"stream_name":"stderr","time":718.494222289,"data":"  with torch.cuda.amp.autocast(enabled=DEVICE.type == \"cuda\", dtype=torch.float16):\n"}
,{"stream_name":"stderr","time":719.220986094,"data":"/kaggle/src/script.py:325: FutureWarning: `torch.cuda.amp.autocast(args...)` is deprecated. Please use `torch.amp.autocast('cuda', args...)` instead.\n"}
,{"stream_name":"stderr","time":719.221042886,"data":"  with torch.cuda.amp.autocast(enabled=DEVICE.type == \"cuda\", dtype=torch.float16):\n"}
,{"stream_name":"stdout","time":719.908403545,"data":"epoch=3 session=200/206 step=206 loss=2.4025 ce=1.5219 rank=0.7167 struct=1.2596\n"}
,{"stream_name":"stderr","time":719.909660304,"data":"/kaggle/src/script.py:325: FutureWarning: `torch.cuda.amp.autocast(args...)` is deprecated. Please use `torch.amp.autocast('cuda', args...)` instead.\n"}
,{"stream_name":"stderr","time":719.909688603,"data":"  with torch.cuda.amp.autocast(enabled=DEVICE.type == \"cuda\", dtype=torch.float16):\n"}
,{"stream_name":"stderr","time":720.613258091,"data":"/kaggle/src/script.py:325: FutureWarning: `torch.cuda.amp.autocast(args...)` is deprecated. Please use `torch.amp.autocast('cuda', args...)` instead.\n"}
,{"stream_name":"stderr","time":720.613300778,"data":"  with torch.cuda.amp.autocast(enabled=DEVICE.type == \"cuda\", dtype=torch.float16):\n"}
,{"stream_name":"stderr","time":721.332951498,"data":"/kaggle/src/script.py:325: FutureWarning: `torch.cuda.amp.autocast(args...)` is deprecated. Please use `torch.amp.autocast('cuda', args...)` instead.\n"}
,{"stream_name":"stderr","time":721.332989916,"data":"  with torch.cuda.amp.autocast(enabled=DEVICE.type == \"cuda\", dtype=torch.float16):\n"}
,{"stream_name":"stderr","time":722.018789977,"data":"/kaggle/src/script.py:325: FutureWarning: `torch.cuda.amp.autocast(args...)` is deprecated. Please use `torch.amp.autocast('cuda', args...)` instead.\n"}
,{"stream_name":"stderr","time":722.01883444,"data":"  with torch.cuda.amp.autocast(enabled=DEVICE.type == \"cuda\", dtype=torch.float16):\n"}
,{"stream_name":"stderr","time":722.59161466,"data":"/kaggle/src/script.py:325: FutureWarning: `torch.cuda.amp.autocast(args...)` is deprecated. Please use `torch.amp.autocast('cuda', args...)` instead.\n"}
,{"stream_name":"stderr","time":722.59169266,"data":"  with torch.cuda.amp.autocast(enabled=DEVICE.type == \"cuda\", dtype=torch.float16):\n"}
,{"stream_name":"stderr","time":723.058320393,"data":"/kaggle/src/script.py:325: FutureWarning: `torch.cuda.amp.autocast(args...)` is deprecated. Please use `torch.amp.autocast('cuda', args...)` instead.\n"}
,{"stream_name":"stderr","time":723.058369965,"data":"  with torch.cuda.amp.autocast(enabled=DEVICE.type == \"cuda\", dtype=torch.float16):\n"}
,{"stream_name":"stderr","time":723.738129861,"data":"/kaggle/src/script.py:325: FutureWarning: `torch.cuda.amp.autocast(args...)` is deprecated. Please use `torch.amp.autocast('cuda', args...)` instead.\n"}
,{"stream_name":"stderr","time":723.738206043,"data":"  with torch.cuda.amp.autocast(enabled=DEVICE.type == \"cuda\", dtype=torch.float16):\n"}
,{"stream_name":"stderr","time":724.467214687,"data":"/kaggle/src/script.py:325: FutureWarning: `torch.cuda.amp.autocast(args...)` is deprecated. Please use `torch.amp.autocast('cuda', args...)` instead.\n"}
,{"stream_name":"stderr","time":724.467259756,"data":"  with torch.cuda.amp.autocast(enabled=DEVICE.type == \"cuda\", dtype=torch.float16):\n"}
,{"stream_name":"stderr","time":725.158432808,"data":"/kaggle/src/script.py:325: FutureWarning: `torch.cuda.amp.autocast(args...)` is deprecated. Please use `torch.amp.autocast('cuda', args...)` instead.\n"}
,{"stream_name":"stderr","time":725.15847487,"data":"  with torch.cuda.amp.autocast(enabled=DEVICE.type == \"cuda\", dtype=torch.float16):\n"}
,{"stream_name":"stderr","time":725.849265904,"data":"/kaggle/src/script.py:325: FutureWarning: `torch.cuda.amp.autocast(args...)` is deprecated. Please use `torch.amp.autocast('cuda', args...)` instead.\n"}
,{"stream_name":"stderr","time":725.849311704,"data":"  with torch.cuda.amp.autocast(enabled=DEVICE.type == \"cuda\", dtype=torch.float16):\n"}
,{"stream_name":"stderr","time":726.51476687,"data":"/kaggle/src/script.py:325: FutureWarning: `torch.cuda.amp.autocast(args...)` is deprecated. Please use `torch.amp.autocast('cuda', args...)` instead.\n"}
,{"stream_name":"stderr","time":726.514834659,"data":"  with torch.cuda.amp.autocast(enabled=DEVICE.type == \"cuda\", dtype=torch.float16):\n"}
,{"stream_name":"stderr","time":727.22460494,"data":"/kaggle/src/script.py:325: FutureWarning: `torch.cuda.amp.autocast(args...)` is deprecated. Please use `torch.amp.autocast('cuda', args...)` instead.\n"}
,{"stream_name":"stderr","time":727.224662599,"data":"  with torch.cuda.amp.autocast(enabled=DEVICE.type == \"cuda\", dtype=torch.float16):\n"}
,{"stream_name":"stderr","time":727.917498702,"data":"/kaggle/src/script.py:325: FutureWarning: `torch.cuda.amp.autocast(args...)` is deprecated. Please use `torch.amp.autocast('cuda', args...)` instead.\n"}
,{"stream_name":"stderr","time":727.917544431,"data":"  with torch.cuda.amp.autocast(enabled=DEVICE.type == \"cuda\", dtype=torch.float16):\n"}
,{"stream_name":"stderr","time":728.386878939,"data":"/kaggle/src/script.py:325: FutureWarning: `torch.cuda.amp.autocast(args...)` is deprecated. Please use `torch.amp.autocast('cuda', args...)` instead.\n"}
,{"stream_name":"stderr","time":728.3869207,"data":"  with torch.cuda.amp.autocast(enabled=DEVICE.type == \"cuda\", dtype=torch.float16):\n"}
,{"stream_name":"stderr","time":728.842343631,"data":"/kaggle/src/script.py:325: FutureWarning: `torch.cuda.amp.autocast(args...)` is deprecated. Please use `torch.amp.autocast('cuda', args...)` instead.\n"}
,{"stream_name":"stderr","time":728.842403523,"data":"  with torch.cuda.amp.autocast(enabled=DEVICE.type == \"cuda\", dtype=torch.float16):\n"}
,{"stream_name":"stderr","time":729.314510909,"data":"/kaggle/src/script.py:325: FutureWarning: `torch.cuda.amp.autocast(args...)` is deprecated. Please use `torch.amp.autocast('cuda', args...)` instead.\n"}
,{"stream_name":"stderr","time":729.314583287,"data":"  with torch.cuda.amp.autocast(enabled=DEVICE.type == \"cuda\", dtype=torch.float16):\n"}
,{"stream_name":"stdout","time":729.784304222,"data":"epoch=4 session=10/206 step=210 loss=2.2477 ce=1.3739 rank=0.8233 struct=1.1713\n"}
,{"stream_name":"stderr","time":729.785628465,"data":"/kaggle/src/script.py:325: FutureWarning: `torch.cuda.amp.autocast(args...)` is deprecated. Please use `torch.amp.autocast('cuda', args...)` instead.\n"}
,{"stream_name":"stderr","time":729.785649303,"data":"  with torch.cuda.amp.autocast(enabled=DEVICE.type == \"cuda\", dtype=torch.float16):\n"}
,{"stream_name":"stderr","time":730.418299807,"data":"/kaggle/src/script.py:325: FutureWarning: `torch.cuda.amp.autocast(args...)` is deprecated. Please use `torch.amp.autocast('cuda', args...)` instead.\n"}
,{"stream_name":"stderr","time":730.418342806,"data":"  with torch.cuda.amp.autocast(enabled=DEVICE.type == \"cuda\", dtype=torch.float16):\n"}
,{"stream_name":"stderr","time":730.886061298,"data":"/kaggle/src/script.py:325: FutureWarning: `torch.cuda.amp.autocast(args...)` is deprecated. Please use `torch.amp.autocast('cuda', args...)` instead.\n"}
,{"stream_name":"stderr","time":730.886121382,"data":"  with torch.cuda.amp.autocast(enabled=DEVICE.type == \"cuda\", dtype=torch.float16):\n"}
,{"stream_name":"stderr","time":731.539279095,"data":"/kaggle/src/script.py:325: FutureWarning: `torch.cuda.amp.autocast(args...)` is deprecated. Please use `torch.amp.autocast('cuda', args...)` instead.\n"}
,{"stream_name":"stderr","time":731.539320841,"data":"  with torch.cuda.amp.autocast(enabled=DEVICE.type == \"cuda\", dtype=torch.float16):\n"}
,{"stream_name":"stderr","time":732.201670496,"data":"/kaggle/src/script.py:325: FutureWarning: `torch.cuda.amp.autocast(args...)` is deprecated. Please use `torch.amp.autocast('cuda', args...)` instead.\n"}
,{"stream_name":"stderr","time":732.20171042,"data":"  with torch.cuda.amp.autocast(enabled=DEVICE.type == \"cuda\", dtype=torch.float16):\n"}
,{"stream_name":"stderr","time":732.856100356,"data":"/kaggle/src/script.py:325: FutureWarning: `torch.cuda.amp.autocast(args...)` is deprecated. Please use `torch.amp.autocast('cuda', args...)` instead.\n"}
,{"stream_name":"stderr","time":732.856148534,"data":"  with torch.cuda.amp.autocast(enabled=DEVICE.type == \"cuda\", dtype=torch.float16):\n"}
,{"stream_name":"stderr","time":733.320715385,"data":"/kaggle/src/script.py:325: FutureWarning: `torch.cuda.amp.autocast(args...)` is deprecated. Please use `torch.amp.autocast('cuda', args...)` instead.\n"}
,{"stream_name":"stderr","time":733.320756327,"data":"  with torch.cuda.amp.autocast(enabled=DEVICE.type == \"cuda\", dtype=torch.float16):\n"}
,{"stream_name":"stderr","time":733.818439804,"data":"/kaggle/src/script.py:325: FutureWarning: `torch.cuda.amp.autocast(args...)` is deprecated. Please use `torch.amp.autocast('cuda', args...)` instead.\n"}
,{"stream_name":"stderr","time":733.818479762,"data":"  with torch.cuda.amp.autocast(enabled=DEVICE.type == \"cuda\", dtype=torch.float16):\n"}
,{"stream_name":"stderr","time":734.49529715,"data":"/kaggle/src/script.py:325: FutureWarning: `torch.cuda.amp.autocast(args...)` is deprecated. Please use `torch.amp.autocast('cuda', args...)` instead.\n"}
,{"stream_name":"stderr","time":734.495362863,"data":"  with torch.cuda.amp.autocast(enabled=DEVICE.type == \"cuda\", dtype=torch.float16):\n"}
,{"stream_name":"stderr","time":735.208039417,"data":"/kaggle/src/script.py:325: FutureWarning: `torch.cuda.amp.autocast(args...)` is deprecated. Please use `torch.amp.autocast('cuda', args...)` instead.\n"}
,{"stream_name":"stderr","time":735.208087942,"data":"  with torch.cuda.amp.autocast(enabled=DEVICE.type == \"cuda\", dtype=torch.float16):\n"}
,{"stream_name":"stdout","time":735.911367676,"data":"epoch=4 session=20/206 step=213 loss=1.9196 ce=1.3165 rank=0.7132 struct=0.7069\n"}
,{"stream_name":"stderr","time":735.9125036,"data":"/kaggle/src/script.py:325: FutureWarning: `torch.cuda.amp.autocast(args...)` is deprecated. Please use `torch.amp.autocast('cuda', args...)` instead.\n"}
,{"stream_name":"stderr","time":735.912520428,"data":"  with torch.cuda.amp.autocast(enabled=DEVICE.type == \"cuda\", dtype=torch.float16):\n"}
,{"stream_name":"stderr","time":736.36233935,"data":"/kaggle/src/script.py:325: FutureWarning: `torch.cuda.amp.autocast(args...)` is deprecated. Please use `torch.amp.autocast('cuda', args...)` instead.\n"}
,{"stream_name":"stderr","time":736.362405451,"data":"  with torch.cuda.amp.autocast(enabled=DEVICE.type == \"cuda\", dtype=torch.float16):\n"}
,{"stream_name":"stderr","time":737.040899044,"data":"/kaggle/src/script.py:325: FutureWarning: `torch.cuda.amp.autocast(args...)` is deprecated. Please use `torch.amp.autocast('cuda', args...)` instead.\n"}
,{"stream_name":"stderr","time":737.040942808,"data":"  with torch.cuda.amp.autocast(enabled=DEVICE.type == \"cuda\", dtype=torch.float16):\n"}
,{"stream_name":"stderr","time":737.765031951,"data":"/kaggle/src/script.py:325: FutureWarning: `torch.cuda.amp.autocast(args...)` is deprecated. Please use `torch.amp.autocast('cuda', args...)` instead.\n"}
,{"stream_name":"stderr","time":737.765096447,"data":"  with torch.cuda.amp.autocast(enabled=DEVICE.type == \"cuda\", dtype=torch.float16):\n"}
,{"stream_name":"stderr","time":738.471713777,"data":"/kaggle/src/script.py:325: FutureWarning: `torch.cuda.amp.autocast(args...)` is deprecated. Please use `torch.amp.autocast('cuda', args...)` instead.\n"}
,{"stream_name":"stderr","time":738.471757575,"data":"  with torch.cuda.amp.autocast(enabled=DEVICE.type == \"cuda\", dtype=torch.float16):\n"}
,{"stream_name":"stderr","time":738.958851333,"data":"/kaggle/src/script.py:325: FutureWarning: `torch.cuda.amp.autocast(args...)` is deprecated. Please use `torch.amp.autocast('cuda', args...)` instead.\n"}
,{"stream_name":"stderr","time":738.958894022,"data":"  with torch.cuda.amp.autocast(enabled=DEVICE.type == \"cuda\", dtype=torch.float16):\n"}
,{"stream_name":"stderr","time":739.451976246,"data":"/kaggle/src/script.py:325: FutureWarning: `torch.cuda.amp.autocast(args...)` is deprecated. Please use `torch.amp.autocast('cuda', args...)` instead.\n"}
,{"stream_name":"stderr","time":739.452042542,"data":"  with torch.cuda.amp.autocast(enabled=DEVICE.type == \"cuda\", dtype=torch.float16):\n"}
,{"stream_name":"stderr","time":740.126377302,"data":"/kaggle/src/script.py:325: FutureWarning: `torch.cuda.amp.autocast(args...)` is deprecated. Please use `torch.amp.autocast('cuda', args...)` instead.\n"}
,{"stream_name":"stderr","time":740.126446057,"data":"  with torch.cuda.amp.autocast(enabled=DEVICE.type == \"cuda\", dtype=torch.float16):\n"}
,{"stream_name":"stderr","time":740.601921009,"data":"/kaggle/src/script.py:325: FutureWarning: `torch.cuda.amp.autocast(args...)` is deprecated. Please use `torch.amp.autocast('cuda', args...)` instead.\n"}
,{"stream_name":"stderr","time":740.601991781,"data":"  with torch.cuda.amp.autocast(enabled=DEVICE.type == \"cuda\", dtype=torch.float16):\n"}
,{"stream_name":"stderr","time":741.084884052,"data":"/kaggle/src/script.py:325: FutureWarning: `torch.cuda.amp.autocast(args...)` is deprecated. Please use `torch.amp.autocast('cuda', args...)` instead.\n"}
,{"stream_name":"stderr","time":741.084943715,"data":"  with torch.cuda.amp.autocast(enabled=DEVICE.type == \"cuda\", dtype=torch.float16):\n"}
,{"stream_name":"stdout","time":741.591231732,"data":"epoch=4 session=30/206 step=215 loss=2.1280 ce=1.2587 rank=0.6560 struct=1.2793\n"}
,{"stream_name":"stderr","time":741.592685747,"data":"/kaggle/src/script.py:325: FutureWarning: `torch.cuda.amp.autocast(args...)` is deprecated. Please use `torch.amp.autocast('cuda', args...)` instead.\n"}
,{"stream_name":"stderr","time":741.59271796,"data":"  with torch.cuda.amp.autocast(enabled=DEVICE.type == \"cuda\", dtype=torch.float16):\n"}
,{"stream_name":"stderr","time":742.043854356,"data":"/kaggle/src/script.py:325: FutureWarning: `torch.cuda.amp.autocast(args...)` is deprecated. Please use `torch.amp.autocast('cuda', args...)` instead.\n"}
,{"stream_name":"stderr","time":742.043912031,"data":"  with torch.cuda.amp.autocast(enabled=DEVICE.type == \"cuda\", dtype=torch.float16):\n"}
,{"stream_name":"stderr","time":742.4895058,"data":"/kaggle/src/script.py:325: FutureWarning: `torch.cuda.amp.autocast(args...)` is deprecated. Please use `torch.amp.autocast('cuda', args...)` instead.\n"}
,{"stream_name":"stderr","time":742.489547746,"data":"  with torch.cuda.amp.autocast(enabled=DEVICE.type == \"cuda\", dtype=torch.float16):\n"}
,{"stream_name":"stderr","time":743.180522175,"data":"/kaggle/src/script.py:325: FutureWarning: `torch.cuda.amp.autocast(args...)` is deprecated. Please use `torch.amp.autocast('cuda', args...)` instead.\n"}
,{"stream_name":"stderr","time":743.180565736,"data":"  with torch.cuda.amp.autocast(enabled=DEVICE.type == \"cuda\", dtype=torch.float16):\n"}
,{"stream_name":"stderr","time":743.640642394,"data":"/kaggle/src/script.py:325: FutureWarning: `torch.cuda.amp.autocast(args...)` is deprecated. Please use `torch.amp.autocast('cuda', args...)` instead.\n"}
,{"stream_name":"stderr","time":743.640706785,"data":"  with torch.cuda.amp.autocast(enabled=DEVICE.type == \"cuda\", dtype=torch.float16):\n"}
,{"stream_name":"stderr","time":744.13171393,"data":"/kaggle/src/script.py:325: FutureWarning: `torch.cuda.amp.autocast(args...)` is deprecated. Please use `torch.amp.autocast('cuda', args...)` instead.\n"}
,{"stream_name":"stderr","time":744.131771848,"data":"  with torch.cuda.amp.autocast(enabled=DEVICE.type == \"cuda\", dtype=torch.float16):\n"}
,{"stream_name":"stderr","time":744.80023435,"data":"/kaggle/src/script.py:325: FutureWarning: `torch.cuda.amp.autocast(args...)` is deprecated. Please use `torch.amp.autocast('cuda', args...)` instead.\n"}
,{"stream_name":"stderr","time":744.80028779,"data":"  with torch.cuda.amp.autocast(enabled=DEVICE.type == \"cuda\", dtype=torch.float16):\n"}
,{"stream_name":"stderr","time":745.446665077,"data":"/kaggle/src/script.py:325: FutureWarning: `torch.cuda.amp.autocast(args...)` is deprecated. Please use `torch.amp.autocast('cuda', args...)` instead.\n"}
,{"stream_name":"stderr","time":745.446728138,"data":"  with torch.cuda.amp.autocast(enabled=DEVICE.type == \"cuda\", dtype=torch.float16):\n"}
,{"stream_name":"stderr","time":745.922272181,"data":"/kaggle/src/script.py:325: FutureWarning: `torch.cuda.amp.autocast(args...)` is deprecated. Please use `torch.amp.autocast('cuda', args...)` instead.\n"}
,{"stream_name":"stderr","time":745.922322008,"data":"  with torch.cuda.amp.autocast(enabled=DEVICE.type == \"cuda\", dtype=torch.float16):\n"}
,{"stream_name":"stderr","time":746.396562516,"data":"/kaggle/src/script.py:325: FutureWarning: `torch.cuda.amp.autocast(args...)` is deprecated. Please use `torch.amp.autocast('cuda', args...)` instead.\n"}
,{"stream_name":"stderr","time":746.396612557,"data":"  with torch.cuda.amp.autocast(enabled=DEVICE.type == \"cuda\", dtype=torch.float16):\n"}
,{"stream_name":"stdout","time":746.869613176,"data":"epoch=4 session=40/206 step=218 loss=2.0999 ce=1.2341 rank=0.7351 struct=1.2170\n"}
,{"stream_name":"stderr","time":746.870880421,"data":"/kaggle/src/script.py:325: FutureWarning: `torch.cuda.amp.autocast(args...)` is deprecated. Please use `torch.amp.autocast('cuda', args...)` instead.\n"}
,{"stream_name":"stderr","time":746.870936205,"data":"  with torch.cuda.amp.autocast(enabled=DEVICE.type == \"cuda\", dtype=torch.float16):\n"}
,{"stream_name":"stderr","time":747.54448115,"data":"/kaggle/src/script.py:325: FutureWarning: `torch.cuda.amp.autocast(args...)` is deprecated. Please use `torch.amp.autocast('cuda', args...)` instead.\n"}
,{"stream_name":"stderr","time":747.544522774,"data":"  with torch.cuda.amp.autocast(enabled=DEVICE.type == \"cuda\", dtype=torch.float16):\n"}
,{"stream_name":"stderr","time":748.01132114,"data":"/kaggle/src/script.py:325: FutureWarning: `torch.cuda.amp.autocast(args...)` is deprecated. Please use `torch.amp.autocast('cuda', args...)` instead.\n"}
,{"stream_name":"stderr","time":748.011365766,"data":"  with torch.cuda.amp.autocast(enabled=DEVICE.type == \"cuda\", dtype=torch.float16):\n"}
,{"stream_name":"stderr","time":748.486697319,"data":"/kaggle/src/script.py:325: FutureWarning: `torch.cuda.amp.autocast(args...)` is deprecated. Please use `torch.amp.autocast('cuda', args...)` instead.\n"}
,{"stream_name":"stderr","time":748.486757316,"data":"  with torch.cuda.amp.autocast(enabled=DEVICE.type == \"cuda\", dtype=torch.float16):\n"}
,{"stream_name":"stderr","time":748.948989753,"data":"/kaggle/src/script.py:325: FutureWarning: `torch.cuda.amp.autocast(args...)` is deprecated. Please use `torch.amp.autocast('cuda', args...)` instead.\n"}
,{"stream_name":"stderr","time":748.949059576,"data":"  with torch.cuda.amp.autocast(enabled=DEVICE.type == \"cuda\", dtype=torch.float16):\n"}
,{"stream_name":"stderr","time":749.634147874,"data":"/kaggle/src/script.py:325: FutureWarning: `torch.cuda.amp.autocast(args...)` is deprecated. Please use `torch.amp.autocast('cuda', args...)` instead.\n"}
,{"stream_name":"stderr","time":749.634207318,"data":"  with torch.cuda.amp.autocast(enabled=DEVICE.type == \"cuda\", dtype=torch.float16):\n"}
,{"stream_name":"stderr","time":750.100850776,"data":"/kaggle/src/script.py:325: FutureWarning: `torch.cuda.amp.autocast(args...)` is deprecated. Please use `torch.amp.autocast('cuda', args...)` instead.\n"}
,{"stream_name":"stderr","time":750.100897106,"data":"  with torch.cuda.amp.autocast(enabled=DEVICE.type == \"cuda\", dtype=torch.float16):\n"}
,{"stream_name":"stderr","time":750.568318676,"data":"/kaggle/src/script.py:325: FutureWarning: `torch.cuda.amp.autocast(args...)` is deprecated. Please use `torch.amp.autocast('cuda', args...)` instead.\n"}
,{"stream_name":"stderr","time":750.568364956,"data":"  with torch.cuda.amp.autocast(enabled=DEVICE.type == \"cuda\", dtype=torch.float16):\n"}
,{"stream_name":"stderr","time":751.034769343,"data":"/kaggle/src/script.py:325: FutureWarning: `torch.cuda.amp.autocast(args...)` is deprecated. Please use `torch.amp.autocast('cuda', args...)` instead.\n"}
,{"stream_name":"stderr","time":751.034828465,"data":"  with torch.cuda.amp.autocast(enabled=DEVICE.type == \"cuda\", dtype=torch.float16):\n"}
,{"stream_name":"stderr","time":751.482555757,"data":"/kaggle/src/script.py:325: FutureWarning: `torch.cuda.amp.autocast(args...)` is deprecated. Please use `torch.amp.autocast('cuda', args...)` instead.\n"}
,{"stream_name":"stderr","time":751.482603895,"data":"  with torch.cuda.amp.autocast(enabled=DEVICE.type == \"cuda\", dtype=torch.float16):\n"}
,{"stream_name":"stdout","time":751.975802001,"data":"epoch=4 session=50/206 step=220 loss=2.5365 ce=1.4653 rank=0.7818 struct=1.5951\n"}
,{"stream_name":"stderr","time":751.97723242,"data":"/kaggle/src/script.py:325: FutureWarning: `torch.cuda.amp.autocast(args...)` is deprecated. Please use `torch.amp.autocast('cuda', args...)` instead.\n"}
,{"stream_name":"stderr","time":751.977261837,"data":"  with torch.cuda.amp.autocast(enabled=DEVICE.type == \"cuda\", dtype=torch.float16):\n"}
,{"stream_name":"stderr","time":752.627497387,"data":"/kaggle/src/script.py:325: FutureWarning: `torch.cuda.amp.autocast(args...)` is deprecated. Please use `torch.amp.autocast('cuda', args...)` instead.\n"}
,{"stream_name":"stderr","time":752.627553273,"data":"  with torch.cuda.amp.autocast(enabled=DEVICE.type == \"cuda\", dtype=torch.float16):\n"}
,{"stream_name":"stderr","time":753.111732156,"data":"/kaggle/src/script.py:325: FutureWarning: `torch.cuda.amp.autocast(args...)` is deprecated. Please use `torch.amp.autocast('cuda', args...)` instead.\n"}
,{"stream_name":"stderr","time":753.111772402,"data":"  with torch.cuda.amp.autocast(enabled=DEVICE.type == \"cuda\", dtype=torch.float16):\n"}
,{"stream_name":"stderr","time":753.822866676,"data":"/kaggle/src/script.py:325: FutureWarning: `torch.cuda.amp.autocast(args...)` is deprecated. Please use `torch.amp.autocast('cuda', args...)` instead.\n"}
,{"stream_name":"stderr","time":753.822908225,"data":"  with torch.cuda.amp.autocast(enabled=DEVICE.type == \"cuda\", dtype=torch.float16):\n"}
,{"stream_name":"stderr","time":754.318204972,"data":"/kaggle/src/script.py:325: FutureWarning: `torch.cuda.amp.autocast(args...)` is deprecated. Please use `torch.amp.autocast('cuda', args...)` instead.\n"}
,{"stream_name":"stderr","time":754.318244242,"data":"  with torch.cuda.amp.autocast(enabled=DEVICE.type == \"cuda\", dtype=torch.float16):\n"}
,{"stream_name":"stderr","time":754.790474435,"data":"/kaggle/src/script.py:325: FutureWarning: `torch.cuda.amp.autocast(args...)` is deprecated. Please use `torch.amp.autocast('cuda', args...)` instead.\n"}
,{"stream_name":"stderr","time":754.790515143,"data":"  with torch.cuda.amp.autocast(enabled=DEVICE.type == \"cuda\", dtype=torch.float16):\n"}
,{"stream_name":"stderr","time":755.25170407,"data":"/kaggle/src/script.py:325: FutureWarning: `torch.cuda.amp.autocast(args...)` is deprecated. Please use `torch.amp.autocast('cuda', args...)` instead.\n"}
,{"stream_name":"stderr","time":755.251758402,"data":"  with torch.cuda.amp.autocast(enabled=DEVICE.type == \"cuda\", dtype=torch.float16):\n"}
,{"stream_name":"stderr","time":755.908487065,"data":"/kaggle/src/script.py:325: FutureWarning: `torch.cuda.amp.autocast(args...)` is deprecated. Please use `torch.amp.autocast('cuda', args...)` instead.\n"}
,{"stream_name":"stderr","time":755.908526567,"data":"  with torch.cuda.amp.autocast(enabled=DEVICE.type == \"cuda\", dtype=torch.float16):\n"}
,{"stream_name":"stderr","time":756.353717331,"data":"/kaggle/src/script.py:325: FutureWarning: `torch.cuda.amp.autocast(args...)` is deprecated. Please use `torch.amp.autocast('cuda', args...)` instead.\n"}
,{"stream_name":"stderr","time":756.353782358,"data":"  with torch.cuda.amp.autocast(enabled=DEVICE.type == \"cuda\", dtype=torch.float16):\n"}
,{"stream_name":"stderr","time":757.032922719,"data":"/kaggle/src/script.py:325: FutureWarning: `torch.cuda.amp.autocast(args...)` is deprecated. Please use `torch.amp.autocast('cuda', args...)` instead.\n"}
,{"stream_name":"stderr","time":757.032969191,"data":"  with torch.cuda.amp.autocast(enabled=DEVICE.type == \"cuda\", dtype=torch.float16):\n"}
,{"stream_name":"stdout","time":757.500211357,"data":"epoch=4 session=60/206 step=223 loss=2.1827 ce=1.2802 rank=0.6389 struct=1.3578\n"}
,{"stream_name":"stderr","time":757.501498811,"data":"/kaggle/src/script.py:325: FutureWarning: `torch.cuda.amp.autocast(args...)` is deprecated. Please use `torch.amp.autocast('cuda', args...)` instead.\n"}
,{"stream_name":"stderr","time":757.501541769,"data":"  with torch.cuda.amp.autocast(enabled=DEVICE.type == \"cuda\", dtype=torch.float16):\n"}
,{"stream_name":"stderr","time":757.982950875,"data":"/kaggle/src/script.py:325: FutureWarning: `torch.cuda.amp.autocast(args...)` is deprecated. Please use `torch.amp.autocast('cuda', args...)` instead.\n"}
,{"stream_name":"stderr","time":757.983029978,"data":"  with torch.cuda.amp.autocast(enabled=DEVICE.type == \"cuda\", dtype=torch.float16):\n"}
,{"stream_name":"stderr","time":758.676091913,"data":"/kaggle/src/script.py:325: FutureWarning: `torch.cuda.amp.autocast(args...)` is deprecated. Please use `torch.amp.autocast('cuda', args...)` instead.\n"}
,{"stream_name":"stderr","time":758.676134216,"data":"  with torch.cuda.amp.autocast(enabled=DEVICE.type == \"cuda\", dtype=torch.float16):\n"}
,{"stream_name":"stderr","time":759.384620649,"data":"/kaggle/src/script.py:325: FutureWarning: `torch.cuda.amp.autocast(args...)` is deprecated. Please use `torch.amp.autocast('cuda', args...)` instead.\n"}
,{"stream_name":"stderr","time":759.384687604,"data":"  with torch.cuda.amp.autocast(enabled=DEVICE.type == \"cuda\", dtype=torch.float16):\n"}
,{"stream_name":"stderr","time":760.072117172,"data":"/kaggle/src/script.py:325: FutureWarning: `torch.cuda.amp.autocast(args...)` is deprecated. Please use `torch.amp.autocast('cuda', args...)` instead.\n"}
,{"stream_name":"stderr","time":760.072158452,"data":"  with torch.cuda.amp.autocast(enabled=DEVICE.type == \"cuda\", dtype=torch.float16):\n"}
,{"stream_name":"stderr","time":760.595865934,"data":"/kaggle/src/script.py:325: FutureWarning: `torch.cuda.amp.autocast(args...)` is deprecated. Please use `torch.amp.autocast('cuda', args...)` instead.\n"}
,{"stream_name":"stderr","time":760.595905123,"data":"  with torch.cuda.amp.autocast(enabled=DEVICE.type == \"cuda\", dtype=torch.float16):\n"}
,{"stream_name":"stderr","time":761.24101781,"data":"/kaggle/src/script.py:325: FutureWarning: `torch.cuda.amp.autocast(args...)` is deprecated. Please use `torch.amp.autocast('cuda', args...)` instead.\n"}
,{"stream_name":"stderr","time":761.241056961,"data":"  with torch.cuda.amp.autocast(enabled=DEVICE.type == \"cuda\", dtype=torch.float16):\n"}
,{"stream_name":"stderr","time":761.733234789,"data":"/kaggle/src/script.py:325: FutureWarning: `torch.cuda.amp.autocast(args...)` is deprecated. Please use `torch.amp.autocast('cuda', args...)` instead.\n"}
,{"stream_name":"stderr","time":761.733285044,"data":"  with torch.cuda.amp.autocast(enabled=DEVICE.type == \"cuda\", dtype=torch.float16):\n"}
,{"stream_name":"stderr","time":762.223350871,"data":"/kaggle/src/script.py:325: FutureWarning: `torch.cuda.amp.autocast(args...)` is deprecated. Please use `torch.amp.autocast('cuda', args...)` instead.\n"}
,{"stream_name":"stderr","time":762.223401306,"data":"  with torch.cuda.amp.autocast(enabled=DEVICE.type == \"cuda\", dtype=torch.float16):\n"}
,{"stream_name":"stderr","time":762.861729317,"data":"/kaggle/src/script.py:325: FutureWarning: `torch.cuda.amp.autocast(args...)` is deprecated. Please use `torch.amp.autocast('cuda', args...)` instead.\n"}
,{"stream_name":"stderr","time":762.861778955,"data":"  with torch.cuda.amp.autocast(enabled=DEVICE.type == \"cuda\", dtype=torch.float16):\n"}
,{"stream_name":"stdout","time":763.349068579,"data":"epoch=4 session=70/206 step=225 loss=2.1410 ce=1.3133 rank=0.7106 struct=1.1580\n"}
,{"stream_name":"stderr","time":763.350468587,"data":"/kaggle/src/script.py:325: FutureWarning: `torch.cuda.amp.autocast(args...)` is deprecated. Please use `torch.amp.autocast('cuda', args...)` instead.\n"}
,{"stream_name":"stderr","time":763.350489722,"data":"  with torch.cuda.amp.autocast(enabled=DEVICE.type == \"cuda\", dtype=torch.float16):\n"}
,{"stream_name":"stderr","time":764.042980978,"data":"/kaggle/src/script.py:325: FutureWarning: `torch.cuda.amp.autocast(args...)` is deprecated. Please use `torch.amp.autocast('cuda', args...)` instead.\n"}
,{"stream_name":"stderr","time":764.043028477,"data":"  with torch.cuda.amp.autocast(enabled=DEVICE.type == \"cuda\", dtype=torch.float16):\n"}
,{"stream_name":"stderr","time":764.500354632,"data":"/kaggle/src/script.py:325: FutureWarning: `torch.cuda.amp.autocast(args...)` is deprecated. Please use `torch.amp.autocast('cuda', args...)` instead.\n"}
,{"stream_name":"stderr","time":764.500400319,"data":"  with torch.cuda.amp.autocast(enabled=DEVICE.type == \"cuda\", dtype=torch.float16):\n"}
,{"stream_name":"stderr","time":764.966918563,"data":"/kaggle/src/script.py:325: FutureWarning: `torch.cuda.amp.autocast(args...)` is deprecated. Please use `torch.amp.autocast('cuda', args...)` instead.\n"}
,{"stream_name":"stderr","time":764.966960623,"data":"  with torch.cuda.amp.autocast(enabled=DEVICE.type == \"cuda\", dtype=torch.float16):\n"}
,{"stream_name":"stderr","time":765.591265729,"data":"/kaggle/src/script.py:325: FutureWarning: `torch.cuda.amp.autocast(args...)` is deprecated. Please use `torch.amp.autocast('cuda', args...)` instead.\n"}
,{"stream_name":"stderr","time":765.591327286,"data":"  with torch.cuda.amp.autocast(enabled=DEVICE.type == \"cuda\", dtype=torch.float16):\n"}
,{"stream_name":"stderr","time":766.067875856,"data":"/kaggle/src/script.py:325: FutureWarning: `torch.cuda.amp.autocast(args...)` is deprecated. Please use `torch.amp.autocast('cuda', args...)` instead.\n"}
,{"stream_name":"stderr","time":766.067917657,"data":"  with torch.cuda.amp.autocast(enabled=DEVICE.type == \"cuda\", dtype=torch.float16):\n"}
,{"stream_name":"stderr","time":766.561385414,"data":"/kaggle/src/script.py:325: FutureWarning: `torch.cuda.amp.autocast(args...)` is deprecated. Please use `torch.amp.autocast('cuda', args...)` instead.\n"}
,{"stream_name":"stderr","time":766.561424539,"data":"  with torch.cuda.amp.autocast(enabled=DEVICE.type == \"cuda\", dtype=torch.float16):\n"}
,{"stream_name":"stderr","time":767.063591308,"data":"/kaggle/src/script.py:325: FutureWarning: `torch.cuda.amp.autocast(args...)` is deprecated. Please use `torch.amp.autocast('cuda', args...)` instead.\n"}
,{"stream_name":"stderr","time":767.063638572,"data":"  with torch.cuda.amp.autocast(enabled=DEVICE.type == \"cuda\", dtype=torch.float16):\n"}
,{"stream_name":"stderr","time":767.708945261,"data":"/kaggle/src/script.py:325: FutureWarning: `torch.cuda.amp.autocast(args...)` is deprecated. Please use `torch.amp.autocast('cuda', args...)` instead.\n"}
,{"stream_name":"stderr","time":767.708996412,"data":"  with torch.cuda.amp.autocast(enabled=DEVICE.type == \"cuda\", dtype=torch.float16):\n"}
,{"stream_name":"stderr","time":768.368960544,"data":"/kaggle/src/script.py:325: FutureWarning: `torch.cuda.amp.autocast(args...)` is deprecated. Please use `torch.amp.autocast('cuda', args...)` instead.\n"}
,{"stream_name":"stderr","time":768.369005263,"data":"  with torch.cuda.amp.autocast(enabled=DEVICE.type == \"cuda\", dtype=torch.float16):\n"}
,{"stream_name":"stdout","time":769.064472396,"data":"epoch=4 session=80/206 step=228 loss=1.9366 ce=1.1406 rank=0.7967 struct=1.0342\n"}
,{"stream_name":"stderr","time":769.065871019,"data":"/kaggle/src/script.py:325: FutureWarning: `torch.cuda.amp.autocast(args...)` is deprecated. Please use `torch.amp.autocast('cuda', args...)` instead.\n"}
,{"stream_name":"stderr","time":769.065903139,"data":"  with torch.cuda.amp.autocast(enabled=DEVICE.type == \"cuda\", dtype=torch.float16):\n"}
,{"stream_name":"stderr","time":769.769938505,"data":"/kaggle/src/script.py:325: FutureWarning: `torch.cuda.amp.autocast(args...)` is deprecated. Please use `torch.amp.autocast('cuda', args...)` instead.\n"}
,{"stream_name":"stderr","time":769.76997981,"data":"  with torch.cuda.amp.autocast(enabled=DEVICE.type == \"cuda\", dtype=torch.float16):\n"}
,{"stream_name":"stderr","time":770.457890335,"data":"/kaggle/src/script.py:325: FutureWarning: `torch.cuda.amp.autocast(args...)` is deprecated. Please use `torch.amp.autocast('cuda', args...)` instead.\n"}
,{"stream_name":"stderr","time":770.45796349,"data":"  with torch.cuda.amp.autocast(enabled=DEVICE.type == \"cuda\", dtype=torch.float16):\n"}
,{"stream_name":"stderr","time":770.954934251,"data":"/kaggle/src/script.py:325: FutureWarning: `torch.cuda.amp.autocast(args...)` is deprecated. Please use `torch.amp.autocast('cuda', args...)` instead.\n"}
,{"stream_name":"stderr","time":770.954979825,"data":"  with torch.cuda.amp.autocast(enabled=DEVICE.type == \"cuda\", dtype=torch.float16):\n"}
,{"stream_name":"stderr","time":771.437489607,"data":"/kaggle/src/script.py:325: FutureWarning: `torch.cuda.amp.autocast(args...)` is deprecated. Please use `torch.amp.autocast('cuda', args...)` instead.\n"}
,{"stream_name":"stderr","time":771.437537201,"data":"  with torch.cuda.amp.autocast(enabled=DEVICE.type == \"cuda\", dtype=torch.float16):\n"}
,{"stream_name":"stderr","time":771.915916155,"data":"/kaggle/src/script.py:325: FutureWarning: `torch.cuda.amp.autocast(args...)` is deprecated. Please use `torch.amp.autocast('cuda', args...)` instead.\n"}
,{"stream_name":"stderr","time":771.915958566,"data":"  with torch.cuda.amp.autocast(enabled=DEVICE.type == \"cuda\", dtype=torch.float16):\n"}
,{"stream_name":"stderr","time":772.618208323,"data":"/kaggle/src/script.py:325: FutureWarning: `torch.cuda.amp.autocast(args...)` is deprecated. Please use `torch.amp.autocast('cuda', args...)` instead.\n"}
,{"stream_name":"stderr","time":772.618271833,"data":"  with torch.cuda.amp.autocast(enabled=DEVICE.type == \"cuda\", dtype=torch.float16):\n"}
,{"stream_name":"stderr","time":773.080660955,"data":"/kaggle/src/script.py:325: FutureWarning: `torch.cuda.amp.autocast(args...)` is deprecated. Please use `torch.amp.autocast('cuda', args...)` instead.\n"}
,{"stream_name":"stderr","time":773.080700028,"data":"  with torch.cuda.amp.autocast(enabled=DEVICE.type == \"cuda\", dtype=torch.float16):\n"}
,{"stream_name":"stderr","time":773.724085194,"data":"/kaggle/src/script.py:325: FutureWarning: `torch.cuda.amp.autocast(args...)` is deprecated. Please use `torch.amp.autocast('cuda', args...)` instead.\n"}
,{"stream_name":"stderr","time":773.724132804,"data":"  with torch.cuda.amp.autocast(enabled=DEVICE.type == \"cuda\", dtype=torch.float16):\n"}
,{"stream_name":"stderr","time":774.37501563,"data":"/kaggle/src/script.py:325: FutureWarning: `torch.cuda.amp.autocast(args...)` is deprecated. Please use `torch.amp.autocast('cuda', args...)` instead.\n"}
,{"stream_name":"stderr","time":774.375078515,"data":"  with torch.cuda.amp.autocast(enabled=DEVICE.type == \"cuda\", dtype=torch.float16):\n"}
,{"stream_name":"stdout","time":775.088434702,"data":"epoch=4 session=90/206 step=230 loss=2.0461 ce=1.3022 rank=0.7416 struct=0.9686\n"}
,{"stream_name":"stderr","time":775.089867451,"data":"/kaggle/src/script.py:325: FutureWarning: `torch.cuda.amp.autocast(args...)` is deprecated. Please use `torch.amp.autocast('cuda', args...)` instead.\n"}
,{"stream_name":"stderr","time":775.089898863,"data":"  with torch.cuda.amp.autocast(enabled=DEVICE.type == \"cuda\", dtype=torch.float16):\n"}
,{"stream_name":"stderr","time":775.595352964,"data":"/kaggle/src/script.py:325: FutureWarning: `torch.cuda.amp.autocast(args...)` is deprecated. Please use `torch.amp.autocast('cuda', args...)` instead.\n"}
,{"stream_name":"stderr","time":775.5953946,"data":"  with torch.cuda.amp.autocast(enabled=DEVICE.type == \"cuda\", dtype=torch.float16):\n"}
,{"stream_name":"stderr","time":776.043843211,"data":"/kaggle/src/script.py:325: FutureWarning: `torch.cuda.amp.autocast(args...)` is deprecated. Please use `torch.amp.autocast('cuda', args...)` instead.\n"}
,{"stream_name":"stderr","time":776.04392034,"data":"  with torch.cuda.amp.autocast(enabled=DEVICE.type == \"cuda\", dtype=torch.float16):\n"}
,{"stream_name":"stderr","time":776.704094502,"data":"/kaggle/src/script.py:325: FutureWarning: `torch.cuda.amp.autocast(args...)` is deprecated. Please use `torch.amp.autocast('cuda', args...)` instead.\n"}
,{"stream_name":"stderr","time":776.704172953,"data":"  with torch.cuda.amp.autocast(enabled=DEVICE.type == \"cuda\", dtype=torch.float16):\n"}
,{"stream_name":"stderr","time":777.201495465,"data":"/kaggle/src/script.py:325: FutureWarning: `torch.cuda.amp.autocast(args...)` is deprecated. Please use `torch.amp.autocast('cuda', args...)` instead.\n"}
,{"stream_name":"stderr","time":777.201560994,"data":"  with torch.cuda.amp.autocast(enabled=DEVICE.type == \"cuda\", dtype=torch.float16):\n"}
,{"stream_name":"stderr","time":777.883281525,"data":"/kaggle/src/script.py:325: FutureWarning: `torch.cuda.amp.autocast(args...)` is deprecated. Please use `torch.amp.autocast('cuda', args...)` instead.\n"}
,{"stream_name":"stderr","time":777.883320587,"data":"  with torch.cuda.amp.autocast(enabled=DEVICE.type == \"cuda\", dtype=torch.float16):\n"}
,{"stream_name":"stderr","time":778.394587355,"data":"/kaggle/src/script.py:325: FutureWarning: `torch.cuda.amp.autocast(args...)` is deprecated. Please use `torch.amp.autocast('cuda', args...)` instead.\n"}
,{"stream_name":"stderr","time":778.394651794,"data":"  with torch.cuda.amp.autocast(enabled=DEVICE.type == \"cuda\", dtype=torch.float16):\n"}
,{"stream_name":"stderr","time":779.108435351,"data":"/kaggle/src/script.py:325: FutureWarning: `torch.cuda.amp.autocast(args...)` is deprecated. Please use `torch.amp.autocast('cuda', args...)` instead.\n"}
,{"stream_name":"stderr","time":779.108490093,"data":"  with torch.cuda.amp.autocast(enabled=DEVICE.type == \"cuda\", dtype=torch.float16):\n"}
,{"stream_name":"stderr","time":779.558898709,"data":"/kaggle/src/script.py:325: FutureWarning: `torch.cuda.amp.autocast(args...)` is deprecated. Please use `torch.amp.autocast('cuda', args...)` instead.\n"}
,{"stream_name":"stderr","time":779.558972108,"data":"  with torch.cuda.amp.autocast(enabled=DEVICE.type == \"cuda\", dtype=torch.float16):\n"}
,{"stream_name":"stderr","time":780.048089095,"data":"/kaggle/src/script.py:325: FutureWarning: `torch.cuda.amp.autocast(args...)` is deprecated. Please use `torch.amp.autocast('cuda', args...)` instead.\n"}
,{"stream_name":"stderr","time":780.048135466,"data":"  with torch.cuda.amp.autocast(enabled=DEVICE.type == \"cuda\", dtype=torch.float16):\n"}
,{"stream_name":"stdout","time":780.551558048,"data":"epoch=4 session=100/206 step=233 loss=2.1761 ce=1.2813 rank=0.7906 struct=1.2362\n"}
,{"stream_name":"stderr","time":780.55280885,"data":"/kaggle/src/script.py:325: FutureWarning: `torch.cuda.amp.autocast(args...)` is deprecated. Please use `torch.amp.autocast('cuda', args...)` instead.\n"}
,{"stream_name":"stderr","time":780.552838339,"data":"  with torch.cuda.amp.autocast(enabled=DEVICE.type == \"cuda\", dtype=torch.float16):\n"}
,{"stream_name":"stderr","time":781.055203008,"data":"/kaggle/src/script.py:325: FutureWarning: `torch.cuda.amp.autocast(args...)` is deprecated. Please use `torch.amp.autocast('cuda', args...)` instead.\n"}
,{"stream_name":"stderr","time":781.055243726,"data":"  with torch.cuda.amp.autocast(enabled=DEVICE.type == \"cuda\", dtype=torch.float16):\n"}
,{"stream_name":"stderr","time":781.525702956,"data":"/kaggle/src/script.py:325: FutureWarning: `torch.cuda.amp.autocast(args...)` is deprecated. Please use `torch.amp.autocast('cuda', args...)` instead.\n"}
,{"stream_name":"stderr","time":781.525751944,"data":"  with torch.cuda.amp.autocast(enabled=DEVICE.type == \"cuda\", dtype=torch.float16):\n"}
,{"stream_name":"stderr","time":781.998592624,"data":"/kaggle/src/script.py:325: FutureWarning: `torch.cuda.amp.autocast(args...)` is deprecated. Please use `torch.amp.autocast('cuda', args...)` instead.\n"}
,{"stream_name":"stderr","time":781.998663404,"data":"  with torch.cuda.amp.autocast(enabled=DEVICE.type == \"cuda\", dtype=torch.float16):\n"}
,{"stream_name":"stderr","time":782.649577373,"data":"/kaggle/src/script.py:325: FutureWarning: `torch.cuda.amp.autocast(args...)` is deprecated. Please use `torch.amp.autocast('cuda', args...)` instead.\n"}
,{"stream_name":"stderr","time":782.649617441,"data":"  with torch.cuda.amp.autocast(enabled=DEVICE.type == \"cuda\", dtype=torch.float16):\n"}
,{"stream_name":"stderr","time":783.365602941,"data":"/kaggle/src/script.py:325: FutureWarning: `torch.cuda.amp.autocast(args...)` is deprecated. Please use `torch.amp.autocast('cuda', args...)` instead.\n"}
,{"stream_name":"stderr","time":783.365642419,"data":"  with torch.cuda.amp.autocast(enabled=DEVICE.type == \"cuda\", dtype=torch.float16):\n"}
,{"stream_name":"stderr","time":784.046492432,"data":"/kaggle/src/script.py:325: FutureWarning: `torch.cuda.amp.autocast(args...)` is deprecated. Please use `torch.amp.autocast('cuda', args...)` instead.\n"}
,{"stream_name":"stderr","time":784.046542393,"data":"  with torch.cuda.amp.autocast(enabled=DEVICE.type == \"cuda\", dtype=torch.float16):\n"}
,{"stream_name":"stderr","time":784.720793348,"data":"/kaggle/src/script.py:325: FutureWarning: `torch.cuda.amp.autocast(args...)` is deprecated. Please use `torch.amp.autocast('cuda', args...)` instead.\n"}
,{"stream_name":"stderr","time":784.72084244,"data":"  with torch.cuda.amp.autocast(enabled=DEVICE.type == \"cuda\", dtype=torch.float16):\n"}
,{"stream_name":"stderr","time":785.230067714,"data":"/kaggle/src/script.py:325: FutureWarning: `torch.cuda.amp.autocast(args...)` is deprecated. Please use `torch.amp.autocast('cuda', args...)` instead.\n"}
,{"stream_name":"stderr","time":785.230121027,"data":"  with torch.cuda.amp.autocast(enabled=DEVICE.type == \"cuda\", dtype=torch.float16):\n"}
,{"stream_name":"stderr","time":785.941110845,"data":"/kaggle/src/script.py:325: FutureWarning: `torch.cuda.amp.autocast(args...)` is deprecated. Please use `torch.amp.autocast('cuda', args...)` instead.\n"}
,{"stream_name":"stderr","time":785.941156673,"data":"  with torch.cuda.amp.autocast(enabled=DEVICE.type == \"cuda\", dtype=torch.float16):\n"}
,{"stream_name":"stdout","time":786.431844557,"data":"epoch=4 session=110/206 step=235 loss=2.2059 ce=1.3472 rank=0.6651 struct=1.2517\n"}
,{"stream_name":"stderr","time":786.433114236,"data":"/kaggle/src/script.py:325: FutureWarning: `torch.cuda.amp.autocast(args...)` is deprecated. Please use `torch.amp.autocast('cuda', args...)` instead.\n"}
,{"stream_name":"stderr","time":786.433150415,"data":"  with torch.cuda.amp.autocast(enabled=DEVICE.type == \"cuda\", dtype=torch.float16):\n"}
,{"stream_name":"stderr","time":786.929388818,"data":"/kaggle/src/script.py:325: FutureWarning: `torch.cuda.amp.autocast(args...)` is deprecated. Please use `torch.amp.autocast('cuda', args...)` instead.\n"}
,{"stream_name":"stderr","time":786.92943696,"data":"  with torch.cuda.amp.autocast(enabled=DEVICE.type == \"cuda\", dtype=torch.float16):\n"}
,{"stream_name":"stderr","time":787.584332457,"data":"/kaggle/src/script.py:325: FutureWarning: `torch.cuda.amp.autocast(args...)` is deprecated. Please use `torch.amp.autocast('cuda', args...)` instead.\n"}
,{"stream_name":"stderr","time":787.584376026,"data":"  with torch.cuda.amp.autocast(enabled=DEVICE.type == \"cuda\", dtype=torch.float16):\n"}
,{"stream_name":"stderr","time":788.265980935,"data":"/kaggle/src/script.py:325: FutureWarning: `torch.cuda.amp.autocast(args...)` is deprecated. Please use `torch.amp.autocast('cuda', args...)` instead.\n"}
,{"stream_name":"stderr","time":788.266038963,"data":"  with torch.cuda.amp.autocast(enabled=DEVICE.type == \"cuda\", dtype=torch.float16):\n"}
,{"stream_name":"stderr","time":788.962786765,"data":"/kaggle/src/script.py:325: FutureWarning: `torch.cuda.amp.autocast(args...)` is deprecated. Please use `torch.amp.autocast('cuda', args...)` instead.\n"}
,{"stream_name":"stderr","time":788.962830208,"data":"  with torch.cuda.amp.autocast(enabled=DEVICE.type == \"cuda\", dtype=torch.float16):\n"}
,{"stream_name":"stderr","time":789.459122566,"data":"/kaggle/src/script.py:325: FutureWarning: `torch.cuda.amp.autocast(args...)` is deprecated. Please use `torch.amp.autocast('cuda', args...)` instead.\n"}
,{"stream_name":"stderr","time":789.459194996,"data":"  with torch.cuda.amp.autocast(enabled=DEVICE.type == \"cuda\", dtype=torch.float16):\n"}
,{"stream_name":"stderr","time":789.935253137,"data":"/kaggle/src/script.py:325: FutureWarning: `torch.cuda.amp.autocast(args...)` is deprecated. Please use `torch.amp.autocast('cuda', args...)` instead.\n"}
,{"stream_name":"stderr","time":789.935320131,"data":"  with torch.cuda.amp.autocast(enabled=DEVICE.type == \"cuda\", dtype=torch.float16):\n"}
,{"stream_name":"stderr","time":790.453251089,"data":"/kaggle/src/script.py:325: FutureWarning: `torch.cuda.amp.autocast(args...)` is deprecated. Please use `torch.amp.autocast('cuda', args...)` instead.\n"}
,{"stream_name":"stderr","time":790.453301171,"data":"  with torch.cuda.amp.autocast(enabled=DEVICE.type == \"cuda\", dtype=torch.float16):\n"}
,{"stream_name":"stderr","time":790.939589909,"data":"/kaggle/src/script.py:325: FutureWarning: `torch.cuda.amp.autocast(args...)` is deprecated. Please use `torch.amp.autocast('cuda', args...)` instead.\n"}
,{"stream_name":"stderr","time":790.939636731,"data":"  with torch.cuda.amp.autocast(enabled=DEVICE.type == \"cuda\", dtype=torch.float16):\n"}
,{"stream_name":"stderr","time":791.612869811,"data":"/kaggle/src/script.py:325: FutureWarning: `torch.cuda.amp.autocast(args...)` is deprecated. Please use `torch.amp.autocast('cuda', args...)` instead.\n"}
,{"stream_name":"stderr","time":791.612921278,"data":"  with torch.cuda.amp.autocast(enabled=DEVICE.type == \"cuda\", dtype=torch.float16):\n"}
,{"stream_name":"stdout","time":792.371138075,"data":"epoch=4 session=120/206 step=238 loss=2.0404 ce=1.3069 rank=0.6990 struct=0.9778\n"}
,{"stream_name":"stderr","time":792.372573441,"data":"/kaggle/src/script.py:325: FutureWarning: `torch.cuda.amp.autocast(args...)` is deprecated. Please use `torch.amp.autocast('cuda', args...)` instead.\n"}
,{"stream_name":"stderr","time":792.372601645,"data":"  with torch.cuda.amp.autocast(enabled=DEVICE.type == \"cuda\", dtype=torch.float16):\n"}
,{"stream_name":"stderr","time":792.886999178,"data":"/kaggle/src/script.py:325: FutureWarning: `torch.cuda.amp.autocast(args...)` is deprecated. Please use `torch.amp.autocast('cuda', args...)` instead.\n"}
,{"stream_name":"stderr","time":792.887050241,"data":"  with torch.cuda.amp.autocast(enabled=DEVICE.type == \"cuda\", dtype=torch.float16):\n"}
,{"stream_name":"stderr","time":793.5548283,"data":"/kaggle/src/script.py:325: FutureWarning: `torch.cuda.amp.autocast(args...)` is deprecated. Please use `torch.amp.autocast('cuda', args...)` instead.\n"}
,{"stream_name":"stderr","time":793.5548724,"data":"  with torch.cuda.amp.autocast(enabled=DEVICE.type == \"cuda\", dtype=torch.float16):\n"}
,{"stream_name":"stderr","time":794.244154856,"data":"/kaggle/src/script.py:325: FutureWarning: `torch.cuda.amp.autocast(args...)` is deprecated. Please use `torch.amp.autocast('cuda', args...)` instead.\n"}
,{"stream_name":"stderr","time":794.244219898,"data":"  with torch.cuda.amp.autocast(enabled=DEVICE.type == \"cuda\", dtype=torch.float16):\n"}
,{"stream_name":"stderr","time":795.001792465,"data":"/kaggle/src/script.py:325: FutureWarning: `torch.cuda.amp.autocast(args...)` is deprecated. Please use `torch.amp.autocast('cuda', args...)` instead.\n"}
,{"stream_name":"stderr","time":795.001867914,"data":"  with torch.cuda.amp.autocast(enabled=DEVICE.type == \"cuda\", dtype=torch.float16):\n"}
,{"stream_name":"stderr","time":795.718040146,"data":"/kaggle/src/script.py:325: FutureWarning: `torch.cuda.amp.autocast(args...)` is deprecated. Please use `torch.amp.autocast('cuda', args...)` instead.\n"}
,{"stream_name":"stderr","time":795.718113574,"data":"  with torch.cuda.amp.autocast(enabled=DEVICE.type == \"cuda\", dtype=torch.float16):\n"}
,{"stream_name":"stderr","time":796.196731303,"data":"/kaggle/src/script.py:325: FutureWarning: `torch.cuda.amp.autocast(args...)` is deprecated. Please use `torch.amp.autocast('cuda', args...)` instead.\n"}
,{"stream_name":"stderr","time":796.196773538,"data":"  with torch.cuda.amp.autocast(enabled=DEVICE.type == \"cuda\", dtype=torch.float16):\n"}
,{"stream_name":"stderr","time":796.713163641,"data":"/kaggle/src/script.py:325: FutureWarning: `torch.cuda.amp.autocast(args...)` is deprecated. Please use `torch.amp.autocast('cuda', args...)` instead.\n"}
,{"stream_name":"stderr","time":796.713246092,"data":"  with torch.cuda.amp.autocast(enabled=DEVICE.type == \"cuda\", dtype=torch.float16):\n"}
,{"stream_name":"stderr","time":797.373289866,"data":"/kaggle/src/script.py:325: FutureWarning: `torch.cuda.amp.autocast(args...)` is deprecated. Please use `torch.amp.autocast('cuda', args...)` instead.\n"}
,{"stream_name":"stderr","time":797.373341018,"data":"  with torch.cuda.amp.autocast(enabled=DEVICE.type == \"cuda\", dtype=torch.float16):\n"}
,{"stream_name":"stderr","time":797.865649123,"data":"/kaggle/src/script.py:325: FutureWarning: `torch.cuda.amp.autocast(args...)` is deprecated. Please use `torch.amp.autocast('cuda', args...)` instead.\n"}
,{"stream_name":"stderr","time":797.865695728,"data":"  with torch.cuda.amp.autocast(enabled=DEVICE.type == \"cuda\", dtype=torch.float16):\n"}
,{"stream_name":"stdout","time":798.335556234,"data":"epoch=4 session=130/206 step=240 loss=2.1312 ce=1.3283 rank=0.7061 struct=1.1116\n"}
,{"stream_name":"stderr","time":798.336981731,"data":"/kaggle/src/script.py:325: FutureWarning: `torch.cuda.amp.autocast(args...)` is deprecated. Please use `torch.amp.autocast('cuda', args...)` instead.\n"}
,{"stream_name":"stderr","time":798.337014822,"data":"  with torch.cuda.amp.autocast(enabled=DEVICE.type == \"cuda\", dtype=torch.float16):\n"}
,{"stream_name":"stderr","time":799.016660915,"data":"/kaggle/src/script.py:325: FutureWarning: `torch.cuda.amp.autocast(args...)` is deprecated. Please use `torch.amp.autocast('cuda', args...)` instead.\n"}
,{"stream_name":"stderr","time":799.016709085,"data":"  with torch.cuda.amp.autocast(enabled=DEVICE.type == \"cuda\", dtype=torch.float16):\n"}
,{"stream_name":"stderr","time":799.714223567,"data":"/kaggle/src/script.py:325: FutureWarning: `torch.cuda.amp.autocast(args...)` is deprecated. Please use `torch.amp.autocast('cuda', args...)` instead.\n"}
,{"stream_name":"stderr","time":799.714285334,"data":"  with torch.cuda.amp.autocast(enabled=DEVICE.type == \"cuda\", dtype=torch.float16):\n"}
,{"stream_name":"stderr","time":800.379511351,"data":"/kaggle/src/script.py:325: FutureWarning: `torch.cuda.amp.autocast(args...)` is deprecated. Please use `torch.amp.autocast('cuda', args...)` instead.\n"}
,{"stream_name":"stderr","time":800.379559348,"data":"  with torch.cuda.amp.autocast(enabled=DEVICE.type == \"cuda\", dtype=torch.float16):\n"}
,{"stream_name":"stderr","time":801.063488264,"data":"/kaggle/src/script.py:325: FutureWarning: `torch.cuda.amp.autocast(args...)` is deprecated. Please use `torch.amp.autocast('cuda', args...)` instead.\n"}
,{"stream_name":"stderr","time":801.063533191,"data":"  with torch.cuda.amp.autocast(enabled=DEVICE.type == \"cuda\", dtype=torch.float16):\n"}
,{"stream_name":"stderr","time":801.824259809,"data":"/kaggle/src/script.py:325: FutureWarning: `torch.cuda.amp.autocast(args...)` is deprecated. Please use `torch.amp.autocast('cuda', args...)` instead.\n"}
,{"stream_name":"stderr","time":801.824349983,"data":"  with torch.cuda.amp.autocast(enabled=DEVICE.type == \"cuda\", dtype=torch.float16):\n"}
,{"stream_name":"stderr","time":802.570999815,"data":"/kaggle/src/script.py:325: FutureWarning: `torch.cuda.amp.autocast(args...)` is deprecated. Please use `torch.amp.autocast('cuda', args...)` instead.\n"}
,{"stream_name":"stderr","time":802.571052968,"data":"  with torch.cuda.amp.autocast(enabled=DEVICE.type == \"cuda\", dtype=torch.float16):\n"}
,{"stream_name":"stderr","time":803.081748839,"data":"/kaggle/src/script.py:325: FutureWarning: `torch.cuda.amp.autocast(args...)` is deprecated. Please use `torch.amp.autocast('cuda', args...)` instead.\n"}
,{"stream_name":"stderr","time":803.081795907,"data":"  with torch.cuda.amp.autocast(enabled=DEVICE.type == \"cuda\", dtype=torch.float16):\n"}
,{"stream_name":"stderr","time":803.790706609,"data":"/kaggle/src/script.py:325: FutureWarning: `torch.cuda.amp.autocast(args...)` is deprecated. Please use `torch.amp.autocast('cuda', args...)` instead.\n"}
,{"stream_name":"stderr","time":803.790749435,"data":"  with torch.cuda.amp.autocast(enabled=DEVICE.type == \"cuda\", dtype=torch.float16):\n"}
,{"stream_name":"stderr","time":804.472666484,"data":"/kaggle/src/script.py:325: FutureWarning: `torch.cuda.amp.autocast(args...)` is deprecated. Please use `torch.amp.autocast('cuda', args...)` instead.\n"}
,{"stream_name":"stderr","time":804.472730253,"data":"  with torch.cuda.amp.autocast(enabled=DEVICE.type == \"cuda\", dtype=torch.float16):\n"}
,{"stream_name":"stdout","time":805.196775882,"data":"epoch=4 session=140/206 step=243 loss=1.9138 ce=1.3182 rank=0.6831 struct=0.7129\n"}
,{"stream_name":"stderr","time":805.198141994,"data":"/kaggle/src/script.py:325: FutureWarning: `torch.cuda.amp.autocast(args...)` is deprecated. Please use `torch.amp.autocast('cuda', args...)` instead.\n"}
,{"stream_name":"stderr","time":805.198166513,"data":"  with torch.cuda.amp.autocast(enabled=DEVICE.type == \"cuda\", dtype=torch.float16):\n"}
,{"stream_name":"stderr","time":805.730694082,"data":"/kaggle/src/script.py:325: FutureWarning: `torch.cuda.amp.autocast(args...)` is deprecated. Please use `torch.amp.autocast('cuda', args...)` instead.\n"}
,{"stream_name":"stderr","time":805.7307366,"data":"  with torch.cuda.amp.autocast(enabled=DEVICE.type == \"cuda\", dtype=torch.float16):\n"}
,{"stream_name":"stderr","time":806.197829465,"data":"/kaggle/src/script.py:325: FutureWarning: `torch.cuda.amp.autocast(args...)` is deprecated. Please use `torch.amp.autocast('cuda', args...)` instead.\n"}
,{"stream_name":"stderr","time":806.197871736,"data":"  with torch.cuda.amp.autocast(enabled=DEVICE.type == \"cuda\", dtype=torch.float16):\n"}
,{"stream_name":"stderr","time":806.660357397,"data":"/kaggle/src/script.py:325: FutureWarning: `torch.cuda.amp.autocast(args...)` is deprecated. Please use `torch.amp.autocast('cuda', args...)` instead.\n"}
,{"stream_name":"stderr","time":806.660400851,"data":"  with torch.cuda.amp.autocast(enabled=DEVICE.type == \"cuda\", dtype=torch.float16):\n"}
,{"stream_name":"stderr","time":807.332770081,"data":"/kaggle/src/script.py:325: FutureWarning: `torch.cuda.amp.autocast(args...)` is deprecated. Please use `torch.amp.autocast('cuda', args...)` instead.\n"}
,{"stream_name":"stderr","time":807.332825377,"data":"  with torch.cuda.amp.autocast(enabled=DEVICE.type == \"cuda\", dtype=torch.float16):\n"}
,{"stream_name":"stderr","time":807.823985057,"data":"/kaggle/src/script.py:325: FutureWarning: `torch.cuda.amp.autocast(args...)` is deprecated. Please use `torch.amp.autocast('cuda', args...)` instead.\n"}
,{"stream_name":"stderr","time":807.824054876,"data":"  with torch.cuda.amp.autocast(enabled=DEVICE.type == \"cuda\", dtype=torch.float16):\n"}
,{"stream_name":"stderr","time":808.303220622,"data":"/kaggle/src/script.py:325: FutureWarning: `torch.cuda.amp.autocast(args...)` is deprecated. Please use `torch.amp.autocast('cuda', args...)` instead.\n"}
,{"stream_name":"stderr","time":808.30327983,"data":"  with torch.cuda.amp.autocast(enabled=DEVICE.type == \"cuda\", dtype=torch.float16):\n"}
,{"stream_name":"stderr","time":808.972270509,"data":"/kaggle/src/script.py:325: FutureWarning: `torch.cuda.amp.autocast(args...)` is deprecated. Please use `torch.amp.autocast('cuda', args...)` instead.\n"}
,{"stream_name":"stderr","time":808.972333665,"data":"  with torch.cuda.amp.autocast(enabled=DEVICE.type == \"cuda\", dtype=torch.float16):\n"}
,{"stream_name":"stderr","time":809.465266212,"data":"/kaggle/src/script.py:325: FutureWarning: `torch.cuda.amp.autocast(args...)` is deprecated. Please use `torch.amp.autocast('cuda', args...)` instead.\n"}
,{"stream_name":"stderr","time":809.465312296,"data":"  with torch.cuda.amp.autocast(enabled=DEVICE.type == \"cuda\", dtype=torch.float16):\n"}
,{"stream_name":"stderr","time":810.11745243,"data":"/kaggle/src/script.py:325: FutureWarning: `torch.cuda.amp.autocast(args...)` is deprecated. Please use `torch.amp.autocast('cuda', args...)` instead.\n"}
,{"stream_name":"stderr","time":810.117502784,"data":"  with torch.cuda.amp.autocast(enabled=DEVICE.type == \"cuda\", dtype=torch.float16):\n"}
,{"stream_name":"stdout","time":810.579558344,"data":"epoch=4 session=150/206 step=245 loss=2.2272 ce=1.3340 rank=0.6692 struct=1.3179\n"}
,{"stream_name":"stderr","time":810.580810268,"data":"/kaggle/src/script.py:325: FutureWarning: `torch.cuda.amp.autocast(args...)` is deprecated. Please use `torch.amp.autocast('cuda', args...)` instead.\n"}
,{"stream_name":"stderr","time":810.580829477,"data":"  with torch.cuda.amp.autocast(enabled=DEVICE.type == \"cuda\", dtype=torch.float16):\n"}
,{"stream_name":"stderr","time":811.275276538,"data":"/kaggle/src/script.py:325: FutureWarning: `torch.cuda.amp.autocast(args...)` is deprecated. Please use `torch.amp.autocast('cuda', args...)` instead.\n"}
,{"stream_name":"stderr","time":811.275312825,"data":"  with torch.cuda.amp.autocast(enabled=DEVICE.type == \"cuda\", dtype=torch.float16):\n"}
,{"stream_name":"stderr","time":811.788397682,"data":"/kaggle/src/script.py:325: FutureWarning: `torch.cuda.amp.autocast(args...)` is deprecated. Please use `torch.amp.autocast('cuda', args...)` instead.\n"}
,{"stream_name":"stderr","time":811.788478087,"data":"  with torch.cuda.amp.autocast(enabled=DEVICE.type == \"cuda\", dtype=torch.float16):\n"}
,{"stream_name":"stderr","time":812.244486852,"data":"/kaggle/src/script.py:325: FutureWarning: `torch.cuda.amp.autocast(args...)` is deprecated. Please use `torch.amp.autocast('cuda', args...)` instead.\n"}
,{"stream_name":"stderr","time":812.244527323,"data":"  with torch.cuda.amp.autocast(enabled=DEVICE.type == \"cuda\", dtype=torch.float16):\n"}
,{"stream_name":"stderr","time":812.870253081,"data":"/kaggle/src/script.py:325: FutureWarning: `torch.cuda.amp.autocast(args...)` is deprecated. Please use `torch.amp.autocast('cuda', args...)` instead.\n"}
,{"stream_name":"stderr","time":812.870329327,"data":"  with torch.cuda.amp.autocast(enabled=DEVICE.type == \"cuda\", dtype=torch.float16):\n"}
,{"stream_name":"stderr","time":813.361338586,"data":"/kaggle/src/script.py:325: FutureWarning: `torch.cuda.amp.autocast(args...)` is deprecated. Please use `torch.amp.autocast('cuda', args...)` instead.\n"}
,{"stream_name":"stderr","time":813.361390226,"data":"  with torch.cuda.amp.autocast(enabled=DEVICE.type == \"cuda\", dtype=torch.float16):\n"}
,{"stream_name":"stderr","time":813.833960918,"data":"/kaggle/src/script.py:325: FutureWarning: `torch.cuda.amp.autocast(args...)` is deprecated. Please use `torch.amp.autocast('cuda', args...)` instead.\n"}
,{"stream_name":"stderr","time":813.834009739,"data":"  with torch.cuda.amp.autocast(enabled=DEVICE.type == \"cuda\", dtype=torch.float16):\n"}
,{"stream_name":"stderr","time":814.458645524,"data":"/kaggle/src/script.py:325: FutureWarning: `torch.cuda.amp.autocast(args...)` is deprecated. Please use `torch.amp.autocast('cuda', args...)` instead.\n"}
,{"stream_name":"stderr","time":814.458710202,"data":"  with torch.cuda.amp.autocast(enabled=DEVICE.type == \"cuda\", dtype=torch.float16):\n"}
,{"stream_name":"stderr","time":815.113315493,"data":"/kaggle/src/script.py:325: FutureWarning: `torch.cuda.amp.autocast(args...)` is deprecated. Please use `torch.amp.autocast('cuda', args...)` instead.\n"}
,{"stream_name":"stderr","time":815.113382911,"data":"  with torch.cuda.amp.autocast(enabled=DEVICE.type == \"cuda\", dtype=torch.float16):\n"}
,{"stream_name":"stderr","time":815.781882301,"data":"/kaggle/src/script.py:325: FutureWarning: `torch.cuda.amp.autocast(args...)` is deprecated. Please use `torch.amp.autocast('cuda', args...)` instead.\n"}
,{"stream_name":"stderr","time":815.78192403,"data":"  with torch.cuda.amp.autocast(enabled=DEVICE.type == \"cuda\", dtype=torch.float16):\n"}
,{"stream_name":"stdout","time":816.430247304,"data":"epoch=4 session=160/206 step=248 loss=2.1873 ce=1.4345 rank=0.6639 struct=1.0409\n"}
,{"stream_name":"stderr","time":816.431460454,"data":"/kaggle/src/script.py:325: FutureWarning: `torch.cuda.amp.autocast(args...)` is deprecated. Please use `torch.amp.autocast('cuda', args...)` instead.\n"}
,{"stream_name":"stderr","time":816.431490344,"data":"  with torch.cuda.amp.autocast(enabled=DEVICE.type == \"cuda\", dtype=torch.float16):\n"}
,{"stream_name":"stderr","time":817.04825626,"data":"/kaggle/src/script.py:325: FutureWarning: `torch.cuda.amp.autocast(args...)` is deprecated. Please use `torch.amp.autocast('cuda', args...)` instead.\n"}
,{"stream_name":"stderr","time":817.048302434,"data":"  with torch.cuda.amp.autocast(enabled=DEVICE.type == \"cuda\", dtype=torch.float16):\n"}
,{"stream_name":"stderr","time":817.72061119,"data":"/kaggle/src/script.py:325: FutureWarning: `torch.cuda.amp.autocast(args...)` is deprecated. Please use `torch.amp.autocast('cuda', args...)` instead.\n"}
,{"stream_name":"stderr","time":817.720664136,"data":"  with torch.cuda.amp.autocast(enabled=DEVICE.type == \"cuda\", dtype=torch.float16):\n"}
,{"stream_name":"stderr","time":818.17346082,"data":"/kaggle/src/script.py:325: FutureWarning: `torch.cuda.amp.autocast(args...)` is deprecated. Please use `torch.amp.autocast('cuda', args...)` instead.\n"}
,{"stream_name":"stderr","time":818.173505199,"data":"  with torch.cuda.amp.autocast(enabled=DEVICE.type == \"cuda\", dtype=torch.float16):\n"}
,{"stream_name":"stderr","time":818.814386228,"data":"/kaggle/src/script.py:325: FutureWarning: `torch.cuda.amp.autocast(args...)` is deprecated. Please use `torch.amp.autocast('cuda', args...)` instead.\n"}
,{"stream_name":"stderr","time":818.814428088,"data":"  with torch.cuda.amp.autocast(enabled=DEVICE.type == \"cuda\", dtype=torch.float16):\n"}
,{"stream_name":"stderr","time":819.305388439,"data":"/kaggle/src/script.py:325: FutureWarning: `torch.cuda.amp.autocast(args...)` is deprecated. Please use `torch.amp.autocast('cuda', args...)` instead.\n"}
,{"stream_name":"stderr","time":819.30544422,"data":"  with torch.cuda.amp.autocast(enabled=DEVICE.type == \"cuda\", dtype=torch.float16):\n"}
,{"stream_name":"stderr","time":819.795591309,"data":"/kaggle/src/script.py:325: FutureWarning: `torch.cuda.amp.autocast(args...)` is deprecated. Please use `torch.amp.autocast('cuda', args...)` instead.\n"}
,{"stream_name":"stderr","time":819.795657172,"data":"  with torch.cuda.amp.autocast(enabled=DEVICE.type == \"cuda\", dtype=torch.float16):\n"}
,{"stream_name":"stderr","time":820.45282027,"data":"/kaggle/src/script.py:325: FutureWarning: `torch.cuda.amp.autocast(args...)` is deprecated. Please use `torch.amp.autocast('cuda', args...)` instead.\n"}
,{"stream_name":"stderr","time":820.452864843,"data":"  with torch.cuda.amp.autocast(enabled=DEVICE.type == \"cuda\", dtype=torch.float16):\n"}
,{"stream_name":"stderr","time":820.92628431,"data":"/kaggle/src/script.py:325: FutureWarning: `torch.cuda.amp.autocast(args...)` is deprecated. Please use `torch.amp.autocast('cuda', args...)` instead.\n"}
,{"stream_name":"stderr","time":820.926328925,"data":"  with torch.cuda.amp.autocast(enabled=DEVICE.type == \"cuda\", dtype=torch.float16):\n"}
,{"stream_name":"stderr","time":821.670782495,"data":"/kaggle/src/script.py:325: FutureWarning: `torch.cuda.amp.autocast(args...)` is deprecated. Please use `torch.amp.autocast('cuda', args...)` instead.\n"}
,{"stream_name":"stderr","time":821.670825775,"data":"  with torch.cuda.amp.autocast(enabled=DEVICE.type == \"cuda\", dtype=torch.float16):\n"}
,{"stream_name":"stdout","time":822.150634175,"data":"epoch=4 session=170/206 step=250 loss=2.3145 ce=1.4314 rank=0.8583 struct=1.1654\n"}
,{"stream_name":"stderr","time":822.152110647,"data":"/kaggle/src/script.py:325: FutureWarning: `torch.cuda.amp.autocast(args...)` is deprecated. Please use `torch.amp.autocast('cuda', args...)` instead.\n"}
,{"stream_name":"stderr","time":822.152151592,"data":"  with torch.cuda.amp.autocast(enabled=DEVICE.type == \"cuda\", dtype=torch.float16):\n"}
,{"stream_name":"stderr","time":822.620472751,"data":"/kaggle/src/script.py:325: FutureWarning: `torch.cuda.amp.autocast(args...)` is deprecated. Please use `torch.amp.autocast('cuda', args...)` instead.\n"}
,{"stream_name":"stderr","time":822.620519538,"data":"  with torch.cuda.amp.autocast(enabled=DEVICE.type == \"cuda\", dtype=torch.float16):\n"}
,{"stream_name":"stderr","time":823.293652047,"data":"/kaggle/src/script.py:325: FutureWarning: `torch.cuda.amp.autocast(args...)` is deprecated. Please use `torch.amp.autocast('cuda', args...)` instead.\n"}
,{"stream_name":"stderr","time":823.293692211,"data":"  with torch.cuda.amp.autocast(enabled=DEVICE.type == \"cuda\", dtype=torch.float16):\n"}
,{"stream_name":"stderr","time":824.005035899,"data":"/kaggle/src/script.py:325: FutureWarning: `torch.cuda.amp.autocast(args...)` is deprecated. Please use `torch.amp.autocast('cuda', args...)` instead.\n"}
,{"stream_name":"stderr","time":824.005091594,"data":"  with torch.cuda.amp.autocast(enabled=DEVICE.type == \"cuda\", dtype=torch.float16):\n"}
,{"stream_name":"stderr","time":824.476704427,"data":"/kaggle/src/script.py:325: FutureWarning: `torch.cuda.amp.autocast(args...)` is deprecated. Please use `torch.amp.autocast('cuda', args...)` instead.\n"}
,{"stream_name":"stderr","time":824.47674856,"data":"  with torch.cuda.amp.autocast(enabled=DEVICE.type == \"cuda\", dtype=torch.float16):\n"}
,{"stream_name":"stderr","time":825.15354471,"data":"/kaggle/src/script.py:325: FutureWarning: `torch.cuda.amp.autocast(args...)` is deprecated. Please use `torch.amp.autocast('cuda', args...)` instead.\n"}
,{"stream_name":"stderr","time":825.153593676,"data":"  with torch.cuda.amp.autocast(enabled=DEVICE.type == \"cuda\", dtype=torch.float16):\n"}
,{"stream_name":"stderr","time":825.828847793,"data":"/kaggle/src/script.py:325: FutureWarning: `torch.cuda.amp.autocast(args...)` is deprecated. Please use `torch.amp.autocast('cuda', args...)` instead.\n"}
,{"stream_name":"stderr","time":825.828888684,"data":"  with torch.cuda.amp.autocast(enabled=DEVICE.type == \"cuda\", dtype=torch.float16):\n"}
,{"stream_name":"stderr","time":826.291676851,"data":"/kaggle/src/script.py:325: FutureWarning: `torch.cuda.amp.autocast(args...)` is deprecated. Please use `torch.amp.autocast('cuda', args...)` instead.\n"}
,{"stream_name":"stderr","time":826.291719615,"data":"  with torch.cuda.amp.autocast(enabled=DEVICE.type == \"cuda\", dtype=torch.float16):\n"}
,{"stream_name":"stderr","time":826.998750267,"data":"/kaggle/src/script.py:325: FutureWarning: `torch.cuda.amp.autocast(args...)` is deprecated. Please use `torch.amp.autocast('cuda', args...)` instead.\n"}
,{"stream_name":"stderr","time":826.998793721,"data":"  with torch.cuda.amp.autocast(enabled=DEVICE.type == \"cuda\", dtype=torch.float16):\n"}
,{"stream_name":"stderr","time":827.719332001,"data":"/kaggle/src/script.py:325: FutureWarning: `torch.cuda.amp.autocast(args...)` is deprecated. Please use `torch.amp.autocast('cuda', args...)` instead.\n"}
,{"stream_name":"stderr","time":827.71938672,"data":"  with torch.cuda.amp.autocast(enabled=DEVICE.type == \"cuda\", dtype=torch.float16):\n"}
,{"stream_name":"stdout","time":828.207530152,"data":"epoch=4 session=180/206 step=253 loss=2.1672 ce=1.3143 rank=0.7963 struct=1.1484\n"}
,{"stream_name":"stderr","time":828.208814452,"data":"/kaggle/src/script.py:325: FutureWarning: `torch.cuda.amp.autocast(args...)` is deprecated. Please use `torch.amp.autocast('cuda', args...)` instead.\n"}
,{"stream_name":"stderr","time":828.208837321,"data":"  with torch.cuda.amp.autocast(enabled=DEVICE.type == \"cuda\", dtype=torch.float16):\n"}
,{"stream_name":"stderr","time":828.859255185,"data":"/kaggle/src/script.py:325: FutureWarning: `torch.cuda.amp.autocast(args...)` is deprecated. Please use `torch.amp.autocast('cuda', args...)` instead.\n"}
,{"stream_name":"stderr","time":828.859301961,"data":"  with torch.cuda.amp.autocast(enabled=DEVICE.type == \"cuda\", dtype=torch.float16):\n"}
,{"stream_name":"stderr","time":829.557810415,"data":"/kaggle/src/script.py:325: FutureWarning: `torch.cuda.amp.autocast(args...)` is deprecated. Please use `torch.amp.autocast('cuda', args...)` instead.\n"}
,{"stream_name":"stderr","time":829.557857935,"data":"  with torch.cuda.amp.autocast(enabled=DEVICE.type == \"cuda\", dtype=torch.float16):\n"}
,{"stream_name":"stderr","time":830.268368482,"data":"/kaggle/src/script.py:325: FutureWarning: `torch.cuda.amp.autocast(args...)` is deprecated. Please use `torch.amp.autocast('cuda', args...)` instead.\n"}
,{"stream_name":"stderr","time":830.268432198,"data":"  with torch.cuda.amp.autocast(enabled=DEVICE.type == \"cuda\", dtype=torch.float16):\n"}
,{"stream_name":"stderr","time":830.760135523,"data":"/kaggle/src/script.py:325: FutureWarning: `torch.cuda.amp.autocast(args...)` is deprecated. Please use `torch.amp.autocast('cuda', args...)` instead.\n"}
,{"stream_name":"stderr","time":830.76020884,"data":"  with torch.cuda.amp.autocast(enabled=DEVICE.type == \"cuda\", dtype=torch.float16):\n"}
,{"stream_name":"stderr","time":831.408730915,"data":"/kaggle/src/script.py:325: FutureWarning: `torch.cuda.amp.autocast(args...)` is deprecated. Please use `torch.amp.autocast('cuda', args...)` instead.\n"}
,{"stream_name":"stderr","time":831.408778034,"data":"  with torch.cuda.amp.autocast(enabled=DEVICE.type == \"cuda\", dtype=torch.float16):\n"}
,{"stream_name":"stderr","time":831.880260189,"data":"/kaggle/src/script.py:325: FutureWarning: `torch.cuda.amp.autocast(args...)` is deprecated. Please use `torch.amp.autocast('cuda', args...)` instead.\n"}
,{"stream_name":"stderr","time":831.880303211,"data":"  with torch.cuda.amp.autocast(enabled=DEVICE.type == \"cuda\", dtype=torch.float16):\n"}
,{"stream_name":"stderr","time":832.56690602,"data":"/kaggle/src/script.py:325: FutureWarning: `torch.cuda.amp.autocast(args...)` is deprecated. Please use `torch.amp.autocast('cuda', args...)` instead.\n"}
,{"stream_name":"stderr","time":832.566978312,"data":"  with torch.cuda.amp.autocast(enabled=DEVICE.type == \"cuda\", dtype=torch.float16):\n"}
,{"stream_name":"stderr","time":833.241042075,"data":"/kaggle/src/script.py:325: FutureWarning: `torch.cuda.amp.autocast(args...)` is deprecated. Please use `torch.amp.autocast('cuda', args...)` instead.\n"}
,{"stream_name":"stderr","time":833.24108001,"data":"  with torch.cuda.amp.autocast(enabled=DEVICE.type == \"cuda\", dtype=torch.float16):\n"}
,{"stream_name":"stderr","time":833.9538212,"data":"/kaggle/src/script.py:325: FutureWarning: `torch.cuda.amp.autocast(args...)` is deprecated. Please use `torch.amp.autocast('cuda', args...)` instead.\n"}
,{"stream_name":"stderr","time":833.95386249,"data":"  with torch.cuda.amp.autocast(enabled=DEVICE.type == \"cuda\", dtype=torch.float16):\n"}
,{"stream_name":"stdout","time":834.403257066,"data":"epoch=4 session=190/206 step=255 loss=2.3678 ce=1.4990 rank=0.7822 struct=1.1901\n"}
,{"stream_name":"stderr","time":834.404692253,"data":"/kaggle/src/script.py:325: FutureWarning: `torch.cuda.amp.autocast(args...)` is deprecated. Please use `torch.amp.autocast('cuda', args...)` instead.\n"}
,{"stream_name":"stderr","time":834.40473197,"data":"  with torch.cuda.amp.autocast(enabled=DEVICE.type == \"cuda\", dtype=torch.float16):\n"}
,{"stream_name":"stderr","time":834.863322182,"data":"/kaggle/src/script.py:325: FutureWarning: `torch.cuda.amp.autocast(args...)` is deprecated. Please use `torch.amp.autocast('cuda', args...)` instead.\n"}
,{"stream_name":"stderr","time":834.863371168,"data":"  with torch.cuda.amp.autocast(enabled=DEVICE.type == \"cuda\", dtype=torch.float16):\n"}
,{"stream_name":"stderr","time":835.52221438,"data":"/kaggle/src/script.py:325: FutureWarning: `torch.cuda.amp.autocast(args...)` is deprecated. Please use `torch.amp.autocast('cuda', args...)` instead.\n"}
,{"stream_name":"stderr","time":835.522266807,"data":"  with torch.cuda.amp.autocast(enabled=DEVICE.type == \"cuda\", dtype=torch.float16):\n"}
,{"stream_name":"stderr","time":836.152720394,"data":"/kaggle/src/script.py:325: FutureWarning: `torch.cuda.amp.autocast(args...)` is deprecated. Please use `torch.amp.autocast('cuda', args...)` instead.\n"}
,{"stream_name":"stderr","time":836.152761587,"data":"  with torch.cuda.amp.autocast(enabled=DEVICE.type == \"cuda\", dtype=torch.float16):\n"}
,{"stream_name":"stderr","time":836.612377398,"data":"/kaggle/src/script.py:325: FutureWarning: `torch.cuda.amp.autocast(args...)` is deprecated. Please use `torch.amp.autocast('cuda', args...)` instead.\n"}
,{"stream_name":"stderr","time":836.612424944,"data":"  with torch.cuda.amp.autocast(enabled=DEVICE.type == \"cuda\", dtype=torch.float16):\n"}
,{"stream_name":"stderr","time":837.294139512,"data":"/kaggle/src/script.py:325: FutureWarning: `torch.cuda.amp.autocast(args...)` is deprecated. Please use `torch.amp.autocast('cuda', args...)` instead.\n"}
,{"stream_name":"stderr","time":837.294209965,"data":"  with torch.cuda.amp.autocast(enabled=DEVICE.type == \"cuda\", dtype=torch.float16):\n"}
,{"stream_name":"stderr","time":837.995985187,"data":"/kaggle/src/script.py:325: FutureWarning: `torch.cuda.amp.autocast(args...)` is deprecated. Please use `torch.amp.autocast('cuda', args...)` instead.\n"}
,{"stream_name":"stderr","time":837.996026078,"data":"  with torch.cuda.amp.autocast(enabled=DEVICE.type == \"cuda\", dtype=torch.float16):\n"}
,{"stream_name":"stderr","time":838.686152237,"data":"/kaggle/src/script.py:325: FutureWarning: `torch.cuda.amp.autocast(args...)` is deprecated. Please use `torch.amp.autocast('cuda', args...)` instead.\n"}
,{"stream_name":"stderr","time":838.686241225,"data":"  with torch.cuda.amp.autocast(enabled=DEVICE.type == \"cuda\", dtype=torch.float16):\n"}
,{"stream_name":"stderr","time":839.357535705,"data":"/kaggle/src/script.py:325: FutureWarning: `torch.cuda.amp.autocast(args...)` is deprecated. Please use `torch.amp.autocast('cuda', args...)` instead.\n"}
,{"stream_name":"stderr","time":839.357579254,"data":"  with torch.cuda.amp.autocast(enabled=DEVICE.type == \"cuda\", dtype=torch.float16):\n"}
,{"stream_name":"stderr","time":840.048830457,"data":"/kaggle/src/script.py:325: FutureWarning: `torch.cuda.amp.autocast(args...)` is deprecated. Please use `torch.amp.autocast('cuda', args...)` instead.\n"}
,{"stream_name":"stderr","time":840.04887152,"data":"  with torch.cuda.amp.autocast(enabled=DEVICE.type == \"cuda\", dtype=torch.float16):\n"}
,{"stream_name":"stdout","time":840.702508423,"data":"epoch=4 session=200/206 step=258 loss=2.2600 ce=1.5492 rank=0.6323 struct=0.9791\n"}
,{"stream_name":"stderr","time":840.703766578,"data":"/kaggle/src/script.py:325: FutureWarning: `torch.cuda.amp.autocast(args...)` is deprecated. Please use `torch.amp.autocast('cuda', args...)` instead.\n"}
,{"stream_name":"stderr","time":840.703785408,"data":"  with torch.cuda.amp.autocast(enabled=DEVICE.type == \"cuda\", dtype=torch.float16):\n"}
,{"stream_name":"stderr","time":841.444749477,"data":"/kaggle/src/script.py:325: FutureWarning: `torch.cuda.amp.autocast(args...)` is deprecated. Please use `torch.amp.autocast('cuda', args...)` instead.\n"}
,{"stream_name":"stderr","time":841.444832105,"data":"  with torch.cuda.amp.autocast(enabled=DEVICE.type == \"cuda\", dtype=torch.float16):\n"}
,{"stream_name":"stderr","time":841.917699795,"data":"/kaggle/src/script.py:325: FutureWarning: `torch.cuda.amp.autocast(args...)` is deprecated. Please use `torch.amp.autocast('cuda', args...)` instead.\n"}
,{"stream_name":"stderr","time":841.917793731,"data":"  with torch.cuda.amp.autocast(enabled=DEVICE.type == \"cuda\", dtype=torch.float16):\n"}
,{"stream_name":"stderr","time":842.399889141,"data":"/kaggle/src/script.py:325: FutureWarning: `torch.cuda.amp.autocast(args...)` is deprecated. Please use `torch.amp.autocast('cuda', args...)` instead.\n"}
,{"stream_name":"stderr","time":842.399931482,"data":"  with torch.cuda.amp.autocast(enabled=DEVICE.type == \"cuda\", dtype=torch.float16):\n"}
,{"stream_name":"stderr","time":843.08938727,"data":"/kaggle/src/script.py:325: FutureWarning: `torch.cuda.amp.autocast(args...)` is deprecated. Please use `torch.amp.autocast('cuda', args...)` instead.\n"}
,{"stream_name":"stderr","time":843.089446621,"data":"  with torch.cuda.amp.autocast(enabled=DEVICE.type == \"cuda\", dtype=torch.float16):\n"}
,{"stream_name":"stderr","time":843.759429515,"data":"/kaggle/src/script.py:325: FutureWarning: `torch.cuda.amp.autocast(args...)` is deprecated. Please use `torch.amp.autocast('cuda', args...)` instead.\n"}
,{"stream_name":"stderr","time":843.759477973,"data":"  with torch.cuda.amp.autocast(enabled=DEVICE.type == \"cuda\", dtype=torch.float16):\n"}
,{"stream_name":"stderr","time":844.675128015,"data":"/kaggle/src/script.py:350: FutureWarning: `torch.cuda.amp.autocast(args...)` is deprecated. Please use `torch.amp.autocast('cuda', args...)` instead.\n"}
,{"stream_name":"stderr","time":844.675209675,"data":"  with torch.cuda.amp.autocast(enabled=DEVICE.type == \"cuda\", dtype=torch.float16):\n"}
,{"stream_name":"stderr","time":845.334170384,"data":"/kaggle/src/script.py:350: FutureWarning: `torch.cuda.amp.autocast(args...)` is deprecated. Please use `torch.amp.autocast('cuda', args...)` instead.\n"}
,{"stream_name":"stderr","time":845.33423115,"data":"  with torch.cuda.amp.autocast(enabled=DEVICE.type == \"cuda\", dtype=torch.float16):\n"}
,{"stream_name":"stderr","time":845.963924348,"data":"/kaggle/src/script.py:350: FutureWarning: `torch.cuda.amp.autocast(args...)` is deprecated. Please use `torch.amp.autocast('cuda', args...)` instead.\n"}
,{"stream_name":"stderr","time":845.963989614,"data":"  with torch.cuda.amp.autocast(enabled=DEVICE.type == \"cuda\", dtype=torch.float16):\n"}
,{"stream_name":"stderr","time":846.678945361,"data":"/kaggle/src/script.py:350: FutureWarning: `torch.cuda.amp.autocast(args...)` is deprecated. Please use `torch.amp.autocast('cuda', args...)` instead.\n"}
,{"stream_name":"stderr","time":846.67905991,"data":"  with torch.cuda.amp.autocast(enabled=DEVICE.type == \"cuda\", dtype=torch.float16):\n"}
,{"stream_name":"stderr","time":847.488121211,"data":"/kaggle/src/script.py:350: FutureWarning: `torch.cuda.amp.autocast(args...)` is deprecated. Please use `torch.amp.autocast('cuda', args...)` instead.\n"}
,{"stream_name":"stderr","time":847.488180894,"data":"  with torch.cuda.amp.autocast(enabled=DEVICE.type == \"cuda\", dtype=torch.float16):\n"}
,{"stream_name":"stdout","time":847.976944387,"data":"regime=full valid=5/62 acc=0.8667\n"}
,{"stream_name":"stderr","time":848.114428873,"data":"/kaggle/src/script.py:350: FutureWarning: `torch.cuda.amp.autocast(args...)` is deprecated. Please use `torch.amp.autocast('cuda', args...)` instead.\n"}
,{"stream_name":"stderr","time":848.114471072,"data":"  with torch.cuda.amp.autocast(enabled=DEVICE.type == \"cuda\", dtype=torch.float16):\n"}
,{"stream_name":"stderr","time":848.730702367,"data":"/kaggle/src/script.py:350: FutureWarning: `torch.cuda.amp.autocast(args...)` is deprecated. Please use `torch.amp.autocast('cuda', args...)` instead.\n"}
,{"stream_name":"stderr","time":848.730779472,"data":"  with torch.cuda.amp.autocast(enabled=DEVICE.type == \"cuda\", dtype=torch.float16):\n"}
,{"stream_name":"stderr","time":849.323884332,"data":"/kaggle/src/script.py:350: FutureWarning: `torch.cuda.amp.autocast(args...)` is deprecated. Please use `torch.amp.autocast('cuda', args...)` instead.\n"}
,{"stream_name":"stderr","time":849.323930759,"data":"  with torch.cuda.amp.autocast(enabled=DEVICE.type == \"cuda\", dtype=torch.float16):\n"}
,{"stream_name":"stderr","time":849.975148822,"data":"/kaggle/src/script.py:350: FutureWarning: `torch.cuda.amp.autocast(args...)` is deprecated. Please use `torch.amp.autocast('cuda', args...)` instead.\n"}
,{"stream_name":"stderr","time":849.975209554,"data":"  with torch.cuda.amp.autocast(enabled=DEVICE.type == \"cuda\", dtype=torch.float16):\n"}
,{"stream_name":"stderr","time":850.572391022,"data":"/kaggle/src/script.py:350: FutureWarning: `torch.cuda.amp.autocast(args...)` is deprecated. Please use `torch.amp.autocast('cuda', args...)` instead.\n"}
,{"stream_name":"stderr","time":850.572432147,"data":"  with torch.cuda.amp.autocast(enabled=DEVICE.type == \"cuda\", dtype=torch.float16):\n"}
,{"stream_name":"stdout","time":851.080377124,"data":"regime=full valid=10/62 acc=0.9333\n"}
,{"stream_name":"stderr","time":851.210806877,"data":"/kaggle/src/script.py:350: FutureWarning: `torch.cuda.amp.autocast(args...)` is deprecated. Please use `torch.amp.autocast('cuda', args...)` instead.\n"}
,{"stream_name":"stderr","time":851.210846839,"data":"  with torch.cuda.amp.autocast(enabled=DEVICE.type == \"cuda\", dtype=torch.float16):\n"}
,{"stream_name":"stderr","time":851.835888527,"data":"/kaggle/src/script.py:350: FutureWarning: `torch.cuda.amp.autocast(args...)` is deprecated. Please use `torch.amp.autocast('cuda', args...)` instead.\n"}
,{"stream_name":"stderr","time":851.835931876,"data":"  with torch.cuda.amp.autocast(enabled=DEVICE.type == \"cuda\", dtype=torch.float16):\n"}
,{"stream_name":"stderr","time":852.452567206,"data":"/kaggle/src/script.py:350: FutureWarning: `torch.cuda.amp.autocast(args...)` is deprecated. Please use `torch.amp.autocast('cuda', args...)` instead.\n"}
,{"stream_name":"stderr","time":852.452613368,"data":"  with torch.cuda.amp.autocast(enabled=DEVICE.type == \"cuda\", dtype=torch.float16):\n"}
,{"stream_name":"stderr","time":853.101537969,"data":"/kaggle/src/script.py:350: FutureWarning: `torch.cuda.amp.autocast(args...)` is deprecated. Please use `torch.amp.autocast('cuda', args...)` instead.\n"}
,{"stream_name":"stderr","time":853.101580333,"data":"  with torch.cuda.amp.autocast(enabled=DEVICE.type == \"cuda\", dtype=torch.float16):\n"}
,{"stream_name":"stderr","time":853.687229979,"data":"/kaggle/src/script.py:350: FutureWarning: `torch.cuda.amp.autocast(args...)` is deprecated. Please use `torch.amp.autocast('cuda', args...)` instead.\n"}
,{"stream_name":"stderr","time":853.687269087,"data":"  with torch.cuda.amp.autocast(enabled=DEVICE.type == \"cuda\", dtype=torch.float16):\n"}
,{"stream_name":"stdout","time":854.152704871,"data":"regime=full valid=15/62 acc=0.9556\n"}
,{"stream_name":"stderr","time":854.294598692,"data":"/kaggle/src/script.py:350: FutureWarning: `torch.cuda.amp.autocast(args...)` is deprecated. Please use `torch.amp.autocast('cuda', args...)` instead.\n"}
,{"stream_name":"stderr","time":854.294636284,"data":"  with torch.cuda.amp.autocast(enabled=DEVICE.type == \"cuda\", dtype=torch.float16):\n"}
,{"stream_name":"stderr","time":854.904912704,"data":"/kaggle/src/script.py:350: FutureWarning: `torch.cuda.amp.autocast(args...)` is deprecated. Please use `torch.amp.autocast('cuda', args...)` instead.\n"}
,{"stream_name":"stderr","time":854.904959331,"data":"  with torch.cuda.amp.autocast(enabled=DEVICE.type == \"cuda\", dtype=torch.float16):\n"}
,{"stream_name":"stderr","time":855.309029539,"data":"/kaggle/src/script.py:350: FutureWarning: `torch.cuda.amp.autocast(args...)` is deprecated. Please use `torch.amp.autocast('cuda', args...)` instead.\n"}
,{"stream_name":"stderr","time":855.309069425,"data":"  with torch.cuda.amp.autocast(enabled=DEVICE.type == \"cuda\", dtype=torch.float16):\n"}
,{"stream_name":"stderr","time":855.952374956,"data":"/kaggle/src/script.py:350: FutureWarning: `torch.cuda.amp.autocast(args...)` is deprecated. Please use `torch.amp.autocast('cuda', args...)` instead.\n"}
,{"stream_name":"stderr","time":855.952413298,"data":"  with torch.cuda.amp.autocast(enabled=DEVICE.type == \"cuda\", dtype=torch.float16):\n"}
,{"stream_name":"stderr","time":856.597627746,"data":"/kaggle/src/script.py:350: FutureWarning: `torch.cuda.amp.autocast(args...)` is deprecated. Please use `torch.amp.autocast('cuda', args...)` instead.\n"}
,{"stream_name":"stderr","time":856.597666669,"data":"  with torch.cuda.amp.autocast(enabled=DEVICE.type == \"cuda\", dtype=torch.float16):\n"}
,{"stream_name":"stdout","time":857.108111772,"data":"regime=full valid=20/62 acc=0.9322\n"}
,{"stream_name":"stderr","time":857.2484098,"data":"/kaggle/src/script.py:350: FutureWarning: `torch.cuda.amp.autocast(args...)` is deprecated. Please use `torch.amp.autocast('cuda', args...)` instead.\n"}
,{"stream_name":"stderr","time":857.248449747,"data":"  with torch.cuda.amp.autocast(enabled=DEVICE.type == \"cuda\", dtype=torch.float16):\n"}
,{"stream_name":"stderr","time":857.649508248,"data":"/kaggle/src/script.py:350: FutureWarning: `torch.cuda.amp.autocast(args...)` is deprecated. Please use `torch.amp.autocast('cuda', args...)` instead.\n"}
,{"stream_name":"stderr","time":857.64954457,"data":"  with torch.cuda.amp.autocast(enabled=DEVICE.type == \"cuda\", dtype=torch.float16):\n"}
,{"stream_name":"stderr","time":858.228638659,"data":"/kaggle/src/script.py:350: FutureWarning: `torch.cuda.amp.autocast(args...)` is deprecated. Please use `torch.amp.autocast('cuda', args...)` instead.\n"}
,{"stream_name":"stderr","time":858.228697546,"data":"  with torch.cuda.amp.autocast(enabled=DEVICE.type == \"cuda\", dtype=torch.float16):\n"}
,{"stream_name":"stderr","time":858.850277397,"data":"/kaggle/src/script.py:350: FutureWarning: `torch.cuda.amp.autocast(args...)` is deprecated. Please use `torch.amp.autocast('cuda', args...)` instead.\n"}
,{"stream_name":"stderr","time":858.850342304,"data":"  with torch.cuda.amp.autocast(enabled=DEVICE.type == \"cuda\", dtype=torch.float16):\n"}
,{"stream_name":"stderr","time":859.422386805,"data":"/kaggle/src/script.py:350: FutureWarning: `torch.cuda.amp.autocast(args...)` is deprecated. Please use `torch.amp.autocast('cuda', args...)` instead.\n"}
,{"stream_name":"stderr","time":859.422431253,"data":"  with torch.cuda.amp.autocast(enabled=DEVICE.type == \"cuda\", dtype=torch.float16):\n"}
,{"stream_name":"stdout","time":859.890761333,"data":"regime=full valid=25/62 acc=0.9178\n"}
,{"stream_name":"stderr","time":860.014099764,"data":"/kaggle/src/script.py:350: FutureWarning: `torch.cuda.amp.autocast(args...)` is deprecated. Please use `torch.amp.autocast('cuda', args...)` instead.\n"}
,{"stream_name":"stderr","time":860.014143912,"data":"  with torch.cuda.amp.autocast(enabled=DEVICE.type == \"cuda\", dtype=torch.float16):\n"}
,{"stream_name":"stderr","time":860.605498741,"data":"/kaggle/src/script.py:350: FutureWarning: `torch.cuda.amp.autocast(args...)` is deprecated. Please use `torch.amp.autocast('cuda', args...)` instead.\n"}
,{"stream_name":"stderr","time":860.605535623,"data":"  with torch.cuda.amp.autocast(enabled=DEVICE.type == \"cuda\", dtype=torch.float16):\n"}
,{"stream_name":"stderr","time":861.213011837,"data":"/kaggle/src/script.py:350: FutureWarning: `torch.cuda.amp.autocast(args...)` is deprecated. Please use `torch.amp.autocast('cuda', args...)` instead.\n"}
,{"stream_name":"stderr","time":861.213054833,"data":"  with torch.cuda.amp.autocast(enabled=DEVICE.type == \"cuda\", dtype=torch.float16):\n"}
,{"stream_name":"stderr","time":861.835611329,"data":"/kaggle/src/script.py:350: FutureWarning: `torch.cuda.amp.autocast(args...)` is deprecated. Please use `torch.amp.autocast('cuda', args...)` instead.\n"}
,{"stream_name":"stderr","time":861.835664116,"data":"  with torch.cuda.amp.autocast(enabled=DEVICE.type == \"cuda\", dtype=torch.float16):\n"}
,{"stream_name":"stderr","time":862.464525142,"data":"/kaggle/src/script.py:350: FutureWarning: `torch.cuda.amp.autocast(args...)` is deprecated. Please use `torch.amp.autocast('cuda', args...)` instead.\n"}
,{"stream_name":"stderr","time":862.464570003,"data":"  with torch.cuda.amp.autocast(enabled=DEVICE.type == \"cuda\", dtype=torch.float16):\n"}
,{"stream_name":"stdout","time":862.927930016,"data":"regime=full valid=30/62 acc=0.8977\n"}
,{"stream_name":"stderr","time":863.044706042,"data":"/kaggle/src/script.py:350: FutureWarning: `torch.cuda.amp.autocast(args...)` is deprecated. Please use `torch.amp.autocast('cuda', args...)` instead.\n"}
,{"stream_name":"stderr","time":863.044745673,"data":"  with torch.cuda.amp.autocast(enabled=DEVICE.type == \"cuda\", dtype=torch.float16):\n"}
,{"stream_name":"stderr","time":863.599987146,"data":"/kaggle/src/script.py:350: FutureWarning: `torch.cuda.amp.autocast(args...)` is deprecated. Please use `torch.amp.autocast('cuda', args...)` instead.\n"}
,{"stream_name":"stderr","time":863.600026068,"data":"  with torch.cuda.amp.autocast(enabled=DEVICE.type == \"cuda\", dtype=torch.float16):\n"}
,{"stream_name":"stderr","time":864.173351604,"data":"/kaggle/src/script.py:350: FutureWarning: `torch.cuda.amp.autocast(args...)` is deprecated. Please use `torch.amp.autocast('cuda', args...)` instead.\n"}
,{"stream_name":"stderr","time":864.173533626,"data":"  with torch.cuda.amp.autocast(enabled=DEVICE.type == \"cuda\", dtype=torch.float16):\n"}
,{"stream_name":"stderr","time":864.768647657,"data":"/kaggle/src/script.py:350: FutureWarning: `torch.cuda.amp.autocast(args...)` is deprecated. Please use `torch.amp.autocast('cuda', args...)` instead.\n"}
,{"stream_name":"stderr","time":864.768726691,"data":"  with torch.cuda.amp.autocast(enabled=DEVICE.type == \"cuda\", dtype=torch.float16):\n"}
,{"stream_name":"stderr","time":865.437129037,"data":"/kaggle/src/script.py:350: FutureWarning: `torch.cuda.amp.autocast(args...)` is deprecated. Please use `torch.amp.autocast('cuda', args...)` instead.\n"}
,{"stream_name":"stderr","time":865.437183317,"data":"  with torch.cuda.amp.autocast(enabled=DEVICE.type == \"cuda\", dtype=torch.float16):\n"}
,{"stream_name":"stdout","time":865.995865697,"data":"regime=full valid=35/62 acc=0.8932\n"}
,{"stream_name":"stderr","time":866.120531188,"data":"/kaggle/src/script.py:350: FutureWarning: `torch.cuda.amp.autocast(args...)` is deprecated. Please use `torch.amp.autocast('cuda', args...)` instead.\n"}
,{"stream_name":"stderr","time":866.120571235,"data":"  with torch.cuda.amp.autocast(enabled=DEVICE.type == \"cuda\", dtype=torch.float16):\n"}
,{"stream_name":"stderr","time":866.725732135,"data":"/kaggle/src/script.py:350: FutureWarning: `torch.cuda.amp.autocast(args...)` is deprecated. Please use `torch.amp.autocast('cuda', args...)` instead.\n"}
,{"stream_name":"stderr","time":866.725769853,"data":"  with torch.cuda.amp.autocast(enabled=DEVICE.type == \"cuda\", dtype=torch.float16):\n"}
,{"stream_name":"stderr","time":867.374977262,"data":"/kaggle/src/script.py:350: FutureWarning: `torch.cuda.amp.autocast(args...)` is deprecated. Please use `torch.amp.autocast('cuda', args...)` instead.\n"}
,{"stream_name":"stderr","time":867.375018832,"data":"  with torch.cuda.amp.autocast(enabled=DEVICE.type == \"cuda\", dtype=torch.float16):\n"}
,{"stream_name":"stderr","time":867.953723903,"data":"/kaggle/src/script.py:350: FutureWarning: `torch.cuda.amp.autocast(args...)` is deprecated. Please use `torch.amp.autocast('cuda', args...)` instead.\n"}
,{"stream_name":"stderr","time":867.953777518,"data":"  with torch.cuda.amp.autocast(enabled=DEVICE.type == \"cuda\", dtype=torch.float16):\n"}
,{"stream_name":"stderr","time":868.580629713,"data":"/kaggle/src/script.py:350: FutureWarning: `torch.cuda.amp.autocast(args...)` is deprecated. Please use `torch.amp.autocast('cuda', args...)` instead.\n"}
,{"stream_name":"stderr","time":868.580667738,"data":"  with torch.cuda.amp.autocast(enabled=DEVICE.type == \"cuda\", dtype=torch.float16):\n"}
,{"stream_name":"stdout","time":869.089406202,"data":"regime=full valid=40/62 acc=0.9068\n"}
,{"stream_name":"stderr","time":869.236487811,"data":"/kaggle/src/script.py:350: FutureWarning: `torch.cuda.amp.autocast(args...)` is deprecated. Please use `torch.amp.autocast('cuda', args...)` instead.\n"}
,{"stream_name":"stderr","time":869.236534355,"data":"  with torch.cuda.amp.autocast(enabled=DEVICE.type == \"cuda\", dtype=torch.float16):\n"}
,{"stream_name":"stderr","time":869.89340046,"data":"/kaggle/src/script.py:350: FutureWarning: `torch.cuda.amp.autocast(args...)` is deprecated. Please use `torch.amp.autocast('cuda', args...)` instead.\n"}
,{"stream_name":"stderr","time":869.893446198,"data":"  with torch.cuda.amp.autocast(enabled=DEVICE.type == \"cuda\", dtype=torch.float16):\n"}
,{"stream_name":"stderr","time":870.494336136,"data":"/kaggle/src/script.py:350: FutureWarning: `torch.cuda.amp.autocast(args...)` is deprecated. Please use `torch.amp.autocast('cuda', args...)` instead.\n"}
,{"stream_name":"stderr","time":870.494421833,"data":"  with torch.cuda.amp.autocast(enabled=DEVICE.type == \"cuda\", dtype=torch.float16):\n"}
,{"stream_name":"stderr","time":871.106647625,"data":"/kaggle/src/script.py:350: FutureWarning: `torch.cuda.amp.autocast(args...)` is deprecated. Please use `torch.amp.autocast('cuda', args...)` instead.\n"}
,{"stream_name":"stderr","time":871.106684339,"data":"  with torch.cuda.amp.autocast(enabled=DEVICE.type == \"cuda\", dtype=torch.float16):\n"}
,{"stream_name":"stderr","time":871.821709116,"data":"/kaggle/src/script.py:350: FutureWarning: `torch.cuda.amp.autocast(args...)` is deprecated. Please use `torch.amp.autocast('cuda', args...)` instead.\n"}
,{"stream_name":"stderr","time":871.821747076,"data":"  with torch.cuda.amp.autocast(enabled=DEVICE.type == \"cuda\", dtype=torch.float16):\n"}
,{"stream_name":"stdout","time":872.292675181,"data":"regime=full valid=45/62 acc=0.8872\n"}
,{"stream_name":"stderr","time":872.429895912,"data":"/kaggle/src/script.py:350: FutureWarning: `torch.cuda.amp.autocast(args...)` is deprecated. Please use `torch.amp.autocast('cuda', args...)` instead.\n"}
,{"stream_name":"stderr","time":872.429939087,"data":"  with torch.cuda.amp.autocast(enabled=DEVICE.type == \"cuda\", dtype=torch.float16):\n"}
,{"stream_name":"stderr","time":873.056805392,"data":"/kaggle/src/script.py:350: FutureWarning: `torch.cuda.amp.autocast(args...)` is deprecated. Please use `torch.amp.autocast('cuda', args...)` instead.\n"}
,{"stream_name":"stderr","time":873.056846967,"data":"  with torch.cuda.amp.autocast(enabled=DEVICE.type == \"cuda\", dtype=torch.float16):\n"}
,{"stream_name":"stderr","time":873.707106285,"data":"/kaggle/src/script.py:350: FutureWarning: `torch.cuda.amp.autocast(args...)` is deprecated. Please use `torch.amp.autocast('cuda', args...)` instead.\n"}
,{"stream_name":"stderr","time":873.707198588,"data":"  with torch.cuda.amp.autocast(enabled=DEVICE.type == \"cuda\", dtype=torch.float16):\n"}
,{"stream_name":"stderr","time":874.431837033,"data":"/kaggle/src/script.py:350: FutureWarning: `torch.cuda.amp.autocast(args...)` is deprecated. Please use `torch.amp.autocast('cuda', args...)` instead.\n"}
,{"stream_name":"stderr","time":874.431876708,"data":"  with torch.cuda.amp.autocast(enabled=DEVICE.type == \"cuda\", dtype=torch.float16):\n"}
,{"stream_name":"stderr","time":875.034948864,"data":"/kaggle/src/script.py:350: FutureWarning: `torch.cuda.amp.autocast(args...)` is deprecated. Please use `torch.amp.autocast('cuda', args...)` instead.\n"}
,{"stream_name":"stderr","time":875.034995637,"data":"  with torch.cuda.amp.autocast(enabled=DEVICE.type == \"cuda\", dtype=torch.float16):\n"}
,{"stream_name":"stdout","time":875.518495132,"data":"regime=full valid=50/62 acc=0.8986\n"}
,{"stream_name":"stderr","time":875.656365161,"data":"/kaggle/src/script.py:350: FutureWarning: `torch.cuda.amp.autocast(args...)` is deprecated. Please use `torch.amp.autocast('cuda', args...)` instead.\n"}
,{"stream_name":"stderr","time":875.656406013,"data":"  with torch.cuda.amp.autocast(enabled=DEVICE.type == \"cuda\", dtype=torch.float16):\n"}
,{"stream_name":"stderr","time":876.302146442,"data":"/kaggle/src/script.py:350: FutureWarning: `torch.cuda.amp.autocast(args...)` is deprecated. Please use `torch.amp.autocast('cuda', args...)` instead.\n"}
,{"stream_name":"stderr","time":876.302208537,"data":"  with torch.cuda.amp.autocast(enabled=DEVICE.type == \"cuda\", dtype=torch.float16):\n"}
,{"stream_name":"stderr","time":876.946184493,"data":"/kaggle/src/script.py:350: FutureWarning: `torch.cuda.amp.autocast(args...)` is deprecated. Please use `torch.amp.autocast('cuda', args...)` instead.\n"}
,{"stream_name":"stderr","time":876.946224555,"data":"  with torch.cuda.amp.autocast(enabled=DEVICE.type == \"cuda\", dtype=torch.float16):\n"}
,{"stream_name":"stderr","time":877.599907619,"data":"/kaggle/src/script.py:350: FutureWarning: `torch.cuda.amp.autocast(args...)` is deprecated. Please use `torch.amp.autocast('cuda', args...)` instead.\n"}
,{"stream_name":"stderr","time":877.599949295,"data":"  with torch.cuda.amp.autocast(enabled=DEVICE.type == \"cuda\", dtype=torch.float16):\n"}
,{"stream_name":"stderr","time":878.200967559,"data":"/kaggle/src/script.py:350: FutureWarning: `torch.cuda.amp.autocast(args...)` is deprecated. Please use `torch.amp.autocast('cuda', args...)` instead.\n"}
,{"stream_name":"stderr","time":878.201031978,"data":"  with torch.cuda.amp.autocast(enabled=DEVICE.type == \"cuda\", dtype=torch.float16):\n"}
,{"stream_name":"stdout","time":878.651839414,"data":"regime=full valid=55/62 acc=0.8834\n"}
,{"stream_name":"stderr","time":878.788723772,"data":"/kaggle/src/script.py:350: FutureWarning: `torch.cuda.amp.autocast(args...)` is deprecated. Please use `torch.amp.autocast('cuda', args...)` instead.\n"}
,{"stream_name":"stderr","time":878.788768489,"data":"  with torch.cuda.amp.autocast(enabled=DEVICE.type == \"cuda\", dtype=torch.float16):\n"}
,{"stream_name":"stderr","time":879.406022683,"data":"/kaggle/src/script.py:350: FutureWarning: `torch.cuda.amp.autocast(args...)` is deprecated. Please use `torch.amp.autocast('cuda', args...)` instead.\n"}
,{"stream_name":"stderr","time":879.406070643,"data":"  with torch.cuda.amp.autocast(enabled=DEVICE.type == \"cuda\", dtype=torch.float16):\n"}
,{"stream_name":"stderr","time":880.009464455,"data":"/kaggle/src/script.py:350: FutureWarning: `torch.cuda.amp.autocast(args...)` is deprecated. Please use `torch.amp.autocast('cuda', args...)` instead.\n"}
,{"stream_name":"stderr","time":880.009504842,"data":"  with torch.cuda.amp.autocast(enabled=DEVICE.type == \"cuda\", dtype=torch.float16):\n"}
,{"stream_name":"stderr","time":880.662352812,"data":"/kaggle/src/script.py:350: FutureWarning: `torch.cuda.amp.autocast(args...)` is deprecated. Please use `torch.amp.autocast('cuda', args...)` instead.\n"}
,{"stream_name":"stderr","time":880.662532245,"data":"  with torch.cuda.amp.autocast(enabled=DEVICE.type == \"cuda\", dtype=torch.float16):\n"}
,{"stream_name":"stderr","time":881.322654951,"data":"/kaggle/src/script.py:350: FutureWarning: `torch.cuda.amp.autocast(args...)` is deprecated. Please use `torch.amp.autocast('cuda', args...)` instead.\n"}
,{"stream_name":"stderr","time":881.322702622,"data":"  with torch.cuda.amp.autocast(enabled=DEVICE.type == \"cuda\", dtype=torch.float16):\n"}
,{"stream_name":"stdout","time":881.770279281,"data":"regime=full valid=60/62 acc=0.8708\n"}
,{"stream_name":"stderr","time":881.911884427,"data":"/kaggle/src/script.py:350: FutureWarning: `torch.cuda.amp.autocast(args...)` is deprecated. Please use `torch.amp.autocast('cuda', args...)` instead.\n"}
,{"stream_name":"stderr","time":881.911927962,"data":"  with torch.cuda.amp.autocast(enabled=DEVICE.type == \"cuda\", dtype=torch.float16):\n"}
,{"stream_name":"stderr","time":882.554330627,"data":"/kaggle/src/script.py:350: FutureWarning: `torch.cuda.amp.autocast(args...)` is deprecated. Please use `torch.amp.autocast('cuda', args...)` instead.\n"}
,{"stream_name":"stderr","time":882.55438609,"data":"  with torch.cuda.amp.autocast(enabled=DEVICE.type == \"cuda\", dtype=torch.float16):\n"}
,{"stream_name":"stderr","time":883.139222848,"data":"/kaggle/src/script.py:350: FutureWarning: `torch.cuda.amp.autocast(args...)` is deprecated. Please use `torch.amp.autocast('cuda', args...)` instead.\n"}
,{"stream_name":"stderr","time":883.139287817,"data":"  with torch.cuda.amp.autocast(enabled=DEVICE.type == \"cuda\", dtype=torch.float16):\n"}
,{"stream_name":"stderr","time":883.543318424,"data":"/kaggle/src/script.py:350: FutureWarning: `torch.cuda.amp.autocast(args...)` is deprecated. Please use `torch.amp.autocast('cuda', args...)` instead.\n"}
,{"stream_name":"stderr","time":883.543377286,"data":"  with torch.cuda.amp.autocast(enabled=DEVICE.type == \"cuda\", dtype=torch.float16):\n"}
,{"stream_name":"stderr","time":883.93284043,"data":"/kaggle/src/script.py:350: FutureWarning: `torch.cuda.amp.autocast(args...)` is deprecated. Please use `torch.amp.autocast('cuda', args...)` instead.\n"}
,{"stream_name":"stderr","time":883.932905025,"data":"  with torch.cuda.amp.autocast(enabled=DEVICE.type == \"cuda\", dtype=torch.float16):\n"}
,{"stream_name":"stderr","time":884.543989085,"data":"/kaggle/src/script.py:350: FutureWarning: `torch.cuda.amp.autocast(args...)` is deprecated. Please use `torch.amp.autocast('cuda', args...)` instead.\n"}
,{"stream_name":"stderr","time":884.544066348,"data":"  with torch.cuda.amp.autocast(enabled=DEVICE.type == \"cuda\", dtype=torch.float16):\n"}
,{"stream_name":"stderr","time":884.929588843,"data":"/kaggle/src/script.py:350: FutureWarning: `torch.cuda.amp.autocast(args...)` is deprecated. Please use `torch.amp.autocast('cuda', args...)` instead.\n"}
,{"stream_name":"stderr","time":884.929636446,"data":"  with torch.cuda.amp.autocast(enabled=DEVICE.type == \"cuda\", dtype=torch.float16):\n"}
,{"stream_name":"stdout","time":885.198019581,"data":"regime=pair valid=5/62 acc=0.7273\n"}
,{"stream_name":"stderr","time":885.321656785,"data":"/kaggle/src/script.py:350: FutureWarning: `torch.cuda.amp.autocast(args...)` is deprecated. Please use `torch.amp.autocast('cuda', args...)` instead.\n"}
,{"stream_name":"stderr","time":885.321697764,"data":"  with torch.cuda.amp.autocast(enabled=DEVICE.type == \"cuda\", dtype=torch.float16):\n"}
,{"stream_name":"stderr","time":885.906932048,"data":"/kaggle/src/script.py:350: FutureWarning: `torch.cuda.amp.autocast(args...)` is deprecated. Please use `torch.amp.autocast('cuda', args...)` instead.\n"}
,{"stream_name":"stderr","time":885.906992101,"data":"  with torch.cuda.amp.autocast(enabled=DEVICE.type == \"cuda\", dtype=torch.float16):\n"}
,{"stream_name":"stderr","time":886.467317963,"data":"/kaggle/src/script.py:350: FutureWarning: `torch.cuda.amp.autocast(args...)` is deprecated. Please use `torch.amp.autocast('cuda', args...)` instead.\n"}
,{"stream_name":"stderr","time":886.467357009,"data":"  with torch.cuda.amp.autocast(enabled=DEVICE.type == \"cuda\", dtype=torch.float16):\n"}
,{"stream_name":"stderr","time":886.839268246,"data":"/kaggle/src/script.py:350: FutureWarning: `torch.cuda.amp.autocast(args...)` is deprecated. Please use `torch.amp.autocast('cuda', args...)` instead.\n"}
,{"stream_name":"stderr","time":886.8393165,"data":"  with torch.cuda.amp.autocast(enabled=DEVICE.type == \"cuda\", dtype=torch.float16):\n"}
,{"stream_name":"stderr","time":887.399090066,"data":"/kaggle/src/script.py:350: FutureWarning: `torch.cuda.amp.autocast(args...)` is deprecated. Please use `torch.amp.autocast('cuda', args...)` instead.\n"}
,{"stream_name":"stderr","time":887.399141565,"data":"  with torch.cuda.amp.autocast(enabled=DEVICE.type == \"cuda\", dtype=torch.float16):\n"}
,{"stream_name":"stdout","time":887.856039052,"data":"regime=pair valid=10/62 acc=0.8400\n"}
,{"stream_name":"stderr","time":887.980546803,"data":"/kaggle/src/script.py:350: FutureWarning: `torch.cuda.amp.autocast(args...)` is deprecated. Please use `torch.amp.autocast('cuda', args...)` instead.\n"}
,{"stream_name":"stderr","time":887.980628274,"data":"  with torch.cuda.amp.autocast(enabled=DEVICE.type == \"cuda\", dtype=torch.float16):\n"}
,{"stream_name":"stderr","time":888.358511722,"data":"/kaggle/src/script.py:350: FutureWarning: `torch.cuda.amp.autocast(args...)` is deprecated. Please use `torch.amp.autocast('cuda', args...)` instead.\n"}
,{"stream_name":"stderr","time":888.358557712,"data":"  with torch.cuda.amp.autocast(enabled=DEVICE.type == \"cuda\", dtype=torch.float16):\n"}
,{"stream_name":"stderr","time":888.747146261,"data":"/kaggle/src/script.py:350: FutureWarning: `torch.cuda.amp.autocast(args...)` is deprecated. Please use `torch.amp.autocast('cuda', args...)` instead.\n"}
,{"stream_name":"stderr","time":888.747215343,"data":"  with torch.cuda.amp.autocast(enabled=DEVICE.type == \"cuda\", dtype=torch.float16):\n"}
,{"stream_name":"stderr","time":889.331433994,"data":"/kaggle/src/script.py:350: FutureWarning: `torch.cuda.amp.autocast(args...)` is deprecated. Please use `torch.amp.autocast('cuda', args...)` instead.\n"}
,{"stream_name":"stderr","time":889.331481363,"data":"  with torch.cuda.amp.autocast(enabled=DEVICE.type == \"cuda\", dtype=torch.float16):\n"}
,{"stream_name":"stderr","time":889.707300006,"data":"/kaggle/src/script.py:350: FutureWarning: `torch.cuda.amp.autocast(args...)` is deprecated. Please use `torch.amp.autocast('cuda', args...)` instead.\n"}
,{"stream_name":"stderr","time":889.707342757,"data":"  with torch.cuda.amp.autocast(enabled=DEVICE.type == \"cuda\", dtype=torch.float16):\n"}
,{"stream_name":"stdout","time":890.162932279,"data":"regime=pair valid=15/62 acc=0.8919\n"}
,{"stream_name":"stderr","time":890.287099505,"data":"/kaggle/src/script.py:350: FutureWarning: `torch.cuda.amp.autocast(args...)` is deprecated. Please use `torch.amp.autocast('cuda', args...)` instead.\n"}
,{"stream_name":"stderr","time":890.287203847,"data":"  with torch.cuda.amp.autocast(enabled=DEVICE.type == \"cuda\", dtype=torch.float16):\n"}
,{"stream_name":"stderr","time":890.671090766,"data":"/kaggle/src/script.py:350: FutureWarning: `torch.cuda.amp.autocast(args...)` is deprecated. Please use `torch.amp.autocast('cuda', args...)` instead.\n"}
,{"stream_name":"stderr","time":890.67116,"data":"  with torch.cuda.amp.autocast(enabled=DEVICE.type == \"cuda\", dtype=torch.float16):\n"}
,{"stream_name":"stderr","time":891.056613122,"data":"/kaggle/src/script.py:350: FutureWarning: `torch.cuda.amp.autocast(args...)` is deprecated. Please use `torch.amp.autocast('cuda', args...)` instead.\n"}
,{"stream_name":"stderr","time":891.056682022,"data":"  with torch.cuda.amp.autocast(enabled=DEVICE.type == \"cuda\", dtype=torch.float16):\n"}
,{"stream_name":"stderr","time":891.632237529,"data":"/kaggle/src/script.py:350: FutureWarning: `torch.cuda.amp.autocast(args...)` is deprecated. Please use `torch.amp.autocast('cuda', args...)` instead.\n"}
,{"stream_name":"stderr","time":891.632284241,"data":"  with torch.cuda.amp.autocast(enabled=DEVICE.type == \"cuda\", dtype=torch.float16):\n"}
,{"stream_name":"stderr","time":892.23960682,"data":"/kaggle/src/script.py:350: FutureWarning: `torch.cuda.amp.autocast(args...)` is deprecated. Please use `torch.amp.autocast('cuda', args...)` instead.\n"}
,{"stream_name":"stderr","time":892.239657767,"data":"  with torch.cuda.amp.autocast(enabled=DEVICE.type == \"cuda\", dtype=torch.float16):\n"}
,{"stream_name":"stdout","time":892.724279625,"data":"regime=pair valid=20/62 acc=0.8800\n"}
,{"stream_name":"stderr","time":892.859090696,"data":"/kaggle/src/script.py:350: FutureWarning: `torch.cuda.amp.autocast(args...)` is deprecated. Please use `torch.amp.autocast('cuda', args...)` instead.\n"}
,{"stream_name":"stderr","time":892.859128866,"data":"  with torch.cuda.amp.autocast(enabled=DEVICE.type == \"cuda\", dtype=torch.float16):\n"}
,{"stream_name":"stderr","time":893.244181259,"data":"/kaggle/src/script.py:350: FutureWarning: `torch.cuda.amp.autocast(args...)` is deprecated. Please use `torch.amp.autocast('cuda', args...)` instead.\n"}
,{"stream_name":"stderr","time":893.244218302,"data":"  with torch.cuda.amp.autocast(enabled=DEVICE.type == \"cuda\", dtype=torch.float16):\n"}
,{"stream_name":"stderr","time":893.616103926,"data":"/kaggle/src/script.py:350: FutureWarning: `torch.cuda.amp.autocast(args...)` is deprecated. Please use `torch.amp.autocast('cuda', args...)` instead.\n"}
,{"stream_name":"stderr","time":893.616149334,"data":"  with torch.cuda.amp.autocast(enabled=DEVICE.type == \"cuda\", dtype=torch.float16):\n"}
,{"stream_name":"stderr","time":894.179629624,"data":"/kaggle/src/script.py:350: FutureWarning: `torch.cuda.amp.autocast(args...)` is deprecated. Please use `torch.amp.autocast('cuda', args...)` instead.\n"}
,{"stream_name":"stderr","time":894.179686332,"data":"  with torch.cuda.amp.autocast(enabled=DEVICE.type == \"cuda\", dtype=torch.float16):\n"}
,{"stream_name":"stderr","time":894.72379493,"data":"/kaggle/src/script.py:350: FutureWarning: `torch.cuda.amp.autocast(args...)` is deprecated. Please use `torch.amp.autocast('cuda', args...)` instead.\n"}
,{"stream_name":"stderr","time":894.723836203,"data":"  with torch.cuda.amp.autocast(enabled=DEVICE.type == \"cuda\", dtype=torch.float16):\n"}
,{"stream_name":"stdout","time":894.977926181,"data":"regime=pair valid=25/62 acc=0.8387\n"}
,{"stream_name":"stderr","time":895.093873118,"data":"/kaggle/src/script.py:350: FutureWarning: `torch.cuda.amp.autocast(args...)` is deprecated. Please use `torch.amp.autocast('cuda', args...)` instead.\n"}
,{"stream_name":"stderr","time":895.093913437,"data":"  with torch.cuda.amp.autocast(enabled=DEVICE.type == \"cuda\", dtype=torch.float16):\n"}
,{"stream_name":"stderr","time":895.672483167,"data":"/kaggle/src/script.py:350: FutureWarning: `torch.cuda.amp.autocast(args...)` is deprecated. Please use `torch.amp.autocast('cuda', args...)` instead.\n"}
,{"stream_name":"stderr","time":895.672520278,"data":"  with torch.cuda.amp.autocast(enabled=DEVICE.type == \"cuda\", dtype=torch.float16):\n"}
,{"stream_name":"stderr","time":896.041643119,"data":"/kaggle/src/script.py:350: FutureWarning: `torch.cuda.amp.autocast(args...)` is deprecated. Please use `torch.amp.autocast('cuda', args...)` instead.\n"}
,{"stream_name":"stderr","time":896.041682775,"data":"  with torch.cuda.amp.autocast(enabled=DEVICE.type == \"cuda\", dtype=torch.float16):\n"}
,{"stream_name":"stderr","time":896.60535362,"data":"/kaggle/src/script.py:350: FutureWarning: `torch.cuda.amp.autocast(args...)` is deprecated. Please use `torch.amp.autocast('cuda', args...)` instead.\n"}
,{"stream_name":"stderr","time":896.605421636,"data":"  with torch.cuda.amp.autocast(enabled=DEVICE.type == \"cuda\", dtype=torch.float16):\n"}
,{"stream_name":"stderr","time":897.2052661,"data":"/kaggle/src/script.py:350: FutureWarning: `torch.cuda.amp.autocast(args...)` is deprecated. Please use `torch.amp.autocast('cuda', args...)` instead.\n"}
,{"stream_name":"stderr","time":897.205308406,"data":"  with torch.cuda.amp.autocast(enabled=DEVICE.type == \"cuda\", dtype=torch.float16):\n"}
,{"stream_name":"stdout","time":897.650475387,"data":"regime=pair valid=30/62 acc=0.8289\n"}
,{"stream_name":"stderr","time":897.760600431,"data":"/kaggle/src/script.py:350: FutureWarning: `torch.cuda.amp.autocast(args...)` is deprecated. Please use `torch.amp.autocast('cuda', args...)` instead.\n"}
,{"stream_name":"stderr","time":897.760636592,"data":"  with torch.cuda.amp.autocast(enabled=DEVICE.type == \"cuda\", dtype=torch.float16):\n"}
,{"stream_name":"stderr","time":898.129740092,"data":"/kaggle/src/script.py:350: FutureWarning: `torch.cuda.amp.autocast(args...)` is deprecated. Please use `torch.amp.autocast('cuda', args...)` instead.\n"}
,{"stream_name":"stderr","time":898.12977821,"data":"  with torch.cuda.amp.autocast(enabled=DEVICE.type == \"cuda\", dtype=torch.float16):\n"}
,{"stream_name":"stderr","time":898.506601758,"data":"/kaggle/src/script.py:350: FutureWarning: `torch.cuda.amp.autocast(args...)` is deprecated. Please use `torch.amp.autocast('cuda', args...)` instead.\n"}
,{"stream_name":"stderr","time":898.506652152,"data":"  with torch.cuda.amp.autocast(enabled=DEVICE.type == \"cuda\", dtype=torch.float16):\n"}
,{"stream_name":"stderr","time":898.894691881,"data":"/kaggle/src/script.py:350: FutureWarning: `torch.cuda.amp.autocast(args...)` is deprecated. Please use `torch.amp.autocast('cuda', args...)` instead.\n"}
,{"stream_name":"stderr","time":898.894759572,"data":"  with torch.cuda.amp.autocast(enabled=DEVICE.type == \"cuda\", dtype=torch.float16):\n"}
,{"stream_name":"stderr","time":899.314593145,"data":"/kaggle/src/script.py:350: FutureWarning: `torch.cuda.amp.autocast(args...)` is deprecated. Please use `torch.amp.autocast('cuda', args...)` instead.\n"}
,{"stream_name":"stderr","time":899.314630443,"data":"  with torch.cuda.amp.autocast(enabled=DEVICE.type == \"cuda\", dtype=torch.float16):\n"}
,{"stream_name":"stdout","time":899.596877928,"data":"regime=pair valid=35/62 acc=0.7907\n"}
,{"stream_name":"stderr","time":899.717656315,"data":"/kaggle/src/script.py:350: FutureWarning: `torch.cuda.amp.autocast(args...)` is deprecated. Please use `torch.amp.autocast('cuda', args...)` instead.\n"}
,{"stream_name":"stderr","time":899.717695432,"data":"  with torch.cuda.amp.autocast(enabled=DEVICE.type == \"cuda\", dtype=torch.float16):\n"}
,{"stream_name":"stderr","time":900.117719307,"data":"/kaggle/src/script.py:350: FutureWarning: `torch.cuda.amp.autocast(args...)` is deprecated. Please use `torch.amp.autocast('cuda', args...)` instead.\n"}
,{"stream_name":"stderr","time":900.117794942,"data":"  with torch.cuda.amp.autocast(enabled=DEVICE.type == \"cuda\", dtype=torch.float16):\n"}
,{"stream_name":"stderr","time":900.522868383,"data":"/kaggle/src/script.py:350: FutureWarning: `torch.cuda.amp.autocast(args...)` is deprecated. Please use `torch.amp.autocast('cuda', args...)` instead.\n"}
,{"stream_name":"stderr","time":900.522906251,"data":"  with torch.cuda.amp.autocast(enabled=DEVICE.type == \"cuda\", dtype=torch.float16):\n"}
,{"stream_name":"stderr","time":901.079180036,"data":"/kaggle/src/script.py:350: FutureWarning: `torch.cuda.amp.autocast(args...)` is deprecated. Please use `torch.amp.autocast('cuda', args...)` instead.\n"}
,{"stream_name":"stderr","time":901.079218317,"data":"  with torch.cuda.amp.autocast(enabled=DEVICE.type == \"cuda\", dtype=torch.float16):\n"}
,{"stream_name":"stderr","time":901.673313407,"data":"/kaggle/src/script.py:350: FutureWarning: `torch.cuda.amp.autocast(args...)` is deprecated. Please use `torch.amp.autocast('cuda', args...)` instead.\n"}
,{"stream_name":"stderr","time":901.673354622,"data":"  with torch.cuda.amp.autocast(enabled=DEVICE.type == \"cuda\", dtype=torch.float16):\n"}
,{"stream_name":"stdout","time":902.149852982,"data":"regime=pair valid=40/62 acc=0.7980\n"}
,{"stream_name":"stderr","time":902.282614322,"data":"/kaggle/src/script.py:350: FutureWarning: `torch.cuda.amp.autocast(args...)` is deprecated. Please use `torch.amp.autocast('cuda', args...)` instead.\n"}
,{"stream_name":"stderr","time":902.282659382,"data":"  with torch.cuda.amp.autocast(enabled=DEVICE.type == \"cuda\", dtype=torch.float16):\n"}
,{"stream_name":"stderr","time":902.868760859,"data":"/kaggle/src/script.py:350: FutureWarning: `torch.cuda.amp.autocast(args...)` is deprecated. Please use `torch.amp.autocast('cuda', args...)` instead.\n"}
,{"stream_name":"stderr","time":902.868799292,"data":"  with torch.cuda.amp.autocast(enabled=DEVICE.type == \"cuda\", dtype=torch.float16):\n"}
,{"stream_name":"stderr","time":903.434545069,"data":"/kaggle/src/script.py:350: FutureWarning: `torch.cuda.amp.autocast(args...)` is deprecated. Please use `torch.amp.autocast('cuda', args...)` instead.\n"}
,{"stream_name":"stderr","time":903.434587659,"data":"  with torch.cuda.amp.autocast(enabled=DEVICE.type == \"cuda\", dtype=torch.float16):\n"}
,{"stream_name":"stderr","time":903.824318983,"data":"/kaggle/src/script.py:350: FutureWarning: `torch.cuda.amp.autocast(args...)` is deprecated. Please use `torch.amp.autocast('cuda', args...)` instead.\n"}
,{"stream_name":"stderr","time":903.824363196,"data":"  with torch.cuda.amp.autocast(enabled=DEVICE.type == \"cuda\", dtype=torch.float16):\n"}
,{"stream_name":"stderr","time":904.42878555,"data":"/kaggle/src/script.py:350: FutureWarning: `torch.cuda.amp.autocast(args...)` is deprecated. Please use `torch.amp.autocast('cuda', args...)` instead.\n"}
,{"stream_name":"stderr","time":904.428822836,"data":"  with torch.cuda.amp.autocast(enabled=DEVICE.type == \"cuda\", dtype=torch.float16):\n"}
,{"stream_name":"stdout","time":904.68467592,"data":"regime=pair valid=45/62 acc=0.7857\n"}
,{"stream_name":"stderr","time":904.8090741,"data":"/kaggle/src/script.py:350: FutureWarning: `torch.cuda.amp.autocast(args...)` is deprecated. Please use `torch.amp.autocast('cuda', args...)` instead.\n"}
,{"stream_name":"stderr","time":904.809114467,"data":"  with torch.cuda.amp.autocast(enabled=DEVICE.type == \"cuda\", dtype=torch.float16):\n"}
,{"stream_name":"stderr","time":905.406473887,"data":"/kaggle/src/script.py:350: FutureWarning: `torch.cuda.amp.autocast(args...)` is deprecated. Please use `torch.amp.autocast('cuda', args...)` instead.\n"}
,{"stream_name":"stderr","time":905.406510682,"data":"  with torch.cuda.amp.autocast(enabled=DEVICE.type == \"cuda\", dtype=torch.float16):\n"}
,{"stream_name":"stderr","time":906.027634753,"data":"/kaggle/src/script.py:350: FutureWarning: `torch.cuda.amp.autocast(args...)` is deprecated. Please use `torch.amp.autocast('cuda', args...)` instead.\n"}
,{"stream_name":"stderr","time":906.027671716,"data":"  with torch.cuda.amp.autocast(enabled=DEVICE.type == \"cuda\", dtype=torch.float16):\n"}
,{"stream_name":"stderr","time":906.436510475,"data":"/kaggle/src/script.py:350: FutureWarning: `torch.cuda.amp.autocast(args...)` is deprecated. Please use `torch.amp.autocast('cuda', args...)` instead.\n"}
,{"stream_name":"stderr","time":906.436550804,"data":"  with torch.cuda.amp.autocast(enabled=DEVICE.type == \"cuda\", dtype=torch.float16):\n"}
,{"stream_name":"stderr","time":907.018614365,"data":"/kaggle/src/script.py:350: FutureWarning: `torch.cuda.amp.autocast(args...)` is deprecated. Please use `torch.amp.autocast('cuda', args...)` instead.\n"}
,{"stream_name":"stderr","time":907.018652424,"data":"  with torch.cuda.amp.autocast(enabled=DEVICE.type == \"cuda\", dtype=torch.float16):\n"}
,{"stream_name":"stdout","time":907.482945691,"data":"regime=pair valid=50/62 acc=0.7937\n"}
,{"stream_name":"stderr","time":907.603759441,"data":"/kaggle/src/script.py:350: FutureWarning: `torch.cuda.amp.autocast(args...)` is deprecated. Please use `torch.amp.autocast('cuda', args...)` instead.\n"}
,{"stream_name":"stderr","time":907.603795079,"data":"  with torch.cuda.amp.autocast(enabled=DEVICE.type == \"cuda\", dtype=torch.float16):\n"}
,{"stream_name":"stderr","time":907.991032861,"data":"/kaggle/src/script.py:350: FutureWarning: `torch.cuda.amp.autocast(args...)` is deprecated. Please use `torch.amp.autocast('cuda', args...)` instead.\n"}
,{"stream_name":"stderr","time":907.99108118,"data":"  with torch.cuda.amp.autocast(enabled=DEVICE.type == \"cuda\", dtype=torch.float16):\n"}
,{"stream_name":"stderr","time":908.580308643,"data":"/kaggle/src/script.py:350: FutureWarning: `torch.cuda.amp.autocast(args...)` is deprecated. Please use `torch.amp.autocast('cuda', args...)` instead.\n"}
,{"stream_name":"stderr","time":908.580351981,"data":"  with torch.cuda.amp.autocast(enabled=DEVICE.type == \"cuda\", dtype=torch.float16):\n"}
,{"stream_name":"stderr","time":908.952717729,"data":"/kaggle/src/script.py:350: FutureWarning: `torch.cuda.amp.autocast(args...)` is deprecated. Please use `torch.amp.autocast('cuda', args...)` instead.\n"}
,{"stream_name":"stderr","time":908.952755147,"data":"  with torch.cuda.amp.autocast(enabled=DEVICE.type == \"cuda\", dtype=torch.float16):\n"}
,{"stream_name":"stderr","time":909.502999419,"data":"/kaggle/src/script.py:350: FutureWarning: `torch.cuda.amp.autocast(args...)` is deprecated. Please use `torch.amp.autocast('cuda', args...)` instead.\n"}
,{"stream_name":"stderr","time":909.503075985,"data":"  with torch.cuda.amp.autocast(enabled=DEVICE.type == \"cuda\", dtype=torch.float16):\n"}
,{"stream_name":"stdout","time":909.759242211,"data":"regime=pair valid=55/62 acc=0.7899\n"}
,{"stream_name":"stderr","time":909.884625643,"data":"/kaggle/src/script.py:350: FutureWarning: `torch.cuda.amp.autocast(args...)` is deprecated. Please use `torch.amp.autocast('cuda', args...)` instead.\n"}
,{"stream_name":"stderr","time":909.884666857,"data":"  with torch.cuda.amp.autocast(enabled=DEVICE.type == \"cuda\", dtype=torch.float16):\n"}
,{"stream_name":"stderr","time":910.478498389,"data":"/kaggle/src/script.py:350: FutureWarning: `torch.cuda.amp.autocast(args...)` is deprecated. Please use `torch.amp.autocast('cuda', args...)` instead.\n"}
,{"stream_name":"stderr","time":910.478543293,"data":"  with torch.cuda.amp.autocast(enabled=DEVICE.type == \"cuda\", dtype=torch.float16):\n"}
,{"stream_name":"stderr","time":911.063076887,"data":"/kaggle/src/script.py:350: FutureWarning: `torch.cuda.amp.autocast(args...)` is deprecated. Please use `torch.amp.autocast('cuda', args...)` instead.\n"}
,{"stream_name":"stderr","time":911.063119388,"data":"  with torch.cuda.amp.autocast(enabled=DEVICE.type == \"cuda\", dtype=torch.float16):\n"}
,{"stream_name":"stderr","time":911.670428072,"data":"/kaggle/src/script.py:350: FutureWarning: `torch.cuda.amp.autocast(args...)` is deprecated. Please use `torch.amp.autocast('cuda', args...)` instead.\n"}
,{"stream_name":"stderr","time":911.670468044,"data":"  with torch.cuda.amp.autocast(enabled=DEVICE.type == \"cuda\", dtype=torch.float16):\n"}
,{"stream_name":"stderr","time":912.265743767,"data":"/kaggle/src/script.py:350: FutureWarning: `torch.cuda.amp.autocast(args...)` is deprecated. Please use `torch.amp.autocast('cuda', args...)` instead.\n"}
,{"stream_name":"stderr","time":912.265784325,"data":"  with torch.cuda.amp.autocast(enabled=DEVICE.type == \"cuda\", dtype=torch.float16):\n"}
,{"stream_name":"stdout","time":912.516900007,"data":"regime=pair valid=60/62 acc=0.7829\n"}
,{"stream_name":"stderr","time":912.64805051,"data":"/kaggle/src/script.py:350: FutureWarning: `torch.cuda.amp.autocast(args...)` is deprecated. Please use `torch.amp.autocast('cuda', args...)` instead.\n"}
,{"stream_name":"stderr","time":912.648089551,"data":"  with torch.cuda.amp.autocast(enabled=DEVICE.type == \"cuda\", dtype=torch.float16):\n"}
,{"stream_name":"stderr","time":913.238229564,"data":"/kaggle/src/script.py:350: FutureWarning: `torch.cuda.amp.autocast(args...)` is deprecated. Please use `torch.amp.autocast('cuda', args...)` instead.\n"}
,{"stream_name":"stderr","time":913.238285779,"data":"  with torch.cuda.amp.autocast(enabled=DEVICE.type == \"cuda\", dtype=torch.float16):\n"}
,{"stream_name":"stdout","time":913.503904757,"data":"{\n"}
,{"stream_name":"stdout","time":913.50393397,"data":"  \"model\": \"MCG-NJU/videomae-base-finetuned-kinetics\",\n"}
,{"stream_name":"stdout","time":913.50393978,"data":"  \"fold\": 0,\n"}
,{"stream_name":"stdout","time":913.503944516,"data":"  \"hold_users\": [\n"}
,{"stream_name":"stdout","time":913.503948973,"data":"    \"user17\",\n"}
,{"stream_name":"stdout","time":913.503953259,"data":"    \"user22\",\n"}
,{"stream_name":"stdout","time":913.503957561,"data":"    \"user4\",\n"}
,{"stream_name":"stdout","time":913.503961728,"data":"    \"user6\"\n"}
,{"stream_name":"stdout","time":913.503966321,"data":"  ],\n"}
,{"stream_name":"stdout","time":913.503970756,"data":"  \"frames\": 16,\n"}
,{"stream_name":"stdout","time":913.503975353,"data":"  \"epochs\": 5,\n"}
,{"stream_name":"stdout","time":913.503994812,"data":"  \"unfrozen_blocks\": 2,\n"}
,{"stream_name":"stdout","time":913.503999606,"data":"  \"task\": \"manner_group_plus_ordinal_rank_plus_structured_assignment\",\n"}
,{"stream_name":"stdout","time":913.504003953,"data":"  \"regimes\": {\n"}
,{"stream_name":"stdout","time":913.504008155,"data":"    \"full\": {\n"}
,{"stream_name":"stdout","time":913.504013257,"data":"      \"n\": 184,\n"}
,{"stream_name":"stdout","time":913.504026591,"data":"      \"correct\": 159,\n"}
,{"stream_name":"stdout","time":913.504030965,"data":"      \"accuracy\": 0.8641304347826086\n"}
,{"stream_name":"stdout","time":913.504035158,"data":"    },\n"}
,{"stream_name":"stdout","time":913.504039188,"data":"    \"pair\": {\n"}
,{"stream_name":"stdout","time":913.504043391,"data":"      \"n\": 157,\n"}
,{"stream_name":"stdout","time":913.504047491,"data":"      \"correct\": 122,\n"}
,{"stream_name":"stdout","time":913.504051802,"data":"      \"accuracy\": 0.7770700636942676\n"}
,{"stream_name":"stdout","time":913.504056148,"data":"    }\n"}
,{"stream_name":"stdout","time":913.504059984,"data":"  }\n"}
,{"stream_name":"stdout","time":913.504064592,"data":"}\n"}
,{"stream_name":"stderr","time":918.14891845,"data":"/usr/local/lib/python3.12/dist-packages/mistune.py:435: SyntaxWarning: invalid escape sequence '\\|'\n"}
,{"stream_name":"stderr","time":918.148956218,"data":"  cells[i][c] = re.sub('\\\\\\\\\\|', '|', cell)\n"}
,{"stream_name":"stderr","time":918.395147062,"data":"/usr/local/lib/python3.12/dist-packages/nbconvert/filters/filter_links.py:36: SyntaxWarning: invalid escape sequence '\\_'\n"}
,{"stream_name":"stderr","time":918.395195178,"data":"  text = re.sub(r'_', '\\_', text) # Escape underscores in display text\n"}
,{"stream_name":"stderr","time":919.162267528,"data":"[NbConvertApp] Converting notebook __script__.ipynb to html\n"}
,{"stream_name":"stderr","time":920.236356573,"data":"[NbConvertApp] Writing 373909 bytes to __results__.html\n"}
]