session,user,aa,bb,cc,action,harn_folder,manner_label,manner_group,parent_qa_path,parent_unit_dir,parent_f0,parent_f1,parent_t0,parent_t1,seg_f0,seg_f1,seg_t0,seg_t1,n_sibling_trials_with_action,evidence_source
user1|1|1,user1,1,1,1,Squats,29_Do_squats,Leisurely,SLOW,HAU/user1/1-1-1,"/Users/toheeb.ogunade/Workspace/cuchx-large/hf_data_manual/LMT_(IMU,Radar,Skeleton)/Training/HAU/user1/1-1-1",28.0,582.0,14039319.716,14039375.116,532.0,581.0,14039370.116,14039375.016,3,harn_anchored
user1|1|1,user1,1,1,2,Squats,29_Do_squats,Calmly,SLOW,HAU/user1/1-1-2,"/Users/toheeb.ogunade/Workspace/cuchx-large/hf_data_manual/LMT_(IMU,Radar,Skeleton)/Training/HAU/user1/1-1-2",29.0,555.0,14040022.816,14040075.416,500.0,553.0,14040069.916,14040075.216,3,harn_anchored
user1|1|1,user1,1,1,3,Squats,29_Do_squats,Hastily,FAST,HAU/user1/1-1-3,"/Users/toheeb.ogunade/Workspace/cuchx-large/hf_data_manual/LMT_(IMU,Radar,Skeleton)/Training/HAU/user1/1-1-3",25.0,224.0,14040328.416,14040348.316,199.0,224.0,14040345.816,14040348.316,3,harn_anchored
user1|1|1,user1,1,1,1,Combing hair,2_Comb_hair,Leisurely,SLOW,HAU/user1/1-1-1,"/Users/toheeb.ogunade/Workspace/cuchx-large/hf_data_manual/LMT_(IMU,Radar,Skeleton)/Training/HAU/user1/1-1-1",28.0,582.0,14039319.716,14039375.116,188.0,243.0,14039335.716,14039341.216,3,harn_anchored
user1|1|1,user1,1,1,2,Combing hair,2_Comb_hair,Calmly,SLOW,HAU/user1/1-1-2,"/Users/toheeb.ogunade/Workspace/cuchx-large/hf_data_manual/LMT_(IMU,Radar,Skeleton)/Training/HAU/user1/1-1-2",29.0,555.0,14040022.816,14040075.416,227.0,279.0,14040042.616,14040047.816,3,harn_anchored
user1|1|1,user1,1,1,3,Combing hair,2_Comb_hair,Hastily,FAST,HAU/user1/1-1-3,"/Users/toheeb.ogunade/Workspace/cuchx-large/hf_data_manual/LMT_(IMU,Radar,Skeleton)/Training/HAU/user1/1-1-3",25.0,224.0,14040328.416,14040348.316,95.0,110.0,14040335.416,14040336.916,3,harn_anchored
user1|1|1,user1,1,1,1,Jumping jacks,30_Do_jumping_jacks,Leisurely,SLOW,HAU/user1/1-1-1,"/Users/toheeb.ogunade/Workspace/cuchx-large/hf_data_manual/LMT_(IMU,Radar,Skeleton)/Training/HAU/user1/1-1-1",28.0,582.0,14039319.716,14039375.116,475.0,526.0,14039364.416,14039369.516,3,harn_anchored
user1|1|1,user1,1,1,2,Jumping jacks,30_Do_jumping_jacks,Calmly,SLOW,HAU/user1/1-1-2,"/Users/toheeb.ogunade/Workspace/cuchx-large/hf_data_manual/LMT_(IMU,Radar,Skeleton)/Training/HAU/user1/1-1-2",29.0,555.0,14040022.816,14040075.416,444.0,500.0,14040064.316,14040069.916,3,harn_anchored
user1|1|1,user1,1,1,3,Jumping jacks,30_Do_jumping_jacks,Hastily,FAST,HAU/user1/1-1-3,"/Users/toheeb.ogunade/Workspace/cuchx-large/hf_data_manual/LMT_(IMU,Radar,Skeleton)/Training/HAU/user1/1-1-3",25.0,224.0,14040328.416,14040348.316,166.0,199.0,14040342.516,14040345.816,3,harn_anchored
user1|1|1,user1,1,1,1,Getting dressed,5_Put_on_clothes,Leisurely,SLOW,HAU/user1/1-1-1,"/Users/toheeb.ogunade/Workspace/cuchx-large/hf_data_manual/LMT_(IMU,Radar,Skeleton)/Training/HAU/user1/1-1-1",28.0,582.0,14039319.716,14039375.116,289.0,413.0,14039345.816,14039358.216,3,harn_anchored
user1|1|1,user1,1,1,2,Getting dressed,5_Put_on_clothes,Calmly,SLOW,HAU/user1/1-1-2,"/Users/toheeb.ogunade/Workspace/cuchx-large/hf_data_manual/LMT_(IMU,Radar,Skeleton)/Training/HAU/user1/1-1-2",29.0,555.0,14040022.816,14040075.416,324.0,376.0,14040052.316,14040057.516,3,harn_anchored
user1|1|1,user1,1,1,3,Getting dressed,5_Put_on_clothes,Hastily,FAST,HAU/user1/1-1-3,"/Users/toheeb.ogunade/Workspace/cuchx-large/hf_data_manual/LMT_(IMU,Radar,Skeleton)/Training/HAU/user1/1-1-3",25.0,224.0,14040328.416,14040348.316,124.0,162.0,14040338.316,14040342.116,3,harn_anchored
user1|2|1,user1,2,1,2,Stirring,10_Stir_drinks,Neatly,CARE,HAU/user1/2-1-2,"/Users/toheeb.ogunade/Workspace/cuchx-large/hf_data_manual/LMT_(IMU,Radar,Skeleton)/Training/HAU/user1/2-1-2",28.0,343.0,14150439.716,14150471.216,148.0,171.0,14150451.716,14150454.016,2,harn_anchored
user1|2|1,user1,2,1,3,Stirring,10_Stir_drinks,Hastily,FAST,HAU/user1/2-1-3,"/Users/toheeb.ogunade/Workspace/cuchx-large/hf_data_manual/LMT_(IMU,Radar,Skeleton)/Training/HAU/user1/2-1-3",19.0,227.0,14150605.816,14150626.616,114.0,138.0,14150615.316,14150617.716,2,harn_anchored
user1|2|1,user1,2,1,2,Walking,36_Walk,Neatly,CARE,HAU/user1/2-1-2,"/Users/toheeb.ogunade/Workspace/cuchx-large/hf_data_manual/LMT_(IMU,Radar,Skeleton)/Training/HAU/user1/2-1-2",28.0,343.0,14150439.716,14150471.216,46.0,64.0,14150441.516,14150443.316,2,harn_anchored
user1|2|1,user1,2,1,3,Walking,36_Walk,Hastily,FAST,HAU/user1/2-1-3,"/Users/toheeb.ogunade/Workspace/cuchx-large/hf_data_manual/LMT_(IMU,Radar,Skeleton)/Training/HAU/user1/2-1-3",19.0,227.0,14150605.816,14150626.616,29.0,38.0,14150606.816,14150607.716,2,harn_anchored
user1|2|1,user1,2,1,2,Grabbing utensils,8_Take_and_use_tableware,Neatly,CARE,HAU/user1/2-1-2,"/Users/toheeb.ogunade/Workspace/cuchx-large/hf_data_manual/LMT_(IMU,Radar,Skeleton)/Training/HAU/user1/2-1-2",28.0,343.0,14150439.716,14150471.216,66.0,97.0,14150443.516,14150446.616,2,harn_anchored
user1|2|1,user1,2,1,3,Grabbing utensils,8_Take_and_use_tableware,Hastily,FAST,HAU/user1/2-1-3,"/Users/toheeb.ogunade/Workspace/cuchx-large/hf_data_manual/LMT_(IMU,Radar,Skeleton)/Training/HAU/user1/2-1-3",19.0,227.0,14150605.816,14150626.616,40.0,82.0,14150607.916,14150612.116,2,harn_anchored
user1|2|1,user1,2,1,2,Pouring,9_Pour_drinks,Neatly,CARE,HAU/user1/2-1-2,"/Users/toheeb.ogunade/Workspace/cuchx-large/hf_data_manual/LMT_(IMU,Radar,Skeleton)/Training/HAU/user1/2-1-2",28.0,343.0,14150439.716,14150471.216,97.0,133.0,14150446.616,14150450.216,2,harn_anchored
user1|2|1,user1,2,1,3,Pouring,9_Pour_drinks,Hastily,FAST,HAU/user1/2-1-3,"/Users/toheeb.ogunade/Workspace/cuchx-large/hf_data_manual/LMT_(IMU,Radar,Skeleton)/Training/HAU/user1/2-1-3",19.0,227.0,14150605.816,14150626.616,79.0,111.0,14150611.816,14150615.016,2,harn_anchored
user1|2|2,user1,2,2,1,Typing on a keyboard,17_Tap_the_keyboard,Slowly,SLOW,HAU/user1/2-2-1,"/Users/toheeb.ogunade/Workspace/cuchx-large/hf_data_manual/LMT_(IMU,Radar,Skeleton)/Training/HAU/user1/2-2-1",20.0,241.0,14040883.916,14040906.016,142.0,241.0,14040896.116,14040906.016,3,harn_anchored
user1|2|2,user1,2,2,2,Typing on a keyboard,17_Tap_the_keyboard,Steadily,NEUT,HAU/user1/2-2-2,"/Users/toheeb.ogunade/Workspace/cuchx-large/hf_data_manual/LMT_(IMU,Radar,Skeleton)/Training/HAU/user1/2-2-2",22.0,259.0,14041277.116,14041300.816,146.0,259.0,14041289.516,14041300.816,3,harn_anchored
user1|2|2,user1,2,2,3,Typing on a keyboard,17_Tap_the_keyboard,Quickly,FAST,HAU/user1/2-2-3,"/Users/toheeb.ogunade/Workspace/cuchx-large/hf_data_manual/LMT_(IMU,Radar,Skeleton)/Training/HAU/user1/2-2-3",24.0,164.0,14041539.316,14041553.316,90.0,164.0,14041545.916,14041553.316,3,harn_anchored
user1|2|2,user1,2,2,1,Standing up,32_Stand_up,Slowly,SLOW,HAU/user1/2-2-1,"/Users/toheeb.ogunade/Workspace/cuchx-large/hf_data_manual/LMT_(IMU,Radar,Skeleton)/Training/HAU/user1/2-2-1",20.0,241.0,14040883.916,14040906.016,54.0,65.0,14040887.316,14040888.416,3,harn_anchored
user1|2|2,user1,2,2,2,Standing up,32_Stand_up,Steadily,NEUT,HAU/user1/2-2-2,"/Users/toheeb.ogunade/Workspace/cuchx-large/hf_data_manual/LMT_(IMU,Radar,Skeleton)/Training/HAU/user1/2-2-2",22.0,259.0,14041277.116,14041300.816,42.0,62.0,14041279.116,14041281.116,3,harn_anchored
user1|2|2,user1,2,2,3,Standing up,32_Stand_up,Quickly,FAST,HAU/user1/2-2-3,"/Users/toheeb.ogunade/Workspace/cuchx-large/hf_data_manual/LMT_(IMU,Radar,Skeleton)/Training/HAU/user1/2-2-3",24.0,164.0,14041539.316,14041553.316,50.0,60.0,14041541.916,14041542.916,3,harn_anchored
user1|2|2,user1,2,2,1,Sitting down,34_Sit_down,Slowly,SLOW,HAU/user1/2-2-1,"/Users/toheeb.ogunade/Workspace/cuchx-large/hf_data_manual/LMT_(IMU,Radar,Skeleton)/Training/HAU/user1/2-2-1",20.0,241.0,14040883.916,14040906.016,115.0,128.0,14040893.416,14040894.716,3,harn_anchored
user1|2|2,user1,2,2,2,Sitting down,34_Sit_down,Steadily,NEUT,HAU/user1/2-2-2,"/Users/toheeb.ogunade/Workspace/cuchx-large/hf_data_manual/LMT_(IMU,Radar,Skeleton)/Training/HAU/user1/2-2-2",22.0,259.0,14041277.116,14041300.816,118.0,134.0,14041286.716,14041288.316,3,harn_anchored
user1|2|2,user1,2,2,3,Sitting down,34_Sit_down,Quickly,FAST,HAU/user1/2-2-3,"/Users/toheeb.ogunade/Workspace/cuchx-large/hf_data_manual/LMT_(IMU,Radar,Skeleton)/Training/HAU/user1/2-2-3",24.0,164.0,14041539.316,14041553.316,78.0,86.0,14041544.716,14041545.516,3,harn_anchored
user1|2|2,user1,2,2,1,Walking,36_Walk,Slowly,SLOW,HAU/user1/2-2-1,"/Users/toheeb.ogunade/Workspace/cuchx-large/hf_data_manual/LMT_(IMU,Radar,Skeleton)/Training/HAU/user1/2-2-1",20.0,241.0,14040883.916,14040906.016,70.0,116.0,14040888.916,14040893.516,3,harn_anchored
user1|2|2,user1,2,2,2,Walking,36_Walk,Steadily,NEUT,HAU/user1/2-2-2,"/Users/toheeb.ogunade/Workspace/cuchx-large/hf_data_manual/LMT_(IMU,Radar,Skeleton)/Training/HAU/user1/2-2-2",22.0,259.0,14041277.116,14041300.816,64.0,115.0,14041281.316,14041286.416,3,harn_anchored
user1|2|2,user1,2,2,3,Walking,36_Walk,Quickly,FAST,HAU/user1/2-2-3,"/Users/toheeb.ogunade/Workspace/cuchx-large/hf_data_manual/LMT_(IMU,Radar,Skeleton)/Training/HAU/user1/2-2-3",24.0,164.0,14041539.316,14041553.316,59.0,78.0,14041542.816,14041544.716,3,harn_anchored
user1|3|1,user1,3,1,1,Stirring,10_Stir_drinks,Leisurely,SLOW,HAU/user1/3-1-1,"/Users/toheeb.ogunade/Workspace/cuchx-large/hf_data_manual/LMT_(IMU,Radar,Skeleton)/Training/HAU/user1/3-1-1",19.0,154.0,14150829.816,14150843.316,47.0,82.0,14150832.616,14150836.116,3,harn_anchored
user1|3|1,user1,3,1,2,Stirring,10_Stir_drinks,Steadily,NEUT,HAU/user1/3-1-2,"/Users/toheeb.ogunade/Workspace/cuchx-large/hf_data_manual/LMT_(IMU,Radar,Skeleton)/Training/HAU/user1/3-1-2",24.0,170.0,14150905.316,14150919.916,68.0,104.0,14150909.716,14150913.316,3,harn_anchored
user1|3|1,user1,3,1,3,Stirring,10_Stir_drinks,Hurriedly,FAST,HAU/user1/3-1-3,"/Users/toheeb.ogunade/Workspace/cuchx-large/hf_data_manual/LMT_(IMU,Radar,Skeleton)/Training/HAU/user1/3-1-3",15.0,80.0,14150983.416,14150989.916,33.0,49.0,14150985.216,14150986.816,3,harn_anchored
user1|3|1,user1,3,1,1,Eating,7_Eat_food,Leisurely,SLOW,HAU/user1/3-1-1,"/Users/toheeb.ogunade/Workspace/cuchx-large/hf_data_manual/LMT_(IMU,Radar,Skeleton)/Training/HAU/user1/3-1-1",19.0,154.0,14150829.816,14150843.316,118.0,154.0,14150839.716,14150843.316,3,harn_anchored
user1|3|1,user1,3,1,2,Eating,7_Eat_food,Steadily,NEUT,HAU/user1/3-1-2,"/Users/toheeb.ogunade/Workspace/cuchx-large/hf_data_manual/LMT_(IMU,Radar,Skeleton)/Training/HAU/user1/3-1-2",24.0,170.0,14150905.316,14150919.916,142.0,170.0,14150917.116,14150919.916,3,harn_anchored
user1|3|1,user1,3,1,3,Eating,7_Eat_food,Hurriedly,FAST,HAU/user1/3-1-3,"/Users/toheeb.ogunade/Workspace/cuchx-large/hf_data_manual/LMT_(IMU,Radar,Skeleton)/Training/HAU/user1/3-1-3",15.0,80.0,14150983.416,14150989.916,66.0,80.0,14150988.516,14150989.916,3,harn_anchored
user1|3|2,user1,3,2,1,Mopping,13_Mop_the_floor,Casually,NEUT,HAU/user1/3-2-1,"/Users/toheeb.ogunade/Workspace/cuchx-large/hf_data_manual/LMT_(IMU,Radar,Skeleton)/Training/HAU/user1/3-2-1",15.0,614.0,14043275.416,14043335.316,91.0,195.0,14043283.016,14043293.416,3,harn_anchored
user1|3|2,user1,3,2,2,Mopping,13_Mop_the_floor,Meticulously,CARE,HAU/user1/3-2-2,"/Users/toheeb.ogunade/Workspace/cuchx-large/hf_data_manual/LMT_(IMU,Radar,Skeleton)/Training/HAU/user1/3-2-2",17.0,639.0,14043663.616,14043725.816,90.0,213.0,14043670.916,14043683.216,3,harn_anchored
user1|3|2,user1,3,2,3,Mopping,13_Mop_the_floor,Hurriedly,FAST,HAU/user1/3-2-3,"/Users/toheeb.ogunade/Workspace/cuchx-large/hf_data_manual/LMT_(IMU,Radar,Skeleton)/Training/HAU/user1/3-2-3",14.0,425.0,14043946.316,14043987.416,58.0,137.0,14043950.716,14043958.616,3,harn_anchored
user1|3|2,user1,3,2,1,Typing on a keyboard,17_Tap_the_keyboard,Casually,NEUT,HAU/user1/3-2-1,"/Users/toheeb.ogunade/Workspace/cuchx-large/hf_data_manual/LMT_(IMU,Radar,Skeleton)/Training/HAU/user1/3-2-1",15.0,614.0,14043275.416,14043335.316,265.0,331.0,14043300.416,14043307.016,3,harn_anchored
user1|3|2,user1,3,2,2,Typing on a keyboard,17_Tap_the_keyboard,Meticulously,CARE,HAU/user1/3-2-2,"/Users/toheeb.ogunade/Workspace/cuchx-large/hf_data_manual/LMT_(IMU,Radar,Skeleton)/Training/HAU/user1/3-2-2",17.0,639.0,14043663.616,14043725.816,278.0,343.0,14043689.716,14043696.216,3,harn_anchored
user1|3|2,user1,3,2,3,Typing on a keyboard,17_Tap_the_keyboard,Hurriedly,FAST,HAU/user1/3-2-3,"/Users/toheeb.ogunade/Workspace/cuchx-large/hf_data_manual/LMT_(IMU,Radar,Skeleton)/Training/HAU/user1/3-2-3",14.0,425.0,14043946.316,14043987.416,184.0,212.0,14043963.316,14043966.116,3,harn_anchored
user1|3|2,user1,3,2,1,Checking the time,20_Check_the_time,Casually,NEUT,HAU/user1/3-2-1,"/Users/toheeb.ogunade/Workspace/cuchx-large/hf_data_manual/LMT_(IMU,Radar,Skeleton)/Training/HAU/user1/3-2-1",15.0,614.0,14043275.416,14043335.316,308.0,320.0,14043304.716,14043305.916,3,harn_anchored
user1|3|2,user1,3,2,2,Checking the time,20_Check_the_time,Meticulously,CARE,HAU/user1/3-2-2,"/Users/toheeb.ogunade/Workspace/cuchx-large/hf_data_manual/LMT_(IMU,Radar,Skeleton)/Training/HAU/user1/3-2-2",17.0,639.0,14043663.616,14043725.816,319.0,327.0,14043693.816,14043694.616,3,harn_anchored
user1|3|2,user1,3,2,3,Checking the time,20_Check_the_time,Hurriedly,FAST,HAU/user1/3-2-3,"/Users/toheeb.ogunade/Workspace/cuchx-large/hf_data_manual/LMT_(IMU,Radar,Skeleton)/Training/HAU/user1/3-2-3",14.0,425.0,14043946.316,14043987.416,202.0,205.0,14043965.116,14043965.416,3,harn_anchored
user1|3|2,user1,3,2,1,Squats,29_Do_squats,Casually,NEUT,HAU/user1/3-2-1,"/Users/toheeb.ogunade/Workspace/cuchx-large/hf_data_manual/LMT_(IMU,Radar,Skeleton)/Training/HAU/user1/3-2-1",15.0,614.0,14043275.416,14043335.316,493.0,526.0,14043323.216,14043326.516,3,harn_anchored
user1|3|2,user1,3,2,2,Squats,29_Do_squats,Meticulously,CARE,HAU/user1/3-2-2,"/Users/toheeb.ogunade/Workspace/cuchx-large/hf_data_manual/LMT_(IMU,Radar,Skeleton)/Training/HAU/user1/3-2-2",17.0,639.0,14043663.616,14043725.816,512.0,575.0,14043713.116,14043719.416,3,harn_anchored
user1|3|2,user1,3,2,3,Squats,29_Do_squats,Hurriedly,FAST,HAU/user1/3-2-3,"/Users/toheeb.ogunade/Workspace/cuchx-large/hf_data_manual/LMT_(IMU,Radar,Skeleton)/Training/HAU/user1/3-2-3",14.0,425.0,14043946.316,14043987.416,335.0,385.0,14043978.416,14043983.416,3,harn_anchored
user1|3|2,user1,3,2,1,Standing up,32_Stand_up,Casually,NEUT,HAU/user1/3-2-1,"/Users/toheeb.ogunade/Workspace/cuchx-large/hf_data_manual/LMT_(IMU,Radar,Skeleton)/Training/HAU/user1/3-2-1",15.0,614.0,14043275.416,14043335.316,35.0,48.0,14043277.416,14043278.716,3,harn_anchored
user1|3|2,user1,3,2,2,Standing up,32_Stand_up,Meticulously,CARE,HAU/user1/3-2-2,"/Users/toheeb.ogunade/Workspace/cuchx-large/hf_data_manual/LMT_(IMU,Radar,Skeleton)/Training/HAU/user1/3-2-2",17.0,639.0,14043663.616,14043725.816,35.0,48.0,14043665.416,14043666.716,3,harn_anchored
user1|3|2,user1,3,2,3,Standing up,32_Stand_up,Hurriedly,FAST,HAU/user1/3-2-3,"/Users/toheeb.ogunade/Workspace/cuchx-large/hf_data_manual/LMT_(IMU,Radar,Skeleton)/Training/HAU/user1/3-2-3",14.0,425.0,14043946.316,14043987.416,26.0,39.0,14043947.516,14043948.816,3,harn_anchored
user1|3|2,user1,3,2,1,Sitting down,34_Sit_down,Casually,NEUT,HAU/user1/3-2-1,"/Users/toheeb.ogunade/Workspace/cuchx-large/hf_data_manual/LMT_(IMU,Radar,Skeleton)/Training/HAU/user1/3-2-1",15.0,614.0,14043275.416,14043335.316,243.0,255.0,14043298.216,14043299.416,3,harn_anchored
user1|3|2,user1,3,2,2,Sitting down,34_Sit_down,Meticulously,CARE,HAU/user1/3-2-2,"/Users/toheeb.ogunade/Workspace/cuchx-large/hf_data_manual/LMT_(IMU,Radar,Skeleton)/Training/HAU/user1/3-2-2",17.0,639.0,14043663.616,14043725.816,256.0,269.0,14043687.516,14043688.816,3,harn_anchored
user1|3|2,user1,3,2,3,Sitting down,34_Sit_down,Hurriedly,FAST,HAU/user1/3-2-3,"/Users/toheeb.ogunade/Workspace/cuchx-large/hf_data_manual/LMT_(IMU,Radar,Skeleton)/Training/HAU/user1/3-2-3",14.0,425.0,14043946.316,14043987.416,174.0,182.0,14043962.316,14043963.116,3,harn_anchored
user1|3|2,user1,3,2,1,Lunges,35_Do_lunges,Casually,NEUT,HAU/user1/3-2-1,"/Users/toheeb.ogunade/Workspace/cuchx-large/hf_data_manual/LMT_(IMU,Radar,Skeleton)/Training/HAU/user1/3-2-1",15.0,614.0,14043275.416,14043335.316,559.0,614.0,14043329.816,14043335.316,3,harn_anchored
user1|3|2,user1,3,2,2,Lunges,35_Do_lunges,Meticulously,CARE,HAU/user1/3-2-2,"/Users/toheeb.ogunade/Workspace/cuchx-large/hf_data_manual/LMT_(IMU,Radar,Skeleton)/Training/HAU/user1/3-2-2",17.0,639.0,14043663.616,14043725.816,594.0,637.0,14043721.316,14043725.616,3,harn_anchored
user1|3|2,user1,3,2,3,Lunges,35_Do_lunges,Hurriedly,FAST,HAU/user1/3-2-3,"/Users/toheeb.ogunade/Workspace/cuchx-large/hf_data_manual/LMT_(IMU,Radar,Skeleton)/Training/HAU/user1/3-2-3",14.0,425.0,14043946.316,14043987.416,391.0,425.0,14043984.016,14043987.416,3,harn_anchored
user1|3|2,user1,3,2,1,Walking,36_Walk,Casually,NEUT,HAU/user1/3-2-1,"/Users/toheeb.ogunade/Workspace/cuchx-large/hf_data_manual/LMT_(IMU,Radar,Skeleton)/Training/HAU/user1/3-2-1",15.0,614.0,14043275.416,14043335.316,50.0,80.0,14043278.916,14043281.916,3,harn_anchored
user1|3|2,user1,3,2,2,Walking,36_Walk,Meticulously,CARE,HAU/user1/3-2-2,"/Users/toheeb.ogunade/Workspace/cuchx-large/hf_data_manual/LMT_(IMU,Radar,Skeleton)/Training/HAU/user1/3-2-2",17.0,639.0,14043663.616,14043725.816,50.0,85.0,14043666.916,14043670.416,3,harn_anchored
user1|3|2,user1,3,2,3,Walking,36_Walk,Hurriedly,FAST,HAU/user1/3-2-3,"/Users/toheeb.ogunade/Workspace/cuchx-large/hf_data_manual/LMT_(IMU,Radar,Skeleton)/Training/HAU/user1/3-2-3",14.0,425.0,14043946.316,14043987.416,39.0,52.0,14043948.816,14043950.116,3,harn_anchored
user1|4|1,user1,4,1,1,Peeling fruit,11_Peel_fruits,Casually,NEUT,HAU/user1/4-1-1,"/Users/toheeb.ogunade/Workspace/cuchx-large/hf_data_manual/LMT_(IMU,Radar,Skeleton)/Training/HAU/user1/4-1-1",21.0,763.0,14048256.016,14048330.216,76.0,183.0,14048261.516,14048272.216,3,harn_anchored
user1|4|1,user1,4,1,2,Peeling fruit,11_Peel_fruits,Seriously,CARE,HAU/user1/4-1-2,"/Users/toheeb.ogunade/Workspace/cuchx-large/hf_data_manual/LMT_(IMU,Radar,Skeleton)/Training/HAU/user1/4-1-2",18.0,625.0,14048560.716,14048621.416,71.0,179.0,14048566.016,14048576.816,3,harn_anchored
user1|4|1,user1,4,1,3,Peeling fruit,11_Peel_fruits,Quickly,FAST,HAU/user1/4-1-3,"/Users/toheeb.ogunade/Workspace/cuchx-large/hf_data_manual/LMT_(IMU,Radar,Skeleton)/Training/HAU/user1/4-1-3",17.0,392.0,14048860.616,14048898.116,48.0,83.0,14048863.716,14048867.216,3,harn_anchored
user1|4|1,user1,4,1,1,Washing dishes,14_Wipe_bowls,Casually,NEUT,HAU/user1/4-1-1,"/Users/toheeb.ogunade/Workspace/cuchx-large/hf_data_manual/LMT_(IMU,Radar,Skeleton)/Training/HAU/user1/4-1-1",21.0,763.0,14048256.016,14048330.216,734.0,763.0,14048327.316,14048330.216,3,harn_anchored
user1|4|1,user1,4,1,2,Washing dishes,14_Wipe_bowls,Seriously,CARE,HAU/user1/4-1-2,"/Users/toheeb.ogunade/Workspace/cuchx-large/hf_data_manual/LMT_(IMU,Radar,Skeleton)/Training/HAU/user1/4-1-2",18.0,625.0,14048560.716,14048621.416,594.0,625.0,14048618.316,14048621.416,3,harn_anchored
user1|4|1,user1,4,1,3,Washing dishes,14_Wipe_bowls,Quickly,FAST,HAU/user1/4-1-3,"/Users/toheeb.ogunade/Workspace/cuchx-large/hf_data_manual/LMT_(IMU,Radar,Skeleton)/Training/HAU/user1/4-1-3",17.0,392.0,14048860.616,14048898.116,370.0,392.0,14048895.916,14048898.116,3,harn_anchored
user1|4|1,user1,4,1,1,Drinking,6_Drink_water,Casually,NEUT,HAU/user1/4-1-1,"/Users/toheeb.ogunade/Workspace/cuchx-large/hf_data_manual/LMT_(IMU,Radar,Skeleton)/Training/HAU/user1/4-1-1",21.0,763.0,14048256.016,14048330.216,501.0,561.0,14048304.016,14048310.016,3,harn_anchored
user1|4|1,user1,4,1,2,Drinking,6_Drink_water,Seriously,CARE,HAU/user1/4-1-2,"/Users/toheeb.ogunade/Workspace/cuchx-large/hf_data_manual/LMT_(IMU,Radar,Skeleton)/Training/HAU/user1/4-1-2",18.0,625.0,14048560.716,14048621.416,405.0,451.0,14048599.416,14048604.016,3,harn_anchored
user1|4|1,user1,4,1,3,Drinking,6_Drink_water,Quickly,FAST,HAU/user1/4-1-3,"/Users/toheeb.ogunade/Workspace/cuchx-large/hf_data_manual/LMT_(IMU,Radar,Skeleton)/Training/HAU/user1/4-1-3",17.0,392.0,14048860.616,14048898.116,275.0,296.0,14048886.416,14048888.516,3,harn_anchored
user1|4|1,user1,4,1,1,Eating,7_Eat_food,Casually,NEUT,HAU/user1/4-1-1,"/Users/toheeb.ogunade/Workspace/cuchx-large/hf_data_manual/LMT_(IMU,Radar,Skeleton)/Training/HAU/user1/4-1-1",21.0,763.0,14048256.016,14048330.216,597.0,688.0,14048313.616,14048322.716,3,harn_anchored
user1|4|1,user1,4,1,2,Eating,7_Eat_food,Seriously,CARE,HAU/user1/4-1-2,"/Users/toheeb.ogunade/Workspace/cuchx-large/hf_data_manual/LMT_(IMU,Radar,Skeleton)/Training/HAU/user1/4-1-2",18.0,625.0,14048560.716,14048621.416,489.0,572.0,14048607.816,14048616.116,3,harn_anchored
user1|4|1,user1,4,1,3,Eating,7_Eat_food,Quickly,FAST,HAU/user1/4-1-3,"/Users/toheeb.ogunade/Workspace/cuchx-large/hf_data_manual/LMT_(IMU,Radar,Skeleton)/Training/HAU/user1/4-1-3",17.0,392.0,14048860.616,14048898.116,313.0,357.0,14048890.216,14048894.616,3,harn_anchored
user1|4|1,user1,4,1,1,Grabbing utensils,8_Take_and_use_tableware,Casually,NEUT,HAU/user1/4-1-1,"/Users/toheeb.ogunade/Workspace/cuchx-large/hf_data_manual/LMT_(IMU,Radar,Skeleton)/Training/HAU/user1/4-1-1",21.0,763.0,14048256.016,14048330.216,576.0,598.0,14048311.516,14048313.716,2,harn_anchored
user1|4|1,user1,4,1,2,Grabbing utensils,8_Take_and_use_tableware,Seriously,CARE,HAU/user1/4-1-2,"/Users/toheeb.ogunade/Workspace/cuchx-large/hf_data_manual/LMT_(IMU,Radar,Skeleton)/Training/HAU/user1/4-1-2",18.0,625.0,14048560.716,14048621.416,471.0,492.0,14048606.016,14048608.116,2,harn_anchored
user1|4|1,user1,4,1,1,Pouring,9_Pour_drinks,Casually,NEUT,HAU/user1/4-1-1,"/Users/toheeb.ogunade/Workspace/cuchx-large/hf_data_manual/LMT_(IMU,Radar,Skeleton)/Training/HAU/user1/4-1-1",21.0,763.0,14048256.016,14048330.216,398.0,472.0,14048293.716,14048301.116,3,harn_anchored
user1|4|1,user1,4,1,2,Pouring,9_Pour_drinks,Seriously,CARE,HAU/user1/4-1-2,"/Users/toheeb.ogunade/Workspace/cuchx-large/hf_data_manual/LMT_(IMU,Radar,Skeleton)/Training/HAU/user1/4-1-2",18.0,625.0,14048560.716,14048621.416,301.0,372.0,14048589.016,14048596.116,3,harn_anchored
user1|4|1,user1,4,1,3,Pouring,9_Pour_drinks,Quickly,FAST,HAU/user1/4-1-3,"/Users/toheeb.ogunade/Workspace/cuchx-large/hf_data_manual/LMT_(IMU,Radar,Skeleton)/Training/HAU/user1/4-1-3",17.0,392.0,14048860.616,14048898.116,154.0,224.0,14048874.316,14048881.316,3,harn_anchored
user1|5|1,user1,5,1,1,Checking the time,20_Check_the_time,Gently,SLOW,HAU/user1/5-1-1,"/Users/toheeb.ogunade/Workspace/cuchx-large/hf_data_manual/LMT_(IMU,Radar,Skeleton)/Training/HAU/user1/5-1-1",16.0,437.0,14050098.516,14050140.616,301.0,317.0,14050127.016,14050128.616,3,harn_anchored
user1|5|1,user1,5,1,2,Checking the time,20_Check_the_time,Steadily,NEUT,HAU/user1/5-1-2,"/Users/toheeb.ogunade/Workspace/cuchx-large/hf_data_manual/LMT_(IMU,Radar,Skeleton)/Training/HAU/user1/5-1-2",21.0,484.0,14050555.016,14050601.316,341.0,380.0,14050587.016,14050590.916,3,harn_anchored
user1|5|1,user1,5,1,3,Checking the time,20_Check_the_time,Anxiously,NERV,HAU/user1/5-1-3,"/Users/toheeb.ogunade/Workspace/cuchx-large/hf_data_manual/LMT_(IMU,Radar,Skeleton)/Training/HAU/user1/5-1-3",18.0,355.0,14050831.716,14050865.416,253.0,277.0,14050855.216,14050857.616,3,harn_anchored
user1|5|1,user1,5,1,1,Listening to the music with headphones,23_Listen_to_music_with_headphones,Gently,SLOW,HAU/user1/5-1-1,"/Users/toheeb.ogunade/Workspace/cuchx-large/hf_data_manual/LMT_(IMU,Radar,Skeleton)/Training/HAU/user1/5-1-1",16.0,437.0,14050098.516,14050140.616,145.0,192.0,14050111.416,14050116.116,3,harn_anchored
user1|5|1,user1,5,1,2,Listening to the music with headphones,23_Listen_to_music_with_headphones,Steadily,NEUT,HAU/user1/5-1-2,"/Users/toheeb.ogunade/Workspace/cuchx-large/hf_data_manual/LMT_(IMU,Radar,Skeleton)/Training/HAU/user1/5-1-2",21.0,484.0,14050555.016,14050601.316,230.0,245.0,14050575.916,14050577.416,3,harn_anchored
user1|5|1,user1,5,1,3,Listening to the music with headphones,23_Listen_to_music_with_headphones,Anxiously,NERV,HAU/user1/5-1-3,"/Users/toheeb.ogunade/Workspace/cuchx-large/hf_data_manual/LMT_(IMU,Radar,Skeleton)/Training/HAU/user1/5-1-3",18.0,355.0,14050831.716,14050865.416,190.0,196.0,14050848.916,14050849.516,3,harn_anchored
user1|5|1,user1,5,1,1,Watching TV,25_Watch_TV,Gently,SLOW,HAU/user1/5-1-1,"/Users/toheeb.ogunade/Workspace/cuchx-large/hf_data_manual/LMT_(IMU,Radar,Skeleton)/Training/HAU/user1/5-1-1",16.0,437.0,14050098.516,14050140.616,380.0,437.0,14050134.916,14050140.616,3,harn_anchored
user1|5|1,user1,5,1,2,Watching TV,25_Watch_TV,Steadily,NEUT,HAU/user1/5-1-2,"/Users/toheeb.ogunade/Workspace/cuchx-large/hf_data_manual/LMT_(IMU,Radar,Skeleton)/Training/HAU/user1/5-1-2",21.0,484.0,14050555.016,14050601.316,448.0,484.0,14050597.716,14050601.316,3,harn_anchored
user1|5|1,user1,5,1,3,Watching TV,25_Watch_TV,Anxiously,NERV,HAU/user1/5-1-3,"/Users/toheeb.ogunade/Workspace/cuchx-large/hf_data_manual/LMT_(IMU,Radar,Skeleton)/Training/HAU/user1/5-1-3",18.0,355.0,14050831.716,14050865.416,314.0,353.0,14050861.316,14050865.216,3,harn_anchored
user1|5|1,user1,5,1,1,Taking a selfie,27_Take_a_selfie,Gently,SLOW,HAU/user1/5-1-1,"/Users/toheeb.ogunade/Workspace/cuchx-large/hf_data_manual/LMT_(IMU,Radar,Skeleton)/Training/HAU/user1/5-1-1",16.0,437.0,14050098.516,14050140.616,56.0,131.0,14050102.516,14050110.016,3,harn_anchored
user1|5|1,user1,5,1,2,Taking a selfie,27_Take_a_selfie,Steadily,NEUT,HAU/user1/5-1-2,"/Users/toheeb.ogunade/Workspace/cuchx-large/hf_data_manual/LMT_(IMU,Radar,Skeleton)/Training/HAU/user1/5-1-2",21.0,484.0,14050555.016,14050601.316,82.0,234.0,14050561.116,14050576.316,3,harn_anchored
user1|5|1,user1,5,1,3,Taking a selfie,27_Take_a_selfie,Anxiously,NERV,HAU/user1/5-1-3,"/Users/toheeb.ogunade/Workspace/cuchx-large/hf_data_manual/LMT_(IMU,Radar,Skeleton)/Training/HAU/user1/5-1-3",18.0,355.0,14050831.716,14050865.416,70.0,174.0,14050836.916,14050847.316,3,harn_anchored
user1|5|1,user1,5,1,1,Drinking,6_Drink_water,Gently,SLOW,HAU/user1/5-1-1,"/Users/toheeb.ogunade/Workspace/cuchx-large/hf_data_manual/LMT_(IMU,Radar,Skeleton)/Training/HAU/user1/5-1-1",16.0,437.0,14050098.516,14050140.616,245.0,278.0,14050121.416,14050124.716,3,harn_anchored
user1|5|1,user1,5,1,2,Drinking,6_Drink_water,Steadily,NEUT,HAU/user1/5-1-2,"/Users/toheeb.ogunade/Workspace/cuchx-large/hf_data_manual/LMT_(IMU,Radar,Skeleton)/Training/HAU/user1/5-1-2",21.0,484.0,14050555.016,14050601.316,290.0,318.0,14050581.916,14050584.716,3,harn_anchored
user1|5|1,user1,5,1,3,Drinking,6_Drink_water,Anxiously,NERV,HAU/user1/5-1-3,"/Users/toheeb.ogunade/Workspace/cuchx-large/hf_data_manual/LMT_(IMU,Radar,Skeleton)/Training/HAU/user1/5-1-3",18.0,355.0,14050831.716,14050865.416,219.0,233.0,14050851.816,14050853.216,3,harn_anchored
user1|5|1,user1,5,1,1,Grabbing utensils,8_Take_and_use_tableware,Gently,SLOW,HAU/user1/5-1-1,"/Users/toheeb.ogunade/Workspace/cuchx-large/hf_data_manual/LMT_(IMU,Radar,Skeleton)/Training/HAU/user1/5-1-1",16.0,437.0,14050098.516,14050140.616,224.0,245.0,14050119.316,14050121.416,3,harn_anchored
user1|5|1,user1,5,1,2,Grabbing utensils,8_Take_and_use_tableware,Steadily,NEUT,HAU/user1/5-1-2,"/Users/toheeb.ogunade/Workspace/cuchx-large/hf_data_manual/LMT_(IMU,Radar,Skeleton)/Training/HAU/user1/5-1-2",21.0,484.0,14050555.016,14050601.316,271.0,285.0,14050580.016,14050581.416,3,harn_anchored
user1|5|1,user1,5,1,3,Grabbing utensils,8_Take_and_use_tableware,Anxiously,NERV,HAU/user1/5-1-3,"/Users/toheeb.ogunade/Workspace/cuchx-large/hf_data_manual/LMT_(IMU,Radar,Skeleton)/Training/HAU/user1/5-1-3",18.0,355.0,14050831.716,14050865.416,207.0,219.0,14050850.616,14050851.816,3,harn_anchored
user1|6|1,user1,6,1,1,Peeling fruit,11_Peel_fruits,Slowly,SLOW,HAU/user1/6-1-1,"/Users/toheeb.ogunade/Workspace/cuchx-large/hf_data_manual/LMT_(IMU,Radar,Skeleton)/Training/HAU/user1/6-1-1",19.0,145.0,14151397.816,14151410.416,82.0,117.0,14151404.116,14151407.616,3,harn_anchored
user1|6|1,user1,6,1,2,Peeling fruit,11_Peel_fruits,Evenly,NEUT,HAU/user1/6-1-2,"/Users/toheeb.ogunade/Workspace/cuchx-large/hf_data_manual/LMT_(IMU,Radar,Skeleton)/Training/HAU/user1/6-1-2",14.0,117.0,14151258.316,14151268.616,56.0,84.0,14151262.516,14151265.316,3,harn_anchored
user1|6|1,user1,6,1,3,Peeling fruit,11_Peel_fruits,Quickly,FAST,HAU/user1/6-1-3,"/Users/toheeb.ogunade/Workspace/cuchx-large/hf_data_manual/LMT_(IMU,Radar,Skeleton)/Training/HAU/user1/6-1-3",10.0,73.0,14151458.916,14151465.216,34.0,45.0,14151461.316,14151462.416,3,harn_anchored
user1|6|1,user1,6,1,1,Walking,36_Walk,Slowly,SLOW,HAU/user1/6-1-1,"/Users/toheeb.ogunade/Workspace/cuchx-large/hf_data_manual/LMT_(IMU,Radar,Skeleton)/Training/HAU/user1/6-1-1",19.0,145.0,14151397.816,14151410.416,37.0,53.0,14151399.616,14151401.216,3,harn_anchored
user1|6|1,user1,6,1,2,Walking,36_Walk,Evenly,NEUT,HAU/user1/6-1-2,"/Users/toheeb.ogunade/Workspace/cuchx-large/hf_data_manual/LMT_(IMU,Radar,Skeleton)/Training/HAU/user1/6-1-2",14.0,117.0,14151258.316,14151268.616,28.0,39.0,14151259.716,14151260.816,3,harn_anchored
user1|6|1,user1,6,1,3,Walking,36_Walk,Quickly,FAST,HAU/user1/6-1-3,"/Users/toheeb.ogunade/Workspace/cuchx-large/hf_data_manual/LMT_(IMU,Radar,Skeleton)/Training/HAU/user1/6-1-3",10.0,73.0,14151458.916,14151465.216,17.0,25.0,14151459.616,14151460.416,3,harn_anchored
user1|6|1,user1,6,1,1,Eating,7_Eat_food,Slowly,SLOW,HAU/user1/6-1-1,"/Users/toheeb.ogunade/Workspace/cuchx-large/hf_data_manual/LMT_(IMU,Radar,Skeleton)/Training/HAU/user1/6-1-1",19.0,145.0,14151397.816,14151410.416,119.0,145.0,14151407.816,14151410.416,3,harn_anchored
user1|6|1,user1,6,1,2,Eating,7_Eat_food,Evenly,NEUT,HAU/user1/6-1-2,"/Users/toheeb.ogunade/Workspace/cuchx-large/hf_data_manual/LMT_(IMU,Radar,Skeleton)/Training/HAU/user1/6-1-2",14.0,117.0,14151258.316,14151268.616,85.0,117.0,14151265.416,14151268.616,3,harn_anchored
user1|6|1,user1,6,1,3,Eating,7_Eat_food,Quickly,FAST,HAU/user1/6-1-3,"/Users/toheeb.ogunade/Workspace/cuchx-large/hf_data_manual/LMT_(IMU,Radar,Skeleton)/Training/HAU/user1/6-1-3",10.0,73.0,14151458.916,14151465.216,46.0,64.0,14151462.516,14151464.316,3,harn_anchored
user1|6|2,user1,6,2,1,Sweeping,12_Sweep_the_floor,Leisurely,SLOW,HAU/user1/6-2-1,"/Users/toheeb.ogunade/Workspace/cuchx-large/hf_data_manual/LMT_(IMU,Radar,Skeleton)/Training/HAU/user1/6-2-1",15.0,319.0,14051150.416,14051180.816,97.0,202.0,14051158.616,14051169.116,3,harn_anchored
user1|6|2,user1,6,2,2,Sweeping,12_Sweep_the_floor,Orderly,CARE,HAU/user1/6-2-2,"/Users/toheeb.ogunade/Workspace/cuchx-large/hf_data_manual/LMT_(IMU,Radar,Skeleton)/Training/HAU/user1/6-2-2",20.0,304.0,14051381.916,14051410.316,93.0,186.0,14051389.216,14051398.516,3,harn_anchored
user1|6|2,user1,6,2,3,Sweeping,12_Sweep_the_floor,Hurriedly,FAST,HAU/user1/6-2-3,"/Users/toheeb.ogunade/Workspace/cuchx-large/hf_data_manual/LMT_(IMU,Radar,Skeleton)/Training/HAU/user1/6-2-3",19.0,220.0,14051563.816,14051583.916,82.0,148.0,14051570.116,14051576.716,3,harn_anchored
user1|6|2,user1,6,2,1,Reading,21_Read_documents,Leisurely,SLOW,HAU/user1/6-2-1,"/Users/toheeb.ogunade/Workspace/cuchx-large/hf_data_manual/LMT_(IMU,Radar,Skeleton)/Training/HAU/user1/6-2-1",15.0,319.0,14051150.416,14051180.816,268.0,297.0,14051175.716,14051178.616,3,harn_anchored
user1|6|2,user1,6,2,2,Reading,21_Read_documents,Orderly,CARE,HAU/user1/6-2-2,"/Users/toheeb.ogunade/Workspace/cuchx-large/hf_data_manual/LMT_(IMU,Radar,Skeleton)/Training/HAU/user1/6-2-2",20.0,304.0,14051381.916,14051410.316,294.0,304.0,14051409.316,14051410.316,3,harn_anchored
user1|6|2,user1,6,2,3,Reading,21_Read_documents,Hurriedly,FAST,HAU/user1/6-2-3,"/Users/toheeb.ogunade/Workspace/cuchx-large/hf_data_manual/LMT_(IMU,Radar,Skeleton)/Training/HAU/user1/6-2-3",19.0,220.0,14051563.816,14051583.916,202.0,211.0,14051582.116,14051583.016,3,harn_anchored
user1|6|2,user1,6,2,1,Turning a page,22_Turn_pages,Leisurely,SLOW,HAU/user1/6-2-1,"/Users/toheeb.ogunade/Workspace/cuchx-large/hf_data_manual/LMT_(IMU,Radar,Skeleton)/Training/HAU/user1/6-2-1",15.0,319.0,14051150.416,14051180.816,281.0,310.0,14051177.016,14051179.916,3,harn_anchored
user1|6|2,user1,6,2,2,Turning a page,22_Turn_pages,Orderly,CARE,HAU/user1/6-2-2,"/Users/toheeb.ogunade/Workspace/cuchx-large/hf_data_manual/LMT_(IMU,Radar,Skeleton)/Training/HAU/user1/6-2-2",20.0,304.0,14051381.916,14051410.316,282.0,300.0,14051408.116,14051409.916,3,harn_anchored
user1|6|2,user1,6,2,3,Turning a page,22_Turn_pages,Hurriedly,FAST,HAU/user1/6-2-3,"/Users/toheeb.ogunade/Workspace/cuchx-large/hf_data_manual/LMT_(IMU,Radar,Skeleton)/Training/HAU/user1/6-2-3",19.0,220.0,14051563.816,14051583.916,179.0,215.0,14051579.816,14051583.416,3,harn_anchored
user1|6|2,user1,6,2,1,Standing up,32_Stand_up,Leisurely,SLOW,HAU/user1/6-2-1,"/Users/toheeb.ogunade/Workspace/cuchx-large/hf_data_manual/LMT_(IMU,Radar,Skeleton)/Training/HAU/user1/6-2-1",15.0,319.0,14051150.416,14051180.816,42.0,56.0,14051153.116,14051154.516,3,harn_anchored
user1|6|2,user1,6,2,2,Standing up,32_Stand_up,Orderly,CARE,HAU/user1/6-2-2,"/Users/toheeb.ogunade/Workspace/cuchx-large/hf_data_manual/LMT_(IMU,Radar,Skeleton)/Training/HAU/user1/6-2-2",20.0,304.0,14051381.916,14051410.316,45.0,57.0,14051384.416,14051385.616,3,harn_anchored
user1|6|2,user1,6,2,3,Standing up,32_Stand_up,Hurriedly,FAST,HAU/user1/6-2-3,"/Users/toheeb.ogunade/Workspace/cuchx-large/hf_data_manual/LMT_(IMU,Radar,Skeleton)/Training/HAU/user1/6-2-3",19.0,220.0,14051563.816,14051583.916,50.0,59.0,14051566.916,14051567.816,3,harn_anchored
user1|6|2,user1,6,2,1,Sitting down,34_Sit_down,Leisurely,SLOW,HAU/user1/6-2-1,"/Users/toheeb.ogunade/Workspace/cuchx-large/hf_data_manual/LMT_(IMU,Radar,Skeleton)/Training/HAU/user1/6-2-1",15.0,319.0,14051150.416,14051180.816,235.0,243.0,14051172.416,14051173.216,3,harn_anchored
user1|6|2,user1,6,2,2,Sitting down,34_Sit_down,Orderly,CARE,HAU/user1/6-2-2,"/Users/toheeb.ogunade/Workspace/cuchx-large/hf_data_manual/LMT_(IMU,Radar,Skeleton)/Training/HAU/user1/6-2-2",20.0,304.0,14051381.916,14051410.316,229.0,243.0,14051402.816,14051404.216,3,harn_anchored
user1|6|2,user1,6,2,3,Sitting down,34_Sit_down,Hurriedly,FAST,HAU/user1/6-2-3,"/Users/toheeb.ogunade/Workspace/cuchx-large/hf_data_manual/LMT_(IMU,Radar,Skeleton)/Training/HAU/user1/6-2-3",19.0,220.0,14051563.816,14051583.916,165.0,172.0,14051578.416,14051579.116,3,harn_anchored
user1|6|2,user1,6,2,1,Walking,36_Walk,Leisurely,SLOW,HAU/user1/6-2-1,"/Users/toheeb.ogunade/Workspace/cuchx-large/hf_data_manual/LMT_(IMU,Radar,Skeleton)/Training/HAU/user1/6-2-1",15.0,319.0,14051150.416,14051180.816,62.0,91.0,14051155.116,14051158.016,3,harn_anchored
user1|6|2,user1,6,2,2,Walking,36_Walk,Orderly,CARE,HAU/user1/6-2-2,"/Users/toheeb.ogunade/Workspace/cuchx-large/hf_data_manual/LMT_(IMU,Radar,Skeleton)/Training/HAU/user1/6-2-2",20.0,304.0,14051381.916,14051410.316,61.0,84.0,14051386.016,14051388.316,3,harn_anchored
user1|6|2,user1,6,2,3,Walking,36_Walk,Hurriedly,FAST,HAU/user1/6-2-3,"/Users/toheeb.ogunade/Workspace/cuchx-large/hf_data_manual/LMT_(IMU,Radar,Skeleton)/Training/HAU/user1/6-2-3",19.0,220.0,14051563.816,14051583.916,59.0,74.0,14051567.816,14051569.316,3,harn_anchored
user1|7|1,user1,7,1,1,Stretching,31_Do_stretching_exercises,Slowly,SLOW,HAU/user1/7-1-1,"/Users/toheeb.ogunade/Workspace/cuchx-large/hf_data_manual/LMT_(IMU,Radar,Skeleton)/Training/HAU/user1/7-1-1",26.0,457.0,14052206.516,14052249.616,408.0,457.0,14052244.716,14052249.616,3,harn_anchored
user1|7|1,user1,7,1,2,Stretching,31_Do_stretching_exercises,Calmly,SLOW,HAU/user1/7-1-2,"/Users/toheeb.ogunade/Workspace/cuchx-large/hf_data_manual/LMT_(IMU,Radar,Skeleton)/Training/HAU/user1/7-1-2",32.0,437.0,14052470.116,14052510.616,368.0,437.0,14052503.716,14052510.616,3,harn_anchored
user1|7|1,user1,7,1,3,Stretching,31_Do_stretching_exercises,Anxiously,NERV,HAU/user1/7-1-3,"/Users/toheeb.ogunade/Workspace/cuchx-large/hf_data_manual/LMT_(IMU,Radar,Skeleton)/Training/HAU/user1/7-1-3",27.0,287.0,14052657.616,14052683.616,249.0,287.0,14052679.816,14052683.616,3,harn_anchored
user1|7|1,user1,7,1,1,Sitting down,34_Sit_down,Slowly,SLOW,HAU/user1/7-1-1,"/Users/toheeb.ogunade/Workspace/cuchx-large/hf_data_manual/LMT_(IMU,Radar,Skeleton)/Training/HAU/user1/7-1-1",26.0,457.0,14052206.516,14052249.616,66.0,82.0,14052210.516,14052212.116,3,harn_anchored
user1|7|1,user1,7,1,2,Sitting down,34_Sit_down,Calmly,SLOW,HAU/user1/7-1-2,"/Users/toheeb.ogunade/Workspace/cuchx-large/hf_data_manual/LMT_(IMU,Radar,Skeleton)/Training/HAU/user1/7-1-2",32.0,437.0,14052470.116,14052510.616,66.0,85.0,14052473.516,14052475.416,3,harn_anchored
user1|7|1,user1,7,1,3,Sitting down,34_Sit_down,Anxiously,NERV,HAU/user1/7-1-3,"/Users/toheeb.ogunade/Workspace/cuchx-large/hf_data_manual/LMT_(IMU,Radar,Skeleton)/Training/HAU/user1/7-1-3",27.0,287.0,14052657.616,14052683.616,46.0,56.0,14052659.516,14052660.516,3,harn_anchored
user1|7|1,user1,7,1,1,Massaging oneself,38_Massage_oneself,Slowly,SLOW,HAU/user1/7-1-1,"/Users/toheeb.ogunade/Workspace/cuchx-large/hf_data_manual/LMT_(IMU,Radar,Skeleton)/Training/HAU/user1/7-1-1",26.0,457.0,14052206.516,14052249.616,263.0,329.0,14052230.216,14052236.816,3,harn_anchored
user1|7|1,user1,7,1,2,Massaging oneself,38_Massage_oneself,Calmly,SLOW,HAU/user1/7-1-2,"/Users/toheeb.ogunade/Workspace/cuchx-large/hf_data_manual/LMT_(IMU,Radar,Skeleton)/Training/HAU/user1/7-1-2",32.0,437.0,14052470.116,14052510.616,260.0,316.0,14052492.916,14052498.516,3,harn_anchored
user1|7|1,user1,7,1,3,Massaging oneself,38_Massage_oneself,Anxiously,NERV,HAU/user1/7-1-3,"/Users/toheeb.ogunade/Workspace/cuchx-large/hf_data_manual/LMT_(IMU,Radar,Skeleton)/Training/HAU/user1/7-1-3",27.0,287.0,14052657.616,14052683.616,169.0,218.0,14052671.816,14052676.716,3,harn_anchored
user16|1|1,user16,1,1,1,Washing face,0_Wash_face,Softly,SLOW,HAU/user16/1-1-1,"/Users/toheeb.ogunade/Workspace/cuchx-large/hf_data_manual/LMT_(IMU,Radar,Skeleton)/Training/HAU/user16/1-1-1",29.0,197.0,16973016.816,16973033.616,151.0,197.0,16973029.016,16973033.616,3,harn_anchored
user16|1|1,user16,1,1,2,Washing face,0_Wash_face,Calmly,SLOW,HAU/user16/1-1-2,"/Users/toheeb.ogunade/Workspace/cuchx-large/hf_data_manual/LMT_(IMU,Radar,Skeleton)/Training/HAU/user16/1-1-2",25.0,197.0,16973113.416,16973130.616,143.0,197.0,16973125.216,16973130.616,3,harn_anchored
user16|1|1,user16,1,1,3,Washing face,0_Wash_face,Hurriedly,FAST,HAU/user16/1-1-3,"/Users/toheeb.ogunade/Workspace/cuchx-large/hf_data_manual/LMT_(IMU,Radar,Skeleton)/Training/HAU/user16/1-1-3",30.0,98.0,16973192.916,16973199.716,77.0,98.0,16973197.616,16973199.716,3,harn_anchored
user16|1|1,user16,1,1,1,Brushing teeth,1_Brush_teeth,Softly,SLOW,HAU/user16/1-1-1,"/Users/toheeb.ogunade/Workspace/cuchx-large/hf_data_manual/LMT_(IMU,Radar,Skeleton)/Training/HAU/user16/1-1-1",29.0,197.0,16973016.816,16973033.616,96.0,127.0,16973023.516,16973026.616,3,harn_anchored
user16|1|1,user16,1,1,2,Brushing teeth,1_Brush_teeth,Calmly,SLOW,HAU/user16/1-1-2,"/Users/toheeb.ogunade/Workspace/cuchx-large/hf_data_manual/LMT_(IMU,Radar,Skeleton)/Training/HAU/user16/1-1-2",25.0,197.0,16973113.416,16973130.616,61.0,118.0,16973117.016,16973122.716,3,harn_anchored
user16|1|1,user16,1,1,3,Brushing teeth,1_Brush_teeth,Hurriedly,FAST,HAU/user16/1-1-3,"/Users/toheeb.ogunade/Workspace/cuchx-large/hf_data_manual/LMT_(IMU,Radar,Skeleton)/Training/HAU/user16/1-1-3",30.0,98.0,16973192.916,16973199.716,50.0,68.0,16973194.916,16973196.716,3,harn_anchored
user16|1|1,user16,1,1,1,Walking,36_Walk,Softly,SLOW,HAU/user16/1-1-1,"/Users/toheeb.ogunade/Workspace/cuchx-large/hf_data_manual/LMT_(IMU,Radar,Skeleton)/Training/HAU/user16/1-1-1",29.0,197.0,16973016.816,16973033.616,38.0,80.0,16973017.716,16973021.916,3,harn_anchored
user16|1|1,user16,1,1,2,Walking,36_Walk,Calmly,SLOW,HAU/user16/1-1-2,"/Users/toheeb.ogunade/Workspace/cuchx-large/hf_data_manual/LMT_(IMU,Radar,Skeleton)/Training/HAU/user16/1-1-2",25.0,197.0,16973113.416,16973130.616,38.0,49.0,16973114.716,16973115.816,3,harn_anchored
user16|1|1,user16,1,1,3,Walking,36_Walk,Hurriedly,FAST,HAU/user16/1-1-3,"/Users/toheeb.ogunade/Workspace/cuchx-large/hf_data_manual/LMT_(IMU,Radar,Skeleton)/Training/HAU/user16/1-1-3",30.0,98.0,16973192.916,16973199.716,34.0,44.0,16973193.316,16973194.316,3,harn_anchored
user16|1|2,user16,1,2,1,Stirring,10_Stir_drinks,Slowly,SLOW,HAU/user16/1-2-1,"/Users/toheeb.ogunade/Workspace/cuchx-large/hf_data_manual/LMT_(IMU,Radar,Skeleton)/Training/HAU/user16/1-2-1",17.0,204.0,17072297.616,17072316.316,154.0,174.0,17072311.316,17072313.316,3,harn_anchored
user16|1|2,user16,1,2,2,Stirring,10_Stir_drinks,Peacefully,SLOW,HAU/user16/1-2-2,"/Users/toheeb.ogunade/Workspace/cuchx-large/hf_data_manual/LMT_(IMU,Radar,Skeleton)/Training/HAU/user16/1-2-2",20.0,257.0,17072385.916,17072409.616,196.0,221.0,17072403.516,17072406.016,3,harn_anchored
user16|1|2,user16,1,2,3,Stirring,10_Stir_drinks,Hurriedly,FAST,HAU/user16/1-2-3,"/Users/toheeb.ogunade/Workspace/cuchx-large/hf_data_manual/LMT_(IMU,Radar,Skeleton)/Training/HAU/user16/1-2-3",3.0,138.0,17072477.216,17072490.716,102.0,116.0,17072487.116,17072488.516,3,harn_anchored
user16|1|2,user16,1,2,1,Peeling fruit,11_Peel_fruits,Slowly,SLOW,HAU/user16/1-2-1,"/Users/toheeb.ogunade/Workspace/cuchx-large/hf_data_manual/LMT_(IMU,Radar,Skeleton)/Training/HAU/user16/1-2-1",17.0,204.0,17072297.616,17072316.316,17.0,66.0,17072297.616,17072302.516,3,harn_anchored
user16|1|2,user16,1,2,2,Peeling fruit,11_Peel_fruits,Peacefully,SLOW,HAU/user16/1-2-2,"/Users/toheeb.ogunade/Workspace/cuchx-large/hf_data_manual/LMT_(IMU,Radar,Skeleton)/Training/HAU/user16/1-2-2",20.0,257.0,17072385.916,17072409.616,20.0,71.0,17072385.916,17072391.016,3,harn_anchored
user16|1|2,user16,1,2,3,Peeling fruit,11_Peel_fruits,Hurriedly,FAST,HAU/user16/1-2-3,"/Users/toheeb.ogunade/Workspace/cuchx-large/hf_data_manual/LMT_(IMU,Radar,Skeleton)/Training/HAU/user16/1-2-3",3.0,138.0,17072477.216,17072490.716,3.0,26.0,17072477.216,17072479.516,3,harn_anchored
user16|1|2,user16,1,2,1,Drinking,6_Drink_water,Slowly,SLOW,HAU/user16/1-2-1,"/Users/toheeb.ogunade/Workspace/cuchx-large/hf_data_manual/LMT_(IMU,Radar,Skeleton)/Training/HAU/user16/1-2-1",17.0,204.0,17072297.616,17072316.316,180.0,204.0,17072313.916,17072316.316,3,harn_anchored
user16|1|2,user16,1,2,2,Drinking,6_Drink_water,Peacefully,SLOW,HAU/user16/1-2-2,"/Users/toheeb.ogunade/Workspace/cuchx-large/hf_data_manual/LMT_(IMU,Radar,Skeleton)/Training/HAU/user16/1-2-2",20.0,257.0,17072385.916,17072409.616,229.0,257.0,17072406.816,17072409.616,3,harn_anchored
user16|1|2,user16,1,2,3,Drinking,6_Drink_water,Hurriedly,FAST,HAU/user16/1-2-3,"/Users/toheeb.ogunade/Workspace/cuchx-large/hf_data_manual/LMT_(IMU,Radar,Skeleton)/Training/HAU/user16/1-2-3",3.0,138.0,17072477.216,17072490.716,119.0,138.0,17072488.816,17072490.716,3,harn_anchored
user16|1|2,user16,1,2,1,Eating,7_Eat_food,Slowly,SLOW,HAU/user16/1-2-1,"/Users/toheeb.ogunade/Workspace/cuchx-large/hf_data_manual/LMT_(IMU,Radar,Skeleton)/Training/HAU/user16/1-2-1",17.0,204.0,17072297.616,17072316.316,73.0,94.0,17072303.216,17072305.316,3,harn_anchored
user16|1|2,user16,1,2,2,Eating,7_Eat_food,Peacefully,SLOW,HAU/user16/1-2-2,"/Users/toheeb.ogunade/Workspace/cuchx-large/hf_data_manual/LMT_(IMU,Radar,Skeleton)/Training/HAU/user16/1-2-2",20.0,257.0,17072385.916,17072409.616,78.0,103.0,17072391.716,17072394.216,3,harn_anchored
user16|1|2,user16,1,2,3,Eating,7_Eat_food,Hurriedly,FAST,HAU/user16/1-2-3,"/Users/toheeb.ogunade/Workspace/cuchx-large/hf_data_manual/LMT_(IMU,Radar,Skeleton)/Training/HAU/user16/1-2-3",3.0,138.0,17072477.216,17072490.716,29.0,51.0,17072479.816,17072482.016,3,harn_anchored
user16|1|2,user16,1,2,1,Pouring,9_Pour_drinks,Slowly,SLOW,HAU/user16/1-2-1,"/Users/toheeb.ogunade/Workspace/cuchx-large/hf_data_manual/LMT_(IMU,Radar,Skeleton)/Training/HAU/user16/1-2-1",17.0,204.0,17072297.616,17072316.316,106.0,142.0,17072306.516,17072310.116,3,harn_anchored
user16|1|2,user16,1,2,2,Pouring,9_Pour_drinks,Peacefully,SLOW,HAU/user16/1-2-2,"/Users/toheeb.ogunade/Workspace/cuchx-large/hf_data_manual/LMT_(IMU,Radar,Skeleton)/Training/HAU/user16/1-2-2",20.0,257.0,17072385.916,17072409.616,126.0,181.0,17072396.516,17072402.016,3,harn_anchored
user16|1|2,user16,1,2,3,Pouring,9_Pour_drinks,Hurriedly,FAST,HAU/user16/1-2-3,"/Users/toheeb.ogunade/Workspace/cuchx-large/hf_data_manual/LMT_(IMU,Radar,Skeleton)/Training/HAU/user16/1-2-3",3.0,138.0,17072477.216,17072490.716,60.0,90.0,17072482.916,17072485.916,3,harn_anchored
user16|2|1,user16,2,1,1,Stirring,10_Stir_drinks,Leisurely,SLOW,HAU/user16/2-1-1,"/Users/toheeb.ogunade/Workspace/cuchx-large/hf_data_manual/LMT_(IMU,Radar,Skeleton)/Training/HAU/user16/2-1-1",21.0,193.0,17072623.016,17072640.216,162.0,192.0,17072637.116,17072640.116,3,harn_anchored
user16|2|1,user16,2,1,2,Stirring,10_Stir_drinks,Calmly,SLOW,HAU/user16/2-1-2,"/Users/toheeb.ogunade/Workspace/cuchx-large/hf_data_manual/LMT_(IMU,Radar,Skeleton)/Training/HAU/user16/2-1-2",19.0,141.0,17072723.816,17072736.016,124.0,141.0,17072734.316,17072736.016,3,harn_anchored
user16|2|1,user16,2,1,3,Stirring,10_Stir_drinks,Quickly,FAST,HAU/user16/2-1-3,"/Users/toheeb.ogunade/Workspace/cuchx-large/hf_data_manual/LMT_(IMU,Radar,Skeleton)/Training/HAU/user16/2-1-3",20.0,112.0,17072806.916,17072816.116,99.0,112.0,17072814.816,17072816.116,3,harn_anchored
user16|2|1,user16,2,1,1,Pouring,9_Pour_drinks,Leisurely,SLOW,HAU/user16/2-1-1,"/Users/toheeb.ogunade/Workspace/cuchx-large/hf_data_manual/LMT_(IMU,Radar,Skeleton)/Training/HAU/user16/2-1-1",21.0,193.0,17072623.016,17072640.216,100.0,140.0,17072630.916,17072634.916,3,harn_anchored
user16|2|1,user16,2,1,2,Pouring,9_Pour_drinks,Calmly,SLOW,HAU/user16/2-1-2,"/Users/toheeb.ogunade/Workspace/cuchx-large/hf_data_manual/LMT_(IMU,Radar,Skeleton)/Training/HAU/user16/2-1-2",19.0,141.0,17072723.816,17072736.016,82.0,101.0,17072730.116,17072732.016,3,harn_anchored
user16|2|1,user16,2,1,3,Pouring,9_Pour_drinks,Quickly,FAST,HAU/user16/2-1-3,"/Users/toheeb.ogunade/Workspace/cuchx-large/hf_data_manual/LMT_(IMU,Radar,Skeleton)/Training/HAU/user16/2-1-3",20.0,112.0,17072806.916,17072816.116,61.0,84.0,17072811.016,17072813.316,3,harn_anchored
user16|2|2,user16,2,2,1,Combing hair,2_Comb_hair,Slowly,SLOW,HAU/user16/2-2-1,"/Users/toheeb.ogunade/Workspace/cuchx-large/hf_data_manual/LMT_(IMU,Radar,Skeleton)/Training/HAU/user16/2-2-1",22.0,117.0,16973301.116,16973310.616,86.0,117.0,16973307.516,16973310.616,3,harn_anchored
user16|2|2,user16,2,2,2,Combing hair,2_Comb_hair,Seriously,CARE,HAU/user16/2-2-2,"/Users/toheeb.ogunade/Workspace/cuchx-large/hf_data_manual/LMT_(IMU,Radar,Skeleton)/Training/HAU/user16/2-2-2",3.0,90.0,16973487.216,16973495.916,46.0,90.0,16973491.516,16973495.916,3,harn_anchored
user16|2|2,user16,2,2,3,Combing hair,2_Comb_hair,Hastily,FAST,HAU/user16/2-2-3,"/Users/toheeb.ogunade/Workspace/cuchx-large/hf_data_manual/LMT_(IMU,Radar,Skeleton)/Training/HAU/user16/2-2-3",24.0,74.0,16973574.316,16973579.316,58.0,74.0,16973577.716,16973579.316,3,harn_anchored
user16|2|2,user16,2,2,1,Wiping hands,4_Wipe_hands,Slowly,SLOW,HAU/user16/2-2-1,"/Users/toheeb.ogunade/Workspace/cuchx-large/hf_data_manual/LMT_(IMU,Radar,Skeleton)/Training/HAU/user16/2-2-1",22.0,117.0,16973301.116,16973310.616,33.0,66.0,16973302.216,16973305.516,3,harn_anchored
user16|2|2,user16,2,2,2,Wiping hands,4_Wipe_hands,Seriously,CARE,HAU/user16/2-2-2,"/Users/toheeb.ogunade/Workspace/cuchx-large/hf_data_manual/LMT_(IMU,Radar,Skeleton)/Training/HAU/user16/2-2-2",3.0,90.0,16973487.216,16973495.916,16.0,46.0,16973488.516,16973491.516,3,harn_anchored
user16|2|2,user16,2,2,3,Wiping hands,4_Wipe_hands,Hastily,FAST,HAU/user16/2-2-3,"/Users/toheeb.ogunade/Workspace/cuchx-large/hf_data_manual/LMT_(IMU,Radar,Skeleton)/Training/HAU/user16/2-2-3",24.0,74.0,16973574.316,16973579.316,28.0,51.0,16973574.716,16973577.016,3,harn_anchored
user16|2|3,user16,2,3,1,Walking,36_Walk,Patiently,SLOW,HAU/user16/2-3-1,"/Users/toheeb.ogunade/Workspace/cuchx-large/hf_data_manual/LMT_(IMU,Radar,Skeleton)/Training/HAU/user16/2-3-1",19.0,139.0,17072938.816,17072950.816,37.0,64.0,17072940.616,17072943.316,3,harn_anchored
user16|2|3,user16,2,3,2,Walking,36_Walk,Calmly,SLOW,HAU/user16/2-3-2,"/Users/toheeb.ogunade/Workspace/cuchx-large/hf_data_manual/LMT_(IMU,Radar,Skeleton)/Training/HAU/user16/2-3-2",5.0,93.0,17073027.416,17073036.216,25.0,47.0,17073029.416,17073031.616,3,harn_anchored
user16|2|3,user16,2,3,3,Walking,36_Walk,Hurriedly,FAST,HAU/user16/2-3-3,"/Users/toheeb.ogunade/Workspace/cuchx-large/hf_data_manual/LMT_(IMU,Radar,Skeleton)/Training/HAU/user16/2-3-3",15.0,93.0,17073091.416,17073099.216,34.0,48.0,17073093.316,17073094.716,3,harn_anchored
user16|3|1,user16,3,1,1,Sweeping,12_Sweep_the_floor,Leisurely,SLOW,HAU/user16/3-1-1,"/Users/toheeb.ogunade/Workspace/cuchx-large/hf_data_manual/LMT_(IMU,Radar,Skeleton)/Training/HAU/user16/3-1-1",20.0,311.0,16886767.916,16886797.016,20.0,121.0,16886767.916,16886778.016,3,harn_anchored
user16|3|1,user16,3,1,2,Sweeping,12_Sweep_the_floor,Orderly,CARE,HAU/user16/3-1-2,"/Users/toheeb.ogunade/Workspace/cuchx-large/hf_data_manual/LMT_(IMU,Radar,Skeleton)/Training/HAU/user16/3-1-2",14.0,335.0,16886976.316,16887008.416,14.0,127.0,16886976.316,16886987.616,3,harn_anchored
user16|3|1,user16,3,1,3,Sweeping,12_Sweep_the_floor,Frantically,FAST,HAU/user16/3-1-3,"/Users/toheeb.ogunade/Workspace/cuchx-large/hf_data_manual/LMT_(IMU,Radar,Skeleton)/Training/HAU/user16/3-1-3",21.0,186.0,16887088.016,16887104.516,21.0,86.0,16887088.016,16887094.516,3,harn_anchored
user16|3|1,user16,3,1,1,Mopping,13_Mop_the_floor,Leisurely,SLOW,HAU/user16/3-1-1,"/Users/toheeb.ogunade/Workspace/cuchx-large/hf_data_manual/LMT_(IMU,Radar,Skeleton)/Training/HAU/user16/3-1-1",20.0,311.0,16886767.916,16886797.016,234.0,311.0,16886789.316,16886797.016,3,harn_anchored
user16|3|1,user16,3,1,2,Mopping,13_Mop_the_floor,Orderly,CARE,HAU/user16/3-1-2,"/Users/toheeb.ogunade/Workspace/cuchx-large/hf_data_manual/LMT_(IMU,Radar,Skeleton)/Training/HAU/user16/3-1-2",14.0,335.0,16886976.316,16887008.416,247.0,335.0,16886999.616,16887008.416,3,harn_anchored
user16|3|1,user16,3,1,3,Mopping,13_Mop_the_floor,Frantically,FAST,HAU/user16/3-1-3,"/Users/toheeb.ogunade/Workspace/cuchx-large/hf_data_manual/LMT_(IMU,Radar,Skeleton)/Training/HAU/user16/3-1-3",21.0,186.0,16887088.016,16887104.516,145.0,186.0,16887100.416,16887104.516,3,harn_anchored
user16|3|1,user16,3,1,1,Squats,29_Do_squats,Leisurely,SLOW,HAU/user16/3-1-1,"/Users/toheeb.ogunade/Workspace/cuchx-large/hf_data_manual/LMT_(IMU,Radar,Skeleton)/Training/HAU/user16/3-1-1",20.0,311.0,16886767.916,16886797.016,141.0,210.0,16886780.016,16886786.916,3,harn_anchored
user16|3|1,user16,3,1,2,Squats,29_Do_squats,Orderly,CARE,HAU/user16/3-1-2,"/Users/toheeb.ogunade/Workspace/cuchx-large/hf_data_manual/LMT_(IMU,Radar,Skeleton)/Training/HAU/user16/3-1-2",14.0,335.0,16886976.316,16887008.416,173.0,231.0,16886992.216,16886998.016,3,harn_anchored
user16|3|1,user16,3,1,3,Squats,29_Do_squats,Frantically,FAST,HAU/user16/3-1-3,"/Users/toheeb.ogunade/Workspace/cuchx-large/hf_data_manual/LMT_(IMU,Radar,Skeleton)/Training/HAU/user16/3-1-3",21.0,186.0,16887088.016,16887104.516,102.0,133.0,16887096.116,16887099.216,3,harn_anchored
user16|3|1,user16,3,1,1,Standing up,32_Stand_up,Leisurely,SLOW,HAU/user16/3-1-1,"/Users/toheeb.ogunade/Workspace/cuchx-large/hf_data_manual/LMT_(IMU,Radar,Skeleton)/Training/HAU/user16/3-1-1",20.0,311.0,16886767.916,16886797.016,126.0,137.0,16886778.516,16886779.616,3,harn_anchored
user16|3|1,user16,3,1,2,Standing up,32_Stand_up,Orderly,CARE,HAU/user16/3-1-2,"/Users/toheeb.ogunade/Workspace/cuchx-large/hf_data_manual/LMT_(IMU,Radar,Skeleton)/Training/HAU/user16/3-1-2",14.0,335.0,16886976.316,16887008.416,134.0,171.0,16886988.316,16886992.016,3,harn_anchored
user16|3|1,user16,3,1,3,Standing up,32_Stand_up,Frantically,FAST,HAU/user16/3-1-3,"/Users/toheeb.ogunade/Workspace/cuchx-large/hf_data_manual/LMT_(IMU,Radar,Skeleton)/Training/HAU/user16/3-1-3",21.0,186.0,16887088.016,16887104.516,91.0,100.0,16887095.016,16887095.916,3,harn_anchored
user16|3|1,user16,3,1,1,Walking,36_Walk,Leisurely,SLOW,HAU/user16/3-1-1,"/Users/toheeb.ogunade/Workspace/cuchx-large/hf_data_manual/LMT_(IMU,Radar,Skeleton)/Training/HAU/user16/3-1-1",20.0,311.0,16886767.916,16886797.016,221.0,225.0,16886788.016,16886788.416,3,harn_anchored
user16|3|1,user16,3,1,2,Walking,36_Walk,Orderly,CARE,HAU/user16/3-1-2,"/Users/toheeb.ogunade/Workspace/cuchx-large/hf_data_manual/LMT_(IMU,Radar,Skeleton)/Training/HAU/user16/3-1-2",14.0,335.0,16886976.316,16887008.416,237.0,246.0,16886998.616,16886999.516,3,harn_anchored
user16|3|1,user16,3,1,3,Walking,36_Walk,Frantically,FAST,HAU/user16/3-1-3,"/Users/toheeb.ogunade/Workspace/cuchx-large/hf_data_manual/LMT_(IMU,Radar,Skeleton)/Training/HAU/user16/3-1-3",21.0,186.0,16887088.016,16887104.516,137.0,144.0,16887099.616,16887100.316,3,harn_anchored
user16|3|2,user16,3,2,1,Peeling fruit,11_Peel_fruits,Patiently,SLOW,HAU/user16/3-2-1,"/Users/toheeb.ogunade/Workspace/cuchx-large/hf_data_manual/LMT_(IMU,Radar,Skeleton)/Training/HAU/user16/3-2-1",20.0,166.0,17073510.916,17073525.516,150.0,166.0,17073523.916,17073525.516,3,harn_anchored
user16|3|2,user16,3,2,2,Peeling fruit,11_Peel_fruits,Attentively,CARE,HAU/user16/3-2-2,"/Users/toheeb.ogunade/Workspace/cuchx-large/hf_data_manual/LMT_(IMU,Radar,Skeleton)/Training/HAU/user16/3-2-2",17.0,135.0,17073612.616,17073624.416,115.0,135.0,17073622.416,17073624.416,3,harn_anchored
user16|3|2,user16,3,2,3,Peeling fruit,11_Peel_fruits,Nervously,NERV,HAU/user16/3-2-3,"/Users/toheeb.ogunade/Workspace/cuchx-large/hf_data_manual/LMT_(IMU,Radar,Skeleton)/Training/HAU/user16/3-2-3",11.0,102.0,17073699.016,17073708.116,89.0,102.0,17073706.816,17073708.116,3,harn_anchored
user16|3|2,user16,3,2,1,Washing dishes,14_Wipe_bowls,Patiently,SLOW,HAU/user16/3-2-1,"/Users/toheeb.ogunade/Workspace/cuchx-large/hf_data_manual/LMT_(IMU,Radar,Skeleton)/Training/HAU/user16/3-2-1",20.0,166.0,17073510.916,17073525.516,49.0,80.0,17073513.816,17073516.916,3,harn_anchored
user16|3|2,user16,3,2,2,Washing dishes,14_Wipe_bowls,Attentively,CARE,HAU/user16/3-2-2,"/Users/toheeb.ogunade/Workspace/cuchx-large/hf_data_manual/LMT_(IMU,Radar,Skeleton)/Training/HAU/user16/3-2-2",17.0,135.0,17073612.616,17073624.416,24.0,62.0,17073613.316,17073617.116,3,harn_anchored
user16|3|2,user16,3,2,3,Washing dishes,14_Wipe_bowls,Nervously,NERV,HAU/user16/3-2-3,"/Users/toheeb.ogunade/Workspace/cuchx-large/hf_data_manual/LMT_(IMU,Radar,Skeleton)/Training/HAU/user16/3-2-3",11.0,102.0,17073699.016,17073708.116,25.0,50.0,17073700.416,17073702.916,3,harn_anchored
user16|3|2,user16,3,2,1,Drinking,6_Drink_water,Patiently,SLOW,HAU/user16/3-2-1,"/Users/toheeb.ogunade/Workspace/cuchx-large/hf_data_manual/LMT_(IMU,Radar,Skeleton)/Training/HAU/user16/3-2-1",20.0,166.0,17073510.916,17073525.516,102.0,132.0,17073519.116,17073522.116,3,harn_anchored
user16|3|2,user16,3,2,2,Drinking,6_Drink_water,Attentively,CARE,HAU/user16/3-2-2,"/Users/toheeb.ogunade/Workspace/cuchx-large/hf_data_manual/LMT_(IMU,Radar,Skeleton)/Training/HAU/user16/3-2-2",17.0,135.0,17073612.616,17073624.416,76.0,100.0,17073618.516,17073620.916,3,harn_anchored
user16|3|2,user16,3,2,3,Drinking,6_Drink_water,Nervously,NERV,HAU/user16/3-2-3,"/Users/toheeb.ogunade/Workspace/cuchx-large/hf_data_manual/LMT_(IMU,Radar,Skeleton)/Training/HAU/user16/3-2-3",11.0,102.0,17073699.016,17073708.116,62.0,74.0,17073704.116,17073705.316,3,harn_anchored
user16|3|3,user16,3,3,1,Wiping surface,15_Wipe_windows_and_tables,Carefully,CARE,HAU/user16/3-3-1,"/Users/toheeb.ogunade/Workspace/cuchx-large/hf_data_manual/LMT_(IMU,Radar,Skeleton)/Training/HAU/user16/3-3-1",17.0,122.0,17078164.616,17078175.116,82.0,122.0,17078171.116,17078175.116,3,harn_anchored
user16|3|3,user16,3,3,2,Wiping surface,15_Wipe_windows_and_tables,Meticulously,CARE,HAU/user16/3-3-2,"/Users/toheeb.ogunade/Workspace/cuchx-large/hf_data_manual/LMT_(IMU,Radar,Skeleton)/Training/HAU/user16/3-3-2",12.0,91.0,17078309.116,17078317.016,71.0,91.0,17078315.016,17078317.016,3,harn_anchored
user16|3|3,user16,3,3,3,Wiping surface,15_Wipe_windows_and_tables,Quickly,FAST,HAU/user16/3-3-3,"/Users/toheeb.ogunade/Workspace/cuchx-large/hf_data_manual/LMT_(IMU,Radar,Skeleton)/Training/HAU/user16/3-3-3",12.0,78.0,17078395.116,17078401.716,65.0,78.0,17078400.416,17078401.716,3,harn_anchored
user16|3|3,user16,3,3,1,Walking,36_Walk,Carefully,CARE,HAU/user16/3-3-1,"/Users/toheeb.ogunade/Workspace/cuchx-large/hf_data_manual/LMT_(IMU,Radar,Skeleton)/Training/HAU/user16/3-3-1",17.0,122.0,17078164.616,17078175.116,58.0,75.0,17078168.716,17078170.416,3,harn_anchored
user16|3|3,user16,3,3,2,Walking,36_Walk,Meticulously,CARE,HAU/user16/3-3-2,"/Users/toheeb.ogunade/Workspace/cuchx-large/hf_data_manual/LMT_(IMU,Radar,Skeleton)/Training/HAU/user16/3-3-2",12.0,91.0,17078309.116,17078317.016,47.0,64.0,17078312.616,17078314.316,3,harn_anchored
user16|3|3,user16,3,3,3,Walking,36_Walk,Quickly,FAST,HAU/user16/3-3-3,"/Users/toheeb.ogunade/Workspace/cuchx-large/hf_data_manual/LMT_(IMU,Radar,Skeleton)/Training/HAU/user16/3-3-3",12.0,78.0,17078395.116,17078401.716,50.0,60.0,17078398.916,17078399.916,3,harn_anchored
user16|4|1,user16,4,1,1,Typing on a keyboard,17_Tap_the_keyboard,Leisurely,SLOW,HAU/user16/4-1-1,"/Users/toheeb.ogunade/Workspace/cuchx-large/hf_data_manual/LMT_(IMU,Radar,Skeleton)/Training/HAU/user16/4-1-1",9.0,491.0,16912372.816,16912421.016,9.0,87.0,16912372.816,16912380.616,3,harn_anchored
user16|4|1,user16,4,1,2,Typing on a keyboard,17_Tap_the_keyboard,Calmly,SLOW,HAU/user16/4-1-2,"/Users/toheeb.ogunade/Workspace/cuchx-large/hf_data_manual/LMT_(IMU,Radar,Skeleton)/Training/HAU/user16/4-1-2",5.0,356.0,16912976.416,16913011.516,5.0,69.0,16912976.416,16912982.816,3,harn_anchored
user16|4|1,user16,4,1,3,Typing on a keyboard,17_Tap_the_keyboard,Anxiously,NERV,HAU/user16/4-1-3,"/Users/toheeb.ogunade/Workspace/cuchx-large/hf_data_manual/LMT_(IMU,Radar,Skeleton)/Training/HAU/user16/4-1-3",16.0,352.0,16912666.516,16912700.116,16.0,78.0,16912666.516,16912672.716,3,harn_anchored
user16|4|1,user16,4,1,1,Calling,19_Make_a_phone_call,Leisurely,SLOW,HAU/user16/4-1-1,"/Users/toheeb.ogunade/Workspace/cuchx-large/hf_data_manual/LMT_(IMU,Radar,Skeleton)/Training/HAU/user16/4-1-1",9.0,491.0,16912372.816,16912421.016,248.0,288.0,16912396.716,16912400.716,3,harn_anchored
user16|4|1,user16,4,1,2,Calling,19_Make_a_phone_call,Calmly,SLOW,HAU/user16/4-1-2,"/Users/toheeb.ogunade/Workspace/cuchx-large/hf_data_manual/LMT_(IMU,Radar,Skeleton)/Training/HAU/user16/4-1-2",5.0,356.0,16912976.416,16913011.516,190.0,216.0,16912994.916,16912997.516,3,harn_anchored
user16|4|1,user16,4,1,3,Calling,19_Make_a_phone_call,Anxiously,NERV,HAU/user16/4-1-3,"/Users/toheeb.ogunade/Workspace/cuchx-large/hf_data_manual/LMT_(IMU,Radar,Skeleton)/Training/HAU/user16/4-1-3",16.0,352.0,16912666.516,16912700.116,190.0,221.0,16912683.916,16912687.016,3,harn_anchored
user16|4|1,user16,4,1,1,Checking the time,20_Check_the_time,Leisurely,SLOW,HAU/user16/4-1-1,"/Users/toheeb.ogunade/Workspace/cuchx-large/hf_data_manual/LMT_(IMU,Radar,Skeleton)/Training/HAU/user16/4-1-1",9.0,491.0,16912372.816,16912421.016,151.0,166.0,16912387.016,16912388.516,3,harn_anchored
user16|4|1,user16,4,1,2,Checking the time,20_Check_the_time,Calmly,SLOW,HAU/user16/4-1-2,"/Users/toheeb.ogunade/Workspace/cuchx-large/hf_data_manual/LMT_(IMU,Radar,Skeleton)/Training/HAU/user16/4-1-2",5.0,356.0,16912976.416,16913011.516,103.0,128.0,16912986.216,16912988.716,3,harn_anchored
user16|4|1,user16,4,1,3,Checking the time,20_Check_the_time,Anxiously,NERV,HAU/user16/4-1-3,"/Users/toheeb.ogunade/Workspace/cuchx-large/hf_data_manual/LMT_(IMU,Radar,Skeleton)/Training/HAU/user16/4-1-3",16.0,352.0,16912666.516,16912700.116,105.0,130.0,16912675.416,16912677.916,3,harn_anchored
user16|4|1,user16,4,1,1,Reading,21_Read_documents,Leisurely,SLOW,HAU/user16/4-1-1,"/Users/toheeb.ogunade/Workspace/cuchx-large/hf_data_manual/LMT_(IMU,Radar,Skeleton)/Training/HAU/user16/4-1-1",9.0,491.0,16912372.816,16912421.016,420.0,444.0,16912413.916,16912416.316,3,harn_anchored
user16|4|1,user16,4,1,2,Reading,21_Read_documents,Calmly,SLOW,HAU/user16/4-1-2,"/Users/toheeb.ogunade/Workspace/cuchx-large/hf_data_manual/LMT_(IMU,Radar,Skeleton)/Training/HAU/user16/4-1-2",5.0,356.0,16912976.416,16913011.516,306.0,323.0,16913006.516,16913008.216,3,harn_anchored
user16|4|1,user16,4,1,3,Reading,21_Read_documents,Anxiously,NERV,HAU/user16/4-1-3,"/Users/toheeb.ogunade/Workspace/cuchx-large/hf_data_manual/LMT_(IMU,Radar,Skeleton)/Training/HAU/user16/4-1-3",16.0,352.0,16912666.516,16912700.116,300.0,303.0,16912694.916,16912695.216,3,harn_anchored
user16|4|1,user16,4,1,1,Turning a page,22_Turn_pages,Leisurely,SLOW,HAU/user16/4-1-1,"/Users/toheeb.ogunade/Workspace/cuchx-large/hf_data_manual/LMT_(IMU,Radar,Skeleton)/Training/HAU/user16/4-1-1",9.0,491.0,16912372.816,16912421.016,445.0,491.0,16912416.416,16912421.016,3,harn_anchored
user16|4|1,user16,4,1,2,Turning a page,22_Turn_pages,Calmly,SLOW,HAU/user16/4-1-2,"/Users/toheeb.ogunade/Workspace/cuchx-large/hf_data_manual/LMT_(IMU,Radar,Skeleton)/Training/HAU/user16/4-1-2",5.0,356.0,16912976.416,16913011.516,324.0,356.0,16913008.316,16913011.516,3,harn_anchored
user16|4|1,user16,4,1,3,Turning a page,22_Turn_pages,Anxiously,NERV,HAU/user16/4-1-3,"/Users/toheeb.ogunade/Workspace/cuchx-large/hf_data_manual/LMT_(IMU,Radar,Skeleton)/Training/HAU/user16/4-1-3",16.0,352.0,16912666.516,16912700.116,305.0,352.0,16912695.416,16912700.116,3,harn_anchored
user16|4|1,user16,4,1,1,Listening to the music with headphones,23_Listen_to_music_with_headphones,Leisurely,SLOW,HAU/user16/4-1-1,"/Users/toheeb.ogunade/Workspace/cuchx-large/hf_data_manual/LMT_(IMU,Radar,Skeleton)/Training/HAU/user16/4-1-1",9.0,491.0,16912372.816,16912421.016,190.0,240.0,16912390.916,16912395.916,3,harn_anchored
user16|4|1,user16,4,1,2,Listening to the music with headphones,23_Listen_to_music_with_headphones,Calmly,SLOW,HAU/user16/4-1-2,"/Users/toheeb.ogunade/Workspace/cuchx-large/hf_data_manual/LMT_(IMU,Radar,Skeleton)/Training/HAU/user16/4-1-2",5.0,356.0,16912976.416,16913011.516,146.0,178.0,16912990.516,16912993.716,3,harn_anchored
user16|4|1,user16,4,1,3,Listening to the music with headphones,23_Listen_to_music_with_headphones,Anxiously,NERV,HAU/user16/4-1-3,"/Users/toheeb.ogunade/Workspace/cuchx-large/hf_data_manual/LMT_(IMU,Radar,Skeleton)/Training/HAU/user16/4-1-3",16.0,352.0,16912666.516,16912700.116,147.0,180.0,16912679.616,16912682.916,3,harn_anchored
user16|4|1,user16,4,1,1,Running,28_Jog_in_place,Leisurely,SLOW,HAU/user16/4-1-1,"/Users/toheeb.ogunade/Workspace/cuchx-large/hf_data_manual/LMT_(IMU,Radar,Skeleton)/Training/HAU/user16/4-1-1",9.0,491.0,16912372.816,16912421.016,351.0,388.0,16912407.016,16912410.716,3,harn_anchored
user16|4|1,user16,4,1,2,Running,28_Jog_in_place,Calmly,SLOW,HAU/user16/4-1-2,"/Users/toheeb.ogunade/Workspace/cuchx-large/hf_data_manual/LMT_(IMU,Radar,Skeleton)/Training/HAU/user16/4-1-2",5.0,356.0,16912976.416,16913011.516,229.0,267.0,16912998.816,16913002.616,3,harn_anchored
user16|4|1,user16,4,1,3,Running,28_Jog_in_place,Anxiously,NERV,HAU/user16/4-1-3,"/Users/toheeb.ogunade/Workspace/cuchx-large/hf_data_manual/LMT_(IMU,Radar,Skeleton)/Training/HAU/user16/4-1-3",16.0,352.0,16912666.516,16912700.116,238.0,279.0,16912688.716,16912692.816,3,harn_anchored
user16|4|1,user16,4,1,1,Standing up,32_Stand_up,Leisurely,SLOW,HAU/user16/4-1-1,"/Users/toheeb.ogunade/Workspace/cuchx-large/hf_data_manual/LMT_(IMU,Radar,Skeleton)/Training/HAU/user16/4-1-1",9.0,491.0,16912372.816,16912421.016,289.0,296.0,16912400.816,16912401.516,3,harn_anchored
user16|4|1,user16,4,1,2,Standing up,32_Stand_up,Calmly,SLOW,HAU/user16/4-1-2,"/Users/toheeb.ogunade/Workspace/cuchx-large/hf_data_manual/LMT_(IMU,Radar,Skeleton)/Training/HAU/user16/4-1-2",5.0,356.0,16912976.416,16913011.516,218.0,228.0,16912997.716,16912998.716,3,harn_anchored
user16|4|1,user16,4,1,3,Standing up,32_Stand_up,Anxiously,NERV,HAU/user16/4-1-3,"/Users/toheeb.ogunade/Workspace/cuchx-large/hf_data_manual/LMT_(IMU,Radar,Skeleton)/Training/HAU/user16/4-1-3",16.0,352.0,16912666.516,16912700.116,224.0,237.0,16912687.316,16912688.616,3,harn_anchored
user16|4|1,user16,4,1,1,Sitting down,34_Sit_down,Leisurely,SLOW,HAU/user16/4-1-1,"/Users/toheeb.ogunade/Workspace/cuchx-large/hf_data_manual/LMT_(IMU,Radar,Skeleton)/Training/HAU/user16/4-1-1",9.0,491.0,16912372.816,16912421.016,389.0,404.0,16912410.816,16912412.316,3,harn_anchored
user16|4|1,user16,4,1,2,Sitting down,34_Sit_down,Calmly,SLOW,HAU/user16/4-1-2,"/Users/toheeb.ogunade/Workspace/cuchx-large/hf_data_manual/LMT_(IMU,Radar,Skeleton)/Training/HAU/user16/4-1-2",5.0,356.0,16912976.416,16913011.516,268.0,281.0,16913002.716,16913004.016,3,harn_anchored
user16|4|1,user16,4,1,3,Sitting down,34_Sit_down,Anxiously,NERV,HAU/user16/4-1-3,"/Users/toheeb.ogunade/Workspace/cuchx-large/hf_data_manual/LMT_(IMU,Radar,Skeleton)/Training/HAU/user16/4-1-3",16.0,352.0,16912666.516,16912700.116,280.0,288.0,16912692.916,16912693.716,3,harn_anchored
user16|5|1,user16,5,1,1,Listening to the music with headphones,23_Listen_to_music_with_headphones,Lazily,SLOW,HAU/user16/5-1-1,"/Users/toheeb.ogunade/Workspace/cuchx-large/hf_data_manual/LMT_(IMU,Radar,Skeleton)/Training/HAU/user16/5-1-1",12.0,164.0,17078693.116,17078708.316,113.0,131.0,17078703.216,17078705.016,3,harn_anchored
user16|5|1,user16,5,1,2,Listening to the music with headphones,23_Listen_to_music_with_headphones,Quietly,SLOW,HAU/user16/5-1-2,"/Users/toheeb.ogunade/Workspace/cuchx-large/hf_data_manual/LMT_(IMU,Radar,Skeleton)/Training/HAU/user16/5-1-2",13.0,150.0,17078922.216,17078935.916,128.0,150.0,17078933.716,17078935.916,3,harn_anchored
user16|5|1,user16,5,1,3,Listening to the music with headphones,23_Listen_to_music_with_headphones,Impatiently,FAST,HAU/user16/5-1-3,"/Users/toheeb.ogunade/Workspace/cuchx-large/hf_data_manual/LMT_(IMU,Radar,Skeleton)/Training/HAU/user16/5-1-3",1.0,126.0,17079041.016,17079053.516,79.0,115.0,17079048.816,17079052.416,3,harn_anchored
user16|5|2,user16,5,2,1,Peeling fruit,11_Peel_fruits,Slowly,SLOW,HAU/user16/5-2-1,"/Users/toheeb.ogunade/Workspace/cuchx-large/hf_data_manual/LMT_(IMU,Radar,Skeleton)/Training/HAU/user16/5-2-1",8.0,138.0,17073832.716,17073845.716,68.0,105.0,17073838.716,17073842.416,3,harn_anchored
user16|5|2,user16,5,2,2,Peeling fruit,11_Peel_fruits,Steadily,NEUT,HAU/user16/5-2-2,"/Users/toheeb.ogunade/Workspace/cuchx-large/hf_data_manual/LMT_(IMU,Radar,Skeleton)/Training/HAU/user16/5-2-2",13.0,128.0,17073910.216,17073921.716,66.0,92.0,17073915.516,17073918.116,3,harn_anchored
user16|5|2,user16,5,2,3,Peeling fruit,11_Peel_fruits,Quickly,FAST,HAU/user16/5-2-3,"/Users/toheeb.ogunade/Workspace/cuchx-large/hf_data_manual/LMT_(IMU,Radar,Skeleton)/Training/HAU/user16/5-2-3",10.0,83.0,17073987.916,17073995.216,54.0,64.0,17073992.316,17073993.316,3,harn_anchored
user16|5|2,user16,5,2,1,Walking,36_Walk,Slowly,SLOW,HAU/user16/5-2-1,"/Users/toheeb.ogunade/Workspace/cuchx-large/hf_data_manual/LMT_(IMU,Radar,Skeleton)/Training/HAU/user16/5-2-1",8.0,138.0,17073832.716,17073845.716,40.0,60.0,17073835.916,17073837.916,3,harn_anchored
user16|5|2,user16,5,2,2,Walking,36_Walk,Steadily,NEUT,HAU/user16/5-2-2,"/Users/toheeb.ogunade/Workspace/cuchx-large/hf_data_manual/LMT_(IMU,Radar,Skeleton)/Training/HAU/user16/5-2-2",13.0,128.0,17073910.216,17073921.716,39.0,59.0,17073912.816,17073914.816,3,harn_anchored
user16|5|2,user16,5,2,3,Walking,36_Walk,Quickly,FAST,HAU/user16/5-2-3,"/Users/toheeb.ogunade/Workspace/cuchx-large/hf_data_manual/LMT_(IMU,Radar,Skeleton)/Training/HAU/user16/5-2-3",10.0,83.0,17073987.916,17073995.216,27.0,43.0,17073989.616,17073991.216,3,harn_anchored
user16|5|2,user16,5,2,1,Eating,7_Eat_food,Slowly,SLOW,HAU/user16/5-2-1,"/Users/toheeb.ogunade/Workspace/cuchx-large/hf_data_manual/LMT_(IMU,Radar,Skeleton)/Training/HAU/user16/5-2-1",8.0,138.0,17073832.716,17073845.716,111.0,138.0,17073843.016,17073845.716,3,harn_anchored
user16|5|2,user16,5,2,2,Eating,7_Eat_food,Steadily,NEUT,HAU/user16/5-2-2,"/Users/toheeb.ogunade/Workspace/cuchx-large/hf_data_manual/LMT_(IMU,Radar,Skeleton)/Training/HAU/user16/5-2-2",13.0,128.0,17073910.216,17073921.716,97.0,128.0,17073918.616,17073921.716,3,harn_anchored
user16|5|2,user16,5,2,3,Eating,7_Eat_food,Quickly,FAST,HAU/user16/5-2-3,"/Users/toheeb.ogunade/Workspace/cuchx-large/hf_data_manual/LMT_(IMU,Radar,Skeleton)/Training/HAU/user16/5-2-3",10.0,83.0,17073987.916,17073995.216,68.0,83.0,17073993.716,17073995.216,3,harn_anchored
user16|5|3,user16,5,3,1,Checking the time,20_Check_the_time,Slowly,SLOW,HAU/user16/5-3-1,"/Users/toheeb.ogunade/Workspace/cuchx-large/hf_data_manual/LMT_(IMU,Radar,Skeleton)/Training/HAU/user16/5-3-1",23.0,643.0,16887732.216,16887794.216,602.0,643.0,16887790.116,16887794.216,3,harn_anchored
user16|5|3,user16,5,3,2,Checking the time,20_Check_the_time,Calmly,SLOW,HAU/user16/5-3-2,"/Users/toheeb.ogunade/Workspace/cuchx-large/hf_data_manual/LMT_(IMU,Radar,Skeleton)/Training/HAU/user16/5-3-2",25.0,413.0,16887879.416,16887918.216,388.0,413.0,16887915.716,16887918.216,3,harn_anchored
user16|5|3,user16,5,3,3,Checking the time,20_Check_the_time,Hastily,FAST,HAU/user16/5-3-3,"/Users/toheeb.ogunade/Workspace/cuchx-large/hf_data_manual/LMT_(IMU,Radar,Skeleton)/Training/HAU/user16/5-3-3",19.0,273.0,16888053.816,16888079.216,246.0,273.0,16888076.516,16888079.216,3,harn_anchored
user16|5|3,user16,5,3,1,Playing games,26_Play_games,Slowly,SLOW,HAU/user16/5-3-1,"/Users/toheeb.ogunade/Workspace/cuchx-large/hf_data_manual/LMT_(IMU,Radar,Skeleton)/Training/HAU/user16/5-3-1",23.0,643.0,16887732.216,16887794.216,473.0,601.0,16887777.216,16887790.016,3,harn_anchored
user16|5|3,user16,5,3,2,Playing games,26_Play_games,Calmly,SLOW,HAU/user16/5-3-2,"/Users/toheeb.ogunade/Workspace/cuchx-large/hf_data_manual/LMT_(IMU,Radar,Skeleton)/Training/HAU/user16/5-3-2",25.0,413.0,16887879.416,16887918.216,327.0,387.0,16887909.616,16887915.616,3,harn_anchored
user16|5|3,user16,5,3,3,Playing games,26_Play_games,Hastily,FAST,HAU/user16/5-3-3,"/Users/toheeb.ogunade/Workspace/cuchx-large/hf_data_manual/LMT_(IMU,Radar,Skeleton)/Training/HAU/user16/5-3-3",19.0,273.0,16888053.816,16888079.216,206.0,245.0,16888072.516,16888076.416,3,harn_anchored
user16|5|3,user16,5,3,1,Lying down,33_Lie_down,Slowly,SLOW,HAU/user16/5-3-1,"/Users/toheeb.ogunade/Workspace/cuchx-large/hf_data_manual/LMT_(IMU,Radar,Skeleton)/Training/HAU/user16/5-3-1",23.0,643.0,16887732.216,16887794.216,189.0,310.0,16887748.816,16887760.916,3,harn_anchored
user16|5|3,user16,5,3,2,Lying down,33_Lie_down,Calmly,SLOW,HAU/user16/5-3-2,"/Users/toheeb.ogunade/Workspace/cuchx-large/hf_data_manual/LMT_(IMU,Radar,Skeleton)/Training/HAU/user16/5-3-2",25.0,413.0,16887879.416,16887918.216,156.0,215.0,16887892.516,16887898.416,3,harn_anchored
user16|5|3,user16,5,3,3,Lying down,33_Lie_down,Hastily,FAST,HAU/user16/5-3-3,"/Users/toheeb.ogunade/Workspace/cuchx-large/hf_data_manual/LMT_(IMU,Radar,Skeleton)/Training/HAU/user16/5-3-3",19.0,273.0,16888053.816,16888079.216,100.0,137.0,16888061.916,16888065.616,3,harn_anchored
user16|5|3,user16,5,3,1,Walking,36_Walk,Slowly,SLOW,HAU/user16/5-3-1,"/Users/toheeb.ogunade/Workspace/cuchx-large/hf_data_manual/LMT_(IMU,Radar,Skeleton)/Training/HAU/user16/5-3-1",23.0,643.0,16887732.216,16887794.216,43.0,187.0,16887734.216,16887748.616,3,harn_anchored
user16|5|3,user16,5,3,2,Walking,36_Walk,Calmly,SLOW,HAU/user16/5-3-2,"/Users/toheeb.ogunade/Workspace/cuchx-large/hf_data_manual/LMT_(IMU,Radar,Skeleton)/Training/HAU/user16/5-3-2",25.0,413.0,16887879.416,16887918.216,52.0,155.0,16887882.116,16887892.416,3,harn_anchored
user16|5|3,user16,5,3,3,Walking,36_Walk,Hastily,FAST,HAU/user16/5-3-3,"/Users/toheeb.ogunade/Workspace/cuchx-large/hf_data_manual/LMT_(IMU,Radar,Skeleton)/Training/HAU/user16/5-3-3",19.0,273.0,16888053.816,16888079.216,33.0,99.0,16888055.216,16888061.816,3,harn_anchored
user16|5|3,user16,5,3,1,Drinking,6_Drink_water,Slowly,SLOW,HAU/user16/5-3-1,"/Users/toheeb.ogunade/Workspace/cuchx-large/hf_data_manual/LMT_(IMU,Radar,Skeleton)/Training/HAU/user16/5-3-1",23.0,643.0,16887732.216,16887794.216,335.0,472.0,16887763.416,16887777.116,3,harn_anchored
user16|5|3,user16,5,3,2,Drinking,6_Drink_water,Calmly,SLOW,HAU/user16/5-3-2,"/Users/toheeb.ogunade/Workspace/cuchx-large/hf_data_manual/LMT_(IMU,Radar,Skeleton)/Training/HAU/user16/5-3-2",25.0,413.0,16887879.416,16887918.216,241.0,318.0,16887901.016,16887908.716,3,harn_anchored
user16|5|3,user16,5,3,3,Drinking,6_Drink_water,Hastily,FAST,HAU/user16/5-3-3,"/Users/toheeb.ogunade/Workspace/cuchx-large/hf_data_manual/LMT_(IMU,Radar,Skeleton)/Training/HAU/user16/5-3-3",19.0,273.0,16888053.816,16888079.216,158.0,189.0,16888067.716,16888070.816,3,harn_anchored
user16|6|1,user16,6,1,1,Jumping jacks,30_Do_jumping_jacks,Leisurely,SLOW,HAU/user16/6-1-1,"/Users/toheeb.ogunade/Workspace/cuchx-large/hf_data_manual/LMT_(IMU,Radar,Skeleton)/Training/HAU/user16/6-1-1",18.0,338.0,16888278.716,16888310.716,40.0,70.0,16888280.916,16888283.916,3,harn_anchored
user16|6|1,user16,6,1,2,Jumping jacks,30_Do_jumping_jacks,Quickly,FAST,HAU/user16/6-1-2,"/Users/toheeb.ogunade/Workspace/cuchx-large/hf_data_manual/LMT_(IMU,Radar,Skeleton)/Training/HAU/user16/6-1-2",24.0,171.0,16888536.316,16888551.016,32.0,76.0,16888537.116,16888541.516,3,harn_anchored
user16|6|1,user16,6,1,3,Jumping jacks,30_Do_jumping_jacks,Steadily,NEUT,HAU/user16/6-1-3,"/Users/toheeb.ogunade/Workspace/cuchx-large/hf_data_manual/LMT_(IMU,Radar,Skeleton)/Training/HAU/user16/6-1-3",19.0,199.0,16888662.816,16888680.816,37.0,72.0,16888664.616,16888668.116,3,harn_anchored
user16|6|1,user16,6,1,1,Lying down,33_Lie_down,Leisurely,SLOW,HAU/user16/6-1-1,"/Users/toheeb.ogunade/Workspace/cuchx-large/hf_data_manual/LMT_(IMU,Radar,Skeleton)/Training/HAU/user16/6-1-1",18.0,338.0,16888278.716,16888310.716,102.0,157.0,16888287.116,16888292.616,3,harn_anchored
user16|6|1,user16,6,1,2,Lying down,33_Lie_down,Quickly,FAST,HAU/user16/6-1-2,"/Users/toheeb.ogunade/Workspace/cuchx-large/hf_data_manual/LMT_(IMU,Radar,Skeleton)/Training/HAU/user16/6-1-2",24.0,171.0,16888536.316,16888551.016,89.0,114.0,16888542.816,16888545.316,3,harn_anchored
user16|6|1,user16,6,1,3,Lying down,33_Lie_down,Steadily,NEUT,HAU/user16/6-1-3,"/Users/toheeb.ogunade/Workspace/cuchx-large/hf_data_manual/LMT_(IMU,Radar,Skeleton)/Training/HAU/user16/6-1-3",19.0,199.0,16888662.816,16888680.816,89.0,117.0,16888669.816,16888672.616,3,harn_anchored
user16|6|1,user16,6,1,1,Lunges,35_Do_lunges,Leisurely,SLOW,HAU/user16/6-1-1,"/Users/toheeb.ogunade/Workspace/cuchx-large/hf_data_manual/LMT_(IMU,Radar,Skeleton)/Training/HAU/user16/6-1-1",18.0,338.0,16888278.716,16888310.716,260.0,338.0,16888302.916,16888310.716,3,harn_anchored
user16|6|1,user16,6,1,2,Lunges,35_Do_lunges,Quickly,FAST,HAU/user16/6-1-2,"/Users/toheeb.ogunade/Workspace/cuchx-large/hf_data_manual/LMT_(IMU,Radar,Skeleton)/Training/HAU/user16/6-1-2",24.0,171.0,16888536.316,16888551.016,146.0,171.0,16888548.516,16888551.016,3,harn_anchored
user16|6|1,user16,6,1,3,Lunges,35_Do_lunges,Steadily,NEUT,HAU/user16/6-1-3,"/Users/toheeb.ogunade/Workspace/cuchx-large/hf_data_manual/LMT_(IMU,Radar,Skeleton)/Training/HAU/user16/6-1-3",19.0,199.0,16888662.816,16888680.816,158.0,199.0,16888676.716,16888680.816,3,harn_anchored
user16|6|2,user16,6,2,1,Sweeping,12_Sweep_the_floor,Casually,NEUT,HAU/user16/6-2-1,"/Users/toheeb.ogunade/Workspace/cuchx-large/hf_data_manual/LMT_(IMU,Radar,Skeleton)/Training/HAU/user16/6-2-1",9.0,414.0,17074336.816,17074377.316,174.0,240.0,17074353.316,17074359.916,3,harn_anchored
user16|6|2,user16,6,2,2,Sweeping,12_Sweep_the_floor,Impatiently,FAST,HAU/user16/6-2-2,"/Users/toheeb.ogunade/Workspace/cuchx-large/hf_data_manual/LMT_(IMU,Radar,Skeleton)/Training/HAU/user16/6-2-2",8.0,309.0,17074476.716,17074506.816,126.0,170.0,17074488.516,17074492.916,3,harn_anchored
user16|6|2,user16,6,2,3,Sweeping,12_Sweep_the_floor,Orderly,CARE,HAU/user16/6-2-3,"/Users/toheeb.ogunade/Workspace/cuchx-large/hf_data_manual/LMT_(IMU,Radar,Skeleton)/Training/HAU/user16/6-2-3",6.0,426.0,17074700.516,17074742.516,177.0,221.0,17074717.616,17074722.016,3,harn_anchored
user16|6|2,user16,6,2,1,Wiping surface,15_Wipe_windows_and_tables,Casually,NEUT,HAU/user16/6-2-1,"/Users/toheeb.ogunade/Workspace/cuchx-large/hf_data_manual/LMT_(IMU,Radar,Skeleton)/Training/HAU/user16/6-2-1",9.0,414.0,17074336.816,17074377.316,264.0,316.0,17074362.316,17074367.516,3,harn_anchored
user16|6|2,user16,6,2,2,Wiping surface,15_Wipe_windows_and_tables,Impatiently,FAST,HAU/user16/6-2-2,"/Users/toheeb.ogunade/Workspace/cuchx-large/hf_data_manual/LMT_(IMU,Radar,Skeleton)/Training/HAU/user16/6-2-2",8.0,309.0,17074476.716,17074506.816,190.0,224.0,17074494.916,17074498.316,3,harn_anchored
user16|6|2,user16,6,2,3,Wiping surface,15_Wipe_windows_and_tables,Orderly,CARE,HAU/user16/6-2-3,"/Users/toheeb.ogunade/Workspace/cuchx-large/hf_data_manual/LMT_(IMU,Radar,Skeleton)/Training/HAU/user16/6-2-3",6.0,426.0,17074700.516,17074742.516,241.0,287.0,17074724.016,17074728.616,3,harn_anchored
user16|6|2,user16,6,2,1,Using a phone,24_Use_a_mobile_phone,Casually,NEUT,HAU/user16/6-2-1,"/Users/toheeb.ogunade/Workspace/cuchx-large/hf_data_manual/LMT_(IMU,Radar,Skeleton)/Training/HAU/user16/6-2-1",9.0,414.0,17074336.816,17074377.316,124.0,148.0,17074348.316,17074350.716,3,harn_anchored
user16|6|2,user16,6,2,2,Using a phone,24_Use_a_mobile_phone,Impatiently,FAST,HAU/user16/6-2-2,"/Users/toheeb.ogunade/Workspace/cuchx-large/hf_data_manual/LMT_(IMU,Radar,Skeleton)/Training/HAU/user16/6-2-2",8.0,309.0,17074476.716,17074506.816,100.0,109.0,17074485.916,17074486.816,3,harn_anchored
user16|6|2,user16,6,2,3,Using a phone,24_Use_a_mobile_phone,Orderly,CARE,HAU/user16/6-2-3,"/Users/toheeb.ogunade/Workspace/cuchx-large/hf_data_manual/LMT_(IMU,Radar,Skeleton)/Training/HAU/user16/6-2-3",6.0,426.0,17074700.516,17074742.516,127.0,151.0,17074712.616,17074715.016,3,harn_anchored
user16|6|2,user16,6,2,1,Taking medicine,37_Take_medicine,Casually,NEUT,HAU/user16/6-2-1,"/Users/toheeb.ogunade/Workspace/cuchx-large/hf_data_manual/LMT_(IMU,Radar,Skeleton)/Training/HAU/user16/6-2-1",9.0,414.0,17074336.816,17074377.316,70.0,96.0,17074342.916,17074345.516,3,harn_anchored
user16|6|2,user16,6,2,2,Taking medicine,37_Take_medicine,Impatiently,FAST,HAU/user16/6-2-2,"/Users/toheeb.ogunade/Workspace/cuchx-large/hf_data_manual/LMT_(IMU,Radar,Skeleton)/Training/HAU/user16/6-2-2",8.0,309.0,17074476.716,17074506.816,58.0,82.0,17074481.716,17074484.116,3,harn_anchored
user16|6|2,user16,6,2,3,Taking medicine,37_Take_medicine,Orderly,CARE,HAU/user16/6-2-3,"/Users/toheeb.ogunade/Workspace/cuchx-large/hf_data_manual/LMT_(IMU,Radar,Skeleton)/Training/HAU/user16/6-2-3",6.0,426.0,17074700.516,17074742.516,74.0,103.0,17074707.316,17074710.216,3,harn_anchored
user16|6|2,user16,6,2,1,Checking body temperature,39_Take_body_temperature,Casually,NEUT,HAU/user16/6-2-1,"/Users/toheeb.ogunade/Workspace/cuchx-large/hf_data_manual/LMT_(IMU,Radar,Skeleton)/Training/HAU/user16/6-2-1",9.0,414.0,17074336.816,17074377.316,9.0,47.0,17074336.816,17074340.616,3,harn_anchored
user16|6|2,user16,6,2,2,Checking body temperature,39_Take_body_temperature,Impatiently,FAST,HAU/user16/6-2-2,"/Users/toheeb.ogunade/Workspace/cuchx-large/hf_data_manual/LMT_(IMU,Radar,Skeleton)/Training/HAU/user16/6-2-2",8.0,309.0,17074476.716,17074506.816,8.0,40.0,17074476.716,17074479.916,3,harn_anchored
user16|6|2,user16,6,2,3,Checking body temperature,39_Take_body_temperature,Orderly,CARE,HAU/user16/6-2-3,"/Users/toheeb.ogunade/Workspace/cuchx-large/hf_data_manual/LMT_(IMU,Radar,Skeleton)/Training/HAU/user16/6-2-3",6.0,426.0,17074700.516,17074742.516,6.0,50.0,17074700.516,17074704.916,3,harn_anchored
user16|6|2,user16,6,2,1,Drinking,6_Drink_water,Casually,NEUT,HAU/user16/6-2-1,"/Users/toheeb.ogunade/Workspace/cuchx-large/hf_data_manual/LMT_(IMU,Radar,Skeleton)/Training/HAU/user16/6-2-1",9.0,414.0,17074336.816,17074377.316,399.0,414.0,17074375.816,17074377.316,3,harn_anchored
user16|6|2,user16,6,2,2,Drinking,6_Drink_water,Impatiently,FAST,HAU/user16/6-2-2,"/Users/toheeb.ogunade/Workspace/cuchx-large/hf_data_manual/LMT_(IMU,Radar,Skeleton)/Training/HAU/user16/6-2-2",8.0,309.0,17074476.716,17074506.816,297.0,309.0,17074505.616,17074506.816,3,harn_anchored
user16|6|2,user16,6,2,3,Drinking,6_Drink_water,Orderly,CARE,HAU/user16/6-2-3,"/Users/toheeb.ogunade/Workspace/cuchx-large/hf_data_manual/LMT_(IMU,Radar,Skeleton)/Training/HAU/user16/6-2-3",6.0,426.0,17074700.516,17074742.516,408.0,426.0,17074740.716,17074742.516,3,harn_anchored
user16|6|2,user16,6,2,1,Eating,7_Eat_food,Casually,NEUT,HAU/user16/6-2-1,"/Users/toheeb.ogunade/Workspace/cuchx-large/hf_data_manual/LMT_(IMU,Radar,Skeleton)/Training/HAU/user16/6-2-1",9.0,414.0,17074336.816,17074377.316,350.0,372.0,17074370.916,17074373.116,3,harn_anchored
user16|6|2,user16,6,2,2,Eating,7_Eat_food,Impatiently,FAST,HAU/user16/6-2-2,"/Users/toheeb.ogunade/Workspace/cuchx-large/hf_data_manual/LMT_(IMU,Radar,Skeleton)/Training/HAU/user16/6-2-2",8.0,309.0,17074476.716,17074506.816,252.0,280.0,17074501.116,17074503.916,3,harn_anchored
user16|6|2,user16,6,2,3,Eating,7_Eat_food,Orderly,CARE,HAU/user16/6-2-3,"/Users/toheeb.ogunade/Workspace/cuchx-large/hf_data_manual/LMT_(IMU,Radar,Skeleton)/Training/HAU/user16/6-2-3",6.0,426.0,17074700.516,17074742.516,346.0,380.0,17074734.516,17074737.916,3,harn_anchored
user16|6|2,user16,6,2,1,Grabbing utensils,8_Take_and_use_tableware,Casually,NEUT,HAU/user16/6-2-1,"/Users/toheeb.ogunade/Workspace/cuchx-large/hf_data_manual/LMT_(IMU,Radar,Skeleton)/Training/HAU/user16/6-2-1",9.0,414.0,17074336.816,17074377.316,331.0,349.0,17074369.016,17074370.816,3,harn_anchored
user16|6|2,user16,6,2,2,Grabbing utensils,8_Take_and_use_tableware,Impatiently,FAST,HAU/user16/6-2-2,"/Users/toheeb.ogunade/Workspace/cuchx-large/hf_data_manual/LMT_(IMU,Radar,Skeleton)/Training/HAU/user16/6-2-2",8.0,309.0,17074476.716,17074506.816,235.0,251.0,17074499.416,17074501.016,3,harn_anchored
user16|6|2,user16,6,2,3,Grabbing utensils,8_Take_and_use_tableware,Orderly,CARE,HAU/user16/6-2-3,"/Users/toheeb.ogunade/Workspace/cuchx-large/hf_data_manual/LMT_(IMU,Radar,Skeleton)/Training/HAU/user16/6-2-3",6.0,426.0,17074700.516,17074742.516,304.0,344.0,17074730.316,17074734.316,3,harn_anchored
user16|7|1,user16,7,1,1,Sitting down,34_Sit_down,Gently,SLOW,HAU/user16/7-1-1,"/Users/toheeb.ogunade/Workspace/cuchx-large/hf_data_manual/LMT_(IMU,Radar,Skeleton)/Training/HAU/user16/7-1-1",3.0,152.0,16913108.216,16913123.116,27.0,34.0,16913110.616,16913111.316,3,harn_anchored
user16|7|1,user16,7,1,2,Sitting down,34_Sit_down,Steadily,NEUT,HAU/user16/7-1-2,"/Users/toheeb.ogunade/Workspace/cuchx-large/hf_data_manual/LMT_(IMU,Radar,Skeleton)/Training/HAU/user16/7-1-2",17.0,104.0,16913213.616,16913222.316,17.0,42.0,16913213.616,16913216.116,3,harn_anchored
user16|7|1,user16,7,1,3,Sitting down,34_Sit_down,Quickly,FAST,HAU/user16/7-1-3,"/Users/toheeb.ogunade/Workspace/cuchx-large/hf_data_manual/LMT_(IMU,Radar,Skeleton)/Training/HAU/user16/7-1-3",24.0,73.0,16913306.316,16913311.216,24.0,36.0,16913306.316,16913307.516,3,harn_anchored
user16|7|1,user16,7,1,1,Massaging oneself,38_Massage_oneself,Gently,SLOW,HAU/user16/7-1-1,"/Users/toheeb.ogunade/Workspace/cuchx-large/hf_data_manual/LMT_(IMU,Radar,Skeleton)/Training/HAU/user16/7-1-1",3.0,152.0,16913108.216,16913123.116,92.0,152.0,16913117.116,16913123.116,3,harn_anchored
user16|7|1,user16,7,1,2,Massaging oneself,38_Massage_oneself,Steadily,NEUT,HAU/user16/7-1-2,"/Users/toheeb.ogunade/Workspace/cuchx-large/hf_data_manual/LMT_(IMU,Radar,Skeleton)/Training/HAU/user16/7-1-2",17.0,104.0,16913213.616,16913222.316,65.0,104.0,16913218.416,16913222.316,3,harn_anchored
user16|7|1,user16,7,1,3,Massaging oneself,38_Massage_oneself,Quickly,FAST,HAU/user16/7-1-3,"/Users/toheeb.ogunade/Workspace/cuchx-large/hf_data_manual/LMT_(IMU,Radar,Skeleton)/Training/HAU/user16/7-1-3",24.0,73.0,16913306.316,16913311.216,49.0,73.0,16913308.816,16913311.216,3,harn_anchored
user16|7|2,user16,7,2,1,Stirring,10_Stir_drinks,Gracefully,NEUT,HAU/user16/7-2-1,"/Users/toheeb.ogunade/Workspace/cuchx-large/hf_data_manual/LMT_(IMU,Radar,Skeleton)/Training/HAU/user16/7-2-1",6.0,203.0,17074865.516,17074885.216,92.0,130.0,17074874.116,17074877.916,3,harn_anchored
user16|7|2,user16,7,2,2,Stirring,10_Stir_drinks,Steadily,NEUT,HAU/user16/7-2-2,"/Users/toheeb.ogunade/Workspace/cuchx-large/hf_data_manual/LMT_(IMU,Radar,Skeleton)/Training/HAU/user16/7-2-2",14.0,181.0,17074951.316,17074968.016,81.0,118.0,17074958.016,17074961.716,3,harn_anchored
user16|7|2,user16,7,2,3,Stirring,10_Stir_drinks,Hurriedly,FAST,HAU/user16/7-2-3,"/Users/toheeb.ogunade/Workspace/cuchx-large/hf_data_manual/LMT_(IMU,Radar,Skeleton)/Training/HAU/user16/7-2-3",5.0,135.0,17075097.416,17075110.416,61.0,80.0,17075103.016,17075104.916,3,harn_anchored
user16|7|2,user16,7,2,1,Eating,7_Eat_food,Gracefully,NEUT,HAU/user16/7-2-1,"/Users/toheeb.ogunade/Workspace/cuchx-large/hf_data_manual/LMT_(IMU,Radar,Skeleton)/Training/HAU/user16/7-2-1",6.0,203.0,17074865.516,17074885.216,163.0,203.0,17074881.216,17074885.216,3,harn_anchored
user16|7|2,user16,7,2,2,Eating,7_Eat_food,Steadily,NEUT,HAU/user16/7-2-2,"/Users/toheeb.ogunade/Workspace/cuchx-large/hf_data_manual/LMT_(IMU,Radar,Skeleton)/Training/HAU/user16/7-2-2",14.0,181.0,17074951.316,17074968.016,161.0,181.0,17074966.016,17074968.016,3,harn_anchored
user16|7|2,user16,7,2,3,Eating,7_Eat_food,Hurriedly,FAST,HAU/user16/7-2-3,"/Users/toheeb.ogunade/Workspace/cuchx-large/hf_data_manual/LMT_(IMU,Radar,Skeleton)/Training/HAU/user16/7-2-3",5.0,135.0,17075097.416,17075110.416,109.0,135.0,17075107.816,17075110.416,3,harn_anchored
user16|7|2,user16,7,2,1,Pouring,9_Pour_drinks,Gracefully,NEUT,HAU/user16/7-2-1,"/Users/toheeb.ogunade/Workspace/cuchx-large/hf_data_manual/LMT_(IMU,Radar,Skeleton)/Training/HAU/user16/7-2-1",6.0,203.0,17074865.516,17074885.216,47.0,78.0,17074869.616,17074872.716,3,harn_anchored
user16|7|2,user16,7,2,2,Pouring,9_Pour_drinks,Steadily,NEUT,HAU/user16/7-2-2,"/Users/toheeb.ogunade/Workspace/cuchx-large/hf_data_manual/LMT_(IMU,Radar,Skeleton)/Training/HAU/user16/7-2-2",14.0,181.0,17074951.316,17074968.016,42.0,71.0,17074954.116,17074957.016,3,harn_anchored
user16|7|2,user16,7,2,3,Pouring,9_Pour_drinks,Hurriedly,FAST,HAU/user16/7-2-3,"/Users/toheeb.ogunade/Workspace/cuchx-large/hf_data_manual/LMT_(IMU,Radar,Skeleton)/Training/HAU/user16/7-2-3",5.0,135.0,17075097.416,17075110.416,23.0,47.0,17075099.216,17075101.616,3,harn_anchored
user16|7|3,user16,7,3,1,Checking the time,20_Check_the_time,Peacefully,SLOW,HAU/user16/7-3-1,"/Users/toheeb.ogunade/Workspace/cuchx-large/hf_data_manual/LMT_(IMU,Radar,Skeleton)/Training/HAU/user16/7-3-1",15.0,189.0,16913393.416,16913410.816,68.0,93.0,16913398.716,16913401.216,3,harn_anchored
user16|7|3,user16,7,3,2,Checking the time,20_Check_the_time,Carefully,CARE,HAU/user16/7-3-2,"/Users/toheeb.ogunade/Workspace/cuchx-large/hf_data_manual/LMT_(IMU,Radar,Skeleton)/Training/HAU/user16/7-3-2",14.0,200.0,16913466.316,16913484.916,57.0,90.0,16913470.616,16913473.916,3,harn_anchored
user16|7|3,user16,7,3,3,Checking the time,20_Check_the_time,Rapidly,FAST,HAU/user16/7-3-3,"/Users/toheeb.ogunade/Workspace/cuchx-large/hf_data_manual/LMT_(IMU,Radar,Skeleton)/Training/HAU/user16/7-3-3",10.0,128.0,16913544.916,16913556.716,41.0,62.0,16913548.016,16913550.116,3,harn_anchored
user16|7|3,user16,7,3,1,Reading,21_Read_documents,Peacefully,SLOW,HAU/user16/7-3-1,"/Users/toheeb.ogunade/Workspace/cuchx-large/hf_data_manual/LMT_(IMU,Radar,Skeleton)/Training/HAU/user16/7-3-1",15.0,189.0,16913393.416,16913410.816,109.0,125.0,16913402.816,16913404.416,3,harn_anchored
user16|7|3,user16,7,3,2,Reading,21_Read_documents,Carefully,CARE,HAU/user16/7-3-2,"/Users/toheeb.ogunade/Workspace/cuchx-large/hf_data_manual/LMT_(IMU,Radar,Skeleton)/Training/HAU/user16/7-3-2",14.0,200.0,16913466.316,16913484.916,105.0,122.0,16913475.416,16913477.116,3,harn_anchored
user16|7|3,user16,7,3,3,Reading,21_Read_documents,Rapidly,FAST,HAU/user16/7-3-3,"/Users/toheeb.ogunade/Workspace/cuchx-large/hf_data_manual/LMT_(IMU,Radar,Skeleton)/Training/HAU/user16/7-3-3",10.0,128.0,16913544.916,16913556.716,77.0,80.0,16913551.616,16913551.916,3,harn_anchored
user16|7|3,user16,7,3,1,Turning a page,22_Turn_pages,Peacefully,SLOW,HAU/user16/7-3-1,"/Users/toheeb.ogunade/Workspace/cuchx-large/hf_data_manual/LMT_(IMU,Radar,Skeleton)/Training/HAU/user16/7-3-1",15.0,189.0,16913393.416,16913410.816,126.0,189.0,16913404.516,16913410.816,3,harn_anchored
user16|7|3,user16,7,3,2,Turning a page,22_Turn_pages,Carefully,CARE,HAU/user16/7-3-2,"/Users/toheeb.ogunade/Workspace/cuchx-large/hf_data_manual/LMT_(IMU,Radar,Skeleton)/Training/HAU/user16/7-3-2",14.0,200.0,16913466.316,16913484.916,123.0,190.0,16913477.216,16913483.916,3,harn_anchored
user16|7|3,user16,7,3,3,Turning a page,22_Turn_pages,Rapidly,FAST,HAU/user16/7-3-3,"/Users/toheeb.ogunade/Workspace/cuchx-large/hf_data_manual/LMT_(IMU,Radar,Skeleton)/Training/HAU/user16/7-3-3",10.0,128.0,16913544.916,16913556.716,81.0,128.0,16913552.016,16913556.716,3,harn_anchored
user16|7|3,user16,7,3,1,Sitting down,34_Sit_down,Peacefully,SLOW,HAU/user16/7-3-1,"/Users/toheeb.ogunade/Workspace/cuchx-large/hf_data_manual/LMT_(IMU,Radar,Skeleton)/Training/HAU/user16/7-3-1",15.0,189.0,16913393.416,16913410.816,93.0,108.0,16913401.216,16913402.716,3,harn_anchored
user16|7|3,user16,7,3,2,Sitting down,34_Sit_down,Carefully,CARE,HAU/user16/7-3-2,"/Users/toheeb.ogunade/Workspace/cuchx-large/hf_data_manual/LMT_(IMU,Radar,Skeleton)/Training/HAU/user16/7-3-2",14.0,200.0,16913466.316,16913484.916,89.0,99.0,16913473.816,16913474.816,3,harn_anchored
user16|7|3,user16,7,3,3,Sitting down,34_Sit_down,Rapidly,FAST,HAU/user16/7-3-3,"/Users/toheeb.ogunade/Workspace/cuchx-large/hf_data_manual/LMT_(IMU,Radar,Skeleton)/Training/HAU/user16/7-3-3",10.0,128.0,16913544.916,16913556.716,61.0,70.0,16913550.016,16913550.916,3,harn_anchored
user16|7|3,user16,7,3,1,Walking,36_Walk,Peacefully,SLOW,HAU/user16/7-3-1,"/Users/toheeb.ogunade/Workspace/cuchx-large/hf_data_manual/LMT_(IMU,Radar,Skeleton)/Training/HAU/user16/7-3-1",15.0,189.0,16913393.416,16913410.816,29.0,66.0,16913394.816,16913398.516,3,harn_anchored
user16|7|3,user16,7,3,2,Walking,36_Walk,Carefully,CARE,HAU/user16/7-3-2,"/Users/toheeb.ogunade/Workspace/cuchx-large/hf_data_manual/LMT_(IMU,Radar,Skeleton)/Training/HAU/user16/7-3-2",14.0,200.0,16913466.316,16913484.916,23.0,54.0,16913467.216,16913470.316,3,harn_anchored
user16|7|3,user16,7,3,3,Walking,36_Walk,Rapidly,FAST,HAU/user16/7-3-3,"/Users/toheeb.ogunade/Workspace/cuchx-large/hf_data_manual/LMT_(IMU,Radar,Skeleton)/Training/HAU/user16/7-3-3",10.0,128.0,16913544.916,16913556.716,23.0,40.0,16913546.216,16913547.916,3,harn_anchored
user17|1|1,user17,1,1,1,Brushing teeth,1_Brush_teeth,Meticulously,CARE,HAU/user17/1-1-1,"/Users/toheeb.ogunade/Workspace/cuchx-large/hf_data_manual/LMT_(IMU,Radar,Skeleton)/Training/HAU/user17/1-1-1",15.0,326.0,16973888.416,16973919.516,42.0,61.0,16973891.116,16973893.016,3,harn_anchored
user17|1|1,user17,1,1,2,Brushing teeth,1_Brush_teeth,Steadily,NEUT,HAU/user17/1-1-2,"/Users/toheeb.ogunade/Workspace/cuchx-large/hf_data_manual/LMT_(IMU,Radar,Skeleton)/Training/HAU/user17/1-1-2",8.0,196.0,16973987.716,16974006.516,32.0,56.0,16973990.116,16973992.516,3,harn_anchored
user17|1|1,user17,1,1,3,Brushing teeth,1_Brush_teeth,Rapidly,FAST,HAU/user17/1-1-3,"/Users/toheeb.ogunade/Workspace/cuchx-large/hf_data_manual/LMT_(IMU,Radar,Skeleton)/Training/HAU/user17/1-1-3",8.0,184.0,16974067.716,16974085.316,29.0,52.0,16974069.816,16974072.116,3,harn_anchored
user17|1|1,user17,1,1,1,Combing hair,2_Comb_hair,Meticulously,CARE,HAU/user17/1-1-1,"/Users/toheeb.ogunade/Workspace/cuchx-large/hf_data_manual/LMT_(IMU,Radar,Skeleton)/Training/HAU/user17/1-1-1",15.0,326.0,16973888.416,16973919.516,154.0,223.0,16973902.316,16973909.216,3,harn_anchored
user17|1|1,user17,1,1,2,Combing hair,2_Comb_hair,Steadily,NEUT,HAU/user17/1-1-2,"/Users/toheeb.ogunade/Workspace/cuchx-large/hf_data_manual/LMT_(IMU,Radar,Skeleton)/Training/HAU/user17/1-1-2",8.0,196.0,16973987.716,16974006.516,122.0,132.0,16973999.116,16974000.116,3,harn_anchored
user17|1|1,user17,1,1,3,Combing hair,2_Comb_hair,Rapidly,FAST,HAU/user17/1-1-3,"/Users/toheeb.ogunade/Workspace/cuchx-large/hf_data_manual/LMT_(IMU,Radar,Skeleton)/Training/HAU/user17/1-1-3",8.0,184.0,16974067.716,16974085.316,100.0,120.0,16974076.916,16974078.916,3,harn_anchored
user17|1|1,user17,1,1,1,Wiping hands,4_Wipe_hands,Meticulously,CARE,HAU/user17/1-1-1,"/Users/toheeb.ogunade/Workspace/cuchx-large/hf_data_manual/LMT_(IMU,Radar,Skeleton)/Training/HAU/user17/1-1-1",15.0,326.0,16973888.416,16973919.516,87.0,131.0,16973895.616,16973900.016,3,harn_anchored
user17|1|1,user17,1,1,2,Wiping hands,4_Wipe_hands,Steadily,NEUT,HAU/user17/1-1-2,"/Users/toheeb.ogunade/Workspace/cuchx-large/hf_data_manual/LMT_(IMU,Radar,Skeleton)/Training/HAU/user17/1-1-2",8.0,196.0,16973987.716,16974006.516,65.0,92.0,16973993.416,16973996.116,3,harn_anchored
user17|1|1,user17,1,1,3,Wiping hands,4_Wipe_hands,Rapidly,FAST,HAU/user17/1-1-3,"/Users/toheeb.ogunade/Workspace/cuchx-large/hf_data_manual/LMT_(IMU,Radar,Skeleton)/Training/HAU/user17/1-1-3",8.0,184.0,16974067.716,16974085.316,61.0,84.0,16974073.016,16974075.316,3,harn_anchored
user17|1|1,user17,1,1,1,Getting dressed,5_Put_on_clothes,Meticulously,CARE,HAU/user17/1-1-1,"/Users/toheeb.ogunade/Workspace/cuchx-large/hf_data_manual/LMT_(IMU,Radar,Skeleton)/Training/HAU/user17/1-1-1",15.0,326.0,16973888.416,16973919.516,237.0,326.0,16973910.616,16973919.516,3,harn_anchored
user17|1|1,user17,1,1,2,Getting dressed,5_Put_on_clothes,Steadily,NEUT,HAU/user17/1-1-2,"/Users/toheeb.ogunade/Workspace/cuchx-large/hf_data_manual/LMT_(IMU,Radar,Skeleton)/Training/HAU/user17/1-1-2",8.0,196.0,16973987.716,16974006.516,137.0,196.0,16974000.616,16974006.516,3,harn_anchored
user17|1|1,user17,1,1,3,Getting dressed,5_Put_on_clothes,Rapidly,FAST,HAU/user17/1-1-3,"/Users/toheeb.ogunade/Workspace/cuchx-large/hf_data_manual/LMT_(IMU,Radar,Skeleton)/Training/HAU/user17/1-1-3",8.0,184.0,16974067.716,16974085.316,130.0,184.0,16974079.916,16974085.316,3,harn_anchored
user17|1|2,user17,1,2,1,Checking the time,20_Check_the_time,Gracefully,NEUT,HAU/user17/1-2-1,"/Users/toheeb.ogunade/Workspace/cuchx-large/hf_data_manual/LMT_(IMU,Radar,Skeleton)/Training/HAU/user17/1-2-1",17.0,394.0,16889258.616,16889296.316,277.0,293.0,16889284.616,16889286.216,3,harn_anchored
user17|1|2,user17,1,2,2,Checking the time,20_Check_the_time,Hurriedly,FAST,HAU/user17/1-2-2,"/Users/toheeb.ogunade/Workspace/cuchx-large/hf_data_manual/LMT_(IMU,Radar,Skeleton)/Training/HAU/user17/1-2-2",18.0,198.0,16889396.716,16889414.716,126.0,145.0,16889407.516,16889409.416,3,harn_anchored
user17|1|2,user17,1,2,3,Checking the time,20_Check_the_time,Calmly,SLOW,HAU/user17/1-2-3,"/Users/toheeb.ogunade/Workspace/cuchx-large/hf_data_manual/LMT_(IMU,Radar,Skeleton)/Training/HAU/user17/1-2-3",15.0,238.0,16889492.416,16889514.716,166.0,176.0,16889507.516,16889508.516,3,harn_anchored
user17|1|2,user17,1,2,1,Taking a selfie,27_Take_a_selfie,Gracefully,NEUT,HAU/user17/1-2-1,"/Users/toheeb.ogunade/Workspace/cuchx-large/hf_data_manual/LMT_(IMU,Radar,Skeleton)/Training/HAU/user17/1-2-1",17.0,394.0,16889258.616,16889296.316,348.0,393.0,16889291.716,16889296.216,3,harn_anchored
user17|1|2,user17,1,2,2,Taking a selfie,27_Take_a_selfie,Hurriedly,FAST,HAU/user17/1-2-2,"/Users/toheeb.ogunade/Workspace/cuchx-large/hf_data_manual/LMT_(IMU,Radar,Skeleton)/Training/HAU/user17/1-2-2",18.0,198.0,16889396.716,16889414.716,168.0,188.0,16889411.716,16889413.716,3,harn_anchored
user17|1|2,user17,1,2,3,Taking a selfie,27_Take_a_selfie,Calmly,SLOW,HAU/user17/1-2-3,"/Users/toheeb.ogunade/Workspace/cuchx-large/hf_data_manual/LMT_(IMU,Radar,Skeleton)/Training/HAU/user17/1-2-3",15.0,238.0,16889492.416,16889514.716,207.0,236.0,16889511.616,16889514.516,3,harn_anchored
user17|1|2,user17,1,2,1,Sitting down,34_Sit_down,Gracefully,NEUT,HAU/user17/1-2-1,"/Users/toheeb.ogunade/Workspace/cuchx-large/hf_data_manual/LMT_(IMU,Radar,Skeleton)/Training/HAU/user17/1-2-1",17.0,394.0,16889258.616,16889296.316,87.0,99.0,16889265.616,16889266.816,3,harn_anchored
user17|1|2,user17,1,2,2,Sitting down,34_Sit_down,Hurriedly,FAST,HAU/user17/1-2-2,"/Users/toheeb.ogunade/Workspace/cuchx-large/hf_data_manual/LMT_(IMU,Radar,Skeleton)/Training/HAU/user17/1-2-2",18.0,198.0,16889396.716,16889414.716,62.0,70.0,16889401.116,16889401.916,3,harn_anchored
user17|1|2,user17,1,2,3,Sitting down,34_Sit_down,Calmly,SLOW,HAU/user17/1-2-3,"/Users/toheeb.ogunade/Workspace/cuchx-large/hf_data_manual/LMT_(IMU,Radar,Skeleton)/Training/HAU/user17/1-2-3",15.0,238.0,16889492.416,16889514.716,66.0,74.0,16889497.516,16889498.316,3,harn_anchored
user17|1|2,user17,1,2,1,Walking,36_Walk,Gracefully,NEUT,HAU/user17/1-2-1,"/Users/toheeb.ogunade/Workspace/cuchx-large/hf_data_manual/LMT_(IMU,Radar,Skeleton)/Training/HAU/user17/1-2-1",17.0,394.0,16889258.616,16889296.316,46.0,82.0,16889261.516,16889265.116,3,harn_anchored
user17|1|2,user17,1,2,2,Walking,36_Walk,Hurriedly,FAST,HAU/user17/1-2-2,"/Users/toheeb.ogunade/Workspace/cuchx-large/hf_data_manual/LMT_(IMU,Radar,Skeleton)/Training/HAU/user17/1-2-2",18.0,198.0,16889396.716,16889414.716,38.0,61.0,16889398.716,16889401.016,3,harn_anchored
user17|1|2,user17,1,2,3,Walking,36_Walk,Calmly,SLOW,HAU/user17/1-2-3,"/Users/toheeb.ogunade/Workspace/cuchx-large/hf_data_manual/LMT_(IMU,Radar,Skeleton)/Training/HAU/user17/1-2-3",15.0,238.0,16889492.416,16889514.716,36.0,62.0,16889494.516,16889497.116,3,harn_anchored
user17|1|2,user17,1,2,1,Eating,7_Eat_food,Gracefully,NEUT,HAU/user17/1-2-1,"/Users/toheeb.ogunade/Workspace/cuchx-large/hf_data_manual/LMT_(IMU,Radar,Skeleton)/Training/HAU/user17/1-2-1",17.0,394.0,16889258.616,16889296.316,194.0,215.0,16889276.316,16889278.416,3,harn_anchored
user17|1|2,user17,1,2,2,Eating,7_Eat_food,Hurriedly,FAST,HAU/user17/1-2-2,"/Users/toheeb.ogunade/Workspace/cuchx-large/hf_data_manual/LMT_(IMU,Radar,Skeleton)/Training/HAU/user17/1-2-2",18.0,198.0,16889396.716,16889414.716,97.0,104.0,16889404.616,16889405.316,3,harn_anchored
user17|1|2,user17,1,2,3,Eating,7_Eat_food,Calmly,SLOW,HAU/user17/1-2-3,"/Users/toheeb.ogunade/Workspace/cuchx-large/hf_data_manual/LMT_(IMU,Radar,Skeleton)/Training/HAU/user17/1-2-3",15.0,238.0,16889492.416,16889514.716,115.0,137.0,16889502.416,16889504.616,3,harn_anchored
user17|1|2,user17,1,2,1,Grabbing utensils,8_Take_and_use_tableware,Gracefully,NEUT,HAU/user17/1-2-1,"/Users/toheeb.ogunade/Workspace/cuchx-large/hf_data_manual/LMT_(IMU,Radar,Skeleton)/Training/HAU/user17/1-2-1",17.0,394.0,16889258.616,16889296.316,194.0,215.0,16889276.316,16889278.416,3,harn_anchored
user17|1|2,user17,1,2,2,Grabbing utensils,8_Take_and_use_tableware,Hurriedly,FAST,HAU/user17/1-2-2,"/Users/toheeb.ogunade/Workspace/cuchx-large/hf_data_manual/LMT_(IMU,Radar,Skeleton)/Training/HAU/user17/1-2-2",18.0,198.0,16889396.716,16889414.716,97.0,104.0,16889404.616,16889405.316,3,harn_anchored
user17|1|2,user17,1,2,3,Grabbing utensils,8_Take_and_use_tableware,Calmly,SLOW,HAU/user17/1-2-3,"/Users/toheeb.ogunade/Workspace/cuchx-large/hf_data_manual/LMT_(IMU,Radar,Skeleton)/Training/HAU/user17/1-2-3",15.0,238.0,16889492.416,16889514.716,115.0,137.0,16889502.416,16889504.616,3,harn_anchored
user17|1|2,user17,1,2,1,Pouring,9_Pour_drinks,Gracefully,NEUT,HAU/user17/1-2-1,"/Users/toheeb.ogunade/Workspace/cuchx-large/hf_data_manual/LMT_(IMU,Radar,Skeleton)/Training/HAU/user17/1-2-1",17.0,394.0,16889258.616,16889296.316,132.0,158.0,16889270.116,16889272.716,3,harn_anchored
user17|1|2,user17,1,2,2,Pouring,9_Pour_drinks,Hurriedly,FAST,HAU/user17/1-2-2,"/Users/toheeb.ogunade/Workspace/cuchx-large/hf_data_manual/LMT_(IMU,Radar,Skeleton)/Training/HAU/user17/1-2-2",18.0,198.0,16889396.716,16889414.716,72.0,85.0,16889402.116,16889403.416,3,harn_anchored
user17|1|2,user17,1,2,3,Pouring,9_Pour_drinks,Calmly,SLOW,HAU/user17/1-2-3,"/Users/toheeb.ogunade/Workspace/cuchx-large/hf_data_manual/LMT_(IMU,Radar,Skeleton)/Training/HAU/user17/1-2-3",15.0,238.0,16889492.416,16889514.716,77.0,101.0,16889498.616,16889501.016,3,harn_anchored
user17|2|1,user17,2,1,1,Stirring,10_Stir_drinks,Leisurely,SLOW,HAU/user17/2-1-1,"/Users/toheeb.ogunade/Workspace/cuchx-large/hf_data_manual/LMT_(IMU,Radar,Skeleton)/Training/HAU/user17/2-1-1",14.0,282.0,17068304.316,17068331.116,250.0,282.0,17068327.916,17068331.116,3,harn_anchored
user17|2|1,user17,2,1,2,Stirring,10_Stir_drinks,Calmly,SLOW,HAU/user17/2-1-2,"/Users/toheeb.ogunade/Workspace/cuchx-large/hf_data_manual/LMT_(IMU,Radar,Skeleton)/Training/HAU/user17/2-1-2",15.0,213.0,17068396.416,17068416.216,185.0,212.0,17068413.416,17068416.116,3,harn_anchored
user17|2|1,user17,2,1,3,Stirring,10_Stir_drinks,Hastily,FAST,HAU/user17/2-1-3,"/Users/toheeb.ogunade/Workspace/cuchx-large/hf_data_manual/LMT_(IMU,Radar,Skeleton)/Training/HAU/user17/2-1-3",16.0,193.0,17068471.516,17068489.216,172.0,193.0,17068487.116,17068489.216,3,harn_anchored
user17|2|1,user17,2,1,1,Grabbing utensils,8_Take_and_use_tableware,Leisurely,SLOW,HAU/user17/2-1-1,"/Users/toheeb.ogunade/Workspace/cuchx-large/hf_data_manual/LMT_(IMU,Radar,Skeleton)/Training/HAU/user17/2-1-1",14.0,282.0,17068304.316,17068331.116,58.0,93.0,17068308.716,17068312.216,3,harn_anchored
user17|2|1,user17,2,1,2,Grabbing utensils,8_Take_and_use_tableware,Calmly,SLOW,HAU/user17/2-1-2,"/Users/toheeb.ogunade/Workspace/cuchx-large/hf_data_manual/LMT_(IMU,Radar,Skeleton)/Training/HAU/user17/2-1-2",15.0,213.0,17068396.416,17068416.216,44.0,70.0,17068399.316,17068401.916,3,harn_anchored
user17|2|1,user17,2,1,3,Grabbing utensils,8_Take_and_use_tableware,Hastily,FAST,HAU/user17/2-1-3,"/Users/toheeb.ogunade/Workspace/cuchx-large/hf_data_manual/LMT_(IMU,Radar,Skeleton)/Training/HAU/user17/2-1-3",16.0,193.0,17068471.516,17068489.216,40.0,64.0,17068473.916,17068476.316,3,harn_anchored
user17|2|1,user17,2,1,1,Pouring,9_Pour_drinks,Leisurely,SLOW,HAU/user17/2-1-1,"/Users/toheeb.ogunade/Workspace/cuchx-large/hf_data_manual/LMT_(IMU,Radar,Skeleton)/Training/HAU/user17/2-1-1",14.0,282.0,17068304.316,17068331.116,169.0,197.0,17068319.816,17068322.616,3,harn_anchored
user17|2|1,user17,2,1,2,Pouring,9_Pour_drinks,Calmly,SLOW,HAU/user17/2-1-2,"/Users/toheeb.ogunade/Workspace/cuchx-large/hf_data_manual/LMT_(IMU,Radar,Skeleton)/Training/HAU/user17/2-1-2",15.0,213.0,17068396.416,17068416.216,135.0,154.0,17068408.416,17068410.316,3,harn_anchored
user17|2|1,user17,2,1,3,Pouring,9_Pour_drinks,Hastily,FAST,HAU/user17/2-1-3,"/Users/toheeb.ogunade/Workspace/cuchx-large/hf_data_manual/LMT_(IMU,Radar,Skeleton)/Training/HAU/user17/2-1-3",16.0,193.0,17068471.516,17068489.216,133.0,145.0,17068483.216,17068484.416,3,harn_anchored
user17|2|2,user17,2,2,1,Stirring,10_Stir_drinks,Slowly,SLOW,HAU/user17/2-2-1,"/Users/toheeb.ogunade/Workspace/cuchx-large/hf_data_manual/LMT_(IMU,Radar,Skeleton)/Training/HAU/user17/2-2-1",18.0,338.0,16890277.716,16890309.716,30.0,56.0,16890278.916,16890281.516,3,harn_anchored
user17|2|2,user17,2,2,2,Stirring,10_Stir_drinks,Steadily,NEUT,HAU/user17/2-2-2,"/Users/toheeb.ogunade/Workspace/cuchx-large/hf_data_manual/LMT_(IMU,Radar,Skeleton)/Training/HAU/user17/2-2-2",9.0,323.0,16890409.816,16890441.216,22.0,49.0,16890411.116,16890413.816,3,harn_anchored
user17|2|2,user17,2,2,3,Stirring,10_Stir_drinks,Rapidly,FAST,HAU/user17/2-2-3,"/Users/toheeb.ogunade/Workspace/cuchx-large/hf_data_manual/LMT_(IMU,Radar,Skeleton)/Training/HAU/user17/2-2-3",16.0,173.0,16890510.516,16890526.216,21.0,40.0,16890511.016,16890512.916,3,harn_anchored
user17|2|2,user17,2,2,1,Wiping surface,15_Wipe_windows_and_tables,Slowly,SLOW,HAU/user17/2-2-1,"/Users/toheeb.ogunade/Workspace/cuchx-large/hf_data_manual/LMT_(IMU,Radar,Skeleton)/Training/HAU/user17/2-2-1",18.0,338.0,16890277.716,16890309.716,176.0,215.0,16890293.516,16890297.416,3,harn_anchored
user17|2|2,user17,2,2,2,Wiping surface,15_Wipe_windows_and_tables,Steadily,NEUT,HAU/user17/2-2-2,"/Users/toheeb.ogunade/Workspace/cuchx-large/hf_data_manual/LMT_(IMU,Radar,Skeleton)/Training/HAU/user17/2-2-2",9.0,323.0,16890409.816,16890441.216,187.0,227.0,16890427.616,16890431.616,3,harn_anchored
user17|2|2,user17,2,2,3,Wiping surface,15_Wipe_windows_and_tables,Rapidly,FAST,HAU/user17/2-2-3,"/Users/toheeb.ogunade/Workspace/cuchx-large/hf_data_manual/LMT_(IMU,Radar,Skeleton)/Training/HAU/user17/2-2-3",16.0,173.0,16890510.516,16890526.216,111.0,132.0,16890520.016,16890522.116,3,harn_anchored
user17|2|2,user17,2,2,1,Jumping jacks,30_Do_jumping_jacks,Slowly,SLOW,HAU/user17/2-2-1,"/Users/toheeb.ogunade/Workspace/cuchx-large/hf_data_manual/LMT_(IMU,Radar,Skeleton)/Training/HAU/user17/2-2-1",18.0,338.0,16890277.716,16890309.716,126.0,162.0,16890288.516,16890292.116,3,harn_anchored
user17|2|2,user17,2,2,2,Jumping jacks,30_Do_jumping_jacks,Steadily,NEUT,HAU/user17/2-2-2,"/Users/toheeb.ogunade/Workspace/cuchx-large/hf_data_manual/LMT_(IMU,Radar,Skeleton)/Training/HAU/user17/2-2-2",9.0,323.0,16890409.816,16890441.216,129.0,171.0,16890421.816,16890426.016,3,harn_anchored
user17|2|2,user17,2,2,3,Jumping jacks,30_Do_jumping_jacks,Rapidly,FAST,HAU/user17/2-2-3,"/Users/toheeb.ogunade/Workspace/cuchx-large/hf_data_manual/LMT_(IMU,Radar,Skeleton)/Training/HAU/user17/2-2-3",16.0,173.0,16890510.516,16890526.216,90.0,106.0,16890517.916,16890519.516,3,harn_anchored
user17|2|2,user17,2,2,1,Lying down,33_Lie_down,Slowly,SLOW,HAU/user17/2-2-1,"/Users/toheeb.ogunade/Workspace/cuchx-large/hf_data_manual/LMT_(IMU,Radar,Skeleton)/Training/HAU/user17/2-2-1",18.0,338.0,16890277.716,16890309.716,62.0,90.0,16890282.116,16890284.916,3,harn_anchored
user17|2|2,user17,2,2,2,Lying down,33_Lie_down,Steadily,NEUT,HAU/user17/2-2-2,"/Users/toheeb.ogunade/Workspace/cuchx-large/hf_data_manual/LMT_(IMU,Radar,Skeleton)/Training/HAU/user17/2-2-2",9.0,323.0,16890409.816,16890441.216,60.0,91.0,16890414.916,16890418.016,3,harn_anchored
user17|2|2,user17,2,2,3,Lying down,33_Lie_down,Rapidly,FAST,HAU/user17/2-2-3,"/Users/toheeb.ogunade/Workspace/cuchx-large/hf_data_manual/LMT_(IMU,Radar,Skeleton)/Training/HAU/user17/2-2-3",16.0,173.0,16890510.516,16890526.216,43.0,61.0,16890513.216,16890515.016,3,harn_anchored
user17|2|2,user17,2,2,1,Sitting down,34_Sit_down,Slowly,SLOW,HAU/user17/2-2-1,"/Users/toheeb.ogunade/Workspace/cuchx-large/hf_data_manual/LMT_(IMU,Radar,Skeleton)/Training/HAU/user17/2-2-1",18.0,338.0,16890277.716,16890309.716,239.0,249.0,16890299.816,16890300.816,3,harn_anchored
user17|2|2,user17,2,2,2,Sitting down,34_Sit_down,Steadily,NEUT,HAU/user17/2-2-2,"/Users/toheeb.ogunade/Workspace/cuchx-large/hf_data_manual/LMT_(IMU,Radar,Skeleton)/Training/HAU/user17/2-2-2",9.0,323.0,16890409.816,16890441.216,252.0,260.0,16890434.116,16890434.916,3,harn_anchored
user17|2|2,user17,2,2,3,Sitting down,34_Sit_down,Rapidly,FAST,HAU/user17/2-2-3,"/Users/toheeb.ogunade/Workspace/cuchx-large/hf_data_manual/LMT_(IMU,Radar,Skeleton)/Training/HAU/user17/2-2-3",16.0,173.0,16890510.516,16890526.216,146.0,154.0,16890523.516,16890524.316,3,harn_anchored
user17|2|2,user17,2,2,1,Eating,7_Eat_food,Slowly,SLOW,HAU/user17/2-2-1,"/Users/toheeb.ogunade/Workspace/cuchx-large/hf_data_manual/LMT_(IMU,Radar,Skeleton)/Training/HAU/user17/2-2-1",18.0,338.0,16890277.716,16890309.716,261.0,305.0,16890302.016,16890306.416,3,harn_anchored
user17|2|2,user17,2,2,2,Eating,7_Eat_food,Steadily,NEUT,HAU/user17/2-2-2,"/Users/toheeb.ogunade/Workspace/cuchx-large/hf_data_manual/LMT_(IMU,Radar,Skeleton)/Training/HAU/user17/2-2-2",9.0,323.0,16890409.816,16890441.216,276.0,320.0,16890436.516,16890440.916,3,harn_anchored
user17|2|2,user17,2,2,3,Eating,7_Eat_food,Rapidly,FAST,HAU/user17/2-2-3,"/Users/toheeb.ogunade/Workspace/cuchx-large/hf_data_manual/LMT_(IMU,Radar,Skeleton)/Training/HAU/user17/2-2-3",16.0,173.0,16890510.516,16890526.216,153.0,172.0,16890524.216,16890526.116,3,harn_anchored
user17|3|1,user17,3,1,1,Sweeping,12_Sweep_the_floor,Gently,SLOW,HAU/user17/3-1-1,"/Users/toheeb.ogunade/Workspace/cuchx-large/hf_data_manual/LMT_(IMU,Radar,Skeleton)/Training/HAU/user17/3-1-1",18.0,372.0,16890646.716,16890682.116,18.0,111.0,16890646.716,16890656.016,3,harn_anchored
user17|3|1,user17,3,1,2,Sweeping,12_Sweep_the_floor,Smoothly,NEUT,HAU/user17/3-1-2,"/Users/toheeb.ogunade/Workspace/cuchx-large/hf_data_manual/LMT_(IMU,Radar,Skeleton)/Training/HAU/user17/3-1-2",9.0,274.0,16890772.816,16890799.316,9.0,97.0,16890772.816,16890781.616,3,harn_anchored
user17|3|1,user17,3,1,3,Sweeping,12_Sweep_the_floor,Quickly,FAST,HAU/user17/3-1-3,"/Users/toheeb.ogunade/Workspace/cuchx-large/hf_data_manual/LMT_(IMU,Radar,Skeleton)/Training/HAU/user17/3-1-3",12.0,174.0,16890918.116,16890934.316,12.0,50.0,16890918.116,16890921.916,3,harn_anchored
user17|3|1,user17,3,1,1,Mopping,13_Mop_the_floor,Gently,SLOW,HAU/user17/3-1-1,"/Users/toheeb.ogunade/Workspace/cuchx-large/hf_data_manual/LMT_(IMU,Radar,Skeleton)/Training/HAU/user17/3-1-1",18.0,372.0,16890646.716,16890682.116,150.0,212.0,16890659.916,16890666.116,3,harn_anchored
user17|3|1,user17,3,1,2,Mopping,13_Mop_the_floor,Smoothly,NEUT,HAU/user17/3-1-2,"/Users/toheeb.ogunade/Workspace/cuchx-large/hf_data_manual/LMT_(IMU,Radar,Skeleton)/Training/HAU/user17/3-1-2",9.0,274.0,16890772.816,16890799.316,122.0,163.0,16890784.116,16890788.216,3,harn_anchored
user17|3|1,user17,3,1,3,Mopping,13_Mop_the_floor,Quickly,FAST,HAU/user17/3-1-3,"/Users/toheeb.ogunade/Workspace/cuchx-large/hf_data_manual/LMT_(IMU,Radar,Skeleton)/Training/HAU/user17/3-1-3",12.0,174.0,16890918.116,16890934.316,70.0,96.0,16890923.916,16890926.516,3,harn_anchored
user17|3|1,user17,3,1,1,Running,28_Jog_in_place,Gently,SLOW,HAU/user17/3-1-1,"/Users/toheeb.ogunade/Workspace/cuchx-large/hf_data_manual/LMT_(IMU,Radar,Skeleton)/Training/HAU/user17/3-1-1",18.0,372.0,16890646.716,16890682.116,259.0,291.0,16890670.816,16890674.016,3,harn_anchored
user17|3|1,user17,3,1,2,Running,28_Jog_in_place,Smoothly,NEUT,HAU/user17/3-1-2,"/Users/toheeb.ogunade/Workspace/cuchx-large/hf_data_manual/LMT_(IMU,Radar,Skeleton)/Training/HAU/user17/3-1-2",9.0,274.0,16890772.816,16890799.316,192.0,235.0,16890791.116,16890795.416,3,harn_anchored
user17|3|1,user17,3,1,3,Running,28_Jog_in_place,Quickly,FAST,HAU/user17/3-1-3,"/Users/toheeb.ogunade/Workspace/cuchx-large/hf_data_manual/LMT_(IMU,Radar,Skeleton)/Training/HAU/user17/3-1-3",12.0,174.0,16890918.116,16890934.316,112.0,141.0,16890928.116,16890931.016,3,harn_anchored
user17|3|1,user17,3,1,1,Stretching,31_Do_stretching_exercises,Gently,SLOW,HAU/user17/3-1-1,"/Users/toheeb.ogunade/Workspace/cuchx-large/hf_data_manual/LMT_(IMU,Radar,Skeleton)/Training/HAU/user17/3-1-1",18.0,372.0,16890646.716,16890682.116,346.0,365.0,16890679.516,16890681.416,3,harn_anchored
user17|3|1,user17,3,1,2,Stretching,31_Do_stretching_exercises,Smoothly,NEUT,HAU/user17/3-1-2,"/Users/toheeb.ogunade/Workspace/cuchx-large/hf_data_manual/LMT_(IMU,Radar,Skeleton)/Training/HAU/user17/3-1-2",9.0,274.0,16890772.816,16890799.316,238.0,263.0,16890795.716,16890798.216,3,harn_anchored
user17|3|1,user17,3,1,3,Stretching,31_Do_stretching_exercises,Quickly,FAST,HAU/user17/3-1-3,"/Users/toheeb.ogunade/Workspace/cuchx-large/hf_data_manual/LMT_(IMU,Radar,Skeleton)/Training/HAU/user17/3-1-3",12.0,174.0,16890918.116,16890934.316,143.0,170.0,16890931.216,16890933.916,3,harn_anchored
user17|3|2,user17,3,2,1,Washing dishes,14_Wipe_bowls,Slowly,SLOW,HAU/user17/3-2-1,"/Users/toheeb.ogunade/Workspace/cuchx-large/hf_data_manual/LMT_(IMU,Radar,Skeleton)/Training/HAU/user17/3-2-1",19.0,168.0,17068566.816,17068581.716,62.0,107.0,17068571.116,17068575.616,3,harn_anchored
user17|3|2,user17,3,2,2,Washing dishes,14_Wipe_bowls,Steadily,NEUT,HAU/user17/3-2-2,"/Users/toheeb.ogunade/Workspace/cuchx-large/hf_data_manual/LMT_(IMU,Radar,Skeleton)/Training/HAU/user17/3-2-2",16.0,136.0,17068662.516,17068674.516,54.0,82.0,17068666.316,17068669.116,3,harn_anchored
user17|3|2,user17,3,2,3,Washing dishes,14_Wipe_bowls,Quickly,FAST,HAU/user17/3-2-3,"/Users/toheeb.ogunade/Workspace/cuchx-large/hf_data_manual/LMT_(IMU,Radar,Skeleton)/Training/HAU/user17/3-2-3",19.0,132.0,17068742.816,17068754.116,49.0,85.0,17068745.816,17068749.416,3,harn_anchored
user17|3|2,user17,3,2,1,Walking,36_Walk,Slowly,SLOW,HAU/user17/3-2-1,"/Users/toheeb.ogunade/Workspace/cuchx-large/hf_data_manual/LMT_(IMU,Radar,Skeleton)/Training/HAU/user17/3-2-1",19.0,168.0,17068566.816,17068581.716,28.0,47.0,17068567.716,17068569.616,3,harn_anchored
user17|3|2,user17,3,2,2,Walking,36_Walk,Steadily,NEUT,HAU/user17/3-2-2,"/Users/toheeb.ogunade/Workspace/cuchx-large/hf_data_manual/LMT_(IMU,Radar,Skeleton)/Training/HAU/user17/3-2-2",16.0,136.0,17068662.516,17068674.516,27.0,40.0,17068663.616,17068664.916,3,harn_anchored
user17|3|2,user17,3,2,3,Walking,36_Walk,Quickly,FAST,HAU/user17/3-2-3,"/Users/toheeb.ogunade/Workspace/cuchx-large/hf_data_manual/LMT_(IMU,Radar,Skeleton)/Training/HAU/user17/3-2-3",19.0,132.0,17068742.816,17068754.116,27.0,38.0,17068743.616,17068744.716,3,harn_anchored
user17|3|2,user17,3,2,1,Eating,7_Eat_food,Slowly,SLOW,HAU/user17/3-2-1,"/Users/toheeb.ogunade/Workspace/cuchx-large/hf_data_manual/LMT_(IMU,Radar,Skeleton)/Training/HAU/user17/3-2-1",19.0,168.0,17068566.816,17068581.716,132.0,168.0,17068578.116,17068581.716,3,harn_anchored
user17|3|2,user17,3,2,2,Eating,7_Eat_food,Steadily,NEUT,HAU/user17/3-2-2,"/Users/toheeb.ogunade/Workspace/cuchx-large/hf_data_manual/LMT_(IMU,Radar,Skeleton)/Training/HAU/user17/3-2-2",16.0,136.0,17068662.516,17068674.516,103.0,136.0,17068671.216,17068674.516,3,harn_anchored
user17|3|2,user17,3,2,3,Eating,7_Eat_food,Quickly,FAST,HAU/user17/3-2-3,"/Users/toheeb.ogunade/Workspace/cuchx-large/hf_data_manual/LMT_(IMU,Radar,Skeleton)/Training/HAU/user17/3-2-3",19.0,132.0,17068742.816,17068754.116,107.0,132.0,17068751.616,17068754.116,3,harn_anchored
user17|3|2,user17,3,2,1,Grabbing utensils,8_Take_and_use_tableware,Slowly,SLOW,HAU/user17/3-2-1,"/Users/toheeb.ogunade/Workspace/cuchx-large/hf_data_manual/LMT_(IMU,Radar,Skeleton)/Training/HAU/user17/3-2-1",19.0,168.0,17068566.816,17068581.716,62.0,107.0,17068571.116,17068575.616,3,harn_anchored
user17|3|2,user17,3,2,2,Grabbing utensils,8_Take_and_use_tableware,Steadily,NEUT,HAU/user17/3-2-2,"/Users/toheeb.ogunade/Workspace/cuchx-large/hf_data_manual/LMT_(IMU,Radar,Skeleton)/Training/HAU/user17/3-2-2",16.0,136.0,17068662.516,17068674.516,54.0,82.0,17068666.316,17068669.116,3,harn_anchored
user17|3|2,user17,3,2,3,Grabbing utensils,8_Take_and_use_tableware,Quickly,FAST,HAU/user17/3-2-3,"/Users/toheeb.ogunade/Workspace/cuchx-large/hf_data_manual/LMT_(IMU,Radar,Skeleton)/Training/HAU/user17/3-2-3",19.0,132.0,17068742.816,17068754.116,49.0,85.0,17068745.816,17068749.416,3,harn_anchored
user17|3|3,user17,3,3,1,Wiping surface,15_Wipe_windows_and_tables,Gently,SLOW,HAU/user17/3-3-1,"/Users/toheeb.ogunade/Workspace/cuchx-large/hf_data_manual/LMT_(IMU,Radar,Skeleton)/Training/HAU/user17/3-3-1",17.0,91.0,16891052.616,16891060.016,61.0,89.0,16891057.016,16891059.816,3,harn_anchored
user17|3|3,user17,3,3,2,Wiping surface,15_Wipe_windows_and_tables,Steadily,NEUT,HAU/user17/3-3-2,"/Users/toheeb.ogunade/Workspace/cuchx-large/hf_data_manual/LMT_(IMU,Radar,Skeleton)/Training/HAU/user17/3-3-2",16.0,75.0,16891138.516,16891144.416,52.0,70.0,16891142.116,16891143.916,3,harn_anchored
user17|3|3,user17,3,3,3,Wiping surface,15_Wipe_windows_and_tables,Hasitly,FAST,HAU/user17/3-3-3,"/Users/toheeb.ogunade/Workspace/cuchx-large/hf_data_manual/LMT_(IMU,Radar,Skeleton)/Training/HAU/user17/3-3-3",7.0,60.0,16891212.616,16891217.916,29.0,56.0,16891214.816,16891217.516,3,harn_anchored
user17|3|3,user17,3,3,1,Walking,36_Walk,Gently,SLOW,HAU/user17/3-3-1,"/Users/toheeb.ogunade/Workspace/cuchx-large/hf_data_manual/LMT_(IMU,Radar,Skeleton)/Training/HAU/user17/3-3-1",17.0,91.0,16891052.616,16891060.016,33.0,53.0,16891054.216,16891056.216,3,harn_anchored
user17|3|3,user17,3,3,2,Walking,36_Walk,Steadily,NEUT,HAU/user17/3-3-2,"/Users/toheeb.ogunade/Workspace/cuchx-large/hf_data_manual/LMT_(IMU,Radar,Skeleton)/Training/HAU/user17/3-3-2",16.0,75.0,16891138.516,16891144.416,29.0,47.0,16891139.816,16891141.616,3,harn_anchored
user17|3|3,user17,3,3,3,Walking,36_Walk,Hasitly,FAST,HAU/user17/3-3-3,"/Users/toheeb.ogunade/Workspace/cuchx-large/hf_data_manual/LMT_(IMU,Radar,Skeleton)/Training/HAU/user17/3-3-3",7.0,60.0,16891212.616,16891217.916,17.0,25.0,16891213.616,16891214.416,3,harn_anchored
user17|4|1,user17,4,1,1,Typing on a keyboard,17_Tap_the_keyboard,Leisurely,SLOW,HAU/user17/4-1-1,"/Users/toheeb.ogunade/Workspace/cuchx-large/hf_data_manual/LMT_(IMU,Radar,Skeleton)/Training/HAU/user17/4-1-1",14.0,489.0,16910577.316,16910624.816,66.0,125.0,16910582.516,16910588.416,3,harn_anchored
user17|4|1,user17,4,1,2,Typing on a keyboard,17_Tap_the_keyboard,Steadily,NEUT,HAU/user17/4-1-2,"/Users/toheeb.ogunade/Workspace/cuchx-large/hf_data_manual/LMT_(IMU,Radar,Skeleton)/Training/HAU/user17/4-1-2",21.0,395.0,16910723.016,16910760.416,63.0,130.0,16910727.216,16910733.916,3,harn_anchored
user17|4|1,user17,4,1,3,Typing on a keyboard,17_Tap_the_keyboard,Hurriedly,FAST,HAU/user17/4-1-3,"/Users/toheeb.ogunade/Workspace/cuchx-large/hf_data_manual/LMT_(IMU,Radar,Skeleton)/Training/HAU/user17/4-1-3",19.0,318.0,16910838.816,16910868.716,49.0,97.0,16910841.816,16910846.616,3,harn_anchored
user17|4|1,user17,4,1,1,Checking the time,20_Check_the_time,Leisurely,SLOW,HAU/user17/4-1-1,"/Users/toheeb.ogunade/Workspace/cuchx-large/hf_data_manual/LMT_(IMU,Radar,Skeleton)/Training/HAU/user17/4-1-1",14.0,489.0,16910577.316,16910624.816,127.0,140.0,16910588.616,16910589.916,3,harn_anchored
user17|4|1,user17,4,1,2,Checking the time,20_Check_the_time,Steadily,NEUT,HAU/user17/4-1-2,"/Users/toheeb.ogunade/Workspace/cuchx-large/hf_data_manual/LMT_(IMU,Radar,Skeleton)/Training/HAU/user17/4-1-2",21.0,395.0,16910723.016,16910760.416,131.0,138.0,16910734.016,16910734.716,3,harn_anchored
user17|4|1,user17,4,1,3,Checking the time,20_Check_the_time,Hurriedly,FAST,HAU/user17/4-1-3,"/Users/toheeb.ogunade/Workspace/cuchx-large/hf_data_manual/LMT_(IMU,Radar,Skeleton)/Training/HAU/user17/4-1-3",19.0,318.0,16910838.816,16910868.716,98.0,104.0,16910846.716,16910847.316,3,harn_anchored
user17|4|1,user17,4,1,1,Reading,21_Read_documents,Leisurely,SLOW,HAU/user17/4-1-1,"/Users/toheeb.ogunade/Workspace/cuchx-large/hf_data_manual/LMT_(IMU,Radar,Skeleton)/Training/HAU/user17/4-1-1",14.0,489.0,16910577.316,16910624.816,187.0,258.0,16910594.616,16910601.716,3,harn_anchored
user17|4|1,user17,4,1,2,Reading,21_Read_documents,Steadily,NEUT,HAU/user17/4-1-2,"/Users/toheeb.ogunade/Workspace/cuchx-large/hf_data_manual/LMT_(IMU,Radar,Skeleton)/Training/HAU/user17/4-1-2",21.0,395.0,16910723.016,16910760.416,180.0,236.0,16910738.916,16910744.516,3,harn_anchored
user17|4|1,user17,4,1,3,Reading,21_Read_documents,Hurriedly,FAST,HAU/user17/4-1-3,"/Users/toheeb.ogunade/Workspace/cuchx-large/hf_data_manual/LMT_(IMU,Radar,Skeleton)/Training/HAU/user17/4-1-3",19.0,318.0,16910838.816,16910868.716,146.0,173.0,16910851.516,16910854.216,3,harn_anchored
user17|4|1,user17,4,1,1,Squats,29_Do_squats,Leisurely,SLOW,HAU/user17/4-1-1,"/Users/toheeb.ogunade/Workspace/cuchx-large/hf_data_manual/LMT_(IMU,Radar,Skeleton)/Training/HAU/user17/4-1-1",14.0,489.0,16910577.316,16910624.816,302.0,347.0,16910606.116,16910610.616,3,harn_anchored
user17|4|1,user17,4,1,2,Squats,29_Do_squats,Steadily,NEUT,HAU/user17/4-1-2,"/Users/toheeb.ogunade/Workspace/cuchx-large/hf_data_manual/LMT_(IMU,Radar,Skeleton)/Training/HAU/user17/4-1-2",21.0,395.0,16910723.016,16910760.416,275.0,296.0,16910748.416,16910750.516,3,harn_anchored
user17|4|1,user17,4,1,3,Squats,29_Do_squats,Hurriedly,FAST,HAU/user17/4-1-3,"/Users/toheeb.ogunade/Workspace/cuchx-large/hf_data_manual/LMT_(IMU,Radar,Skeleton)/Training/HAU/user17/4-1-3",19.0,318.0,16910838.816,16910868.716,207.0,228.0,16910857.616,16910859.716,3,harn_anchored
user17|4|1,user17,4,1,1,Stretching,31_Do_stretching_exercises,Leisurely,SLOW,HAU/user17/4-1-1,"/Users/toheeb.ogunade/Workspace/cuchx-large/hf_data_manual/LMT_(IMU,Radar,Skeleton)/Training/HAU/user17/4-1-1",14.0,489.0,16910577.316,16910624.816,275.0,298.0,16910603.416,16910605.716,3,harn_anchored
user17|4|1,user17,4,1,2,Stretching,31_Do_stretching_exercises,Steadily,NEUT,HAU/user17/4-1-2,"/Users/toheeb.ogunade/Workspace/cuchx-large/hf_data_manual/LMT_(IMU,Radar,Skeleton)/Training/HAU/user17/4-1-2",21.0,395.0,16910723.016,16910760.416,245.0,274.0,16910745.416,16910748.316,3,harn_anchored
user17|4|1,user17,4,1,3,Stretching,31_Do_stretching_exercises,Hurriedly,FAST,HAU/user17/4-1-3,"/Users/toheeb.ogunade/Workspace/cuchx-large/hf_data_manual/LMT_(IMU,Radar,Skeleton)/Training/HAU/user17/4-1-3",19.0,318.0,16910838.816,16910868.716,186.0,206.0,16910855.516,16910857.516,3,harn_anchored
user17|4|1,user17,4,1,1,Standing up,32_Stand_up,Leisurely,SLOW,HAU/user17/4-1-1,"/Users/toheeb.ogunade/Workspace/cuchx-large/hf_data_manual/LMT_(IMU,Radar,Skeleton)/Training/HAU/user17/4-1-1",14.0,489.0,16910577.316,16910624.816,265.0,275.0,16910602.416,16910603.416,3,harn_anchored
user17|4|1,user17,4,1,2,Standing up,32_Stand_up,Steadily,NEUT,HAU/user17/4-1-2,"/Users/toheeb.ogunade/Workspace/cuchx-large/hf_data_manual/LMT_(IMU,Radar,Skeleton)/Training/HAU/user17/4-1-2",21.0,395.0,16910723.016,16910760.416,239.0,249.0,16910744.816,16910745.816,3,harn_anchored
user17|4|1,user17,4,1,3,Standing up,32_Stand_up,Hurriedly,FAST,HAU/user17/4-1-3,"/Users/toheeb.ogunade/Workspace/cuchx-large/hf_data_manual/LMT_(IMU,Radar,Skeleton)/Training/HAU/user17/4-1-3",19.0,318.0,16910838.816,16910868.716,182.0,189.0,16910855.116,16910855.816,3,harn_anchored
user17|4|1,user17,4,1,1,Sitting down,34_Sit_down,Leisurely,SLOW,HAU/user17/4-1-1,"/Users/toheeb.ogunade/Workspace/cuchx-large/hf_data_manual/LMT_(IMU,Radar,Skeleton)/Training/HAU/user17/4-1-1",14.0,489.0,16910577.316,16910624.816,51.0,62.0,16910581.016,16910582.116,3,harn_anchored
user17|4|1,user17,4,1,2,Sitting down,34_Sit_down,Steadily,NEUT,HAU/user17/4-1-2,"/Users/toheeb.ogunade/Workspace/cuchx-large/hf_data_manual/LMT_(IMU,Radar,Skeleton)/Training/HAU/user17/4-1-2",21.0,395.0,16910723.016,16910760.416,55.0,61.0,16910726.416,16910727.016,3,harn_anchored
user17|4|1,user17,4,1,3,Sitting down,34_Sit_down,Hurriedly,FAST,HAU/user17/4-1-3,"/Users/toheeb.ogunade/Workspace/cuchx-large/hf_data_manual/LMT_(IMU,Radar,Skeleton)/Training/HAU/user17/4-1-3",19.0,318.0,16910838.816,16910868.716,42.0,49.0,16910841.116,16910841.816,3,harn_anchored
user17|4|1,user17,4,1,1,Walking,36_Walk,Leisurely,SLOW,HAU/user17/4-1-1,"/Users/toheeb.ogunade/Workspace/cuchx-large/hf_data_manual/LMT_(IMU,Radar,Skeleton)/Training/HAU/user17/4-1-1",14.0,489.0,16910577.316,16910624.816,26.0,46.0,16910578.516,16910580.516,3,harn_anchored
user17|4|1,user17,4,1,2,Walking,36_Walk,Steadily,NEUT,HAU/user17/4-1-2,"/Users/toheeb.ogunade/Workspace/cuchx-large/hf_data_manual/LMT_(IMU,Radar,Skeleton)/Training/HAU/user17/4-1-2",21.0,395.0,16910723.016,16910760.416,26.0,49.0,16910723.516,16910725.816,3,harn_anchored
user17|4|1,user17,4,1,3,Walking,36_Walk,Hurriedly,FAST,HAU/user17/4-1-3,"/Users/toheeb.ogunade/Workspace/cuchx-large/hf_data_manual/LMT_(IMU,Radar,Skeleton)/Training/HAU/user17/4-1-3",19.0,318.0,16910838.816,16910868.716,25.0,38.0,16910839.416,16910840.716,3,harn_anchored
user17|4|1,user17,4,1,1,Taking medicine,37_Take_medicine,Leisurely,SLOW,HAU/user17/4-1-1,"/Users/toheeb.ogunade/Workspace/cuchx-large/hf_data_manual/LMT_(IMU,Radar,Skeleton)/Training/HAU/user17/4-1-1",14.0,489.0,16910577.316,16910624.816,451.0,477.0,16910621.016,16910623.616,3,harn_anchored
user17|4|1,user17,4,1,2,Taking medicine,37_Take_medicine,Steadily,NEUT,HAU/user17/4-1-2,"/Users/toheeb.ogunade/Workspace/cuchx-large/hf_data_manual/LMT_(IMU,Radar,Skeleton)/Training/HAU/user17/4-1-2",21.0,395.0,16910723.016,16910760.416,363.0,385.0,16910757.216,16910759.416,3,harn_anchored
user17|4|1,user17,4,1,3,Taking medicine,37_Take_medicine,Hurriedly,FAST,HAU/user17/4-1-3,"/Users/toheeb.ogunade/Workspace/cuchx-large/hf_data_manual/LMT_(IMU,Radar,Skeleton)/Training/HAU/user17/4-1-3",19.0,318.0,16910838.816,16910868.716,292.0,304.0,16910866.116,16910867.316,3,harn_anchored
user17|4|1,user17,4,1,1,Checking body temperature,39_Take_body_temperature,Leisurely,SLOW,HAU/user17/4-1-1,"/Users/toheeb.ogunade/Workspace/cuchx-large/hf_data_manual/LMT_(IMU,Radar,Skeleton)/Training/HAU/user17/4-1-1",14.0,489.0,16910577.316,16910624.816,389.0,484.0,16910614.816,16910624.316,3,harn_anchored
user17|4|1,user17,4,1,2,Checking body temperature,39_Take_body_temperature,Steadily,NEUT,HAU/user17/4-1-2,"/Users/toheeb.ogunade/Workspace/cuchx-large/hf_data_manual/LMT_(IMU,Radar,Skeleton)/Training/HAU/user17/4-1-2",21.0,395.0,16910723.016,16910760.416,318.0,348.0,16910752.716,16910755.716,3,harn_anchored
user17|4|1,user17,4,1,3,Checking body temperature,39_Take_body_temperature,Hurriedly,FAST,HAU/user17/4-1-3,"/Users/toheeb.ogunade/Workspace/cuchx-large/hf_data_manual/LMT_(IMU,Radar,Skeleton)/Training/HAU/user17/4-1-3",19.0,318.0,16910838.816,16910868.716,251.0,276.0,16910862.016,16910864.516,3,harn_anchored
user17|5|2,user17,5,2,1,Stirring,10_Stir_drinks,Casually,NEUT,HAU/user17/5-2-1,"/Users/toheeb.ogunade/Workspace/cuchx-large/hf_data_manual/LMT_(IMU,Radar,Skeleton)/Training/HAU/user17/5-2-1",18.0,150.0,17068901.716,17068914.916,99.0,120.0,17068909.816,17068911.916,3,harn_anchored
user17|5|2,user17,5,2,2,Stirring,10_Stir_drinks,Smoothly,NEUT,HAU/user17/5-2-2,"/Users/toheeb.ogunade/Workspace/cuchx-large/hf_data_manual/LMT_(IMU,Radar,Skeleton)/Training/HAU/user17/5-2-2",17.0,135.0,17069346.616,17069358.416,96.0,107.0,17069354.516,17069355.616,3,harn_anchored
user17|5|2,user17,5,2,3,Stirring,10_Stir_drinks,Hurriedly,FAST,HAU/user17/5-2-3,"/Users/toheeb.ogunade/Workspace/cuchx-large/hf_data_manual/LMT_(IMU,Radar,Skeleton)/Training/HAU/user17/5-2-3",14.0,107.0,17069434.316,17069443.616,71.0,85.0,17069440.016,17069441.416,3,harn_anchored
user17|5|2,user17,5,2,1,Walking,36_Walk,Casually,NEUT,HAU/user17/5-2-1,"/Users/toheeb.ogunade/Workspace/cuchx-large/hf_data_manual/LMT_(IMU,Radar,Skeleton)/Training/HAU/user17/5-2-1",18.0,150.0,17068901.716,17068914.916,28.0,47.0,17068902.716,17068904.616,3,harn_anchored
user17|5|2,user17,5,2,2,Walking,36_Walk,Smoothly,NEUT,HAU/user17/5-2-2,"/Users/toheeb.ogunade/Workspace/cuchx-large/hf_data_manual/LMT_(IMU,Radar,Skeleton)/Training/HAU/user17/5-2-2",17.0,135.0,17069346.616,17069358.416,28.0,42.0,17069347.716,17069349.116,3,harn_anchored
user17|5|2,user17,5,2,3,Walking,36_Walk,Hurriedly,FAST,HAU/user17/5-2-3,"/Users/toheeb.ogunade/Workspace/cuchx-large/hf_data_manual/LMT_(IMU,Radar,Skeleton)/Training/HAU/user17/5-2-3",14.0,107.0,17069434.316,17069443.616,27.0,39.0,17069435.616,17069436.816,3,harn_anchored
user17|5|2,user17,5,2,1,Eating,7_Eat_food,Casually,NEUT,HAU/user17/5-2-1,"/Users/toheeb.ogunade/Workspace/cuchx-large/hf_data_manual/LMT_(IMU,Radar,Skeleton)/Training/HAU/user17/5-2-1",18.0,150.0,17068901.716,17068914.916,121.0,150.0,17068912.016,17068914.916,3,harn_anchored
user17|5|2,user17,5,2,2,Eating,7_Eat_food,Smoothly,NEUT,HAU/user17/5-2-2,"/Users/toheeb.ogunade/Workspace/cuchx-large/hf_data_manual/LMT_(IMU,Radar,Skeleton)/Training/HAU/user17/5-2-2",17.0,135.0,17069346.616,17069358.416,109.0,134.0,17069355.816,17069358.316,3,harn_anchored
user17|5|2,user17,5,2,3,Eating,7_Eat_food,Hurriedly,FAST,HAU/user17/5-2-3,"/Users/toheeb.ogunade/Workspace/cuchx-large/hf_data_manual/LMT_(IMU,Radar,Skeleton)/Training/HAU/user17/5-2-3",14.0,107.0,17069434.316,17069443.616,86.0,107.0,17069441.516,17069443.616,3,harn_anchored
user17|5|2,user17,5,2,1,Pouring,9_Pour_drinks,Casually,NEUT,HAU/user17/5-2-1,"/Users/toheeb.ogunade/Workspace/cuchx-large/hf_data_manual/LMT_(IMU,Radar,Skeleton)/Training/HAU/user17/5-2-1",18.0,150.0,17068901.716,17068914.916,67.0,84.0,17068906.616,17068908.316,3,harn_anchored
user17|5|2,user17,5,2,2,Pouring,9_Pour_drinks,Smoothly,NEUT,HAU/user17/5-2-2,"/Users/toheeb.ogunade/Workspace/cuchx-large/hf_data_manual/LMT_(IMU,Radar,Skeleton)/Training/HAU/user17/5-2-2",17.0,135.0,17069346.616,17069358.416,60.0,82.0,17069350.916,17069353.116,3,harn_anchored
user17|5|2,user17,5,2,3,Pouring,9_Pour_drinks,Hurriedly,FAST,HAU/user17/5-2-3,"/Users/toheeb.ogunade/Workspace/cuchx-large/hf_data_manual/LMT_(IMU,Radar,Skeleton)/Training/HAU/user17/5-2-3",14.0,107.0,17069434.316,17069443.616,45.0,58.0,17069437.416,17069438.716,3,harn_anchored
user17|6|1,user17,6,1,1,Folding clothes,16_Fold_clothes,Slowly,SLOW,HAU/user17/6-1-1,"/Users/toheeb.ogunade/Workspace/cuchx-large/hf_data_manual/LMT_(IMU,Radar,Skeleton)/Training/HAU/user17/6-1-1",26.0,270.0,16910954.516,16910978.916,182.0,269.0,16910970.116,16910978.816,3,harn_anchored
user17|6|1,user17,6,1,2,Folding clothes,16_Fold_clothes,Naturally,NEUT,HAU/user17/6-1-2,"/Users/toheeb.ogunade/Workspace/cuchx-large/hf_data_manual/LMT_(IMU,Radar,Skeleton)/Training/HAU/user17/6-1-2",27.0,214.0,16911033.616,16911052.316,161.0,214.0,16911047.016,16911052.316,3,harn_anchored
user17|6|1,user17,6,1,3,Folding clothes,16_Fold_clothes,Hastily,FAST,HAU/user17/6-1-3,"/Users/toheeb.ogunade/Workspace/cuchx-large/hf_data_manual/LMT_(IMU,Radar,Skeleton)/Training/HAU/user17/6-1-3",23.0,173.0,16911136.216,16911151.216,140.0,164.0,16911147.916,16911150.316,3,harn_anchored
user17|6|1,user17,6,1,1,Walking,36_Walk,Slowly,SLOW,HAU/user17/6-1-1,"/Users/toheeb.ogunade/Workspace/cuchx-large/hf_data_manual/LMT_(IMU,Radar,Skeleton)/Training/HAU/user17/6-1-1",26.0,270.0,16910954.516,16910978.916,41.0,67.0,16910956.016,16910958.616,3,harn_anchored
user17|6|1,user17,6,1,2,Walking,36_Walk,Naturally,NEUT,HAU/user17/6-1-2,"/Users/toheeb.ogunade/Workspace/cuchx-large/hf_data_manual/LMT_(IMU,Radar,Skeleton)/Training/HAU/user17/6-1-2",27.0,214.0,16911033.616,16911052.316,35.0,48.0,16911034.416,16911035.716,3,harn_anchored
user17|6|1,user17,6,1,3,Walking,36_Walk,Hastily,FAST,HAU/user17/6-1-3,"/Users/toheeb.ogunade/Workspace/cuchx-large/hf_data_manual/LMT_(IMU,Radar,Skeleton)/Training/HAU/user17/6-1-3",23.0,173.0,16911136.216,16911151.216,29.0,39.0,16911136.816,16911137.816,3,harn_anchored
user17|6|1,user17,6,1,1,Undressing,3_Take_off_clothes,Slowly,SLOW,HAU/user17/6-1-1,"/Users/toheeb.ogunade/Workspace/cuchx-large/hf_data_manual/LMT_(IMU,Radar,Skeleton)/Training/HAU/user17/6-1-1",26.0,270.0,16910954.516,16910978.916,74.0,112.0,16910959.316,16910963.116,3,harn_anchored
user17|6|1,user17,6,1,2,Undressing,3_Take_off_clothes,Naturally,NEUT,HAU/user17/6-1-2,"/Users/toheeb.ogunade/Workspace/cuchx-large/hf_data_manual/LMT_(IMU,Radar,Skeleton)/Training/HAU/user17/6-1-2",27.0,214.0,16911033.616,16911052.316,53.0,84.0,16911036.216,16911039.316,3,harn_anchored
user17|6|1,user17,6,1,3,Undressing,3_Take_off_clothes,Hastily,FAST,HAU/user17/6-1-3,"/Users/toheeb.ogunade/Workspace/cuchx-large/hf_data_manual/LMT_(IMU,Radar,Skeleton)/Training/HAU/user17/6-1-3",23.0,173.0,16911136.216,16911151.216,46.0,67.0,16911138.516,16911140.616,3,harn_anchored
user17|6|1,user17,6,1,1,Getting dressed,5_Put_on_clothes,Slowly,SLOW,HAU/user17/6-1-1,"/Users/toheeb.ogunade/Workspace/cuchx-large/hf_data_manual/LMT_(IMU,Radar,Skeleton)/Training/HAU/user17/6-1-1",26.0,270.0,16910954.516,16910978.916,125.0,180.0,16910964.416,16910969.916,3,harn_anchored
user17|6|1,user17,6,1,2,Getting dressed,5_Put_on_clothes,Naturally,NEUT,HAU/user17/6-1-2,"/Users/toheeb.ogunade/Workspace/cuchx-large/hf_data_manual/LMT_(IMU,Radar,Skeleton)/Training/HAU/user17/6-1-2",27.0,214.0,16911033.616,16911052.316,102.0,155.0,16911041.116,16911046.416,3,harn_anchored
user17|6|1,user17,6,1,3,Getting dressed,5_Put_on_clothes,Hastily,FAST,HAU/user17/6-1-3,"/Users/toheeb.ogunade/Workspace/cuchx-large/hf_data_manual/LMT_(IMU,Radar,Skeleton)/Training/HAU/user17/6-1-3",23.0,173.0,16911136.216,16911151.216,71.0,136.0,16911141.016,16911147.516,3,harn_anchored
user17|6|2,user17,6,2,1,Listening to the music with headphones,23_Listen_to_music_with_headphones,Leisurely,SLOW,HAU/user17/6-2-1,"/Users/toheeb.ogunade/Workspace/cuchx-large/hf_data_manual/LMT_(IMU,Radar,Skeleton)/Training/HAU/user17/6-2-1",17.0,216.0,16911319.616,16911339.516,142.0,187.0,16911332.116,16911336.616,3,harn_anchored
user17|6|2,user17,6,2,2,Listening to the music with headphones,23_Listen_to_music_with_headphones,Steadily,NEUT,HAU/user17/6-2-2,"/Users/toheeb.ogunade/Workspace/cuchx-large/hf_data_manual/LMT_(IMU,Radar,Skeleton)/Training/HAU/user17/6-2-2",24.0,137.0,16911410.316,16911421.616,51.0,67.0,16911413.016,16911414.616,3,harn_anchored
user17|6|2,user17,6,2,3,Listening to the music with headphones,23_Listen_to_music_with_headphones,Tensly,NERV,HAU/user17/6-2-3,"/Users/toheeb.ogunade/Workspace/cuchx-large/hf_data_manual/LMT_(IMU,Radar,Skeleton)/Training/HAU/user17/6-2-3",18.0,134.0,16911619.716,16911631.316,77.0,90.0,16911625.616,16911626.916,3,harn_anchored
user17|7|1,user17,7,1,1,Listening to the music with headphones,23_Listen_to_music_with_headphones,Gently,SLOW,HAU/user17/7-1-1,"/Users/toheeb.ogunade/Workspace/cuchx-large/hf_data_manual/LMT_(IMU,Radar,Skeleton)/Training/HAU/user17/7-1-1",18.0,239.0,16911724.716,16911746.816,177.0,239.0,16911740.616,16911746.816,3,harn_anchored
user17|7|1,user17,7,1,2,Listening to the music with headphones,23_Listen_to_music_with_headphones,Calmly,SLOW,HAU/user17/7-1-2,"/Users/toheeb.ogunade/Workspace/cuchx-large/hf_data_manual/LMT_(IMU,Radar,Skeleton)/Training/HAU/user17/7-1-2",15.0,192.0,16911814.416,16911832.116,122.0,191.0,16911825.116,16911832.016,3,harn_anchored
user17|7|1,user17,7,1,3,Listening to the music with headphones,23_Listen_to_music_with_headphones,Quickly,FAST,HAU/user17/7-1-3,"/Users/toheeb.ogunade/Workspace/cuchx-large/hf_data_manual/LMT_(IMU,Radar,Skeleton)/Training/HAU/user17/7-1-3",11.0,160.0,16911891.016,16911905.916,92.0,160.0,16911899.116,16911905.916,3,harn_anchored
user17|7|1,user17,7,1,1,Sitting down,34_Sit_down,Gently,SLOW,HAU/user17/7-1-1,"/Users/toheeb.ogunade/Workspace/cuchx-large/hf_data_manual/LMT_(IMU,Radar,Skeleton)/Training/HAU/user17/7-1-1",18.0,239.0,16911724.716,16911746.816,161.0,168.0,16911739.016,16911739.716,3,harn_anchored
user17|7|1,user17,7,1,2,Sitting down,34_Sit_down,Calmly,SLOW,HAU/user17/7-1-2,"/Users/toheeb.ogunade/Workspace/cuchx-large/hf_data_manual/LMT_(IMU,Radar,Skeleton)/Training/HAU/user17/7-1-2",15.0,192.0,16911814.416,16911832.116,110.0,116.0,16911823.916,16911824.516,3,harn_anchored
user17|7|1,user17,7,1,3,Sitting down,34_Sit_down,Quickly,FAST,HAU/user17/7-1-3,"/Users/toheeb.ogunade/Workspace/cuchx-large/hf_data_manual/LMT_(IMU,Radar,Skeleton)/Training/HAU/user17/7-1-3",11.0,160.0,16911891.016,16911905.916,81.0,87.0,16911898.016,16911898.616,3,harn_anchored
user17|7|1,user17,7,1,1,Checking body temperature,39_Take_body_temperature,Gently,SLOW,HAU/user17/7-1-1,"/Users/toheeb.ogunade/Workspace/cuchx-large/hf_data_manual/LMT_(IMU,Radar,Skeleton)/Training/HAU/user17/7-1-1",18.0,239.0,16911724.716,16911746.816,96.0,134.0,16911732.516,16911736.316,3,harn_anchored
user17|7|1,user17,7,1,2,Checking body temperature,39_Take_body_temperature,Calmly,SLOW,HAU/user17/7-1-2,"/Users/toheeb.ogunade/Workspace/cuchx-large/hf_data_manual/LMT_(IMU,Radar,Skeleton)/Training/HAU/user17/7-1-2",15.0,192.0,16911814.416,16911832.116,66.0,93.0,16911819.516,16911822.216,3,harn_anchored
user17|7|1,user17,7,1,3,Checking body temperature,39_Take_body_temperature,Quickly,FAST,HAU/user17/7-1-3,"/Users/toheeb.ogunade/Workspace/cuchx-large/hf_data_manual/LMT_(IMU,Radar,Skeleton)/Training/HAU/user17/7-1-3",11.0,160.0,16911891.016,16911905.916,51.0,73.0,16911895.016,16911897.216,3,harn_anchored
user17|7|2,user17,7,2,1,Peeling fruit,11_Peel_fruits,Slowly,SLOW,HAU/user17/7-2-1,"/Users/toheeb.ogunade/Workspace/cuchx-large/hf_data_manual/LMT_(IMU,Radar,Skeleton)/Training/HAU/user17/7-2-1",20.0,177.0,17069569.916,17069585.616,30.0,70.0,17069570.916,17069574.916,3,harn_anchored
user17|7|2,user17,7,2,2,Peeling fruit,11_Peel_fruits,Neatly,CARE,HAU/user17/7-2-2,"/Users/toheeb.ogunade/Workspace/cuchx-large/hf_data_manual/LMT_(IMU,Radar,Skeleton)/Training/HAU/user17/7-2-2",18.0,139.0,17069886.716,17069898.816,28.0,62.0,17069887.716,17069891.116,3,harn_anchored
user17|7|2,user17,7,2,3,Peeling fruit,11_Peel_fruits,Hastily,FAST,HAU/user17/7-2-3,"/Users/toheeb.ogunade/Workspace/cuchx-large/hf_data_manual/LMT_(IMU,Radar,Skeleton)/Training/HAU/user17/7-2-3",21.0,111.0,17070065.016,17070074.016,31.0,56.0,17070066.016,17070068.516,3,harn_anchored
user17|7|2,user17,7,2,1,Wiping hands,4_Wipe_hands,Slowly,SLOW,HAU/user17/7-2-1,"/Users/toheeb.ogunade/Workspace/cuchx-large/hf_data_manual/LMT_(IMU,Radar,Skeleton)/Training/HAU/user17/7-2-1",20.0,177.0,17069569.916,17069585.616,79.0,124.0,17069575.816,17069580.316,3,harn_anchored
user17|7|2,user17,7,2,2,Wiping hands,4_Wipe_hands,Neatly,CARE,HAU/user17/7-2-2,"/Users/toheeb.ogunade/Workspace/cuchx-large/hf_data_manual/LMT_(IMU,Radar,Skeleton)/Training/HAU/user17/7-2-2",18.0,139.0,17069886.716,17069898.816,68.0,98.0,17069891.716,17069894.716,3,harn_anchored
user17|7|2,user17,7,2,3,Wiping hands,4_Wipe_hands,Hastily,FAST,HAU/user17/7-2-3,"/Users/toheeb.ogunade/Workspace/cuchx-large/hf_data_manual/LMT_(IMU,Radar,Skeleton)/Training/HAU/user17/7-2-3",21.0,111.0,17070065.016,17070074.016,61.0,79.0,17070069.016,17070070.816,3,harn_anchored
user17|7|2,user17,7,2,1,Eating,7_Eat_food,Slowly,SLOW,HAU/user17/7-2-1,"/Users/toheeb.ogunade/Workspace/cuchx-large/hf_data_manual/LMT_(IMU,Radar,Skeleton)/Training/HAU/user17/7-2-1",20.0,177.0,17069569.916,17069585.616,135.0,176.0,17069581.416,17069585.516,3,harn_anchored
user17|7|2,user17,7,2,2,Eating,7_Eat_food,Neatly,CARE,HAU/user17/7-2-2,"/Users/toheeb.ogunade/Workspace/cuchx-large/hf_data_manual/LMT_(IMU,Radar,Skeleton)/Training/HAU/user17/7-2-2",18.0,139.0,17069886.716,17069898.816,112.0,139.0,17069896.116,17069898.816,3,harn_anchored
user17|7|2,user17,7,2,3,Eating,7_Eat_food,Hastily,FAST,HAU/user17/7-2-3,"/Users/toheeb.ogunade/Workspace/cuchx-large/hf_data_manual/LMT_(IMU,Radar,Skeleton)/Training/HAU/user17/7-2-3",21.0,111.0,17070065.016,17070074.016,82.0,111.0,17070071.116,17070074.016,3,harn_anchored
user18|1|1,user18,1,1,1,Brushing teeth,1_Brush_teeth,Unhurriedly,SLOW,HAU/user18/1-1-1,"/Users/toheeb.ogunade/Workspace/cuchx-large/hf_data_manual/LMT_(IMU,Radar,Skeleton)/Training/HAU/user18/1-1-1",10.0,171.0,16974396.916,16974413.016,55.0,95.0,16974401.416,16974405.416,3,harn_anchored
user18|1|1,user18,1,1,2,Brushing teeth,1_Brush_teeth,Intently,CARE,HAU/user18/1-1-2,"/Users/toheeb.ogunade/Workspace/cuchx-large/hf_data_manual/LMT_(IMU,Radar,Skeleton)/Training/HAU/user18/1-1-2",14.0,122.0,16974477.316,16974488.116,46.0,80.0,16974480.516,16974483.916,3,harn_anchored
user18|1|1,user18,1,1,3,Brushing teeth,1_Brush_teeth,Absentmindedly,SLOW,HAU/user18/1-1-3,"/Users/toheeb.ogunade/Workspace/cuchx-large/hf_data_manual/LMT_(IMU,Radar,Skeleton)/Training/HAU/user18/1-1-3",16.0,118.0,16974558.516,16974568.716,45.0,75.0,16974561.416,16974564.416,3,harn_anchored
user18|1|1,user18,1,1,1,Wiping hands,4_Wipe_hands,Unhurriedly,SLOW,HAU/user18/1-1-1,"/Users/toheeb.ogunade/Workspace/cuchx-large/hf_data_manual/LMT_(IMU,Radar,Skeleton)/Training/HAU/user18/1-1-1",10.0,171.0,16974396.916,16974413.016,132.0,171.0,16974409.116,16974413.016,3,harn_anchored
user18|1|1,user18,1,1,2,Wiping hands,4_Wipe_hands,Intently,CARE,HAU/user18/1-1-2,"/Users/toheeb.ogunade/Workspace/cuchx-large/hf_data_manual/LMT_(IMU,Radar,Skeleton)/Training/HAU/user18/1-1-2",14.0,122.0,16974477.316,16974488.116,98.0,122.0,16974485.716,16974488.116,3,harn_anchored
user18|1|1,user18,1,1,3,Wiping hands,4_Wipe_hands,Absentmindedly,SLOW,HAU/user18/1-1-3,"/Users/toheeb.ogunade/Workspace/cuchx-large/hf_data_manual/LMT_(IMU,Radar,Skeleton)/Training/HAU/user18/1-1-3",16.0,118.0,16974558.516,16974568.716,95.0,118.0,16974566.416,16974568.716,3,harn_anchored
user18|1|2,user18,1,2,1,Calling,19_Make_a_phone_call,Contently,SLOW,HAU/user18/1-2-1,"/Users/toheeb.ogunade/Workspace/cuchx-large/hf_data_manual/LMT_(IMU,Radar,Skeleton)/Training/HAU/user18/1-2-1",10.0,377.0,17079348.916,17079385.616,344.0,377.0,17079382.316,17079385.616,3,harn_anchored
user18|1|2,user18,1,2,2,Calling,19_Make_a_phone_call,Briskly,FAST,HAU/user18/1-2-2,"/Users/toheeb.ogunade/Workspace/cuchx-large/hf_data_manual/LMT_(IMU,Radar,Skeleton)/Training/HAU/user18/1-2-2",6.0,285.0,17079468.516,17079496.416,241.0,285.0,17079492.016,17079496.416,3,harn_anchored
user18|1|2,user18,1,2,3,Calling,19_Make_a_phone_call,Lazily,SLOW,HAU/user18/1-2-3,"/Users/toheeb.ogunade/Workspace/cuchx-large/hf_data_manual/LMT_(IMU,Radar,Skeleton)/Training/HAU/user18/1-2-3",7.0,333.0,17079568.616,17079601.216,297.0,333.0,17079597.616,17079601.216,3,harn_anchored
user18|1|2,user18,1,2,1,Reading,21_Read_documents,Contently,SLOW,HAU/user18/1-2-1,"/Users/toheeb.ogunade/Workspace/cuchx-large/hf_data_manual/LMT_(IMU,Radar,Skeleton)/Training/HAU/user18/1-2-1",10.0,377.0,17079348.916,17079385.616,175.0,228.0,17079365.416,17079370.716,3,harn_anchored
user18|1|2,user18,1,2,2,Reading,21_Read_documents,Briskly,FAST,HAU/user18/1-2-2,"/Users/toheeb.ogunade/Workspace/cuchx-large/hf_data_manual/LMT_(IMU,Radar,Skeleton)/Training/HAU/user18/1-2-2",6.0,285.0,17079468.516,17079496.416,98.0,137.0,17079477.716,17079481.616,3,harn_anchored
user18|1|2,user18,1,2,3,Reading,21_Read_documents,Lazily,SLOW,HAU/user18/1-2-3,"/Users/toheeb.ogunade/Workspace/cuchx-large/hf_data_manual/LMT_(IMU,Radar,Skeleton)/Training/HAU/user18/1-2-3",7.0,333.0,17079568.616,17079601.216,157.0,204.0,17079583.616,17079588.316,3,harn_anchored
user18|1|2,user18,1,2,1,Turning a page,22_Turn_pages,Contently,SLOW,HAU/user18/1-2-1,"/Users/toheeb.ogunade/Workspace/cuchx-large/hf_data_manual/LMT_(IMU,Radar,Skeleton)/Training/HAU/user18/1-2-1",10.0,377.0,17079348.916,17079385.616,135.0,156.0,17079361.416,17079363.516,3,harn_anchored
user18|1|2,user18,1,2,2,Turning a page,22_Turn_pages,Briskly,FAST,HAU/user18/1-2-2,"/Users/toheeb.ogunade/Workspace/cuchx-large/hf_data_manual/LMT_(IMU,Radar,Skeleton)/Training/HAU/user18/1-2-2",6.0,285.0,17079468.516,17079496.416,89.0,109.0,17079476.816,17079478.816,3,harn_anchored
user18|1|2,user18,1,2,3,Turning a page,22_Turn_pages,Lazily,SLOW,HAU/user18/1-2-3,"/Users/toheeb.ogunade/Workspace/cuchx-large/hf_data_manual/LMT_(IMU,Radar,Skeleton)/Training/HAU/user18/1-2-3",7.0,333.0,17079568.616,17079601.216,127.0,149.0,17079580.616,17079582.816,3,harn_anchored
user18|1|2,user18,1,2,1,Listening to the music with headphones,23_Listen_to_music_with_headphones,Contently,SLOW,HAU/user18/1-2-1,"/Users/toheeb.ogunade/Workspace/cuchx-large/hf_data_manual/LMT_(IMU,Radar,Skeleton)/Training/HAU/user18/1-2-1",10.0,377.0,17079348.916,17079385.616,99.0,329.0,17079357.816,17079380.816,3,harn_anchored
user18|1|2,user18,1,2,2,Listening to the music with headphones,23_Listen_to_music_with_headphones,Briskly,FAST,HAU/user18/1-2-2,"/Users/toheeb.ogunade/Workspace/cuchx-large/hf_data_manual/LMT_(IMU,Radar,Skeleton)/Training/HAU/user18/1-2-2",6.0,285.0,17079468.516,17079496.416,54.0,228.0,17079473.316,17079490.716,3,harn_anchored
user18|1|2,user18,1,2,3,Listening to the music with headphones,23_Listen_to_music_with_headphones,Lazily,SLOW,HAU/user18/1-2-3,"/Users/toheeb.ogunade/Workspace/cuchx-large/hf_data_manual/LMT_(IMU,Radar,Skeleton)/Training/HAU/user18/1-2-3",7.0,333.0,17079568.616,17079601.216,96.0,283.0,17079577.516,17079596.216,3,harn_anchored
user18|1|2,user18,1,2,1,Taking a selfie,27_Take_a_selfie,Contently,SLOW,HAU/user18/1-2-1,"/Users/toheeb.ogunade/Workspace/cuchx-large/hf_data_manual/LMT_(IMU,Radar,Skeleton)/Training/HAU/user18/1-2-1",10.0,377.0,17079348.916,17079385.616,256.0,290.0,17079373.516,17079376.916,3,harn_anchored
user18|1|2,user18,1,2,2,Taking a selfie,27_Take_a_selfie,Briskly,FAST,HAU/user18/1-2-2,"/Users/toheeb.ogunade/Workspace/cuchx-large/hf_data_manual/LMT_(IMU,Radar,Skeleton)/Training/HAU/user18/1-2-2",6.0,285.0,17079468.516,17079496.416,159.0,207.0,17079483.816,17079488.616,3,harn_anchored
user18|1|2,user18,1,2,3,Taking a selfie,27_Take_a_selfie,Lazily,SLOW,HAU/user18/1-2-3,"/Users/toheeb.ogunade/Workspace/cuchx-large/hf_data_manual/LMT_(IMU,Radar,Skeleton)/Training/HAU/user18/1-2-3",7.0,333.0,17079568.616,17079601.216,233.0,255.0,17079591.216,17079593.416,3,harn_anchored
user18|1|2,user18,1,2,1,Walking,36_Walk,Contently,SLOW,HAU/user18/1-2-1,"/Users/toheeb.ogunade/Workspace/cuchx-large/hf_data_manual/LMT_(IMU,Radar,Skeleton)/Training/HAU/user18/1-2-1",10.0,377.0,17079348.916,17079385.616,26.0,51.0,17079350.516,17079353.016,3,harn_anchored
user18|1|2,user18,1,2,2,Walking,36_Walk,Briskly,FAST,HAU/user18/1-2-2,"/Users/toheeb.ogunade/Workspace/cuchx-large/hf_data_manual/LMT_(IMU,Radar,Skeleton)/Training/HAU/user18/1-2-2",6.0,285.0,17079468.516,17079496.416,16.0,31.0,17079469.516,17079471.016,3,harn_anchored
user18|1|2,user18,1,2,3,Walking,36_Walk,Lazily,SLOW,HAU/user18/1-2-3,"/Users/toheeb.ogunade/Workspace/cuchx-large/hf_data_manual/LMT_(IMU,Radar,Skeleton)/Training/HAU/user18/1-2-3",7.0,333.0,17079568.616,17079601.216,29.0,56.0,17079570.816,17079573.516,3,harn_anchored
user18|2|1,user18,2,1,1,Folding clothes,16_Fold_clothes,Relaxedly,SLOW,HAU/user18/2-1-1,"/Users/toheeb.ogunade/Workspace/cuchx-large/hf_data_manual/LMT_(IMU,Radar,Skeleton)/Training/HAU/user18/2-1-1",28.0,348.0,16898379.716,16898411.716,48.0,152.0,16898381.716,16898392.116,3,harn_anchored
user18|2|1,user18,2,1,2,Folding clothes,16_Fold_clothes,Attentively,CARE,HAU/user18/2-1-2,"/Users/toheeb.ogunade/Workspace/cuchx-large/hf_data_manual/LMT_(IMU,Radar,Skeleton)/Training/HAU/user18/2-1-2",14.0,300.0,16898699.316,16898727.916,26.0,133.0,16898700.516,16898711.216,3,harn_anchored
user18|2|1,user18,2,1,3,Folding clothes,16_Fold_clothes,Nervously,NERV,HAU/user18/2-1-3,"/Users/toheeb.ogunade/Workspace/cuchx-large/hf_data_manual/LMT_(IMU,Radar,Skeleton)/Training/HAU/user18/2-1-3",22.0,221.0,16898801.116,16898821.016,37.0,79.0,16898802.616,16898806.816,3,harn_anchored
user18|2|1,user18,2,1,1,Calling,19_Make_a_phone_call,Relaxedly,SLOW,HAU/user18/2-1-1,"/Users/toheeb.ogunade/Workspace/cuchx-large/hf_data_manual/LMT_(IMU,Radar,Skeleton)/Training/HAU/user18/2-1-1",28.0,348.0,16898379.716,16898411.716,330.0,348.0,16898409.916,16898411.716,3,harn_anchored
user18|2|1,user18,2,1,2,Calling,19_Make_a_phone_call,Attentively,CARE,HAU/user18/2-1-2,"/Users/toheeb.ogunade/Workspace/cuchx-large/hf_data_manual/LMT_(IMU,Radar,Skeleton)/Training/HAU/user18/2-1-2",14.0,300.0,16898699.316,16898727.916,280.0,300.0,16898725.916,16898727.916,3,harn_anchored
user18|2|1,user18,2,1,3,Calling,19_Make_a_phone_call,Nervously,NERV,HAU/user18/2-1-3,"/Users/toheeb.ogunade/Workspace/cuchx-large/hf_data_manual/LMT_(IMU,Radar,Skeleton)/Training/HAU/user18/2-1-3",22.0,221.0,16898801.116,16898821.016,201.0,221.0,16898819.016,16898821.016,3,harn_anchored
user18|2|1,user18,2,1,1,Checking the time,20_Check_the_time,Relaxedly,SLOW,HAU/user18/2-1-1,"/Users/toheeb.ogunade/Workspace/cuchx-large/hf_data_manual/LMT_(IMU,Radar,Skeleton)/Training/HAU/user18/2-1-1",28.0,348.0,16898379.716,16898411.716,173.0,191.0,16898394.216,16898396.016,3,harn_anchored
user18|2|1,user18,2,1,2,Checking the time,20_Check_the_time,Attentively,CARE,HAU/user18/2-1-2,"/Users/toheeb.ogunade/Workspace/cuchx-large/hf_data_manual/LMT_(IMU,Radar,Skeleton)/Training/HAU/user18/2-1-2",14.0,300.0,16898699.316,16898727.916,166.0,177.0,16898714.516,16898715.616,3,harn_anchored
user18|2|1,user18,2,1,3,Checking the time,20_Check_the_time,Nervously,NERV,HAU/user18/2-1-3,"/Users/toheeb.ogunade/Workspace/cuchx-large/hf_data_manual/LMT_(IMU,Radar,Skeleton)/Training/HAU/user18/2-1-3",22.0,221.0,16898801.116,16898821.016,133.0,145.0,16898812.216,16898813.416,3,harn_anchored
user18|2|2,user18,2,2,1,Wiping surface,15_Wipe_windows_and_tables,Meticulously,CARE,HAU/user18/2-2-1,"/Users/toheeb.ogunade/Workspace/cuchx-large/hf_data_manual/LMT_(IMU,Radar,Skeleton)/Training/HAU/user18/2-2-1",17.0,101.0,17064489.616,17064498.016,66.0,101.0,17064494.516,17064498.016,3,harn_anchored
user18|2|2,user18,2,2,2,Wiping surface,15_Wipe_windows_and_tables,Briskly,FAST,HAU/user18/2-2-2,"/Users/toheeb.ogunade/Workspace/cuchx-large/hf_data_manual/LMT_(IMU,Radar,Skeleton)/Training/HAU/user18/2-2-2",13.0,87.0,17064577.216,17064584.616,52.0,87.0,17064581.116,17064584.616,3,harn_anchored
user18|2|2,user18,2,2,3,Wiping surface,15_Wipe_windows_and_tables,Hastily,FAST,HAU/user18/2-2-3,"/Users/toheeb.ogunade/Workspace/cuchx-large/hf_data_manual/LMT_(IMU,Radar,Skeleton)/Training/HAU/user18/2-2-3",7.0,58.0,17064894.616,17064899.716,34.0,58.0,17064897.316,17064899.716,3,harn_anchored
user18|2|2,user18,2,2,1,Walking,36_Walk,Meticulously,CARE,HAU/user18/2-2-1,"/Users/toheeb.ogunade/Workspace/cuchx-large/hf_data_manual/LMT_(IMU,Radar,Skeleton)/Training/HAU/user18/2-2-1",17.0,101.0,17064489.616,17064498.016,35.0,59.0,17064491.416,17064493.816,3,harn_anchored
user18|2|2,user18,2,2,2,Walking,36_Walk,Briskly,FAST,HAU/user18/2-2-2,"/Users/toheeb.ogunade/Workspace/cuchx-large/hf_data_manual/LMT_(IMU,Radar,Skeleton)/Training/HAU/user18/2-2-2",13.0,87.0,17064577.216,17064584.616,31.0,51.0,17064579.016,17064581.016,3,harn_anchored
user18|2|2,user18,2,2,3,Walking,36_Walk,Hastily,FAST,HAU/user18/2-2-3,"/Users/toheeb.ogunade/Workspace/cuchx-large/hf_data_manual/LMT_(IMU,Radar,Skeleton)/Training/HAU/user18/2-2-3",7.0,58.0,17064894.616,17064899.716,17.0,31.0,17064895.616,17064897.016,3,harn_anchored
user18|3|1,user18,3,1,1,Sweeping,12_Sweep_the_floor,Deliberately,CARE,HAU/user18/3-1-1,"/Users/toheeb.ogunade/Workspace/cuchx-large/hf_data_manual/LMT_(IMU,Radar,Skeleton)/Training/HAU/user18/3-1-1",16.0,249.0,16898951.516,16898974.816,60.0,105.0,16898955.916,16898960.416,3,harn_anchored
user18|3|1,user18,3,1,2,Sweeping,12_Sweep_the_floor,Quickly,FAST,HAU/user18/3-1-2,"/Users/toheeb.ogunade/Workspace/cuchx-large/hf_data_manual/LMT_(IMU,Radar,Skeleton)/Training/HAU/user18/3-1-2",15.0,151.0,16899040.416,16899054.016,36.0,50.0,16899042.516,16899043.916,3,harn_anchored
user18|3|1,user18,3,1,3,Sweeping,12_Sweep_the_floor,Precisely,CARE,HAU/user18/3-1-3,"/Users/toheeb.ogunade/Workspace/cuchx-large/hf_data_manual/LMT_(IMU,Radar,Skeleton)/Training/HAU/user18/3-1-3",18.0,184.0,16899113.716,16899130.316,41.0,69.0,16899116.016,16899118.816,3,harn_anchored
user18|3|1,user18,3,1,1,Mopping,13_Mop_the_floor,Deliberately,CARE,HAU/user18/3-1-1,"/Users/toheeb.ogunade/Workspace/cuchx-large/hf_data_manual/LMT_(IMU,Radar,Skeleton)/Training/HAU/user18/3-1-1",16.0,249.0,16898951.516,16898974.816,145.0,182.0,16898964.416,16898968.116,3,harn_anchored
user18|3|1,user18,3,1,2,Mopping,13_Mop_the_floor,Quickly,FAST,HAU/user18/3-1-2,"/Users/toheeb.ogunade/Workspace/cuchx-large/hf_data_manual/LMT_(IMU,Radar,Skeleton)/Training/HAU/user18/3-1-2",15.0,151.0,16899040.416,16899054.016,73.0,102.0,16899046.216,16899049.116,3,harn_anchored
user18|3|1,user18,3,1,3,Mopping,13_Mop_the_floor,Precisely,CARE,HAU/user18/3-1-3,"/Users/toheeb.ogunade/Workspace/cuchx-large/hf_data_manual/LMT_(IMU,Radar,Skeleton)/Training/HAU/user18/3-1-3",18.0,184.0,16899113.716,16899130.316,96.0,128.0,16899121.516,16899124.716,3,harn_anchored
user18|3|2,user18,3,2,1,Stirring,10_Stir_drinks,Leisurely,SLOW,HAU/user18/3-2-1,"/Users/toheeb.ogunade/Workspace/cuchx-large/hf_data_manual/LMT_(IMU,Radar,Skeleton)/Training/HAU/user18/3-2-1",12.0,167.0,17065108.116,17065123.616,130.0,167.0,17065119.916,17065123.616,3,harn_anchored
user18|3|2,user18,3,2,2,Stirring,10_Stir_drinks,Rapidly,FAST,HAU/user18/3-2-2,"/Users/toheeb.ogunade/Workspace/cuchx-large/hf_data_manual/LMT_(IMU,Radar,Skeleton)/Training/HAU/user18/3-2-2",14.0,111.0,17065237.316,17065247.016,95.0,111.0,17065245.416,17065247.016,3,harn_anchored
user18|3|2,user18,3,2,3,Stirring,10_Stir_drinks,Evenly,NEUT,HAU/user18/3-2-3,"/Users/toheeb.ogunade/Workspace/cuchx-large/hf_data_manual/LMT_(IMU,Radar,Skeleton)/Training/HAU/user18/3-2-3",14.0,134.0,17065311.316,17065323.316,117.0,134.0,17065321.616,17065323.316,3,harn_anchored
user18|3|2,user18,3,2,1,Washing dishes,14_Wipe_bowls,Leisurely,SLOW,HAU/user18/3-2-1,"/Users/toheeb.ogunade/Workspace/cuchx-large/hf_data_manual/LMT_(IMU,Radar,Skeleton)/Training/HAU/user18/3-2-1",12.0,167.0,17065108.116,17065123.616,27.0,53.0,17065109.616,17065112.216,3,harn_anchored
user18|3|2,user18,3,2,2,Washing dishes,14_Wipe_bowls,Rapidly,FAST,HAU/user18/3-2-2,"/Users/toheeb.ogunade/Workspace/cuchx-large/hf_data_manual/LMT_(IMU,Radar,Skeleton)/Training/HAU/user18/3-2-2",14.0,111.0,17065237.316,17065247.016,26.0,50.0,17065238.516,17065240.916,3,harn_anchored
user18|3|2,user18,3,2,3,Washing dishes,14_Wipe_bowls,Evenly,NEUT,HAU/user18/3-2-3,"/Users/toheeb.ogunade/Workspace/cuchx-large/hf_data_manual/LMT_(IMU,Radar,Skeleton)/Training/HAU/user18/3-2-3",14.0,134.0,17065311.316,17065323.316,29.0,56.0,17065312.816,17065315.516,3,harn_anchored
user18|3|2,user18,3,2,1,Pouring,9_Pour_drinks,Leisurely,SLOW,HAU/user18/3-2-1,"/Users/toheeb.ogunade/Workspace/cuchx-large/hf_data_manual/LMT_(IMU,Radar,Skeleton)/Training/HAU/user18/3-2-1",12.0,167.0,17065108.116,17065123.616,82.0,112.0,17065115.116,17065118.116,3,harn_anchored
user18|3|2,user18,3,2,2,Pouring,9_Pour_drinks,Rapidly,FAST,HAU/user18/3-2-2,"/Users/toheeb.ogunade/Workspace/cuchx-large/hf_data_manual/LMT_(IMU,Radar,Skeleton)/Training/HAU/user18/3-2-2",14.0,111.0,17065237.316,17065247.016,67.0,80.0,17065242.616,17065243.916,3,harn_anchored
user18|3|2,user18,3,2,3,Pouring,9_Pour_drinks,Evenly,NEUT,HAU/user18/3-2-3,"/Users/toheeb.ogunade/Workspace/cuchx-large/hf_data_manual/LMT_(IMU,Radar,Skeleton)/Training/HAU/user18/3-2-3",14.0,134.0,17065311.316,17065323.316,90.0,99.0,17065318.916,17065319.816,3,harn_anchored
user18|3|3,user18,3,3,1,Wiping surface,15_Wipe_windows_and_tables,Gently,SLOW,HAU/user18/3-3-1,"/Users/toheeb.ogunade/Workspace/cuchx-large/hf_data_manual/LMT_(IMU,Radar,Skeleton)/Training/HAU/user18/3-3-1",8.0,103.0,17079713.716,17079723.216,62.0,103.0,17079719.116,17079723.216,3,harn_anchored
user18|3|3,user18,3,3,2,Wiping surface,15_Wipe_windows_and_tables,Quickly,FAST,HAU/user18/3-3-2,"/Users/toheeb.ogunade/Workspace/cuchx-large/hf_data_manual/LMT_(IMU,Radar,Skeleton)/Training/HAU/user18/3-3-2",10.0,72.0,17079824.916,17079831.116,46.0,72.0,17079828.516,17079831.116,3,harn_anchored
user18|3|3,user18,3,3,3,Wiping surface,15_Wipe_windows_and_tables,Thoroughly,CARE,HAU/user18/3-3-3,"/Users/toheeb.ogunade/Workspace/cuchx-large/hf_data_manual/LMT_(IMU,Radar,Skeleton)/Training/HAU/user18/3-3-3",10.0,106.0,17079900.916,17079910.516,62.0,106.0,17079906.116,17079910.516,3,harn_anchored
user18|3|3,user18,3,3,1,Walking,36_Walk,Gently,SLOW,HAU/user18/3-3-1,"/Users/toheeb.ogunade/Workspace/cuchx-large/hf_data_manual/LMT_(IMU,Radar,Skeleton)/Training/HAU/user18/3-3-1",8.0,103.0,17079713.716,17079723.216,28.0,52.0,17079715.716,17079718.116,3,harn_anchored
user18|3|3,user18,3,3,2,Walking,36_Walk,Quickly,FAST,HAU/user18/3-3-2,"/Users/toheeb.ogunade/Workspace/cuchx-large/hf_data_manual/LMT_(IMU,Radar,Skeleton)/Training/HAU/user18/3-3-2",10.0,72.0,17079824.916,17079831.116,21.0,38.0,17079826.016,17079827.716,3,harn_anchored
user18|3|3,user18,3,3,3,Walking,36_Walk,Thoroughly,CARE,HAU/user18/3-3-3,"/Users/toheeb.ogunade/Workspace/cuchx-large/hf_data_manual/LMT_(IMU,Radar,Skeleton)/Training/HAU/user18/3-3-3",10.0,106.0,17079900.916,17079910.516,30.0,54.0,17079902.916,17079905.316,3,harn_anchored
user18|4|1,user18,4,1,1,Writing,18_Write,Quietly,SLOW,HAU/user18/4-1-1,"/Users/toheeb.ogunade/Workspace/cuchx-large/hf_data_manual/LMT_(IMU,Radar,Skeleton)/Training/HAU/user18/4-1-1",17.0,322.0,16909211.616,16909242.116,161.0,196.0,16909226.016,16909229.516,3,harn_anchored
user18|4|1,user18,4,1,2,Writing,18_Write,Rapidly,FAST,HAU/user18/4-1-2,"/Users/toheeb.ogunade/Workspace/cuchx-large/hf_data_manual/LMT_(IMU,Radar,Skeleton)/Training/HAU/user18/4-1-2",18.0,229.0,16909496.716,16909517.816,161.0,163.0,16909511.016,16909511.216,3,harn_anchored
user18|4|1,user18,4,1,3,Writing,18_Write,Steadily,NEUT,HAU/user18/4-1-3,"/Users/toheeb.ogunade/Workspace/cuchx-large/hf_data_manual/LMT_(IMU,Radar,Skeleton)/Training/HAU/user18/4-1-3",13.0,297.0,16909658.216,16909686.616,146.0,176.0,16909671.516,16909674.516,3,harn_anchored
user18|4|1,user18,4,1,1,Reading,21_Read_documents,Quietly,SLOW,HAU/user18/4-1-1,"/Users/toheeb.ogunade/Workspace/cuchx-large/hf_data_manual/LMT_(IMU,Radar,Skeleton)/Training/HAU/user18/4-1-1",17.0,322.0,16909211.616,16909242.116,227.0,294.0,16909232.616,16909239.316,3,harn_anchored
user18|4|1,user18,4,1,2,Reading,21_Read_documents,Rapidly,FAST,HAU/user18/4-1-2,"/Users/toheeb.ogunade/Workspace/cuchx-large/hf_data_manual/LMT_(IMU,Radar,Skeleton)/Training/HAU/user18/4-1-2",18.0,229.0,16909496.716,16909517.816,186.0,217.0,16909513.516,16909516.616,3,harn_anchored
user18|4|1,user18,4,1,3,Reading,21_Read_documents,Steadily,NEUT,HAU/user18/4-1-3,"/Users/toheeb.ogunade/Workspace/cuchx-large/hf_data_manual/LMT_(IMU,Radar,Skeleton)/Training/HAU/user18/4-1-3",13.0,297.0,16909658.216,16909686.616,203.0,267.0,16909677.216,16909683.616,3,harn_anchored
user18|4|1,user18,4,1,1,Turning a page,22_Turn_pages,Quietly,SLOW,HAU/user18/4-1-1,"/Users/toheeb.ogunade/Workspace/cuchx-large/hf_data_manual/LMT_(IMU,Radar,Skeleton)/Training/HAU/user18/4-1-1",17.0,322.0,16909211.616,16909242.116,231.0,293.0,16909233.016,16909239.216,3,harn_anchored
user18|4|1,user18,4,1,2,Turning a page,22_Turn_pages,Rapidly,FAST,HAU/user18/4-1-2,"/Users/toheeb.ogunade/Workspace/cuchx-large/hf_data_manual/LMT_(IMU,Radar,Skeleton)/Training/HAU/user18/4-1-2",18.0,229.0,16909496.716,16909517.816,201.0,215.0,16909515.016,16909516.416,3,harn_anchored
user18|4|1,user18,4,1,3,Turning a page,22_Turn_pages,Steadily,NEUT,HAU/user18/4-1-3,"/Users/toheeb.ogunade/Workspace/cuchx-large/hf_data_manual/LMT_(IMU,Radar,Skeleton)/Training/HAU/user18/4-1-3",13.0,297.0,16909658.216,16909686.616,224.0,254.0,16909679.316,16909682.316,3,harn_anchored
user18|4|1,user18,4,1,2,Sitting down,34_Sit_down,Rapidly,FAST,HAU/user18/4-1-2,"/Users/toheeb.ogunade/Workspace/cuchx-large/hf_data_manual/LMT_(IMU,Radar,Skeleton)/Training/HAU/user18/4-1-2",18.0,229.0,16909496.716,16909517.816,52.0,57.0,16909500.116,16909500.616,2,harn_anchored
user18|4|1,user18,4,1,3,Sitting down,34_Sit_down,Steadily,NEUT,HAU/user18/4-1-3,"/Users/toheeb.ogunade/Workspace/cuchx-large/hf_data_manual/LMT_(IMU,Radar,Skeleton)/Training/HAU/user18/4-1-3",13.0,297.0,16909658.216,16909686.616,58.0,64.0,16909662.716,16909663.316,2,harn_anchored
user18|4|2,user18,4,2,1,Stirring,10_Stir_drinks,Cautiously,CARE,HAU/user18/4-2-1,"/Users/toheeb.ogunade/Workspace/cuchx-large/hf_data_manual/LMT_(IMU,Radar,Skeleton)/Training/HAU/user18/4-2-1",13.0,198.0,17070720.216,17070738.716,95.0,127.0,17070728.416,17070731.616,3,harn_anchored
user18|4|2,user18,4,2,2,Stirring,10_Stir_drinks,Briskly,FAST,HAU/user18/4-2-2,"/Users/toheeb.ogunade/Workspace/cuchx-large/hf_data_manual/LMT_(IMU,Radar,Skeleton)/Training/HAU/user18/4-2-2",21.0,149.0,17070890.016,17070902.816,88.0,97.0,17070896.716,17070897.616,3,harn_anchored
user18|4|2,user18,4,2,3,Stirring,10_Stir_drinks,Orderly,CARE,HAU/user18/4-2-3,"/Users/toheeb.ogunade/Workspace/cuchx-large/hf_data_manual/LMT_(IMU,Radar,Skeleton)/Training/HAU/user18/4-2-3",16.0,148.0,17071048.516,17071061.716,82.0,95.0,17071055.116,17071056.416,3,harn_anchored
user18|4|2,user18,4,2,1,Peeling fruit,11_Peel_fruits,Cautiously,CARE,HAU/user18/4-2-1,"/Users/toheeb.ogunade/Workspace/cuchx-large/hf_data_manual/LMT_(IMU,Radar,Skeleton)/Training/HAU/user18/4-2-1",13.0,198.0,17070720.216,17070738.716,141.0,165.0,17070733.016,17070735.416,3,harn_anchored
user18|4|2,user18,4,2,2,Peeling fruit,11_Peel_fruits,Briskly,FAST,HAU/user18/4-2-2,"/Users/toheeb.ogunade/Workspace/cuchx-large/hf_data_manual/LMT_(IMU,Radar,Skeleton)/Training/HAU/user18/4-2-2",21.0,149.0,17070890.016,17070902.816,111.0,122.0,17070899.016,17070900.116,3,harn_anchored
user18|4|2,user18,4,2,3,Peeling fruit,11_Peel_fruits,Orderly,CARE,HAU/user18/4-2-3,"/Users/toheeb.ogunade/Workspace/cuchx-large/hf_data_manual/LMT_(IMU,Radar,Skeleton)/Training/HAU/user18/4-2-3",16.0,148.0,17071048.516,17071061.716,111.0,126.0,17071058.016,17071059.516,3,harn_anchored
user18|4|2,user18,4,2,1,Walking,36_Walk,Cautiously,CARE,HAU/user18/4-2-1,"/Users/toheeb.ogunade/Workspace/cuchx-large/hf_data_manual/LMT_(IMU,Radar,Skeleton)/Training/HAU/user18/4-2-1",13.0,198.0,17070720.216,17070738.716,27.0,50.0,17070721.616,17070723.916,3,harn_anchored
user18|4|2,user18,4,2,2,Walking,36_Walk,Briskly,FAST,HAU/user18/4-2-2,"/Users/toheeb.ogunade/Workspace/cuchx-large/hf_data_manual/LMT_(IMU,Radar,Skeleton)/Training/HAU/user18/4-2-2",21.0,149.0,17070890.016,17070902.816,33.0,52.0,17070891.216,17070893.116,3,harn_anchored
user18|4|2,user18,4,2,3,Walking,36_Walk,Orderly,CARE,HAU/user18/4-2-3,"/Users/toheeb.ogunade/Workspace/cuchx-large/hf_data_manual/LMT_(IMU,Radar,Skeleton)/Training/HAU/user18/4-2-3",16.0,148.0,17071048.516,17071061.716,30.0,53.0,17071049.916,17071052.216,3,harn_anchored
user18|4|2,user18,4,2,1,Pouring,9_Pour_drinks,Cautiously,CARE,HAU/user18/4-2-1,"/Users/toheeb.ogunade/Workspace/cuchx-large/hf_data_manual/LMT_(IMU,Radar,Skeleton)/Training/HAU/user18/4-2-1",13.0,198.0,17070720.216,17070738.716,71.0,76.0,17070726.016,17070726.516,3,harn_anchored
user18|4|2,user18,4,2,2,Pouring,9_Pour_drinks,Briskly,FAST,HAU/user18/4-2-2,"/Users/toheeb.ogunade/Workspace/cuchx-large/hf_data_manual/LMT_(IMU,Radar,Skeleton)/Training/HAU/user18/4-2-2",21.0,149.0,17070890.016,17070902.816,63.0,66.0,17070894.216,17070894.516,3,harn_anchored
user18|4|2,user18,4,2,3,Pouring,9_Pour_drinks,Orderly,CARE,HAU/user18/4-2-3,"/Users/toheeb.ogunade/Workspace/cuchx-large/hf_data_manual/LMT_(IMU,Radar,Skeleton)/Training/HAU/user18/4-2-3",16.0,148.0,17071048.516,17071061.716,57.0,64.0,17071052.616,17071053.316,3,harn_anchored
user18|5|1,user18,5,1,1,Typing on a keyboard,17_Tap_the_keyboard,Gracefully,NEUT,HAU/user18/5-1-1,"/Users/toheeb.ogunade/Workspace/cuchx-large/hf_data_manual/LMT_(IMU,Radar,Skeleton)/Training/HAU/user18/5-1-1",9.0,282.0,16899642.816,16899670.116,114.0,195.0,16899653.316,16899661.416,3,harn_anchored
user18|5|1,user18,5,1,2,Typing on a keyboard,17_Tap_the_keyboard,Peacefully,SLOW,HAU/user18/5-1-2,"/Users/toheeb.ogunade/Workspace/cuchx-large/hf_data_manual/LMT_(IMU,Radar,Skeleton)/Training/HAU/user18/5-1-2",13.0,268.0,16899751.216,16899776.716,124.0,160.0,16899762.316,16899765.916,3,harn_anchored
user18|5|1,user18,5,1,3,Typing on a keyboard,17_Tap_the_keyboard,Anxiously,NERV,HAU/user18/5-1-3,"/Users/toheeb.ogunade/Workspace/cuchx-large/hf_data_manual/LMT_(IMU,Radar,Skeleton)/Training/HAU/user18/5-1-3",9.0,136.0,16899830.816,16899843.516,70.0,90.0,16899836.916,16899838.916,3,harn_anchored
user18|5|1,user18,5,1,1,Checking the time,20_Check_the_time,Gracefully,NEUT,HAU/user18/5-1-1,"/Users/toheeb.ogunade/Workspace/cuchx-large/hf_data_manual/LMT_(IMU,Radar,Skeleton)/Training/HAU/user18/5-1-1",9.0,282.0,16899642.816,16899670.116,198.0,218.0,16899661.716,16899663.716,3,harn_anchored
user18|5|1,user18,5,1,2,Checking the time,20_Check_the_time,Peacefully,SLOW,HAU/user18/5-1-2,"/Users/toheeb.ogunade/Workspace/cuchx-large/hf_data_manual/LMT_(IMU,Radar,Skeleton)/Training/HAU/user18/5-1-2",13.0,268.0,16899751.216,16899776.716,165.0,186.0,16899766.416,16899768.516,3,harn_anchored
user18|5|1,user18,5,1,3,Checking the time,20_Check_the_time,Anxiously,NERV,HAU/user18/5-1-3,"/Users/toheeb.ogunade/Workspace/cuchx-large/hf_data_manual/LMT_(IMU,Radar,Skeleton)/Training/HAU/user18/5-1-3",9.0,136.0,16899830.816,16899843.516,92.0,107.0,16899839.116,16899840.616,3,harn_anchored
user18|5|1,user18,5,1,1,Running,28_Jog_in_place,Gracefully,NEUT,HAU/user18/5-1-1,"/Users/toheeb.ogunade/Workspace/cuchx-large/hf_data_manual/LMT_(IMU,Radar,Skeleton)/Training/HAU/user18/5-1-1",9.0,282.0,16899642.816,16899670.116,27.0,52.0,16899644.616,16899647.116,3,harn_anchored
user18|5|1,user18,5,1,2,Running,28_Jog_in_place,Peacefully,SLOW,HAU/user18/5-1-2,"/Users/toheeb.ogunade/Workspace/cuchx-large/hf_data_manual/LMT_(IMU,Radar,Skeleton)/Training/HAU/user18/5-1-2",13.0,268.0,16899751.216,16899776.716,21.0,54.0,16899752.016,16899755.316,3,harn_anchored
user18|5|1,user18,5,1,3,Running,28_Jog_in_place,Anxiously,NERV,HAU/user18/5-1-3,"/Users/toheeb.ogunade/Workspace/cuchx-large/hf_data_manual/LMT_(IMU,Radar,Skeleton)/Training/HAU/user18/5-1-3",9.0,136.0,16899830.816,16899843.516,16.0,31.0,16899831.516,16899833.016,3,harn_anchored
user18|5|1,user18,5,1,1,Stretching,31_Do_stretching_exercises,Gracefully,NEUT,HAU/user18/5-1-1,"/Users/toheeb.ogunade/Workspace/cuchx-large/hf_data_manual/LMT_(IMU,Radar,Skeleton)/Training/HAU/user18/5-1-1",9.0,282.0,16899642.816,16899670.116,60.0,73.0,16899647.916,16899649.216,3,harn_anchored
user18|5|1,user18,5,1,2,Stretching,31_Do_stretching_exercises,Peacefully,SLOW,HAU/user18/5-1-2,"/Users/toheeb.ogunade/Workspace/cuchx-large/hf_data_manual/LMT_(IMU,Radar,Skeleton)/Training/HAU/user18/5-1-2",13.0,268.0,16899751.216,16899776.716,59.0,79.0,16899755.816,16899757.816,3,harn_anchored
user18|5|1,user18,5,1,3,Stretching,31_Do_stretching_exercises,Anxiously,NERV,HAU/user18/5-1-3,"/Users/toheeb.ogunade/Workspace/cuchx-large/hf_data_manual/LMT_(IMU,Radar,Skeleton)/Training/HAU/user18/5-1-3",9.0,136.0,16899830.816,16899843.516,38.0,47.0,16899833.716,16899834.616,3,harn_anchored
user18|5|1,user18,5,1,1,Standing up,32_Stand_up,Gracefully,NEUT,HAU/user18/5-1-1,"/Users/toheeb.ogunade/Workspace/cuchx-large/hf_data_manual/LMT_(IMU,Radar,Skeleton)/Training/HAU/user18/5-1-1",9.0,282.0,16899642.816,16899670.116,228.0,234.0,16899664.716,16899665.316,2,harn_anchored
user18|5|1,user18,5,1,2,Standing up,32_Stand_up,Peacefully,SLOW,HAU/user18/5-1-2,"/Users/toheeb.ogunade/Workspace/cuchx-large/hf_data_manual/LMT_(IMU,Radar,Skeleton)/Training/HAU/user18/5-1-2",13.0,268.0,16899751.216,16899776.716,196.0,201.0,16899769.516,16899770.016,2,harn_anchored
user18|5|1,user18,5,1,1,Lunges,35_Do_lunges,Gracefully,NEUT,HAU/user18/5-1-1,"/Users/toheeb.ogunade/Workspace/cuchx-large/hf_data_manual/LMT_(IMU,Radar,Skeleton)/Training/HAU/user18/5-1-1",9.0,282.0,16899642.816,16899670.116,262.0,282.0,16899668.116,16899670.116,3,harn_anchored
user18|5|1,user18,5,1,2,Lunges,35_Do_lunges,Peacefully,SLOW,HAU/user18/5-1-2,"/Users/toheeb.ogunade/Workspace/cuchx-large/hf_data_manual/LMT_(IMU,Radar,Skeleton)/Training/HAU/user18/5-1-2",13.0,268.0,16899751.216,16899776.716,231.0,268.0,16899773.016,16899776.716,3,harn_anchored
user18|5|1,user18,5,1,3,Lunges,35_Do_lunges,Anxiously,NERV,HAU/user18/5-1-3,"/Users/toheeb.ogunade/Workspace/cuchx-large/hf_data_manual/LMT_(IMU,Radar,Skeleton)/Training/HAU/user18/5-1-3",9.0,136.0,16899830.816,16899843.516,128.0,136.0,16899842.716,16899843.516,3,harn_anchored
user18|6|1,user18,6,1,1,Squats,29_Do_squats,Slowly,SLOW,HAU/user18/6-1-1,"/Users/toheeb.ogunade/Workspace/cuchx-large/hf_data_manual/LMT_(IMU,Radar,Skeleton)/Training/HAU/user18/6-1-1",15.0,270.0,16909814.416,16909839.916,232.0,270.0,16909836.116,16909839.916,3,harn_anchored
user18|6|1,user18,6,1,2,Squats,29_Do_squats,Rapidly,FAST,HAU/user18/6-1-2,"/Users/toheeb.ogunade/Workspace/cuchx-large/hf_data_manual/LMT_(IMU,Radar,Skeleton)/Training/HAU/user18/6-1-2",12.0,205.0,16909895.116,16909914.416,175.0,205.0,16909911.416,16909914.416,3,harn_anchored
user18|6|1,user18,6,1,3,Squats,29_Do_squats,Calmly,SLOW,HAU/user18/6-1-3,"/Users/toheeb.ogunade/Workspace/cuchx-large/hf_data_manual/LMT_(IMU,Radar,Skeleton)/Training/HAU/user18/6-1-3",10.0,211.0,16910114.916,16910135.016,184.0,211.0,16910132.316,16910135.016,3,harn_anchored
user18|6|1,user18,6,1,1,Stretching,31_Do_stretching_exercises,Slowly,SLOW,HAU/user18/6-1-1,"/Users/toheeb.ogunade/Workspace/cuchx-large/hf_data_manual/LMT_(IMU,Radar,Skeleton)/Training/HAU/user18/6-1-1",15.0,270.0,16909814.416,16909839.916,193.0,229.0,16909832.216,16909835.816,3,harn_anchored
user18|6|1,user18,6,1,2,Stretching,31_Do_stretching_exercises,Rapidly,FAST,HAU/user18/6-1-2,"/Users/toheeb.ogunade/Workspace/cuchx-large/hf_data_manual/LMT_(IMU,Radar,Skeleton)/Training/HAU/user18/6-1-2",12.0,205.0,16909895.116,16909914.416,117.0,162.0,16909905.616,16909910.116,3,harn_anchored
user18|6|1,user18,6,1,3,Stretching,31_Do_stretching_exercises,Calmly,SLOW,HAU/user18/6-1-3,"/Users/toheeb.ogunade/Workspace/cuchx-large/hf_data_manual/LMT_(IMU,Radar,Skeleton)/Training/HAU/user18/6-1-3",10.0,211.0,16910114.916,16910135.016,144.0,178.0,16910128.316,16910131.716,3,harn_anchored
user18|6|1,user18,6,1,1,Undressing,3_Take_off_clothes,Slowly,SLOW,HAU/user18/6-1-1,"/Users/toheeb.ogunade/Workspace/cuchx-large/hf_data_manual/LMT_(IMU,Radar,Skeleton)/Training/HAU/user18/6-1-1",15.0,270.0,16909814.416,16909839.916,45.0,79.0,16909817.416,16909820.816,3,harn_anchored
user18|6|1,user18,6,1,2,Undressing,3_Take_off_clothes,Rapidly,FAST,HAU/user18/6-1-2,"/Users/toheeb.ogunade/Workspace/cuchx-large/hf_data_manual/LMT_(IMU,Radar,Skeleton)/Training/HAU/user18/6-1-2",12.0,205.0,16909895.116,16909914.416,40.0,50.0,16909897.916,16909898.916,3,harn_anchored
user18|6|1,user18,6,1,3,Undressing,3_Take_off_clothes,Calmly,SLOW,HAU/user18/6-1-3,"/Users/toheeb.ogunade/Workspace/cuchx-large/hf_data_manual/LMT_(IMU,Radar,Skeleton)/Training/HAU/user18/6-1-3",10.0,211.0,16910114.916,16910135.016,41.0,62.0,16910118.016,16910120.116,3,harn_anchored
user18|6|1,user18,6,1,1,Getting dressed,5_Put_on_clothes,Slowly,SLOW,HAU/user18/6-1-1,"/Users/toheeb.ogunade/Workspace/cuchx-large/hf_data_manual/LMT_(IMU,Radar,Skeleton)/Training/HAU/user18/6-1-1",15.0,270.0,16909814.416,16909839.916,109.0,151.0,16909823.816,16909828.016,3,harn_anchored
user18|6|1,user18,6,1,2,Getting dressed,5_Put_on_clothes,Rapidly,FAST,HAU/user18/6-1-2,"/Users/toheeb.ogunade/Workspace/cuchx-large/hf_data_manual/LMT_(IMU,Radar,Skeleton)/Training/HAU/user18/6-1-2",12.0,205.0,16909895.116,16909914.416,67.0,113.0,16909900.616,16909905.216,3,harn_anchored
user18|6|1,user18,6,1,3,Getting dressed,5_Put_on_clothes,Calmly,SLOW,HAU/user18/6-1-3,"/Users/toheeb.ogunade/Workspace/cuchx-large/hf_data_manual/LMT_(IMU,Radar,Skeleton)/Training/HAU/user18/6-1-3",10.0,211.0,16910114.916,16910135.016,93.0,131.0,16910123.216,16910127.016,3,harn_anchored
user18|6|2,user18,6,2,1,Peeling fruit,11_Peel_fruits,Gently,SLOW,HAU/user18/6-2-1,"/Users/toheeb.ogunade/Workspace/cuchx-large/hf_data_manual/LMT_(IMU,Radar,Skeleton)/Training/HAU/user18/6-2-1",14.0,456.0,16900015.316,16900059.516,227.0,318.0,16900036.616,16900045.716,3,harn_anchored
user18|6|2,user18,6,2,2,Peeling fruit,11_Peel_fruits,Frantically,FAST,HAU/user18/6-2-2,"/Users/toheeb.ogunade/Workspace/cuchx-large/hf_data_manual/LMT_(IMU,Radar,Skeleton)/Training/HAU/user18/6-2-2",19.0,248.0,16900118.816,16900141.716,160.0,180.0,16900132.916,16900134.916,3,harn_anchored
user18|6|2,user18,6,2,3,Peeling fruit,11_Peel_fruits,Naturally,NEUT,HAU/user18/6-2-3,"/Users/toheeb.ogunade/Workspace/cuchx-large/hf_data_manual/LMT_(IMU,Radar,Skeleton)/Training/HAU/user18/6-2-3",21.0,316.0,16900234.016,16900263.516,187.0,209.0,16900250.616,16900252.816,3,harn_anchored
user18|6|2,user18,6,2,1,Writing,18_Write,Gently,SLOW,HAU/user18/6-2-1,"/Users/toheeb.ogunade/Workspace/cuchx-large/hf_data_manual/LMT_(IMU,Radar,Skeleton)/Training/HAU/user18/6-2-1",14.0,456.0,16900015.316,16900059.516,356.0,371.0,16900049.516,16900051.016,3,harn_anchored
user18|6|2,user18,6,2,2,Writing,18_Write,Frantically,FAST,HAU/user18/6-2-2,"/Users/toheeb.ogunade/Workspace/cuchx-large/hf_data_manual/LMT_(IMU,Radar,Skeleton)/Training/HAU/user18/6-2-2",19.0,248.0,16900118.816,16900141.716,193.0,198.0,16900136.216,16900136.716,3,harn_anchored
user18|6|2,user18,6,2,3,Writing,18_Write,Naturally,NEUT,HAU/user18/6-2-3,"/Users/toheeb.ogunade/Workspace/cuchx-large/hf_data_manual/LMT_(IMU,Radar,Skeleton)/Training/HAU/user18/6-2-3",21.0,316.0,16900234.016,16900263.516,221.0,231.0,16900254.016,16900255.016,3,harn_anchored
user18|6|2,user18,6,2,1,Checking the time,20_Check_the_time,Gently,SLOW,HAU/user18/6-2-1,"/Users/toheeb.ogunade/Workspace/cuchx-large/hf_data_manual/LMT_(IMU,Radar,Skeleton)/Training/HAU/user18/6-2-1",14.0,456.0,16900015.316,16900059.516,83.0,96.0,16900022.216,16900023.516,3,harn_anchored
user18|6|2,user18,6,2,2,Checking the time,20_Check_the_time,Frantically,FAST,HAU/user18/6-2-2,"/Users/toheeb.ogunade/Workspace/cuchx-large/hf_data_manual/LMT_(IMU,Radar,Skeleton)/Training/HAU/user18/6-2-2",19.0,248.0,16900118.816,16900141.716,62.0,68.0,16900123.116,16900123.716,3,harn_anchored
user18|6|2,user18,6,2,3,Checking the time,20_Check_the_time,Naturally,NEUT,HAU/user18/6-2-3,"/Users/toheeb.ogunade/Workspace/cuchx-large/hf_data_manual/LMT_(IMU,Radar,Skeleton)/Training/HAU/user18/6-2-3",21.0,316.0,16900234.016,16900263.516,70.0,78.0,16900238.916,16900239.716,3,harn_anchored
user18|6|2,user18,6,2,1,Jumping jacks,30_Do_jumping_jacks,Gently,SLOW,HAU/user18/6-2-1,"/Users/toheeb.ogunade/Workspace/cuchx-large/hf_data_manual/LMT_(IMU,Radar,Skeleton)/Training/HAU/user18/6-2-1",14.0,456.0,16900015.316,16900059.516,170.0,188.0,16900030.916,16900032.716,3,harn_anchored
user18|6|2,user18,6,2,2,Jumping jacks,30_Do_jumping_jacks,Frantically,FAST,HAU/user18/6-2-2,"/Users/toheeb.ogunade/Workspace/cuchx-large/hf_data_manual/LMT_(IMU,Radar,Skeleton)/Training/HAU/user18/6-2-2",19.0,248.0,16900118.816,16900141.716,118.0,132.0,16900128.716,16900130.116,3,harn_anchored
user18|6|2,user18,6,2,3,Jumping jacks,30_Do_jumping_jacks,Naturally,NEUT,HAU/user18/6-2-3,"/Users/toheeb.ogunade/Workspace/cuchx-large/hf_data_manual/LMT_(IMU,Radar,Skeleton)/Training/HAU/user18/6-2-3",21.0,316.0,16900234.016,16900263.516,136.0,152.0,16900245.516,16900247.116,3,harn_anchored
user18|6|2,user18,6,2,1,Stretching,31_Do_stretching_exercises,Gently,SLOW,HAU/user18/6-2-1,"/Users/toheeb.ogunade/Workspace/cuchx-large/hf_data_manual/LMT_(IMU,Radar,Skeleton)/Training/HAU/user18/6-2-1",14.0,456.0,16900015.316,16900059.516,431.0,452.0,16900057.016,16900059.116,3,harn_anchored
user18|6|2,user18,6,2,2,Stretching,31_Do_stretching_exercises,Frantically,FAST,HAU/user18/6-2-2,"/Users/toheeb.ogunade/Workspace/cuchx-large/hf_data_manual/LMT_(IMU,Radar,Skeleton)/Training/HAU/user18/6-2-2",19.0,248.0,16900118.816,16900141.716,227.0,248.0,16900139.616,16900141.716,3,harn_anchored
user18|6|2,user18,6,2,3,Stretching,31_Do_stretching_exercises,Naturally,NEUT,HAU/user18/6-2-3,"/Users/toheeb.ogunade/Workspace/cuchx-large/hf_data_manual/LMT_(IMU,Radar,Skeleton)/Training/HAU/user18/6-2-3",21.0,316.0,16900234.016,16900263.516,285.0,316.0,16900260.416,16900263.516,3,harn_anchored
user18|6|2,user18,6,2,1,Standing up,32_Stand_up,Gently,SLOW,HAU/user18/6-2-1,"/Users/toheeb.ogunade/Workspace/cuchx-large/hf_data_manual/LMT_(IMU,Radar,Skeleton)/Training/HAU/user18/6-2-1",14.0,456.0,16900015.316,16900059.516,414.0,419.0,16900055.316,16900055.816,3,harn_anchored
user18|6|2,user18,6,2,2,Standing up,32_Stand_up,Frantically,FAST,HAU/user18/6-2-2,"/Users/toheeb.ogunade/Workspace/cuchx-large/hf_data_manual/LMT_(IMU,Radar,Skeleton)/Training/HAU/user18/6-2-2",19.0,248.0,16900118.816,16900141.716,219.0,224.0,16900138.816,16900139.316,3,harn_anchored
user18|6|2,user18,6,2,3,Standing up,32_Stand_up,Naturally,NEUT,HAU/user18/6-2-3,"/Users/toheeb.ogunade/Workspace/cuchx-large/hf_data_manual/LMT_(IMU,Radar,Skeleton)/Training/HAU/user18/6-2-3",21.0,316.0,16900234.016,16900263.516,269.0,279.0,16900258.816,16900259.816,3,harn_anchored
user18|6|2,user18,6,2,1,Walking,36_Walk,Gently,SLOW,HAU/user18/6-2-1,"/Users/toheeb.ogunade/Workspace/cuchx-large/hf_data_manual/LMT_(IMU,Radar,Skeleton)/Training/HAU/user18/6-2-1",14.0,456.0,16900015.316,16900059.516,33.0,54.0,16900017.216,16900019.316,3,harn_anchored
user18|6|2,user18,6,2,2,Walking,36_Walk,Frantically,FAST,HAU/user18/6-2-2,"/Users/toheeb.ogunade/Workspace/cuchx-large/hf_data_manual/LMT_(IMU,Radar,Skeleton)/Training/HAU/user18/6-2-2",19.0,248.0,16900118.816,16900141.716,35.0,49.0,16900120.416,16900121.816,3,harn_anchored
user18|6|2,user18,6,2,3,Walking,36_Walk,Naturally,NEUT,HAU/user18/6-2-3,"/Users/toheeb.ogunade/Workspace/cuchx-large/hf_data_manual/LMT_(IMU,Radar,Skeleton)/Training/HAU/user18/6-2-3",21.0,316.0,16900234.016,16900263.516,41.0,56.0,16900236.016,16900237.516,3,harn_anchored
user18|6|2,user18,6,2,1,Drinking,6_Drink_water,Gently,SLOW,HAU/user18/6-2-1,"/Users/toheeb.ogunade/Workspace/cuchx-large/hf_data_manual/LMT_(IMU,Radar,Skeleton)/Training/HAU/user18/6-2-1",14.0,456.0,16900015.316,16900059.516,120.0,128.0,16900025.916,16900026.716,2,harn_anchored
user18|6|2,user18,6,2,3,Drinking,6_Drink_water,Naturally,NEUT,HAU/user18/6-2-3,"/Users/toheeb.ogunade/Workspace/cuchx-large/hf_data_manual/LMT_(IMU,Radar,Skeleton)/Training/HAU/user18/6-2-3",21.0,316.0,16900234.016,16900263.516,95.0,99.0,16900241.416,16900241.816,2,harn_anchored
user18|7|1,user18,7,1,1,Washing face,0_Wash_face,Slowly,SLOW,HAU/user18/7-1-1,"/Users/toheeb.ogunade/Workspace/cuchx-large/hf_data_manual/LMT_(IMU,Radar,Skeleton)/Training/HAU/user18/7-1-1",14.0,664.0,16975744.316,16975809.316,62.0,81.0,16975749.116,16975751.016,3,harn_anchored
user18|7|1,user18,7,1,2,Washing face,0_Wash_face,Calmly,SLOW,HAU/user18/7-1-2,"/Users/toheeb.ogunade/Workspace/cuchx-large/hf_data_manual/LMT_(IMU,Radar,Skeleton)/Training/HAU/user18/7-1-2",26.0,496.0,16975869.516,16975916.516,50.0,62.0,16975871.916,16975873.116,3,harn_anchored
user18|7|1,user18,7,1,3,Washing face,0_Wash_face,Anxiously,NERV,HAU/user18/7-1-3,"/Users/toheeb.ogunade/Workspace/cuchx-large/hf_data_manual/LMT_(IMU,Radar,Skeleton)/Training/HAU/user18/7-1-3",11.0,347.0,16975989.016,16976022.616,33.0,35.0,16975991.216,16975991.416,3,harn_anchored
user18|7|1,user18,7,1,1,Brushing teeth,1_Brush_teeth,Slowly,SLOW,HAU/user18/7-1-1,"/Users/toheeb.ogunade/Workspace/cuchx-large/hf_data_manual/LMT_(IMU,Radar,Skeleton)/Training/HAU/user18/7-1-1",14.0,664.0,16975744.316,16975809.316,117.0,139.0,16975754.616,16975756.816,3,harn_anchored
user18|7|1,user18,7,1,2,Brushing teeth,1_Brush_teeth,Calmly,SLOW,HAU/user18/7-1-2,"/Users/toheeb.ogunade/Workspace/cuchx-large/hf_data_manual/LMT_(IMU,Radar,Skeleton)/Training/HAU/user18/7-1-2",26.0,496.0,16975869.516,16975916.516,99.0,111.0,16975876.816,16975878.016,3,harn_anchored
user18|7|1,user18,7,1,3,Brushing teeth,1_Brush_teeth,Anxiously,NERV,HAU/user18/7-1-3,"/Users/toheeb.ogunade/Workspace/cuchx-large/hf_data_manual/LMT_(IMU,Radar,Skeleton)/Training/HAU/user18/7-1-3",11.0,347.0,16975989.016,16976022.616,55.0,59.0,16975993.416,16975993.816,3,harn_anchored
user18|7|1,user18,7,1,1,Combing hair,2_Comb_hair,Slowly,SLOW,HAU/user18/7-1-1,"/Users/toheeb.ogunade/Workspace/cuchx-large/hf_data_manual/LMT_(IMU,Radar,Skeleton)/Training/HAU/user18/7-1-1",14.0,664.0,16975744.316,16975809.316,250.0,273.0,16975767.916,16975770.216,3,harn_anchored
user18|7|1,user18,7,1,2,Combing hair,2_Comb_hair,Calmly,SLOW,HAU/user18/7-1-2,"/Users/toheeb.ogunade/Workspace/cuchx-large/hf_data_manual/LMT_(IMU,Radar,Skeleton)/Training/HAU/user18/7-1-2",26.0,496.0,16975869.516,16975916.516,134.0,146.0,16975880.316,16975881.516,3,harn_anchored
user18|7|1,user18,7,1,3,Combing hair,2_Comb_hair,Anxiously,NERV,HAU/user18/7-1-3,"/Users/toheeb.ogunade/Workspace/cuchx-large/hf_data_manual/LMT_(IMU,Radar,Skeleton)/Training/HAU/user18/7-1-3",11.0,347.0,16975989.016,16976022.616,71.0,76.0,16975995.016,16975995.516,3,harn_anchored
user18|7|1,user18,7,1,1,Taking medicine,37_Take_medicine,Slowly,SLOW,HAU/user18/7-1-1,"/Users/toheeb.ogunade/Workspace/cuchx-large/hf_data_manual/LMT_(IMU,Radar,Skeleton)/Training/HAU/user18/7-1-1",14.0,664.0,16975744.316,16975809.316,496.0,501.0,16975792.516,16975793.016,3,harn_anchored
user18|7|1,user18,7,1,2,Taking medicine,37_Take_medicine,Calmly,SLOW,HAU/user18/7-1-2,"/Users/toheeb.ogunade/Workspace/cuchx-large/hf_data_manual/LMT_(IMU,Radar,Skeleton)/Training/HAU/user18/7-1-2",26.0,496.0,16975869.516,16975916.516,360.0,363.0,16975902.916,16975903.216,3,harn_anchored
user18|7|1,user18,7,1,3,Taking medicine,37_Take_medicine,Anxiously,NERV,HAU/user18/7-1-3,"/Users/toheeb.ogunade/Workspace/cuchx-large/hf_data_manual/LMT_(IMU,Radar,Skeleton)/Training/HAU/user18/7-1-3",11.0,347.0,16975989.016,16976022.616,253.0,257.0,16976013.216,16976013.616,3,harn_anchored
user18|7|1,user18,7,1,1,Massaging oneself,38_Massage_oneself,Slowly,SLOW,HAU/user18/7-1-1,"/Users/toheeb.ogunade/Workspace/cuchx-large/hf_data_manual/LMT_(IMU,Radar,Skeleton)/Training/HAU/user18/7-1-1",14.0,664.0,16975744.316,16975809.316,630.0,664.0,16975805.916,16975809.316,3,harn_anchored
user18|7|1,user18,7,1,2,Massaging oneself,38_Massage_oneself,Calmly,SLOW,HAU/user18/7-1-2,"/Users/toheeb.ogunade/Workspace/cuchx-large/hf_data_manual/LMT_(IMU,Radar,Skeleton)/Training/HAU/user18/7-1-2",26.0,496.0,16975869.516,16975916.516,472.0,496.0,16975914.116,16975916.516,3,harn_anchored
user18|7|1,user18,7,1,3,Massaging oneself,38_Massage_oneself,Anxiously,NERV,HAU/user18/7-1-3,"/Users/toheeb.ogunade/Workspace/cuchx-large/hf_data_manual/LMT_(IMU,Radar,Skeleton)/Training/HAU/user18/7-1-3",11.0,347.0,16975989.016,16976022.616,322.0,345.0,16976020.116,16976022.416,3,harn_anchored
user18|7|1,user18,7,1,1,Checking body temperature,39_Take_body_temperature,Slowly,SLOW,HAU/user18/7-1-1,"/Users/toheeb.ogunade/Workspace/cuchx-large/hf_data_manual/LMT_(IMU,Radar,Skeleton)/Training/HAU/user18/7-1-1",14.0,664.0,16975744.316,16975809.316,571.0,613.0,16975800.016,16975804.216,3,harn_anchored
user18|7|1,user18,7,1,2,Checking body temperature,39_Take_body_temperature,Calmly,SLOW,HAU/user18/7-1-2,"/Users/toheeb.ogunade/Workspace/cuchx-large/hf_data_manual/LMT_(IMU,Radar,Skeleton)/Training/HAU/user18/7-1-2",26.0,496.0,16975869.516,16975916.516,435.0,457.0,16975910.416,16975912.616,3,harn_anchored
user18|7|1,user18,7,1,3,Checking body temperature,39_Take_body_temperature,Anxiously,NERV,HAU/user18/7-1-3,"/Users/toheeb.ogunade/Workspace/cuchx-large/hf_data_manual/LMT_(IMU,Radar,Skeleton)/Training/HAU/user18/7-1-3",11.0,347.0,16975989.016,16976022.616,295.0,310.0,16976017.416,16976018.916,3,harn_anchored
user18|7|1,user18,7,1,1,Undressing,3_Take_off_clothes,Slowly,SLOW,HAU/user18/7-1-1,"/Users/toheeb.ogunade/Workspace/cuchx-large/hf_data_manual/LMT_(IMU,Radar,Skeleton)/Training/HAU/user18/7-1-1",14.0,664.0,16975744.316,16975809.316,291.0,306.0,16975772.016,16975773.516,3,harn_anchored
user18|7|1,user18,7,1,2,Undressing,3_Take_off_clothes,Calmly,SLOW,HAU/user18/7-1-2,"/Users/toheeb.ogunade/Workspace/cuchx-large/hf_data_manual/LMT_(IMU,Radar,Skeleton)/Training/HAU/user18/7-1-2",26.0,496.0,16975869.516,16975916.516,161.0,170.0,16975883.016,16975883.916,3,harn_anchored
user18|7|1,user18,7,1,3,Undressing,3_Take_off_clothes,Anxiously,NERV,HAU/user18/7-1-3,"/Users/toheeb.ogunade/Workspace/cuchx-large/hf_data_manual/LMT_(IMU,Radar,Skeleton)/Training/HAU/user18/7-1-3",11.0,347.0,16975989.016,16976022.616,84.0,94.0,16975996.316,16975997.316,3,harn_anchored
user18|7|1,user18,7,1,1,Wiping hands,4_Wipe_hands,Slowly,SLOW,HAU/user18/7-1-1,"/Users/toheeb.ogunade/Workspace/cuchx-large/hf_data_manual/LMT_(IMU,Radar,Skeleton)/Training/HAU/user18/7-1-1",14.0,664.0,16975744.316,16975809.316,358.0,377.0,16975778.716,16975780.616,3,harn_anchored
user18|7|1,user18,7,1,2,Wiping hands,4_Wipe_hands,Calmly,SLOW,HAU/user18/7-1-2,"/Users/toheeb.ogunade/Workspace/cuchx-large/hf_data_manual/LMT_(IMU,Radar,Skeleton)/Training/HAU/user18/7-1-2",26.0,496.0,16975869.516,16975916.516,224.0,236.0,16975889.316,16975890.516,3,harn_anchored
user18|7|1,user18,7,1,3,Wiping hands,4_Wipe_hands,Anxiously,NERV,HAU/user18/7-1-3,"/Users/toheeb.ogunade/Workspace/cuchx-large/hf_data_manual/LMT_(IMU,Radar,Skeleton)/Training/HAU/user18/7-1-3",11.0,347.0,16975989.016,16976022.616,116.0,120.0,16975999.516,16975999.916,3,harn_anchored
user18|7|1,user18,7,1,1,Getting dressed,5_Put_on_clothes,Slowly,SLOW,HAU/user18/7-1-1,"/Users/toheeb.ogunade/Workspace/cuchx-large/hf_data_manual/LMT_(IMU,Radar,Skeleton)/Training/HAU/user18/7-1-1",14.0,664.0,16975744.316,16975809.316,404.0,459.0,16975783.316,16975788.816,3,harn_anchored
user18|7|1,user18,7,1,2,Getting dressed,5_Put_on_clothes,Calmly,SLOW,HAU/user18/7-1-2,"/Users/toheeb.ogunade/Workspace/cuchx-large/hf_data_manual/LMT_(IMU,Radar,Skeleton)/Training/HAU/user18/7-1-2",26.0,496.0,16975869.516,16975916.516,290.0,328.0,16975895.916,16975899.716,3,harn_anchored
user18|7|1,user18,7,1,3,Getting dressed,5_Put_on_clothes,Anxiously,NERV,HAU/user18/7-1-3,"/Users/toheeb.ogunade/Workspace/cuchx-large/hf_data_manual/LMT_(IMU,Radar,Skeleton)/Training/HAU/user18/7-1-3",11.0,347.0,16975989.016,16976022.616,194.0,235.0,16976007.316,16976011.416,3,harn_anchored
user18|7|2,user18,7,2,1,Stirring,10_Stir_drinks,Slowly,SLOW,HAU/user18/7-2-1,"/Users/toheeb.ogunade/Workspace/cuchx-large/hf_data_manual/LMT_(IMU,Radar,Skeleton)/Training/HAU/user18/7-2-1",13.0,184.0,17071217.216,17071234.316,63.0,75.0,17071222.216,17071223.416,3,harn_anchored
user18|7|2,user18,7,2,2,Stirring,10_Stir_drinks,Quickly,FAST,HAU/user18/7-2-2,"/Users/toheeb.ogunade/Workspace/cuchx-large/hf_data_manual/LMT_(IMU,Radar,Skeleton)/Training/HAU/user18/7-2-2",20.0,139.0,17071305.916,17071317.816,55.0,72.0,17071309.416,17071311.116,3,harn_anchored
user18|7|2,user18,7,2,3,Stirring,10_Stir_drinks,Hurriedly,FAST,HAU/user18/7-2-3,"/Users/toheeb.ogunade/Workspace/cuchx-large/hf_data_manual/LMT_(IMU,Radar,Skeleton)/Training/HAU/user18/7-2-3",18.0,135.0,17071400.716,17071412.416,43.0,56.0,17071403.216,17071404.516,3,harn_anchored
user18|7|2,user18,7,2,1,Peeling fruit,11_Peel_fruits,Slowly,SLOW,HAU/user18/7-2-1,"/Users/toheeb.ogunade/Workspace/cuchx-large/hf_data_manual/LMT_(IMU,Radar,Skeleton)/Training/HAU/user18/7-2-1",13.0,184.0,17071217.216,17071234.316,137.0,161.0,17071229.616,17071232.016,3,harn_anchored
user18|7|2,user18,7,2,2,Peeling fruit,11_Peel_fruits,Quickly,FAST,HAU/user18/7-2-2,"/Users/toheeb.ogunade/Workspace/cuchx-large/hf_data_manual/LMT_(IMU,Radar,Skeleton)/Training/HAU/user18/7-2-2",20.0,139.0,17071305.916,17071317.816,105.0,124.0,17071314.416,17071316.316,3,harn_anchored
user18|7|2,user18,7,2,3,Peeling fruit,11_Peel_fruits,Hurriedly,FAST,HAU/user18/7-2-3,"/Users/toheeb.ogunade/Workspace/cuchx-large/hf_data_manual/LMT_(IMU,Radar,Skeleton)/Training/HAU/user18/7-2-3",18.0,135.0,17071400.716,17071412.416,88.0,106.0,17071407.716,17071409.516,3,harn_anchored
user18|7|2,user18,7,2,1,Taking medicine,37_Take_medicine,Slowly,SLOW,HAU/user18/7-2-1,"/Users/toheeb.ogunade/Workspace/cuchx-large/hf_data_manual/LMT_(IMU,Radar,Skeleton)/Training/HAU/user18/7-2-1",13.0,184.0,17071217.216,17071234.316,109.0,117.0,17071226.816,17071227.616,3,harn_anchored
user18|7|2,user18,7,2,2,Taking medicine,37_Take_medicine,Quickly,FAST,HAU/user18/7-2-2,"/Users/toheeb.ogunade/Workspace/cuchx-large/hf_data_manual/LMT_(IMU,Radar,Skeleton)/Training/HAU/user18/7-2-2",20.0,139.0,17071305.916,17071317.816,93.0,96.0,17071313.216,17071313.516,3,harn_anchored
user18|7|2,user18,7,2,3,Taking medicine,37_Take_medicine,Hurriedly,FAST,HAU/user18/7-2-3,"/Users/toheeb.ogunade/Workspace/cuchx-large/hf_data_manual/LMT_(IMU,Radar,Skeleton)/Training/HAU/user18/7-2-3",18.0,135.0,17071400.716,17071412.416,75.0,78.0,17071406.416,17071406.716,3,harn_anchored
user18|7|2,user18,7,2,1,Eating,7_Eat_food,Slowly,SLOW,HAU/user18/7-2-1,"/Users/toheeb.ogunade/Workspace/cuchx-large/hf_data_manual/LMT_(IMU,Radar,Skeleton)/Training/HAU/user18/7-2-1",13.0,184.0,17071217.216,17071234.316,166.0,184.0,17071232.516,17071234.316,3,harn_anchored
user18|7|2,user18,7,2,2,Eating,7_Eat_food,Quickly,FAST,HAU/user18/7-2-2,"/Users/toheeb.ogunade/Workspace/cuchx-large/hf_data_manual/LMT_(IMU,Radar,Skeleton)/Training/HAU/user18/7-2-2",20.0,139.0,17071305.916,17071317.816,128.0,139.0,17071316.716,17071317.816,3,harn_anchored
user18|7|2,user18,7,2,3,Eating,7_Eat_food,Hurriedly,FAST,HAU/user18/7-2-3,"/Users/toheeb.ogunade/Workspace/cuchx-large/hf_data_manual/LMT_(IMU,Radar,Skeleton)/Training/HAU/user18/7-2-3",18.0,135.0,17071400.716,17071412.416,110.0,135.0,17071409.916,17071412.416,3,harn_anchored
user18|7|2,user18,7,2,1,Pouring,9_Pour_drinks,Slowly,SLOW,HAU/user18/7-2-1,"/Users/toheeb.ogunade/Workspace/cuchx-large/hf_data_manual/LMT_(IMU,Radar,Skeleton)/Training/HAU/user18/7-2-1",13.0,184.0,17071217.216,17071234.316,41.0,48.0,17071220.016,17071220.716,3,harn_anchored
user18|7|2,user18,7,2,2,Pouring,9_Pour_drinks,Quickly,FAST,HAU/user18/7-2-2,"/Users/toheeb.ogunade/Workspace/cuchx-large/hf_data_manual/LMT_(IMU,Radar,Skeleton)/Training/HAU/user18/7-2-2",20.0,139.0,17071305.916,17071317.816,36.0,41.0,17071307.516,17071308.016,3,harn_anchored
user18|7|2,user18,7,2,3,Pouring,9_Pour_drinks,Hurriedly,FAST,HAU/user18/7-2-3,"/Users/toheeb.ogunade/Workspace/cuchx-large/hf_data_manual/LMT_(IMU,Radar,Skeleton)/Training/HAU/user18/7-2-3",18.0,135.0,17071400.716,17071412.416,29.0,32.0,17071401.816,17071402.116,3,harn_anchored
user19|1|1,user19,1,1,1,Brushing teeth,1_Brush_teeth,Unhurriedly,SLOW,HAU/user19/1-1-1,"/Users/toheeb.ogunade/Workspace/cuchx-large/hf_data_manual/LMT_(IMU,Radar,Skeleton)/Training/HAU/user19/1-1-1",29.0,334.0,16974947.816,16974978.316,42.0,59.0,16974949.116,16974950.816,3,harn_anchored
user19|1|1,user19,1,1,2,Brushing teeth,1_Brush_teeth,Briskly,FAST,HAU/user19/1-1-2,"/Users/toheeb.ogunade/Workspace/cuchx-large/hf_data_manual/LMT_(IMU,Radar,Skeleton)/Training/HAU/user19/1-1-2",22.0,263.0,16975052.116,16975076.216,38.0,44.0,16975053.716,16975054.316,3,harn_anchored
user19|1|1,user19,1,1,3,Brushing teeth,1_Brush_teeth,Carefully,CARE,HAU/user19/1-1-3,"/Users/toheeb.ogunade/Workspace/cuchx-large/hf_data_manual/LMT_(IMU,Radar,Skeleton)/Training/HAU/user19/1-1-3",21.0,248.0,16975141.016,16975163.716,31.0,44.0,16975142.016,16975143.316,3,harn_anchored
user19|1|1,user19,1,1,1,Combing hair,2_Comb_hair,Unhurriedly,SLOW,HAU/user19/1-1-1,"/Users/toheeb.ogunade/Workspace/cuchx-large/hf_data_manual/LMT_(IMU,Radar,Skeleton)/Training/HAU/user19/1-1-1",29.0,334.0,16974947.816,16974978.316,121.0,131.0,16974957.016,16974958.016,3,harn_anchored
user19|1|1,user19,1,1,2,Combing hair,2_Comb_hair,Briskly,FAST,HAU/user19/1-1-2,"/Users/toheeb.ogunade/Workspace/cuchx-large/hf_data_manual/LMT_(IMU,Radar,Skeleton)/Training/HAU/user19/1-1-2",22.0,263.0,16975052.116,16975076.216,116.0,125.0,16975061.516,16975062.416,3,harn_anchored
user19|1|1,user19,1,1,3,Combing hair,2_Comb_hair,Carefully,CARE,HAU/user19/1-1-3,"/Users/toheeb.ogunade/Workspace/cuchx-large/hf_data_manual/LMT_(IMU,Radar,Skeleton)/Training/HAU/user19/1-1-3",21.0,248.0,16975141.016,16975163.716,102.0,114.0,16975149.116,16975150.316,3,harn_anchored
user19|1|1,user19,1,1,1,Stretching,31_Do_stretching_exercises,Unhurriedly,SLOW,HAU/user19/1-1-1,"/Users/toheeb.ogunade/Workspace/cuchx-large/hf_data_manual/LMT_(IMU,Radar,Skeleton)/Training/HAU/user19/1-1-1",29.0,334.0,16974947.816,16974978.316,309.0,334.0,16974975.816,16974978.316,3,harn_anchored
user19|1|1,user19,1,1,2,Stretching,31_Do_stretching_exercises,Briskly,FAST,HAU/user19/1-1-2,"/Users/toheeb.ogunade/Workspace/cuchx-large/hf_data_manual/LMT_(IMU,Radar,Skeleton)/Training/HAU/user19/1-1-2",22.0,263.0,16975052.116,16975076.216,227.0,263.0,16975072.616,16975076.216,3,harn_anchored
user19|1|1,user19,1,1,3,Stretching,31_Do_stretching_exercises,Carefully,CARE,HAU/user19/1-1-3,"/Users/toheeb.ogunade/Workspace/cuchx-large/hf_data_manual/LMT_(IMU,Radar,Skeleton)/Training/HAU/user19/1-1-3",21.0,248.0,16975141.016,16975163.716,186.0,248.0,16975157.516,16975163.716,3,harn_anchored
user19|1|1,user19,1,1,1,Wiping hands,4_Wipe_hands,Unhurriedly,SLOW,HAU/user19/1-1-1,"/Users/toheeb.ogunade/Workspace/cuchx-large/hf_data_manual/LMT_(IMU,Radar,Skeleton)/Training/HAU/user19/1-1-1",29.0,334.0,16974947.816,16974978.316,83.0,103.0,16974953.216,16974955.216,3,harn_anchored
user19|1|1,user19,1,1,2,Wiping hands,4_Wipe_hands,Briskly,FAST,HAU/user19/1-1-2,"/Users/toheeb.ogunade/Workspace/cuchx-large/hf_data_manual/LMT_(IMU,Radar,Skeleton)/Training/HAU/user19/1-1-2",22.0,263.0,16975052.116,16975076.216,70.0,87.0,16975056.916,16975058.616,3,harn_anchored
user19|1|1,user19,1,1,3,Wiping hands,4_Wipe_hands,Carefully,CARE,HAU/user19/1-1-3,"/Users/toheeb.ogunade/Workspace/cuchx-large/hf_data_manual/LMT_(IMU,Radar,Skeleton)/Training/HAU/user19/1-1-3",21.0,248.0,16975141.016,16975163.716,66.0,85.0,16975145.516,16975147.416,3,harn_anchored
user19|1|1,user19,1,1,1,Getting dressed,5_Put_on_clothes,Unhurriedly,SLOW,HAU/user19/1-1-1,"/Users/toheeb.ogunade/Workspace/cuchx-large/hf_data_manual/LMT_(IMU,Radar,Skeleton)/Training/HAU/user19/1-1-1",29.0,334.0,16974947.816,16974978.316,190.0,306.0,16974963.916,16974975.516,3,harn_anchored
user19|1|1,user19,1,1,2,Getting dressed,5_Put_on_clothes,Briskly,FAST,HAU/user19/1-1-2,"/Users/toheeb.ogunade/Workspace/cuchx-large/hf_data_manual/LMT_(IMU,Radar,Skeleton)/Training/HAU/user19/1-1-2",22.0,263.0,16975052.116,16975076.216,139.0,226.0,16975063.816,16975072.516,3,harn_anchored
user19|1|1,user19,1,1,3,Getting dressed,5_Put_on_clothes,Carefully,CARE,HAU/user19/1-1-3,"/Users/toheeb.ogunade/Workspace/cuchx-large/hf_data_manual/LMT_(IMU,Radar,Skeleton)/Training/HAU/user19/1-1-3",21.0,248.0,16975141.016,16975163.716,127.0,185.0,16975151.616,16975157.416,3,harn_anchored
user19|1|2,user19,1,2,1,Typing on a keyboard,17_Tap_the_keyboard,Gently,SLOW,HAU/user19/1-2-1,"/Users/toheeb.ogunade/Workspace/cuchx-large/hf_data_manual/LMT_(IMU,Radar,Skeleton)/Training/HAU/user19/1-2-1",13.0,128.0,16905387.216,16905398.716,70.0,92.0,16905392.916,16905395.116,3,harn_anchored
user19|1|2,user19,1,2,2,Typing on a keyboard,17_Tap_the_keyboard,Rapidly,FAST,HAU/user19/1-2-2,"/Users/toheeb.ogunade/Workspace/cuchx-large/hf_data_manual/LMT_(IMU,Radar,Skeleton)/Training/HAU/user19/1-2-2",14.0,83.0,16905480.316,16905487.216,45.0,57.0,16905483.416,16905484.616,3,harn_anchored
user19|1|2,user19,1,2,3,Typing on a keyboard,17_Tap_the_keyboard,Attentively,CARE,HAU/user19/1-2-3,"/Users/toheeb.ogunade/Workspace/cuchx-large/hf_data_manual/LMT_(IMU,Radar,Skeleton)/Training/HAU/user19/1-2-3",16.0,109.0,16905571.516,16905580.816,55.0,78.0,16905575.416,16905577.716,3,harn_anchored
user19|1|2,user19,1,2,1,Listening to the music with headphones,23_Listen_to_music_with_headphones,Gently,SLOW,HAU/user19/1-2-1,"/Users/toheeb.ogunade/Workspace/cuchx-large/hf_data_manual/LMT_(IMU,Radar,Skeleton)/Training/HAU/user19/1-2-1",13.0,128.0,16905387.216,16905398.716,112.0,128.0,16905397.116,16905398.716,3,harn_anchored
user19|1|2,user19,1,2,2,Listening to the music with headphones,23_Listen_to_music_with_headphones,Rapidly,FAST,HAU/user19/1-2-2,"/Users/toheeb.ogunade/Workspace/cuchx-large/hf_data_manual/LMT_(IMU,Radar,Skeleton)/Training/HAU/user19/1-2-2",14.0,83.0,16905480.316,16905487.216,61.0,83.0,16905485.016,16905487.216,3,harn_anchored
user19|1|2,user19,1,2,3,Listening to the music with headphones,23_Listen_to_music_with_headphones,Attentively,CARE,HAU/user19/1-2-3,"/Users/toheeb.ogunade/Workspace/cuchx-large/hf_data_manual/LMT_(IMU,Radar,Skeleton)/Training/HAU/user19/1-2-3",16.0,109.0,16905571.516,16905580.816,92.0,109.0,16905579.116,16905580.816,3,harn_anchored
user19|1|2,user19,1,2,1,Sitting down,34_Sit_down,Gently,SLOW,HAU/user19/1-2-1,"/Users/toheeb.ogunade/Workspace/cuchx-large/hf_data_manual/LMT_(IMU,Radar,Skeleton)/Training/HAU/user19/1-2-1",13.0,128.0,16905387.216,16905398.716,50.0,61.0,16905390.916,16905392.016,3,harn_anchored
user19|1|2,user19,1,2,2,Sitting down,34_Sit_down,Rapidly,FAST,HAU/user19/1-2-2,"/Users/toheeb.ogunade/Workspace/cuchx-large/hf_data_manual/LMT_(IMU,Radar,Skeleton)/Training/HAU/user19/1-2-2",14.0,83.0,16905480.316,16905487.216,34.0,46.0,16905482.316,16905483.516,3,harn_anchored
user19|1|2,user19,1,2,3,Sitting down,34_Sit_down,Attentively,CARE,HAU/user19/1-2-3,"/Users/toheeb.ogunade/Workspace/cuchx-large/hf_data_manual/LMT_(IMU,Radar,Skeleton)/Training/HAU/user19/1-2-3",16.0,109.0,16905571.516,16905580.816,44.0,52.0,16905574.316,16905575.116,3,harn_anchored
user19|1|2,user19,1,2,1,Walking,36_Walk,Gently,SLOW,HAU/user19/1-2-1,"/Users/toheeb.ogunade/Workspace/cuchx-large/hf_data_manual/LMT_(IMU,Radar,Skeleton)/Training/HAU/user19/1-2-1",13.0,128.0,16905387.216,16905398.716,35.0,48.0,16905389.416,16905390.716,3,harn_anchored
user19|1|2,user19,1,2,2,Walking,36_Walk,Rapidly,FAST,HAU/user19/1-2-2,"/Users/toheeb.ogunade/Workspace/cuchx-large/hf_data_manual/LMT_(IMU,Radar,Skeleton)/Training/HAU/user19/1-2-2",14.0,83.0,16905480.316,16905487.216,26.0,31.0,16905481.516,16905482.016,3,harn_anchored
user19|1|2,user19,1,2,3,Walking,36_Walk,Attentively,CARE,HAU/user19/1-2-3,"/Users/toheeb.ogunade/Workspace/cuchx-large/hf_data_manual/LMT_(IMU,Radar,Skeleton)/Training/HAU/user19/1-2-3",16.0,109.0,16905571.516,16905580.816,32.0,41.0,16905573.116,16905574.016,3,harn_anchored
user19|2|1,user19,2,1,1,Stirring,10_Stir_drinks,Smoothly,NEUT,HAU/user19/2-1-1,"/Users/toheeb.ogunade/Workspace/cuchx-large/hf_data_manual/LMT_(IMU,Radar,Skeleton)/Training/HAU/user19/2-1-1",20.0,225.0,17061309.916,17061330.416,185.0,225.0,17061326.416,17061330.416,3,harn_anchored
user19|2|1,user19,2,1,2,Stirring,10_Stir_drinks,Methodically,CARE,HAU/user19/2-1-2,"/Users/toheeb.ogunade/Workspace/cuchx-large/hf_data_manual/LMT_(IMU,Radar,Skeleton)/Training/HAU/user19/2-1-2",23.0,186.0,17061410.216,17061426.516,157.0,186.0,17061423.616,17061426.516,3,harn_anchored
user19|2|1,user19,2,1,3,Stirring,10_Stir_drinks,Urgently,FAST,HAU/user19/2-1-3,"/Users/toheeb.ogunade/Workspace/cuchx-large/hf_data_manual/LMT_(IMU,Radar,Skeleton)/Training/HAU/user19/2-1-3",16.0,100.0,17061496.516,17061504.916,93.0,100.0,17061504.216,17061504.916,3,harn_anchored
user19|2|1,user19,2,1,1,Pouring,9_Pour_drinks,Smoothly,NEUT,HAU/user19/2-1-1,"/Users/toheeb.ogunade/Workspace/cuchx-large/hf_data_manual/LMT_(IMU,Radar,Skeleton)/Training/HAU/user19/2-1-1",20.0,225.0,17061309.916,17061330.416,98.0,142.0,17061317.716,17061322.116,3,harn_anchored
user19|2|1,user19,2,1,2,Pouring,9_Pour_drinks,Methodically,CARE,HAU/user19/2-1-2,"/Users/toheeb.ogunade/Workspace/cuchx-large/hf_data_manual/LMT_(IMU,Radar,Skeleton)/Training/HAU/user19/2-1-2",23.0,186.0,17061410.216,17061426.516,91.0,130.0,17061417.016,17061420.916,3,harn_anchored
user19|2|1,user19,2,1,3,Pouring,9_Pour_drinks,Urgently,FAST,HAU/user19/2-1-3,"/Users/toheeb.ogunade/Workspace/cuchx-large/hf_data_manual/LMT_(IMU,Radar,Skeleton)/Training/HAU/user19/2-1-3",16.0,100.0,17061496.516,17061504.916,45.0,77.0,17061499.416,17061502.616,3,harn_anchored
user19|2|2,user19,2,2,1,Squats,29_Do_squats,Slowly,SLOW,HAU/user19/2-2-1,"/Users/toheeb.ogunade/Workspace/cuchx-large/hf_data_manual/LMT_(IMU,Radar,Skeleton)/Training/HAU/user19/2-2-1",17.0,146.0,16905678.616,16905691.516,52.0,89.0,16905682.116,16905685.816,3,harn_anchored
user19|2|2,user19,2,2,2,Squats,29_Do_squats,Steadily,NEUT,HAU/user19/2-2-2,"/Users/toheeb.ogunade/Workspace/cuchx-large/hf_data_manual/LMT_(IMU,Radar,Skeleton)/Training/HAU/user19/2-2-2",15.0,99.0,16905768.416,16905776.816,34.0,66.0,16905770.316,16905773.516,3,harn_anchored
user19|2|2,user19,2,2,3,Squats,29_Do_squats,Quickly,FAST,HAU/user19/2-2-3,"/Users/toheeb.ogunade/Workspace/cuchx-large/hf_data_manual/LMT_(IMU,Radar,Skeleton)/Training/HAU/user19/2-2-3",13.0,69.0,16905842.216,16905847.816,31.0,48.0,16905844.016,16905845.716,3,harn_anchored
user19|2|2,user19,2,2,1,Jumping jacks,30_Do_jumping_jacks,Slowly,SLOW,HAU/user19/2-2-1,"/Users/toheeb.ogunade/Workspace/cuchx-large/hf_data_manual/LMT_(IMU,Radar,Skeleton)/Training/HAU/user19/2-2-1",17.0,146.0,16905678.616,16905691.516,90.0,130.0,16905685.916,16905689.916,3,harn_anchored
user19|2|2,user19,2,2,2,Jumping jacks,30_Do_jumping_jacks,Steadily,NEUT,HAU/user19/2-2-2,"/Users/toheeb.ogunade/Workspace/cuchx-large/hf_data_manual/LMT_(IMU,Radar,Skeleton)/Training/HAU/user19/2-2-2",15.0,99.0,16905768.416,16905776.816,68.0,99.0,16905773.716,16905776.816,3,harn_anchored
user19|2|2,user19,2,2,3,Jumping jacks,30_Do_jumping_jacks,Quickly,FAST,HAU/user19/2-2-3,"/Users/toheeb.ogunade/Workspace/cuchx-large/hf_data_manual/LMT_(IMU,Radar,Skeleton)/Training/HAU/user19/2-2-3",13.0,69.0,16905842.216,16905847.816,51.0,69.0,16905846.016,16905847.816,3,harn_anchored
user19|2|2,user19,2,2,1,Walking,36_Walk,Slowly,SLOW,HAU/user19/2-2-1,"/Users/toheeb.ogunade/Workspace/cuchx-large/hf_data_manual/LMT_(IMU,Radar,Skeleton)/Training/HAU/user19/2-2-1",17.0,146.0,16905678.616,16905691.516,25.0,47.0,16905679.416,16905681.616,3,harn_anchored
user19|2|2,user19,2,2,2,Walking,36_Walk,Steadily,NEUT,HAU/user19/2-2-2,"/Users/toheeb.ogunade/Workspace/cuchx-large/hf_data_manual/LMT_(IMU,Radar,Skeleton)/Training/HAU/user19/2-2-2",15.0,99.0,16905768.416,16905776.816,21.0,33.0,16905769.016,16905770.216,3,harn_anchored
user19|2|2,user19,2,2,3,Walking,36_Walk,Quickly,FAST,HAU/user19/2-2-3,"/Users/toheeb.ogunade/Workspace/cuchx-large/hf_data_manual/LMT_(IMU,Radar,Skeleton)/Training/HAU/user19/2-2-3",13.0,69.0,16905842.216,16905847.816,19.0,30.0,16905842.816,16905843.916,3,harn_anchored
user19|2|3,user19,2,3,1,Peeling fruit,11_Peel_fruits,Carefully,CARE,HAU/user19/2-3-1,"/Users/toheeb.ogunade/Workspace/cuchx-large/hf_data_manual/LMT_(IMU,Radar,Skeleton)/Training/HAU/user19/2-3-1",16.0,123.0,17061663.516,17061674.216,71.0,123.0,17061669.016,17061674.216,3,harn_anchored
user19|2|3,user19,2,3,2,Peeling fruit,11_Peel_fruits,Orderly,CARE,HAU/user19/2-3-2,"/Users/toheeb.ogunade/Workspace/cuchx-large/hf_data_manual/LMT_(IMU,Radar,Skeleton)/Training/HAU/user19/2-3-2",12.0,100.0,17061755.116,17061763.916,57.0,100.0,17061759.616,17061763.916,3,harn_anchored
user19|2|3,user19,2,3,3,Peeling fruit,11_Peel_fruits,Hurriedly,FAST,HAU/user19/2-3-3,"/Users/toheeb.ogunade/Workspace/cuchx-large/hf_data_manual/LMT_(IMU,Radar,Skeleton)/Training/HAU/user19/2-3-3",20.0,87.0,17061824.916,17061831.616,57.0,87.0,17061828.616,17061831.616,3,harn_anchored
user19|2|3,user19,2,3,1,Walking,36_Walk,Carefully,CARE,HAU/user19/2-3-1,"/Users/toheeb.ogunade/Workspace/cuchx-large/hf_data_manual/LMT_(IMU,Radar,Skeleton)/Training/HAU/user19/2-3-1",16.0,123.0,17061663.516,17061674.216,35.0,50.0,17061665.416,17061666.916,3,harn_anchored
user19|2|3,user19,2,3,2,Walking,36_Walk,Orderly,CARE,HAU/user19/2-3-2,"/Users/toheeb.ogunade/Workspace/cuchx-large/hf_data_manual/LMT_(IMU,Radar,Skeleton)/Training/HAU/user19/2-3-2",12.0,100.0,17061755.116,17061763.916,29.0,43.0,17061756.816,17061758.216,3,harn_anchored
user19|2|3,user19,2,3,3,Walking,36_Walk,Hurriedly,FAST,HAU/user19/2-3-3,"/Users/toheeb.ogunade/Workspace/cuchx-large/hf_data_manual/LMT_(IMU,Radar,Skeleton)/Training/HAU/user19/2-3-3",20.0,87.0,17061824.916,17061831.616,34.0,43.0,17061826.316,17061827.216,3,harn_anchored
user19|3|1,user19,3,1,1,Playing games,26_Play_games,Casually,NEUT,HAU/user19/3-1-1,"/Users/toheeb.ogunade/Workspace/cuchx-large/hf_data_manual/LMT_(IMU,Radar,Skeleton)/Training/HAU/user19/3-1-1",14.0,127.0,16900540.316,16900551.616,19.0,50.0,16900540.816,16900543.916,3,harn_anchored
user19|3|1,user19,3,1,2,Playing games,26_Play_games,Calmly,SLOW,HAU/user19/3-1-2,"/Users/toheeb.ogunade/Workspace/cuchx-large/hf_data_manual/LMT_(IMU,Radar,Skeleton)/Training/HAU/user19/3-1-2",12.0,123.0,16900647.116,16900658.216,12.0,59.0,16900647.116,16900651.816,3,harn_anchored
user19|3|1,user19,3,1,3,Playing games,26_Play_games,Anxiously,NERV,HAU/user19/3-1-3,"/Users/toheeb.ogunade/Workspace/cuchx-large/hf_data_manual/LMT_(IMU,Radar,Skeleton)/Training/HAU/user19/3-1-3",14.0,69.0,16900735.316,16900740.816,14.0,41.0,16900735.316,16900738.016,3,harn_anchored
user19|3|1,user19,3,1,1,Undressing,3_Take_off_clothes,Casually,NEUT,HAU/user19/3-1-1,"/Users/toheeb.ogunade/Workspace/cuchx-large/hf_data_manual/LMT_(IMU,Radar,Skeleton)/Training/HAU/user19/3-1-1",14.0,127.0,16900540.316,16900551.616,55.0,103.0,16900544.416,16900549.216,3,harn_anchored
user19|3|1,user19,3,1,2,Undressing,3_Take_off_clothes,Calmly,SLOW,HAU/user19/3-1-2,"/Users/toheeb.ogunade/Workspace/cuchx-large/hf_data_manual/LMT_(IMU,Radar,Skeleton)/Training/HAU/user19/3-1-2",12.0,123.0,16900647.116,16900658.216,64.0,98.0,16900652.316,16900655.716,3,harn_anchored
user19|3|1,user19,3,1,3,Undressing,3_Take_off_clothes,Anxiously,NERV,HAU/user19/3-1-3,"/Users/toheeb.ogunade/Workspace/cuchx-large/hf_data_manual/LMT_(IMU,Radar,Skeleton)/Training/HAU/user19/3-1-3",14.0,69.0,16900735.316,16900740.816,41.0,60.0,16900738.016,16900739.916,3,harn_anchored
user19|3|2,user19,3,2,1,Stirring,10_Stir_drinks,Slowly,SLOW,HAU/user19/3-2-1,"/Users/toheeb.ogunade/Workspace/cuchx-large/hf_data_manual/LMT_(IMU,Radar,Skeleton)/Training/HAU/user19/3-2-1",16.0,153.0,17062141.516,17062155.216,117.0,129.0,17062151.616,17062152.816,3,harn_anchored
user19|3|2,user19,3,2,2,Stirring,10_Stir_drinks,Smoothly,NEUT,HAU/user19/3-2-2,"/Users/toheeb.ogunade/Workspace/cuchx-large/hf_data_manual/LMT_(IMU,Radar,Skeleton)/Training/HAU/user19/3-2-2",19.0,142.0,17062249.816,17062262.116,96.0,102.0,17062257.516,17062258.116,3,harn_anchored
user19|3|2,user19,3,2,3,Stirring,10_Stir_drinks,Rapidly,FAST,HAU/user19/3-2-3,"/Users/toheeb.ogunade/Workspace/cuchx-large/hf_data_manual/LMT_(IMU,Radar,Skeleton)/Training/HAU/user19/3-2-3",21.0,125.0,17062509.016,17062519.416,97.0,102.0,17062516.616,17062517.116,3,harn_anchored
user19|3|2,user19,3,2,1,Walking,36_Walk,Slowly,SLOW,HAU/user19/3-2-1,"/Users/toheeb.ogunade/Workspace/cuchx-large/hf_data_manual/LMT_(IMU,Radar,Skeleton)/Training/HAU/user19/3-2-1",16.0,153.0,17062141.516,17062155.216,35.0,52.0,17062143.416,17062145.116,3,harn_anchored
user19|3|2,user19,3,2,2,Walking,36_Walk,Smoothly,NEUT,HAU/user19/3-2-2,"/Users/toheeb.ogunade/Workspace/cuchx-large/hf_data_manual/LMT_(IMU,Radar,Skeleton)/Training/HAU/user19/3-2-2",19.0,142.0,17062249.816,17062262.116,32.0,45.0,17062251.116,17062252.416,3,harn_anchored
user19|3|2,user19,3,2,3,Walking,36_Walk,Rapidly,FAST,HAU/user19/3-2-3,"/Users/toheeb.ogunade/Workspace/cuchx-large/hf_data_manual/LMT_(IMU,Radar,Skeleton)/Training/HAU/user19/3-2-3",21.0,125.0,17062509.016,17062519.416,39.0,46.0,17062510.816,17062511.516,3,harn_anchored
user19|3|2,user19,3,2,1,Drinking,6_Drink_water,Slowly,SLOW,HAU/user19/3-2-1,"/Users/toheeb.ogunade/Workspace/cuchx-large/hf_data_manual/LMT_(IMU,Radar,Skeleton)/Training/HAU/user19/3-2-1",16.0,153.0,17062141.516,17062155.216,141.0,153.0,17062154.016,17062155.216,3,harn_anchored
user19|3|2,user19,3,2,2,Drinking,6_Drink_water,Smoothly,NEUT,HAU/user19/3-2-2,"/Users/toheeb.ogunade/Workspace/cuchx-large/hf_data_manual/LMT_(IMU,Radar,Skeleton)/Training/HAU/user19/3-2-2",19.0,142.0,17062249.816,17062262.116,132.0,142.0,17062261.116,17062262.116,3,harn_anchored
user19|3|2,user19,3,2,3,Drinking,6_Drink_water,Rapidly,FAST,HAU/user19/3-2-3,"/Users/toheeb.ogunade/Workspace/cuchx-large/hf_data_manual/LMT_(IMU,Radar,Skeleton)/Training/HAU/user19/3-2-3",21.0,125.0,17062509.016,17062519.416,109.0,125.0,17062517.816,17062519.416,3,harn_anchored
user19|3|2,user19,3,2,1,Pouring,9_Pour_drinks,Slowly,SLOW,HAU/user19/3-2-1,"/Users/toheeb.ogunade/Workspace/cuchx-large/hf_data_manual/LMT_(IMU,Radar,Skeleton)/Training/HAU/user19/3-2-1",16.0,153.0,17062141.516,17062155.216,62.0,99.0,17062146.116,17062149.816,3,harn_anchored
user19|3|2,user19,3,2,2,Pouring,9_Pour_drinks,Smoothly,NEUT,HAU/user19/3-2-2,"/Users/toheeb.ogunade/Workspace/cuchx-large/hf_data_manual/LMT_(IMU,Radar,Skeleton)/Training/HAU/user19/3-2-2",19.0,142.0,17062249.816,17062262.116,59.0,91.0,17062253.816,17062257.016,3,harn_anchored
user19|3|2,user19,3,2,3,Pouring,9_Pour_drinks,Rapidly,FAST,HAU/user19/3-2-3,"/Users/toheeb.ogunade/Workspace/cuchx-large/hf_data_manual/LMT_(IMU,Radar,Skeleton)/Training/HAU/user19/3-2-3",21.0,125.0,17062509.016,17062519.416,55.0,77.0,17062512.416,17062514.616,3,harn_anchored
user19|3|3,user19,3,3,1,Sweeping,12_Sweep_the_floor,Patiently,SLOW,HAU/user19/3-3-1,"/Users/toheeb.ogunade/Workspace/cuchx-large/hf_data_manual/LMT_(IMU,Radar,Skeleton)/Training/HAU/user19/3-3-1",16.0,376.0,16900875.516,16900911.516,56.0,88.0,16900879.516,16900882.716,3,harn_anchored
user19|3|3,user19,3,3,2,Sweeping,12_Sweep_the_floor,Orderly,CARE,HAU/user19/3-3-2,"/Users/toheeb.ogunade/Workspace/cuchx-large/hf_data_manual/LMT_(IMU,Radar,Skeleton)/Training/HAU/user19/3-3-2",14.0,294.0,16900969.316,16900997.316,44.0,73.0,16900972.316,16900975.216,3,harn_anchored
user19|3|3,user19,3,3,3,Sweeping,12_Sweep_the_floor,Hastily,FAST,HAU/user19/3-3-3,"/Users/toheeb.ogunade/Workspace/cuchx-large/hf_data_manual/LMT_(IMU,Radar,Skeleton)/Training/HAU/user19/3-3-3",1.0,179.0,16901048.016,16901065.816,24.0,39.0,16901050.316,16901051.816,3,harn_anchored
user19|3|3,user19,3,3,1,Mopping,13_Mop_the_floor,Patiently,SLOW,HAU/user19/3-3-1,"/Users/toheeb.ogunade/Workspace/cuchx-large/hf_data_manual/LMT_(IMU,Radar,Skeleton)/Training/HAU/user19/3-3-1",16.0,376.0,16900875.516,16900911.516,342.0,376.0,16900908.116,16900911.516,3,harn_anchored
user19|3|3,user19,3,3,2,Mopping,13_Mop_the_floor,Orderly,CARE,HAU/user19/3-3-2,"/Users/toheeb.ogunade/Workspace/cuchx-large/hf_data_manual/LMT_(IMU,Radar,Skeleton)/Training/HAU/user19/3-3-2",14.0,294.0,16900969.316,16900997.316,250.0,294.0,16900992.916,16900997.316,3,harn_anchored
user19|3|3,user19,3,3,3,Mopping,13_Mop_the_floor,Hastily,FAST,HAU/user19/3-3-3,"/Users/toheeb.ogunade/Workspace/cuchx-large/hf_data_manual/LMT_(IMU,Radar,Skeleton)/Training/HAU/user19/3-3-3",1.0,179.0,16901048.016,16901065.816,161.0,179.0,16901064.016,16901065.816,3,harn_anchored
user19|3|3,user19,3,3,1,Listening to the music with headphones,23_Listen_to_music_with_headphones,Patiently,SLOW,HAU/user19/3-3-1,"/Users/toheeb.ogunade/Workspace/cuchx-large/hf_data_manual/LMT_(IMU,Radar,Skeleton)/Training/HAU/user19/3-3-1",16.0,376.0,16900875.516,16900911.516,134.0,168.0,16900887.316,16900890.716,3,harn_anchored
user19|3|3,user19,3,3,2,Listening to the music with headphones,23_Listen_to_music_with_headphones,Orderly,CARE,HAU/user19/3-3-2,"/Users/toheeb.ogunade/Workspace/cuchx-large/hf_data_manual/LMT_(IMU,Radar,Skeleton)/Training/HAU/user19/3-3-2",14.0,294.0,16900969.316,16900997.316,120.0,130.0,16900979.916,16900980.916,3,harn_anchored
user19|3|3,user19,3,3,3,Listening to the music with headphones,23_Listen_to_music_with_headphones,Hastily,FAST,HAU/user19/3-3-3,"/Users/toheeb.ogunade/Workspace/cuchx-large/hf_data_manual/LMT_(IMU,Radar,Skeleton)/Training/HAU/user19/3-3-3",1.0,179.0,16901048.016,16901065.816,68.0,77.0,16901054.716,16901055.616,3,harn_anchored
user19|3|3,user19,3,3,1,Squats,29_Do_squats,Patiently,SLOW,HAU/user19/3-3-1,"/Users/toheeb.ogunade/Workspace/cuchx-large/hf_data_manual/LMT_(IMU,Radar,Skeleton)/Training/HAU/user19/3-3-1",16.0,376.0,16900875.516,16900911.516,197.0,235.0,16900893.616,16900897.416,3,harn_anchored
user19|3|3,user19,3,3,2,Squats,29_Do_squats,Orderly,CARE,HAU/user19/3-3-2,"/Users/toheeb.ogunade/Workspace/cuchx-large/hf_data_manual/LMT_(IMU,Radar,Skeleton)/Training/HAU/user19/3-3-2",14.0,294.0,16900969.316,16900997.316,143.0,163.0,16900982.216,16900984.216,3,harn_anchored
user19|3|3,user19,3,3,3,Squats,29_Do_squats,Hastily,FAST,HAU/user19/3-3-3,"/Users/toheeb.ogunade/Workspace/cuchx-large/hf_data_manual/LMT_(IMU,Radar,Skeleton)/Training/HAU/user19/3-3-3",1.0,179.0,16901048.016,16901065.816,88.0,101.0,16901056.716,16901058.016,3,harn_anchored
user19|3|3,user19,3,3,1,Lying down,33_Lie_down,Patiently,SLOW,HAU/user19/3-3-1,"/Users/toheeb.ogunade/Workspace/cuchx-large/hf_data_manual/LMT_(IMU,Radar,Skeleton)/Training/HAU/user19/3-3-1",16.0,376.0,16900875.516,16900911.516,276.0,292.0,16900901.516,16900903.116,3,harn_anchored
user19|3|3,user19,3,3,2,Lying down,33_Lie_down,Orderly,CARE,HAU/user19/3-3-2,"/Users/toheeb.ogunade/Workspace/cuchx-large/hf_data_manual/LMT_(IMU,Radar,Skeleton)/Training/HAU/user19/3-3-2",14.0,294.0,16900969.316,16900997.316,198.0,213.0,16900987.716,16900989.216,3,harn_anchored
user19|3|3,user19,3,3,3,Lying down,33_Lie_down,Hastily,FAST,HAU/user19/3-3-3,"/Users/toheeb.ogunade/Workspace/cuchx-large/hf_data_manual/LMT_(IMU,Radar,Skeleton)/Training/HAU/user19/3-3-3",1.0,179.0,16901048.016,16901065.816,127.0,133.0,16901060.616,16901061.216,3,harn_anchored
user19|3|3,user19,3,3,1,Walking,36_Walk,Patiently,SLOW,HAU/user19/3-3-1,"/Users/toheeb.ogunade/Workspace/cuchx-large/hf_data_manual/LMT_(IMU,Radar,Skeleton)/Training/HAU/user19/3-3-1",16.0,376.0,16900875.516,16900911.516,30.0,36.0,16900876.916,16900877.516,2,harn_anchored
user19|3|3,user19,3,3,2,Walking,36_Walk,Orderly,CARE,HAU/user19/3-3-2,"/Users/toheeb.ogunade/Workspace/cuchx-large/hf_data_manual/LMT_(IMU,Radar,Skeleton)/Training/HAU/user19/3-3-2",14.0,294.0,16900969.316,16900997.316,24.0,28.0,16900970.316,16900970.716,2,harn_anchored
user19|4|1,user19,4,1,1,Typing on a keyboard,17_Tap_the_keyboard,Leisurely,SLOW,HAU/user19/4-1-1,"/Users/toheeb.ogunade/Workspace/cuchx-large/hf_data_manual/LMT_(IMU,Radar,Skeleton)/Training/HAU/user19/4-1-1",14.0,104.0,16905989.316,16905998.316,37.0,62.0,16905991.616,16905994.116,3,harn_anchored
user19|4|1,user19,4,1,2,Typing on a keyboard,17_Tap_the_keyboard,Intently,CARE,HAU/user19/4-1-2,"/Users/toheeb.ogunade/Workspace/cuchx-large/hf_data_manual/LMT_(IMU,Radar,Skeleton)/Training/HAU/user19/4-1-2",12.0,85.0,16906064.116,16906071.416,27.0,49.0,16906065.616,16906067.816,3,harn_anchored
user19|4|1,user19,4,1,3,Typing on a keyboard,17_Tap_the_keyboard,Anxiously,NERV,HAU/user19/4-1-3,"/Users/toheeb.ogunade/Workspace/cuchx-large/hf_data_manual/LMT_(IMU,Radar,Skeleton)/Training/HAU/user19/4-1-3",8.0,61.0,16906167.716,16906173.016,22.0,34.0,16906169.116,16906170.316,3,harn_anchored
user19|4|1,user19,4,1,1,Checking the time,20_Check_the_time,Leisurely,SLOW,HAU/user19/4-1-1,"/Users/toheeb.ogunade/Workspace/cuchx-large/hf_data_manual/LMT_(IMU,Radar,Skeleton)/Training/HAU/user19/4-1-1",14.0,104.0,16905989.316,16905998.316,20.0,30.0,16905989.916,16905990.916,3,harn_anchored
user19|4|1,user19,4,1,2,Checking the time,20_Check_the_time,Intently,CARE,HAU/user19/4-1-2,"/Users/toheeb.ogunade/Workspace/cuchx-large/hf_data_manual/LMT_(IMU,Radar,Skeleton)/Training/HAU/user19/4-1-2",12.0,85.0,16906064.116,16906071.416,14.0,22.0,16906064.316,16906065.116,3,harn_anchored
user19|4|1,user19,4,1,3,Checking the time,20_Check_the_time,Anxiously,NERV,HAU/user19/4-1-3,"/Users/toheeb.ogunade/Workspace/cuchx-large/hf_data_manual/LMT_(IMU,Radar,Skeleton)/Training/HAU/user19/4-1-3",8.0,61.0,16906167.716,16906173.016,10.0,16.0,16906167.916,16906168.516,3,harn_anchored
user19|4|1,user19,4,1,1,Reading,21_Read_documents,Leisurely,SLOW,HAU/user19/4-1-1,"/Users/toheeb.ogunade/Workspace/cuchx-large/hf_data_manual/LMT_(IMU,Radar,Skeleton)/Training/HAU/user19/4-1-1",14.0,104.0,16905989.316,16905998.316,75.0,79.0,16905995.416,16905995.816,3,harn_anchored
user19|4|1,user19,4,1,2,Reading,21_Read_documents,Intently,CARE,HAU/user19/4-1-2,"/Users/toheeb.ogunade/Workspace/cuchx-large/hf_data_manual/LMT_(IMU,Radar,Skeleton)/Training/HAU/user19/4-1-2",12.0,85.0,16906064.116,16906071.416,60.0,67.0,16906068.916,16906069.616,3,harn_anchored
user19|4|1,user19,4,1,3,Reading,21_Read_documents,Anxiously,NERV,HAU/user19/4-1-3,"/Users/toheeb.ogunade/Workspace/cuchx-large/hf_data_manual/LMT_(IMU,Radar,Skeleton)/Training/HAU/user19/4-1-3",8.0,61.0,16906167.716,16906173.016,57.0,61.0,16906172.616,16906173.016,3,harn_anchored
user19|4|2,user19,4,2,1,Squats,29_Do_squats,Leisurely,SLOW,HAU/user19/4-2-1,"/Users/toheeb.ogunade/Workspace/cuchx-large/hf_data_manual/LMT_(IMU,Radar,Skeleton)/Training/HAU/user19/4-2-1",17.0,108.0,16901210.616,16901219.716,53.0,74.0,16901214.216,16901216.316,3,harn_anchored
user19|4|2,user19,4,2,2,Squats,29_Do_squats,Intently,CARE,HAU/user19/4-2-2,"/Users/toheeb.ogunade/Workspace/cuchx-large/hf_data_manual/LMT_(IMU,Radar,Skeleton)/Training/HAU/user19/4-2-2",18.0,107.0,16901318.716,16901327.616,39.0,59.0,16901320.816,16901322.816,3,harn_anchored
user19|4|2,user19,4,2,3,Squats,29_Do_squats,Urgently,FAST,HAU/user19/4-2-3,"/Users/toheeb.ogunade/Workspace/cuchx-large/hf_data_manual/LMT_(IMU,Radar,Skeleton)/Training/HAU/user19/4-2-3",19.0,67.0,16901377.816,16901382.616,30.0,45.0,16901378.916,16901380.416,3,harn_anchored
user19|4|2,user19,4,2,1,Stretching,31_Do_stretching_exercises,Leisurely,SLOW,HAU/user19/4-2-1,"/Users/toheeb.ogunade/Workspace/cuchx-large/hf_data_manual/LMT_(IMU,Radar,Skeleton)/Training/HAU/user19/4-2-1",17.0,108.0,16901210.616,16901219.716,78.0,108.0,16901216.716,16901219.716,3,harn_anchored
user19|4|2,user19,4,2,2,Stretching,31_Do_stretching_exercises,Intently,CARE,HAU/user19/4-2-2,"/Users/toheeb.ogunade/Workspace/cuchx-large/hf_data_manual/LMT_(IMU,Radar,Skeleton)/Training/HAU/user19/4-2-2",18.0,107.0,16901318.716,16901327.616,62.0,107.0,16901323.116,16901327.616,3,harn_anchored
user19|4|2,user19,4,2,3,Stretching,31_Do_stretching_exercises,Urgently,FAST,HAU/user19/4-2-3,"/Users/toheeb.ogunade/Workspace/cuchx-large/hf_data_manual/LMT_(IMU,Radar,Skeleton)/Training/HAU/user19/4-2-3",19.0,67.0,16901377.816,16901382.616,49.0,67.0,16901380.816,16901382.616,3,harn_anchored
user19|4|2,user19,4,2,1,Walking,36_Walk,Leisurely,SLOW,HAU/user19/4-2-1,"/Users/toheeb.ogunade/Workspace/cuchx-large/hf_data_manual/LMT_(IMU,Radar,Skeleton)/Training/HAU/user19/4-2-1",17.0,108.0,16901210.616,16901219.716,32.0,48.0,16901212.116,16901213.716,3,harn_anchored
user19|4|2,user19,4,2,2,Walking,36_Walk,Intently,CARE,HAU/user19/4-2-2,"/Users/toheeb.ogunade/Workspace/cuchx-large/hf_data_manual/LMT_(IMU,Radar,Skeleton)/Training/HAU/user19/4-2-2",18.0,107.0,16901318.716,16901327.616,27.0,36.0,16901319.616,16901320.516,3,harn_anchored
user19|4|2,user19,4,2,3,Walking,36_Walk,Urgently,FAST,HAU/user19/4-2-3,"/Users/toheeb.ogunade/Workspace/cuchx-large/hf_data_manual/LMT_(IMU,Radar,Skeleton)/Training/HAU/user19/4-2-3",19.0,67.0,16901377.816,16901382.616,20.0,26.0,16901377.916,16901378.516,3,harn_anchored
user19|4|3,user19,4,3,1,Typing on a keyboard,17_Tap_the_keyboard,Unhurriedly,SLOW,HAU/user19/4-3-1,"/Users/toheeb.ogunade/Workspace/cuchx-large/hf_data_manual/LMT_(IMU,Radar,Skeleton)/Training/HAU/user19/4-3-1",12.0,81.0,16906248.116,16906255.016,53.0,81.0,16906252.216,16906255.016,3,harn_anchored
user19|4|3,user19,4,3,2,Typing on a keyboard,17_Tap_the_keyboard,Intently,CARE,HAU/user19/4-3-2,"/Users/toheeb.ogunade/Workspace/cuchx-large/hf_data_manual/LMT_(IMU,Radar,Skeleton)/Training/HAU/user19/4-3-2",13.0,103.0,16906321.216,16906330.216,51.0,103.0,16906325.016,16906330.216,3,harn_anchored
user19|4|3,user19,4,3,3,Typing on a keyboard,17_Tap_the_keyboard,Nervously,NERV,HAU/user19/4-3-3,"/Users/toheeb.ogunade/Workspace/cuchx-large/hf_data_manual/LMT_(IMU,Radar,Skeleton)/Training/HAU/user19/4-3-3",18.0,63.0,16906402.716,16906407.216,46.0,63.0,16906405.516,16906407.216,3,harn_anchored
user19|4|3,user19,4,3,1,Walking,36_Walk,Unhurriedly,SLOW,HAU/user19/4-3-1,"/Users/toheeb.ogunade/Workspace/cuchx-large/hf_data_manual/LMT_(IMU,Radar,Skeleton)/Training/HAU/user19/4-3-1",12.0,81.0,16906248.116,16906255.016,27.0,38.0,16906249.616,16906250.716,3,harn_anchored
user19|4|3,user19,4,3,2,Walking,36_Walk,Intently,CARE,HAU/user19/4-3-2,"/Users/toheeb.ogunade/Workspace/cuchx-large/hf_data_manual/LMT_(IMU,Radar,Skeleton)/Training/HAU/user19/4-3-2",13.0,103.0,16906321.216,16906330.216,29.0,37.0,16906322.816,16906323.616,3,harn_anchored
user19|4|3,user19,4,3,3,Walking,36_Walk,Nervously,NERV,HAU/user19/4-3-3,"/Users/toheeb.ogunade/Workspace/cuchx-large/hf_data_manual/LMT_(IMU,Radar,Skeleton)/Training/HAU/user19/4-3-3",18.0,63.0,16906402.716,16906407.216,27.0,33.0,16906403.616,16906404.216,3,harn_anchored
user19|5|1,user19,5,1,1,Playing games,26_Play_games,Softly,SLOW,HAU/user19/5-1-1,"/Users/toheeb.ogunade/Workspace/cuchx-large/hf_data_manual/LMT_(IMU,Radar,Skeleton)/Training/HAU/user19/5-1-1",13.0,92.0,16906773.216,16906781.116,13.0,71.0,16906773.216,16906779.016,3,harn_anchored
user19|5|1,user19,5,1,2,Playing games,26_Play_games,Calmly,SLOW,HAU/user19/5-1-2,"/Users/toheeb.ogunade/Workspace/cuchx-large/hf_data_manual/LMT_(IMU,Radar,Skeleton)/Training/HAU/user19/5-1-2",9.0,78.0,16906880.816,16906887.716,9.0,51.0,16906880.816,16906885.016,3,harn_anchored
user19|5|1,user19,5,1,3,Playing games,26_Play_games,Anxiously,NERV,HAU/user19/5-1-3,"/Users/toheeb.ogunade/Workspace/cuchx-large/hf_data_manual/LMT_(IMU,Radar,Skeleton)/Training/HAU/user19/5-1-3",13.0,67.0,16906961.216,16906966.616,13.0,51.0,16906961.216,16906965.016,3,harn_anchored
user19|5|1,user19,5,1,1,Standing up,32_Stand_up,Softly,SLOW,HAU/user19/5-1-1,"/Users/toheeb.ogunade/Workspace/cuchx-large/hf_data_manual/LMT_(IMU,Radar,Skeleton)/Training/HAU/user19/5-1-1",13.0,92.0,16906773.216,16906781.116,75.0,90.0,16906779.416,16906780.916,3,harn_anchored
user19|5|1,user19,5,1,2,Standing up,32_Stand_up,Calmly,SLOW,HAU/user19/5-1-2,"/Users/toheeb.ogunade/Workspace/cuchx-large/hf_data_manual/LMT_(IMU,Radar,Skeleton)/Training/HAU/user19/5-1-2",9.0,78.0,16906880.816,16906887.716,69.0,77.0,16906886.816,16906887.616,3,harn_anchored
user19|5|1,user19,5,1,3,Standing up,32_Stand_up,Anxiously,NERV,HAU/user19/5-1-3,"/Users/toheeb.ogunade/Workspace/cuchx-large/hf_data_manual/LMT_(IMU,Radar,Skeleton)/Training/HAU/user19/5-1-3",13.0,67.0,16906961.216,16906966.616,59.0,66.0,16906965.816,16906966.516,3,harn_anchored
user19|5|2,user19,5,2,1,Wiping hands,4_Wipe_hands,Unhurriedly,SLOW,HAU/user19/5-2-1,"/Users/toheeb.ogunade/Workspace/cuchx-large/hf_data_manual/LMT_(IMU,Radar,Skeleton)/Training/HAU/user19/5-2-1",21.0,192.0,17063187.016,17063204.116,158.0,192.0,17063200.716,17063204.116,3,harn_anchored
user19|5|2,user19,5,2,2,Wiping hands,4_Wipe_hands,Neatly,CARE,HAU/user19/5-2-2,"/Users/toheeb.ogunade/Workspace/cuchx-large/hf_data_manual/LMT_(IMU,Radar,Skeleton)/Training/HAU/user19/5-2-2",23.0,142.0,17063304.216,17063316.116,113.0,142.0,17063313.216,17063316.116,3,harn_anchored
user19|5|2,user19,5,2,3,Wiping hands,4_Wipe_hands,Quickly,FAST,HAU/user19/5-2-3,"/Users/toheeb.ogunade/Workspace/cuchx-large/hf_data_manual/LMT_(IMU,Radar,Skeleton)/Training/HAU/user19/5-2-3",20.0,100.0,17063399.916,17063407.916,78.0,100.0,17063405.716,17063407.916,3,harn_anchored
user19|5|3,user19,5,3,1,Checking the time,20_Check_the_time,Gently,SLOW,HAU/user19/5-3-1,"/Users/toheeb.ogunade/Workspace/cuchx-large/hf_data_manual/LMT_(IMU,Radar,Skeleton)/Training/HAU/user19/5-3-1",14.0,158.0,16907137.316,16907151.716,61.0,72.0,16907142.016,16907143.116,3,harn_anchored
user19|5|3,user19,5,3,2,Checking the time,20_Check_the_time,Steadily,NEUT,HAU/user19/5-3-2,"/Users/toheeb.ogunade/Workspace/cuchx-large/hf_data_manual/LMT_(IMU,Radar,Skeleton)/Training/HAU/user19/5-3-2",9.0,161.0,16907203.816,16907219.016,64.0,77.0,16907209.316,16907210.616,3,harn_anchored
user19|5|3,user19,5,3,3,Checking the time,20_Check_the_time,Briskly,FAST,HAU/user19/5-3-3,"/Users/toheeb.ogunade/Workspace/cuchx-large/hf_data_manual/LMT_(IMU,Radar,Skeleton)/Training/HAU/user19/5-3-3",11.0,93.0,16907277.016,16907285.216,44.0,48.0,16907280.316,16907280.716,3,harn_anchored
user19|5|3,user19,5,3,1,Playing games,26_Play_games,Gently,SLOW,HAU/user19/5-3-1,"/Users/toheeb.ogunade/Workspace/cuchx-large/hf_data_manual/LMT_(IMU,Radar,Skeleton)/Training/HAU/user19/5-3-1",14.0,158.0,16907137.316,16907151.716,127.0,158.0,16907148.616,16907151.716,2,harn_anchored
user19|5|3,user19,5,3,2,Playing games,26_Play_games,Steadily,NEUT,HAU/user19/5-3-2,"/Users/toheeb.ogunade/Workspace/cuchx-large/hf_data_manual/LMT_(IMU,Radar,Skeleton)/Training/HAU/user19/5-3-2",9.0,161.0,16907203.816,16907219.016,138.0,161.0,16907216.716,16907219.016,2,harn_anchored
user19|5|3,user19,5,3,1,Squats,29_Do_squats,Gently,SLOW,HAU/user19/5-3-1,"/Users/toheeb.ogunade/Workspace/cuchx-large/hf_data_manual/LMT_(IMU,Radar,Skeleton)/Training/HAU/user19/5-3-1",14.0,158.0,16907137.316,16907151.716,33.0,59.0,16907139.216,16907141.816,3,harn_anchored
user19|5|3,user19,5,3,2,Squats,29_Do_squats,Steadily,NEUT,HAU/user19/5-3-2,"/Users/toheeb.ogunade/Workspace/cuchx-large/hf_data_manual/LMT_(IMU,Radar,Skeleton)/Training/HAU/user19/5-3-2",9.0,161.0,16907203.816,16907219.016,36.0,63.0,16907206.516,16907209.216,3,harn_anchored
user19|5|3,user19,5,3,3,Squats,29_Do_squats,Briskly,FAST,HAU/user19/5-3-3,"/Users/toheeb.ogunade/Workspace/cuchx-large/hf_data_manual/LMT_(IMU,Radar,Skeleton)/Training/HAU/user19/5-3-3",11.0,93.0,16907277.016,16907285.216,23.0,37.0,16907278.216,16907279.616,3,harn_anchored
user19|5|3,user19,5,3,1,Sitting down,34_Sit_down,Gently,SLOW,HAU/user19/5-3-1,"/Users/toheeb.ogunade/Workspace/cuchx-large/hf_data_manual/LMT_(IMU,Radar,Skeleton)/Training/HAU/user19/5-3-1",14.0,158.0,16907137.316,16907151.716,82.0,92.0,16907144.116,16907145.116,3,harn_anchored
user19|5|3,user19,5,3,2,Sitting down,34_Sit_down,Steadily,NEUT,HAU/user19/5-3-2,"/Users/toheeb.ogunade/Workspace/cuchx-large/hf_data_manual/LMT_(IMU,Radar,Skeleton)/Training/HAU/user19/5-3-2",9.0,161.0,16907203.816,16907219.016,86.0,94.0,16907211.516,16907212.316,3,harn_anchored
user19|5|3,user19,5,3,3,Sitting down,34_Sit_down,Briskly,FAST,HAU/user19/5-3-3,"/Users/toheeb.ogunade/Workspace/cuchx-large/hf_data_manual/LMT_(IMU,Radar,Skeleton)/Training/HAU/user19/5-3-3",11.0,93.0,16907277.016,16907285.216,53.0,61.0,16907281.216,16907282.016,3,harn_anchored
user19|5|3,user19,5,3,1,Walking,36_Walk,Gently,SLOW,HAU/user19/5-3-1,"/Users/toheeb.ogunade/Workspace/cuchx-large/hf_data_manual/LMT_(IMU,Radar,Skeleton)/Training/HAU/user19/5-3-1",14.0,158.0,16907137.316,16907151.716,19.0,31.0,16907137.816,16907139.016,3,harn_anchored
user19|5|3,user19,5,3,2,Walking,36_Walk,Steadily,NEUT,HAU/user19/5-3-2,"/Users/toheeb.ogunade/Workspace/cuchx-large/hf_data_manual/LMT_(IMU,Radar,Skeleton)/Training/HAU/user19/5-3-2",9.0,161.0,16907203.816,16907219.016,19.0,35.0,16907204.816,16907206.416,3,harn_anchored
user19|5|3,user19,5,3,3,Walking,36_Walk,Briskly,FAST,HAU/user19/5-3-3,"/Users/toheeb.ogunade/Workspace/cuchx-large/hf_data_manual/LMT_(IMU,Radar,Skeleton)/Training/HAU/user19/5-3-3",11.0,93.0,16907277.016,16907285.216,14.0,22.0,16907277.316,16907278.116,3,harn_anchored
user19|5|3,user19,5,3,1,Massaging oneself,38_Massage_oneself,Gently,SLOW,HAU/user19/5-3-1,"/Users/toheeb.ogunade/Workspace/cuchx-large/hf_data_manual/LMT_(IMU,Radar,Skeleton)/Training/HAU/user19/5-3-1",14.0,158.0,16907137.316,16907151.716,94.0,117.0,16907145.316,16907147.616,3,harn_anchored
user19|5|3,user19,5,3,2,Massaging oneself,38_Massage_oneself,Steadily,NEUT,HAU/user19/5-3-2,"/Users/toheeb.ogunade/Workspace/cuchx-large/hf_data_manual/LMT_(IMU,Radar,Skeleton)/Training/HAU/user19/5-3-2",9.0,161.0,16907203.816,16907219.016,98.0,126.0,16907212.716,16907215.516,3,harn_anchored
user19|5|3,user19,5,3,3,Massaging oneself,38_Massage_oneself,Briskly,FAST,HAU/user19/5-3-3,"/Users/toheeb.ogunade/Workspace/cuchx-large/hf_data_manual/LMT_(IMU,Radar,Skeleton)/Training/HAU/user19/5-3-3",11.0,93.0,16907277.016,16907285.216,63.0,79.0,16907282.216,16907283.816,3,harn_anchored
user19|6|1,user19,6,1,1,Typing on a keyboard,17_Tap_the_keyboard,Attentively,CARE,HAU/user19/6-1-1,"/Users/toheeb.ogunade/Workspace/cuchx-large/hf_data_manual/LMT_(IMU,Radar,Skeleton)/Training/HAU/user19/6-1-1",10.0,116.0,16907348.916,16907359.516,42.0,58.0,16907352.116,16907353.716,3,harn_anchored
user19|6|1,user19,6,1,2,Typing on a keyboard,17_Tap_the_keyboard,Quickly,FAST,HAU/user19/6-1-2,"/Users/toheeb.ogunade/Workspace/cuchx-large/hf_data_manual/LMT_(IMU,Radar,Skeleton)/Training/HAU/user19/6-1-2",10.0,71.0,16907415.916,16907422.016,28.0,35.0,16907417.716,16907418.416,3,harn_anchored
user19|6|1,user19,6,1,3,Typing on a keyboard,17_Tap_the_keyboard,Leisurely,SLOW,HAU/user19/6-1-3,"/Users/toheeb.ogunade/Workspace/cuchx-large/hf_data_manual/LMT_(IMU,Radar,Skeleton)/Training/HAU/user19/6-1-3",14.0,111.0,16907484.316,16907494.016,37.0,60.0,16907486.616,16907488.916,3,harn_anchored
user19|6|1,user19,6,1,1,Sitting down,34_Sit_down,Attentively,CARE,HAU/user19/6-1-1,"/Users/toheeb.ogunade/Workspace/cuchx-large/hf_data_manual/LMT_(IMU,Radar,Skeleton)/Training/HAU/user19/6-1-1",10.0,116.0,16907348.916,16907359.516,28.0,37.0,16907350.716,16907351.616,3,harn_anchored
user19|6|1,user19,6,1,2,Sitting down,34_Sit_down,Quickly,FAST,HAU/user19/6-1-2,"/Users/toheeb.ogunade/Workspace/cuchx-large/hf_data_manual/LMT_(IMU,Radar,Skeleton)/Training/HAU/user19/6-1-2",10.0,71.0,16907415.916,16907422.016,20.0,26.0,16907416.916,16907417.516,3,harn_anchored
user19|6|1,user19,6,1,3,Sitting down,34_Sit_down,Leisurely,SLOW,HAU/user19/6-1-3,"/Users/toheeb.ogunade/Workspace/cuchx-large/hf_data_manual/LMT_(IMU,Radar,Skeleton)/Training/HAU/user19/6-1-3",14.0,111.0,16907484.316,16907494.016,27.0,35.0,16907485.616,16907486.416,3,harn_anchored
user19|6|2,user19,6,2,1,Playing games,26_Play_games,Leisurely,SLOW,HAU/user19/6-2-1,"/Users/toheeb.ogunade/Workspace/cuchx-large/hf_data_manual/LMT_(IMU,Radar,Skeleton)/Training/HAU/user19/6-2-1",14.0,198.0,16901493.316,16901511.716,138.0,156.0,16901505.716,16901507.516,3,harn_anchored
user19|6|2,user19,6,2,2,Playing games,26_Play_games,Nervously,NERV,HAU/user19/6-2-2,"/Users/toheeb.ogunade/Workspace/cuchx-large/hf_data_manual/LMT_(IMU,Radar,Skeleton)/Training/HAU/user19/6-2-2",27.0,105.0,16901627.616,16901635.416,77.0,82.0,16901632.616,16901633.116,3,harn_anchored
user19|6|2,user19,6,2,3,Playing games,26_Play_games,Calmly,SLOW,HAU/user19/6-2-3,"/Users/toheeb.ogunade/Workspace/cuchx-large/hf_data_manual/LMT_(IMU,Radar,Skeleton)/Training/HAU/user19/6-2-3",18.0,144.0,16901700.716,16901713.316,86.0,101.0,16901707.516,16901709.016,3,harn_anchored
user19|6|2,user19,6,2,1,Taking a selfie,27_Take_a_selfie,Leisurely,SLOW,HAU/user19/6-2-1,"/Users/toheeb.ogunade/Workspace/cuchx-large/hf_data_manual/LMT_(IMU,Radar,Skeleton)/Training/HAU/user19/6-2-1",14.0,198.0,16901493.316,16901511.716,166.0,198.0,16901508.516,16901511.716,3,harn_anchored
user19|6|2,user19,6,2,2,Taking a selfie,27_Take_a_selfie,Nervously,NERV,HAU/user19/6-2-2,"/Users/toheeb.ogunade/Workspace/cuchx-large/hf_data_manual/LMT_(IMU,Radar,Skeleton)/Training/HAU/user19/6-2-2",27.0,105.0,16901627.616,16901635.416,89.0,105.0,16901633.816,16901635.416,3,harn_anchored
user19|6|2,user19,6,2,3,Taking a selfie,27_Take_a_selfie,Calmly,SLOW,HAU/user19/6-2-3,"/Users/toheeb.ogunade/Workspace/cuchx-large/hf_data_manual/LMT_(IMU,Radar,Skeleton)/Training/HAU/user19/6-2-3",18.0,144.0,16901700.716,16901713.316,109.0,126.0,16901709.816,16901711.516,3,harn_anchored
user19|6|2,user19,6,2,1,Taking medicine,37_Take_medicine,Leisurely,SLOW,HAU/user19/6-2-1,"/Users/toheeb.ogunade/Workspace/cuchx-large/hf_data_manual/LMT_(IMU,Radar,Skeleton)/Training/HAU/user19/6-2-1",14.0,198.0,16901493.316,16901511.716,37.0,55.0,16901495.616,16901497.416,3,harn_anchored
user19|6|2,user19,6,2,2,Taking medicine,37_Take_medicine,Nervously,NERV,HAU/user19/6-2-2,"/Users/toheeb.ogunade/Workspace/cuchx-large/hf_data_manual/LMT_(IMU,Radar,Skeleton)/Training/HAU/user19/6-2-2",27.0,105.0,16901627.616,16901635.416,27.0,43.0,16901627.616,16901629.216,3,harn_anchored
user19|6|2,user19,6,2,3,Taking medicine,37_Take_medicine,Calmly,SLOW,HAU/user19/6-2-3,"/Users/toheeb.ogunade/Workspace/cuchx-large/hf_data_manual/LMT_(IMU,Radar,Skeleton)/Training/HAU/user19/6-2-3",18.0,144.0,16901700.716,16901713.316,23.0,39.0,16901701.216,16901702.816,3,harn_anchored
user19|6|2,user19,6,2,1,Checking body temperature,39_Take_body_temperature,Leisurely,SLOW,HAU/user19/6-2-1,"/Users/toheeb.ogunade/Workspace/cuchx-large/hf_data_manual/LMT_(IMU,Radar,Skeleton)/Training/HAU/user19/6-2-1",14.0,198.0,16901493.316,16901511.716,67.0,88.0,16901498.616,16901500.716,3,harn_anchored
user19|6|2,user19,6,2,2,Checking body temperature,39_Take_body_temperature,Nervously,NERV,HAU/user19/6-2-2,"/Users/toheeb.ogunade/Workspace/cuchx-large/hf_data_manual/LMT_(IMU,Radar,Skeleton)/Training/HAU/user19/6-2-2",27.0,105.0,16901627.616,16901635.416,46.0,57.0,16901629.516,16901630.616,3,harn_anchored
user19|6|2,user19,6,2,3,Checking body temperature,39_Take_body_temperature,Calmly,SLOW,HAU/user19/6-2-3,"/Users/toheeb.ogunade/Workspace/cuchx-large/hf_data_manual/LMT_(IMU,Radar,Skeleton)/Training/HAU/user19/6-2-3",18.0,144.0,16901700.716,16901713.316,44.0,69.0,16901703.316,16901705.816,3,harn_anchored
user19|7|1,user19,7,1,1,Taking medicine,37_Take_medicine,Cautiously,CARE,HAU/user19/7-1-1,"/Users/toheeb.ogunade/Workspace/cuchx-large/hf_data_manual/LMT_(IMU,Radar,Skeleton)/Training/HAU/user19/7-1-1",16.0,275.0,16975271.516,16975297.416,30.0,63.0,16975272.916,16975276.216,3,harn_anchored
user19|7|1,user19,7,1,2,Taking medicine,37_Take_medicine,Urgently,FAST,HAU/user19/7-1-2,"/Users/toheeb.ogunade/Workspace/cuchx-large/hf_data_manual/LMT_(IMU,Radar,Skeleton)/Training/HAU/user19/7-1-2",14.0,189.0,16975357.316,16975374.816,27.0,44.0,16975358.616,16975360.316,3,harn_anchored
user19|7|1,user19,7,1,3,Taking medicine,37_Take_medicine,Calmly,SLOW,HAU/user19/7-1-3,"/Users/toheeb.ogunade/Workspace/cuchx-large/hf_data_manual/LMT_(IMU,Radar,Skeleton)/Training/HAU/user19/7-1-3",11.0,179.0,16975473.016,16975489.816,35.0,55.0,16975475.416,16975477.416,3,harn_anchored
user19|7|1,user19,7,1,1,Massaging oneself,38_Massage_oneself,Cautiously,CARE,HAU/user19/7-1-1,"/Users/toheeb.ogunade/Workspace/cuchx-large/hf_data_manual/LMT_(IMU,Radar,Skeleton)/Training/HAU/user19/7-1-1",16.0,275.0,16975271.516,16975297.416,221.0,275.0,16975292.016,16975297.416,2,harn_anchored
user19|7|1,user19,7,1,2,Massaging oneself,38_Massage_oneself,Urgently,FAST,HAU/user19/7-1-2,"/Users/toheeb.ogunade/Workspace/cuchx-large/hf_data_manual/LMT_(IMU,Radar,Skeleton)/Training/HAU/user19/7-1-2",14.0,189.0,16975357.316,16975374.816,120.0,189.0,16975367.916,16975374.816,2,harn_anchored
user19|7|1,user19,7,1,1,Checking body temperature,39_Take_body_temperature,Cautiously,CARE,HAU/user19/7-1-1,"/Users/toheeb.ogunade/Workspace/cuchx-large/hf_data_manual/LMT_(IMU,Radar,Skeleton)/Training/HAU/user19/7-1-1",16.0,275.0,16975271.516,16975297.416,121.0,163.0,16975282.016,16975286.216,3,harn_anchored
user19|7|1,user19,7,1,2,Checking body temperature,39_Take_body_temperature,Urgently,FAST,HAU/user19/7-1-2,"/Users/toheeb.ogunade/Workspace/cuchx-large/hf_data_manual/LMT_(IMU,Radar,Skeleton)/Training/HAU/user19/7-1-2",14.0,189.0,16975357.316,16975374.816,67.0,93.0,16975362.616,16975365.216,3,harn_anchored
user19|7|1,user19,7,1,3,Checking body temperature,39_Take_body_temperature,Calmly,SLOW,HAU/user19/7-1-3,"/Users/toheeb.ogunade/Workspace/cuchx-large/hf_data_manual/LMT_(IMU,Radar,Skeleton)/Training/HAU/user19/7-1-3",11.0,179.0,16975473.016,16975489.816,82.0,102.0,16975480.116,16975482.116,3,harn_anchored
user19|7|2,user19,7,2,1,Stirring,10_Stir_drinks,Slowly,SLOW,HAU/user19/7-2-1,"/Users/toheeb.ogunade/Workspace/cuchx-large/hf_data_manual/LMT_(IMU,Radar,Skeleton)/Training/HAU/user19/7-2-1",21.0,476.0,17063809.016,17063854.516,428.0,442.0,17063849.716,17063851.116,3,harn_anchored
user19|7|2,user19,7,2,2,Stirring,10_Stir_drinks,Steadily,NEUT,HAU/user19/7-2-2,"/Users/toheeb.ogunade/Workspace/cuchx-large/hf_data_manual/LMT_(IMU,Radar,Skeleton)/Training/HAU/user19/7-2-2",18.0,347.0,17063931.716,17063964.616,300.0,319.0,17063959.916,17063961.816,3,harn_anchored
user19|7|2,user19,7,2,3,Stirring,10_Stir_drinks,Forcefully,FAST,HAU/user19/7-2-3,"/Users/toheeb.ogunade/Workspace/cuchx-large/hf_data_manual/LMT_(IMU,Radar,Skeleton)/Training/HAU/user19/7-2-3",18.0,328.0,17064030.716,17064061.716,291.0,306.0,17064058.016,17064059.516,3,harn_anchored
user19|7|2,user19,7,2,1,Sweeping,12_Sweep_the_floor,Slowly,SLOW,HAU/user19/7-2-1,"/Users/toheeb.ogunade/Workspace/cuchx-large/hf_data_manual/LMT_(IMU,Radar,Skeleton)/Training/HAU/user19/7-2-1",21.0,476.0,17063809.016,17063854.516,79.0,129.0,17063814.816,17063819.816,3,harn_anchored
user19|7|2,user19,7,2,2,Sweeping,12_Sweep_the_floor,Steadily,NEUT,HAU/user19/7-2-2,"/Users/toheeb.ogunade/Workspace/cuchx-large/hf_data_manual/LMT_(IMU,Radar,Skeleton)/Training/HAU/user19/7-2-2",18.0,347.0,17063931.716,17063964.616,63.0,94.0,17063936.216,17063939.316,3,harn_anchored
user19|7|2,user19,7,2,3,Sweeping,12_Sweep_the_floor,Forcefully,FAST,HAU/user19/7-2-3,"/Users/toheeb.ogunade/Workspace/cuchx-large/hf_data_manual/LMT_(IMU,Radar,Skeleton)/Training/HAU/user19/7-2-3",18.0,328.0,17064030.716,17064061.716,62.0,85.0,17064035.116,17064037.416,3,harn_anchored
user19|7|2,user19,7,2,1,Mopping,13_Mop_the_floor,Slowly,SLOW,HAU/user19/7-2-1,"/Users/toheeb.ogunade/Workspace/cuchx-large/hf_data_manual/LMT_(IMU,Radar,Skeleton)/Training/HAU/user19/7-2-1",21.0,476.0,17063809.016,17063854.516,154.0,222.0,17063822.316,17063829.116,3,harn_anchored
user19|7|2,user19,7,2,2,Mopping,13_Mop_the_floor,Steadily,NEUT,HAU/user19/7-2-2,"/Users/toheeb.ogunade/Workspace/cuchx-large/hf_data_manual/LMT_(IMU,Radar,Skeleton)/Training/HAU/user19/7-2-2",18.0,347.0,17063931.716,17063964.616,120.0,145.0,17063941.916,17063944.416,3,harn_anchored
user19|7|2,user19,7,2,3,Mopping,13_Mop_the_floor,Forcefully,FAST,HAU/user19/7-2-3,"/Users/toheeb.ogunade/Workspace/cuchx-large/hf_data_manual/LMT_(IMU,Radar,Skeleton)/Training/HAU/user19/7-2-3",18.0,328.0,17064030.716,17064061.716,109.0,132.0,17064039.816,17064042.116,3,harn_anchored
user19|7|2,user19,7,2,1,Wiping surface,15_Wipe_windows_and_tables,Slowly,SLOW,HAU/user19/7-2-1,"/Users/toheeb.ogunade/Workspace/cuchx-large/hf_data_manual/LMT_(IMU,Radar,Skeleton)/Training/HAU/user19/7-2-1",21.0,476.0,17063809.016,17063854.516,246.0,261.0,17063831.516,17063833.016,3,harn_anchored
user19|7|2,user19,7,2,2,Wiping surface,15_Wipe_windows_and_tables,Steadily,NEUT,HAU/user19/7-2-2,"/Users/toheeb.ogunade/Workspace/cuchx-large/hf_data_manual/LMT_(IMU,Radar,Skeleton)/Training/HAU/user19/7-2-2",18.0,347.0,17063931.716,17063964.616,158.0,196.0,17063945.716,17063949.516,3,harn_anchored
user19|7|2,user19,7,2,3,Wiping surface,15_Wipe_windows_and_tables,Forcefully,FAST,HAU/user19/7-2-3,"/Users/toheeb.ogunade/Workspace/cuchx-large/hf_data_manual/LMT_(IMU,Radar,Skeleton)/Training/HAU/user19/7-2-3",18.0,328.0,17064030.716,17064061.716,147.0,177.0,17064043.616,17064046.616,3,harn_anchored
user19|7|2,user19,7,2,1,Walking,36_Walk,Slowly,SLOW,HAU/user19/7-2-1,"/Users/toheeb.ogunade/Workspace/cuchx-large/hf_data_manual/LMT_(IMU,Radar,Skeleton)/Training/HAU/user19/7-2-1",21.0,476.0,17063809.016,17063854.516,37.0,53.0,17063810.616,17063812.216,3,harn_anchored
user19|7|2,user19,7,2,2,Walking,36_Walk,Steadily,NEUT,HAU/user19/7-2-2,"/Users/toheeb.ogunade/Workspace/cuchx-large/hf_data_manual/LMT_(IMU,Radar,Skeleton)/Training/HAU/user19/7-2-2",18.0,347.0,17063931.716,17063964.616,31.0,44.0,17063933.016,17063934.316,3,harn_anchored
user19|7|2,user19,7,2,3,Walking,36_Walk,Forcefully,FAST,HAU/user19/7-2-3,"/Users/toheeb.ogunade/Workspace/cuchx-large/hf_data_manual/LMT_(IMU,Radar,Skeleton)/Training/HAU/user19/7-2-3",18.0,328.0,17064030.716,17064061.716,29.0,44.0,17064031.816,17064033.316,3,harn_anchored
user19|7|2,user19,7,2,1,Drinking,6_Drink_water,Slowly,SLOW,HAU/user19/7-2-1,"/Users/toheeb.ogunade/Workspace/cuchx-large/hf_data_manual/LMT_(IMU,Radar,Skeleton)/Training/HAU/user19/7-2-1",21.0,476.0,17063809.016,17063854.516,461.0,476.0,17063853.016,17063854.516,3,harn_anchored
user19|7|2,user19,7,2,2,Drinking,6_Drink_water,Steadily,NEUT,HAU/user19/7-2-2,"/Users/toheeb.ogunade/Workspace/cuchx-large/hf_data_manual/LMT_(IMU,Radar,Skeleton)/Training/HAU/user19/7-2-2",18.0,347.0,17063931.716,17063964.616,328.0,347.0,17063962.716,17063964.616,3,harn_anchored
user19|7|2,user19,7,2,3,Drinking,6_Drink_water,Forcefully,FAST,HAU/user19/7-2-3,"/Users/toheeb.ogunade/Workspace/cuchx-large/hf_data_manual/LMT_(IMU,Radar,Skeleton)/Training/HAU/user19/7-2-3",18.0,328.0,17064030.716,17064061.716,309.0,328.0,17064059.816,17064061.716,3,harn_anchored
user19|7|2,user19,7,2,1,Eating,7_Eat_food,Slowly,SLOW,HAU/user19/7-2-1,"/Users/toheeb.ogunade/Workspace/cuchx-large/hf_data_manual/LMT_(IMU,Radar,Skeleton)/Training/HAU/user19/7-2-1",21.0,476.0,17063809.016,17063854.516,333.0,355.0,17063840.216,17063842.416,3,harn_anchored
user19|7|2,user19,7,2,2,Eating,7_Eat_food,Steadily,NEUT,HAU/user19/7-2-2,"/Users/toheeb.ogunade/Workspace/cuchx-large/hf_data_manual/LMT_(IMU,Radar,Skeleton)/Training/HAU/user19/7-2-2",18.0,347.0,17063931.716,17063964.616,226.0,251.0,17063952.516,17063955.016,3,harn_anchored
user19|7|2,user19,7,2,3,Eating,7_Eat_food,Forcefully,FAST,HAU/user19/7-2-3,"/Users/toheeb.ogunade/Workspace/cuchx-large/hf_data_manual/LMT_(IMU,Radar,Skeleton)/Training/HAU/user19/7-2-3",18.0,328.0,17064030.716,17064061.716,216.0,235.0,17064050.516,17064052.416,3,harn_anchored
user19|7|2,user19,7,2,1,Grabbing utensils,8_Take_and_use_tableware,Slowly,SLOW,HAU/user19/7-2-1,"/Users/toheeb.ogunade/Workspace/cuchx-large/hf_data_manual/LMT_(IMU,Radar,Skeleton)/Training/HAU/user19/7-2-1",21.0,476.0,17063809.016,17063854.516,308.0,332.0,17063837.716,17063840.116,3,harn_anchored
user19|7|2,user19,7,2,2,Grabbing utensils,8_Take_and_use_tableware,Steadily,NEUT,HAU/user19/7-2-2,"/Users/toheeb.ogunade/Workspace/cuchx-large/hf_data_manual/LMT_(IMU,Radar,Skeleton)/Training/HAU/user19/7-2-2",18.0,347.0,17063931.716,17063964.616,206.0,226.0,17063950.516,17063952.516,3,harn_anchored
user19|7|2,user19,7,2,3,Grabbing utensils,8_Take_and_use_tableware,Forcefully,FAST,HAU/user19/7-2-3,"/Users/toheeb.ogunade/Workspace/cuchx-large/hf_data_manual/LMT_(IMU,Radar,Skeleton)/Training/HAU/user19/7-2-3",18.0,328.0,17064030.716,17064061.716,201.0,216.0,17064049.016,17064050.516,3,harn_anchored
user19|7|2,user19,7,2,1,Pouring,9_Pour_drinks,Slowly,SLOW,HAU/user19/7-2-1,"/Users/toheeb.ogunade/Workspace/cuchx-large/hf_data_manual/LMT_(IMU,Radar,Skeleton)/Training/HAU/user19/7-2-1",21.0,476.0,17063809.016,17063854.516,388.0,416.0,17063845.716,17063848.516,3,harn_anchored
user19|7|2,user19,7,2,2,Pouring,9_Pour_drinks,Steadily,NEUT,HAU/user19/7-2-2,"/Users/toheeb.ogunade/Workspace/cuchx-large/hf_data_manual/LMT_(IMU,Radar,Skeleton)/Training/HAU/user19/7-2-2",18.0,347.0,17063931.716,17063964.616,267.0,287.0,17063956.616,17063958.616,3,harn_anchored
user19|7|2,user19,7,2,3,Pouring,9_Pour_drinks,Forcefully,FAST,HAU/user19/7-2-3,"/Users/toheeb.ogunade/Workspace/cuchx-large/hf_data_manual/LMT_(IMU,Radar,Skeleton)/Training/HAU/user19/7-2-3",18.0,328.0,17064030.716,17064061.716,247.0,278.0,17064053.616,17064056.716,3,harn_anchored
user2|1|2,user2,1,2,1,Stretching,31_Do_stretching_exercises,Leisurely,SLOW,HAU/user2/1-2-1,"/Users/toheeb.ogunade/Workspace/cuchx-large/hf_data_manual/LMT_(IMU,Radar,Skeleton)/Training/HAU/user2/1-2-1",21.0,250.0,14144444.016,14144466.916,83.0,103.0,14144450.216,14144452.216,3,harn_anchored
user2|1|2,user2,1,2,2,Stretching,31_Do_stretching_exercises,Steadily,NEUT,HAU/user2/1-2-2,"/Users/toheeb.ogunade/Workspace/cuchx-large/hf_data_manual/LMT_(IMU,Radar,Skeleton)/Training/HAU/user2/1-2-2",14.0,201.0,14144584.316,14144603.016,65.0,104.0,14144589.416,14144593.316,3,harn_anchored
user2|1|2,user2,1,2,3,Stretching,31_Do_stretching_exercises,Rapidly,FAST,HAU/user2/1-2-3,"/Users/toheeb.ogunade/Workspace/cuchx-large/hf_data_manual/LMT_(IMU,Radar,Skeleton)/Training/HAU/user2/1-2-3",20.0,150.0,14144697.916,14144710.916,51.0,79.0,14144701.016,14144703.816,3,harn_anchored
user2|1|2,user2,1,2,1,Walking,36_Walk,Leisurely,SLOW,HAU/user2/1-2-1,"/Users/toheeb.ogunade/Workspace/cuchx-large/hf_data_manual/LMT_(IMU,Radar,Skeleton)/Training/HAU/user2/1-2-1",21.0,250.0,14144444.016,14144466.916,23.0,65.0,14144444.216,14144448.416,3,harn_anchored
user2|1|2,user2,1,2,2,Walking,36_Walk,Steadily,NEUT,HAU/user2/1-2-2,"/Users/toheeb.ogunade/Workspace/cuchx-large/hf_data_manual/LMT_(IMU,Radar,Skeleton)/Training/HAU/user2/1-2-2",14.0,201.0,14144584.316,14144603.016,14.0,59.0,14144584.316,14144588.816,3,harn_anchored
user2|1|2,user2,1,2,3,Walking,36_Walk,Rapidly,FAST,HAU/user2/1-2-3,"/Users/toheeb.ogunade/Workspace/cuchx-large/hf_data_manual/LMT_(IMU,Radar,Skeleton)/Training/HAU/user2/1-2-3",20.0,150.0,14144697.916,14144710.916,20.0,46.0,14144697.916,14144700.516,3,harn_anchored
user2|1|2,user2,1,2,1,Drinking,6_Drink_water,Leisurely,SLOW,HAU/user2/1-2-1,"/Users/toheeb.ogunade/Workspace/cuchx-large/hf_data_manual/LMT_(IMU,Radar,Skeleton)/Training/HAU/user2/1-2-1",21.0,250.0,14144444.016,14144466.916,219.0,248.0,14144463.816,14144466.716,3,harn_anchored
user2|1|2,user2,1,2,2,Drinking,6_Drink_water,Steadily,NEUT,HAU/user2/1-2-2,"/Users/toheeb.ogunade/Workspace/cuchx-large/hf_data_manual/LMT_(IMU,Radar,Skeleton)/Training/HAU/user2/1-2-2",14.0,201.0,14144584.316,14144603.016,173.0,196.0,14144600.216,14144602.516,3,harn_anchored
user2|1|2,user2,1,2,3,Drinking,6_Drink_water,Rapidly,FAST,HAU/user2/1-2-3,"/Users/toheeb.ogunade/Workspace/cuchx-large/hf_data_manual/LMT_(IMU,Radar,Skeleton)/Training/HAU/user2/1-2-3",20.0,150.0,14144697.916,14144710.916,132.0,149.0,14144709.116,14144710.816,3,harn_anchored
user2|1|2,user2,1,2,1,Eating,7_Eat_food,Leisurely,SLOW,HAU/user2/1-2-1,"/Users/toheeb.ogunade/Workspace/cuchx-large/hf_data_manual/LMT_(IMU,Radar,Skeleton)/Training/HAU/user2/1-2-1",21.0,250.0,14144444.016,14144466.916,151.0,176.0,14144457.016,14144459.516,3,harn_anchored
user2|1|2,user2,1,2,2,Eating,7_Eat_food,Steadily,NEUT,HAU/user2/1-2-2,"/Users/toheeb.ogunade/Workspace/cuchx-large/hf_data_manual/LMT_(IMU,Radar,Skeleton)/Training/HAU/user2/1-2-2",14.0,201.0,14144584.316,14144603.016,143.0,149.0,14144597.216,14144597.816,3,harn_anchored
user2|1|2,user2,1,2,3,Eating,7_Eat_food,Rapidly,FAST,HAU/user2/1-2-3,"/Users/toheeb.ogunade/Workspace/cuchx-large/hf_data_manual/LMT_(IMU,Radar,Skeleton)/Training/HAU/user2/1-2-3",20.0,150.0,14144697.916,14144710.916,110.0,113.0,14144706.916,14144707.216,3,harn_anchored
user2|1|2,user2,1,2,1,Grabbing utensils,8_Take_and_use_tableware,Leisurely,SLOW,HAU/user2/1-2-1,"/Users/toheeb.ogunade/Workspace/cuchx-large/hf_data_manual/LMT_(IMU,Radar,Skeleton)/Training/HAU/user2/1-2-1",21.0,250.0,14144444.016,14144466.916,120.0,151.0,14144453.916,14144457.016,3,harn_anchored
user2|1|2,user2,1,2,2,Grabbing utensils,8_Take_and_use_tableware,Steadily,NEUT,HAU/user2/1-2-2,"/Users/toheeb.ogunade/Workspace/cuchx-large/hf_data_manual/LMT_(IMU,Radar,Skeleton)/Training/HAU/user2/1-2-2",14.0,201.0,14144584.316,14144603.016,113.0,142.0,14144594.216,14144597.116,3,harn_anchored
user2|1|2,user2,1,2,3,Grabbing utensils,8_Take_and_use_tableware,Rapidly,FAST,HAU/user2/1-2-3,"/Users/toheeb.ogunade/Workspace/cuchx-large/hf_data_manual/LMT_(IMU,Radar,Skeleton)/Training/HAU/user2/1-2-3",20.0,150.0,14144697.916,14144710.916,88.0,108.0,14144704.716,14144706.716,3,harn_anchored
user2|2|1,user2,2,1,1,Walking,36_Walk,Carefully,CARE,HAU/user2/2-1-1,"/Users/toheeb.ogunade/Workspace/cuchx-large/hf_data_manual/LMT_(IMU,Radar,Skeleton)/Training/HAU/user2/2-1-1",21.0,400.0,14144879.016,14144916.916,22.0,49.0,14144879.116,14144881.816,3,harn_anchored
user2|2|1,user2,2,1,2,Walking,36_Walk,Calmly,SLOW,HAU/user2/2-1-2,"/Users/toheeb.ogunade/Workspace/cuchx-large/hf_data_manual/LMT_(IMU,Radar,Skeleton)/Training/HAU/user2/2-1-2",19.0,355.0,14145009.816,14145043.416,19.0,48.0,14145009.816,14145012.716,3,harn_anchored
user2|2|1,user2,2,1,3,Walking,36_Walk,Quickly,FAST,HAU/user2/2-1-3,"/Users/toheeb.ogunade/Workspace/cuchx-large/hf_data_manual/LMT_(IMU,Radar,Skeleton)/Training/HAU/user2/2-1-3",12.0,194.0,14145111.116,14145129.316,12.0,25.0,14145111.116,14145112.416,3,harn_anchored
user2|2|1,user2,2,1,1,Drinking,6_Drink_water,Carefully,CARE,HAU/user2/2-1-1,"/Users/toheeb.ogunade/Workspace/cuchx-large/hf_data_manual/LMT_(IMU,Radar,Skeleton)/Training/HAU/user2/2-1-1",21.0,400.0,14144879.016,14144916.916,386.0,400.0,14144915.516,14144916.916,3,harn_anchored
user2|2|1,user2,2,1,2,Drinking,6_Drink_water,Calmly,SLOW,HAU/user2/2-1-2,"/Users/toheeb.ogunade/Workspace/cuchx-large/hf_data_manual/LMT_(IMU,Radar,Skeleton)/Training/HAU/user2/2-1-2",19.0,355.0,14145009.816,14145043.416,336.0,354.0,14145041.516,14145043.316,3,harn_anchored
user2|2|1,user2,2,1,3,Drinking,6_Drink_water,Quickly,FAST,HAU/user2/2-1-3,"/Users/toheeb.ogunade/Workspace/cuchx-large/hf_data_manual/LMT_(IMU,Radar,Skeleton)/Training/HAU/user2/2-1-3",12.0,194.0,14145111.116,14145129.316,175.0,193.0,14145127.416,14145129.216,3,harn_anchored
user2|2|1,user2,2,1,1,Eating,7_Eat_food,Carefully,CARE,HAU/user2/2-1-1,"/Users/toheeb.ogunade/Workspace/cuchx-large/hf_data_manual/LMT_(IMU,Radar,Skeleton)/Training/HAU/user2/2-1-1",21.0,400.0,14144879.016,14144916.916,343.0,351.0,14144911.216,14144912.016,3,harn_anchored
user2|2|1,user2,2,1,2,Eating,7_Eat_food,Calmly,SLOW,HAU/user2/2-1-2,"/Users/toheeb.ogunade/Workspace/cuchx-large/hf_data_manual/LMT_(IMU,Radar,Skeleton)/Training/HAU/user2/2-1-2",19.0,355.0,14145009.816,14145043.416,314.0,318.0,14145039.316,14145039.716,3,harn_anchored
user2|2|1,user2,2,1,3,Eating,7_Eat_food,Quickly,FAST,HAU/user2/2-1-3,"/Users/toheeb.ogunade/Workspace/cuchx-large/hf_data_manual/LMT_(IMU,Radar,Skeleton)/Training/HAU/user2/2-1-3",12.0,194.0,14145111.116,14145129.316,163.0,166.0,14145126.216,14145126.516,3,harn_anchored
user2|2|1,user2,2,1,1,Grabbing utensils,8_Take_and_use_tableware,Carefully,CARE,HAU/user2/2-1-1,"/Users/toheeb.ogunade/Workspace/cuchx-large/hf_data_manual/LMT_(IMU,Radar,Skeleton)/Training/HAU/user2/2-1-1",21.0,400.0,14144879.016,14144916.916,302.0,341.0,14144907.116,14144911.016,3,harn_anchored
user2|2|1,user2,2,1,2,Grabbing utensils,8_Take_and_use_tableware,Calmly,SLOW,HAU/user2/2-1-2,"/Users/toheeb.ogunade/Workspace/cuchx-large/hf_data_manual/LMT_(IMU,Radar,Skeleton)/Training/HAU/user2/2-1-2",19.0,355.0,14145009.816,14145043.416,234.0,313.0,14145031.316,14145039.216,3,harn_anchored
user2|2|1,user2,2,1,3,Grabbing utensils,8_Take_and_use_tableware,Quickly,FAST,HAU/user2/2-1-3,"/Users/toheeb.ogunade/Workspace/cuchx-large/hf_data_manual/LMT_(IMU,Radar,Skeleton)/Training/HAU/user2/2-1-3",12.0,194.0,14145111.116,14145129.316,123.0,162.0,14145122.216,14145126.116,3,harn_anchored
user2|2|1,user2,2,1,1,Pouring,9_Pour_drinks,Carefully,CARE,HAU/user2/2-1-1,"/Users/toheeb.ogunade/Workspace/cuchx-large/hf_data_manual/LMT_(IMU,Radar,Skeleton)/Training/HAU/user2/2-1-1",21.0,400.0,14144879.016,14144916.916,169.0,226.0,14144893.816,14144899.516,3,harn_anchored
user2|2|1,user2,2,1,2,Pouring,9_Pour_drinks,Calmly,SLOW,HAU/user2/2-1-2,"/Users/toheeb.ogunade/Workspace/cuchx-large/hf_data_manual/LMT_(IMU,Radar,Skeleton)/Training/HAU/user2/2-1-2",19.0,355.0,14145009.816,14145043.416,145.0,203.0,14145022.416,14145028.216,3,harn_anchored
user2|2|1,user2,2,1,3,Pouring,9_Pour_drinks,Quickly,FAST,HAU/user2/2-1-3,"/Users/toheeb.ogunade/Workspace/cuchx-large/hf_data_manual/LMT_(IMU,Radar,Skeleton)/Training/HAU/user2/2-1-3",12.0,194.0,14145111.116,14145129.316,74.0,98.0,14145117.316,14145119.716,3,harn_anchored
user2|2|2,user2,2,2,1,Squats,29_Do_squats,Leisurely,SLOW,HAU/user2/2-2-1,"/Users/toheeb.ogunade/Workspace/cuchx-large/hf_data_manual/LMT_(IMU,Radar,Skeleton)/Training/HAU/user2/2-2-1",15.0,746.0,14053654.416,14053727.516,424.0,484.0,14053695.316,14053701.316,3,harn_anchored
user2|2|2,user2,2,2,2,Squats,29_Do_squats,Methodically,CARE,HAU/user2/2-2-2,"/Users/toheeb.ogunade/Workspace/cuchx-large/hf_data_manual/LMT_(IMU,Radar,Skeleton)/Training/HAU/user2/2-2-2",6.0,547.0,14053905.516,14053959.616,318.0,386.0,14053936.716,14053943.516,3,harn_anchored
user2|2|2,user2,2,2,3,Squats,29_Do_squats,Frantically,FAST,HAU/user2/2-2-3,"/Users/toheeb.ogunade/Workspace/cuchx-large/hf_data_manual/LMT_(IMU,Radar,Skeleton)/Training/HAU/user2/2-2-3",4.0,332.0,14054133.316,14054166.116,166.0,207.0,14054149.516,14054153.616,3,harn_anchored
user2|2|2,user2,2,2,1,Stretching,31_Do_stretching_exercises,Leisurely,SLOW,HAU/user2/2-2-1,"/Users/toheeb.ogunade/Workspace/cuchx-large/hf_data_manual/LMT_(IMU,Radar,Skeleton)/Training/HAU/user2/2-2-1",15.0,746.0,14053654.416,14053727.516,292.0,367.0,14053682.116,14053689.616,3,harn_anchored
user2|2|2,user2,2,2,2,Stretching,31_Do_stretching_exercises,Methodically,CARE,HAU/user2/2-2-2,"/Users/toheeb.ogunade/Workspace/cuchx-large/hf_data_manual/LMT_(IMU,Radar,Skeleton)/Training/HAU/user2/2-2-2",6.0,547.0,14053905.516,14053959.616,282.0,317.0,14053933.116,14053936.616,3,harn_anchored
user2|2|2,user2,2,2,3,Stretching,31_Do_stretching_exercises,Frantically,FAST,HAU/user2/2-2-3,"/Users/toheeb.ogunade/Workspace/cuchx-large/hf_data_manual/LMT_(IMU,Radar,Skeleton)/Training/HAU/user2/2-2-3",4.0,332.0,14054133.316,14054166.116,150.0,164.0,14054147.916,14054149.316,3,harn_anchored
user2|2|2,user2,2,2,1,Massaging oneself,38_Massage_oneself,Leisurely,SLOW,HAU/user2/2-2-1,"/Users/toheeb.ogunade/Workspace/cuchx-large/hf_data_manual/LMT_(IMU,Radar,Skeleton)/Training/HAU/user2/2-2-1",15.0,746.0,14053654.416,14053727.516,611.0,661.0,14053714.016,14053719.016,3,harn_anchored
user2|2|2,user2,2,2,2,Massaging oneself,38_Massage_oneself,Methodically,CARE,HAU/user2/2-2-2,"/Users/toheeb.ogunade/Workspace/cuchx-large/hf_data_manual/LMT_(IMU,Radar,Skeleton)/Training/HAU/user2/2-2-2",6.0,547.0,14053905.516,14053959.616,463.0,499.0,14053951.216,14053954.816,3,harn_anchored
user2|2|2,user2,2,2,3,Massaging oneself,38_Massage_oneself,Frantically,FAST,HAU/user2/2-2-3,"/Users/toheeb.ogunade/Workspace/cuchx-large/hf_data_manual/LMT_(IMU,Radar,Skeleton)/Training/HAU/user2/2-2-3",4.0,332.0,14054133.316,14054166.116,244.0,312.0,14054157.316,14054164.116,3,harn_anchored
user2|2|2,user2,2,2,1,Checking body temperature,39_Take_body_temperature,Leisurely,SLOW,HAU/user2/2-2-1,"/Users/toheeb.ogunade/Workspace/cuchx-large/hf_data_manual/LMT_(IMU,Radar,Skeleton)/Training/HAU/user2/2-2-1",15.0,746.0,14053654.416,14053727.516,664.0,711.0,14053719.316,14053724.016,3,harn_anchored
user2|2|2,user2,2,2,2,Checking body temperature,39_Take_body_temperature,Methodically,CARE,HAU/user2/2-2-2,"/Users/toheeb.ogunade/Workspace/cuchx-large/hf_data_manual/LMT_(IMU,Radar,Skeleton)/Training/HAU/user2/2-2-2",6.0,547.0,14053905.516,14053959.616,501.0,546.0,14053955.016,14053959.516,3,harn_anchored
user2|2|2,user2,2,2,3,Checking body temperature,39_Take_body_temperature,Frantically,FAST,HAU/user2/2-2-3,"/Users/toheeb.ogunade/Workspace/cuchx-large/hf_data_manual/LMT_(IMU,Radar,Skeleton)/Training/HAU/user2/2-2-3",4.0,332.0,14054133.316,14054166.116,315.0,332.0,14054164.416,14054166.116,3,harn_anchored
user2|2|2,user2,2,2,1,Wiping hands,4_Wipe_hands,Leisurely,SLOW,HAU/user2/2-2-1,"/Users/toheeb.ogunade/Workspace/cuchx-large/hf_data_manual/LMT_(IMU,Radar,Skeleton)/Training/HAU/user2/2-2-1",15.0,746.0,14053654.416,14053727.516,571.0,604.0,14053710.016,14053713.316,3,harn_anchored
user2|2|2,user2,2,2,2,Wiping hands,4_Wipe_hands,Methodically,CARE,HAU/user2/2-2-2,"/Users/toheeb.ogunade/Workspace/cuchx-large/hf_data_manual/LMT_(IMU,Radar,Skeleton)/Training/HAU/user2/2-2-2",6.0,547.0,14053905.516,14053959.616,423.0,459.0,14053947.216,14053950.816,3,harn_anchored
user2|2|2,user2,2,2,3,Wiping hands,4_Wipe_hands,Frantically,FAST,HAU/user2/2-2-3,"/Users/toheeb.ogunade/Workspace/cuchx-large/hf_data_manual/LMT_(IMU,Radar,Skeleton)/Training/HAU/user2/2-2-3",4.0,332.0,14054133.316,14054166.116,232.0,239.0,14054156.116,14054156.816,3,harn_anchored
user2|2|2,user2,2,2,1,Drinking,6_Drink_water,Leisurely,SLOW,HAU/user2/2-2-1,"/Users/toheeb.ogunade/Workspace/cuchx-large/hf_data_manual/LMT_(IMU,Radar,Skeleton)/Training/HAU/user2/2-2-1",15.0,746.0,14053654.416,14053727.516,206.0,245.0,14053673.516,14053677.416,3,harn_anchored
user2|2|2,user2,2,2,2,Drinking,6_Drink_water,Methodically,CARE,HAU/user2/2-2-2,"/Users/toheeb.ogunade/Workspace/cuchx-large/hf_data_manual/LMT_(IMU,Radar,Skeleton)/Training/HAU/user2/2-2-2",6.0,547.0,14053905.516,14053959.616,215.0,238.0,14053926.416,14053928.716,3,harn_anchored
user2|2|2,user2,2,2,3,Drinking,6_Drink_water,Frantically,FAST,HAU/user2/2-2-3,"/Users/toheeb.ogunade/Workspace/cuchx-large/hf_data_manual/LMT_(IMU,Radar,Skeleton)/Training/HAU/user2/2-2-3",4.0,332.0,14054133.316,14054166.116,108.0,123.0,14054143.716,14054145.216,3,harn_anchored
user2|2|2,user2,2,2,1,Eating,7_Eat_food,Leisurely,SLOW,HAU/user2/2-2-1,"/Users/toheeb.ogunade/Workspace/cuchx-large/hf_data_manual/LMT_(IMU,Radar,Skeleton)/Training/HAU/user2/2-2-1",15.0,746.0,14053654.416,14053727.516,148.0,164.0,14053667.716,14053669.316,3,harn_anchored
user2|2|2,user2,2,2,2,Eating,7_Eat_food,Methodically,CARE,HAU/user2/2-2-2,"/Users/toheeb.ogunade/Workspace/cuchx-large/hf_data_manual/LMT_(IMU,Radar,Skeleton)/Training/HAU/user2/2-2-2",6.0,547.0,14053905.516,14053959.616,161.0,178.0,14053921.016,14053922.716,3,harn_anchored
user2|2|2,user2,2,2,3,Eating,7_Eat_food,Frantically,FAST,HAU/user2/2-2-3,"/Users/toheeb.ogunade/Workspace/cuchx-large/hf_data_manual/LMT_(IMU,Radar,Skeleton)/Training/HAU/user2/2-2-3",4.0,332.0,14054133.316,14054166.116,81.0,91.0,14054141.016,14054142.016,3,harn_anchored
user2|2|2,user2,2,2,1,Grabbing utensils,8_Take_and_use_tableware,Leisurely,SLOW,HAU/user2/2-2-1,"/Users/toheeb.ogunade/Workspace/cuchx-large/hf_data_manual/LMT_(IMU,Radar,Skeleton)/Training/HAU/user2/2-2-1",15.0,746.0,14053654.416,14053727.516,89.0,146.0,14053661.816,14053667.516,3,harn_anchored
user2|2|2,user2,2,2,2,Grabbing utensils,8_Take_and_use_tableware,Methodically,CARE,HAU/user2/2-2-2,"/Users/toheeb.ogunade/Workspace/cuchx-large/hf_data_manual/LMT_(IMU,Radar,Skeleton)/Training/HAU/user2/2-2-2",6.0,547.0,14053905.516,14053959.616,88.0,144.0,14053913.716,14053919.316,3,harn_anchored
user2|2|2,user2,2,2,3,Grabbing utensils,8_Take_and_use_tableware,Frantically,FAST,HAU/user2/2-2-3,"/Users/toheeb.ogunade/Workspace/cuchx-large/hf_data_manual/LMT_(IMU,Radar,Skeleton)/Training/HAU/user2/2-2-3",4.0,332.0,14054133.316,14054166.116,48.0,74.0,14054137.716,14054140.316,3,harn_anchored
user2|3|1,user2,3,1,2,Sweeping,12_Sweep_the_floor,Meticulously,CARE,HAU/user2/3-1-2,"/Users/toheeb.ogunade/Workspace/cuchx-large/hf_data_manual/LMT_(IMU,Radar,Skeleton)/Training/HAU/user2/3-1-2",18.0,235.0,14145311.716,14145333.416,54.0,143.0,14145315.316,14145324.216,2,harn_anchored
user2|3|1,user2,3,1,3,Sweeping,12_Sweep_the_floor,Eagerly,FAST,HAU/user2/3-1-3,"/Users/toheeb.ogunade/Workspace/cuchx-large/hf_data_manual/LMT_(IMU,Radar,Skeleton)/Training/HAU/user2/3-1-3",17.0,149.0,14145380.616,14145393.816,34.0,87.0,14145382.316,14145387.616,2,harn_anchored
user2|3|1,user2,3,1,2,Mopping,13_Mop_the_floor,Meticulously,CARE,HAU/user2/3-1-2,"/Users/toheeb.ogunade/Workspace/cuchx-large/hf_data_manual/LMT_(IMU,Radar,Skeleton)/Training/HAU/user2/3-1-2",18.0,235.0,14145311.716,14145333.416,220.0,235.0,14145331.916,14145333.416,2,harn_anchored
user2|3|1,user2,3,1,3,Mopping,13_Mop_the_floor,Eagerly,FAST,HAU/user2/3-1-3,"/Users/toheeb.ogunade/Workspace/cuchx-large/hf_data_manual/LMT_(IMU,Radar,Skeleton)/Training/HAU/user2/3-1-3",17.0,149.0,14145380.616,14145393.816,129.0,148.0,14145391.816,14145393.716,2,harn_anchored
user2|3|2,user2,3,2,2,Reading,21_Read_documents,Seriously,CARE,HAU/user2/3-2-2,"/Users/toheeb.ogunade/Workspace/cuchx-large/hf_data_manual/LMT_(IMU,Radar,Skeleton)/Training/HAU/user2/3-2-2",14.0,189.0,14054764.316,14054781.816,117.0,123.0,14054774.616,14054775.216,2,harn_anchored
user2|3|2,user2,3,2,3,Reading,21_Read_documents,Nervously,NERV,HAU/user2/3-2-3,"/Users/toheeb.ogunade/Workspace/cuchx-large/hf_data_manual/LMT_(IMU,Radar,Skeleton)/Training/HAU/user2/3-2-3",7.0,134.0,14055319.616,14055332.316,96.0,110.0,14055328.516,14055329.916,2,harn_anchored
user2|3|2,user2,3,2,2,Turning a page,22_Turn_pages,Seriously,CARE,HAU/user2/3-2-2,"/Users/toheeb.ogunade/Workspace/cuchx-large/hf_data_manual/LMT_(IMU,Radar,Skeleton)/Training/HAU/user2/3-2-2",14.0,189.0,14054764.316,14054781.816,130.0,151.0,14054775.916,14054778.016,2,harn_anchored
user2|3|2,user2,3,2,3,Turning a page,22_Turn_pages,Nervously,NERV,HAU/user2/3-2-3,"/Users/toheeb.ogunade/Workspace/cuchx-large/hf_data_manual/LMT_(IMU,Radar,Skeleton)/Training/HAU/user2/3-2-3",7.0,134.0,14055319.616,14055332.316,98.0,134.0,14055328.716,14055332.316,2,harn_anchored
user2|3|2,user2,3,2,2,Walking,36_Walk,Seriously,CARE,HAU/user2/3-2-2,"/Users/toheeb.ogunade/Workspace/cuchx-large/hf_data_manual/LMT_(IMU,Radar,Skeleton)/Training/HAU/user2/3-2-2",14.0,189.0,14054764.316,14054781.816,14.0,78.0,14054764.316,14054770.716,2,harn_anchored
user2|3|2,user2,3,2,3,Walking,36_Walk,Nervously,NERV,HAU/user2/3-2-3,"/Users/toheeb.ogunade/Workspace/cuchx-large/hf_data_manual/LMT_(IMU,Radar,Skeleton)/Training/HAU/user2/3-2-3",7.0,134.0,14055319.616,14055332.316,9.0,57.0,14055319.816,14055324.616,2,harn_anchored
user2|4|1,user2,4,1,1,Calling,19_Make_a_phone_call,Leisurely,SLOW,HAU/user2/4-1-1,"/Users/toheeb.ogunade/Workspace/cuchx-large/hf_data_manual/LMT_(IMU,Radar,Skeleton)/Training/HAU/user2/4-1-1",13.0,325.0,14055852.216,14055883.416,49.0,79.0,14055855.816,14055858.816,3,harn_anchored
user2|4|1,user2,4,1,2,Calling,19_Make_a_phone_call,Calmly,SLOW,HAU/user2/4-1-2,"/Users/toheeb.ogunade/Workspace/cuchx-large/hf_data_manual/LMT_(IMU,Radar,Skeleton)/Training/HAU/user2/4-1-2",10.0,294.0,14056107.916,14056136.316,45.0,63.0,14056111.416,14056113.216,3,harn_anchored
user2|4|1,user2,4,1,3,Calling,19_Make_a_phone_call,Impatiently,FAST,HAU/user2/4-1-3,"/Users/toheeb.ogunade/Workspace/cuchx-large/hf_data_manual/LMT_(IMU,Radar,Skeleton)/Training/HAU/user2/4-1-3",21.0,237.0,14056274.016,14056295.616,55.0,69.0,14056277.416,14056278.816,3,harn_anchored
user2|4|1,user2,4,1,1,Standing up,32_Stand_up,Leisurely,SLOW,HAU/user2/4-1-1,"/Users/toheeb.ogunade/Workspace/cuchx-large/hf_data_manual/LMT_(IMU,Radar,Skeleton)/Training/HAU/user2/4-1-1",13.0,325.0,14055852.216,14055883.416,174.0,186.0,14055868.316,14055869.516,3,harn_anchored
user2|4|1,user2,4,1,2,Standing up,32_Stand_up,Calmly,SLOW,HAU/user2/4-1-2,"/Users/toheeb.ogunade/Workspace/cuchx-large/hf_data_manual/LMT_(IMU,Radar,Skeleton)/Training/HAU/user2/4-1-2",10.0,294.0,14056107.916,14056136.316,134.0,146.0,14056120.316,14056121.516,3,harn_anchored
user2|4|1,user2,4,1,3,Standing up,32_Stand_up,Impatiently,FAST,HAU/user2/4-1-3,"/Users/toheeb.ogunade/Workspace/cuchx-large/hf_data_manual/LMT_(IMU,Radar,Skeleton)/Training/HAU/user2/4-1-3",21.0,237.0,14056274.016,14056295.616,114.0,125.0,14056283.316,14056284.416,3,harn_anchored
user2|4|1,user2,4,1,1,Walking,36_Walk,Leisurely,SLOW,HAU/user2/4-1-1,"/Users/toheeb.ogunade/Workspace/cuchx-large/hf_data_manual/LMT_(IMU,Radar,Skeleton)/Training/HAU/user2/4-1-1",13.0,325.0,14055852.216,14055883.416,297.0,325.0,14055880.616,14055883.416,3,harn_anchored
user2|4|1,user2,4,1,2,Walking,36_Walk,Calmly,SLOW,HAU/user2/4-1-2,"/Users/toheeb.ogunade/Workspace/cuchx-large/hf_data_manual/LMT_(IMU,Radar,Skeleton)/Training/HAU/user2/4-1-2",10.0,294.0,14056107.916,14056136.316,260.0,292.0,14056132.916,14056136.116,3,harn_anchored
user2|4|1,user2,4,1,3,Walking,36_Walk,Impatiently,FAST,HAU/user2/4-1-3,"/Users/toheeb.ogunade/Workspace/cuchx-large/hf_data_manual/LMT_(IMU,Radar,Skeleton)/Training/HAU/user2/4-1-3",21.0,237.0,14056274.016,14056295.616,205.0,235.0,14056292.416,14056295.416,3,harn_anchored
user2|4|1,user2,4,1,2,Writing,18_Write,Calmly,SLOW,HAU/user2/4-1-2,"/Users/toheeb.ogunade/Workspace/cuchx-large/hf_data_manual/LMT_(IMU,Radar,Skeleton)/Training/HAU/user2/4-1-2",10.0,294.0,14056107.916,14056136.316,184.0,226.0,14056125.316,14056129.516,2,harn_anchored
user2|4|1,user2,4,1,3,Writing,18_Write,Impatiently,FAST,HAU/user2/4-1-3,"/Users/toheeb.ogunade/Workspace/cuchx-large/hf_data_manual/LMT_(IMU,Radar,Skeleton)/Training/HAU/user2/4-1-3",21.0,237.0,14056274.016,14056295.616,167.0,184.0,14056288.616,14056290.316,2,harn_anchored
user2|4|2,user2,4,2,1,Drinking,6_Drink_water,Gracefully,NEUT,HAU/user2/4-2-1,"/Users/toheeb.ogunade/Workspace/cuchx-large/hf_data_manual/LMT_(IMU,Radar,Skeleton)/Training/HAU/user2/4-2-1",26.0,174.0,14148308.516,14148323.316,157.0,170.0,14148321.616,14148322.916,3,harn_anchored
user2|4|2,user2,4,2,2,Drinking,6_Drink_water,Neatly,CARE,HAU/user2/4-2-2,"/Users/toheeb.ogunade/Workspace/cuchx-large/hf_data_manual/LMT_(IMU,Radar,Skeleton)/Training/HAU/user2/4-2-2",26.0,202.0,14148391.516,14148409.116,188.0,196.0,14148407.716,14148408.516,3,harn_anchored
user2|4|2,user2,4,2,3,Drinking,6_Drink_water,Hurriedly,FAST,HAU/user2/4-2-3,"/Users/toheeb.ogunade/Workspace/cuchx-large/hf_data_manual/LMT_(IMU,Radar,Skeleton)/Training/HAU/user2/4-2-3",22.0,127.0,14148455.116,14148465.616,118.0,127.0,14148464.716,14148465.616,3,harn_anchored
user2|4|2,user2,4,2,1,Eating,7_Eat_food,Gracefully,NEUT,HAU/user2/4-2-1,"/Users/toheeb.ogunade/Workspace/cuchx-large/hf_data_manual/LMT_(IMU,Radar,Skeleton)/Training/HAU/user2/4-2-1",26.0,174.0,14148308.516,14148323.316,124.0,132.0,14148318.316,14148319.116,3,harn_anchored
user2|4|2,user2,4,2,2,Eating,7_Eat_food,Neatly,CARE,HAU/user2/4-2-2,"/Users/toheeb.ogunade/Workspace/cuchx-large/hf_data_manual/LMT_(IMU,Radar,Skeleton)/Training/HAU/user2/4-2-2",26.0,202.0,14148391.516,14148409.116,144.0,155.0,14148403.316,14148404.416,3,harn_anchored
user2|4|2,user2,4,2,3,Eating,7_Eat_food,Hurriedly,FAST,HAU/user2/4-2-3,"/Users/toheeb.ogunade/Workspace/cuchx-large/hf_data_manual/LMT_(IMU,Radar,Skeleton)/Training/HAU/user2/4-2-3",22.0,127.0,14148455.116,14148465.616,106.0,109.0,14148463.516,14148463.816,3,harn_anchored
user2|4|2,user2,4,2,1,Grabbing utensils,8_Take_and_use_tableware,Gracefully,NEUT,HAU/user2/4-2-1,"/Users/toheeb.ogunade/Workspace/cuchx-large/hf_data_manual/LMT_(IMU,Radar,Skeleton)/Training/HAU/user2/4-2-1",26.0,174.0,14148308.516,14148323.316,38.0,115.0,14148309.716,14148317.416,3,harn_anchored
user2|4|2,user2,4,2,2,Grabbing utensils,8_Take_and_use_tableware,Neatly,CARE,HAU/user2/4-2-2,"/Users/toheeb.ogunade/Workspace/cuchx-large/hf_data_manual/LMT_(IMU,Radar,Skeleton)/Training/HAU/user2/4-2-2",26.0,202.0,14148391.516,14148409.116,50.0,129.0,14148393.916,14148401.816,3,harn_anchored
user2|4|2,user2,4,2,3,Grabbing utensils,8_Take_and_use_tableware,Hurriedly,FAST,HAU/user2/4-2-3,"/Users/toheeb.ogunade/Workspace/cuchx-large/hf_data_manual/LMT_(IMU,Radar,Skeleton)/Training/HAU/user2/4-2-3",22.0,127.0,14148455.116,14148465.616,39.0,91.0,14148456.816,14148462.016,3,harn_anchored
user2|4|3,user2,4,3,1,Writing,18_Write,Contently,SLOW,HAU/user2/4-3-1,"/Users/toheeb.ogunade/Workspace/cuchx-large/hf_data_manual/LMT_(IMU,Radar,Skeleton)/Training/HAU/user2/4-3-1",6.0,141.0,14056451.516,14056465.016,115.0,141.0,14056462.416,14056465.016,3,harn_anchored
user2|4|3,user2,4,3,2,Writing,18_Write,Intently,CARE,HAU/user2/4-3-2,"/Users/toheeb.ogunade/Workspace/cuchx-large/hf_data_manual/LMT_(IMU,Radar,Skeleton)/Training/HAU/user2/4-3-2",3.0,159.0,14056572.216,14056587.816,126.0,158.0,14056584.516,14056587.716,3,harn_anchored
user2|4|3,user2,4,3,3,Writing,18_Write,Restlessly,NERV,HAU/user2/4-3-3,"/Users/toheeb.ogunade/Workspace/cuchx-large/hf_data_manual/LMT_(IMU,Radar,Skeleton)/Training/HAU/user2/4-3-3",9.0,136.0,14056692.816,14056705.516,109.0,135.0,14056702.816,14056705.416,3,harn_anchored
user2|4|3,user2,4,3,1,Sitting down,34_Sit_down,Contently,SLOW,HAU/user2/4-3-1,"/Users/toheeb.ogunade/Workspace/cuchx-large/hf_data_manual/LMT_(IMU,Radar,Skeleton)/Training/HAU/user2/4-3-1",6.0,141.0,14056451.516,14056465.016,79.0,90.0,14056458.816,14056459.916,3,harn_anchored
user2|4|3,user2,4,3,2,Sitting down,34_Sit_down,Intently,CARE,HAU/user2/4-3-2,"/Users/toheeb.ogunade/Workspace/cuchx-large/hf_data_manual/LMT_(IMU,Radar,Skeleton)/Training/HAU/user2/4-3-2",3.0,159.0,14056572.216,14056587.816,84.0,101.0,14056580.316,14056582.016,3,harn_anchored
user2|4|3,user2,4,3,3,Sitting down,34_Sit_down,Restlessly,NERV,HAU/user2/4-3-3,"/Users/toheeb.ogunade/Workspace/cuchx-large/hf_data_manual/LMT_(IMU,Radar,Skeleton)/Training/HAU/user2/4-3-3",9.0,136.0,14056692.816,14056705.516,65.0,74.0,14056698.416,14056699.316,3,harn_anchored
user2|4|3,user2,4,3,1,Walking,36_Walk,Contently,SLOW,HAU/user2/4-3-1,"/Users/toheeb.ogunade/Workspace/cuchx-large/hf_data_manual/LMT_(IMU,Radar,Skeleton)/Training/HAU/user2/4-3-1",6.0,141.0,14056451.516,14056465.016,45.0,80.0,14056455.416,14056458.916,3,harn_anchored
user2|4|3,user2,4,3,2,Walking,36_Walk,Intently,CARE,HAU/user2/4-3-2,"/Users/toheeb.ogunade/Workspace/cuchx-large/hf_data_manual/LMT_(IMU,Radar,Skeleton)/Training/HAU/user2/4-3-2",3.0,159.0,14056572.216,14056587.816,36.0,80.0,14056575.516,14056579.916,3,harn_anchored
user2|4|3,user2,4,3,3,Walking,36_Walk,Restlessly,NERV,HAU/user2/4-3-3,"/Users/toheeb.ogunade/Workspace/cuchx-large/hf_data_manual/LMT_(IMU,Radar,Skeleton)/Training/HAU/user2/4-3-3",9.0,136.0,14056692.816,14056705.516,30.0,64.0,14056694.916,14056698.316,3,harn_anchored
user2|5|1,user2,5,1,1,Running,28_Jog_in_place,Smoothly,NEUT,HAU/user2/5-1-1,"/Users/toheeb.ogunade/Workspace/cuchx-large/hf_data_manual/LMT_(IMU,Radar,Skeleton)/Training/HAU/user2/5-1-1",21.0,293.0,14056937.016,14056964.216,47.0,143.0,14056939.616,14056949.216,3,harn_anchored
user2|5|1,user2,5,1,2,Running,28_Jog_in_place,Steadily,NEUT,HAU/user2/5-1-2,"/Users/toheeb.ogunade/Workspace/cuchx-large/hf_data_manual/LMT_(IMU,Radar,Skeleton)/Training/HAU/user2/5-1-2",22.0,236.0,14057111.116,14057132.516,49.0,133.0,14057113.816,14057122.216,3,harn_anchored
user2|5|1,user2,5,1,3,Running,28_Jog_in_place,Anxiously,NERV,HAU/user2/5-1-3,"/Users/toheeb.ogunade/Workspace/cuchx-large/hf_data_manual/LMT_(IMU,Radar,Skeleton)/Training/HAU/user2/5-1-3",8.0,196.0,14057238.716,14057257.516,31.0,106.0,14057241.016,14057248.516,3,harn_anchored
user2|5|1,user2,5,1,1,Squats,29_Do_squats,Smoothly,NEUT,HAU/user2/5-1-1,"/Users/toheeb.ogunade/Workspace/cuchx-large/hf_data_manual/LMT_(IMU,Radar,Skeleton)/Training/HAU/user2/5-1-1",21.0,293.0,14056937.016,14056964.216,154.0,230.0,14056950.316,14056957.916,3,harn_anchored
user2|5|1,user2,5,1,2,Squats,29_Do_squats,Steadily,NEUT,HAU/user2/5-1-2,"/Users/toheeb.ogunade/Workspace/cuchx-large/hf_data_manual/LMT_(IMU,Radar,Skeleton)/Training/HAU/user2/5-1-2",22.0,236.0,14057111.116,14057132.516,137.0,198.0,14057122.616,14057128.716,3,harn_anchored
user2|5|1,user2,5,1,3,Squats,29_Do_squats,Anxiously,NERV,HAU/user2/5-1-3,"/Users/toheeb.ogunade/Workspace/cuchx-large/hf_data_manual/LMT_(IMU,Radar,Skeleton)/Training/HAU/user2/5-1-3",8.0,196.0,14057238.716,14057257.516,107.0,145.0,14057248.616,14057252.416,3,harn_anchored
user2|5|1,user2,5,1,1,Jumping jacks,30_Do_jumping_jacks,Smoothly,NEUT,HAU/user2/5-1-1,"/Users/toheeb.ogunade/Workspace/cuchx-large/hf_data_manual/LMT_(IMU,Radar,Skeleton)/Training/HAU/user2/5-1-1",21.0,293.0,14056937.016,14056964.216,233.0,293.0,14056958.216,14056964.216,3,harn_anchored
user2|5|1,user2,5,1,2,Jumping jacks,30_Do_jumping_jacks,Steadily,NEUT,HAU/user2/5-1-2,"/Users/toheeb.ogunade/Workspace/cuchx-large/hf_data_manual/LMT_(IMU,Radar,Skeleton)/Training/HAU/user2/5-1-2",22.0,236.0,14057111.116,14057132.516,201.0,236.0,14057129.016,14057132.516,3,harn_anchored
user2|5|1,user2,5,1,3,Jumping jacks,30_Do_jumping_jacks,Anxiously,NERV,HAU/user2/5-1-3,"/Users/toheeb.ogunade/Workspace/cuchx-large/hf_data_manual/LMT_(IMU,Radar,Skeleton)/Training/HAU/user2/5-1-3",8.0,196.0,14057238.716,14057257.516,151.0,196.0,14057253.016,14057257.516,3,harn_anchored
user2|5|2,user2,5,2,1,Peeling fruit,11_Peel_fruits,Carefully,CARE,HAU/user2/5-2-1,"/Users/toheeb.ogunade/Workspace/cuchx-large/hf_data_manual/LMT_(IMU,Radar,Skeleton)/Training/HAU/user2/5-2-1",28.0,197.0,14148646.716,14148663.616,80.0,182.0,14148651.916,14148662.116,3,harn_anchored
user2|5|2,user2,5,2,2,Peeling fruit,11_Peel_fruits,Quickly,FAST,HAU/user2/5-2-2,"/Users/toheeb.ogunade/Workspace/cuchx-large/hf_data_manual/LMT_(IMU,Radar,Skeleton)/Training/HAU/user2/5-2-2",20.0,117.0,14148751.916,14148761.616,62.0,94.0,14148756.116,14148759.316,3,harn_anchored
user2|5|2,user2,5,2,3,Peeling fruit,11_Peel_fruits,Hurriedly,FAST,HAU/user2/5-2-3,"/Users/toheeb.ogunade/Workspace/cuchx-large/hf_data_manual/LMT_(IMU,Radar,Skeleton)/Training/HAU/user2/5-2-3",18.0,78.0,14148843.716,14148849.716,45.0,62.0,14148846.416,14148848.116,3,harn_anchored
user2|5|2,user2,5,2,1,Walking,36_Walk,Carefully,CARE,HAU/user2/5-2-1,"/Users/toheeb.ogunade/Workspace/cuchx-large/hf_data_manual/LMT_(IMU,Radar,Skeleton)/Training/HAU/user2/5-2-1",28.0,197.0,14148646.716,14148663.616,28.0,65.0,14148646.716,14148650.416,3,harn_anchored
user2|5|2,user2,5,2,2,Walking,36_Walk,Quickly,FAST,HAU/user2/5-2-2,"/Users/toheeb.ogunade/Workspace/cuchx-large/hf_data_manual/LMT_(IMU,Radar,Skeleton)/Training/HAU/user2/5-2-2",20.0,117.0,14148751.916,14148761.616,22.0,53.0,14148752.116,14148755.216,3,harn_anchored
user2|5|2,user2,5,2,3,Walking,36_Walk,Hurriedly,FAST,HAU/user2/5-2-3,"/Users/toheeb.ogunade/Workspace/cuchx-large/hf_data_manual/LMT_(IMU,Radar,Skeleton)/Training/HAU/user2/5-2-3",18.0,78.0,14148843.716,14148849.716,19.0,41.0,14148843.816,14148846.016,3,harn_anchored
user2|6|1,user2,6,1,1,Stirring,10_Stir_drinks,Gently,SLOW,HAU/user2/6-1-1,"/Users/toheeb.ogunade/Workspace/cuchx-large/hf_data_manual/LMT_(IMU,Radar,Skeleton)/Training/HAU/user2/6-1-1",14.0,463.0,14057747.316,14057792.216,172.0,216.0,14057763.116,14057767.516,2,harn_anchored
user2|6|1,user2,6,1,2,Stirring,10_Stir_drinks,Quickly,FAST,HAU/user2/6-1-2,"/Users/toheeb.ogunade/Workspace/cuchx-large/hf_data_manual/LMT_(IMU,Radar,Skeleton)/Training/HAU/user2/6-1-2",22.0,287.0,14057916.116,14057942.616,118.0,131.0,14057925.716,14057927.016,2,harn_anchored
user2|6|1,user2,6,1,1,Using a phone,24_Use_a_mobile_phone,Gently,SLOW,HAU/user2/6-1-1,"/Users/toheeb.ogunade/Workspace/cuchx-large/hf_data_manual/LMT_(IMU,Radar,Skeleton)/Training/HAU/user2/6-1-1",14.0,463.0,14057747.316,14057792.216,298.0,338.0,14057775.716,14057779.716,2,harn_anchored
user2|6|1,user2,6,1,2,Using a phone,24_Use_a_mobile_phone,Quickly,FAST,HAU/user2/6-1-2,"/Users/toheeb.ogunade/Workspace/cuchx-large/hf_data_manual/LMT_(IMU,Radar,Skeleton)/Training/HAU/user2/6-1-2",22.0,287.0,14057916.116,14057942.616,188.0,198.0,14057932.716,14057933.716,2,harn_anchored
user2|6|1,user2,6,1,1,Running,28_Jog_in_place,Gently,SLOW,HAU/user2/6-1-1,"/Users/toheeb.ogunade/Workspace/cuchx-large/hf_data_manual/LMT_(IMU,Radar,Skeleton)/Training/HAU/user2/6-1-1",14.0,463.0,14057747.316,14057792.216,54.0,95.0,14057751.316,14057755.416,2,harn_anchored
user2|6|1,user2,6,1,2,Running,28_Jog_in_place,Quickly,FAST,HAU/user2/6-1-2,"/Users/toheeb.ogunade/Workspace/cuchx-large/hf_data_manual/LMT_(IMU,Radar,Skeleton)/Training/HAU/user2/6-1-2",22.0,287.0,14057916.116,14057942.616,36.0,78.0,14057917.516,14057921.716,2,harn_anchored
user2|6|1,user2,6,1,1,Jumping jacks,30_Do_jumping_jacks,Gently,SLOW,HAU/user2/6-1-1,"/Users/toheeb.ogunade/Workspace/cuchx-large/hf_data_manual/LMT_(IMU,Radar,Skeleton)/Training/HAU/user2/6-1-1",14.0,463.0,14057747.316,14057792.216,380.0,434.0,14057783.916,14057789.316,2,harn_anchored
user2|6|1,user2,6,1,2,Jumping jacks,30_Do_jumping_jacks,Quickly,FAST,HAU/user2/6-1-2,"/Users/toheeb.ogunade/Workspace/cuchx-large/hf_data_manual/LMT_(IMU,Radar,Skeleton)/Training/HAU/user2/6-1-2",22.0,287.0,14057916.116,14057942.616,225.0,269.0,14057936.416,14057940.816,2,harn_anchored
user2|6|1,user2,6,1,1,Stretching,31_Do_stretching_exercises,Gently,SLOW,HAU/user2/6-1-1,"/Users/toheeb.ogunade/Workspace/cuchx-large/hf_data_manual/LMT_(IMU,Radar,Skeleton)/Training/HAU/user2/6-1-1",14.0,463.0,14057747.316,14057792.216,435.0,463.0,14057789.416,14057792.216,2,harn_anchored
user2|6|1,user2,6,1,2,Stretching,31_Do_stretching_exercises,Quickly,FAST,HAU/user2/6-1-2,"/Users/toheeb.ogunade/Workspace/cuchx-large/hf_data_manual/LMT_(IMU,Radar,Skeleton)/Training/HAU/user2/6-1-2",22.0,287.0,14057916.116,14057942.616,269.0,287.0,14057940.816,14057942.616,2,harn_anchored
user2|6|1,user2,6,1,1,Sitting down,34_Sit_down,Gently,SLOW,HAU/user2/6-1-1,"/Users/toheeb.ogunade/Workspace/cuchx-large/hf_data_manual/LMT_(IMU,Radar,Skeleton)/Training/HAU/user2/6-1-1",14.0,463.0,14057747.316,14057792.216,248.0,263.0,14057770.716,14057772.216,2,harn_anchored
user2|6|1,user2,6,1,2,Sitting down,34_Sit_down,Quickly,FAST,HAU/user2/6-1-2,"/Users/toheeb.ogunade/Workspace/cuchx-large/hf_data_manual/LMT_(IMU,Radar,Skeleton)/Training/HAU/user2/6-1-2",22.0,287.0,14057916.116,14057942.616,153.0,160.0,14057929.216,14057929.916,2,harn_anchored
user2|6|1,user2,6,1,1,Walking,36_Walk,Gently,SLOW,HAU/user2/6-1-1,"/Users/toheeb.ogunade/Workspace/cuchx-large/hf_data_manual/LMT_(IMU,Radar,Skeleton)/Training/HAU/user2/6-1-1",14.0,463.0,14057747.316,14057792.216,351.0,370.0,14057781.016,14057782.916,2,harn_anchored
user2|6|1,user2,6,1,2,Walking,36_Walk,Quickly,FAST,HAU/user2/6-1-2,"/Users/toheeb.ogunade/Workspace/cuchx-large/hf_data_manual/LMT_(IMU,Radar,Skeleton)/Training/HAU/user2/6-1-2",22.0,287.0,14057916.116,14057942.616,210.0,220.0,14057934.916,14057935.916,2,harn_anchored
user2|7|1,user2,7,1,1,Sitting down,34_Sit_down,Slowly,SLOW,HAU/user2/7-1-1,"/Users/toheeb.ogunade/Workspace/cuchx-large/hf_data_manual/LMT_(IMU,Radar,Skeleton)/Training/HAU/user2/7-1-1",9.0,168.0,14058787.816,14058803.716,18.0,41.0,14058788.716,14058791.016,3,harn_anchored
user2|7|1,user2,7,1,2,Sitting down,34_Sit_down,Calmly,SLOW,HAU/user2/7-1-2,"/Users/toheeb.ogunade/Workspace/cuchx-large/hf_data_manual/LMT_(IMU,Radar,Skeleton)/Training/HAU/user2/7-1-2",13.0,156.0,14058889.216,14058903.516,20.0,35.0,14058889.916,14058891.416,3,harn_anchored
user2|7|1,user2,7,1,3,Sitting down,34_Sit_down,Hurriedly,FAST,HAU/user2/7-1-3,"/Users/toheeb.ogunade/Workspace/cuchx-large/hf_data_manual/LMT_(IMU,Radar,Skeleton)/Training/HAU/user2/7-1-3",11.0,128.0,14059051.016,14059062.716,16.0,29.0,14059051.516,14059052.816,3,harn_anchored
user2|7|1,user2,7,1,1,Taking medicine,37_Take_medicine,Slowly,SLOW,HAU/user2/7-1-1,"/Users/toheeb.ogunade/Workspace/cuchx-large/hf_data_manual/LMT_(IMU,Radar,Skeleton)/Training/HAU/user2/7-1-1",9.0,168.0,14058787.816,14058803.716,118.0,161.0,14058798.716,14058803.016,3,harn_anchored
user2|7|1,user2,7,1,2,Taking medicine,37_Take_medicine,Calmly,SLOW,HAU/user2/7-1-2,"/Users/toheeb.ogunade/Workspace/cuchx-large/hf_data_manual/LMT_(IMU,Radar,Skeleton)/Training/HAU/user2/7-1-2",13.0,156.0,14058889.216,14058903.516,107.0,135.0,14058898.616,14058901.416,3,harn_anchored
user2|7|1,user2,7,1,3,Taking medicine,37_Take_medicine,Hurriedly,FAST,HAU/user2/7-1-3,"/Users/toheeb.ogunade/Workspace/cuchx-large/hf_data_manual/LMT_(IMU,Radar,Skeleton)/Training/HAU/user2/7-1-3",11.0,128.0,14059051.016,14059062.716,90.0,118.0,14059058.916,14059061.716,3,harn_anchored
user2|7|2,user2,7,2,1,Peeling fruit,11_Peel_fruits,Gently,SLOW,HAU/user2/7-2-1,"/Users/toheeb.ogunade/Workspace/cuchx-large/hf_data_manual/LMT_(IMU,Radar,Skeleton)/Training/HAU/user2/7-2-1",20.0,138.0,14149085.916,14149097.716,73.0,122.0,14149091.216,14149096.116,3,harn_anchored
user2|7|2,user2,7,2,2,Peeling fruit,11_Peel_fruits,quickly,FAST,HAU/user2/7-2-2,"/Users/toheeb.ogunade/Workspace/cuchx-large/hf_data_manual/LMT_(IMU,Radar,Skeleton)/Training/HAU/user2/7-2-2",26.0,84.0,14149141.516,14149147.316,60.0,76.0,14149144.916,14149146.516,3,harn_anchored
user2|7|2,user2,7,2,3,Peeling fruit,11_Peel_fruits,Hurriedly,FAST,HAU/user2/7-2-3,"/Users/toheeb.ogunade/Workspace/cuchx-large/hf_data_manual/LMT_(IMU,Radar,Skeleton)/Training/HAU/user2/7-2-3",13.0,57.0,14149224.216,14149228.616,38.0,44.0,14149226.716,14149227.316,3,harn_anchored
user2|7|2,user2,7,2,1,Walking,36_Walk,Gently,SLOW,HAU/user2/7-2-1,"/Users/toheeb.ogunade/Workspace/cuchx-large/hf_data_manual/LMT_(IMU,Radar,Skeleton)/Training/HAU/user2/7-2-1",20.0,138.0,14149085.916,14149097.716,20.0,54.0,14149085.916,14149089.316,3,harn_anchored
user2|7|2,user2,7,2,2,Walking,36_Walk,quickly,FAST,HAU/user2/7-2-2,"/Users/toheeb.ogunade/Workspace/cuchx-large/hf_data_manual/LMT_(IMU,Radar,Skeleton)/Training/HAU/user2/7-2-2",26.0,84.0,14149141.516,14149147.316,26.0,49.0,14149141.516,14149143.816,3,harn_anchored
user2|7|2,user2,7,2,3,Walking,36_Walk,Hurriedly,FAST,HAU/user2/7-2-3,"/Users/toheeb.ogunade/Workspace/cuchx-large/hf_data_manual/LMT_(IMU,Radar,Skeleton)/Training/HAU/user2/7-2-3",13.0,57.0,14149224.216,14149228.616,16.0,31.0,14149224.516,14149226.016,3,harn_anchored
user2|7|2,user2,7,2,1,Eating,7_Eat_food,Gently,SLOW,HAU/user2/7-2-1,"/Users/toheeb.ogunade/Workspace/cuchx-large/hf_data_manual/LMT_(IMU,Radar,Skeleton)/Training/HAU/user2/7-2-1",20.0,138.0,14149085.916,14149097.716,124.0,138.0,14149096.316,14149097.716,3,harn_anchored
user2|7|2,user2,7,2,2,Eating,7_Eat_food,quickly,FAST,HAU/user2/7-2-2,"/Users/toheeb.ogunade/Workspace/cuchx-large/hf_data_manual/LMT_(IMU,Radar,Skeleton)/Training/HAU/user2/7-2-2",26.0,84.0,14149141.516,14149147.316,76.0,83.0,14149146.516,14149147.216,3,harn_anchored
user2|7|2,user2,7,2,3,Eating,7_Eat_food,Hurriedly,FAST,HAU/user2/7-2-3,"/Users/toheeb.ogunade/Workspace/cuchx-large/hf_data_manual/LMT_(IMU,Radar,Skeleton)/Training/HAU/user2/7-2-3",13.0,57.0,14149224.216,14149228.616,44.0,57.0,14149227.316,14149228.616,3,harn_anchored
user2|7|3,user2,7,3,1,Listening to the music with headphones,23_Listen_to_music_with_headphones,Slowly,SLOW,HAU/user2/7-3-1,"/Users/toheeb.ogunade/Workspace/cuchx-large/hf_data_manual/LMT_(IMU,Radar,Skeleton)/Training/HAU/user2/7-3-1",12.0,389.0,14059187.116,14059224.816,133.0,166.0,14059199.216,14059202.516,3,harn_anchored
user2|7|3,user2,7,3,2,Listening to the music with headphones,23_Listen_to_music_with_headphones,Quickly,FAST,HAU/user2/7-3-2,"/Users/toheeb.ogunade/Workspace/cuchx-large/hf_data_manual/LMT_(IMU,Radar,Skeleton)/Training/HAU/user2/7-3-2",13.0,270.0,14059444.216,14059469.916,82.0,116.0,14059451.116,14059454.516,3,harn_anchored
user2|7|3,user2,7,3,3,Listening to the music with headphones,23_Listen_to_music_with_headphones,Hurriedly,FAST,HAU/user2/7-3-3,"/Users/toheeb.ogunade/Workspace/cuchx-large/hf_data_manual/LMT_(IMU,Radar,Skeleton)/Training/HAU/user2/7-3-3",17.0,230.0,14059556.616,14059577.916,83.0,95.0,14059563.216,14059564.416,3,harn_anchored
user2|7|3,user2,7,3,1,Using a phone,24_Use_a_mobile_phone,Slowly,SLOW,HAU/user2/7-3-1,"/Users/toheeb.ogunade/Workspace/cuchx-large/hf_data_manual/LMT_(IMU,Radar,Skeleton)/Training/HAU/user2/7-3-1",12.0,389.0,14059187.116,14059224.816,101.0,121.0,14059196.016,14059198.016,3,harn_anchored
user2|7|3,user2,7,3,2,Using a phone,24_Use_a_mobile_phone,Quickly,FAST,HAU/user2/7-3-2,"/Users/toheeb.ogunade/Workspace/cuchx-large/hf_data_manual/LMT_(IMU,Radar,Skeleton)/Training/HAU/user2/7-3-2",13.0,270.0,14059444.216,14059469.916,116.0,127.0,14059454.516,14059455.616,3,harn_anchored
user2|7|3,user2,7,3,3,Using a phone,24_Use_a_mobile_phone,Hurriedly,FAST,HAU/user2/7-3-3,"/Users/toheeb.ogunade/Workspace/cuchx-large/hf_data_manual/LMT_(IMU,Radar,Skeleton)/Training/HAU/user2/7-3-3",17.0,230.0,14059556.616,14059577.916,59.0,74.0,14059560.816,14059562.316,3,harn_anchored
user2|7|3,user2,7,3,1,Stretching,31_Do_stretching_exercises,Slowly,SLOW,HAU/user2/7-3-1,"/Users/toheeb.ogunade/Workspace/cuchx-large/hf_data_manual/LMT_(IMU,Radar,Skeleton)/Training/HAU/user2/7-3-1",12.0,389.0,14059187.116,14059224.816,292.0,339.0,14059215.116,14059219.816,3,harn_anchored
user2|7|3,user2,7,3,2,Stretching,31_Do_stretching_exercises,Quickly,FAST,HAU/user2/7-3-2,"/Users/toheeb.ogunade/Workspace/cuchx-large/hf_data_manual/LMT_(IMU,Radar,Skeleton)/Training/HAU/user2/7-3-2",13.0,270.0,14059444.216,14059469.916,186.0,230.0,14059461.516,14059465.916,3,harn_anchored
user2|7|3,user2,7,3,3,Stretching,31_Do_stretching_exercises,Hurriedly,FAST,HAU/user2/7-3-3,"/Users/toheeb.ogunade/Workspace/cuchx-large/hf_data_manual/LMT_(IMU,Radar,Skeleton)/Training/HAU/user2/7-3-3",17.0,230.0,14059556.616,14059577.916,155.0,189.0,14059570.416,14059573.816,3,harn_anchored
user2|7|3,user2,7,3,1,Standing up,32_Stand_up,Slowly,SLOW,HAU/user2/7-3-1,"/Users/toheeb.ogunade/Workspace/cuchx-large/hf_data_manual/LMT_(IMU,Radar,Skeleton)/Training/HAU/user2/7-3-1",12.0,389.0,14059187.116,14059224.816,244.0,257.0,14059210.316,14059211.616,3,harn_anchored
user2|7|3,user2,7,3,2,Standing up,32_Stand_up,Quickly,FAST,HAU/user2/7-3-2,"/Users/toheeb.ogunade/Workspace/cuchx-large/hf_data_manual/LMT_(IMU,Radar,Skeleton)/Training/HAU/user2/7-3-2",13.0,270.0,14059444.216,14059469.916,160.0,165.0,14059458.916,14059459.416,3,harn_anchored
user2|7|3,user2,7,3,3,Standing up,32_Stand_up,Hurriedly,FAST,HAU/user2/7-3-3,"/Users/toheeb.ogunade/Workspace/cuchx-large/hf_data_manual/LMT_(IMU,Radar,Skeleton)/Training/HAU/user2/7-3-3",17.0,230.0,14059556.616,14059577.916,126.0,134.0,14059567.516,14059568.316,3,harn_anchored
user2|7|3,user2,7,3,1,Sitting down,34_Sit_down,Slowly,SLOW,HAU/user2/7-3-1,"/Users/toheeb.ogunade/Workspace/cuchx-large/hf_data_manual/LMT_(IMU,Radar,Skeleton)/Training/HAU/user2/7-3-1",12.0,389.0,14059187.116,14059224.816,76.0,89.0,14059193.516,14059194.816,3,harn_anchored
user2|7|3,user2,7,3,2,Sitting down,34_Sit_down,Quickly,FAST,HAU/user2/7-3-2,"/Users/toheeb.ogunade/Workspace/cuchx-large/hf_data_manual/LMT_(IMU,Radar,Skeleton)/Training/HAU/user2/7-3-2",13.0,270.0,14059444.216,14059469.916,50.0,57.0,14059447.916,14059448.616,3,harn_anchored
user2|7|3,user2,7,3,3,Sitting down,34_Sit_down,Hurriedly,FAST,HAU/user2/7-3-3,"/Users/toheeb.ogunade/Workspace/cuchx-large/hf_data_manual/LMT_(IMU,Radar,Skeleton)/Training/HAU/user2/7-3-3",17.0,230.0,14059556.616,14059577.916,53.0,59.0,14059560.216,14059560.816,3,harn_anchored
user2|7|3,user2,7,3,1,Walking,36_Walk,Slowly,SLOW,HAU/user2/7-3-1,"/Users/toheeb.ogunade/Workspace/cuchx-large/hf_data_manual/LMT_(IMU,Radar,Skeleton)/Training/HAU/user2/7-3-1",12.0,389.0,14059187.116,14059224.816,12.0,69.0,14059187.116,14059192.816,3,harn_anchored
user2|7|3,user2,7,3,2,Walking,36_Walk,Quickly,FAST,HAU/user2/7-3-2,"/Users/toheeb.ogunade/Workspace/cuchx-large/hf_data_manual/LMT_(IMU,Radar,Skeleton)/Training/HAU/user2/7-3-2",13.0,270.0,14059444.216,14059469.916,17.0,49.0,14059444.616,14059447.816,3,harn_anchored
user2|7|3,user2,7,3,3,Walking,36_Walk,Hurriedly,FAST,HAU/user2/7-3-3,"/Users/toheeb.ogunade/Workspace/cuchx-large/hf_data_manual/LMT_(IMU,Radar,Skeleton)/Training/HAU/user2/7-3-3",17.0,230.0,14059556.616,14059577.916,18.0,51.0,14059556.716,14059560.016,3,harn_anchored
user2|7|3,user2,7,3,1,Massaging oneself,38_Massage_oneself,Slowly,SLOW,HAU/user2/7-3-1,"/Users/toheeb.ogunade/Workspace/cuchx-large/hf_data_manual/LMT_(IMU,Radar,Skeleton)/Training/HAU/user2/7-3-1",12.0,389.0,14059187.116,14059224.816,166.0,237.0,14059202.516,14059209.616,3,harn_anchored
user2|7|3,user2,7,3,2,Massaging oneself,38_Massage_oneself,Quickly,FAST,HAU/user2/7-3-2,"/Users/toheeb.ogunade/Workspace/cuchx-large/hf_data_manual/LMT_(IMU,Radar,Skeleton)/Training/HAU/user2/7-3-2",13.0,270.0,14059444.216,14059469.916,133.0,161.0,14059456.216,14059459.016,3,harn_anchored
user2|7|3,user2,7,3,3,Massaging oneself,38_Massage_oneself,Hurriedly,FAST,HAU/user2/7-3-3,"/Users/toheeb.ogunade/Workspace/cuchx-large/hf_data_manual/LMT_(IMU,Radar,Skeleton)/Training/HAU/user2/7-3-3",17.0,230.0,14059556.616,14059577.916,96.0,126.0,14059564.516,14059567.516,3,harn_anchored
user20|1|1,user20,1,1,1,Checking the time,20_Check_the_time,Slowly,SLOW,HAU/user20/1-1-1,"/Users/toheeb.ogunade/Workspace/cuchx-large/hf_data_manual/LMT_(IMU,Radar,Skeleton)/Training/HAU/user20/1-1-1",20.0,123.0,17056148.916,17056159.216,92.0,123.0,17056156.116,17056159.216,3,harn_anchored
user20|1|1,user20,1,1,2,Checking the time,20_Check_the_time,Urgently,FAST,HAU/user20/1-1-2,"/Users/toheeb.ogunade/Workspace/cuchx-large/hf_data_manual/LMT_(IMU,Radar,Skeleton)/Training/HAU/user20/1-1-2",13.0,74.0,17056390.216,17056396.316,53.0,70.0,17056394.216,17056395.916,3,harn_anchored
user20|1|1,user20,1,1,3,Checking the time,20_Check_the_time,Calmly,SLOW,HAU/user20/1-1-3,"/Users/toheeb.ogunade/Workspace/cuchx-large/hf_data_manual/LMT_(IMU,Radar,Skeleton)/Training/HAU/user20/1-1-3",20.0,103.0,17057099.916,17057108.216,76.0,101.0,17057105.516,17057108.016,3,harn_anchored
user20|1|1,user20,1,1,1,Combing hair,2_Comb_hair,Slowly,SLOW,HAU/user20/1-1-1,"/Users/toheeb.ogunade/Workspace/cuchx-large/hf_data_manual/LMT_(IMU,Radar,Skeleton)/Training/HAU/user20/1-1-1",20.0,123.0,17056148.916,17056159.216,49.0,73.0,17056151.816,17056154.216,3,harn_anchored
user20|1|1,user20,1,1,2,Combing hair,2_Comb_hair,Urgently,FAST,HAU/user20/1-1-2,"/Users/toheeb.ogunade/Workspace/cuchx-large/hf_data_manual/LMT_(IMU,Radar,Skeleton)/Training/HAU/user20/1-1-2",13.0,74.0,17056390.216,17056396.316,27.0,46.0,17056391.616,17056393.516,3,harn_anchored
user20|1|1,user20,1,1,3,Combing hair,2_Comb_hair,Calmly,SLOW,HAU/user20/1-1-3,"/Users/toheeb.ogunade/Workspace/cuchx-large/hf_data_manual/LMT_(IMU,Radar,Skeleton)/Training/HAU/user20/1-1-3",20.0,103.0,17057099.916,17057108.216,40.0,64.0,17057101.916,17057104.316,3,harn_anchored
user20|1|2,user20,1,2,1,Squats,29_Do_squats,Smoothly,NEUT,HAU/user20/1-2-1,"/Users/toheeb.ogunade/Workspace/cuchx-large/hf_data_manual/LMT_(IMU,Radar,Skeleton)/Training/HAU/user20/1-2-1",18.0,300.0,16903794.716,16903822.916,194.0,212.0,16903812.316,16903814.116,3,harn_anchored
user20|1|2,user20,1,2,2,Squats,29_Do_squats,Urgently,FAST,HAU/user20/1-2-2,"/Users/toheeb.ogunade/Workspace/cuchx-large/hf_data_manual/LMT_(IMU,Radar,Skeleton)/Training/HAU/user20/1-2-2",19.0,153.0,16903904.816,16903918.216,48.0,65.0,16903907.716,16903909.416,3,harn_anchored
user20|1|2,user20,1,2,3,Squats,29_Do_squats,Attentively,CARE,HAU/user20/1-2-3,"/Users/toheeb.ogunade/Workspace/cuchx-large/hf_data_manual/LMT_(IMU,Radar,Skeleton)/Training/HAU/user20/1-2-3",14.0,198.0,16904127.316,16904145.716,55.0,71.0,16904131.416,16904133.016,3,harn_anchored
user20|1|2,user20,1,2,1,Stretching,31_Do_stretching_exercises,Smoothly,NEUT,HAU/user20/1-2-1,"/Users/toheeb.ogunade/Workspace/cuchx-large/hf_data_manual/LMT_(IMU,Radar,Skeleton)/Training/HAU/user20/1-2-1",18.0,300.0,16903794.716,16903822.916,256.0,288.0,16903818.516,16903821.716,3,harn_anchored
user20|1|2,user20,1,2,2,Stretching,31_Do_stretching_exercises,Urgently,FAST,HAU/user20/1-2-2,"/Users/toheeb.ogunade/Workspace/cuchx-large/hf_data_manual/LMT_(IMU,Radar,Skeleton)/Training/HAU/user20/1-2-2",19.0,153.0,16903904.816,16903918.216,120.0,152.0,16903914.916,16903918.116,3,harn_anchored
user20|1|2,user20,1,2,3,Stretching,31_Do_stretching_exercises,Attentively,CARE,HAU/user20/1-2-3,"/Users/toheeb.ogunade/Workspace/cuchx-large/hf_data_manual/LMT_(IMU,Radar,Skeleton)/Training/HAU/user20/1-2-3",14.0,198.0,16904127.316,16904145.716,175.0,197.0,16904143.416,16904145.616,3,harn_anchored
user20|1|2,user20,1,2,1,Lunges,35_Do_lunges,Smoothly,NEUT,HAU/user20/1-2-1,"/Users/toheeb.ogunade/Workspace/cuchx-large/hf_data_manual/LMT_(IMU,Radar,Skeleton)/Training/HAU/user20/1-2-1",18.0,300.0,16903794.716,16903822.916,162.0,189.0,16903809.116,16903811.816,3,harn_anchored
user20|1|2,user20,1,2,2,Lunges,35_Do_lunges,Urgently,FAST,HAU/user20/1-2-2,"/Users/toheeb.ogunade/Workspace/cuchx-large/hf_data_manual/LMT_(IMU,Radar,Skeleton)/Training/HAU/user20/1-2-2",19.0,153.0,16903904.816,16903918.216,89.0,104.0,16903911.816,16903913.316,3,harn_anchored
user20|1|2,user20,1,2,3,Lunges,35_Do_lunges,Attentively,CARE,HAU/user20/1-2-3,"/Users/toheeb.ogunade/Workspace/cuchx-large/hf_data_manual/LMT_(IMU,Radar,Skeleton)/Training/HAU/user20/1-2-3",14.0,198.0,16904127.316,16904145.716,116.0,143.0,16904137.516,16904140.216,3,harn_anchored
user20|2|1,user20,2,1,1,Sweeping,12_Sweep_the_floor,Slowly,SLOW,HAU/user20/2-1-1,"/Users/toheeb.ogunade/Workspace/cuchx-large/hf_data_manual/LMT_(IMU,Radar,Skeleton)/Training/HAU/user20/2-1-1",8.0,572.0,17059735.716,17059792.116,393.0,492.0,17059774.216,17059784.116,3,harn_anchored
user20|2|1,user20,2,1,2,Sweeping,12_Sweep_the_floor,Naturally,NEUT,HAU/user20/2-1-2,"/Users/toheeb.ogunade/Workspace/cuchx-large/hf_data_manual/LMT_(IMU,Radar,Skeleton)/Training/HAU/user20/2-1-2",12.0,495.0,17059976.116,17060024.416,392.0,451.0,17060014.116,17060020.016,3,harn_anchored
user20|2|1,user20,2,1,3,Sweeping,12_Sweep_the_floor,Frantically,FAST,HAU/user20/2-1-3,"/Users/toheeb.ogunade/Workspace/cuchx-large/hf_data_manual/LMT_(IMU,Radar,Skeleton)/Training/HAU/user20/2-1-3",14.0,281.0,17060095.316,17060122.016,218.0,249.0,17060115.716,17060118.816,3,harn_anchored
user20|2|1,user20,2,1,1,Mopping,13_Mop_the_floor,Slowly,SLOW,HAU/user20/2-1-1,"/Users/toheeb.ogunade/Workspace/cuchx-large/hf_data_manual/LMT_(IMU,Radar,Skeleton)/Training/HAU/user20/2-1-1",8.0,572.0,17059735.716,17059792.116,498.0,572.0,17059784.716,17059792.116,3,harn_anchored
user20|2|1,user20,2,1,2,Mopping,13_Mop_the_floor,Naturally,NEUT,HAU/user20/2-1-2,"/Users/toheeb.ogunade/Workspace/cuchx-large/hf_data_manual/LMT_(IMU,Radar,Skeleton)/Training/HAU/user20/2-1-2",12.0,495.0,17059976.116,17060024.416,460.0,494.0,17060020.916,17060024.316,3,harn_anchored
user20|2|1,user20,2,1,3,Mopping,13_Mop_the_floor,Frantically,FAST,HAU/user20/2-1-3,"/Users/toheeb.ogunade/Workspace/cuchx-large/hf_data_manual/LMT_(IMU,Radar,Skeleton)/Training/HAU/user20/2-1-3",14.0,281.0,17060095.316,17060122.016,268.0,280.0,17060120.716,17060121.916,3,harn_anchored
user20|2|1,user20,2,1,1,Drinking,6_Drink_water,Slowly,SLOW,HAU/user20/2-1-1,"/Users/toheeb.ogunade/Workspace/cuchx-large/hf_data_manual/LMT_(IMU,Radar,Skeleton)/Training/HAU/user20/2-1-1",8.0,572.0,17059735.716,17059792.116,358.0,378.0,17059770.716,17059772.716,3,harn_anchored
user20|2|1,user20,2,1,2,Drinking,6_Drink_water,Naturally,NEUT,HAU/user20/2-1-2,"/Users/toheeb.ogunade/Workspace/cuchx-large/hf_data_manual/LMT_(IMU,Radar,Skeleton)/Training/HAU/user20/2-1-2",12.0,495.0,17059976.116,17060024.416,344.0,373.0,17060009.316,17060012.216,3,harn_anchored
user20|2|1,user20,2,1,3,Drinking,6_Drink_water,Frantically,FAST,HAU/user20/2-1-3,"/Users/toheeb.ogunade/Workspace/cuchx-large/hf_data_manual/LMT_(IMU,Radar,Skeleton)/Training/HAU/user20/2-1-3",14.0,281.0,17060095.316,17060122.016,198.0,207.0,17060113.716,17060114.616,3,harn_anchored
user20|2|1,user20,2,1,1,Eating,7_Eat_food,Slowly,SLOW,HAU/user20/2-1-1,"/Users/toheeb.ogunade/Workspace/cuchx-large/hf_data_manual/LMT_(IMU,Radar,Skeleton)/Training/HAU/user20/2-1-1",8.0,572.0,17059735.716,17059792.116,296.0,329.0,17059764.516,17059767.816,3,harn_anchored
user20|2|1,user20,2,1,2,Eating,7_Eat_food,Naturally,NEUT,HAU/user20/2-1-2,"/Users/toheeb.ogunade/Workspace/cuchx-large/hf_data_manual/LMT_(IMU,Radar,Skeleton)/Training/HAU/user20/2-1-2",12.0,495.0,17059976.116,17060024.416,294.0,332.0,17060004.316,17060008.116,3,harn_anchored
user20|2|1,user20,2,1,3,Eating,7_Eat_food,Frantically,FAST,HAU/user20/2-1-3,"/Users/toheeb.ogunade/Workspace/cuchx-large/hf_data_manual/LMT_(IMU,Radar,Skeleton)/Training/HAU/user20/2-1-3",14.0,281.0,17060095.316,17060122.016,172.0,185.0,17060111.116,17060112.416,3,harn_anchored
user20|2|1,user20,2,1,1,Grabbing utensils,8_Take_and_use_tableware,Slowly,SLOW,HAU/user20/2-1-1,"/Users/toheeb.ogunade/Workspace/cuchx-large/hf_data_manual/LMT_(IMU,Radar,Skeleton)/Training/HAU/user20/2-1-1",8.0,572.0,17059735.716,17059792.116,234.0,253.0,17059758.316,17059760.216,3,harn_anchored
user20|2|1,user20,2,1,2,Grabbing utensils,8_Take_and_use_tableware,Naturally,NEUT,HAU/user20/2-1-2,"/Users/toheeb.ogunade/Workspace/cuchx-large/hf_data_manual/LMT_(IMU,Radar,Skeleton)/Training/HAU/user20/2-1-2",12.0,495.0,17059976.116,17060024.416,241.0,254.0,17059999.016,17060000.316,3,harn_anchored
user20|2|1,user20,2,1,3,Grabbing utensils,8_Take_and_use_tableware,Frantically,FAST,HAU/user20/2-1-3,"/Users/toheeb.ogunade/Workspace/cuchx-large/hf_data_manual/LMT_(IMU,Radar,Skeleton)/Training/HAU/user20/2-1-3",14.0,281.0,17060095.316,17060122.016,132.0,144.0,17060107.116,17060108.316,3,harn_anchored
user20|2|1,user20,2,1,1,Pouring,9_Pour_drinks,Slowly,SLOW,HAU/user20/2-1-1,"/Users/toheeb.ogunade/Workspace/cuchx-large/hf_data_manual/LMT_(IMU,Radar,Skeleton)/Training/HAU/user20/2-1-1",8.0,572.0,17059735.716,17059792.116,102.0,173.0,17059745.116,17059752.216,3,harn_anchored
user20|2|1,user20,2,1,2,Pouring,9_Pour_drinks,Naturally,NEUT,HAU/user20/2-1-2,"/Users/toheeb.ogunade/Workspace/cuchx-large/hf_data_manual/LMT_(IMU,Radar,Skeleton)/Training/HAU/user20/2-1-2",12.0,495.0,17059976.116,17060024.416,151.0,211.0,17059990.016,17059996.016,3,harn_anchored
user20|2|1,user20,2,1,3,Pouring,9_Pour_drinks,Frantically,FAST,HAU/user20/2-1-3,"/Users/toheeb.ogunade/Workspace/cuchx-large/hf_data_manual/LMT_(IMU,Radar,Skeleton)/Training/HAU/user20/2-1-3",14.0,281.0,17060095.316,17060122.016,72.0,116.0,17060101.116,17060105.516,3,harn_anchored
user20|2|2,user20,2,2,1,Typing on a keyboard,17_Tap_the_keyboard,Gently,SLOW,HAU/user20/2-2-1,"/Users/toheeb.ogunade/Workspace/cuchx-large/hf_data_manual/LMT_(IMU,Radar,Skeleton)/Training/HAU/user20/2-2-1",16.0,161.0,16904230.516,16904245.016,63.0,93.0,16904235.216,16904238.216,3,harn_anchored
user20|2|2,user20,2,2,2,Typing on a keyboard,17_Tap_the_keyboard,Steadily,NEUT,HAU/user20/2-2-2,"/Users/toheeb.ogunade/Workspace/cuchx-large/hf_data_manual/LMT_(IMU,Radar,Skeleton)/Training/HAU/user20/2-2-2",17.0,156.0,16904307.616,16904321.516,57.0,78.0,16904311.616,16904313.716,3,harn_anchored
user20|2|2,user20,2,2,3,Typing on a keyboard,17_Tap_the_keyboard,Anxiously,NERV,HAU/user20/2-2-3,"/Users/toheeb.ogunade/Workspace/cuchx-large/hf_data_manual/LMT_(IMU,Radar,Skeleton)/Training/HAU/user20/2-2-3",17.0,96.0,16904415.616,16904423.516,44.0,54.0,16904418.316,16904419.316,3,harn_anchored
user20|2|2,user20,2,2,1,Writing,18_Write,Gently,SLOW,HAU/user20/2-2-1,"/Users/toheeb.ogunade/Workspace/cuchx-large/hf_data_manual/LMT_(IMU,Radar,Skeleton)/Training/HAU/user20/2-2-1",16.0,161.0,16904230.516,16904245.016,84.0,97.0,16904237.316,16904238.616,3,harn_anchored
user20|2|2,user20,2,2,2,Writing,18_Write,Steadily,NEUT,HAU/user20/2-2-2,"/Users/toheeb.ogunade/Workspace/cuchx-large/hf_data_manual/LMT_(IMU,Radar,Skeleton)/Training/HAU/user20/2-2-2",17.0,156.0,16904307.616,16904321.516,78.0,94.0,16904313.716,16904315.316,3,harn_anchored
user20|2|2,user20,2,2,3,Writing,18_Write,Anxiously,NERV,HAU/user20/2-2-3,"/Users/toheeb.ogunade/Workspace/cuchx-large/hf_data_manual/LMT_(IMU,Radar,Skeleton)/Training/HAU/user20/2-2-3",17.0,96.0,16904415.616,16904423.516,53.0,60.0,16904419.216,16904419.916,3,harn_anchored
user20|2|2,user20,2,2,1,Checking the time,20_Check_the_time,Gently,SLOW,HAU/user20/2-2-1,"/Users/toheeb.ogunade/Workspace/cuchx-large/hf_data_manual/LMT_(IMU,Radar,Skeleton)/Training/HAU/user20/2-2-1",16.0,161.0,16904230.516,16904245.016,142.0,155.0,16904243.116,16904244.416,3,harn_anchored
user20|2|2,user20,2,2,2,Checking the time,20_Check_the_time,Steadily,NEUT,HAU/user20/2-2-2,"/Users/toheeb.ogunade/Workspace/cuchx-large/hf_data_manual/LMT_(IMU,Radar,Skeleton)/Training/HAU/user20/2-2-2",17.0,156.0,16904307.616,16904321.516,133.0,143.0,16904319.216,16904320.216,3,harn_anchored
user20|2|2,user20,2,2,3,Checking the time,20_Check_the_time,Anxiously,NERV,HAU/user20/2-2-3,"/Users/toheeb.ogunade/Workspace/cuchx-large/hf_data_manual/LMT_(IMU,Radar,Skeleton)/Training/HAU/user20/2-2-3",17.0,96.0,16904415.616,16904423.516,88.0,91.0,16904422.716,16904423.016,3,harn_anchored
user20|2|2,user20,2,2,1,Turning a page,22_Turn_pages,Gently,SLOW,HAU/user20/2-2-1,"/Users/toheeb.ogunade/Workspace/cuchx-large/hf_data_manual/LMT_(IMU,Radar,Skeleton)/Training/HAU/user20/2-2-1",16.0,161.0,16904230.516,16904245.016,108.0,134.0,16904239.716,16904242.316,3,harn_anchored
user20|2|2,user20,2,2,2,Turning a page,22_Turn_pages,Steadily,NEUT,HAU/user20/2-2-2,"/Users/toheeb.ogunade/Workspace/cuchx-large/hf_data_manual/LMT_(IMU,Radar,Skeleton)/Training/HAU/user20/2-2-2",17.0,156.0,16904307.616,16904321.516,98.0,128.0,16904315.716,16904318.716,3,harn_anchored
user20|2|2,user20,2,2,3,Turning a page,22_Turn_pages,Anxiously,NERV,HAU/user20/2-2-3,"/Users/toheeb.ogunade/Workspace/cuchx-large/hf_data_manual/LMT_(IMU,Radar,Skeleton)/Training/HAU/user20/2-2-3",17.0,96.0,16904415.616,16904423.516,64.0,74.0,16904420.316,16904421.316,3,harn_anchored
user20|2|2,user20,2,2,1,Walking,36_Walk,Gently,SLOW,HAU/user20/2-2-1,"/Users/toheeb.ogunade/Workspace/cuchx-large/hf_data_manual/LMT_(IMU,Radar,Skeleton)/Training/HAU/user20/2-2-1",16.0,161.0,16904230.516,16904245.016,21.0,43.0,16904231.016,16904233.216,3,harn_anchored
user20|2|2,user20,2,2,2,Walking,36_Walk,Steadily,NEUT,HAU/user20/2-2-2,"/Users/toheeb.ogunade/Workspace/cuchx-large/hf_data_manual/LMT_(IMU,Radar,Skeleton)/Training/HAU/user20/2-2-2",17.0,156.0,16904307.616,16904321.516,18.0,36.0,16904307.716,16904309.516,3,harn_anchored
user20|2|2,user20,2,2,3,Walking,36_Walk,Anxiously,NERV,HAU/user20/2-2-3,"/Users/toheeb.ogunade/Workspace/cuchx-large/hf_data_manual/LMT_(IMU,Radar,Skeleton)/Training/HAU/user20/2-2-3",17.0,96.0,16904415.616,16904423.516,18.0,30.0,16904415.716,16904416.916,3,harn_anchored
user20|3|1,user20,3,1,1,Stirring,10_Stir_drinks,Meticulously,CARE,HAU/user20/3-1-1,"/Users/toheeb.ogunade/Workspace/cuchx-large/hf_data_manual/LMT_(IMU,Radar,Skeleton)/Training/HAU/user20/3-1-1",22.0,290.0,17060238.116,17060264.916,125.0,153.0,17060248.416,17060251.216,3,harn_anchored
user20|3|1,user20,3,1,2,Stirring,10_Stir_drinks,Evenly,NEUT,HAU/user20/3-1-2,"/Users/toheeb.ogunade/Workspace/cuchx-large/hf_data_manual/LMT_(IMU,Radar,Skeleton)/Training/HAU/user20/3-1-2",13.0,273.0,17060441.216,17060467.216,108.0,149.0,17060450.716,17060454.816,3,harn_anchored
user20|3|1,user20,3,1,3,Stirring,10_Stir_drinks,Hastily,FAST,HAU/user20/3-1-3,"/Users/toheeb.ogunade/Workspace/cuchx-large/hf_data_manual/LMT_(IMU,Radar,Skeleton)/Training/HAU/user20/3-1-3",28.0,186.0,17060598.716,17060614.516,83.0,103.0,17060604.216,17060606.216,3,harn_anchored
user20|3|1,user20,3,1,1,Washing dishes,14_Wipe_bowls,Meticulously,CARE,HAU/user20/3-1-1,"/Users/toheeb.ogunade/Workspace/cuchx-large/hf_data_manual/LMT_(IMU,Radar,Skeleton)/Training/HAU/user20/3-1-1",22.0,290.0,17060238.116,17060264.916,242.0,289.0,17060260.116,17060264.816,3,harn_anchored
user20|3|1,user20,3,1,2,Washing dishes,14_Wipe_bowls,Evenly,NEUT,HAU/user20/3-1-2,"/Users/toheeb.ogunade/Workspace/cuchx-large/hf_data_manual/LMT_(IMU,Radar,Skeleton)/Training/HAU/user20/3-1-2",13.0,273.0,17060441.216,17060467.216,235.0,272.0,17060463.416,17060467.116,3,harn_anchored
user20|3|1,user20,3,1,3,Washing dishes,14_Wipe_bowls,Hastily,FAST,HAU/user20/3-1-3,"/Users/toheeb.ogunade/Workspace/cuchx-large/hf_data_manual/LMT_(IMU,Radar,Skeleton)/Training/HAU/user20/3-1-3",28.0,186.0,17060598.716,17060614.516,154.0,186.0,17060611.316,17060614.516,3,harn_anchored
user20|3|1,user20,3,1,1,Eating,7_Eat_food,Meticulously,CARE,HAU/user20/3-1-1,"/Users/toheeb.ogunade/Workspace/cuchx-large/hf_data_manual/LMT_(IMU,Radar,Skeleton)/Training/HAU/user20/3-1-1",22.0,290.0,17060238.116,17060264.916,173.0,218.0,17060253.216,17060257.716,3,harn_anchored
user20|3|1,user20,3,1,2,Eating,7_Eat_food,Evenly,NEUT,HAU/user20/3-1-2,"/Users/toheeb.ogunade/Workspace/cuchx-large/hf_data_manual/LMT_(IMU,Radar,Skeleton)/Training/HAU/user20/3-1-2",13.0,273.0,17060441.216,17060467.216,169.0,222.0,17060456.816,17060462.116,3,harn_anchored
user20|3|1,user20,3,1,3,Eating,7_Eat_food,Hastily,FAST,HAU/user20/3-1-3,"/Users/toheeb.ogunade/Workspace/cuchx-large/hf_data_manual/LMT_(IMU,Radar,Skeleton)/Training/HAU/user20/3-1-3",28.0,186.0,17060598.716,17060614.516,115.0,143.0,17060607.416,17060610.216,3,harn_anchored
user20|3|1,user20,3,1,1,Pouring,9_Pour_drinks,Meticulously,CARE,HAU/user20/3-1-1,"/Users/toheeb.ogunade/Workspace/cuchx-large/hf_data_manual/LMT_(IMU,Radar,Skeleton)/Training/HAU/user20/3-1-1",22.0,290.0,17060238.116,17060264.916,52.0,116.0,17060241.116,17060247.516,3,harn_anchored
user20|3|1,user20,3,1,2,Pouring,9_Pour_drinks,Evenly,NEUT,HAU/user20/3-1-2,"/Users/toheeb.ogunade/Workspace/cuchx-large/hf_data_manual/LMT_(IMU,Radar,Skeleton)/Training/HAU/user20/3-1-2",13.0,273.0,17060441.216,17060467.216,32.0,99.0,17060443.116,17060449.816,3,harn_anchored
user20|3|1,user20,3,1,3,Pouring,9_Pour_drinks,Hastily,FAST,HAU/user20/3-1-3,"/Users/toheeb.ogunade/Workspace/cuchx-large/hf_data_manual/LMT_(IMU,Radar,Skeleton)/Training/HAU/user20/3-1-3",28.0,186.0,17060598.716,17060614.516,29.0,75.0,17060598.816,17060603.416,3,harn_anchored
user20|3|2,user20,3,2,1,Sweeping,12_Sweep_the_floor,Patiently,SLOW,HAU/user20/3-2-1,"/Users/toheeb.ogunade/Workspace/cuchx-large/hf_data_manual/LMT_(IMU,Radar,Skeleton)/Training/HAU/user20/3-2-1",15.0,209.0,16904548.416,16904567.816,80.0,126.0,16904554.916,16904559.516,3,harn_anchored
user20|3|2,user20,3,2,2,Sweeping,12_Sweep_the_floor,Thoroughly,CARE,HAU/user20/3-2-2,"/Users/toheeb.ogunade/Workspace/cuchx-large/hf_data_manual/LMT_(IMU,Radar,Skeleton)/Training/HAU/user20/3-2-2",11.0,183.0,16904635.016,16904652.216,87.0,123.0,16904642.616,16904646.216,3,harn_anchored
user20|3|2,user20,3,2,3,Sweeping,12_Sweep_the_floor,Quickly,FAST,HAU/user20/3-2-3,"/Users/toheeb.ogunade/Workspace/cuchx-large/hf_data_manual/LMT_(IMU,Radar,Skeleton)/Training/HAU/user20/3-2-3",24.0,118.0,16904784.316,16904793.716,60.0,84.0,16904787.916,16904790.316,3,harn_anchored
user20|3|2,user20,3,2,1,Mopping,13_Mop_the_floor,Patiently,SLOW,HAU/user20/3-2-1,"/Users/toheeb.ogunade/Workspace/cuchx-large/hf_data_manual/LMT_(IMU,Radar,Skeleton)/Training/HAU/user20/3-2-1",15.0,209.0,16904548.416,16904567.816,160.0,209.0,16904562.916,16904567.816,3,harn_anchored
user20|3|2,user20,3,2,2,Mopping,13_Mop_the_floor,Thoroughly,CARE,HAU/user20/3-2-2,"/Users/toheeb.ogunade/Workspace/cuchx-large/hf_data_manual/LMT_(IMU,Radar,Skeleton)/Training/HAU/user20/3-2-2",11.0,183.0,16904635.016,16904652.216,151.0,183.0,16904649.016,16904652.216,3,harn_anchored
user20|3|2,user20,3,2,3,Mopping,13_Mop_the_floor,Quickly,FAST,HAU/user20/3-2-3,"/Users/toheeb.ogunade/Workspace/cuchx-large/hf_data_manual/LMT_(IMU,Radar,Skeleton)/Training/HAU/user20/3-2-3",24.0,118.0,16904784.316,16904793.716,99.0,118.0,16904791.816,16904793.716,3,harn_anchored
user20|3|2,user20,3,2,1,Wiping surface,15_Wipe_windows_and_tables,Patiently,SLOW,HAU/user20/3-2-1,"/Users/toheeb.ogunade/Workspace/cuchx-large/hf_data_manual/LMT_(IMU,Radar,Skeleton)/Training/HAU/user20/3-2-1",15.0,209.0,16904548.416,16904567.816,24.0,59.0,16904549.316,16904552.816,3,harn_anchored
user20|3|2,user20,3,2,2,Wiping surface,15_Wipe_windows_and_tables,Thoroughly,CARE,HAU/user20/3-2-2,"/Users/toheeb.ogunade/Workspace/cuchx-large/hf_data_manual/LMT_(IMU,Radar,Skeleton)/Training/HAU/user20/3-2-2",11.0,183.0,16904635.016,16904652.216,14.0,60.0,16904635.316,16904639.916,3,harn_anchored
user20|3|2,user20,3,2,3,Wiping surface,15_Wipe_windows_and_tables,Quickly,FAST,HAU/user20/3-2-3,"/Users/toheeb.ogunade/Workspace/cuchx-large/hf_data_manual/LMT_(IMU,Radar,Skeleton)/Training/HAU/user20/3-2-3",24.0,118.0,16904784.316,16904793.716,27.0,40.0,16904784.616,16904785.916,3,harn_anchored
user20|4|1,user20,4,1,1,Typing on a keyboard,17_Tap_the_keyboard,Casually,NEUT,HAU/user20/4-1-1,"/Users/toheeb.ogunade/Workspace/cuchx-large/hf_data_manual/LMT_(IMU,Radar,Skeleton)/Training/HAU/user20/4-1-1",19.0,363.0,16902068.816,16902103.216,23.0,72.0,16902069.216,16902074.116,3,harn_anchored
user20|4|1,user20,4,1,2,Typing on a keyboard,17_Tap_the_keyboard,Urgently,FAST,HAU/user20/4-1-2,"/Users/toheeb.ogunade/Workspace/cuchx-large/hf_data_manual/LMT_(IMU,Radar,Skeleton)/Training/HAU/user20/4-1-2",18.0,219.0,16902162.716,16902182.816,21.0,66.0,16902163.016,16902167.516,3,harn_anchored
user20|4|1,user20,4,1,3,Typing on a keyboard,17_Tap_the_keyboard,Steadily,NEUT,HAU/user20/4-1-3,"/Users/toheeb.ogunade/Workspace/cuchx-large/hf_data_manual/LMT_(IMU,Radar,Skeleton)/Training/HAU/user20/4-1-3",12.0,245.0,16902232.116,16902255.416,14.0,69.0,16902232.316,16902237.816,3,harn_anchored
user20|4|1,user20,4,1,1,Checking the time,20_Check_the_time,Casually,NEUT,HAU/user20/4-1-1,"/Users/toheeb.ogunade/Workspace/cuchx-large/hf_data_manual/LMT_(IMU,Radar,Skeleton)/Training/HAU/user20/4-1-1",19.0,363.0,16902068.816,16902103.216,292.0,312.0,16902096.116,16902098.116,3,harn_anchored
user20|4|1,user20,4,1,2,Checking the time,20_Check_the_time,Urgently,FAST,HAU/user20/4-1-2,"/Users/toheeb.ogunade/Workspace/cuchx-large/hf_data_manual/LMT_(IMU,Radar,Skeleton)/Training/HAU/user20/4-1-2",18.0,219.0,16902162.716,16902182.816,183.0,188.0,16902179.216,16902179.716,3,harn_anchored
user20|4|1,user20,4,1,3,Checking the time,20_Check_the_time,Steadily,NEUT,HAU/user20/4-1-3,"/Users/toheeb.ogunade/Workspace/cuchx-large/hf_data_manual/LMT_(IMU,Radar,Skeleton)/Training/HAU/user20/4-1-3",12.0,245.0,16902232.116,16902255.416,72.0,84.0,16902238.116,16902239.316,3,harn_anchored
user20|4|1,user20,4,1,1,Reading,21_Read_documents,Casually,NEUT,HAU/user20/4-1-1,"/Users/toheeb.ogunade/Workspace/cuchx-large/hf_data_manual/LMT_(IMU,Radar,Skeleton)/Training/HAU/user20/4-1-1",19.0,363.0,16902068.816,16902103.216,145.0,210.0,16902081.416,16902087.916,3,harn_anchored
user20|4|1,user20,4,1,2,Reading,21_Read_documents,Urgently,FAST,HAU/user20/4-1-2,"/Users/toheeb.ogunade/Workspace/cuchx-large/hf_data_manual/LMT_(IMU,Radar,Skeleton)/Training/HAU/user20/4-1-2",18.0,219.0,16902162.716,16902182.816,123.0,131.0,16902173.216,16902174.016,3,harn_anchored
user20|4|1,user20,4,1,3,Reading,21_Read_documents,Steadily,NEUT,HAU/user20/4-1-3,"/Users/toheeb.ogunade/Workspace/cuchx-large/hf_data_manual/LMT_(IMU,Radar,Skeleton)/Training/HAU/user20/4-1-3",12.0,245.0,16902232.116,16902255.416,114.0,129.0,16902242.316,16902243.816,3,harn_anchored
user20|4|1,user20,4,1,1,Turning a page,22_Turn_pages,Casually,NEUT,HAU/user20/4-1-1,"/Users/toheeb.ogunade/Workspace/cuchx-large/hf_data_manual/LMT_(IMU,Radar,Skeleton)/Training/HAU/user20/4-1-1",19.0,363.0,16902068.816,16902103.216,214.0,246.0,16902088.316,16902091.516,3,harn_anchored
user20|4|1,user20,4,1,2,Turning a page,22_Turn_pages,Urgently,FAST,HAU/user20/4-1-2,"/Users/toheeb.ogunade/Workspace/cuchx-large/hf_data_manual/LMT_(IMU,Radar,Skeleton)/Training/HAU/user20/4-1-2",18.0,219.0,16902162.716,16902182.816,134.0,162.0,16902174.316,16902177.116,3,harn_anchored
user20|4|1,user20,4,1,3,Turning a page,22_Turn_pages,Steadily,NEUT,HAU/user20/4-1-3,"/Users/toheeb.ogunade/Workspace/cuchx-large/hf_data_manual/LMT_(IMU,Radar,Skeleton)/Training/HAU/user20/4-1-3",12.0,245.0,16902232.116,16902255.416,158.0,185.0,16902246.716,16902249.416,3,harn_anchored
user20|4|1,user20,4,1,1,Using a phone,24_Use_a_mobile_phone,Casually,NEUT,HAU/user20/4-1-1,"/Users/toheeb.ogunade/Workspace/cuchx-large/hf_data_manual/LMT_(IMU,Radar,Skeleton)/Training/HAU/user20/4-1-1",19.0,363.0,16902068.816,16902103.216,337.0,362.0,16902100.616,16902103.116,3,harn_anchored
user20|4|1,user20,4,1,2,Using a phone,24_Use_a_mobile_phone,Urgently,FAST,HAU/user20/4-1-2,"/Users/toheeb.ogunade/Workspace/cuchx-large/hf_data_manual/LMT_(IMU,Radar,Skeleton)/Training/HAU/user20/4-1-2",18.0,219.0,16902162.716,16902182.816,198.0,219.0,16902180.716,16902182.816,3,harn_anchored
user20|4|1,user20,4,1,3,Using a phone,24_Use_a_mobile_phone,Steadily,NEUT,HAU/user20/4-1-3,"/Users/toheeb.ogunade/Workspace/cuchx-large/hf_data_manual/LMT_(IMU,Radar,Skeleton)/Training/HAU/user20/4-1-3",12.0,245.0,16902232.116,16902255.416,230.0,245.0,16902253.916,16902255.416,3,harn_anchored
user20|4|1,user20,4,1,1,Drinking,6_Drink_water,Casually,NEUT,HAU/user20/4-1-1,"/Users/toheeb.ogunade/Workspace/cuchx-large/hf_data_manual/LMT_(IMU,Radar,Skeleton)/Training/HAU/user20/4-1-1",19.0,363.0,16902068.816,16902103.216,259.0,288.0,16902092.816,16902095.716,3,harn_anchored
user20|4|1,user20,4,1,2,Drinking,6_Drink_water,Urgently,FAST,HAU/user20/4-1-2,"/Users/toheeb.ogunade/Workspace/cuchx-large/hf_data_manual/LMT_(IMU,Radar,Skeleton)/Training/HAU/user20/4-1-2",18.0,219.0,16902162.716,16902182.816,171.0,180.0,16902178.016,16902178.916,3,harn_anchored
user20|4|1,user20,4,1,3,Drinking,6_Drink_water,Steadily,NEUT,HAU/user20/4-1-3,"/Users/toheeb.ogunade/Workspace/cuchx-large/hf_data_manual/LMT_(IMU,Radar,Skeleton)/Training/HAU/user20/4-1-3",12.0,245.0,16902232.116,16902255.416,199.0,213.0,16902250.816,16902252.216,3,harn_anchored
user20|4|2,user20,4,2,1,Washing face,0_Wash_face,Meticulously,CARE,HAU/user20/4-2-1,"/Users/toheeb.ogunade/Workspace/cuchx-large/hf_data_manual/LMT_(IMU,Radar,Skeleton)/Training/HAU/user20/4-2-1",24.0,188.0,17057242.316,17057258.716,57.0,98.0,17057245.616,17057249.716,3,harn_anchored
user20|4|2,user20,4,2,2,Washing face,0_Wash_face,Hastily,FAST,HAU/user20/4-2-2,"/Users/toheeb.ogunade/Workspace/cuchx-large/hf_data_manual/LMT_(IMU,Radar,Skeleton)/Training/HAU/user20/4-2-2",17.0,121.0,17057402.616,17057413.016,43.0,65.0,17057405.216,17057407.416,3,harn_anchored
user20|4|2,user20,4,2,3,Washing face,0_Wash_face,Thoroughly,CARE,HAU/user20/4-2-3,"/Users/toheeb.ogunade/Workspace/cuchx-large/hf_data_manual/LMT_(IMU,Radar,Skeleton)/Training/HAU/user20/4-2-3",14.0,173.0,17057505.316,17057521.216,71.0,104.0,17057511.016,17057514.316,3,harn_anchored
user20|4|2,user20,4,2,1,Brushing teeth,1_Brush_teeth,Meticulously,CARE,HAU/user20/4-2-1,"/Users/toheeb.ogunade/Workspace/cuchx-large/hf_data_manual/LMT_(IMU,Radar,Skeleton)/Training/HAU/user20/4-2-1",24.0,188.0,17057242.316,17057258.716,110.0,131.0,17057250.916,17057253.016,3,harn_anchored
user20|4|2,user20,4,2,2,Brushing teeth,1_Brush_teeth,Hastily,FAST,HAU/user20/4-2-2,"/Users/toheeb.ogunade/Workspace/cuchx-large/hf_data_manual/LMT_(IMU,Radar,Skeleton)/Training/HAU/user20/4-2-2",17.0,121.0,17057402.616,17057413.016,83.0,94.0,17057409.216,17057410.316,3,harn_anchored
user20|4|2,user20,4,2,3,Brushing teeth,1_Brush_teeth,Thoroughly,CARE,HAU/user20/4-2-3,"/Users/toheeb.ogunade/Workspace/cuchx-large/hf_data_manual/LMT_(IMU,Radar,Skeleton)/Training/HAU/user20/4-2-3",14.0,173.0,17057505.316,17057521.216,119.0,138.0,17057515.816,17057517.716,3,harn_anchored
user20|4|2,user20,4,2,1,Combing hair,2_Comb_hair,Meticulously,CARE,HAU/user20/4-2-1,"/Users/toheeb.ogunade/Workspace/cuchx-large/hf_data_manual/LMT_(IMU,Radar,Skeleton)/Training/HAU/user20/4-2-1",24.0,188.0,17057242.316,17057258.716,168.0,180.0,17057256.716,17057257.916,3,harn_anchored
user20|4|2,user20,4,2,2,Combing hair,2_Comb_hair,Hastily,FAST,HAU/user20/4-2-2,"/Users/toheeb.ogunade/Workspace/cuchx-large/hf_data_manual/LMT_(IMU,Radar,Skeleton)/Training/HAU/user20/4-2-2",17.0,121.0,17057402.616,17057413.016,106.0,121.0,17057411.516,17057413.016,3,harn_anchored
user20|4|2,user20,4,2,3,Combing hair,2_Comb_hair,Thoroughly,CARE,HAU/user20/4-2-3,"/Users/toheeb.ogunade/Workspace/cuchx-large/hf_data_manual/LMT_(IMU,Radar,Skeleton)/Training/HAU/user20/4-2-3",14.0,173.0,17057505.316,17057521.216,156.0,173.0,17057519.516,17057521.216,3,harn_anchored
user20|4|2,user20,4,2,1,Walking,36_Walk,Meticulously,CARE,HAU/user20/4-2-1,"/Users/toheeb.ogunade/Workspace/cuchx-large/hf_data_manual/LMT_(IMU,Radar,Skeleton)/Training/HAU/user20/4-2-1",24.0,188.0,17057242.316,17057258.716,31.0,46.0,17057243.016,17057244.516,3,harn_anchored
user20|4|2,user20,4,2,2,Walking,36_Walk,Hastily,FAST,HAU/user20/4-2-2,"/Users/toheeb.ogunade/Workspace/cuchx-large/hf_data_manual/LMT_(IMU,Radar,Skeleton)/Training/HAU/user20/4-2-2",17.0,121.0,17057402.616,17057413.016,18.0,36.0,17057402.716,17057404.516,3,harn_anchored
user20|4|2,user20,4,2,3,Walking,36_Walk,Thoroughly,CARE,HAU/user20/4-2-3,"/Users/toheeb.ogunade/Workspace/cuchx-large/hf_data_manual/LMT_(IMU,Radar,Skeleton)/Training/HAU/user20/4-2-3",14.0,173.0,17057505.316,17057521.216,18.0,46.0,17057505.716,17057508.516,3,harn_anchored
user20|5|1,user20,5,1,1,Stirring,10_Stir_drinks,Frantically,FAST,HAU/user20/5-1-1,"/Users/toheeb.ogunade/Workspace/cuchx-large/hf_data_manual/LMT_(IMU,Radar,Skeleton)/Training/HAU/user20/5-1-1",13.0,162.0,16904879.216,16904894.116,134.0,142.0,16904891.316,16904892.116,3,harn_anchored
user20|5|1,user20,5,1,2,Stirring,10_Stir_drinks,Smoothly,NEUT,HAU/user20/5-1-2,"/Users/toheeb.ogunade/Workspace/cuchx-large/hf_data_manual/LMT_(IMU,Radar,Skeleton)/Training/HAU/user20/5-1-2",16.0,189.0,16905015.516,16905032.816,169.0,189.0,16905030.816,16905032.816,3,harn_anchored
user20|5|1,user20,5,1,3,Stirring,10_Stir_drinks,Gracefully,NEUT,HAU/user20/5-1-3,"/Users/toheeb.ogunade/Workspace/cuchx-large/hf_data_manual/LMT_(IMU,Radar,Skeleton)/Training/HAU/user20/5-1-3",13.0,218.0,16905108.216,16905128.716,162.0,194.0,16905123.116,16905126.316,3,harn_anchored
user20|5|1,user20,5,1,1,Typing on a keyboard,17_Tap_the_keyboard,Frantically,FAST,HAU/user20/5-1-1,"/Users/toheeb.ogunade/Workspace/cuchx-large/hf_data_manual/LMT_(IMU,Radar,Skeleton)/Training/HAU/user20/5-1-1",13.0,162.0,16904879.216,16904894.116,18.0,93.0,16904879.716,16904887.216,3,harn_anchored
user20|5|1,user20,5,1,2,Typing on a keyboard,17_Tap_the_keyboard,Smoothly,NEUT,HAU/user20/5-1-2,"/Users/toheeb.ogunade/Workspace/cuchx-large/hf_data_manual/LMT_(IMU,Radar,Skeleton)/Training/HAU/user20/5-1-2",16.0,189.0,16905015.516,16905032.816,22.0,50.0,16905016.116,16905018.916,3,harn_anchored
user20|5|1,user20,5,1,3,Typing on a keyboard,17_Tap_the_keyboard,Gracefully,NEUT,HAU/user20/5-1-3,"/Users/toheeb.ogunade/Workspace/cuchx-large/hf_data_manual/LMT_(IMU,Radar,Skeleton)/Training/HAU/user20/5-1-3",13.0,218.0,16905108.216,16905128.716,18.0,55.0,16905108.716,16905112.416,3,harn_anchored
user20|5|1,user20,5,1,1,Checking the time,20_Check_the_time,Frantically,FAST,HAU/user20/5-1-1,"/Users/toheeb.ogunade/Workspace/cuchx-large/hf_data_manual/LMT_(IMU,Radar,Skeleton)/Training/HAU/user20/5-1-1",13.0,162.0,16904879.216,16904894.116,48.0,52.0,16904882.716,16904883.116,3,harn_anchored
user20|5|1,user20,5,1,2,Checking the time,20_Check_the_time,Smoothly,NEUT,HAU/user20/5-1-2,"/Users/toheeb.ogunade/Workspace/cuchx-large/hf_data_manual/LMT_(IMU,Radar,Skeleton)/Training/HAU/user20/5-1-2",16.0,189.0,16905015.516,16905032.816,53.0,57.0,16905019.216,16905019.616,3,harn_anchored
user20|5|1,user20,5,1,3,Checking the time,20_Check_the_time,Gracefully,NEUT,HAU/user20/5-1-3,"/Users/toheeb.ogunade/Workspace/cuchx-large/hf_data_manual/LMT_(IMU,Radar,Skeleton)/Training/HAU/user20/5-1-3",13.0,218.0,16905108.216,16905128.716,60.0,70.0,16905112.916,16905113.916,3,harn_anchored
user20|5|1,user20,5,1,1,Pouring,9_Pour_drinks,Frantically,FAST,HAU/user20/5-1-1,"/Users/toheeb.ogunade/Workspace/cuchx-large/hf_data_manual/LMT_(IMU,Radar,Skeleton)/Training/HAU/user20/5-1-1",13.0,162.0,16904879.216,16904894.116,107.0,129.0,16904888.616,16904890.816,3,harn_anchored
user20|5|1,user20,5,1,2,Pouring,9_Pour_drinks,Smoothly,NEUT,HAU/user20/5-1-2,"/Users/toheeb.ogunade/Workspace/cuchx-large/hf_data_manual/LMT_(IMU,Radar,Skeleton)/Training/HAU/user20/5-1-2",16.0,189.0,16905015.516,16905032.816,119.0,154.0,16905025.816,16905029.316,3,harn_anchored
user20|5|1,user20,5,1,3,Pouring,9_Pour_drinks,Gracefully,NEUT,HAU/user20/5-1-3,"/Users/toheeb.ogunade/Workspace/cuchx-large/hf_data_manual/LMT_(IMU,Radar,Skeleton)/Training/HAU/user20/5-1-3",13.0,218.0,16905108.216,16905128.716,125.0,151.0,16905119.416,16905122.016,3,harn_anchored
user20|6|1,user20,6,1,1,Squats,29_Do_squats,Lightly,SLOW,HAU/user20/6-1-1,"/Users/toheeb.ogunade/Workspace/cuchx-large/hf_data_manual/LMT_(IMU,Radar,Skeleton)/Training/HAU/user20/6-1-1",13.0,111.0,16902325.216,16902335.016,75.0,111.0,16902331.416,16902335.016,3,harn_anchored
user20|6|1,user20,6,1,2,Squats,29_Do_squats,Nervously,NERV,HAU/user20/6-1-2,"/Users/toheeb.ogunade/Workspace/cuchx-large/hf_data_manual/LMT_(IMU,Radar,Skeleton)/Training/HAU/user20/6-1-2",12.0,69.0,16902392.116,16902397.816,51.0,69.0,16902396.016,16902397.816,3,harn_anchored
user20|6|1,user20,6,1,3,Squats,29_Do_squats,Steadily,NEUT,HAU/user20/6-1-3,"/Users/toheeb.ogunade/Workspace/cuchx-large/hf_data_manual/LMT_(IMU,Radar,Skeleton)/Training/HAU/user20/6-1-3",16.0,97.0,16902469.516,16902477.616,60.0,97.0,16902473.916,16902477.616,3,harn_anchored
user20|6|1,user20,6,1,1,Jumping jacks,30_Do_jumping_jacks,Lightly,SLOW,HAU/user20/6-1-1,"/Users/toheeb.ogunade/Workspace/cuchx-large/hf_data_manual/LMT_(IMU,Radar,Skeleton)/Training/HAU/user20/6-1-1",13.0,111.0,16902325.216,16902335.016,42.0,72.0,16902328.116,16902331.116,3,harn_anchored
user20|6|1,user20,6,1,2,Jumping jacks,30_Do_jumping_jacks,Nervously,NERV,HAU/user20/6-1-2,"/Users/toheeb.ogunade/Workspace/cuchx-large/hf_data_manual/LMT_(IMU,Radar,Skeleton)/Training/HAU/user20/6-1-2",12.0,69.0,16902392.116,16902397.816,24.0,49.0,16902393.316,16902395.816,3,harn_anchored
user20|6|1,user20,6,1,3,Jumping jacks,30_Do_jumping_jacks,Steadily,NEUT,HAU/user20/6-1-3,"/Users/toheeb.ogunade/Workspace/cuchx-large/hf_data_manual/LMT_(IMU,Radar,Skeleton)/Training/HAU/user20/6-1-3",16.0,97.0,16902469.516,16902477.616,22.0,57.0,16902470.116,16902473.616,3,harn_anchored
user20|6|2,user20,6,2,1,Massaging oneself,38_Massage_oneself,Slowly,SLOW,HAU/user20/6-2-1,"/Users/toheeb.ogunade/Workspace/cuchx-large/hf_data_manual/LMT_(IMU,Radar,Skeleton)/Training/HAU/user20/6-2-1",16.0,108.0,17057655.516,17057664.716,69.0,108.0,17057660.816,17057664.716,3,harn_anchored
user20|6|2,user20,6,2,2,Massaging oneself,38_Massage_oneself,Quickly,FAST,HAU/user20/6-2-2,"/Users/toheeb.ogunade/Workspace/cuchx-large/hf_data_manual/LMT_(IMU,Radar,Skeleton)/Training/HAU/user20/6-2-2",7.0,73.0,17057725.616,17057732.216,49.0,72.0,17057729.816,17057732.116,3,harn_anchored
user20|6|2,user20,6,2,3,Massaging oneself,38_Massage_oneself,Softly,SLOW,HAU/user20/6-2-3,"/Users/toheeb.ogunade/Workspace/cuchx-large/hf_data_manual/LMT_(IMU,Radar,Skeleton)/Training/HAU/user20/6-2-3",13.0,93.0,17057796.216,17057804.216,61.0,93.0,17057801.016,17057804.216,3,harn_anchored
user20|6|2,user20,6,2,1,Wiping hands,4_Wipe_hands,Slowly,SLOW,HAU/user20/6-2-1,"/Users/toheeb.ogunade/Workspace/cuchx-large/hf_data_manual/LMT_(IMU,Radar,Skeleton)/Training/HAU/user20/6-2-1",16.0,108.0,17057655.516,17057664.716,35.0,65.0,17057657.416,17057660.416,3,harn_anchored
user20|6|2,user20,6,2,2,Wiping hands,4_Wipe_hands,Quickly,FAST,HAU/user20/6-2-2,"/Users/toheeb.ogunade/Workspace/cuchx-large/hf_data_manual/LMT_(IMU,Radar,Skeleton)/Training/HAU/user20/6-2-2",7.0,73.0,17057725.616,17057732.216,29.0,46.0,17057727.816,17057729.516,3,harn_anchored
user20|6|2,user20,6,2,3,Wiping hands,4_Wipe_hands,Softly,SLOW,HAU/user20/6-2-3,"/Users/toheeb.ogunade/Workspace/cuchx-large/hf_data_manual/LMT_(IMU,Radar,Skeleton)/Training/HAU/user20/6-2-3",13.0,93.0,17057796.216,17057804.216,21.0,59.0,17057797.016,17057800.816,3,harn_anchored
user20|6|3,user20,6,3,1,Stirring,10_Stir_drinks,Leisurely,SLOW,HAU/user20/6-3-1,"/Users/toheeb.ogunade/Workspace/cuchx-large/hf_data_manual/LMT_(IMU,Radar,Skeleton)/Training/HAU/user20/6-3-1",14.0,331.0,16902542.316,16902574.016,108.0,136.0,16902551.716,16902554.516,3,harn_anchored
user20|6|3,user20,6,3,2,Stirring,10_Stir_drinks,Rapidly,FAST,HAU/user20/6-3-2,"/Users/toheeb.ogunade/Workspace/cuchx-large/hf_data_manual/LMT_(IMU,Radar,Skeleton)/Training/HAU/user20/6-3-2",19.0,186.0,16902627.816,16902644.516,75.0,90.0,16902633.416,16902634.916,3,harn_anchored
user20|6|3,user20,6,3,3,Stirring,10_Stir_drinks,Carefully,CARE,HAU/user20/6-3-3,"/Users/toheeb.ogunade/Workspace/cuchx-large/hf_data_manual/LMT_(IMU,Radar,Skeleton)/Training/HAU/user20/6-3-3",14.0,273.0,16902686.316,16902712.216,94.0,118.0,16902694.316,16902696.716,3,harn_anchored
user20|6|3,user20,6,3,1,Mopping,13_Mop_the_floor,Leisurely,SLOW,HAU/user20/6-3-1,"/Users/toheeb.ogunade/Workspace/cuchx-large/hf_data_manual/LMT_(IMU,Radar,Skeleton)/Training/HAU/user20/6-3-1",14.0,331.0,16902542.316,16902574.016,282.0,329.0,16902569.116,16902573.816,3,harn_anchored
user20|6|3,user20,6,3,2,Mopping,13_Mop_the_floor,Rapidly,FAST,HAU/user20/6-3-2,"/Users/toheeb.ogunade/Workspace/cuchx-large/hf_data_manual/LMT_(IMU,Radar,Skeleton)/Training/HAU/user20/6-3-2",19.0,186.0,16902627.816,16902644.516,162.0,184.0,16902642.116,16902644.316,3,harn_anchored
user20|6|3,user20,6,3,3,Mopping,13_Mop_the_floor,Carefully,CARE,HAU/user20/6-3-3,"/Users/toheeb.ogunade/Workspace/cuchx-large/hf_data_manual/LMT_(IMU,Radar,Skeleton)/Training/HAU/user20/6-3-3",14.0,273.0,16902686.316,16902712.216,229.0,273.0,16902707.816,16902712.216,3,harn_anchored
user20|6|3,user20,6,3,1,Listening to the music with headphones,23_Listen_to_music_with_headphones,Leisurely,SLOW,HAU/user20/6-3-1,"/Users/toheeb.ogunade/Workspace/cuchx-large/hf_data_manual/LMT_(IMU,Radar,Skeleton)/Training/HAU/user20/6-3-1",14.0,331.0,16902542.316,16902574.016,182.0,219.0,16902559.116,16902562.816,3,harn_anchored
user20|6|3,user20,6,3,2,Listening to the music with headphones,23_Listen_to_music_with_headphones,Rapidly,FAST,HAU/user20/6-3-2,"/Users/toheeb.ogunade/Workspace/cuchx-large/hf_data_manual/LMT_(IMU,Radar,Skeleton)/Training/HAU/user20/6-3-2",19.0,186.0,16902627.816,16902644.516,99.0,131.0,16902635.816,16902639.016,3,harn_anchored
user20|6|3,user20,6,3,3,Listening to the music with headphones,23_Listen_to_music_with_headphones,Carefully,CARE,HAU/user20/6-3-3,"/Users/toheeb.ogunade/Workspace/cuchx-large/hf_data_manual/LMT_(IMU,Radar,Skeleton)/Training/HAU/user20/6-3-3",14.0,273.0,16902686.316,16902712.216,138.0,178.0,16902698.716,16902702.716,3,harn_anchored
user20|6|3,user20,6,3,1,Standing up,32_Stand_up,Leisurely,SLOW,HAU/user20/6-3-1,"/Users/toheeb.ogunade/Workspace/cuchx-large/hf_data_manual/LMT_(IMU,Radar,Skeleton)/Training/HAU/user20/6-3-1",14.0,331.0,16902542.316,16902574.016,230.0,244.0,16902563.916,16902565.316,3,harn_anchored
user20|6|3,user20,6,3,2,Standing up,32_Stand_up,Rapidly,FAST,HAU/user20/6-3-2,"/Users/toheeb.ogunade/Workspace/cuchx-large/hf_data_manual/LMT_(IMU,Radar,Skeleton)/Training/HAU/user20/6-3-2",19.0,186.0,16902627.816,16902644.516,134.0,141.0,16902639.316,16902640.016,3,harn_anchored
user20|6|3,user20,6,3,3,Standing up,32_Stand_up,Carefully,CARE,HAU/user20/6-3-3,"/Users/toheeb.ogunade/Workspace/cuchx-large/hf_data_manual/LMT_(IMU,Radar,Skeleton)/Training/HAU/user20/6-3-3",14.0,273.0,16902686.316,16902712.216,186.0,196.0,16902703.516,16902704.516,3,harn_anchored
user20|6|3,user20,6,3,1,Pouring,9_Pour_drinks,Leisurely,SLOW,HAU/user20/6-3-1,"/Users/toheeb.ogunade/Workspace/cuchx-large/hf_data_manual/LMT_(IMU,Radar,Skeleton)/Training/HAU/user20/6-3-1",14.0,331.0,16902542.316,16902574.016,54.0,101.0,16902546.316,16902551.016,3,harn_anchored
user20|6|3,user20,6,3,2,Pouring,9_Pour_drinks,Rapidly,FAST,HAU/user20/6-3-2,"/Users/toheeb.ogunade/Workspace/cuchx-large/hf_data_manual/LMT_(IMU,Radar,Skeleton)/Training/HAU/user20/6-3-2",19.0,186.0,16902627.816,16902644.516,44.0,67.0,16902630.316,16902632.616,3,harn_anchored
user20|6|3,user20,6,3,3,Pouring,9_Pour_drinks,Carefully,CARE,HAU/user20/6-3-3,"/Users/toheeb.ogunade/Workspace/cuchx-large/hf_data_manual/LMT_(IMU,Radar,Skeleton)/Training/HAU/user20/6-3-3",14.0,273.0,16902686.316,16902712.216,44.0,86.0,16902689.316,16902693.516,3,harn_anchored
user20|7|1,user20,7,1,1,Stirring,10_Stir_drinks,Gracefully,NEUT,HAU/user20/7-1-1,"/Users/toheeb.ogunade/Workspace/cuchx-large/hf_data_manual/LMT_(IMU,Radar,Skeleton)/Training/HAU/user20/7-1-1",14.0,358.0,17060793.316,17060827.716,179.0,209.0,17060809.816,17060812.816,3,harn_anchored
user20|7|1,user20,7,1,2,Stirring,10_Stir_drinks,Attentively,CARE,HAU/user20/7-1-2,"/Users/toheeb.ogunade/Workspace/cuchx-large/hf_data_manual/LMT_(IMU,Radar,Skeleton)/Training/HAU/user20/7-1-2",19.0,339.0,17060899.816,17060931.816,180.0,207.0,17060915.916,17060918.616,3,harn_anchored
user20|7|1,user20,7,1,3,Stirring,10_Stir_drinks,Carefully,CARE,HAU/user20/7-1-3,"/Users/toheeb.ogunade/Workspace/cuchx-large/hf_data_manual/LMT_(IMU,Radar,Skeleton)/Training/HAU/user20/7-1-3",20.0,224.0,17060985.916,17061006.316,132.0,137.0,17060997.116,17060997.616,3,harn_anchored
user20|7|1,user20,7,1,1,Taking medicine,37_Take_medicine,Gracefully,NEUT,HAU/user20/7-1-1,"/Users/toheeb.ogunade/Workspace/cuchx-large/hf_data_manual/LMT_(IMU,Radar,Skeleton)/Training/HAU/user20/7-1-1",14.0,358.0,17060793.316,17060827.716,278.0,336.0,17060819.716,17060825.516,3,harn_anchored
user20|7|1,user20,7,1,2,Taking medicine,37_Take_medicine,Attentively,CARE,HAU/user20/7-1-2,"/Users/toheeb.ogunade/Workspace/cuchx-large/hf_data_manual/LMT_(IMU,Radar,Skeleton)/Training/HAU/user20/7-1-2",19.0,339.0,17060899.816,17060931.816,252.0,308.0,17060923.116,17060928.716,3,harn_anchored
user20|7|1,user20,7,1,3,Taking medicine,37_Take_medicine,Carefully,CARE,HAU/user20/7-1-3,"/Users/toheeb.ogunade/Workspace/cuchx-large/hf_data_manual/LMT_(IMU,Radar,Skeleton)/Training/HAU/user20/7-1-3",20.0,224.0,17060985.916,17061006.316,167.0,203.0,17061000.616,17061004.216,3,harn_anchored
user20|7|1,user20,7,1,1,Massaging oneself,38_Massage_oneself,Gracefully,NEUT,HAU/user20/7-1-1,"/Users/toheeb.ogunade/Workspace/cuchx-large/hf_data_manual/LMT_(IMU,Radar,Skeleton)/Training/HAU/user20/7-1-1",14.0,358.0,17060793.316,17060827.716,341.0,357.0,17060826.016,17060827.616,3,harn_anchored
user20|7|1,user20,7,1,2,Massaging oneself,38_Massage_oneself,Attentively,CARE,HAU/user20/7-1-2,"/Users/toheeb.ogunade/Workspace/cuchx-large/hf_data_manual/LMT_(IMU,Radar,Skeleton)/Training/HAU/user20/7-1-2",19.0,339.0,17060899.816,17060931.816,312.0,339.0,17060929.116,17060931.816,3,harn_anchored
user20|7|1,user20,7,1,3,Massaging oneself,38_Massage_oneself,Carefully,CARE,HAU/user20/7-1-3,"/Users/toheeb.ogunade/Workspace/cuchx-large/hf_data_manual/LMT_(IMU,Radar,Skeleton)/Training/HAU/user20/7-1-3",20.0,224.0,17060985.916,17061006.316,207.0,224.0,17061004.616,17061006.316,3,harn_anchored
user20|7|1,user20,7,1,1,Eating,7_Eat_food,Gracefully,NEUT,HAU/user20/7-1-1,"/Users/toheeb.ogunade/Workspace/cuchx-large/hf_data_manual/LMT_(IMU,Radar,Skeleton)/Training/HAU/user20/7-1-1",14.0,358.0,17060793.316,17060827.716,83.0,107.0,17060800.216,17060802.616,3,harn_anchored
user20|7|1,user20,7,1,2,Eating,7_Eat_food,Attentively,CARE,HAU/user20/7-1-2,"/Users/toheeb.ogunade/Workspace/cuchx-large/hf_data_manual/LMT_(IMU,Radar,Skeleton)/Training/HAU/user20/7-1-2",19.0,339.0,17060899.816,17060931.816,72.0,97.0,17060905.116,17060907.616,3,harn_anchored
user20|7|1,user20,7,1,3,Eating,7_Eat_food,Carefully,CARE,HAU/user20/7-1-3,"/Users/toheeb.ogunade/Workspace/cuchx-large/hf_data_manual/LMT_(IMU,Radar,Skeleton)/Training/HAU/user20/7-1-3",20.0,224.0,17060985.916,17061006.316,47.0,72.0,17060988.616,17060991.116,3,harn_anchored
user20|7|1,user20,7,1,1,Pouring,9_Pour_drinks,Gracefully,NEUT,HAU/user20/7-1-1,"/Users/toheeb.ogunade/Workspace/cuchx-large/hf_data_manual/LMT_(IMU,Radar,Skeleton)/Training/HAU/user20/7-1-1",14.0,358.0,17060793.316,17060827.716,122.0,163.0,17060804.116,17060808.216,3,harn_anchored
user20|7|1,user20,7,1,2,Pouring,9_Pour_drinks,Attentively,CARE,HAU/user20/7-1-2,"/Users/toheeb.ogunade/Workspace/cuchx-large/hf_data_manual/LMT_(IMU,Radar,Skeleton)/Training/HAU/user20/7-1-2",19.0,339.0,17060899.816,17060931.816,113.0,169.0,17060909.216,17060914.816,3,harn_anchored
user20|7|1,user20,7,1,3,Pouring,9_Pour_drinks,Carefully,CARE,HAU/user20/7-1-3,"/Users/toheeb.ogunade/Workspace/cuchx-large/hf_data_manual/LMT_(IMU,Radar,Skeleton)/Training/HAU/user20/7-1-3",20.0,224.0,17060985.916,17061006.316,90.0,119.0,17060992.916,17060995.816,3,harn_anchored
user20|7|2,user20,7,2,1,Taking a selfie,27_Take_a_selfie,Lightly,SLOW,HAU/user20/7-2-1,"/Users/toheeb.ogunade/Workspace/cuchx-large/hf_data_manual/LMT_(IMU,Radar,Skeleton)/Training/HAU/user20/7-2-1",12.0,147.0,17057898.116,17057911.616,102.0,146.0,17057907.116,17057911.516,3,harn_anchored
user20|7|2,user20,7,2,2,Taking a selfie,27_Take_a_selfie,Nervously,NERV,HAU/user20/7-2-2,"/Users/toheeb.ogunade/Workspace/cuchx-large/hf_data_manual/LMT_(IMU,Radar,Skeleton)/Training/HAU/user20/7-2-2",15.0,155.0,17057982.416,17057996.416,113.0,155.0,17057992.216,17057996.416,3,harn_anchored
user20|7|2,user20,7,2,3,Taking a selfie,27_Take_a_selfie,Steadily,NEUT,HAU/user20/7-2-3,"/Users/toheeb.ogunade/Workspace/cuchx-large/hf_data_manual/LMT_(IMU,Radar,Skeleton)/Training/HAU/user20/7-2-3",12.0,97.0,17058148.116,17058156.616,85.0,97.0,17058155.416,17058156.616,3,harn_anchored
user20|7|2,user20,7,2,1,Walking,36_Walk,Lightly,SLOW,HAU/user20/7-2-1,"/Users/toheeb.ogunade/Workspace/cuchx-large/hf_data_manual/LMT_(IMU,Radar,Skeleton)/Training/HAU/user20/7-2-1",12.0,147.0,17057898.116,17057911.616,13.0,45.0,17057898.216,17057901.416,3,harn_anchored
user20|7|2,user20,7,2,2,Walking,36_Walk,Nervously,NERV,HAU/user20/7-2-2,"/Users/toheeb.ogunade/Workspace/cuchx-large/hf_data_manual/LMT_(IMU,Radar,Skeleton)/Training/HAU/user20/7-2-2",15.0,155.0,17057982.416,17057996.416,18.0,47.0,17057982.716,17057985.616,3,harn_anchored
user20|7|2,user20,7,2,3,Walking,36_Walk,Steadily,NEUT,HAU/user20/7-2-3,"/Users/toheeb.ogunade/Workspace/cuchx-large/hf_data_manual/LMT_(IMU,Radar,Skeleton)/Training/HAU/user20/7-2-3",12.0,97.0,17058148.116,17058156.616,15.0,36.0,17058148.416,17058150.516,3,harn_anchored
user21|1|1,user21,1,1,1,Washing face,0_Wash_face,Gently,SLOW,HAU/user21/1-1-1,"/Users/toheeb.ogunade/Workspace/cuchx-large/hf_data_manual/LMT_(IMU,Radar,Skeleton)/Training/HAU/user21/1-1-1",16.0,121.0,17253773.516,17253784.016,75.0,88.0,17253779.416,17253780.716,3,harn_anchored
user21|1|1,user21,1,1,2,Washing face,0_Wash_face,Thoroughly,CARE,HAU/user21/1-1-2,"/Users/toheeb.ogunade/Workspace/cuchx-large/hf_data_manual/LMT_(IMU,Radar,Skeleton)/Training/HAU/user21/1-1-2",13.0,113.0,17253850.216,17253860.216,70.0,79.0,17253855.916,17253856.816,3,harn_anchored
user21|1|1,user21,1,1,3,Washing face,0_Wash_face,Hurriedly,FAST,HAU/user21/1-1-3,"/Users/toheeb.ogunade/Workspace/cuchx-large/hf_data_manual/LMT_(IMU,Radar,Skeleton)/Training/HAU/user21/1-1-3",19.0,63.0,17253934.816,17253939.216,44.0,48.0,17253937.316,17253937.716,3,harn_anchored
user21|1|1,user21,1,1,1,Walking,36_Walk,Gently,SLOW,HAU/user21/1-1-1,"/Users/toheeb.ogunade/Workspace/cuchx-large/hf_data_manual/LMT_(IMU,Radar,Skeleton)/Training/HAU/user21/1-1-1",16.0,121.0,17253773.516,17253784.016,42.0,53.0,17253776.116,17253777.216,3,harn_anchored
user21|1|1,user21,1,1,2,Walking,36_Walk,Thoroughly,CARE,HAU/user21/1-1-2,"/Users/toheeb.ogunade/Workspace/cuchx-large/hf_data_manual/LMT_(IMU,Radar,Skeleton)/Training/HAU/user21/1-1-2",13.0,113.0,17253850.216,17253860.216,41.0,51.0,17253853.016,17253854.016,3,harn_anchored
user21|1|1,user21,1,1,3,Walking,36_Walk,Hurriedly,FAST,HAU/user21/1-1-3,"/Users/toheeb.ogunade/Workspace/cuchx-large/hf_data_manual/LMT_(IMU,Radar,Skeleton)/Training/HAU/user21/1-1-3",19.0,63.0,17253934.816,17253939.216,29.0,35.0,17253935.816,17253936.416,3,harn_anchored
user21|1|1,user21,1,1,1,Wiping hands,4_Wipe_hands,Gently,SLOW,HAU/user21/1-1-1,"/Users/toheeb.ogunade/Workspace/cuchx-large/hf_data_manual/LMT_(IMU,Radar,Skeleton)/Training/HAU/user21/1-1-1",16.0,121.0,17253773.516,17253784.016,95.0,121.0,17253781.416,17253784.016,3,harn_anchored
user21|1|1,user21,1,1,2,Wiping hands,4_Wipe_hands,Thoroughly,CARE,HAU/user21/1-1-2,"/Users/toheeb.ogunade/Workspace/cuchx-large/hf_data_manual/LMT_(IMU,Radar,Skeleton)/Training/HAU/user21/1-1-2",13.0,113.0,17253850.216,17253860.216,84.0,112.0,17253857.316,17253860.116,3,harn_anchored
user21|1|1,user21,1,1,3,Wiping hands,4_Wipe_hands,Hurriedly,FAST,HAU/user21/1-1-3,"/Users/toheeb.ogunade/Workspace/cuchx-large/hf_data_manual/LMT_(IMU,Radar,Skeleton)/Training/HAU/user21/1-1-3",19.0,63.0,17253934.816,17253939.216,51.0,63.0,17253938.016,17253939.216,3,harn_anchored
user21|1|2,user21,1,2,1,Listening to the music with headphones,23_Listen_to_music_with_headphones,Relaxedly,SLOW,HAU/user21/1-2-1,"/Users/toheeb.ogunade/Workspace/cuchx-large/hf_data_manual/LMT_(IMU,Radar,Skeleton)/Training/HAU/user21/1-2-1",17.0,176.0,17164545.616,17164561.516,143.0,176.0,17164558.216,17164561.516,3,harn_anchored
user21|1|2,user21,1,2,2,Listening to the music with headphones,23_Listen_to_music_with_headphones,Steadily,NEUT,HAU/user21/1-2-2,"/Users/toheeb.ogunade/Workspace/cuchx-large/hf_data_manual/LMT_(IMU,Radar,Skeleton)/Training/HAU/user21/1-2-2",12.0,173.0,17256902.116,17256918.216,145.0,173.0,17256915.416,17256918.216,3,harn_anchored
user21|1|2,user21,1,2,3,Listening to the music with headphones,23_Listen_to_music_with_headphones,Hurriedly,FAST,HAU/user21/1-2-3,"/Users/toheeb.ogunade/Workspace/cuchx-large/hf_data_manual/LMT_(IMU,Radar,Skeleton)/Training/HAU/user21/1-2-3",10.0,159.0,17164632.916,17164647.816,138.0,159.0,17164645.716,17164647.816,3,harn_anchored
user21|1|2,user21,1,2,1,Using a phone,24_Use_a_mobile_phone,Relaxedly,SLOW,HAU/user21/1-2-1,"/Users/toheeb.ogunade/Workspace/cuchx-large/hf_data_manual/LMT_(IMU,Radar,Skeleton)/Training/HAU/user21/1-2-1",17.0,176.0,17164545.616,17164561.516,99.0,129.0,17164553.816,17164556.816,3,harn_anchored
user21|1|2,user21,1,2,2,Using a phone,24_Use_a_mobile_phone,Steadily,NEUT,HAU/user21/1-2-2,"/Users/toheeb.ogunade/Workspace/cuchx-large/hf_data_manual/LMT_(IMU,Radar,Skeleton)/Training/HAU/user21/1-2-2",12.0,173.0,17256902.116,17256918.216,68.0,126.0,17256907.716,17256913.516,3,harn_anchored
user21|1|2,user21,1,2,3,Using a phone,24_Use_a_mobile_phone,Hurriedly,FAST,HAU/user21/1-2-3,"/Users/toheeb.ogunade/Workspace/cuchx-large/hf_data_manual/LMT_(IMU,Radar,Skeleton)/Training/HAU/user21/1-2-3",10.0,159.0,17164632.916,17164647.816,89.0,113.0,17164640.816,17164643.216,3,harn_anchored
user21|1|2,user21,1,2,1,Walking,36_Walk,Relaxedly,SLOW,HAU/user21/1-2-1,"/Users/toheeb.ogunade/Workspace/cuchx-large/hf_data_manual/LMT_(IMU,Radar,Skeleton)/Training/HAU/user21/1-2-1",17.0,176.0,17164545.616,17164561.516,40.0,65.0,17164547.916,17164550.416,3,harn_anchored
user21|1|2,user21,1,2,2,Walking,36_Walk,Steadily,NEUT,HAU/user21/1-2-2,"/Users/toheeb.ogunade/Workspace/cuchx-large/hf_data_manual/LMT_(IMU,Radar,Skeleton)/Training/HAU/user21/1-2-2",12.0,173.0,17256902.116,17256918.216,37.0,49.0,17256904.616,17256905.816,3,harn_anchored
user21|1|2,user21,1,2,3,Walking,36_Walk,Hurriedly,FAST,HAU/user21/1-2-3,"/Users/toheeb.ogunade/Workspace/cuchx-large/hf_data_manual/LMT_(IMU,Radar,Skeleton)/Training/HAU/user21/1-2-3",10.0,159.0,17164632.916,17164647.816,45.0,62.0,17164636.416,17164638.116,3,harn_anchored
user21|2|1,user21,2,1,1,Sweeping,12_Sweep_the_floor,Slowly,SLOW,HAU/user21/2-1-1,"/Users/toheeb.ogunade/Workspace/cuchx-large/hf_data_manual/LMT_(IMU,Radar,Skeleton)/Training/HAU/user21/2-1-1",19.0,331.0,17159373.816,17159405.016,145.0,252.0,17159386.416,17159397.116,3,harn_anchored
user21|2|1,user21,2,1,2,Sweeping,12_Sweep_the_floor,Steadily,NEUT,HAU/user21/2-1-2,"/Users/toheeb.ogunade/Workspace/cuchx-large/hf_data_manual/LMT_(IMU,Radar,Skeleton)/Training/HAU/user21/2-1-2",11.0,306.0,17159476.016,17159505.516,121.0,226.0,17159487.016,17159497.516,3,harn_anchored
user21|2|1,user21,2,1,3,Sweeping,12_Sweep_the_floor,Rapidly,FAST,HAU/user21/2-1-3,"/Users/toheeb.ogunade/Workspace/cuchx-large/hf_data_manual/LMT_(IMU,Radar,Skeleton)/Training/HAU/user21/2-1-3",15.0,159.0,17159578.416,17159592.816,62.0,129.0,17159583.116,17159589.816,3,harn_anchored
user21|2|1,user21,2,1,1,Mopping,13_Mop_the_floor,Slowly,SLOW,HAU/user21/2-1-1,"/Users/toheeb.ogunade/Workspace/cuchx-large/hf_data_manual/LMT_(IMU,Radar,Skeleton)/Training/HAU/user21/2-1-1",19.0,331.0,17159373.816,17159405.016,290.0,330.0,17159400.916,17159404.916,3,harn_anchored
user21|2|1,user21,2,1,2,Mopping,13_Mop_the_floor,Steadily,NEUT,HAU/user21/2-1-2,"/Users/toheeb.ogunade/Workspace/cuchx-large/hf_data_manual/LMT_(IMU,Radar,Skeleton)/Training/HAU/user21/2-1-2",11.0,306.0,17159476.016,17159505.516,258.0,306.0,17159500.716,17159505.516,3,harn_anchored
user21|2|1,user21,2,1,3,Mopping,13_Mop_the_floor,Rapidly,FAST,HAU/user21/2-1-3,"/Users/toheeb.ogunade/Workspace/cuchx-large/hf_data_manual/LMT_(IMU,Radar,Skeleton)/Training/HAU/user21/2-1-3",15.0,159.0,17159578.416,17159592.816,136.0,159.0,17159590.516,17159592.816,3,harn_anchored
user21|2|1,user21,2,1,1,Grabbing utensils,8_Take_and_use_tableware,Slowly,SLOW,HAU/user21/2-1-1,"/Users/toheeb.ogunade/Workspace/cuchx-large/hf_data_manual/LMT_(IMU,Radar,Skeleton)/Training/HAU/user21/2-1-1",19.0,331.0,17159373.816,17159405.016,70.0,139.0,17159378.916,17159385.816,3,harn_anchored
user21|2|1,user21,2,1,2,Grabbing utensils,8_Take_and_use_tableware,Steadily,NEUT,HAU/user21/2-1-2,"/Users/toheeb.ogunade/Workspace/cuchx-large/hf_data_manual/LMT_(IMU,Radar,Skeleton)/Training/HAU/user21/2-1-2",11.0,306.0,17159476.016,17159505.516,34.0,108.0,17159478.316,17159485.716,3,harn_anchored
user21|2|1,user21,2,1,3,Grabbing utensils,8_Take_and_use_tableware,Rapidly,FAST,HAU/user21/2-1-3,"/Users/toheeb.ogunade/Workspace/cuchx-large/hf_data_manual/LMT_(IMU,Radar,Skeleton)/Training/HAU/user21/2-1-3",15.0,159.0,17159578.416,17159592.816,24.0,56.0,17159579.316,17159582.516,3,harn_anchored
user21|2|2,user21,2,2,1,Checking the time,20_Check_the_time,Slowly,SLOW,HAU/user21/2-2-1,"/Users/toheeb.ogunade/Workspace/cuchx-large/hf_data_manual/LMT_(IMU,Radar,Skeleton)/Training/HAU/user21/2-2-1",15.0,252.0,17164830.416,17164854.116,148.0,166.0,17164843.716,17164845.516,3,harn_anchored
user21|2|2,user21,2,2,2,Checking the time,20_Check_the_time,Naturally,NEUT,HAU/user21/2-2-2,"/Users/toheeb.ogunade/Workspace/cuchx-large/hf_data_manual/LMT_(IMU,Radar,Skeleton)/Training/HAU/user21/2-2-2",17.0,186.0,17164926.616,17164943.516,123.0,130.0,17164937.216,17164937.916,3,harn_anchored
user21|2|2,user21,2,2,3,Checking the time,20_Check_the_time,Hastily,FAST,HAU/user21/2-2-3,"/Users/toheeb.ogunade/Workspace/cuchx-large/hf_data_manual/LMT_(IMU,Radar,Skeleton)/Training/HAU/user21/2-2-3",8.0,132.0,17165367.716,17165380.116,63.0,76.0,17165373.216,17165374.516,3,harn_anchored
user21|2|2,user21,2,2,1,Turning a page,22_Turn_pages,Slowly,SLOW,HAU/user21/2-2-1,"/Users/toheeb.ogunade/Workspace/cuchx-large/hf_data_manual/LMT_(IMU,Radar,Skeleton)/Training/HAU/user21/2-2-1",15.0,252.0,17164830.416,17164854.116,77.0,200.0,17164836.616,17164848.916,3,harn_anchored
user21|2|2,user21,2,2,2,Turning a page,22_Turn_pages,Naturally,NEUT,HAU/user21/2-2-2,"/Users/toheeb.ogunade/Workspace/cuchx-large/hf_data_manual/LMT_(IMU,Radar,Skeleton)/Training/HAU/user21/2-2-2",17.0,186.0,17164926.616,17164943.516,81.0,157.0,17164933.016,17164940.616,3,harn_anchored
user21|2|2,user21,2,2,3,Turning a page,22_Turn_pages,Hastily,FAST,HAU/user21/2-2-3,"/Users/toheeb.ogunade/Workspace/cuchx-large/hf_data_manual/LMT_(IMU,Radar,Skeleton)/Training/HAU/user21/2-2-3",8.0,132.0,17165367.716,17165380.116,35.0,118.0,17165370.416,17165378.716,3,harn_anchored
user21|2|2,user21,2,2,1,Standing up,32_Stand_up,Slowly,SLOW,HAU/user21/2-2-1,"/Users/toheeb.ogunade/Workspace/cuchx-large/hf_data_manual/LMT_(IMU,Radar,Skeleton)/Training/HAU/user21/2-2-1",15.0,252.0,17164830.416,17164854.116,203.0,218.0,17164849.216,17164850.716,3,harn_anchored
user21|2|2,user21,2,2,2,Standing up,32_Stand_up,Naturally,NEUT,HAU/user21/2-2-2,"/Users/toheeb.ogunade/Workspace/cuchx-large/hf_data_manual/LMT_(IMU,Radar,Skeleton)/Training/HAU/user21/2-2-2",17.0,186.0,17164926.616,17164943.516,164.0,172.0,17164941.316,17164942.116,3,harn_anchored
user21|2|2,user21,2,2,3,Standing up,32_Stand_up,Hastily,FAST,HAU/user21/2-2-3,"/Users/toheeb.ogunade/Workspace/cuchx-large/hf_data_manual/LMT_(IMU,Radar,Skeleton)/Training/HAU/user21/2-2-3",8.0,132.0,17165367.716,17165380.116,122.0,126.0,17165379.116,17165379.516,3,harn_anchored
user21|2|2,user21,2,2,1,Walking,36_Walk,Slowly,SLOW,HAU/user21/2-2-1,"/Users/toheeb.ogunade/Workspace/cuchx-large/hf_data_manual/LMT_(IMU,Radar,Skeleton)/Training/HAU/user21/2-2-1",15.0,252.0,17164830.416,17164854.116,35.0,53.0,17164832.416,17164834.216,3,harn_anchored
user21|2|2,user21,2,2,2,Walking,36_Walk,Naturally,NEUT,HAU/user21/2-2-2,"/Users/toheeb.ogunade/Workspace/cuchx-large/hf_data_manual/LMT_(IMU,Radar,Skeleton)/Training/HAU/user21/2-2-2",17.0,186.0,17164926.616,17164943.516,27.0,63.0,17164927.616,17164931.216,3,harn_anchored
user21|2|2,user21,2,2,3,Walking,36_Walk,Hastily,FAST,HAU/user21/2-2-3,"/Users/toheeb.ogunade/Workspace/cuchx-large/hf_data_manual/LMT_(IMU,Radar,Skeleton)/Training/HAU/user21/2-2-3",8.0,132.0,17165367.716,17165380.116,12.0,21.0,17165368.116,17165369.016,3,harn_anchored
user21|3|2,user21,3,2,1,Squats,29_Do_squats,Carefully,CARE,HAU/user21/3-2-1,"/Users/toheeb.ogunade/Workspace/cuchx-large/hf_data_manual/LMT_(IMU,Radar,Skeleton)/Training/HAU/user21/3-2-1",11.0,247.0,17165154.016,17165177.616,56.0,72.0,17165158.516,17165160.116,3,harn_anchored
user21|3|2,user21,3,2,2,Squats,29_Do_squats,Calmly,SLOW,HAU/user21/3-2-2,"/Users/toheeb.ogunade/Workspace/cuchx-large/hf_data_manual/LMT_(IMU,Radar,Skeleton)/Training/HAU/user21/3-2-2",20.0,193.0,17165513.916,17165531.216,59.0,84.0,17165517.816,17165520.316,3,harn_anchored
user21|3|2,user21,3,2,3,Squats,29_Do_squats,Hurriedly,FAST,HAU/user21/3-2-3,"/Users/toheeb.ogunade/Workspace/cuchx-large/hf_data_manual/LMT_(IMU,Radar,Skeleton)/Training/HAU/user21/3-2-3",12.0,124.0,17165623.116,17165634.316,52.0,69.0,17165627.116,17165628.816,3,harn_anchored
user21|3|2,user21,3,2,1,Jumping jacks,30_Do_jumping_jacks,Carefully,CARE,HAU/user21/3-2-1,"/Users/toheeb.ogunade/Workspace/cuchx-large/hf_data_manual/LMT_(IMU,Radar,Skeleton)/Training/HAU/user21/3-2-1",11.0,247.0,17165154.016,17165177.616,89.0,111.0,17165161.816,17165164.016,3,harn_anchored
user21|3|2,user21,3,2,2,Jumping jacks,30_Do_jumping_jacks,Calmly,SLOW,HAU/user21/3-2-2,"/Users/toheeb.ogunade/Workspace/cuchx-large/hf_data_manual/LMT_(IMU,Radar,Skeleton)/Training/HAU/user21/3-2-2",20.0,193.0,17165513.916,17165531.216,89.0,124.0,17165520.816,17165524.316,3,harn_anchored
user21|3|2,user21,3,2,3,Jumping jacks,30_Do_jumping_jacks,Hurriedly,FAST,HAU/user21/3-2-3,"/Users/toheeb.ogunade/Workspace/cuchx-large/hf_data_manual/LMT_(IMU,Radar,Skeleton)/Training/HAU/user21/3-2-3",12.0,124.0,17165623.116,17165634.316,72.0,89.0,17165629.116,17165630.816,3,harn_anchored
user21|3|2,user21,3,2,1,Walking,36_Walk,Carefully,CARE,HAU/user21/3-2-1,"/Users/toheeb.ogunade/Workspace/cuchx-large/hf_data_manual/LMT_(IMU,Radar,Skeleton)/Training/HAU/user21/3-2-1",11.0,247.0,17165154.016,17165177.616,28.0,49.0,17165155.716,17165157.816,3,harn_anchored
user21|3|2,user21,3,2,2,Walking,36_Walk,Calmly,SLOW,HAU/user21/3-2-2,"/Users/toheeb.ogunade/Workspace/cuchx-large/hf_data_manual/LMT_(IMU,Radar,Skeleton)/Training/HAU/user21/3-2-2",20.0,193.0,17165513.916,17165531.216,31.0,52.0,17165515.016,17165517.116,3,harn_anchored
user21|3|2,user21,3,2,3,Walking,36_Walk,Hurriedly,FAST,HAU/user21/3-2-3,"/Users/toheeb.ogunade/Workspace/cuchx-large/hf_data_manual/LMT_(IMU,Radar,Skeleton)/Training/HAU/user21/3-2-3",12.0,124.0,17165623.116,17165634.316,40.0,50.0,17165625.916,17165626.916,3,harn_anchored
user21|3|2,user21,3,2,1,Massaging oneself,38_Massage_oneself,Carefully,CARE,HAU/user21/3-2-1,"/Users/toheeb.ogunade/Workspace/cuchx-large/hf_data_manual/LMT_(IMU,Radar,Skeleton)/Training/HAU/user21/3-2-1",11.0,247.0,17165154.016,17165177.616,222.0,245.0,17165175.116,17165177.416,3,harn_anchored
user21|3|2,user21,3,2,2,Massaging oneself,38_Massage_oneself,Calmly,SLOW,HAU/user21/3-2-2,"/Users/toheeb.ogunade/Workspace/cuchx-large/hf_data_manual/LMT_(IMU,Radar,Skeleton)/Training/HAU/user21/3-2-2",20.0,193.0,17165513.916,17165531.216,177.0,193.0,17165529.616,17165531.216,3,harn_anchored
user21|3|2,user21,3,2,3,Massaging oneself,38_Massage_oneself,Hurriedly,FAST,HAU/user21/3-2-3,"/Users/toheeb.ogunade/Workspace/cuchx-large/hf_data_manual/LMT_(IMU,Radar,Skeleton)/Training/HAU/user21/3-2-3",12.0,124.0,17165623.116,17165634.316,115.0,124.0,17165633.416,17165634.316,3,harn_anchored
user21|3|2,user21,3,2,1,Checking body temperature,39_Take_body_temperature,Carefully,CARE,HAU/user21/3-2-1,"/Users/toheeb.ogunade/Workspace/cuchx-large/hf_data_manual/LMT_(IMU,Radar,Skeleton)/Training/HAU/user21/3-2-1",11.0,247.0,17165154.016,17165177.616,144.0,172.0,17165167.316,17165170.116,3,harn_anchored
user21|3|2,user21,3,2,2,Checking body temperature,39_Take_body_temperature,Calmly,SLOW,HAU/user21/3-2-2,"/Users/toheeb.ogunade/Workspace/cuchx-large/hf_data_manual/LMT_(IMU,Radar,Skeleton)/Training/HAU/user21/3-2-2",20.0,193.0,17165513.916,17165531.216,143.0,164.0,17165526.216,17165528.316,3,harn_anchored
user21|3|2,user21,3,2,3,Checking body temperature,39_Take_body_temperature,Hurriedly,FAST,HAU/user21/3-2-3,"/Users/toheeb.ogunade/Workspace/cuchx-large/hf_data_manual/LMT_(IMU,Radar,Skeleton)/Training/HAU/user21/3-2-3",12.0,124.0,17165623.116,17165634.316,99.0,109.0,17165631.816,17165632.816,3,harn_anchored
user21|4|1,user21,4,1,1,Calling,19_Make_a_phone_call,Lazily,SLOW,HAU/user21/4-1-1,"/Users/toheeb.ogunade/Workspace/cuchx-large/hf_data_manual/LMT_(IMU,Radar,Skeleton)/Training/HAU/user21/4-1-1",11.0,280.0,17082268.016,17082294.916,115.0,184.0,17082278.416,17082285.316,3,harn_anchored
user21|4|1,user21,4,1,2,Calling,19_Make_a_phone_call,Calmly,SLOW,HAU/user21/4-1-2,"/Users/toheeb.ogunade/Workspace/cuchx-large/hf_data_manual/LMT_(IMU,Radar,Skeleton)/Training/HAU/user21/4-1-2",11.0,195.0,17082453.016,17082471.416,84.0,139.0,17082460.316,17082465.816,3,harn_anchored
user21|4|1,user21,4,1,3,Calling,19_Make_a_phone_call,Anxiously,NERV,HAU/user21/4-1-3,"/Users/toheeb.ogunade/Workspace/cuchx-large/hf_data_manual/LMT_(IMU,Radar,Skeleton)/Training/HAU/user21/4-1-3",10.0,124.0,17082540.916,17082552.316,66.0,95.0,17082546.516,17082549.416,3,harn_anchored
user21|4|1,user21,4,1,1,Using a phone,24_Use_a_mobile_phone,Lazily,SLOW,HAU/user21/4-1-1,"/Users/toheeb.ogunade/Workspace/cuchx-large/hf_data_manual/LMT_(IMU,Radar,Skeleton)/Training/HAU/user21/4-1-1",11.0,280.0,17082268.016,17082294.916,74.0,112.0,17082274.316,17082278.116,3,harn_anchored
user21|4|1,user21,4,1,2,Using a phone,24_Use_a_mobile_phone,Calmly,SLOW,HAU/user21/4-1-2,"/Users/toheeb.ogunade/Workspace/cuchx-large/hf_data_manual/LMT_(IMU,Radar,Skeleton)/Training/HAU/user21/4-1-2",11.0,195.0,17082453.016,17082471.416,62.0,79.0,17082458.116,17082459.816,3,harn_anchored
user21|4|1,user21,4,1,3,Using a phone,24_Use_a_mobile_phone,Anxiously,NERV,HAU/user21/4-1-3,"/Users/toheeb.ogunade/Workspace/cuchx-large/hf_data_manual/LMT_(IMU,Radar,Skeleton)/Training/HAU/user21/4-1-3",10.0,124.0,17082540.916,17082552.316,49.0,62.0,17082544.816,17082546.116,3,harn_anchored
user21|4|1,user21,4,1,1,Standing up,32_Stand_up,Lazily,SLOW,HAU/user21/4-1-1,"/Users/toheeb.ogunade/Workspace/cuchx-large/hf_data_manual/LMT_(IMU,Radar,Skeleton)/Training/HAU/user21/4-1-1",11.0,280.0,17082268.016,17082294.916,213.0,222.0,17082288.216,17082289.116,3,harn_anchored
user21|4|1,user21,4,1,2,Standing up,32_Stand_up,Calmly,SLOW,HAU/user21/4-1-2,"/Users/toheeb.ogunade/Workspace/cuchx-large/hf_data_manual/LMT_(IMU,Radar,Skeleton)/Training/HAU/user21/4-1-2",11.0,195.0,17082453.016,17082471.416,161.0,166.0,17082468.016,17082468.516,3,harn_anchored
user21|4|1,user21,4,1,3,Standing up,32_Stand_up,Anxiously,NERV,HAU/user21/4-1-3,"/Users/toheeb.ogunade/Workspace/cuchx-large/hf_data_manual/LMT_(IMU,Radar,Skeleton)/Training/HAU/user21/4-1-3",10.0,124.0,17082540.916,17082552.316,103.0,105.0,17082550.216,17082550.416,3,harn_anchored
user21|4|1,user21,4,1,1,Walking,36_Walk,Lazily,SLOW,HAU/user21/4-1-1,"/Users/toheeb.ogunade/Workspace/cuchx-large/hf_data_manual/LMT_(IMU,Radar,Skeleton)/Training/HAU/user21/4-1-1",11.0,280.0,17082268.016,17082294.916,238.0,258.0,17082290.716,17082292.716,3,harn_anchored
user21|4|1,user21,4,1,2,Walking,36_Walk,Calmly,SLOW,HAU/user21/4-1-2,"/Users/toheeb.ogunade/Workspace/cuchx-large/hf_data_manual/LMT_(IMU,Radar,Skeleton)/Training/HAU/user21/4-1-2",11.0,195.0,17082453.016,17082471.416,173.0,187.0,17082469.216,17082470.616,3,harn_anchored
user21|4|1,user21,4,1,3,Walking,36_Walk,Anxiously,NERV,HAU/user21/4-1-3,"/Users/toheeb.ogunade/Workspace/cuchx-large/hf_data_manual/LMT_(IMU,Radar,Skeleton)/Training/HAU/user21/4-1-3",10.0,124.0,17082540.916,17082552.316,107.0,122.0,17082550.616,17082552.116,3,harn_anchored
user21|4|2,user21,4,2,1,Washing face,0_Wash_face,Unhurriedly,SLOW,HAU/user21/4-2-1,"/Users/toheeb.ogunade/Workspace/cuchx-large/hf_data_manual/LMT_(IMU,Radar,Skeleton)/Training/HAU/user21/4-2-1",12.0,134.0,17254001.116,17254013.316,51.0,57.0,17254005.016,17254005.616,3,harn_anchored
user21|4|2,user21,4,2,2,Washing face,0_Wash_face,Earnestly,CARE,HAU/user21/4-2-2,"/Users/toheeb.ogunade/Workspace/cuchx-large/hf_data_manual/LMT_(IMU,Radar,Skeleton)/Training/HAU/user21/4-2-2",15.0,73.0,17254068.416,17254074.216,31.0,36.0,17254070.016,17254070.516,3,harn_anchored
user21|4|2,user21,4,2,3,Washing face,0_Wash_face,Quickly,FAST,HAU/user21/4-2-3,"/Users/toheeb.ogunade/Workspace/cuchx-large/hf_data_manual/LMT_(IMU,Radar,Skeleton)/Training/HAU/user21/4-2-3",10.0,67.0,17254122.916,17254128.616,24.0,32.0,17254124.316,17254125.116,3,harn_anchored
user21|4|2,user21,4,2,1,Brushing teeth,1_Brush_teeth,Unhurriedly,SLOW,HAU/user21/4-2-1,"/Users/toheeb.ogunade/Workspace/cuchx-large/hf_data_manual/LMT_(IMU,Radar,Skeleton)/Training/HAU/user21/4-2-1",12.0,134.0,17254001.116,17254013.316,77.0,91.0,17254007.616,17254009.016,3,harn_anchored
user21|4|2,user21,4,2,2,Brushing teeth,1_Brush_teeth,Earnestly,CARE,HAU/user21/4-2-2,"/Users/toheeb.ogunade/Workspace/cuchx-large/hf_data_manual/LMT_(IMU,Radar,Skeleton)/Training/HAU/user21/4-2-2",15.0,73.0,17254068.416,17254074.216,52.0,62.0,17254072.116,17254073.116,3,harn_anchored
user21|4|2,user21,4,2,3,Brushing teeth,1_Brush_teeth,Quickly,FAST,HAU/user21/4-2-3,"/Users/toheeb.ogunade/Workspace/cuchx-large/hf_data_manual/LMT_(IMU,Radar,Skeleton)/Training/HAU/user21/4-2-3",10.0,67.0,17254122.916,17254128.616,39.0,48.0,17254125.816,17254126.716,3,harn_anchored
user21|4|2,user21,4,2,1,Combing hair,2_Comb_hair,Unhurriedly,SLOW,HAU/user21/4-2-1,"/Users/toheeb.ogunade/Workspace/cuchx-large/hf_data_manual/LMT_(IMU,Radar,Skeleton)/Training/HAU/user21/4-2-1",12.0,134.0,17254001.116,17254013.316,119.0,134.0,17254011.816,17254013.316,3,harn_anchored
user21|4|2,user21,4,2,2,Combing hair,2_Comb_hair,Earnestly,CARE,HAU/user21/4-2-2,"/Users/toheeb.ogunade/Workspace/cuchx-large/hf_data_manual/LMT_(IMU,Radar,Skeleton)/Training/HAU/user21/4-2-2",15.0,73.0,17254068.416,17254074.216,63.0,73.0,17254073.216,17254074.216,3,harn_anchored
user21|4|2,user21,4,2,3,Combing hair,2_Comb_hair,Quickly,FAST,HAU/user21/4-2-3,"/Users/toheeb.ogunade/Workspace/cuchx-large/hf_data_manual/LMT_(IMU,Radar,Skeleton)/Training/HAU/user21/4-2-3",10.0,67.0,17254122.916,17254128.616,61.0,67.0,17254128.016,17254128.616,3,harn_anchored
user21|5|1,user21,5,1,1,Taking a selfie,27_Take_a_selfie,Gracefully,NEUT,HAU/user21/5-1-1,"/Users/toheeb.ogunade/Workspace/cuchx-large/hf_data_manual/LMT_(IMU,Radar,Skeleton)/Training/HAU/user21/5-1-1",12.0,99.0,17254208.116,17254216.816,88.0,97.0,17254215.716,17254216.616,3,harn_anchored
user21|5|1,user21,5,1,2,Taking a selfie,27_Take_a_selfie,Steadily,NEUT,HAU/user21/5-1-2,"/Users/toheeb.ogunade/Workspace/cuchx-large/hf_data_manual/LMT_(IMU,Radar,Skeleton)/Training/HAU/user21/5-1-2",13.0,92.0,17254276.216,17254284.116,82.0,91.0,17254283.116,17254284.016,3,harn_anchored
user21|5|1,user21,5,1,3,Taking a selfie,27_Take_a_selfie,Quickly,FAST,HAU/user21/5-1-3,"/Users/toheeb.ogunade/Workspace/cuchx-large/hf_data_manual/LMT_(IMU,Radar,Skeleton)/Training/HAU/user21/5-1-3",21.0,65.0,17254469.016,17254473.416,51.0,64.0,17254472.016,17254473.316,3,harn_anchored
user21|5|1,user21,5,1,1,Walking,36_Walk,Gracefully,NEUT,HAU/user21/5-1-1,"/Users/toheeb.ogunade/Workspace/cuchx-large/hf_data_manual/LMT_(IMU,Radar,Skeleton)/Training/HAU/user21/5-1-1",12.0,99.0,17254208.116,17254216.816,37.0,42.0,17254210.616,17254211.116,3,harn_anchored
user21|5|1,user21,5,1,2,Walking,36_Walk,Steadily,NEUT,HAU/user21/5-1-2,"/Users/toheeb.ogunade/Workspace/cuchx-large/hf_data_manual/LMT_(IMU,Radar,Skeleton)/Training/HAU/user21/5-1-2",13.0,92.0,17254276.216,17254284.116,40.0,49.0,17254278.916,17254279.816,3,harn_anchored
user21|5|1,user21,5,1,3,Walking,36_Walk,Quickly,FAST,HAU/user21/5-1-3,"/Users/toheeb.ogunade/Workspace/cuchx-large/hf_data_manual/LMT_(IMU,Radar,Skeleton)/Training/HAU/user21/5-1-3",21.0,65.0,17254469.016,17254473.416,31.0,35.0,17254470.016,17254470.416,3,harn_anchored
user21|5|2,user21,5,2,1,Peeling fruit,11_Peel_fruits,Leisurely,SLOW,HAU/user21/5-2-1,"/Users/toheeb.ogunade/Workspace/cuchx-large/hf_data_manual/LMT_(IMU,Radar,Skeleton)/Training/HAU/user21/5-2-1",6.0,248.0,17082816.516,17082840.716,195.0,245.0,17082835.416,17082840.416,3,harn_anchored
user21|5|2,user21,5,2,2,Peeling fruit,11_Peel_fruits,Confidently,NEUT,HAU/user21/5-2-2,"/Users/toheeb.ogunade/Workspace/cuchx-large/hf_data_manual/LMT_(IMU,Radar,Skeleton)/Training/HAU/user21/5-2-2",1.0,199.0,17082945.016,17082964.816,125.0,188.0,17082957.416,17082963.716,3,harn_anchored
user21|5|2,user21,5,2,3,Peeling fruit,11_Peel_fruits,Hurriedly,FAST,HAU/user21/5-2-3,"/Users/toheeb.ogunade/Workspace/cuchx-large/hf_data_manual/LMT_(IMU,Radar,Skeleton)/Training/HAU/user21/5-2-3",8.0,168.0,17083113.716,17083129.716,136.0,168.0,17083126.516,17083129.716,3,harn_anchored
user21|5|2,user21,5,2,1,Listening to the music with headphones,23_Listen_to_music_with_headphones,Leisurely,SLOW,HAU/user21/5-2-1,"/Users/toheeb.ogunade/Workspace/cuchx-large/hf_data_manual/LMT_(IMU,Radar,Skeleton)/Training/HAU/user21/5-2-1",6.0,248.0,17082816.516,17082840.716,117.0,127.0,17082827.616,17082828.616,3,harn_anchored
user21|5|2,user21,5,2,2,Listening to the music with headphones,23_Listen_to_music_with_headphones,Confidently,NEUT,HAU/user21/5-2-2,"/Users/toheeb.ogunade/Workspace/cuchx-large/hf_data_manual/LMT_(IMU,Radar,Skeleton)/Training/HAU/user21/5-2-2",1.0,199.0,17082945.016,17082964.816,95.0,115.0,17082954.416,17082956.416,3,harn_anchored
user21|5|2,user21,5,2,3,Listening to the music with headphones,23_Listen_to_music_with_headphones,Hurriedly,FAST,HAU/user21/5-2-3,"/Users/toheeb.ogunade/Workspace/cuchx-large/hf_data_manual/LMT_(IMU,Radar,Skeleton)/Training/HAU/user21/5-2-3",8.0,168.0,17083113.716,17083129.716,88.0,126.0,17083121.716,17083125.516,3,harn_anchored
user21|5|2,user21,5,2,1,Using a phone,24_Use_a_mobile_phone,Leisurely,SLOW,HAU/user21/5-2-1,"/Users/toheeb.ogunade/Workspace/cuchx-large/hf_data_manual/LMT_(IMU,Radar,Skeleton)/Training/HAU/user21/5-2-1",6.0,248.0,17082816.516,17082840.716,58.0,75.0,17082821.716,17082823.416,3,harn_anchored
user21|5|2,user21,5,2,2,Using a phone,24_Use_a_mobile_phone,Confidently,NEUT,HAU/user21/5-2-2,"/Users/toheeb.ogunade/Workspace/cuchx-large/hf_data_manual/LMT_(IMU,Radar,Skeleton)/Training/HAU/user21/5-2-2",1.0,199.0,17082945.016,17082964.816,45.0,75.0,17082949.416,17082952.416,3,harn_anchored
user21|5|2,user21,5,2,3,Using a phone,24_Use_a_mobile_phone,Hurriedly,FAST,HAU/user21/5-2-3,"/Users/toheeb.ogunade/Workspace/cuchx-large/hf_data_manual/LMT_(IMU,Radar,Skeleton)/Training/HAU/user21/5-2-3",8.0,168.0,17083113.716,17083129.716,49.0,75.0,17083117.816,17083120.416,3,harn_anchored
user21|5|2,user21,5,2,1,Walking,36_Walk,Leisurely,SLOW,HAU/user21/5-2-1,"/Users/toheeb.ogunade/Workspace/cuchx-large/hf_data_manual/LMT_(IMU,Radar,Skeleton)/Training/HAU/user21/5-2-1",6.0,248.0,17082816.516,17082840.716,25.0,42.0,17082818.416,17082820.116,3,harn_anchored
user21|5|2,user21,5,2,2,Walking,36_Walk,Confidently,NEUT,HAU/user21/5-2-2,"/Users/toheeb.ogunade/Workspace/cuchx-large/hf_data_manual/LMT_(IMU,Radar,Skeleton)/Training/HAU/user21/5-2-2",1.0,199.0,17082945.016,17082964.816,11.0,33.0,17082946.016,17082948.216,3,harn_anchored
user21|5|2,user21,5,2,3,Walking,36_Walk,Hurriedly,FAST,HAU/user21/5-2-3,"/Users/toheeb.ogunade/Workspace/cuchx-large/hf_data_manual/LMT_(IMU,Radar,Skeleton)/Training/HAU/user21/5-2-3",8.0,168.0,17083113.716,17083129.716,13.0,28.0,17083114.216,17083115.716,3,harn_anchored
user21|6|1,user21,6,1,1,Checking body temperature,39_Take_body_temperature,Slowly,SLOW,HAU/user21/6-1-1,"/Users/toheeb.ogunade/Workspace/cuchx-large/hf_data_manual/LMT_(IMU,Radar,Skeleton)/Training/HAU/user21/6-1-1",17.0,170.0,17254596.616,17254611.916,38.0,61.0,17254598.716,17254601.016,3,harn_anchored
user21|6|1,user21,6,1,2,Checking body temperature,39_Take_body_temperature,Steadily,NEUT,HAU/user21/6-1-2,"/Users/toheeb.ogunade/Workspace/cuchx-large/hf_data_manual/LMT_(IMU,Radar,Skeleton)/Training/HAU/user21/6-1-2",13.0,202.0,17254673.216,17254692.116,37.0,42.0,17254675.616,17254676.116,3,harn_anchored
user21|6|1,user21,6,1,3,Checking body temperature,39_Take_body_temperature,Rapidly,FAST,HAU/user21/6-1-3,"/Users/toheeb.ogunade/Workspace/cuchx-large/hf_data_manual/LMT_(IMU,Radar,Skeleton)/Training/HAU/user21/6-1-3",16.0,94.0,17254760.516,17254768.316,26.0,28.0,17254761.516,17254761.716,3,harn_anchored
user21|6|1,user21,6,1,1,Getting dressed,5_Put_on_clothes,Slowly,SLOW,HAU/user21/6-1-1,"/Users/toheeb.ogunade/Workspace/cuchx-large/hf_data_manual/LMT_(IMU,Radar,Skeleton)/Training/HAU/user21/6-1-1",17.0,170.0,17254596.616,17254611.916,86.0,170.0,17254603.516,17254611.916,3,harn_anchored
user21|6|1,user21,6,1,2,Getting dressed,5_Put_on_clothes,Steadily,NEUT,HAU/user21/6-1-2,"/Users/toheeb.ogunade/Workspace/cuchx-large/hf_data_manual/LMT_(IMU,Radar,Skeleton)/Training/HAU/user21/6-1-2",13.0,202.0,17254673.216,17254692.116,82.0,202.0,17254680.116,17254692.116,3,harn_anchored
user21|6|1,user21,6,1,3,Getting dressed,5_Put_on_clothes,Rapidly,FAST,HAU/user21/6-1-3,"/Users/toheeb.ogunade/Workspace/cuchx-large/hf_data_manual/LMT_(IMU,Radar,Skeleton)/Training/HAU/user21/6-1-3",16.0,94.0,17254760.516,17254768.316,48.0,91.0,17254763.716,17254768.016,3,harn_anchored
user21|6|2,user21,6,2,1,Checking the time,20_Check_the_time,Peacefully,SLOW,HAU/user21/6-2-1,"/Users/toheeb.ogunade/Workspace/cuchx-large/hf_data_manual/LMT_(IMU,Radar,Skeleton)/Training/HAU/user21/6-2-1",18.0,232.0,17083390.716,17083412.116,205.0,232.0,17083409.416,17083412.116,3,harn_anchored
user21|6|2,user21,6,2,2,Checking the time,20_Check_the_time,Calmly,SLOW,HAU/user21/6-2-2,"/Users/toheeb.ogunade/Workspace/cuchx-large/hf_data_manual/LMT_(IMU,Radar,Skeleton)/Training/HAU/user21/6-2-2",10.0,167.0,17083479.916,17083495.616,150.0,167.0,17083493.916,17083495.616,3,harn_anchored
user21|6|2,user21,6,2,3,Checking the time,20_Check_the_time,Tensely,NERV,HAU/user21/6-2-3,"/Users/toheeb.ogunade/Workspace/cuchx-large/hf_data_manual/LMT_(IMU,Radar,Skeleton)/Training/HAU/user21/6-2-3",12.0,96.0,17083553.116,17083561.516,79.0,96.0,17083559.816,17083561.516,3,harn_anchored
user21|6|2,user21,6,2,1,Walking,36_Walk,Peacefully,SLOW,HAU/user21/6-2-1,"/Users/toheeb.ogunade/Workspace/cuchx-large/hf_data_manual/LMT_(IMU,Radar,Skeleton)/Training/HAU/user21/6-2-1",18.0,232.0,17083390.716,17083412.116,46.0,75.0,17083393.516,17083396.416,3,harn_anchored
user21|6|2,user21,6,2,2,Walking,36_Walk,Calmly,SLOW,HAU/user21/6-2-2,"/Users/toheeb.ogunade/Workspace/cuchx-large/hf_data_manual/LMT_(IMU,Radar,Skeleton)/Training/HAU/user21/6-2-2",10.0,167.0,17083479.916,17083495.616,30.0,57.0,17083481.916,17083484.616,3,harn_anchored
user21|6|2,user21,6,2,3,Walking,36_Walk,Tensely,NERV,HAU/user21/6-2-3,"/Users/toheeb.ogunade/Workspace/cuchx-large/hf_data_manual/LMT_(IMU,Radar,Skeleton)/Training/HAU/user21/6-2-3",12.0,96.0,17083553.116,17083561.516,19.0,31.0,17083553.816,17083555.016,3,harn_anchored
user21|6|2,user21,6,2,1,Drinking,6_Drink_water,Peacefully,SLOW,HAU/user21/6-2-1,"/Users/toheeb.ogunade/Workspace/cuchx-large/hf_data_manual/LMT_(IMU,Radar,Skeleton)/Training/HAU/user21/6-2-1",18.0,232.0,17083390.716,17083412.116,165.0,190.0,17083405.416,17083407.916,3,harn_anchored
user21|6|2,user21,6,2,2,Drinking,6_Drink_water,Calmly,SLOW,HAU/user21/6-2-2,"/Users/toheeb.ogunade/Workspace/cuchx-large/hf_data_manual/LMT_(IMU,Radar,Skeleton)/Training/HAU/user21/6-2-2",10.0,167.0,17083479.916,17083495.616,111.0,138.0,17083490.016,17083492.716,3,harn_anchored
user21|6|2,user21,6,2,3,Drinking,6_Drink_water,Tensely,NERV,HAU/user21/6-2-3,"/Users/toheeb.ogunade/Workspace/cuchx-large/hf_data_manual/LMT_(IMU,Radar,Skeleton)/Training/HAU/user21/6-2-3",12.0,96.0,17083553.116,17083561.516,62.0,71.0,17083558.116,17083559.016,3,harn_anchored
user21|6|2,user21,6,2,1,Pouring,9_Pour_drinks,Peacefully,SLOW,HAU/user21/6-2-1,"/Users/toheeb.ogunade/Workspace/cuchx-large/hf_data_manual/LMT_(IMU,Radar,Skeleton)/Training/HAU/user21/6-2-1",18.0,232.0,17083390.716,17083412.116,116.0,140.0,17083400.516,17083402.916,3,harn_anchored
user21|6|2,user21,6,2,2,Pouring,9_Pour_drinks,Calmly,SLOW,HAU/user21/6-2-2,"/Users/toheeb.ogunade/Workspace/cuchx-large/hf_data_manual/LMT_(IMU,Radar,Skeleton)/Training/HAU/user21/6-2-2",10.0,167.0,17083479.916,17083495.616,73.0,89.0,17083486.216,17083487.816,3,harn_anchored
user21|6|2,user21,6,2,3,Pouring,9_Pour_drinks,Tensely,NERV,HAU/user21/6-2-3,"/Users/toheeb.ogunade/Workspace/cuchx-large/hf_data_manual/LMT_(IMU,Radar,Skeleton)/Training/HAU/user21/6-2-3",12.0,96.0,17083553.116,17083561.516,39.0,53.0,17083555.816,17083557.216,3,harn_anchored
user21|7|1,user21,7,1,1,Taking medicine,37_Take_medicine,Leisurely,SLOW,HAU/user21/7-1-1,"/Users/toheeb.ogunade/Workspace/cuchx-large/hf_data_manual/LMT_(IMU,Radar,Skeleton)/Training/HAU/user21/7-1-1",17.0,219.0,17160256.616,17160276.816,168.0,179.0,17160271.716,17160272.816,3,harn_anchored
user21|7|1,user21,7,1,2,Taking medicine,37_Take_medicine,Hastily,FAST,HAU/user21/7-1-2,"/Users/toheeb.ogunade/Workspace/cuchx-large/hf_data_manual/LMT_(IMU,Radar,Skeleton)/Training/HAU/user21/7-1-2",13.0,148.0,17160342.216,17160355.716,109.0,121.0,17160351.816,17160353.016,3,harn_anchored
user21|7|1,user21,7,1,3,Taking medicine,37_Take_medicine,Steadily,NEUT,HAU/user21/7-1-3,"/Users/toheeb.ogunade/Workspace/cuchx-large/hf_data_manual/LMT_(IMU,Radar,Skeleton)/Training/HAU/user21/7-1-3",20.0,272.0,17160416.916,17160442.116,225.0,236.0,17160437.416,17160438.516,3,harn_anchored
user21|7|1,user21,7,1,1,Massaging oneself,38_Massage_oneself,Leisurely,SLOW,HAU/user21/7-1-1,"/Users/toheeb.ogunade/Workspace/cuchx-large/hf_data_manual/LMT_(IMU,Radar,Skeleton)/Training/HAU/user21/7-1-1",17.0,219.0,17160256.616,17160276.816,198.0,219.0,17160274.716,17160276.816,3,harn_anchored
user21|7|1,user21,7,1,2,Massaging oneself,38_Massage_oneself,Hastily,FAST,HAU/user21/7-1-2,"/Users/toheeb.ogunade/Workspace/cuchx-large/hf_data_manual/LMT_(IMU,Radar,Skeleton)/Training/HAU/user21/7-1-2",13.0,148.0,17160342.216,17160355.716,131.0,147.0,17160354.016,17160355.616,3,harn_anchored
user21|7|1,user21,7,1,3,Massaging oneself,38_Massage_oneself,Steadily,NEUT,HAU/user21/7-1-3,"/Users/toheeb.ogunade/Workspace/cuchx-large/hf_data_manual/LMT_(IMU,Radar,Skeleton)/Training/HAU/user21/7-1-3",20.0,272.0,17160416.916,17160442.116,250.0,271.0,17160439.916,17160442.016,3,harn_anchored
user21|7|1,user21,7,1,1,Drinking,6_Drink_water,Leisurely,SLOW,HAU/user21/7-1-1,"/Users/toheeb.ogunade/Workspace/cuchx-large/hf_data_manual/LMT_(IMU,Radar,Skeleton)/Training/HAU/user21/7-1-1",17.0,219.0,17160256.616,17160276.816,38.0,53.0,17160258.716,17160260.216,3,harn_anchored
user21|7|1,user21,7,1,2,Drinking,6_Drink_water,Hastily,FAST,HAU/user21/7-1-2,"/Users/toheeb.ogunade/Workspace/cuchx-large/hf_data_manual/LMT_(IMU,Radar,Skeleton)/Training/HAU/user21/7-1-2",13.0,148.0,17160342.216,17160355.716,30.0,40.0,17160343.916,17160344.916,3,harn_anchored
user21|7|1,user21,7,1,3,Drinking,6_Drink_water,Steadily,NEUT,HAU/user21/7-1-3,"/Users/toheeb.ogunade/Workspace/cuchx-large/hf_data_manual/LMT_(IMU,Radar,Skeleton)/Training/HAU/user21/7-1-3",20.0,272.0,17160416.916,17160442.116,56.0,74.0,17160420.516,17160422.316,3,harn_anchored
user21|7|1,user21,7,1,1,Eating,7_Eat_food,Leisurely,SLOW,HAU/user21/7-1-1,"/Users/toheeb.ogunade/Workspace/cuchx-large/hf_data_manual/LMT_(IMU,Radar,Skeleton)/Training/HAU/user21/7-1-1",17.0,219.0,17160256.616,17160276.816,103.0,118.0,17160265.216,17160266.716,3,harn_anchored
user21|7|1,user21,7,1,2,Eating,7_Eat_food,Hastily,FAST,HAU/user21/7-1-2,"/Users/toheeb.ogunade/Workspace/cuchx-large/hf_data_manual/LMT_(IMU,Radar,Skeleton)/Training/HAU/user21/7-1-2",13.0,148.0,17160342.216,17160355.716,68.0,79.0,17160347.716,17160348.816,3,harn_anchored
user21|7|1,user21,7,1,3,Eating,7_Eat_food,Steadily,NEUT,HAU/user21/7-1-3,"/Users/toheeb.ogunade/Workspace/cuchx-large/hf_data_manual/LMT_(IMU,Radar,Skeleton)/Training/HAU/user21/7-1-3",20.0,272.0,17160416.916,17160442.116,129.0,145.0,17160427.816,17160429.416,3,harn_anchored
user21|7|1,user21,7,1,1,Grabbing utensils,8_Take_and_use_tableware,Leisurely,SLOW,HAU/user21/7-1-1,"/Users/toheeb.ogunade/Workspace/cuchx-large/hf_data_manual/LMT_(IMU,Radar,Skeleton)/Training/HAU/user21/7-1-1",17.0,219.0,17160256.616,17160276.816,82.0,91.0,17160263.116,17160264.016,3,harn_anchored
user21|7|1,user21,7,1,2,Grabbing utensils,8_Take_and_use_tableware,Hastily,FAST,HAU/user21/7-1-2,"/Users/toheeb.ogunade/Workspace/cuchx-large/hf_data_manual/LMT_(IMU,Radar,Skeleton)/Training/HAU/user21/7-1-2",13.0,148.0,17160342.216,17160355.716,53.0,61.0,17160346.216,17160347.016,3,harn_anchored
user21|7|1,user21,7,1,3,Grabbing utensils,8_Take_and_use_tableware,Steadily,NEUT,HAU/user21/7-1-3,"/Users/toheeb.ogunade/Workspace/cuchx-large/hf_data_manual/LMT_(IMU,Radar,Skeleton)/Training/HAU/user21/7-1-3",20.0,272.0,17160416.916,17160442.116,97.0,112.0,17160424.616,17160426.116,3,harn_anchored
user21|7|2,user21,7,2,1,Massaging oneself,38_Massage_oneself,Slowly,SLOW,HAU/user21/7-2-1,"/Users/toheeb.ogunade/Workspace/cuchx-large/hf_data_manual/LMT_(IMU,Radar,Skeleton)/Training/HAU/user21/7-2-1",15.0,69.0,17254918.416,17254923.816,54.0,69.0,17254922.316,17254923.816,3,harn_anchored
user21|7|2,user21,7,2,2,Massaging oneself,38_Massage_oneself,Hurriedly,FAST,HAU/user21/7-2-2,"/Users/toheeb.ogunade/Workspace/cuchx-large/hf_data_manual/LMT_(IMU,Radar,Skeleton)/Training/HAU/user21/7-2-2",13.0,56.0,17255016.216,17255020.516,40.0,56.0,17255018.916,17255020.516,3,harn_anchored
user21|7|2,user21,7,2,3,Massaging oneself,38_Massage_oneself,Softly,SLOW,HAU/user21/7-2-3,"/Users/toheeb.ogunade/Workspace/cuchx-large/hf_data_manual/LMT_(IMU,Radar,Skeleton)/Training/HAU/user21/7-2-3",14.0,69.0,17255092.316,17255097.816,52.0,69.0,17255096.116,17255097.816,3,harn_anchored
user21|7|2,user21,7,2,1,Wiping hands,4_Wipe_hands,Slowly,SLOW,HAU/user21/7-2-1,"/Users/toheeb.ogunade/Workspace/cuchx-large/hf_data_manual/LMT_(IMU,Radar,Skeleton)/Training/HAU/user21/7-2-1",15.0,69.0,17254918.416,17254923.816,27.0,49.0,17254919.616,17254921.816,3,harn_anchored
user21|7|2,user21,7,2,2,Wiping hands,4_Wipe_hands,Hurriedly,FAST,HAU/user21/7-2-2,"/Users/toheeb.ogunade/Workspace/cuchx-large/hf_data_manual/LMT_(IMU,Radar,Skeleton)/Training/HAU/user21/7-2-2",13.0,56.0,17255016.216,17255020.516,24.0,36.0,17255017.316,17255018.516,3,harn_anchored
user21|7|2,user21,7,2,3,Wiping hands,4_Wipe_hands,Softly,SLOW,HAU/user21/7-2-3,"/Users/toheeb.ogunade/Workspace/cuchx-large/hf_data_manual/LMT_(IMU,Radar,Skeleton)/Training/HAU/user21/7-2-3",14.0,69.0,17255092.316,17255097.816,24.0,47.0,17255093.316,17255095.616,3,harn_anchored
user22|1|1,user22,1,1,2,Washing face,0_Wash_face,Carefully,CARE,HAU/user22/1-1-2,"/Users/toheeb.ogunade/Workspace/cuchx-large/hf_data_manual/LMT_(IMU,Radar,Skeleton)/Training/HAU/user22/1-1-2",18.0,121.0,17249767.716,17249778.016,74.0,98.0,17249773.316,17249775.716,2,harn_anchored
user22|1|1,user22,1,1,3,Washing face,0_Wash_face,Quickly,FAST,HAU/user22/1-1-3,"/Users/toheeb.ogunade/Workspace/cuchx-large/hf_data_manual/LMT_(IMU,Radar,Skeleton)/Training/HAU/user22/1-1-3",15.0,75.0,17249842.416,17249848.416,55.0,62.0,17249846.416,17249847.116,2,harn_anchored
user22|1|1,user22,1,1,2,Brushing teeth,1_Brush_teeth,Carefully,CARE,HAU/user22/1-1-2,"/Users/toheeb.ogunade/Workspace/cuchx-large/hf_data_manual/LMT_(IMU,Radar,Skeleton)/Training/HAU/user22/1-1-2",18.0,121.0,17249767.716,17249778.016,51.0,66.0,17249771.016,17249772.516,2,harn_anchored
user22|1|1,user22,1,1,3,Brushing teeth,1_Brush_teeth,Quickly,FAST,HAU/user22/1-1-3,"/Users/toheeb.ogunade/Workspace/cuchx-large/hf_data_manual/LMT_(IMU,Radar,Skeleton)/Training/HAU/user22/1-1-3",15.0,75.0,17249842.416,17249848.416,40.0,47.0,17249844.916,17249845.616,2,harn_anchored
user22|1|1,user22,1,1,2,Wiping hands,4_Wipe_hands,Carefully,CARE,HAU/user22/1-1-2,"/Users/toheeb.ogunade/Workspace/cuchx-large/hf_data_manual/LMT_(IMU,Radar,Skeleton)/Training/HAU/user22/1-1-2",18.0,121.0,17249767.716,17249778.016,103.0,118.0,17249776.216,17249777.716,2,harn_anchored
user22|1|1,user22,1,1,3,Wiping hands,4_Wipe_hands,Quickly,FAST,HAU/user22/1-1-3,"/Users/toheeb.ogunade/Workspace/cuchx-large/hf_data_manual/LMT_(IMU,Radar,Skeleton)/Training/HAU/user22/1-1-3",15.0,75.0,17249842.416,17249848.416,66.0,74.0,17249847.516,17249848.316,2,harn_anchored
user22|1|2,user22,1,2,1,Typing on a keyboard,17_Tap_the_keyboard,Leisurely,SLOW,HAU/user22/1-2-1,"/Users/toheeb.ogunade/Workspace/cuchx-large/hf_data_manual/LMT_(IMU,Radar,Skeleton)/Training/HAU/user22/1-2-1",15.0,281.0,17169805.416,17169832.016,172.0,202.0,17169821.116,17169824.116,3,harn_anchored
user22|1|2,user22,1,2,2,Typing on a keyboard,17_Tap_the_keyboard,Attentively,CARE,HAU/user22/1-2-2,"/Users/toheeb.ogunade/Workspace/cuchx-large/hf_data_manual/LMT_(IMU,Radar,Skeleton)/Training/HAU/user22/1-2-2",8.0,208.0,17170697.716,17170717.716,141.0,150.0,17170711.016,17170711.916,3,harn_anchored
user22|1|2,user22,1,2,3,Typing on a keyboard,17_Tap_the_keyboard,Anxiously,NERV,HAU/user22/1-2-3,"/Users/toheeb.ogunade/Workspace/cuchx-large/hf_data_manual/LMT_(IMU,Radar,Skeleton)/Training/HAU/user22/1-2-3",17.0,136.0,17170026.616,17170038.516,103.0,113.0,17170035.216,17170036.216,3,harn_anchored
user22|1|2,user22,1,2,1,Reading,21_Read_documents,Leisurely,SLOW,HAU/user22/1-2-1,"/Users/toheeb.ogunade/Workspace/cuchx-large/hf_data_manual/LMT_(IMU,Radar,Skeleton)/Training/HAU/user22/1-2-1",15.0,281.0,17169805.416,17169832.016,236.0,264.0,17169827.516,17169830.316,3,harn_anchored
user22|1|2,user22,1,2,2,Reading,21_Read_documents,Attentively,CARE,HAU/user22/1-2-2,"/Users/toheeb.ogunade/Workspace/cuchx-large/hf_data_manual/LMT_(IMU,Radar,Skeleton)/Training/HAU/user22/1-2-2",8.0,208.0,17170697.716,17170717.716,176.0,207.0,17170714.516,17170717.616,3,harn_anchored
user22|1|2,user22,1,2,3,Reading,21_Read_documents,Anxiously,NERV,HAU/user22/1-2-3,"/Users/toheeb.ogunade/Workspace/cuchx-large/hf_data_manual/LMT_(IMU,Radar,Skeleton)/Training/HAU/user22/1-2-3",17.0,136.0,17170026.616,17170038.516,127.0,135.0,17170037.616,17170038.416,3,harn_anchored
user22|1|2,user22,1,2,1,Listening to the music with headphones,23_Listen_to_music_with_headphones,Leisurely,SLOW,HAU/user22/1-2-1,"/Users/toheeb.ogunade/Workspace/cuchx-large/hf_data_manual/LMT_(IMU,Radar,Skeleton)/Training/HAU/user22/1-2-1",15.0,281.0,17169805.416,17169832.016,132.0,171.0,17169817.116,17169821.016,3,harn_anchored
user22|1|2,user22,1,2,2,Listening to the music with headphones,23_Listen_to_music_with_headphones,Attentively,CARE,HAU/user22/1-2-2,"/Users/toheeb.ogunade/Workspace/cuchx-large/hf_data_manual/LMT_(IMU,Radar,Skeleton)/Training/HAU/user22/1-2-2",8.0,208.0,17170697.716,17170717.716,108.0,128.0,17170707.716,17170709.716,3,harn_anchored
user22|1|2,user22,1,2,3,Listening to the music with headphones,23_Listen_to_music_with_headphones,Anxiously,NERV,HAU/user22/1-2-3,"/Users/toheeb.ogunade/Workspace/cuchx-large/hf_data_manual/LMT_(IMU,Radar,Skeleton)/Training/HAU/user22/1-2-3",17.0,136.0,17170026.616,17170038.516,76.0,92.0,17170032.516,17170034.116,3,harn_anchored
user22|1|2,user22,1,2,1,Combing hair,2_Comb_hair,Leisurely,SLOW,HAU/user22/1-2-1,"/Users/toheeb.ogunade/Workspace/cuchx-large/hf_data_manual/LMT_(IMU,Radar,Skeleton)/Training/HAU/user22/1-2-1",15.0,281.0,17169805.416,17169832.016,83.0,99.0,17169812.216,17169813.816,3,harn_anchored
user22|1|2,user22,1,2,2,Combing hair,2_Comb_hair,Attentively,CARE,HAU/user22/1-2-2,"/Users/toheeb.ogunade/Workspace/cuchx-large/hf_data_manual/LMT_(IMU,Radar,Skeleton)/Training/HAU/user22/1-2-2",8.0,208.0,17170697.716,17170717.716,78.0,83.0,17170704.716,17170705.216,3,harn_anchored
user22|1|2,user22,1,2,3,Combing hair,2_Comb_hair,Anxiously,NERV,HAU/user22/1-2-3,"/Users/toheeb.ogunade/Workspace/cuchx-large/hf_data_manual/LMT_(IMU,Radar,Skeleton)/Training/HAU/user22/1-2-3",17.0,136.0,17170026.616,17170038.516,55.0,61.0,17170030.416,17170031.016,3,harn_anchored
user22|1|2,user22,1,2,1,Walking,36_Walk,Leisurely,SLOW,HAU/user22/1-2-1,"/Users/toheeb.ogunade/Workspace/cuchx-large/hf_data_manual/LMT_(IMU,Radar,Skeleton)/Training/HAU/user22/1-2-1",15.0,281.0,17169805.416,17169832.016,36.0,48.0,17169807.516,17169808.716,3,harn_anchored
user22|1|2,user22,1,2,2,Walking,36_Walk,Attentively,CARE,HAU/user22/1-2-2,"/Users/toheeb.ogunade/Workspace/cuchx-large/hf_data_manual/LMT_(IMU,Radar,Skeleton)/Training/HAU/user22/1-2-2",8.0,208.0,17170697.716,17170717.716,28.0,35.0,17170699.716,17170700.416,3,harn_anchored
user22|1|2,user22,1,2,3,Walking,36_Walk,Anxiously,NERV,HAU/user22/1-2-3,"/Users/toheeb.ogunade/Workspace/cuchx-large/hf_data_manual/LMT_(IMU,Radar,Skeleton)/Training/HAU/user22/1-2-3",17.0,136.0,17170026.616,17170038.516,30.0,35.0,17170027.916,17170028.416,3,harn_anchored
user22|1|2,user22,1,2,2,Sitting down,34_Sit_down,Attentively,CARE,HAU/user22/1-2-2,"/Users/toheeb.ogunade/Workspace/cuchx-large/hf_data_manual/LMT_(IMU,Radar,Skeleton)/Training/HAU/user22/1-2-2",8.0,208.0,17170697.716,17170717.716,49.0,54.0,17170701.816,17170702.316,2,harn_anchored
user22|1|2,user22,1,2,3,Sitting down,34_Sit_down,Anxiously,NERV,HAU/user22/1-2-3,"/Users/toheeb.ogunade/Workspace/cuchx-large/hf_data_manual/LMT_(IMU,Radar,Skeleton)/Training/HAU/user22/1-2-3",17.0,136.0,17170026.616,17170038.516,44.0,51.0,17170029.316,17170030.016,2,harn_anchored
user22|2|1,user22,2,1,1,Washing dishes,14_Wipe_bowls,Meticulously,CARE,HAU/user22/2-1-1,"/Users/toheeb.ogunade/Workspace/cuchx-large/hf_data_manual/LMT_(IMU,Radar,Skeleton)/Training/HAU/user22/2-1-1",16.0,412.0,17157967.516,17158007.116,328.0,358.0,17157998.716,17158001.716,3,harn_anchored
user22|2|1,user22,2,1,2,Washing dishes,14_Wipe_bowls,Steadily,NEUT,HAU/user22/2-1-2,"/Users/toheeb.ogunade/Workspace/cuchx-large/hf_data_manual/LMT_(IMU,Radar,Skeleton)/Training/HAU/user22/2-1-2",18.0,343.0,17158088.716,17158121.216,289.0,311.0,17158115.816,17158118.016,3,harn_anchored
user22|2|1,user22,2,1,3,Washing dishes,14_Wipe_bowls,Hurriedly,FAST,HAU/user22/2-1-3,"/Users/toheeb.ogunade/Workspace/cuchx-large/hf_data_manual/LMT_(IMU,Radar,Skeleton)/Training/HAU/user22/2-1-3",14.0,194.0,17158261.316,17158279.316,160.0,172.0,17158275.916,17158277.116,3,harn_anchored
user22|2|1,user22,2,1,1,Wiping surface,15_Wipe_windows_and_tables,Meticulously,CARE,HAU/user22/2-1-1,"/Users/toheeb.ogunade/Workspace/cuchx-large/hf_data_manual/LMT_(IMU,Radar,Skeleton)/Training/HAU/user22/2-1-1",16.0,412.0,17157967.516,17158007.116,363.0,412.0,17158002.216,17158007.116,3,harn_anchored
user22|2|1,user22,2,1,2,Wiping surface,15_Wipe_windows_and_tables,Steadily,NEUT,HAU/user22/2-1-2,"/Users/toheeb.ogunade/Workspace/cuchx-large/hf_data_manual/LMT_(IMU,Radar,Skeleton)/Training/HAU/user22/2-1-2",18.0,343.0,17158088.716,17158121.216,286.0,338.0,17158115.516,17158120.716,3,harn_anchored
user22|2|1,user22,2,1,3,Wiping surface,15_Wipe_windows_and_tables,Hurriedly,FAST,HAU/user22/2-1-3,"/Users/toheeb.ogunade/Workspace/cuchx-large/hf_data_manual/LMT_(IMU,Radar,Skeleton)/Training/HAU/user22/2-1-3",14.0,194.0,17158261.316,17158279.316,175.0,184.0,17158277.416,17158278.316,3,harn_anchored
user22|2|1,user22,2,1,1,Walking,36_Walk,Meticulously,CARE,HAU/user22/2-1-1,"/Users/toheeb.ogunade/Workspace/cuchx-large/hf_data_manual/LMT_(IMU,Radar,Skeleton)/Training/HAU/user22/2-1-1",16.0,412.0,17157967.516,17158007.116,28.0,44.0,17157968.716,17157970.316,3,harn_anchored
user22|2|1,user22,2,1,2,Walking,36_Walk,Steadily,NEUT,HAU/user22/2-1-2,"/Users/toheeb.ogunade/Workspace/cuchx-large/hf_data_manual/LMT_(IMU,Radar,Skeleton)/Training/HAU/user22/2-1-2",18.0,343.0,17158088.716,17158121.216,38.0,48.0,17158090.716,17158091.716,3,harn_anchored
user22|2|1,user22,2,1,3,Walking,36_Walk,Hurriedly,FAST,HAU/user22/2-1-3,"/Users/toheeb.ogunade/Workspace/cuchx-large/hf_data_manual/LMT_(IMU,Radar,Skeleton)/Training/HAU/user22/2-1-3",14.0,194.0,17158261.316,17158279.316,23.0,31.0,17158262.216,17158263.016,3,harn_anchored
user22|2|1,user22,2,1,1,Drinking,6_Drink_water,Meticulously,CARE,HAU/user22/2-1-1,"/Users/toheeb.ogunade/Workspace/cuchx-large/hf_data_manual/LMT_(IMU,Radar,Skeleton)/Training/HAU/user22/2-1-1",16.0,412.0,17157967.516,17158007.116,272.0,303.0,17157993.116,17157996.216,3,harn_anchored
user22|2|1,user22,2,1,2,Drinking,6_Drink_water,Steadily,NEUT,HAU/user22/2-1-2,"/Users/toheeb.ogunade/Workspace/cuchx-large/hf_data_manual/LMT_(IMU,Radar,Skeleton)/Training/HAU/user22/2-1-2",18.0,343.0,17158088.716,17158121.216,249.0,268.0,17158111.816,17158113.716,3,harn_anchored
user22|2|1,user22,2,1,3,Drinking,6_Drink_water,Hurriedly,FAST,HAU/user22/2-1-3,"/Users/toheeb.ogunade/Workspace/cuchx-large/hf_data_manual/LMT_(IMU,Radar,Skeleton)/Training/HAU/user22/2-1-3",14.0,194.0,17158261.316,17158279.316,136.0,147.0,17158273.516,17158274.616,3,harn_anchored
user22|2|1,user22,2,1,1,Grabbing utensils,8_Take_and_use_tableware,Meticulously,CARE,HAU/user22/2-1-1,"/Users/toheeb.ogunade/Workspace/cuchx-large/hf_data_manual/LMT_(IMU,Radar,Skeleton)/Training/HAU/user22/2-1-1",16.0,412.0,17157967.516,17158007.116,171.0,212.0,17157983.016,17157987.116,3,harn_anchored
user22|2|1,user22,2,1,2,Grabbing utensils,8_Take_and_use_tableware,Steadily,NEUT,HAU/user22/2-1-2,"/Users/toheeb.ogunade/Workspace/cuchx-large/hf_data_manual/LMT_(IMU,Radar,Skeleton)/Training/HAU/user22/2-1-2",18.0,343.0,17158088.716,17158121.216,164.0,212.0,17158103.316,17158108.116,3,harn_anchored
user22|2|1,user22,2,1,3,Grabbing utensils,8_Take_and_use_tableware,Hurriedly,FAST,HAU/user22/2-1-3,"/Users/toheeb.ogunade/Workspace/cuchx-large/hf_data_manual/LMT_(IMU,Radar,Skeleton)/Training/HAU/user22/2-1-3",14.0,194.0,17158261.316,17158279.316,106.0,128.0,17158270.516,17158272.716,3,harn_anchored
user22|2|1,user22,2,1,1,Pouring,9_Pour_drinks,Meticulously,CARE,HAU/user22/2-1-1,"/Users/toheeb.ogunade/Workspace/cuchx-large/hf_data_manual/LMT_(IMU,Radar,Skeleton)/Training/HAU/user22/2-1-1",16.0,412.0,17157967.516,17158007.116,108.0,136.0,17157976.716,17157979.516,3,harn_anchored
user22|2|1,user22,2,1,2,Pouring,9_Pour_drinks,Steadily,NEUT,HAU/user22/2-1-2,"/Users/toheeb.ogunade/Workspace/cuchx-large/hf_data_manual/LMT_(IMU,Radar,Skeleton)/Training/HAU/user22/2-1-2",18.0,343.0,17158088.716,17158121.216,118.0,144.0,17158098.716,17158101.316,3,harn_anchored
user22|2|1,user22,2,1,3,Pouring,9_Pour_drinks,Hurriedly,FAST,HAU/user22/2-1-3,"/Users/toheeb.ogunade/Workspace/cuchx-large/hf_data_manual/LMT_(IMU,Radar,Skeleton)/Training/HAU/user22/2-1-3",14.0,194.0,17158261.316,17158279.316,72.0,95.0,17158267.116,17158269.416,3,harn_anchored
user22|2|2,user22,2,2,1,Washing face,0_Wash_face,Slowly,SLOW,HAU/user22/2-2-1,"/Users/toheeb.ogunade/Workspace/cuchx-large/hf_data_manual/LMT_(IMU,Radar,Skeleton)/Training/HAU/user22/2-2-1",13.0,273.0,17250233.216,17250259.216,67.0,83.0,17250238.616,17250240.216,3,harn_anchored
user22|2|2,user22,2,2,2,Washing face,0_Wash_face,Steadily,NEUT,HAU/user22/2-2-2,"/Users/toheeb.ogunade/Workspace/cuchx-large/hf_data_manual/LMT_(IMU,Radar,Skeleton)/Training/HAU/user22/2-2-2",14.0,304.0,17250344.316,17250373.316,55.0,67.0,17250348.416,17250349.616,3,harn_anchored
user22|2|2,user22,2,2,3,Washing face,0_Wash_face,Hurriedly,FAST,HAU/user22/2-2-3,"/Users/toheeb.ogunade/Workspace/cuchx-large/hf_data_manual/LMT_(IMU,Radar,Skeleton)/Training/HAU/user22/2-2-3",16.0,152.0,17250435.516,17250449.116,35.0,38.0,17250437.416,17250437.716,3,harn_anchored
user22|2|2,user22,2,2,1,Brushing teeth,1_Brush_teeth,Slowly,SLOW,HAU/user22/2-2-1,"/Users/toheeb.ogunade/Workspace/cuchx-large/hf_data_manual/LMT_(IMU,Radar,Skeleton)/Training/HAU/user22/2-2-1",13.0,273.0,17250233.216,17250259.216,99.0,116.0,17250241.816,17250243.516,3,harn_anchored
user22|2|2,user22,2,2,2,Brushing teeth,1_Brush_teeth,Steadily,NEUT,HAU/user22/2-2-2,"/Users/toheeb.ogunade/Workspace/cuchx-large/hf_data_manual/LMT_(IMU,Radar,Skeleton)/Training/HAU/user22/2-2-2",14.0,304.0,17250344.316,17250373.316,83.0,92.0,17250351.216,17250352.116,3,harn_anchored
user22|2|2,user22,2,2,3,Brushing teeth,1_Brush_teeth,Hurriedly,FAST,HAU/user22/2-2-3,"/Users/toheeb.ogunade/Workspace/cuchx-large/hf_data_manual/LMT_(IMU,Radar,Skeleton)/Training/HAU/user22/2-2-3",16.0,152.0,17250435.516,17250449.116,48.0,54.0,17250438.716,17250439.316,3,harn_anchored
user22|2|2,user22,2,2,1,Combing hair,2_Comb_hair,Slowly,SLOW,HAU/user22/2-2-1,"/Users/toheeb.ogunade/Workspace/cuchx-large/hf_data_manual/LMT_(IMU,Radar,Skeleton)/Training/HAU/user22/2-2-1",13.0,273.0,17250233.216,17250259.216,132.0,144.0,17250245.116,17250246.316,3,harn_anchored
user22|2|2,user22,2,2,2,Combing hair,2_Comb_hair,Steadily,NEUT,HAU/user22/2-2-2,"/Users/toheeb.ogunade/Workspace/cuchx-large/hf_data_manual/LMT_(IMU,Radar,Skeleton)/Training/HAU/user22/2-2-2",14.0,304.0,17250344.316,17250373.316,108.0,124.0,17250353.716,17250355.316,3,harn_anchored
user22|2|2,user22,2,2,3,Combing hair,2_Comb_hair,Hurriedly,FAST,HAU/user22/2-2-3,"/Users/toheeb.ogunade/Workspace/cuchx-large/hf_data_manual/LMT_(IMU,Radar,Skeleton)/Training/HAU/user22/2-2-3",16.0,152.0,17250435.516,17250449.116,67.0,74.0,17250440.616,17250441.316,3,harn_anchored
user22|2|2,user22,2,2,1,Walking,36_Walk,Slowly,SLOW,HAU/user22/2-2-1,"/Users/toheeb.ogunade/Workspace/cuchx-large/hf_data_manual/LMT_(IMU,Radar,Skeleton)/Training/HAU/user22/2-2-1",13.0,273.0,17250233.216,17250259.216,44.0,54.0,17250236.316,17250237.316,3,harn_anchored
user22|2|2,user22,2,2,2,Walking,36_Walk,Steadily,NEUT,HAU/user22/2-2-2,"/Users/toheeb.ogunade/Workspace/cuchx-large/hf_data_manual/LMT_(IMU,Radar,Skeleton)/Training/HAU/user22/2-2-2",14.0,304.0,17250344.316,17250373.316,38.0,46.0,17250346.716,17250347.516,3,harn_anchored
user22|2|2,user22,2,2,3,Walking,36_Walk,Hurriedly,FAST,HAU/user22/2-2-3,"/Users/toheeb.ogunade/Workspace/cuchx-large/hf_data_manual/LMT_(IMU,Radar,Skeleton)/Training/HAU/user22/2-2-3",16.0,152.0,17250435.516,17250449.116,23.0,28.0,17250436.216,17250436.716,3,harn_anchored
user22|2|2,user22,2,2,1,Getting dressed,5_Put_on_clothes,Slowly,SLOW,HAU/user22/2-2-1,"/Users/toheeb.ogunade/Workspace/cuchx-large/hf_data_manual/LMT_(IMU,Radar,Skeleton)/Training/HAU/user22/2-2-1",13.0,273.0,17250233.216,17250259.216,199.0,272.0,17250251.816,17250259.116,3,harn_anchored
user22|2|2,user22,2,2,2,Getting dressed,5_Put_on_clothes,Steadily,NEUT,HAU/user22/2-2-2,"/Users/toheeb.ogunade/Workspace/cuchx-large/hf_data_manual/LMT_(IMU,Radar,Skeleton)/Training/HAU/user22/2-2-2",14.0,304.0,17250344.316,17250373.316,191.0,304.0,17250362.016,17250373.316,3,harn_anchored
user22|2|2,user22,2,2,3,Getting dressed,5_Put_on_clothes,Hurriedly,FAST,HAU/user22/2-2-3,"/Users/toheeb.ogunade/Workspace/cuchx-large/hf_data_manual/LMT_(IMU,Radar,Skeleton)/Training/HAU/user22/2-2-3",16.0,152.0,17250435.516,17250449.116,111.0,151.0,17250445.016,17250449.016,3,harn_anchored
user22|3|1,user22,3,1,1,Writing,18_Write,Slowly,SLOW,HAU/user22/3-1-1,"/Users/toheeb.ogunade/Workspace/cuchx-large/hf_data_manual/LMT_(IMU,Radar,Skeleton)/Training/HAU/user22/3-1-1",13.0,196.0,17158397.216,17158415.516,59.0,89.0,17158401.816,17158404.816,2,harn_anchored
user22|3|1,user22,3,1,2,Writing,18_Write,Carefully,CARE,HAU/user22/3-1-2,"/Users/toheeb.ogunade/Workspace/cuchx-large/hf_data_manual/LMT_(IMU,Radar,Skeleton)/Training/HAU/user22/3-1-2",13.0,185.0,17158484.216,17158501.416,64.0,89.0,17158489.316,17158491.816,2,harn_anchored
user22|3|1,user22,3,1,1,Walking,36_Walk,Slowly,SLOW,HAU/user22/3-1-1,"/Users/toheeb.ogunade/Workspace/cuchx-large/hf_data_manual/LMT_(IMU,Radar,Skeleton)/Training/HAU/user22/3-1-1",13.0,196.0,17158397.216,17158415.516,32.0,44.0,17158399.116,17158400.316,2,harn_anchored
user22|3|1,user22,3,1,2,Walking,36_Walk,Carefully,CARE,HAU/user22/3-1-2,"/Users/toheeb.ogunade/Workspace/cuchx-large/hf_data_manual/LMT_(IMU,Radar,Skeleton)/Training/HAU/user22/3-1-2",13.0,185.0,17158484.216,17158501.416,30.0,44.0,17158485.916,17158487.316,2,harn_anchored
user22|3|1,user22,3,1,1,Eating,7_Eat_food,Slowly,SLOW,HAU/user22/3-1-1,"/Users/toheeb.ogunade/Workspace/cuchx-large/hf_data_manual/LMT_(IMU,Radar,Skeleton)/Training/HAU/user22/3-1-1",13.0,196.0,17158397.216,17158415.516,175.0,196.0,17158413.416,17158415.516,2,harn_anchored
user22|3|1,user22,3,1,2,Eating,7_Eat_food,Carefully,CARE,HAU/user22/3-1-2,"/Users/toheeb.ogunade/Workspace/cuchx-large/hf_data_manual/LMT_(IMU,Radar,Skeleton)/Training/HAU/user22/3-1-2",13.0,185.0,17158484.216,17158501.416,159.0,180.0,17158498.816,17158500.916,2,harn_anchored
user22|3|2,user22,3,2,1,Folding clothes,16_Fold_clothes,Patiently,SLOW,HAU/user22/3-2-1,"/Users/toheeb.ogunade/Workspace/cuchx-large/hf_data_manual/LMT_(IMU,Radar,Skeleton)/Training/HAU/user22/3-2-1",11.0,156.0,17170269.016,17170283.516,52.0,100.0,17170273.116,17170277.916,3,harn_anchored
user22|3|2,user22,3,2,2,Folding clothes,16_Fold_clothes,Calmly,SLOW,HAU/user22/3-2-2,"/Users/toheeb.ogunade/Workspace/cuchx-large/hf_data_manual/LMT_(IMU,Radar,Skeleton)/Training/HAU/user22/3-2-2",17.0,135.0,17170346.616,17170358.416,57.0,88.0,17170350.616,17170353.716,3,harn_anchored
user22|3|2,user22,3,2,3,Folding clothes,16_Fold_clothes,Hastily,FAST,HAU/user22/3-2-3,"/Users/toheeb.ogunade/Workspace/cuchx-large/hf_data_manual/LMT_(IMU,Radar,Skeleton)/Training/HAU/user22/3-2-3",16.0,103.0,17170413.516,17170422.216,42.0,56.0,17170416.116,17170417.516,3,harn_anchored
user22|3|2,user22,3,2,1,Stretching,31_Do_stretching_exercises,Patiently,SLOW,HAU/user22/3-2-1,"/Users/toheeb.ogunade/Workspace/cuchx-large/hf_data_manual/LMT_(IMU,Radar,Skeleton)/Training/HAU/user22/3-2-1",11.0,156.0,17170269.016,17170283.516,110.0,124.0,17170278.916,17170280.316,3,harn_anchored
user22|3|2,user22,3,2,2,Stretching,31_Do_stretching_exercises,Calmly,SLOW,HAU/user22/3-2-2,"/Users/toheeb.ogunade/Workspace/cuchx-large/hf_data_manual/LMT_(IMU,Radar,Skeleton)/Training/HAU/user22/3-2-2",17.0,135.0,17170346.616,17170358.416,102.0,108.0,17170355.116,17170355.716,3,harn_anchored
user22|3|2,user22,3,2,3,Stretching,31_Do_stretching_exercises,Hastily,FAST,HAU/user22/3-2-3,"/Users/toheeb.ogunade/Workspace/cuchx-large/hf_data_manual/LMT_(IMU,Radar,Skeleton)/Training/HAU/user22/3-2-3",16.0,103.0,17170413.516,17170422.216,75.0,87.0,17170419.416,17170420.616,3,harn_anchored
user22|3|2,user22,3,2,1,Walking,36_Walk,Patiently,SLOW,HAU/user22/3-2-1,"/Users/toheeb.ogunade/Workspace/cuchx-large/hf_data_manual/LMT_(IMU,Radar,Skeleton)/Training/HAU/user22/3-2-1",11.0,156.0,17170269.016,17170283.516,31.0,42.0,17170271.016,17170272.116,3,harn_anchored
user22|3|2,user22,3,2,2,Walking,36_Walk,Calmly,SLOW,HAU/user22/3-2-2,"/Users/toheeb.ogunade/Workspace/cuchx-large/hf_data_manual/LMT_(IMU,Radar,Skeleton)/Training/HAU/user22/3-2-2",17.0,135.0,17170346.616,17170358.416,28.0,44.0,17170347.716,17170349.316,3,harn_anchored
user22|3|2,user22,3,2,3,Walking,36_Walk,Hastily,FAST,HAU/user22/3-2-3,"/Users/toheeb.ogunade/Workspace/cuchx-large/hf_data_manual/LMT_(IMU,Radar,Skeleton)/Training/HAU/user22/3-2-3",16.0,103.0,17170413.516,17170422.216,26.0,35.0,17170414.516,17170415.416,3,harn_anchored
user22|3|3,user22,3,3,1,Peeling fruit,11_Peel_fruits,Slowly,SLOW,HAU/user22/3-3-1,"/Users/toheeb.ogunade/Workspace/cuchx-large/hf_data_manual/LMT_(IMU,Radar,Skeleton)/Training/HAU/user22/3-3-1",16.0,146.0,17158693.516,17158706.516,35.0,47.0,17158695.416,17158696.616,3,harn_anchored
user22|3|3,user22,3,3,2,Peeling fruit,11_Peel_fruits,Neatly,CARE,HAU/user22/3-3-2,"/Users/toheeb.ogunade/Workspace/cuchx-large/hf_data_manual/LMT_(IMU,Radar,Skeleton)/Training/HAU/user22/3-3-2",18.0,98.0,17158795.716,17158803.716,27.0,32.0,17158796.616,17158797.116,3,harn_anchored
user22|3|3,user22,3,3,3,Peeling fruit,11_Peel_fruits,Quickly,FAST,HAU/user22/3-3-3,"/Users/toheeb.ogunade/Workspace/cuchx-large/hf_data_manual/LMT_(IMU,Radar,Skeleton)/Training/HAU/user22/3-3-3",20.0,68.0,17158860.916,17158865.716,25.0,31.0,17158861.416,17158862.016,3,harn_anchored
user22|3|3,user22,3,3,1,Eating,7_Eat_food,Slowly,SLOW,HAU/user22/3-3-1,"/Users/toheeb.ogunade/Workspace/cuchx-large/hf_data_manual/LMT_(IMU,Radar,Skeleton)/Training/HAU/user22/3-3-1",16.0,146.0,17158693.516,17158706.516,68.0,102.0,17158698.716,17158702.116,3,harn_anchored
user22|3|3,user22,3,3,2,Eating,7_Eat_food,Neatly,CARE,HAU/user22/3-3-2,"/Users/toheeb.ogunade/Workspace/cuchx-large/hf_data_manual/LMT_(IMU,Radar,Skeleton)/Training/HAU/user22/3-3-2",18.0,98.0,17158795.716,17158803.716,54.0,74.0,17158799.316,17158801.316,3,harn_anchored
user22|3|3,user22,3,3,3,Eating,7_Eat_food,Quickly,FAST,HAU/user22/3-3-3,"/Users/toheeb.ogunade/Workspace/cuchx-large/hf_data_manual/LMT_(IMU,Radar,Skeleton)/Training/HAU/user22/3-3-3",20.0,68.0,17158860.916,17158865.716,36.0,44.0,17158862.516,17158863.316,3,harn_anchored
user22|4|1,user22,4,1,1,Typing on a keyboard,17_Tap_the_keyboard,Anxiously,NERV,HAU/user22/4-1-1,"/Users/toheeb.ogunade/Workspace/cuchx-large/hf_data_manual/LMT_(IMU,Radar,Skeleton)/Training/HAU/user22/4-1-1",13.0,197.0,17084006.216,17084024.616,36.0,36.0,17084008.516,17084008.516,3,harn_anchored
user22|4|1,user22,4,1,2,Typing on a keyboard,17_Tap_the_keyboard,Calmly,SLOW,HAU/user22/4-1-2,"/Users/toheeb.ogunade/Workspace/cuchx-large/hf_data_manual/LMT_(IMU,Radar,Skeleton)/Training/HAU/user22/4-1-2",9.0,200.0,17084089.816,17084108.916,16.0,60.0,17084090.516,17084094.916,3,harn_anchored
user22|4|1,user22,4,1,3,Typing on a keyboard,17_Tap_the_keyboard,Leisurely,SLOW,HAU/user22/4-1-3,"/Users/toheeb.ogunade/Workspace/cuchx-large/hf_data_manual/LMT_(IMU,Radar,Skeleton)/Training/HAU/user22/4-1-3",9.0,203.0,17084165.816,17084185.216,11.0,56.0,17084166.016,17084170.516,3,harn_anchored
user22|4|1,user22,4,1,1,Calling,19_Make_a_phone_call,Anxiously,NERV,HAU/user22/4-1-1,"/Users/toheeb.ogunade/Workspace/cuchx-large/hf_data_manual/LMT_(IMU,Radar,Skeleton)/Training/HAU/user22/4-1-1",13.0,197.0,17084006.216,17084024.616,80.0,117.0,17084012.916,17084016.616,3,harn_anchored
user22|4|1,user22,4,1,2,Calling,19_Make_a_phone_call,Calmly,SLOW,HAU/user22/4-1-2,"/Users/toheeb.ogunade/Workspace/cuchx-large/hf_data_manual/LMT_(IMU,Radar,Skeleton)/Training/HAU/user22/4-1-2",9.0,200.0,17084089.816,17084108.916,70.0,99.0,17084095.916,17084098.816,3,harn_anchored
user22|4|1,user22,4,1,3,Calling,19_Make_a_phone_call,Leisurely,SLOW,HAU/user22/4-1-3,"/Users/toheeb.ogunade/Workspace/cuchx-large/hf_data_manual/LMT_(IMU,Radar,Skeleton)/Training/HAU/user22/4-1-3",9.0,203.0,17084165.816,17084185.216,66.0,97.0,17084171.516,17084174.616,3,harn_anchored
user22|4|1,user22,4,1,1,Reading,21_Read_documents,Anxiously,NERV,HAU/user22/4-1-1,"/Users/toheeb.ogunade/Workspace/cuchx-large/hf_data_manual/LMT_(IMU,Radar,Skeleton)/Training/HAU/user22/4-1-1",13.0,197.0,17084006.216,17084024.616,132.0,140.0,17084018.116,17084018.916,3,harn_anchored
user22|4|1,user22,4,1,2,Reading,21_Read_documents,Calmly,SLOW,HAU/user22/4-1-2,"/Users/toheeb.ogunade/Workspace/cuchx-large/hf_data_manual/LMT_(IMU,Radar,Skeleton)/Training/HAU/user22/4-1-2",9.0,200.0,17084089.816,17084108.916,129.0,143.0,17084101.816,17084103.216,3,harn_anchored
user22|4|1,user22,4,1,3,Reading,21_Read_documents,Leisurely,SLOW,HAU/user22/4-1-3,"/Users/toheeb.ogunade/Workspace/cuchx-large/hf_data_manual/LMT_(IMU,Radar,Skeleton)/Training/HAU/user22/4-1-3",9.0,203.0,17084165.816,17084185.216,120.0,144.0,17084176.916,17084179.316,3,harn_anchored
user22|4|1,user22,4,1,1,Turning a page,22_Turn_pages,Anxiously,NERV,HAU/user22/4-1-1,"/Users/toheeb.ogunade/Workspace/cuchx-large/hf_data_manual/LMT_(IMU,Radar,Skeleton)/Training/HAU/user22/4-1-1",13.0,197.0,17084006.216,17084024.616,144.0,195.0,17084019.316,17084024.416,3,harn_anchored
user22|4|1,user22,4,1,2,Turning a page,22_Turn_pages,Calmly,SLOW,HAU/user22/4-1-2,"/Users/toheeb.ogunade/Workspace/cuchx-large/hf_data_manual/LMT_(IMU,Radar,Skeleton)/Training/HAU/user22/4-1-2",9.0,200.0,17084089.816,17084108.916,160.0,198.0,17084104.916,17084108.716,3,harn_anchored
user22|4|1,user22,4,1,3,Turning a page,22_Turn_pages,Leisurely,SLOW,HAU/user22/4-1-3,"/Users/toheeb.ogunade/Workspace/cuchx-large/hf_data_manual/LMT_(IMU,Radar,Skeleton)/Training/HAU/user22/4-1-3",9.0,203.0,17084165.816,17084185.216,187.0,200.0,17084183.616,17084184.916,3,harn_anchored
user22|4|2,user22,4,2,1,Taking a selfie,27_Take_a_selfie,Gently,SLOW,HAU/user22/4-2-1,"/Users/toheeb.ogunade/Workspace/cuchx-large/hf_data_manual/LMT_(IMU,Radar,Skeleton)/Training/HAU/user22/4-2-1",16.0,107.0,17250536.516,17250545.616,72.0,107.0,17250542.116,17250545.616,3,harn_anchored
user22|4|2,user22,4,2,2,Taking a selfie,27_Take_a_selfie,Seriously,CARE,HAU/user22/4-2-2,"/Users/toheeb.ogunade/Workspace/cuchx-large/hf_data_manual/LMT_(IMU,Radar,Skeleton)/Training/HAU/user22/4-2-2",12.0,87.0,17250599.116,17250606.616,63.0,86.0,17250604.216,17250606.516,3,harn_anchored
user22|4|2,user22,4,2,3,Taking a selfie,27_Take_a_selfie,Swiftly,FAST,HAU/user22/4-2-3,"/Users/toheeb.ogunade/Workspace/cuchx-large/hf_data_manual/LMT_(IMU,Radar,Skeleton)/Training/HAU/user22/4-2-3",13.0,44.0,17250673.216,17250676.316,31.0,44.0,17250675.016,17250676.316,3,harn_anchored
user22|4|2,user22,4,2,1,Walking,36_Walk,Gently,SLOW,HAU/user22/4-2-1,"/Users/toheeb.ogunade/Workspace/cuchx-large/hf_data_manual/LMT_(IMU,Radar,Skeleton)/Training/HAU/user22/4-2-1",16.0,107.0,17250536.516,17250545.616,32.0,42.0,17250538.116,17250539.116,3,harn_anchored
user22|4|2,user22,4,2,2,Walking,36_Walk,Seriously,CARE,HAU/user22/4-2-2,"/Users/toheeb.ogunade/Workspace/cuchx-large/hf_data_manual/LMT_(IMU,Radar,Skeleton)/Training/HAU/user22/4-2-2",12.0,87.0,17250599.116,17250606.616,30.0,39.0,17250600.916,17250601.816,3,harn_anchored
user22|4|2,user22,4,2,3,Walking,36_Walk,Swiftly,FAST,HAU/user22/4-2-3,"/Users/toheeb.ogunade/Workspace/cuchx-large/hf_data_manual/LMT_(IMU,Radar,Skeleton)/Training/HAU/user22/4-2-3",13.0,44.0,17250673.216,17250676.316,16.0,19.0,17250673.516,17250673.816,3,harn_anchored
user22|4|3,user22,4,3,1,Stirring,10_Stir_drinks,Hurriedly,FAST,HAU/user22/4-3-1,"/Users/toheeb.ogunade/Workspace/cuchx-large/hf_data_manual/LMT_(IMU,Radar,Skeleton)/Training/HAU/user22/4-3-1",8.0,162.0,17084303.716,17084319.116,57.0,66.0,17084308.616,17084309.516,3,harn_anchored
user22|4|3,user22,4,3,2,Stirring,10_Stir_drinks,Carefully,CARE,HAU/user22/4-3-2,"/Users/toheeb.ogunade/Workspace/cuchx-large/hf_data_manual/LMT_(IMU,Radar,Skeleton)/Training/HAU/user22/4-3-2",14.0,188.0,17258520.316,17258537.716,75.0,96.0,17258526.416,17258528.516,3,harn_anchored
user22|4|3,user22,4,3,3,Stirring,10_Stir_drinks,Slowly,SLOW,HAU/user22/4-3-3,"/Users/toheeb.ogunade/Workspace/cuchx-large/hf_data_manual/LMT_(IMU,Radar,Skeleton)/Training/HAU/user22/4-3-3",11.0,163.0,17084729.016,17084744.216,64.0,76.0,17084734.316,17084735.516,3,harn_anchored
user22|4|3,user22,4,3,1,Peeling fruit,11_Peel_fruits,Hurriedly,FAST,HAU/user22/4-3-1,"/Users/toheeb.ogunade/Workspace/cuchx-large/hf_data_manual/LMT_(IMU,Radar,Skeleton)/Training/HAU/user22/4-3-1",8.0,162.0,17084303.716,17084319.116,103.0,131.0,17084313.216,17084316.016,3,harn_anchored
user22|4|3,user22,4,3,2,Peeling fruit,11_Peel_fruits,Carefully,CARE,HAU/user22/4-3-2,"/Users/toheeb.ogunade/Workspace/cuchx-large/hf_data_manual/LMT_(IMU,Radar,Skeleton)/Training/HAU/user22/4-3-2",14.0,188.0,17258520.316,17258537.716,140.0,160.0,17258532.916,17258534.916,3,harn_anchored
user22|4|3,user22,4,3,3,Peeling fruit,11_Peel_fruits,Slowly,SLOW,HAU/user22/4-3-3,"/Users/toheeb.ogunade/Workspace/cuchx-large/hf_data_manual/LMT_(IMU,Radar,Skeleton)/Training/HAU/user22/4-3-3",11.0,163.0,17084729.016,17084744.216,123.0,144.0,17084740.216,17084742.316,3,harn_anchored
user22|4|3,user22,4,3,1,Sitting down,34_Sit_down,Hurriedly,FAST,HAU/user22/4-3-1,"/Users/toheeb.ogunade/Workspace/cuchx-large/hf_data_manual/LMT_(IMU,Radar,Skeleton)/Training/HAU/user22/4-3-1",8.0,162.0,17084303.716,17084319.116,16.0,19.0,17084304.516,17084304.816,3,harn_anchored
user22|4|3,user22,4,3,2,Sitting down,34_Sit_down,Carefully,CARE,HAU/user22/4-3-2,"/Users/toheeb.ogunade/Workspace/cuchx-large/hf_data_manual/LMT_(IMU,Radar,Skeleton)/Training/HAU/user22/4-3-2",14.0,188.0,17258520.316,17258537.716,40.0,48.0,17258522.916,17258523.716,3,harn_anchored
user22|4|3,user22,4,3,3,Sitting down,34_Sit_down,Slowly,SLOW,HAU/user22/4-3-3,"/Users/toheeb.ogunade/Workspace/cuchx-large/hf_data_manual/LMT_(IMU,Radar,Skeleton)/Training/HAU/user22/4-3-3",11.0,163.0,17084729.016,17084744.216,23.0,31.0,17084730.216,17084731.016,3,harn_anchored
user22|4|3,user22,4,3,1,Drinking,6_Drink_water,Hurriedly,FAST,HAU/user22/4-3-1,"/Users/toheeb.ogunade/Workspace/cuchx-large/hf_data_manual/LMT_(IMU,Radar,Skeleton)/Training/HAU/user22/4-3-1",8.0,162.0,17084303.716,17084319.116,76.0,91.0,17084310.516,17084312.016,3,harn_anchored
user22|4|3,user22,4,3,2,Drinking,6_Drink_water,Carefully,CARE,HAU/user22/4-3-2,"/Users/toheeb.ogunade/Workspace/cuchx-large/hf_data_manual/LMT_(IMU,Radar,Skeleton)/Training/HAU/user22/4-3-2",14.0,188.0,17258520.316,17258537.716,106.0,119.0,17258529.516,17258530.816,3,harn_anchored
user22|4|3,user22,4,3,3,Drinking,6_Drink_water,Slowly,SLOW,HAU/user22/4-3-3,"/Users/toheeb.ogunade/Workspace/cuchx-large/hf_data_manual/LMT_(IMU,Radar,Skeleton)/Training/HAU/user22/4-3-3",11.0,163.0,17084729.016,17084744.216,84.0,107.0,17084736.316,17084738.616,3,harn_anchored
user22|4|3,user22,4,3,1,Eating,7_Eat_food,Hurriedly,FAST,HAU/user22/4-3-1,"/Users/toheeb.ogunade/Workspace/cuchx-large/hf_data_manual/LMT_(IMU,Radar,Skeleton)/Training/HAU/user22/4-3-1",8.0,162.0,17084303.716,17084319.116,133.0,160.0,17084316.216,17084318.916,3,harn_anchored
user22|4|3,user22,4,3,2,Eating,7_Eat_food,Carefully,CARE,HAU/user22/4-3-2,"/Users/toheeb.ogunade/Workspace/cuchx-large/hf_data_manual/LMT_(IMU,Radar,Skeleton)/Training/HAU/user22/4-3-2",14.0,188.0,17258520.316,17258537.716,168.0,187.0,17258535.716,17258537.616,3,harn_anchored
user22|4|3,user22,4,3,3,Eating,7_Eat_food,Slowly,SLOW,HAU/user22/4-3-3,"/Users/toheeb.ogunade/Workspace/cuchx-large/hf_data_manual/LMT_(IMU,Radar,Skeleton)/Training/HAU/user22/4-3-3",11.0,163.0,17084729.016,17084744.216,148.0,163.0,17084742.716,17084744.216,3,harn_anchored
user22|4|3,user22,4,3,1,Pouring,9_Pour_drinks,Hurriedly,FAST,HAU/user22/4-3-1,"/Users/toheeb.ogunade/Workspace/cuchx-large/hf_data_manual/LMT_(IMU,Radar,Skeleton)/Training/HAU/user22/4-3-1",8.0,162.0,17084303.716,17084319.116,32.0,50.0,17084306.116,17084307.916,3,harn_anchored
user22|4|3,user22,4,3,2,Pouring,9_Pour_drinks,Carefully,CARE,HAU/user22/4-3-2,"/Users/toheeb.ogunade/Workspace/cuchx-large/hf_data_manual/LMT_(IMU,Radar,Skeleton)/Training/HAU/user22/4-3-2",14.0,188.0,17258520.316,17258537.716,58.0,66.0,17258524.716,17258525.516,3,harn_anchored
user22|4|3,user22,4,3,3,Pouring,9_Pour_drinks,Slowly,SLOW,HAU/user22/4-3-3,"/Users/toheeb.ogunade/Workspace/cuchx-large/hf_data_manual/LMT_(IMU,Radar,Skeleton)/Training/HAU/user22/4-3-3",11.0,163.0,17084729.016,17084744.216,52.0,55.0,17084733.116,17084733.416,3,harn_anchored
user22|5|1,user22,5,1,1,Massaging oneself,38_Massage_oneself,Slowly,SLOW,HAU/user22/5-1-1,"/Users/toheeb.ogunade/Workspace/cuchx-large/hf_data_manual/LMT_(IMU,Radar,Skeleton)/Training/HAU/user22/5-1-1",23.0,111.0,17250804.216,17250813.016,75.0,111.0,17250809.416,17250813.016,3,harn_anchored
user22|5|1,user22,5,1,2,Massaging oneself,38_Massage_oneself,Attentively,CARE,HAU/user22/5-1-2,"/Users/toheeb.ogunade/Workspace/cuchx-large/hf_data_manual/LMT_(IMU,Radar,Skeleton)/Training/HAU/user22/5-1-2",16.0,75.0,17250872.516,17250878.416,52.0,74.0,17250876.116,17250878.316,3,harn_anchored
user22|5|1,user22,5,1,3,Massaging oneself,38_Massage_oneself,Urgently,FAST,HAU/user22/5-1-3,"/Users/toheeb.ogunade/Workspace/cuchx-large/hf_data_manual/LMT_(IMU,Radar,Skeleton)/Training/HAU/user22/5-1-3",14.0,43.0,17250931.316,17250934.216,32.0,43.0,17250933.116,17250934.216,3,harn_anchored
user22|5|1,user22,5,1,1,Checking body temperature,39_Take_body_temperature,Slowly,SLOW,HAU/user22/5-1-1,"/Users/toheeb.ogunade/Workspace/cuchx-large/hf_data_manual/LMT_(IMU,Radar,Skeleton)/Training/HAU/user22/5-1-1",23.0,111.0,17250804.216,17250813.016,40.0,64.0,17250805.916,17250808.316,3,harn_anchored
user22|5|1,user22,5,1,2,Checking body temperature,39_Take_body_temperature,Attentively,CARE,HAU/user22/5-1-2,"/Users/toheeb.ogunade/Workspace/cuchx-large/hf_data_manual/LMT_(IMU,Radar,Skeleton)/Training/HAU/user22/5-1-2",16.0,75.0,17250872.516,17250878.416,31.0,43.0,17250874.016,17250875.216,3,harn_anchored
user22|5|1,user22,5,1,3,Checking body temperature,39_Take_body_temperature,Urgently,FAST,HAU/user22/5-1-3,"/Users/toheeb.ogunade/Workspace/cuchx-large/hf_data_manual/LMT_(IMU,Radar,Skeleton)/Training/HAU/user22/5-1-3",14.0,43.0,17250931.316,17250934.216,20.0,27.0,17250931.916,17250932.616,3,harn_anchored
user22|5|2,user22,5,2,1,Peeling fruit,11_Peel_fruits,Peacefully,SLOW,HAU/user22/5-2-1,"/Users/toheeb.ogunade/Workspace/cuchx-large/hf_data_manual/LMT_(IMU,Radar,Skeleton)/Training/HAU/user22/5-2-1",9.0,197.0,17084867.816,17084886.616,152.0,196.0,17084882.116,17084886.516,3,harn_anchored
user22|5|2,user22,5,2,2,Peeling fruit,11_Peel_fruits,Attentively,CARE,HAU/user22/5-2-2,"/Users/toheeb.ogunade/Workspace/cuchx-large/hf_data_manual/LMT_(IMU,Radar,Skeleton)/Training/HAU/user22/5-2-2",17.0,169.0,17085191.616,17085206.816,137.0,168.0,17085203.616,17085206.716,3,harn_anchored
user22|5|2,user22,5,2,3,Peeling fruit,11_Peel_fruits,Tensely,NERV,HAU/user22/5-2-3,"/Users/toheeb.ogunade/Workspace/cuchx-large/hf_data_manual/LMT_(IMU,Radar,Skeleton)/Training/HAU/user22/5-2-3",10.0,143.0,17085271.916,17085285.216,110.0,142.0,17085281.916,17085285.116,3,harn_anchored
user22|5|2,user22,5,2,1,Using a phone,24_Use_a_mobile_phone,Peacefully,SLOW,HAU/user22/5-2-1,"/Users/toheeb.ogunade/Workspace/cuchx-large/hf_data_manual/LMT_(IMU,Radar,Skeleton)/Training/HAU/user22/5-2-1",9.0,197.0,17084867.816,17084886.616,95.0,129.0,17084876.416,17084879.816,3,harn_anchored
user22|5|2,user22,5,2,2,Using a phone,24_Use_a_mobile_phone,Attentively,CARE,HAU/user22/5-2-2,"/Users/toheeb.ogunade/Workspace/cuchx-large/hf_data_manual/LMT_(IMU,Radar,Skeleton)/Training/HAU/user22/5-2-2",17.0,169.0,17085191.616,17085206.816,87.0,116.0,17085198.616,17085201.516,3,harn_anchored
user22|5|2,user22,5,2,3,Using a phone,24_Use_a_mobile_phone,Tensely,NERV,HAU/user22/5-2-3,"/Users/toheeb.ogunade/Workspace/cuchx-large/hf_data_manual/LMT_(IMU,Radar,Skeleton)/Training/HAU/user22/5-2-3",10.0,143.0,17085271.916,17085285.216,59.0,94.0,17085276.816,17085280.316,3,harn_anchored
user22|5|2,user22,5,2,1,Sitting down,34_Sit_down,Peacefully,SLOW,HAU/user22/5-2-1,"/Users/toheeb.ogunade/Workspace/cuchx-large/hf_data_manual/LMT_(IMU,Radar,Skeleton)/Training/HAU/user22/5-2-1",9.0,197.0,17084867.816,17084886.616,71.0,76.0,17084874.016,17084874.516,3,harn_anchored
user22|5|2,user22,5,2,2,Sitting down,34_Sit_down,Attentively,CARE,HAU/user22/5-2-2,"/Users/toheeb.ogunade/Workspace/cuchx-large/hf_data_manual/LMT_(IMU,Radar,Skeleton)/Training/HAU/user22/5-2-2",17.0,169.0,17085191.616,17085206.816,66.0,72.0,17085196.516,17085197.116,3,harn_anchored
user22|5|2,user22,5,2,3,Sitting down,34_Sit_down,Tensely,NERV,HAU/user22/5-2-3,"/Users/toheeb.ogunade/Workspace/cuchx-large/hf_data_manual/LMT_(IMU,Radar,Skeleton)/Training/HAU/user22/5-2-3",10.0,143.0,17085271.916,17085285.216,43.0,48.0,17085275.216,17085275.716,3,harn_anchored
user22|5|2,user22,5,2,1,Walking,36_Walk,Peacefully,SLOW,HAU/user22/5-2-1,"/Users/toheeb.ogunade/Workspace/cuchx-large/hf_data_manual/LMT_(IMU,Radar,Skeleton)/Training/HAU/user22/5-2-1",9.0,197.0,17084867.816,17084886.616,39.0,52.0,17084870.816,17084872.116,3,harn_anchored
user22|5|2,user22,5,2,2,Walking,36_Walk,Attentively,CARE,HAU/user22/5-2-2,"/Users/toheeb.ogunade/Workspace/cuchx-large/hf_data_manual/LMT_(IMU,Radar,Skeleton)/Training/HAU/user22/5-2-2",17.0,169.0,17085191.616,17085206.816,30.0,44.0,17085192.916,17085194.316,3,harn_anchored
user22|5|2,user22,5,2,3,Walking,36_Walk,Tensely,NERV,HAU/user22/5-2-3,"/Users/toheeb.ogunade/Workspace/cuchx-large/hf_data_manual/LMT_(IMU,Radar,Skeleton)/Training/HAU/user22/5-2-3",10.0,143.0,17085271.916,17085285.216,22.0,35.0,17085273.116,17085274.416,3,harn_anchored
user22|6|1,user22,6,1,1,Checking the time,20_Check_the_time,Leisurely,SLOW,HAU/user22/6-1-1,"/Users/toheeb.ogunade/Workspace/cuchx-large/hf_data_manual/LMT_(IMU,Radar,Skeleton)/Training/HAU/user22/6-1-1",15.0,177.0,17251009.416,17251025.616,22.0,36.0,17251010.116,17251011.516,3,harn_anchored
user22|6|1,user22,6,1,2,Checking the time,20_Check_the_time,Calmly,SLOW,HAU/user22/6-1-2,"/Users/toheeb.ogunade/Workspace/cuchx-large/hf_data_manual/LMT_(IMU,Radar,Skeleton)/Training/HAU/user22/6-1-2",15.0,153.0,17251090.416,17251104.216,27.0,38.0,17251091.616,17251092.716,3,harn_anchored
user22|6|1,user22,6,1,3,Checking the time,20_Check_the_time,Anxiously,NERV,HAU/user22/6-1-3,"/Users/toheeb.ogunade/Workspace/cuchx-large/hf_data_manual/LMT_(IMU,Radar,Skeleton)/Training/HAU/user22/6-1-3",15.0,124.0,17251160.416,17251171.316,16.0,18.0,17251160.516,17251160.716,3,harn_anchored
user22|6|1,user22,6,1,1,Undressing,3_Take_off_clothes,Leisurely,SLOW,HAU/user22/6-1-1,"/Users/toheeb.ogunade/Workspace/cuchx-large/hf_data_manual/LMT_(IMU,Radar,Skeleton)/Training/HAU/user22/6-1-1",15.0,177.0,17251009.416,17251025.616,45.0,76.0,17251012.416,17251015.516,3,harn_anchored
user22|6|1,user22,6,1,2,Undressing,3_Take_off_clothes,Calmly,SLOW,HAU/user22/6-1-2,"/Users/toheeb.ogunade/Workspace/cuchx-large/hf_data_manual/LMT_(IMU,Radar,Skeleton)/Training/HAU/user22/6-1-2",15.0,153.0,17251090.416,17251104.216,42.0,68.0,17251093.116,17251095.716,3,harn_anchored
user22|6|1,user22,6,1,3,Undressing,3_Take_off_clothes,Anxiously,NERV,HAU/user22/6-1-3,"/Users/toheeb.ogunade/Workspace/cuchx-large/hf_data_manual/LMT_(IMU,Radar,Skeleton)/Training/HAU/user22/6-1-3",15.0,124.0,17251160.416,17251171.316,23.0,40.0,17251161.216,17251162.916,3,harn_anchored
user22|6|1,user22,6,1,1,Getting dressed,5_Put_on_clothes,Leisurely,SLOW,HAU/user22/6-1-1,"/Users/toheeb.ogunade/Workspace/cuchx-large/hf_data_manual/LMT_(IMU,Radar,Skeleton)/Training/HAU/user22/6-1-1",15.0,177.0,17251009.416,17251025.616,124.0,175.0,17251020.316,17251025.416,3,harn_anchored
user22|6|1,user22,6,1,2,Getting dressed,5_Put_on_clothes,Calmly,SLOW,HAU/user22/6-1-2,"/Users/toheeb.ogunade/Workspace/cuchx-large/hf_data_manual/LMT_(IMU,Radar,Skeleton)/Training/HAU/user22/6-1-2",15.0,153.0,17251090.416,17251104.216,108.0,153.0,17251099.716,17251104.216,3,harn_anchored
user22|6|1,user22,6,1,3,Getting dressed,5_Put_on_clothes,Anxiously,NERV,HAU/user22/6-1-3,"/Users/toheeb.ogunade/Workspace/cuchx-large/hf_data_manual/LMT_(IMU,Radar,Skeleton)/Training/HAU/user22/6-1-3",15.0,124.0,17251160.416,17251171.316,68.0,123.0,17251165.716,17251171.216,3,harn_anchored
user22|6|2,user22,6,2,1,Squats,29_Do_squats,Relaxedly,SLOW,HAU/user22/6-2-1,"/Users/toheeb.ogunade/Workspace/cuchx-large/hf_data_manual/LMT_(IMU,Radar,Skeleton)/Training/HAU/user22/6-2-1",14.0,534.0,17085610.316,17085662.316,137.0,147.0,17085622.616,17085623.616,3,harn_anchored
user22|6|2,user22,6,2,2,Squats,29_Do_squats,Steadily,NEUT,HAU/user22/6-2-2,"/Users/toheeb.ogunade/Workspace/cuchx-large/hf_data_manual/LMT_(IMU,Radar,Skeleton)/Training/HAU/user22/6-2-2",16.0,444.0,17085751.516,17085794.316,68.0,103.0,17085756.716,17085760.216,3,harn_anchored
user22|6|2,user22,6,2,3,Squats,29_Do_squats,Hurriedly,FAST,HAU/user22/6-2-3,"/Users/toheeb.ogunade/Workspace/cuchx-large/hf_data_manual/LMT_(IMU,Radar,Skeleton)/Training/HAU/user22/6-2-3",9.0,339.0,17085840.816,17085873.816,56.0,96.0,17085845.516,17085849.516,3,harn_anchored
user22|6|2,user22,6,2,1,Jumping jacks,30_Do_jumping_jacks,Relaxedly,SLOW,HAU/user22/6-2-1,"/Users/toheeb.ogunade/Workspace/cuchx-large/hf_data_manual/LMT_(IMU,Radar,Skeleton)/Training/HAU/user22/6-2-1",14.0,534.0,17085610.316,17085662.316,354.0,388.0,17085644.316,17085647.716,3,harn_anchored
user22|6|2,user22,6,2,2,Jumping jacks,30_Do_jumping_jacks,Steadily,NEUT,HAU/user22/6-2-2,"/Users/toheeb.ogunade/Workspace/cuchx-large/hf_data_manual/LMT_(IMU,Radar,Skeleton)/Training/HAU/user22/6-2-2",16.0,444.0,17085751.516,17085794.316,257.0,310.0,17085775.616,17085780.916,3,harn_anchored
user22|6|2,user22,6,2,3,Jumping jacks,30_Do_jumping_jacks,Hurriedly,FAST,HAU/user22/6-2-3,"/Users/toheeb.ogunade/Workspace/cuchx-large/hf_data_manual/LMT_(IMU,Radar,Skeleton)/Training/HAU/user22/6-2-3",9.0,339.0,17085840.816,17085873.816,214.0,237.0,17085861.316,17085863.616,3,harn_anchored
user22|6|2,user22,6,2,1,Stretching,31_Do_stretching_exercises,Relaxedly,SLOW,HAU/user22/6-2-1,"/Users/toheeb.ogunade/Workspace/cuchx-large/hf_data_manual/LMT_(IMU,Radar,Skeleton)/Training/HAU/user22/6-2-1",14.0,534.0,17085610.316,17085662.316,399.0,448.0,17085648.816,17085653.716,3,harn_anchored
user22|6|2,user22,6,2,2,Stretching,31_Do_stretching_exercises,Steadily,NEUT,HAU/user22/6-2-2,"/Users/toheeb.ogunade/Workspace/cuchx-large/hf_data_manual/LMT_(IMU,Radar,Skeleton)/Training/HAU/user22/6-2-2",16.0,444.0,17085751.516,17085794.316,324.0,366.0,17085782.316,17085786.516,3,harn_anchored
user22|6|2,user22,6,2,3,Stretching,31_Do_stretching_exercises,Hurriedly,FAST,HAU/user22/6-2-3,"/Users/toheeb.ogunade/Workspace/cuchx-large/hf_data_manual/LMT_(IMU,Radar,Skeleton)/Training/HAU/user22/6-2-3",9.0,339.0,17085840.816,17085873.816,240.0,260.0,17085863.916,17085865.916,3,harn_anchored
user22|6|2,user22,6,2,1,Sitting down,34_Sit_down,Relaxedly,SLOW,HAU/user22/6-2-1,"/Users/toheeb.ogunade/Workspace/cuchx-large/hf_data_manual/LMT_(IMU,Radar,Skeleton)/Training/HAU/user22/6-2-1",14.0,534.0,17085610.316,17085662.316,204.0,215.0,17085629.316,17085630.416,3,harn_anchored
user22|6|2,user22,6,2,2,Sitting down,34_Sit_down,Steadily,NEUT,HAU/user22/6-2-2,"/Users/toheeb.ogunade/Workspace/cuchx-large/hf_data_manual/LMT_(IMU,Radar,Skeleton)/Training/HAU/user22/6-2-2",16.0,444.0,17085751.516,17085794.316,134.0,142.0,17085763.316,17085764.116,3,harn_anchored
user22|6|2,user22,6,2,3,Sitting down,34_Sit_down,Hurriedly,FAST,HAU/user22/6-2-3,"/Users/toheeb.ogunade/Workspace/cuchx-large/hf_data_manual/LMT_(IMU,Radar,Skeleton)/Training/HAU/user22/6-2-3",9.0,339.0,17085840.816,17085873.816,112.0,123.0,17085851.116,17085852.216,3,harn_anchored
user22|6|2,user22,6,2,1,Walking,36_Walk,Relaxedly,SLOW,HAU/user22/6-2-1,"/Users/toheeb.ogunade/Workspace/cuchx-large/hf_data_manual/LMT_(IMU,Radar,Skeleton)/Training/HAU/user22/6-2-1",14.0,534.0,17085610.316,17085662.316,43.0,55.0,17085613.216,17085614.416,2,harn_anchored
user22|6|2,user22,6,2,2,Walking,36_Walk,Steadily,NEUT,HAU/user22/6-2-2,"/Users/toheeb.ogunade/Workspace/cuchx-large/hf_data_manual/LMT_(IMU,Radar,Skeleton)/Training/HAU/user22/6-2-2",16.0,444.0,17085751.516,17085794.316,38.0,48.0,17085753.716,17085754.716,2,harn_anchored
user22|6|2,user22,6,2,1,Massaging oneself,38_Massage_oneself,Relaxedly,SLOW,HAU/user22/6-2-1,"/Users/toheeb.ogunade/Workspace/cuchx-large/hf_data_manual/LMT_(IMU,Radar,Skeleton)/Training/HAU/user22/6-2-1",14.0,534.0,17085610.316,17085662.316,498.0,532.0,17085658.716,17085662.116,3,harn_anchored
user22|6|2,user22,6,2,2,Massaging oneself,38_Massage_oneself,Steadily,NEUT,HAU/user22/6-2-2,"/Users/toheeb.ogunade/Workspace/cuchx-large/hf_data_manual/LMT_(IMU,Radar,Skeleton)/Training/HAU/user22/6-2-2",16.0,444.0,17085751.516,17085794.316,419.0,443.0,17085791.816,17085794.216,3,harn_anchored
user22|6|2,user22,6,2,3,Massaging oneself,38_Massage_oneself,Hurriedly,FAST,HAU/user22/6-2-3,"/Users/toheeb.ogunade/Workspace/cuchx-large/hf_data_manual/LMT_(IMU,Radar,Skeleton)/Training/HAU/user22/6-2-3",9.0,339.0,17085840.816,17085873.816,308.0,335.0,17085870.716,17085873.416,3,harn_anchored
user22|6|2,user22,6,2,1,Wiping hands,4_Wipe_hands,Relaxedly,SLOW,HAU/user22/6-2-1,"/Users/toheeb.ogunade/Workspace/cuchx-large/hf_data_manual/LMT_(IMU,Radar,Skeleton)/Training/HAU/user22/6-2-1",14.0,534.0,17085610.316,17085662.316,463.0,491.0,17085655.216,17085658.016,3,harn_anchored
user22|6|2,user22,6,2,2,Wiping hands,4_Wipe_hands,Steadily,NEUT,HAU/user22/6-2-2,"/Users/toheeb.ogunade/Workspace/cuchx-large/hf_data_manual/LMT_(IMU,Radar,Skeleton)/Training/HAU/user22/6-2-2",16.0,444.0,17085751.516,17085794.316,380.0,403.0,17085787.916,17085790.216,3,harn_anchored
user22|6|2,user22,6,2,3,Wiping hands,4_Wipe_hands,Hurriedly,FAST,HAU/user22/6-2-3,"/Users/toheeb.ogunade/Workspace/cuchx-large/hf_data_manual/LMT_(IMU,Radar,Skeleton)/Training/HAU/user22/6-2-3",9.0,339.0,17085840.816,17085873.816,284.0,289.0,17085868.316,17085868.816,3,harn_anchored
user22|6|2,user22,6,2,1,Drinking,6_Drink_water,Relaxedly,SLOW,HAU/user22/6-2-1,"/Users/toheeb.ogunade/Workspace/cuchx-large/hf_data_manual/LMT_(IMU,Radar,Skeleton)/Training/HAU/user22/6-2-1",14.0,534.0,17085610.316,17085662.316,232.0,254.0,17085632.116,17085634.316,3,harn_anchored
user22|6|2,user22,6,2,2,Drinking,6_Drink_water,Steadily,NEUT,HAU/user22/6-2-2,"/Users/toheeb.ogunade/Workspace/cuchx-large/hf_data_manual/LMT_(IMU,Radar,Skeleton)/Training/HAU/user22/6-2-2",16.0,444.0,17085751.516,17085794.316,160.0,174.0,17085765.916,17085767.316,3,harn_anchored
user22|6|2,user22,6,2,3,Drinking,6_Drink_water,Hurriedly,FAST,HAU/user22/6-2-3,"/Users/toheeb.ogunade/Workspace/cuchx-large/hf_data_manual/LMT_(IMU,Radar,Skeleton)/Training/HAU/user22/6-2-3",9.0,339.0,17085840.816,17085873.816,131.0,144.0,17085853.016,17085854.316,3,harn_anchored
user22|6|2,user22,6,2,1,Eating,7_Eat_food,Relaxedly,SLOW,HAU/user22/6-2-1,"/Users/toheeb.ogunade/Workspace/cuchx-large/hf_data_manual/LMT_(IMU,Radar,Skeleton)/Training/HAU/user22/6-2-1",14.0,534.0,17085610.316,17085662.316,292.0,292.0,17085638.116,17085638.116,3,harn_anchored
user22|6|2,user22,6,2,2,Eating,7_Eat_food,Steadily,NEUT,HAU/user22/6-2-2,"/Users/toheeb.ogunade/Workspace/cuchx-large/hf_data_manual/LMT_(IMU,Radar,Skeleton)/Training/HAU/user22/6-2-2",16.0,444.0,17085751.516,17085794.316,208.0,220.0,17085770.716,17085771.916,3,harn_anchored
user22|6|2,user22,6,2,3,Eating,7_Eat_food,Hurriedly,FAST,HAU/user22/6-2-3,"/Users/toheeb.ogunade/Workspace/cuchx-large/hf_data_manual/LMT_(IMU,Radar,Skeleton)/Training/HAU/user22/6-2-3",9.0,339.0,17085840.816,17085873.816,176.0,183.0,17085857.516,17085858.216,3,harn_anchored
user22|6|2,user22,6,2,1,Grabbing utensils,8_Take_and_use_tableware,Relaxedly,SLOW,HAU/user22/6-2-1,"/Users/toheeb.ogunade/Workspace/cuchx-large/hf_data_manual/LMT_(IMU,Radar,Skeleton)/Training/HAU/user22/6-2-1",14.0,534.0,17085610.316,17085662.316,262.0,287.0,17085635.116,17085637.616,3,harn_anchored
user22|6|2,user22,6,2,2,Grabbing utensils,8_Take_and_use_tableware,Steadily,NEUT,HAU/user22/6-2-2,"/Users/toheeb.ogunade/Workspace/cuchx-large/hf_data_manual/LMT_(IMU,Radar,Skeleton)/Training/HAU/user22/6-2-2",16.0,444.0,17085751.516,17085794.316,184.0,204.0,17085768.316,17085770.316,3,harn_anchored
user22|6|2,user22,6,2,3,Grabbing utensils,8_Take_and_use_tableware,Hurriedly,FAST,HAU/user22/6-2-3,"/Users/toheeb.ogunade/Workspace/cuchx-large/hf_data_manual/LMT_(IMU,Radar,Skeleton)/Training/HAU/user22/6-2-3",9.0,339.0,17085840.816,17085873.816,156.0,170.0,17085855.516,17085856.916,3,harn_anchored
user22|7|1,user22,7,1,1,Sitting down,34_Sit_down,Slowly,SLOW,HAU/user22/7-1-1,"/Users/toheeb.ogunade/Workspace/cuchx-large/hf_data_manual/LMT_(IMU,Radar,Skeleton)/Training/HAU/user22/7-1-1",10.0,137.0,17086112.916,17086125.616,36.0,48.0,17086115.516,17086116.716,3,harn_anchored
user22|7|1,user22,7,1,2,Sitting down,34_Sit_down,Calmly,SLOW,HAU/user22/7-1-2,"/Users/toheeb.ogunade/Workspace/cuchx-large/hf_data_manual/LMT_(IMU,Radar,Skeleton)/Training/HAU/user22/7-1-2",12.0,113.0,17086179.116,17086189.216,34.0,44.0,17086181.316,17086182.316,3,harn_anchored
user22|7|1,user22,7,1,3,Sitting down,34_Sit_down,Anxiously,NERV,HAU/user22/7-1-3,"/Users/toheeb.ogunade/Workspace/cuchx-large/hf_data_manual/LMT_(IMU,Radar,Skeleton)/Training/HAU/user22/7-1-3",8.0,71.0,17086247.716,17086254.016,22.0,31.0,17086249.116,17086250.016,3,harn_anchored
user22|7|1,user22,7,1,1,Taking medicine,37_Take_medicine,Slowly,SLOW,HAU/user22/7-1-1,"/Users/toheeb.ogunade/Workspace/cuchx-large/hf_data_manual/LMT_(IMU,Radar,Skeleton)/Training/HAU/user22/7-1-1",10.0,137.0,17086112.916,17086125.616,100.0,116.0,17086121.916,17086123.516,3,harn_anchored
user22|7|1,user22,7,1,2,Taking medicine,37_Take_medicine,Calmly,SLOW,HAU/user22/7-1-2,"/Users/toheeb.ogunade/Workspace/cuchx-large/hf_data_manual/LMT_(IMU,Radar,Skeleton)/Training/HAU/user22/7-1-2",12.0,113.0,17086179.116,17086189.216,98.0,112.0,17086187.716,17086189.116,3,harn_anchored
user22|7|1,user22,7,1,3,Taking medicine,37_Take_medicine,Anxiously,NERV,HAU/user22/7-1-3,"/Users/toheeb.ogunade/Workspace/cuchx-large/hf_data_manual/LMT_(IMU,Radar,Skeleton)/Training/HAU/user22/7-1-3",8.0,71.0,17086247.716,17086254.016,51.0,56.0,17086252.016,17086252.516,3,harn_anchored
user22|7|2,user22,7,2,1,Running,28_Jog_in_place,Gently,SLOW,HAU/user22/7-2-1,"/Users/toheeb.ogunade/Workspace/cuchx-large/hf_data_manual/LMT_(IMU,Radar,Skeleton)/Training/HAU/user22/7-2-1",13.0,270.0,17086524.216,17086549.916,235.0,268.0,17086546.416,17086549.716,3,harn_anchored
user22|7|2,user22,7,2,2,Running,28_Jog_in_place,Calmly,SLOW,HAU/user22/7-2-2,"/Users/toheeb.ogunade/Workspace/cuchx-large/hf_data_manual/LMT_(IMU,Radar,Skeleton)/Training/HAU/user22/7-2-2",11.0,232.0,17086606.016,17086628.116,210.0,231.0,17086625.916,17086628.016,3,harn_anchored
user22|7|2,user22,7,2,3,Running,28_Jog_in_place,Rapidly,FAST,HAU/user22/7-2-3,"/Users/toheeb.ogunade/Workspace/cuchx-large/hf_data_manual/LMT_(IMU,Radar,Skeleton)/Training/HAU/user22/7-2-3",11.0,114.0,17086672.016,17086682.316,102.0,113.0,17086681.116,17086682.216,3,harn_anchored
user22|7|2,user22,7,2,1,Standing up,32_Stand_up,Gently,SLOW,HAU/user22/7-2-1,"/Users/toheeb.ogunade/Workspace/cuchx-large/hf_data_manual/LMT_(IMU,Radar,Skeleton)/Training/HAU/user22/7-2-1",13.0,270.0,17086524.216,17086549.916,37.0,40.0,17086526.616,17086526.916,2,harn_anchored
user22|7|2,user22,7,2,2,Standing up,32_Stand_up,Calmly,SLOW,HAU/user22/7-2-2,"/Users/toheeb.ogunade/Workspace/cuchx-large/hf_data_manual/LMT_(IMU,Radar,Skeleton)/Training/HAU/user22/7-2-2",11.0,232.0,17086606.016,17086628.116,33.0,39.0,17086608.216,17086608.816,2,harn_anchored
user22|7|2,user22,7,2,1,Undressing,3_Take_off_clothes,Gently,SLOW,HAU/user22/7-2-1,"/Users/toheeb.ogunade/Workspace/cuchx-large/hf_data_manual/LMT_(IMU,Radar,Skeleton)/Training/HAU/user22/7-2-1",13.0,270.0,17086524.216,17086549.916,52.0,101.0,17086528.116,17086533.016,3,harn_anchored
user22|7|2,user22,7,2,2,Undressing,3_Take_off_clothes,Calmly,SLOW,HAU/user22/7-2-2,"/Users/toheeb.ogunade/Workspace/cuchx-large/hf_data_manual/LMT_(IMU,Radar,Skeleton)/Training/HAU/user22/7-2-2",11.0,232.0,17086606.016,17086628.116,48.0,84.0,17086609.716,17086613.316,3,harn_anchored
user22|7|2,user22,7,2,3,Undressing,3_Take_off_clothes,Rapidly,FAST,HAU/user22/7-2-3,"/Users/toheeb.ogunade/Workspace/cuchx-large/hf_data_manual/LMT_(IMU,Radar,Skeleton)/Training/HAU/user22/7-2-3",11.0,114.0,17086672.016,17086682.316,32.0,42.0,17086674.116,17086675.116,3,harn_anchored
user22|7|2,user22,7,2,1,Getting dressed,5_Put_on_clothes,Gently,SLOW,HAU/user22/7-2-1,"/Users/toheeb.ogunade/Workspace/cuchx-large/hf_data_manual/LMT_(IMU,Radar,Skeleton)/Training/HAU/user22/7-2-1",13.0,270.0,17086524.216,17086549.916,140.0,220.0,17086536.916,17086544.916,3,harn_anchored
user22|7|2,user22,7,2,2,Getting dressed,5_Put_on_clothes,Calmly,SLOW,HAU/user22/7-2-2,"/Users/toheeb.ogunade/Workspace/cuchx-large/hf_data_manual/LMT_(IMU,Radar,Skeleton)/Training/HAU/user22/7-2-2",11.0,232.0,17086606.016,17086628.116,140.0,201.0,17086618.916,17086625.016,3,harn_anchored
user22|7|2,user22,7,2,3,Getting dressed,5_Put_on_clothes,Rapidly,FAST,HAU/user22/7-2-3,"/Users/toheeb.ogunade/Workspace/cuchx-large/hf_data_manual/LMT_(IMU,Radar,Skeleton)/Training/HAU/user22/7-2-3",11.0,114.0,17086672.016,17086682.316,66.0,91.0,17086677.516,17086680.016,3,harn_anchored
user22|7|3,user22,7,3,1,Stretching,31_Do_stretching_exercises,Slowly,SLOW,HAU/user22/7-3-1,"/Users/toheeb.ogunade/Workspace/cuchx-large/hf_data_manual/LMT_(IMU,Radar,Skeleton)/Training/HAU/user22/7-3-1",11.0,162.0,17086744.016,17086759.116,59.0,76.0,17086748.816,17086750.516,3,harn_anchored
user22|7|3,user22,7,3,2,Stretching,31_Do_stretching_exercises,Evenly,NEUT,HAU/user22/7-3-2,"/Users/toheeb.ogunade/Workspace/cuchx-large/hf_data_manual/LMT_(IMU,Radar,Skeleton)/Training/HAU/user22/7-3-2",11.0,123.0,17086888.016,17086899.216,30.0,48.0,17086889.916,17086891.716,3,harn_anchored
user22|7|3,user22,7,3,3,Stretching,31_Do_stretching_exercises,Quickly,FAST,HAU/user22/7-3-3,"/Users/toheeb.ogunade/Workspace/cuchx-large/hf_data_manual/LMT_(IMU,Radar,Skeleton)/Training/HAU/user22/7-3-3",10.0,100.0,17086800.916,17086809.916,34.0,60.0,17086803.316,17086805.916,3,harn_anchored
user22|7|3,user22,7,3,1,Standing up,32_Stand_up,Slowly,SLOW,HAU/user22/7-3-1,"/Users/toheeb.ogunade/Workspace/cuchx-large/hf_data_manual/LMT_(IMU,Radar,Skeleton)/Training/HAU/user22/7-3-1",11.0,162.0,17086744.016,17086759.116,84.0,96.0,17086751.316,17086752.516,2,harn_anchored
user22|7|3,user22,7,3,2,Standing up,32_Stand_up,Evenly,NEUT,HAU/user22/7-3-2,"/Users/toheeb.ogunade/Workspace/cuchx-large/hf_data_manual/LMT_(IMU,Radar,Skeleton)/Training/HAU/user22/7-3-2",11.0,123.0,17086888.016,17086899.216,55.0,64.0,17086892.416,17086893.316,2,harn_anchored
user23|1|1,user23,1,1,1,Washing face,0_Wash_face,Meticulously,CARE,HAU/user23/1-1-1,"/Users/toheeb.ogunade/Workspace/cuchx-large/hf_data_manual/LMT_(IMU,Radar,Skeleton)/Training/HAU/user23/1-1-1",18.0,155.0,17242646.716,17242660.416,82.0,124.0,17242653.116,17242657.316,3,harn_anchored
user23|1|1,user23,1,1,2,Washing face,0_Wash_face,Quickly,FAST,HAU/user23/1-1-2,"/Users/toheeb.ogunade/Workspace/cuchx-large/hf_data_manual/LMT_(IMU,Radar,Skeleton)/Training/HAU/user23/1-1-2",13.0,86.0,17242744.216,17242751.516,54.0,72.0,17242748.316,17242750.116,3,harn_anchored
user23|1|1,user23,1,1,3,Washing face,0_Wash_face,Orderly,CARE,HAU/user23/1-1-3,"/Users/toheeb.ogunade/Workspace/cuchx-large/hf_data_manual/LMT_(IMU,Radar,Skeleton)/Training/HAU/user23/1-1-3",18.0,99.0,17242824.716,17242832.816,59.0,76.0,17242828.816,17242830.516,3,harn_anchored
user23|1|1,user23,1,1,1,Brushing teeth,1_Brush_teeth,Meticulously,CARE,HAU/user23/1-1-1,"/Users/toheeb.ogunade/Workspace/cuchx-large/hf_data_manual/LMT_(IMU,Radar,Skeleton)/Training/HAU/user23/1-1-1",18.0,155.0,17242646.716,17242660.416,36.0,74.0,17242648.516,17242652.316,3,harn_anchored
user23|1|1,user23,1,1,2,Brushing teeth,1_Brush_teeth,Quickly,FAST,HAU/user23/1-1-2,"/Users/toheeb.ogunade/Workspace/cuchx-large/hf_data_manual/LMT_(IMU,Radar,Skeleton)/Training/HAU/user23/1-1-2",13.0,86.0,17242744.216,17242751.516,33.0,48.0,17242746.216,17242747.716,3,harn_anchored
user23|1|1,user23,1,1,3,Brushing teeth,1_Brush_teeth,Orderly,CARE,HAU/user23/1-1-3,"/Users/toheeb.ogunade/Workspace/cuchx-large/hf_data_manual/LMT_(IMU,Radar,Skeleton)/Training/HAU/user23/1-1-3",18.0,99.0,17242824.716,17242832.816,26.0,48.0,17242825.516,17242827.716,3,harn_anchored
user23|1|1,user23,1,1,1,Wiping hands,4_Wipe_hands,Meticulously,CARE,HAU/user23/1-1-1,"/Users/toheeb.ogunade/Workspace/cuchx-large/hf_data_manual/LMT_(IMU,Radar,Skeleton)/Training/HAU/user23/1-1-1",18.0,155.0,17242646.716,17242660.416,129.0,155.0,17242657.816,17242660.416,3,harn_anchored
user23|1|1,user23,1,1,2,Wiping hands,4_Wipe_hands,Quickly,FAST,HAU/user23/1-1-2,"/Users/toheeb.ogunade/Workspace/cuchx-large/hf_data_manual/LMT_(IMU,Radar,Skeleton)/Training/HAU/user23/1-1-2",13.0,86.0,17242744.216,17242751.516,72.0,86.0,17242750.116,17242751.516,3,harn_anchored
user23|1|1,user23,1,1,3,Wiping hands,4_Wipe_hands,Orderly,CARE,HAU/user23/1-1-3,"/Users/toheeb.ogunade/Workspace/cuchx-large/hf_data_manual/LMT_(IMU,Radar,Skeleton)/Training/HAU/user23/1-1-3",18.0,99.0,17242824.716,17242832.816,79.0,99.0,17242830.816,17242832.816,3,harn_anchored
user23|1|2,user23,1,2,1,Squats,29_Do_squats,Slowly,SLOW,HAU/user23/1-2-1,"/Users/toheeb.ogunade/Workspace/cuchx-large/hf_data_manual/LMT_(IMU,Radar,Skeleton)/Training/HAU/user23/1-2-1",14.0,88.0,17167107.316,17167114.716,54.0,84.0,17167111.316,17167114.316,3,harn_anchored
user23|1|2,user23,1,2,2,Squats,29_Do_squats,Briskly,FAST,HAU/user23/1-2-2,"/Users/toheeb.ogunade/Workspace/cuchx-large/hf_data_manual/LMT_(IMU,Radar,Skeleton)/Training/HAU/user23/1-2-2",13.0,60.0,17167400.216,17167404.916,22.0,51.0,17167401.116,17167404.016,3,harn_anchored
user23|1|2,user23,1,2,3,Squats,29_Do_squats,Steadily,NEUT,HAU/user23/1-2-3,"/Users/toheeb.ogunade/Workspace/cuchx-large/hf_data_manual/LMT_(IMU,Radar,Skeleton)/Training/HAU/user23/1-2-3",11.0,60.0,17167465.016,17167469.916,39.0,60.0,17167467.816,17167469.916,3,harn_anchored
user23|1|2,user23,1,2,1,Lunges,35_Do_lunges,Slowly,SLOW,HAU/user23/1-2-1,"/Users/toheeb.ogunade/Workspace/cuchx-large/hf_data_manual/LMT_(IMU,Radar,Skeleton)/Training/HAU/user23/1-2-1",14.0,88.0,17167107.316,17167114.716,14.0,51.0,17167107.316,17167111.016,3,harn_anchored
user23|1|2,user23,1,2,2,Lunges,35_Do_lunges,Briskly,FAST,HAU/user23/1-2-2,"/Users/toheeb.ogunade/Workspace/cuchx-large/hf_data_manual/LMT_(IMU,Radar,Skeleton)/Training/HAU/user23/1-2-2",13.0,60.0,17167400.216,17167404.916,13.0,18.0,17167400.216,17167400.716,3,harn_anchored
user23|1|2,user23,1,2,3,Lunges,35_Do_lunges,Steadily,NEUT,HAU/user23/1-2-3,"/Users/toheeb.ogunade/Workspace/cuchx-large/hf_data_manual/LMT_(IMU,Radar,Skeleton)/Training/HAU/user23/1-2-3",11.0,60.0,17167465.016,17167469.916,11.0,33.0,17167465.016,17167467.216,3,harn_anchored
user23|2|2,user23,2,2,1,Combing hair,2_Comb_hair,Soothingly,SLOW,HAU/user23/2-2-1,"/Users/toheeb.ogunade/Workspace/cuchx-large/hf_data_manual/LMT_(IMU,Radar,Skeleton)/Training/HAU/user23/2-2-1",18.0,107.0,17242949.716,17242958.616,39.0,74.0,17242951.816,17242955.316,3,harn_anchored
user23|2|2,user23,2,2,2,Combing hair,2_Comb_hair,Orderly,CARE,HAU/user23/2-2-2,"/Users/toheeb.ogunade/Workspace/cuchx-large/hf_data_manual/LMT_(IMU,Radar,Skeleton)/Training/HAU/user23/2-2-2",17.0,106.0,17243014.616,17243023.516,52.0,79.0,17243018.116,17243020.816,3,harn_anchored
user23|2|2,user23,2,2,3,Combing hair,2_Comb_hair,Quickly,FAST,HAU/user23/2-2-3,"/Users/toheeb.ogunade/Workspace/cuchx-large/hf_data_manual/LMT_(IMU,Radar,Skeleton)/Training/HAU/user23/2-2-3",16.0,68.0,17243071.516,17243076.716,25.0,44.0,17243072.416,17243074.316,3,harn_anchored
user23|2|2,user23,2,2,1,Walking,36_Walk,Soothingly,SLOW,HAU/user23/2-2-1,"/Users/toheeb.ogunade/Workspace/cuchx-large/hf_data_manual/LMT_(IMU,Radar,Skeleton)/Training/HAU/user23/2-2-1",18.0,107.0,17242949.716,17242958.616,31.0,41.0,17242951.016,17242952.016,3,harn_anchored
user23|2|2,user23,2,2,2,Walking,36_Walk,Orderly,CARE,HAU/user23/2-2-2,"/Users/toheeb.ogunade/Workspace/cuchx-large/hf_data_manual/LMT_(IMU,Radar,Skeleton)/Training/HAU/user23/2-2-2",17.0,106.0,17243014.616,17243023.516,43.0,53.0,17243017.216,17243018.216,3,harn_anchored
user23|2|2,user23,2,2,3,Walking,36_Walk,Quickly,FAST,HAU/user23/2-2-3,"/Users/toheeb.ogunade/Workspace/cuchx-large/hf_data_manual/LMT_(IMU,Radar,Skeleton)/Training/HAU/user23/2-2-3",16.0,68.0,17243071.516,17243076.716,22.0,32.0,17243072.116,17243073.116,3,harn_anchored
user23|2|2,user23,2,2,1,Massaging oneself,38_Massage_oneself,Soothingly,SLOW,HAU/user23/2-2-1,"/Users/toheeb.ogunade/Workspace/cuchx-large/hf_data_manual/LMT_(IMU,Radar,Skeleton)/Training/HAU/user23/2-2-1",18.0,107.0,17242949.716,17242958.616,88.0,107.0,17242956.716,17242958.616,3,harn_anchored
user23|2|2,user23,2,2,2,Massaging oneself,38_Massage_oneself,Orderly,CARE,HAU/user23/2-2-2,"/Users/toheeb.ogunade/Workspace/cuchx-large/hf_data_manual/LMT_(IMU,Radar,Skeleton)/Training/HAU/user23/2-2-2",17.0,106.0,17243014.616,17243023.516,81.0,106.0,17243021.016,17243023.516,3,harn_anchored
user23|2|2,user23,2,2,3,Massaging oneself,38_Massage_oneself,Quickly,FAST,HAU/user23/2-2-3,"/Users/toheeb.ogunade/Workspace/cuchx-large/hf_data_manual/LMT_(IMU,Radar,Skeleton)/Training/HAU/user23/2-2-3",16.0,68.0,17243071.516,17243076.716,49.0,68.0,17243074.816,17243076.716,3,harn_anchored
user23|2|3,user23,2,3,1,Walking,36_Walk,Quietly,SLOW,HAU/user23/2-3-1,"/Users/toheeb.ogunade/Workspace/cuchx-large/hf_data_manual/LMT_(IMU,Radar,Skeleton)/Training/HAU/user23/2-3-1",16.0,194.0,17157205.516,17157223.316,37.0,64.0,17157207.616,17157210.316,3,harn_anchored
user23|2|3,user23,2,3,2,Walking,36_Walk,Calmly,SLOW,HAU/user23/2-3-2,"/Users/toheeb.ogunade/Workspace/cuchx-large/hf_data_manual/LMT_(IMU,Radar,Skeleton)/Training/HAU/user23/2-3-2",16.0,135.0,17157286.516,17157298.416,35.0,55.0,17157288.416,17157290.416,3,harn_anchored
user23|2|3,user23,2,3,3,Walking,36_Walk,Hurriedly,FAST,HAU/user23/2-3-3,"/Users/toheeb.ogunade/Workspace/cuchx-large/hf_data_manual/LMT_(IMU,Radar,Skeleton)/Training/HAU/user23/2-3-3",19.0,90.0,17157347.816,17157354.916,37.0,48.0,17157349.616,17157350.716,3,harn_anchored
user23|2|3,user23,2,3,1,Eating,7_Eat_food,Quietly,SLOW,HAU/user23/2-3-1,"/Users/toheeb.ogunade/Workspace/cuchx-large/hf_data_manual/LMT_(IMU,Radar,Skeleton)/Training/HAU/user23/2-3-1",16.0,194.0,17157205.516,17157223.316,163.0,193.0,17157220.216,17157223.216,3,harn_anchored
user23|2|3,user23,2,3,2,Eating,7_Eat_food,Calmly,SLOW,HAU/user23/2-3-2,"/Users/toheeb.ogunade/Workspace/cuchx-large/hf_data_manual/LMT_(IMU,Radar,Skeleton)/Training/HAU/user23/2-3-2",16.0,135.0,17157286.516,17157298.416,124.0,135.0,17157297.316,17157298.416,3,harn_anchored
user23|2|3,user23,2,3,3,Eating,7_Eat_food,Hurriedly,FAST,HAU/user23/2-3-3,"/Users/toheeb.ogunade/Workspace/cuchx-large/hf_data_manual/LMT_(IMU,Radar,Skeleton)/Training/HAU/user23/2-3-3",19.0,90.0,17157347.816,17157354.916,67.0,90.0,17157352.616,17157354.916,3,harn_anchored
user23|3|1,user23,3,1,1,Wiping surface,15_Wipe_windows_and_tables,Meticulously,CARE,HAU/user23/3-1-1,"/Users/toheeb.ogunade/Workspace/cuchx-large/hf_data_manual/LMT_(IMU,Radar,Skeleton)/Training/HAU/user23/3-1-1",14.0,99.0,17167608.316,17167616.816,16.0,99.0,17167608.516,17167616.816,3,harn_anchored
user23|3|1,user23,3,1,2,Wiping surface,15_Wipe_windows_and_tables,Quickly,FAST,HAU/user23/3-1-2,"/Users/toheeb.ogunade/Workspace/cuchx-large/hf_data_manual/LMT_(IMU,Radar,Skeleton)/Training/HAU/user23/3-1-2",10.0,56.0,17167680.916,17167685.516,10.0,56.0,17167680.916,17167685.516,3,harn_anchored
user23|3|1,user23,3,1,3,Wiping surface,15_Wipe_windows_and_tables,Orderly,CARE,HAU/user23/3-1-3,"/Users/toheeb.ogunade/Workspace/cuchx-large/hf_data_manual/LMT_(IMU,Radar,Skeleton)/Training/HAU/user23/3-1-3",14.0,130.0,17237011.316,17237022.916,18.0,130.0,17237011.716,17237022.916,3,harn_anchored
user23|3|2,user23,3,2,1,Sweeping,12_Sweep_the_floor,Leisurely,SLOW,HAU/user23/3-2-1,"/Users/toheeb.ogunade/Workspace/cuchx-large/hf_data_manual/LMT_(IMU,Radar,Skeleton)/Training/HAU/user23/3-2-1",24.0,168.0,17143632.316,17143646.716,56.0,144.0,17143635.516,17143644.316,3,harn_anchored
user23|3|2,user23,3,2,2,Sweeping,12_Sweep_the_floor,Frantically,FAST,HAU/user23/3-2-2,"/Users/toheeb.ogunade/Workspace/cuchx-large/hf_data_manual/LMT_(IMU,Radar,Skeleton)/Training/HAU/user23/3-2-2",19.0,167.0,17143785.816,17143800.616,33.0,100.0,17143787.216,17143793.916,3,harn_anchored
user23|3|2,user23,3,2,3,Sweeping,12_Sweep_the_floor,Orderly,CARE,HAU/user23/3-2-3,"/Users/toheeb.ogunade/Workspace/cuchx-large/hf_data_manual/LMT_(IMU,Radar,Skeleton)/Training/HAU/user23/3-2-3",16.0,218.0,17143891.516,17143911.716,29.0,104.0,17143892.816,17143900.316,3,harn_anchored
user23|3|2,user23,3,2,1,Walking,36_Walk,Leisurely,SLOW,HAU/user23/3-2-1,"/Users/toheeb.ogunade/Workspace/cuchx-large/hf_data_manual/LMT_(IMU,Radar,Skeleton)/Training/HAU/user23/3-2-1",24.0,168.0,17143632.316,17143646.716,34.0,54.0,17143633.316,17143635.316,3,harn_anchored
user23|3|2,user23,3,2,2,Walking,36_Walk,Frantically,FAST,HAU/user23/3-2-2,"/Users/toheeb.ogunade/Workspace/cuchx-large/hf_data_manual/LMT_(IMU,Radar,Skeleton)/Training/HAU/user23/3-2-2",19.0,167.0,17143785.816,17143800.616,29.0,39.0,17143786.816,17143787.816,3,harn_anchored
user23|3|2,user23,3,2,3,Walking,36_Walk,Orderly,CARE,HAU/user23/3-2-3,"/Users/toheeb.ogunade/Workspace/cuchx-large/hf_data_manual/LMT_(IMU,Radar,Skeleton)/Training/HAU/user23/3-2-3",16.0,218.0,17143891.516,17143911.716,29.0,49.0,17143892.816,17143894.816,3,harn_anchored
user23|3|2,user23,3,2,2,Taking a selfie,27_Take_a_selfie,Frantically,FAST,HAU/user23/3-2-2,"/Users/toheeb.ogunade/Workspace/cuchx-large/hf_data_manual/LMT_(IMU,Radar,Skeleton)/Training/HAU/user23/3-2-2",19.0,167.0,17143785.816,17143800.616,146.0,167.0,17143798.516,17143800.616,2,harn_anchored
user23|3|2,user23,3,2,3,Taking a selfie,27_Take_a_selfie,Orderly,CARE,HAU/user23/3-2-3,"/Users/toheeb.ogunade/Workspace/cuchx-large/hf_data_manual/LMT_(IMU,Radar,Skeleton)/Training/HAU/user23/3-2-3",16.0,218.0,17143891.516,17143911.716,140.0,168.0,17143903.916,17143906.716,2,harn_anchored
user23|3|2,user23,3,2,2,Running,28_Jog_in_place,Frantically,FAST,HAU/user23/3-2-2,"/Users/toheeb.ogunade/Workspace/cuchx-large/hf_data_manual/LMT_(IMU,Radar,Skeleton)/Training/HAU/user23/3-2-2",19.0,167.0,17143785.816,17143800.616,108.0,128.0,17143794.716,17143796.716,2,harn_anchored
user23|3|2,user23,3,2,3,Running,28_Jog_in_place,Orderly,CARE,HAU/user23/3-2-3,"/Users/toheeb.ogunade/Workspace/cuchx-large/hf_data_manual/LMT_(IMU,Radar,Skeleton)/Training/HAU/user23/3-2-3",16.0,218.0,17143891.516,17143911.716,108.0,126.0,17143900.716,17143902.516,2,harn_anchored
user23|4|1,user23,4,1,1,Writing,18_Write,Gracefully,NEUT,HAU/user23/4-1-1,"/Users/toheeb.ogunade/Workspace/cuchx-large/hf_data_manual/LMT_(IMU,Radar,Skeleton)/Training/HAU/user23/4-1-1",11.0,138.0,17167848.016,17167860.716,17.0,80.0,17167848.616,17167854.916,3,harn_anchored
user23|4|1,user23,4,1,2,Writing,18_Write,Steadily,NEUT,HAU/user23/4-1-2,"/Users/toheeb.ogunade/Workspace/cuchx-large/hf_data_manual/LMT_(IMU,Radar,Skeleton)/Training/HAU/user23/4-1-2",13.0,63.0,17167911.216,17167916.216,13.0,63.0,17167911.216,17167916.216,3,harn_anchored
user23|4|1,user23,4,1,3,Writing,18_Write,Quickly,FAST,HAU/user23/4-1-3,"/Users/toheeb.ogunade/Workspace/cuchx-large/hf_data_manual/LMT_(IMU,Radar,Skeleton)/Training/HAU/user23/4-1-3",15.0,86.0,17168045.416,17168052.516,16.0,86.0,17168045.516,17168052.516,3,harn_anchored
user23|4|1,user23,4,1,1,Reading,21_Read_documents,Gracefully,NEUT,HAU/user23/4-1-1,"/Users/toheeb.ogunade/Workspace/cuchx-large/hf_data_manual/LMT_(IMU,Radar,Skeleton)/Training/HAU/user23/4-1-1",11.0,138.0,17167848.016,17167860.716,91.0,136.0,17167856.016,17167860.516,3,harn_anchored
user23|4|1,user23,4,1,2,Reading,21_Read_documents,Steadily,NEUT,HAU/user23/4-1-2,"/Users/toheeb.ogunade/Workspace/cuchx-large/hf_data_manual/LMT_(IMU,Radar,Skeleton)/Training/HAU/user23/4-1-2",13.0,63.0,17167911.216,17167916.216,28.0,60.0,17167912.716,17167915.916,3,harn_anchored
user23|4|1,user23,4,1,3,Reading,21_Read_documents,Quickly,FAST,HAU/user23/4-1-3,"/Users/toheeb.ogunade/Workspace/cuchx-large/hf_data_manual/LMT_(IMU,Radar,Skeleton)/Training/HAU/user23/4-1-3",15.0,86.0,17168045.416,17168052.516,43.0,86.0,17168048.216,17168052.516,3,harn_anchored
user23|4|2,user23,4,2,1,Calling,19_Make_a_phone_call,Gracefully,NEUT,HAU/user23/4-2-1,"/Users/toheeb.ogunade/Workspace/cuchx-large/hf_data_manual/LMT_(IMU,Radar,Skeleton)/Training/HAU/user23/4-2-1",16.0,107.0,17243139.516,17243148.616,81.0,102.0,17243146.016,17243148.116,3,harn_anchored
user23|4|2,user23,4,2,2,Calling,19_Make_a_phone_call,Carefully,CARE,HAU/user23/4-2-2,"/Users/toheeb.ogunade/Workspace/cuchx-large/hf_data_manual/LMT_(IMU,Radar,Skeleton)/Training/HAU/user23/4-2-2",16.0,121.0,17243262.516,17243273.016,85.0,121.0,17243269.416,17243273.016,3,harn_anchored
user23|4|2,user23,4,2,3,Calling,19_Make_a_phone_call,Quickly,FAST,HAU/user23/4-2-3,"/Users/toheeb.ogunade/Workspace/cuchx-large/hf_data_manual/LMT_(IMU,Radar,Skeleton)/Training/HAU/user23/4-2-3",13.0,57.0,17243502.216,17243506.616,40.0,57.0,17243504.916,17243506.616,3,harn_anchored
user23|4|2,user23,4,2,1,Listening to the music with headphones,23_Listen_to_music_with_headphones,Gracefully,NEUT,HAU/user23/4-2-1,"/Users/toheeb.ogunade/Workspace/cuchx-large/hf_data_manual/LMT_(IMU,Radar,Skeleton)/Training/HAU/user23/4-2-1",16.0,107.0,17243139.516,17243148.616,36.0,72.0,17243141.516,17243145.116,3,harn_anchored
user23|4|2,user23,4,2,2,Listening to the music with headphones,23_Listen_to_music_with_headphones,Carefully,CARE,HAU/user23/4-2-2,"/Users/toheeb.ogunade/Workspace/cuchx-large/hf_data_manual/LMT_(IMU,Radar,Skeleton)/Training/HAU/user23/4-2-2",16.0,121.0,17243262.516,17243273.016,41.0,84.0,17243265.016,17243269.316,3,harn_anchored
user23|4|2,user23,4,2,3,Listening to the music with headphones,23_Listen_to_music_with_headphones,Quickly,FAST,HAU/user23/4-2-3,"/Users/toheeb.ogunade/Workspace/cuchx-large/hf_data_manual/LMT_(IMU,Radar,Skeleton)/Training/HAU/user23/4-2-3",13.0,57.0,17243502.216,17243506.616,31.0,39.0,17243504.016,17243504.816,3,harn_anchored
user23|4|2,user23,4,2,1,Taking a selfie,27_Take_a_selfie,Gracefully,NEUT,HAU/user23/4-2-1,"/Users/toheeb.ogunade/Workspace/cuchx-large/hf_data_manual/LMT_(IMU,Radar,Skeleton)/Training/HAU/user23/4-2-1",16.0,107.0,17243139.516,17243148.616,35.0,75.0,17243141.416,17243145.416,3,harn_anchored
user23|4|2,user23,4,2,2,Taking a selfie,27_Take_a_selfie,Carefully,CARE,HAU/user23/4-2-2,"/Users/toheeb.ogunade/Workspace/cuchx-large/hf_data_manual/LMT_(IMU,Radar,Skeleton)/Training/HAU/user23/4-2-2",16.0,121.0,17243262.516,17243273.016,43.0,84.0,17243265.216,17243269.316,3,harn_anchored
user23|4|2,user23,4,2,3,Taking a selfie,27_Take_a_selfie,Quickly,FAST,HAU/user23/4-2-3,"/Users/toheeb.ogunade/Workspace/cuchx-large/hf_data_manual/LMT_(IMU,Radar,Skeleton)/Training/HAU/user23/4-2-3",13.0,57.0,17243502.216,17243506.616,34.0,42.0,17243504.316,17243505.116,3,harn_anchored
user23|4|2,user23,4,2,1,Walking,36_Walk,Gracefully,NEUT,HAU/user23/4-2-1,"/Users/toheeb.ogunade/Workspace/cuchx-large/hf_data_manual/LMT_(IMU,Radar,Skeleton)/Training/HAU/user23/4-2-1",16.0,107.0,17243139.516,17243148.616,28.0,34.0,17243140.716,17243141.316,3,harn_anchored
user23|4|2,user23,4,2,2,Walking,36_Walk,Carefully,CARE,HAU/user23/4-2-2,"/Users/toheeb.ogunade/Workspace/cuchx-large/hf_data_manual/LMT_(IMU,Radar,Skeleton)/Training/HAU/user23/4-2-2",16.0,121.0,17243262.516,17243273.016,30.0,35.0,17243263.916,17243264.416,3,harn_anchored
user23|4|2,user23,4,2,3,Walking,36_Walk,Quickly,FAST,HAU/user23/4-2-3,"/Users/toheeb.ogunade/Workspace/cuchx-large/hf_data_manual/LMT_(IMU,Radar,Skeleton)/Training/HAU/user23/4-2-3",13.0,57.0,17243502.216,17243506.616,19.0,30.0,17243502.816,17243503.916,3,harn_anchored
user23|4|3,user23,4,3,1,Folding clothes,16_Fold_clothes,Slowly,SLOW,HAU/user23/4-3-1,"/Users/toheeb.ogunade/Workspace/cuchx-large/hf_data_manual/LMT_(IMU,Radar,Skeleton)/Training/HAU/user23/4-3-1",9.0,158.0,17168547.816,17168562.716,39.0,80.0,17168550.816,17168554.916,3,harn_anchored
user23|4|3,user23,4,3,2,Folding clothes,16_Fold_clothes,Steadily,NEUT,HAU/user23/4-3-2,"/Users/toheeb.ogunade/Workspace/cuchx-large/hf_data_manual/LMT_(IMU,Radar,Skeleton)/Training/HAU/user23/4-3-2",1.0,130.0,17168678.016,17168690.916,40.0,56.0,17168681.916,17168683.516,3,harn_anchored
user23|4|3,user23,4,3,3,Folding clothes,16_Fold_clothes,Hastily,FAST,HAU/user23/4-3-3,"/Users/toheeb.ogunade/Workspace/cuchx-large/hf_data_manual/LMT_(IMU,Radar,Skeleton)/Training/HAU/user23/4-3-3",8.0,90.0,17168757.716,17168765.916,36.0,56.0,17168760.516,17168762.516,3,harn_anchored
user23|4|3,user23,4,3,1,Undressing,3_Take_off_clothes,Slowly,SLOW,HAU/user23/4-3-1,"/Users/toheeb.ogunade/Workspace/cuchx-large/hf_data_manual/LMT_(IMU,Radar,Skeleton)/Training/HAU/user23/4-3-1",9.0,158.0,17168547.816,17168562.716,14.0,28.0,17168548.316,17168549.716,3,harn_anchored
user23|4|3,user23,4,3,2,Undressing,3_Take_off_clothes,Steadily,NEUT,HAU/user23/4-3-2,"/Users/toheeb.ogunade/Workspace/cuchx-large/hf_data_manual/LMT_(IMU,Radar,Skeleton)/Training/HAU/user23/4-3-2",1.0,130.0,17168678.016,17168690.916,1.0,24.0,17168678.016,17168680.316,3,harn_anchored
user23|4|3,user23,4,3,3,Undressing,3_Take_off_clothes,Hastily,FAST,HAU/user23/4-3-3,"/Users/toheeb.ogunade/Workspace/cuchx-large/hf_data_manual/LMT_(IMU,Radar,Skeleton)/Training/HAU/user23/4-3-3",8.0,90.0,17168757.716,17168765.916,8.0,24.0,17168757.716,17168759.316,3,harn_anchored
user23|4|3,user23,4,3,1,Getting dressed,5_Put_on_clothes,Slowly,SLOW,HAU/user23/4-3-1,"/Users/toheeb.ogunade/Workspace/cuchx-large/hf_data_manual/LMT_(IMU,Radar,Skeleton)/Training/HAU/user23/4-3-1",9.0,158.0,17168547.816,17168562.716,100.0,132.0,17168556.916,17168560.116,3,harn_anchored
user23|4|3,user23,4,3,2,Getting dressed,5_Put_on_clothes,Steadily,NEUT,HAU/user23/4-3-2,"/Users/toheeb.ogunade/Workspace/cuchx-large/hf_data_manual/LMT_(IMU,Radar,Skeleton)/Training/HAU/user23/4-3-2",1.0,130.0,17168678.016,17168690.916,75.0,104.0,17168685.416,17168688.316,3,harn_anchored
user23|4|3,user23,4,3,3,Getting dressed,5_Put_on_clothes,Hastily,FAST,HAU/user23/4-3-3,"/Users/toheeb.ogunade/Workspace/cuchx-large/hf_data_manual/LMT_(IMU,Radar,Skeleton)/Training/HAU/user23/4-3-3",8.0,90.0,17168757.716,17168765.916,63.0,80.0,17168763.216,17168764.916,3,harn_anchored
user23|5|1,user23,5,1,1,Listening to the music with headphones,23_Listen_to_music_with_headphones,Casually,NEUT,HAU/user23/5-1-1,"/Users/toheeb.ogunade/Workspace/cuchx-large/hf_data_manual/LMT_(IMU,Radar,Skeleton)/Training/HAU/user23/5-1-1",13.0,141.0,17144049.216,17144062.016,84.0,132.0,17144056.316,17144061.116,2,harn_anchored
user23|5|1,user23,5,1,2,Listening to the music with headphones,23_Listen_to_music_with_headphones,Tensely,NERV,HAU/user23/5-1-2,"/Users/toheeb.ogunade/Workspace/cuchx-large/hf_data_manual/LMT_(IMU,Radar,Skeleton)/Training/HAU/user23/5-1-2",13.0,133.0,17144210.216,17144222.216,81.0,125.0,17144217.016,17144221.416,2,harn_anchored
user23|5|1,user23,5,1,1,Playing games,26_Play_games,Casually,NEUT,HAU/user23/5-1-1,"/Users/toheeb.ogunade/Workspace/cuchx-large/hf_data_manual/LMT_(IMU,Radar,Skeleton)/Training/HAU/user23/5-1-1",13.0,141.0,17144049.216,17144062.016,39.0,81.0,17144051.816,17144056.016,3,harn_anchored
user23|5|1,user23,5,1,2,Playing games,26_Play_games,Tensely,NERV,HAU/user23/5-1-2,"/Users/toheeb.ogunade/Workspace/cuchx-large/hf_data_manual/LMT_(IMU,Radar,Skeleton)/Training/HAU/user23/5-1-2",13.0,133.0,17144210.216,17144222.216,18.0,69.0,17144210.716,17144215.816,3,harn_anchored
user23|5|1,user23,5,1,3,Playing games,26_Play_games,Gracefully,NEUT,HAU/user23/5-1-3,"/Users/toheeb.ogunade/Workspace/cuchx-large/hf_data_manual/LMT_(IMU,Radar,Skeleton)/Training/HAU/user23/5-1-3",10.0,218.0,17144392.916,17144413.716,18.0,38.0,17144393.716,17144395.716,3,harn_anchored
user23|5|2,user23,5,2,1,Undressing,3_Take_off_clothes,Leisurely,SLOW,HAU/user23/5-2-1,"/Users/toheeb.ogunade/Workspace/cuchx-large/hf_data_manual/LMT_(IMU,Radar,Skeleton)/Training/HAU/user23/5-2-1",14.0,151.0,17244439.316,17244453.016,34.0,45.0,17244441.316,17244442.416,3,harn_anchored
user23|5|2,user23,5,2,2,Undressing,3_Take_off_clothes,Evenly,NEUT,HAU/user23/5-2-2,"/Users/toheeb.ogunade/Workspace/cuchx-large/hf_data_manual/LMT_(IMU,Radar,Skeleton)/Training/HAU/user23/5-2-2",12.0,173.0,17244548.116,17244564.216,34.0,57.0,17244550.316,17244552.616,3,harn_anchored
user23|5|2,user23,5,2,3,Undressing,3_Take_off_clothes,Impatiently,FAST,HAU/user23/5-2-3,"/Users/toheeb.ogunade/Workspace/cuchx-large/hf_data_manual/LMT_(IMU,Radar,Skeleton)/Training/HAU/user23/5-2-3",16.0,105.0,17244616.516,17244625.416,25.0,37.0,17244617.416,17244618.616,3,harn_anchored
user23|5|2,user23,5,2,1,Getting dressed,5_Put_on_clothes,Leisurely,SLOW,HAU/user23/5-2-1,"/Users/toheeb.ogunade/Workspace/cuchx-large/hf_data_manual/LMT_(IMU,Radar,Skeleton)/Training/HAU/user23/5-2-1",14.0,151.0,17244439.316,17244453.016,80.0,116.0,17244445.916,17244449.516,3,harn_anchored
user23|5|2,user23,5,2,2,Getting dressed,5_Put_on_clothes,Evenly,NEUT,HAU/user23/5-2-2,"/Users/toheeb.ogunade/Workspace/cuchx-large/hf_data_manual/LMT_(IMU,Radar,Skeleton)/Training/HAU/user23/5-2-2",12.0,173.0,17244548.116,17244564.216,87.0,124.0,17244555.616,17244559.316,3,harn_anchored
user23|5|2,user23,5,2,3,Getting dressed,5_Put_on_clothes,Impatiently,FAST,HAU/user23/5-2-3,"/Users/toheeb.ogunade/Workspace/cuchx-large/hf_data_manual/LMT_(IMU,Radar,Skeleton)/Training/HAU/user23/5-2-3",16.0,105.0,17244616.516,17244625.416,80.0,104.0,17244622.916,17244625.316,3,harn_anchored
user23|5|3,user23,5,3,2,Typing on a keyboard,17_Tap_the_keyboard,Urgently,FAST,HAU/user23/5-3-2,"/Users/toheeb.ogunade/Workspace/cuchx-large/hf_data_manual/LMT_(IMU,Radar,Skeleton)/Training/HAU/user23/5-3-2",11.0,229.0,17144677.016,17144698.816,159.0,181.0,17144691.816,17144694.016,2,harn_anchored
user23|5|3,user23,5,3,3,Typing on a keyboard,17_Tap_the_keyboard,Peacefully,SLOW,HAU/user23/5-3-3,"/Users/toheeb.ogunade/Workspace/cuchx-large/hf_data_manual/LMT_(IMU,Radar,Skeleton)/Training/HAU/user23/5-3-3",17.0,275.0,17144765.616,17144791.416,213.0,242.0,17144785.216,17144788.116,2,harn_anchored
user23|5|3,user23,5,3,2,Lunges,35_Do_lunges,Urgently,FAST,HAU/user23/5-3-2,"/Users/toheeb.ogunade/Workspace/cuchx-large/hf_data_manual/LMT_(IMU,Radar,Skeleton)/Training/HAU/user23/5-3-2",11.0,229.0,17144677.016,17144698.816,102.0,127.0,17144686.116,17144688.616,2,harn_anchored
user23|5|3,user23,5,3,3,Lunges,35_Do_lunges,Peacefully,SLOW,HAU/user23/5-3-3,"/Users/toheeb.ogunade/Workspace/cuchx-large/hf_data_manual/LMT_(IMU,Radar,Skeleton)/Training/HAU/user23/5-3-3",17.0,275.0,17144765.616,17144791.416,146.0,170.0,17144778.516,17144780.916,2,harn_anchored
user23|6|1,user23,6,1,1,Squats,29_Do_squats,Gently,SLOW,HAU/user23/6-1-1,"/Users/toheeb.ogunade/Workspace/cuchx-large/hf_data_manual/LMT_(IMU,Radar,Skeleton)/Training/HAU/user23/6-1-1",11.0,90.0,17168910.016,17168917.916,57.0,90.0,17168914.616,17168917.916,3,harn_anchored
user23|6|1,user23,6,1,2,Squats,29_Do_squats,Tensely,NERV,HAU/user23/6-1-2,"/Users/toheeb.ogunade/Workspace/cuchx-large/hf_data_manual/LMT_(IMU,Radar,Skeleton)/Training/HAU/user23/6-1-2",22.0,80.0,17168995.116,17169000.916,64.0,80.0,17168999.316,17169000.916,3,harn_anchored
user23|6|1,user23,6,1,3,Squats,29_Do_squats,Evenly,NEUT,HAU/user23/6-1-3,"/Users/toheeb.ogunade/Workspace/cuchx-large/hf_data_manual/LMT_(IMU,Radar,Skeleton)/Training/HAU/user23/6-1-3",24.0,86.0,17169058.316,17169064.516,56.0,83.0,17169061.516,17169064.216,3,harn_anchored
user23|6|1,user23,6,1,1,Stretching,31_Do_stretching_exercises,Gently,SLOW,HAU/user23/6-1-1,"/Users/toheeb.ogunade/Workspace/cuchx-large/hf_data_manual/LMT_(IMU,Radar,Skeleton)/Training/HAU/user23/6-1-1",11.0,90.0,17168910.016,17168917.916,11.0,56.0,17168910.016,17168914.516,3,harn_anchored
user23|6|1,user23,6,1,2,Stretching,31_Do_stretching_exercises,Tensely,NERV,HAU/user23/6-1-2,"/Users/toheeb.ogunade/Workspace/cuchx-large/hf_data_manual/LMT_(IMU,Radar,Skeleton)/Training/HAU/user23/6-1-2",22.0,80.0,17168995.116,17169000.916,23.0,63.0,17168995.216,17168999.216,3,harn_anchored
user23|6|1,user23,6,1,3,Stretching,31_Do_stretching_exercises,Evenly,NEUT,HAU/user23/6-1-3,"/Users/toheeb.ogunade/Workspace/cuchx-large/hf_data_manual/LMT_(IMU,Radar,Skeleton)/Training/HAU/user23/6-1-3",24.0,86.0,17169058.316,17169064.516,24.0,55.0,17169058.316,17169061.416,3,harn_anchored
user23|6|3,user23,6,3,1,Squats,29_Do_squats,Smoothly,NEUT,HAU/user23/6-3-1,"/Users/toheeb.ogunade/Workspace/cuchx-large/hf_data_manual/LMT_(IMU,Radar,Skeleton)/Training/HAU/user23/6-3-1",1.0,116.0,17169198.016,17169209.516,27.0,87.0,17169200.616,17169206.616,3,harn_anchored
user23|6|3,user23,6,3,2,Squats,29_Do_squats,Hurriedly,FAST,HAU/user23/6-3-2,"/Users/toheeb.ogunade/Workspace/cuchx-large/hf_data_manual/LMT_(IMU,Radar,Skeleton)/Training/HAU/user23/6-3-2",12.0,68.0,17169306.116,17169311.716,13.0,43.0,17169306.216,17169309.216,3,harn_anchored
user23|6|3,user23,6,3,3,Squats,29_Do_squats,Evenly,NEUT,HAU/user23/6-3-3,"/Users/toheeb.ogunade/Workspace/cuchx-large/hf_data_manual/LMT_(IMU,Radar,Skeleton)/Training/HAU/user23/6-3-3",10.0,86.0,17169379.916,17169387.516,27.0,57.0,17169381.616,17169384.616,3,harn_anchored
user23|7|1,user23,7,1,1,Writing,18_Write,Slowly,SLOW,HAU/user23/7-1-1,"/Users/toheeb.ogunade/Workspace/cuchx-large/hf_data_manual/LMT_(IMU,Radar,Skeleton)/Training/HAU/user23/7-1-1",13.0,225.0,17145216.216,17145237.416,162.0,192.0,17145231.116,17145234.116,2,harn_anchored
user23|7|1,user23,7,1,3,Writing,18_Write,Hastily,FAST,HAU/user23/7-1-3,"/Users/toheeb.ogunade/Workspace/cuchx-large/hf_data_manual/LMT_(IMU,Radar,Skeleton)/Training/HAU/user23/7-1-3",17.0,128.0,17145373.616,17145384.716,107.0,128.0,17145382.616,17145384.716,2,harn_anchored
user23|7|1,user23,7,1,1,Standing up,32_Stand_up,Slowly,SLOW,HAU/user23/7-1-1,"/Users/toheeb.ogunade/Workspace/cuchx-large/hf_data_manual/LMT_(IMU,Radar,Skeleton)/Training/HAU/user23/7-1-1",13.0,225.0,17145216.216,17145237.416,69.0,88.0,17145221.816,17145223.716,3,harn_anchored
user23|7|1,user23,7,1,2,Standing up,32_Stand_up,Naturally,NEUT,HAU/user23/7-1-2,"/Users/toheeb.ogunade/Workspace/cuchx-large/hf_data_manual/LMT_(IMU,Radar,Skeleton)/Training/HAU/user23/7-1-2",23.0,127.0,17145297.216,17145307.616,73.0,90.0,17145302.216,17145303.916,3,harn_anchored
user23|7|1,user23,7,1,3,Standing up,32_Stand_up,Hastily,FAST,HAU/user23/7-1-3,"/Users/toheeb.ogunade/Workspace/cuchx-large/hf_data_manual/LMT_(IMU,Radar,Skeleton)/Training/HAU/user23/7-1-3",17.0,128.0,17145373.616,17145384.716,61.0,69.0,17145378.016,17145378.816,3,harn_anchored
user23|7|1,user23,7,1,1,Taking medicine,37_Take_medicine,Slowly,SLOW,HAU/user23/7-1-1,"/Users/toheeb.ogunade/Workspace/cuchx-large/hf_data_manual/LMT_(IMU,Radar,Skeleton)/Training/HAU/user23/7-1-1",13.0,225.0,17145216.216,17145237.416,115.0,156.0,17145226.416,17145230.516,2,harn_anchored
user23|7|1,user23,7,1,3,Taking medicine,37_Take_medicine,Hastily,FAST,HAU/user23/7-1-3,"/Users/toheeb.ogunade/Workspace/cuchx-large/hf_data_manual/LMT_(IMU,Radar,Skeleton)/Training/HAU/user23/7-1-3",17.0,128.0,17145373.616,17145384.716,109.0,128.0,17145382.816,17145384.716,2,harn_anchored
user23|7|1,user23,7,1,1,Massaging oneself,38_Massage_oneself,Slowly,SLOW,HAU/user23/7-1-1,"/Users/toheeb.ogunade/Workspace/cuchx-large/hf_data_manual/LMT_(IMU,Radar,Skeleton)/Training/HAU/user23/7-1-1",13.0,225.0,17145216.216,17145237.416,33.0,60.0,17145218.216,17145220.916,3,harn_anchored
user23|7|1,user23,7,1,2,Massaging oneself,38_Massage_oneself,Naturally,NEUT,HAU/user23/7-1-2,"/Users/toheeb.ogunade/Workspace/cuchx-large/hf_data_manual/LMT_(IMU,Radar,Skeleton)/Training/HAU/user23/7-1-2",23.0,127.0,17145297.216,17145307.616,28.0,69.0,17145297.716,17145301.816,3,harn_anchored
user23|7|1,user23,7,1,3,Massaging oneself,38_Massage_oneself,Hastily,FAST,HAU/user23/7-1-3,"/Users/toheeb.ogunade/Workspace/cuchx-large/hf_data_manual/LMT_(IMU,Radar,Skeleton)/Training/HAU/user23/7-1-3",17.0,128.0,17145373.616,17145384.716,22.0,60.0,17145374.116,17145377.916,3,harn_anchored
user23|7|2,user23,7,2,1,Taking medicine,37_Take_medicine,Gently,SLOW,HAU/user23/7-2-1,"/Users/toheeb.ogunade/Workspace/cuchx-large/hf_data_manual/LMT_(IMU,Radar,Skeleton)/Training/HAU/user23/7-2-1",13.0,87.0,17244703.216,17244710.616,49.0,78.0,17244706.816,17244709.716,3,harn_anchored
user23|7|2,user23,7,2,2,Taking medicine,37_Take_medicine,Calmly,SLOW,HAU/user23/7-2-2,"/Users/toheeb.ogunade/Workspace/cuchx-large/hf_data_manual/LMT_(IMU,Radar,Skeleton)/Training/HAU/user23/7-2-2",9.0,78.0,17244918.816,17244925.716,55.0,78.0,17244923.416,17244925.716,3,harn_anchored
user23|7|2,user23,7,2,3,Taking medicine,37_Take_medicine,Urgently,FAST,HAU/user23/7-2-3,"/Users/toheeb.ogunade/Workspace/cuchx-large/hf_data_manual/LMT_(IMU,Radar,Skeleton)/Training/HAU/user23/7-2-3",13.0,46.0,17245100.216,17245103.516,37.0,46.0,17245102.616,17245103.516,3,harn_anchored
user23|7|2,user23,7,2,1,Checking body temperature,39_Take_body_temperature,Gently,SLOW,HAU/user23/7-2-1,"/Users/toheeb.ogunade/Workspace/cuchx-large/hf_data_manual/LMT_(IMU,Radar,Skeleton)/Training/HAU/user23/7-2-1",13.0,87.0,17244703.216,17244710.616,13.0,42.0,17244703.216,17244706.116,3,harn_anchored
user23|7|2,user23,7,2,2,Checking body temperature,39_Take_body_temperature,Calmly,SLOW,HAU/user23/7-2-2,"/Users/toheeb.ogunade/Workspace/cuchx-large/hf_data_manual/LMT_(IMU,Radar,Skeleton)/Training/HAU/user23/7-2-2",9.0,78.0,17244918.816,17244925.716,10.0,38.0,17244918.916,17244921.716,3,harn_anchored
user23|7|2,user23,7,2,3,Checking body temperature,39_Take_body_temperature,Urgently,FAST,HAU/user23/7-2-3,"/Users/toheeb.ogunade/Workspace/cuchx-large/hf_data_manual/LMT_(IMU,Radar,Skeleton)/Training/HAU/user23/7-2-3",13.0,46.0,17245100.216,17245103.516,13.0,40.0,17245100.216,17245102.916,3,harn_anchored
user23|7|3,user23,7,3,1,Using a phone,24_Use_a_mobile_phone,Slowly,SLOW,HAU/user23/7-3-1,"/Users/toheeb.ogunade/Workspace/cuchx-large/hf_data_manual/LMT_(IMU,Radar,Skeleton)/Training/HAU/user23/7-3-1",14.0,207.0,17145555.316,17145574.616,81.0,122.0,17145562.016,17145566.116,3,harn_anchored
user23|7|3,user23,7,3,2,Using a phone,24_Use_a_mobile_phone,Evenly,NEUT,HAU/user23/7-3-2,"/Users/toheeb.ogunade/Workspace/cuchx-large/hf_data_manual/LMT_(IMU,Radar,Skeleton)/Training/HAU/user23/7-3-2",23.0,186.0,17145653.216,17145669.516,87.0,108.0,17145659.616,17145661.716,3,harn_anchored
user23|7|3,user23,7,3,3,Using a phone,24_Use_a_mobile_phone,Restlessly,NERV,HAU/user23/7-3-3,"/Users/toheeb.ogunade/Workspace/cuchx-large/hf_data_manual/LMT_(IMU,Radar,Skeleton)/Training/HAU/user23/7-3-3",12.0,89.0,17145727.116,17145734.816,45.0,54.0,17145730.416,17145731.316,3,harn_anchored
user23|7|3,user23,7,3,1,Stretching,31_Do_stretching_exercises,Slowly,SLOW,HAU/user23/7-3-1,"/Users/toheeb.ogunade/Workspace/cuchx-large/hf_data_manual/LMT_(IMU,Radar,Skeleton)/Training/HAU/user23/7-3-1",14.0,207.0,17145555.316,17145574.616,159.0,184.0,17145569.816,17145572.316,3,harn_anchored
user23|7|3,user23,7,3,2,Stretching,31_Do_stretching_exercises,Evenly,NEUT,HAU/user23/7-3-2,"/Users/toheeb.ogunade/Workspace/cuchx-large/hf_data_manual/LMT_(IMU,Radar,Skeleton)/Training/HAU/user23/7-3-2",23.0,186.0,17145653.216,17145669.516,129.0,156.0,17145663.816,17145666.516,3,harn_anchored
user23|7|3,user23,7,3,3,Stretching,31_Do_stretching_exercises,Restlessly,NERV,HAU/user23/7-3-3,"/Users/toheeb.ogunade/Workspace/cuchx-large/hf_data_manual/LMT_(IMU,Radar,Skeleton)/Training/HAU/user23/7-3-3",12.0,89.0,17145727.116,17145734.816,60.0,84.0,17145731.916,17145734.316,3,harn_anchored
user23|7|3,user23,7,3,1,Standing up,32_Stand_up,Slowly,SLOW,HAU/user23/7-3-1,"/Users/toheeb.ogunade/Workspace/cuchx-large/hf_data_manual/LMT_(IMU,Radar,Skeleton)/Training/HAU/user23/7-3-1",14.0,207.0,17145555.316,17145574.616,136.0,148.0,17145567.516,17145568.716,3,harn_anchored
user23|7|3,user23,7,3,2,Standing up,32_Stand_up,Evenly,NEUT,HAU/user23/7-3-2,"/Users/toheeb.ogunade/Workspace/cuchx-large/hf_data_manual/LMT_(IMU,Radar,Skeleton)/Training/HAU/user23/7-3-2",23.0,186.0,17145653.216,17145669.516,120.0,128.0,17145662.916,17145663.716,3,harn_anchored
user23|7|3,user23,7,3,3,Standing up,32_Stand_up,Restlessly,NERV,HAU/user23/7-3-3,"/Users/toheeb.ogunade/Workspace/cuchx-large/hf_data_manual/LMT_(IMU,Radar,Skeleton)/Training/HAU/user23/7-3-3",12.0,89.0,17145727.116,17145734.816,56.0,59.0,17145731.516,17145731.816,3,harn_anchored
user23|7|3,user23,7,3,1,Sitting down,34_Sit_down,Slowly,SLOW,HAU/user23/7-3-1,"/Users/toheeb.ogunade/Workspace/cuchx-large/hf_data_manual/LMT_(IMU,Radar,Skeleton)/Training/HAU/user23/7-3-1",14.0,207.0,17145555.316,17145574.616,64.0,80.0,17145560.316,17145561.916,3,harn_anchored
user23|7|3,user23,7,3,2,Sitting down,34_Sit_down,Evenly,NEUT,HAU/user23/7-3-2,"/Users/toheeb.ogunade/Workspace/cuchx-large/hf_data_manual/LMT_(IMU,Radar,Skeleton)/Training/HAU/user23/7-3-2",23.0,186.0,17145653.216,17145669.516,53.0,80.0,17145656.216,17145658.916,3,harn_anchored
user23|7|3,user23,7,3,3,Sitting down,34_Sit_down,Restlessly,NERV,HAU/user23/7-3-3,"/Users/toheeb.ogunade/Workspace/cuchx-large/hf_data_manual/LMT_(IMU,Radar,Skeleton)/Training/HAU/user23/7-3-3",12.0,89.0,17145727.116,17145734.816,25.0,44.0,17145728.416,17145730.316,3,harn_anchored
user23|7|3,user23,7,3,1,Walking,36_Walk,Slowly,SLOW,HAU/user23/7-3-1,"/Users/toheeb.ogunade/Workspace/cuchx-large/hf_data_manual/LMT_(IMU,Radar,Skeleton)/Training/HAU/user23/7-3-1",14.0,207.0,17145555.316,17145574.616,43.0,63.0,17145558.216,17145560.216,3,harn_anchored
user23|7|3,user23,7,3,2,Walking,36_Walk,Evenly,NEUT,HAU/user23/7-3-2,"/Users/toheeb.ogunade/Workspace/cuchx-large/hf_data_manual/LMT_(IMU,Radar,Skeleton)/Training/HAU/user23/7-3-2",23.0,186.0,17145653.216,17145669.516,53.0,63.0,17145656.216,17145657.216,3,harn_anchored
user23|7|3,user23,7,3,3,Walking,36_Walk,Restlessly,NERV,HAU/user23/7-3-3,"/Users/toheeb.ogunade/Workspace/cuchx-large/hf_data_manual/LMT_(IMU,Radar,Skeleton)/Training/HAU/user23/7-3-3",12.0,89.0,17145727.116,17145734.816,22.0,30.0,17145728.116,17145728.916,3,harn_anchored
user24|1|1,user24,1,1,1,Taking a selfie,27_Take_a_selfie,Calmly,SLOW,HAU/user24/1-1-1,"/Users/toheeb.ogunade/Workspace/cuchx-large/hf_data_manual/LMT_(IMU,Radar,Skeleton)/Training/HAU/user24/1-1-1",17.0,115.0,17251517.616,17251527.416,39.0,67.0,17251519.816,17251522.616,3,harn_anchored
user24|1|1,user24,1,1,2,Taking a selfie,27_Take_a_selfie,Carefully,CARE,HAU/user24/1-1-2,"/Users/toheeb.ogunade/Workspace/cuchx-large/hf_data_manual/LMT_(IMU,Radar,Skeleton)/Training/HAU/user24/1-1-2",12.0,83.0,17251572.116,17251579.216,22.0,44.0,17251573.116,17251575.316,3,harn_anchored
user24|1|1,user24,1,1,3,Taking a selfie,27_Take_a_selfie,Swiftly,FAST,HAU/user24/1-1-3,"/Users/toheeb.ogunade/Workspace/cuchx-large/hf_data_manual/LMT_(IMU,Radar,Skeleton)/Training/HAU/user24/1-1-3",14.0,50.0,17251632.316,17251635.916,20.0,35.0,17251632.916,17251634.416,3,harn_anchored
user24|1|2,user24,1,2,1,Typing on a keyboard,17_Tap_the_keyboard,Gently,SLOW,HAU/user24/1-2-1,"/Users/toheeb.ogunade/Workspace/cuchx-large/hf_data_manual/LMT_(IMU,Radar,Skeleton)/Training/HAU/user24/1-2-1",14.0,434.0,17230393.316,17230435.316,310.0,364.0,17230422.916,17230428.316,3,harn_anchored
user24|1|2,user24,1,2,2,Typing on a keyboard,17_Tap_the_keyboard,Orderly,CARE,HAU/user24/1-2-2,"/Users/toheeb.ogunade/Workspace/cuchx-large/hf_data_manual/LMT_(IMU,Radar,Skeleton)/Training/HAU/user24/1-2-2",13.0,199.0,17230524.216,17230542.816,119.0,143.0,17230534.816,17230537.216,3,harn_anchored
user24|1|2,user24,1,2,3,Typing on a keyboard,17_Tap_the_keyboard,Nervously,NERV,HAU/user24/1-2-3,"/Users/toheeb.ogunade/Workspace/cuchx-large/hf_data_manual/LMT_(IMU,Radar,Skeleton)/Training/HAU/user24/1-2-3",13.0,189.0,17230640.216,17230657.816,130.0,160.0,17230651.916,17230654.916,3,harn_anchored
user24|1|2,user24,1,2,1,Writing,18_Write,Gently,SLOW,HAU/user24/1-2-1,"/Users/toheeb.ogunade/Workspace/cuchx-large/hf_data_manual/LMT_(IMU,Radar,Skeleton)/Training/HAU/user24/1-2-1",14.0,434.0,17230393.316,17230435.316,401.0,434.0,17230432.016,17230435.316,3,harn_anchored
user24|1|2,user24,1,2,2,Writing,18_Write,Orderly,CARE,HAU/user24/1-2-2,"/Users/toheeb.ogunade/Workspace/cuchx-large/hf_data_manual/LMT_(IMU,Radar,Skeleton)/Training/HAU/user24/1-2-2",13.0,199.0,17230524.216,17230542.816,169.0,199.0,17230539.816,17230542.816,3,harn_anchored
user24|1|2,user24,1,2,3,Writing,18_Write,Nervously,NERV,HAU/user24/1-2-3,"/Users/toheeb.ogunade/Workspace/cuchx-large/hf_data_manual/LMT_(IMU,Radar,Skeleton)/Training/HAU/user24/1-2-3",13.0,189.0,17230640.216,17230657.816,173.0,189.0,17230656.216,17230657.816,3,harn_anchored
user24|1|2,user24,1,2,1,Reading,21_Read_documents,Gently,SLOW,HAU/user24/1-2-1,"/Users/toheeb.ogunade/Workspace/cuchx-large/hf_data_manual/LMT_(IMU,Radar,Skeleton)/Training/HAU/user24/1-2-1",14.0,434.0,17230393.316,17230435.316,98.0,232.0,17230401.716,17230415.116,3,harn_anchored
user24|1|2,user24,1,2,2,Reading,21_Read_documents,Orderly,CARE,HAU/user24/1-2-2,"/Users/toheeb.ogunade/Workspace/cuchx-large/hf_data_manual/LMT_(IMU,Radar,Skeleton)/Training/HAU/user24/1-2-2",13.0,199.0,17230524.216,17230542.816,61.0,96.0,17230529.016,17230532.516,3,harn_anchored
user24|1|2,user24,1,2,3,Reading,21_Read_documents,Nervously,NERV,HAU/user24/1-2-3,"/Users/toheeb.ogunade/Workspace/cuchx-large/hf_data_manual/LMT_(IMU,Radar,Skeleton)/Training/HAU/user24/1-2-3",13.0,189.0,17230640.216,17230657.816,60.0,107.0,17230644.916,17230649.616,3,harn_anchored
user24|1|2,user24,1,2,1,Turning a page,22_Turn_pages,Gently,SLOW,HAU/user24/1-2-1,"/Users/toheeb.ogunade/Workspace/cuchx-large/hf_data_manual/LMT_(IMU,Radar,Skeleton)/Training/HAU/user24/1-2-1",14.0,434.0,17230393.316,17230435.316,179.0,224.0,17230409.816,17230414.316,3,harn_anchored
user24|1|2,user24,1,2,2,Turning a page,22_Turn_pages,Orderly,CARE,HAU/user24/1-2-2,"/Users/toheeb.ogunade/Workspace/cuchx-large/hf_data_manual/LMT_(IMU,Radar,Skeleton)/Training/HAU/user24/1-2-2",13.0,199.0,17230524.216,17230542.816,68.0,98.0,17230529.716,17230532.716,3,harn_anchored
user24|1|2,user24,1,2,3,Turning a page,22_Turn_pages,Nervously,NERV,HAU/user24/1-2-3,"/Users/toheeb.ogunade/Workspace/cuchx-large/hf_data_manual/LMT_(IMU,Radar,Skeleton)/Training/HAU/user24/1-2-3",13.0,189.0,17230640.216,17230657.816,71.0,111.0,17230646.016,17230650.016,3,harn_anchored
user24|1|2,user24,1,2,1,Walking,36_Walk,Gently,SLOW,HAU/user24/1-2-1,"/Users/toheeb.ogunade/Workspace/cuchx-large/hf_data_manual/LMT_(IMU,Radar,Skeleton)/Training/HAU/user24/1-2-1",14.0,434.0,17230393.316,17230435.316,38.0,52.0,17230395.716,17230397.116,3,harn_anchored
user24|1|2,user24,1,2,2,Walking,36_Walk,Orderly,CARE,HAU/user24/1-2-2,"/Users/toheeb.ogunade/Workspace/cuchx-large/hf_data_manual/LMT_(IMU,Radar,Skeleton)/Training/HAU/user24/1-2-2",13.0,199.0,17230524.216,17230542.816,26.0,38.0,17230525.516,17230526.716,3,harn_anchored
user24|1|2,user24,1,2,3,Walking,36_Walk,Nervously,NERV,HAU/user24/1-2-3,"/Users/toheeb.ogunade/Workspace/cuchx-large/hf_data_manual/LMT_(IMU,Radar,Skeleton)/Training/HAU/user24/1-2-3",13.0,189.0,17230640.216,17230657.816,20.0,34.0,17230640.916,17230642.316,3,harn_anchored
user24|2|1,user24,2,1,1,Drinking,6_Drink_water,Leisurely,SLOW,HAU/user24/2-1-1,"/Users/toheeb.ogunade/Workspace/cuchx-large/hf_data_manual/LMT_(IMU,Radar,Skeleton)/Training/HAU/user24/2-1-1",13.0,178.0,17146713.216,17146729.716,92.0,116.0,17146721.116,17146723.516,3,harn_anchored
user24|2|1,user24,2,1,2,Drinking,6_Drink_water,Calmly,SLOW,HAU/user24/2-1-2,"/Users/toheeb.ogunade/Workspace/cuchx-large/hf_data_manual/LMT_(IMU,Radar,Skeleton)/Training/HAU/user24/2-1-2",15.0,201.0,17146872.416,17146891.016,122.0,148.0,17146883.116,17146885.716,3,harn_anchored
user24|2|1,user24,2,1,3,Drinking,6_Drink_water,Anxiously,NERV,HAU/user24/2-1-3,"/Users/toheeb.ogunade/Workspace/cuchx-large/hf_data_manual/LMT_(IMU,Radar,Skeleton)/Training/HAU/user24/2-1-3",12.0,106.0,17146957.116,17146966.516,47.0,60.0,17146960.616,17146961.916,3,harn_anchored
user24|2|1,user24,2,1,1,Eating,7_Eat_food,Leisurely,SLOW,HAU/user24/2-1-1,"/Users/toheeb.ogunade/Workspace/cuchx-large/hf_data_manual/LMT_(IMU,Radar,Skeleton)/Training/HAU/user24/2-1-1",13.0,178.0,17146713.216,17146729.716,67.0,82.0,17146718.616,17146720.116,3,harn_anchored
user24|2|1,user24,2,1,2,Eating,7_Eat_food,Calmly,SLOW,HAU/user24/2-1-2,"/Users/toheeb.ogunade/Workspace/cuchx-large/hf_data_manual/LMT_(IMU,Radar,Skeleton)/Training/HAU/user24/2-1-2",15.0,201.0,17146872.416,17146891.016,89.0,113.0,17146879.816,17146882.216,3,harn_anchored
user24|2|1,user24,2,1,3,Eating,7_Eat_food,Anxiously,NERV,HAU/user24/2-1-3,"/Users/toheeb.ogunade/Workspace/cuchx-large/hf_data_manual/LMT_(IMU,Radar,Skeleton)/Training/HAU/user24/2-1-3",12.0,106.0,17146957.116,17146966.516,25.0,41.0,17146958.416,17146960.016,3,harn_anchored
user24|2|2,user24,2,2,1,Watching TV,25_Watch_TV,Leisurely,SLOW,HAU/user24/2-2-1,"/Users/toheeb.ogunade/Workspace/cuchx-large/hf_data_manual/LMT_(IMU,Radar,Skeleton)/Training/HAU/user24/2-2-1",12.0,156.0,17230872.116,17230886.516,91.0,129.0,17230880.016,17230883.816,3,harn_anchored
user24|2|2,user24,2,2,2,Watching TV,25_Watch_TV,Seriously,CARE,HAU/user24/2-2-2,"/Users/toheeb.ogunade/Workspace/cuchx-large/hf_data_manual/LMT_(IMU,Radar,Skeleton)/Training/HAU/user24/2-2-2",1.0,140.0,17230973.016,17230986.916,93.0,117.0,17230982.216,17230984.616,3,harn_anchored
user24|2|2,user24,2,2,3,Watching TV,25_Watch_TV,Restlessly,NERV,HAU/user24/2-2-3,"/Users/toheeb.ogunade/Workspace/cuchx-large/hf_data_manual/LMT_(IMU,Radar,Skeleton)/Training/HAU/user24/2-2-3",9.0,82.0,17231055.816,17231063.116,54.0,70.0,17231060.316,17231061.916,3,harn_anchored
user24|2|2,user24,2,2,1,Lying down,33_Lie_down,Leisurely,SLOW,HAU/user24/2-2-1,"/Users/toheeb.ogunade/Workspace/cuchx-large/hf_data_manual/LMT_(IMU,Radar,Skeleton)/Training/HAU/user24/2-2-1",12.0,156.0,17230872.116,17230886.516,136.0,156.0,17230884.516,17230886.516,3,harn_anchored
user24|2|2,user24,2,2,2,Lying down,33_Lie_down,Seriously,CARE,HAU/user24/2-2-2,"/Users/toheeb.ogunade/Workspace/cuchx-large/hf_data_manual/LMT_(IMU,Radar,Skeleton)/Training/HAU/user24/2-2-2",1.0,140.0,17230973.016,17230986.916,125.0,140.0,17230985.416,17230986.916,3,harn_anchored
user24|2|2,user24,2,2,3,Lying down,33_Lie_down,Restlessly,NERV,HAU/user24/2-2-3,"/Users/toheeb.ogunade/Workspace/cuchx-large/hf_data_manual/LMT_(IMU,Radar,Skeleton)/Training/HAU/user24/2-2-3",9.0,82.0,17231055.816,17231063.116,75.0,82.0,17231062.416,17231063.116,3,harn_anchored
user24|3|2,user24,3,2,1,Calling,19_Make_a_phone_call,Gracefully,NEUT,HAU/user24/3-2-1,"/Users/toheeb.ogunade/Workspace/cuchx-large/hf_data_manual/LMT_(IMU,Radar,Skeleton)/Training/HAU/user24/3-2-1",16.0,329.0,17147039.516,17147070.816,136.0,164.0,17147051.516,17147054.316,3,harn_anchored
user24|3|2,user24,3,2,2,Calling,19_Make_a_phone_call,Frantically,FAST,HAU/user24/3-2-2,"/Users/toheeb.ogunade/Workspace/cuchx-large/hf_data_manual/LMT_(IMU,Radar,Skeleton)/Training/HAU/user24/3-2-2",8.0,159.0,17147229.716,17147244.816,51.0,62.0,17147234.016,17147235.116,3,harn_anchored
user24|3|2,user24,3,2,3,Calling,19_Make_a_phone_call,Naturally,NEUT,HAU/user24/3-2-3,"/Users/toheeb.ogunade/Workspace/cuchx-large/hf_data_manual/LMT_(IMU,Radar,Skeleton)/Training/HAU/user24/3-2-3",13.0,245.0,17147462.216,17147485.416,69.0,91.0,17147467.816,17147470.016,3,harn_anchored
user24|3|2,user24,3,2,1,Running,28_Jog_in_place,Gracefully,NEUT,HAU/user24/3-2-1,"/Users/toheeb.ogunade/Workspace/cuchx-large/hf_data_manual/LMT_(IMU,Radar,Skeleton)/Training/HAU/user24/3-2-1",16.0,329.0,17147039.516,17147070.816,304.0,329.0,17147068.316,17147070.816,3,harn_anchored
user24|3|2,user24,3,2,2,Running,28_Jog_in_place,Frantically,FAST,HAU/user24/3-2-2,"/Users/toheeb.ogunade/Workspace/cuchx-large/hf_data_manual/LMT_(IMU,Radar,Skeleton)/Training/HAU/user24/3-2-2",8.0,159.0,17147229.716,17147244.816,119.0,159.0,17147240.816,17147244.816,3,harn_anchored
user24|3|2,user24,3,2,3,Running,28_Jog_in_place,Naturally,NEUT,HAU/user24/3-2-3,"/Users/toheeb.ogunade/Workspace/cuchx-large/hf_data_manual/LMT_(IMU,Radar,Skeleton)/Training/HAU/user24/3-2-3",13.0,245.0,17147462.216,17147485.416,195.0,245.0,17147480.416,17147485.416,3,harn_anchored
user24|3|2,user24,3,2,1,Stretching,31_Do_stretching_exercises,Gracefully,NEUT,HAU/user24/3-2-1,"/Users/toheeb.ogunade/Workspace/cuchx-large/hf_data_manual/LMT_(IMU,Radar,Skeleton)/Training/HAU/user24/3-2-1",16.0,329.0,17147039.516,17147070.816,246.0,299.0,17147062.516,17147067.816,3,harn_anchored
user24|3|2,user24,3,2,2,Stretching,31_Do_stretching_exercises,Frantically,FAST,HAU/user24/3-2-2,"/Users/toheeb.ogunade/Workspace/cuchx-large/hf_data_manual/LMT_(IMU,Radar,Skeleton)/Training/HAU/user24/3-2-2",8.0,159.0,17147229.716,17147244.816,104.0,119.0,17147239.316,17147240.816,3,harn_anchored
user24|3|2,user24,3,2,3,Stretching,31_Do_stretching_exercises,Naturally,NEUT,HAU/user24/3-2-3,"/Users/toheeb.ogunade/Workspace/cuchx-large/hf_data_manual/LMT_(IMU,Radar,Skeleton)/Training/HAU/user24/3-2-3",13.0,245.0,17147462.216,17147485.416,161.0,194.0,17147477.016,17147480.316,3,harn_anchored
user24|3|2,user24,3,2,1,Walking,36_Walk,Gracefully,NEUT,HAU/user24/3-2-1,"/Users/toheeb.ogunade/Workspace/cuchx-large/hf_data_manual/LMT_(IMU,Radar,Skeleton)/Training/HAU/user24/3-2-1",16.0,329.0,17147039.516,17147070.816,50.0,83.0,17147042.916,17147046.216,3,harn_anchored
user24|3|2,user24,3,2,2,Walking,36_Walk,Frantically,FAST,HAU/user24/3-2-2,"/Users/toheeb.ogunade/Workspace/cuchx-large/hf_data_manual/LMT_(IMU,Radar,Skeleton)/Training/HAU/user24/3-2-2",8.0,159.0,17147229.716,17147244.816,17.0,31.0,17147230.616,17147232.016,3,harn_anchored
user24|3|2,user24,3,2,3,Walking,36_Walk,Naturally,NEUT,HAU/user24/3-2-3,"/Users/toheeb.ogunade/Workspace/cuchx-large/hf_data_manual/LMT_(IMU,Radar,Skeleton)/Training/HAU/user24/3-2-3",13.0,245.0,17147462.216,17147485.416,33.0,47.0,17147464.216,17147465.616,3,harn_anchored
user24|4|1,user24,4,1,1,Folding clothes,16_Fold_clothes,Leisurely,SLOW,HAU/user24/4-1-1,"/Users/toheeb.ogunade/Workspace/cuchx-large/hf_data_manual/LMT_(IMU,Radar,Skeleton)/Training/HAU/user24/4-1-1",3.0,249.0,17231169.216,17231193.816,16.0,109.0,17231170.516,17231179.816,3,harn_anchored
user24|4|1,user24,4,1,2,Folding clothes,16_Fold_clothes,Steadily,NEUT,HAU/user24/4-1-2,"/Users/toheeb.ogunade/Workspace/cuchx-large/hf_data_manual/LMT_(IMU,Radar,Skeleton)/Training/HAU/user24/4-1-2",17.0,153.0,17231282.616,17231296.216,20.0,74.0,17231282.916,17231288.316,3,harn_anchored
user24|4|1,user24,4,1,3,Folding clothes,16_Fold_clothes,Hastily,FAST,HAU/user24/4-1-3,"/Users/toheeb.ogunade/Workspace/cuchx-large/hf_data_manual/LMT_(IMU,Radar,Skeleton)/Training/HAU/user24/4-1-3",12.0,106.0,17231698.116,17231707.516,21.0,48.0,17231699.016,17231701.716,3,harn_anchored
user24|4|1,user24,4,1,1,Using a phone,24_Use_a_mobile_phone,Leisurely,SLOW,HAU/user24/4-1-1,"/Users/toheeb.ogunade/Workspace/cuchx-large/hf_data_manual/LMT_(IMU,Radar,Skeleton)/Training/HAU/user24/4-1-1",3.0,249.0,17231169.216,17231193.816,157.0,200.0,17231184.616,17231188.916,3,harn_anchored
user24|4|1,user24,4,1,2,Using a phone,24_Use_a_mobile_phone,Steadily,NEUT,HAU/user24/4-1-2,"/Users/toheeb.ogunade/Workspace/cuchx-large/hf_data_manual/LMT_(IMU,Radar,Skeleton)/Training/HAU/user24/4-1-2",17.0,153.0,17231282.616,17231296.216,107.0,135.0,17231291.616,17231294.416,3,harn_anchored
user24|4|1,user24,4,1,3,Using a phone,24_Use_a_mobile_phone,Hastily,FAST,HAU/user24/4-1-3,"/Users/toheeb.ogunade/Workspace/cuchx-large/hf_data_manual/LMT_(IMU,Radar,Skeleton)/Training/HAU/user24/4-1-3",12.0,106.0,17231698.116,17231707.516,71.0,82.0,17231704.016,17231705.116,3,harn_anchored
user24|4|1,user24,4,1,1,Playing games,26_Play_games,Leisurely,SLOW,HAU/user24/4-1-1,"/Users/toheeb.ogunade/Workspace/cuchx-large/hf_data_manual/LMT_(IMU,Radar,Skeleton)/Training/HAU/user24/4-1-1",3.0,249.0,17231169.216,17231193.816,209.0,249.0,17231189.816,17231193.816,3,harn_anchored
user24|4|1,user24,4,1,2,Playing games,26_Play_games,Steadily,NEUT,HAU/user24/4-1-2,"/Users/toheeb.ogunade/Workspace/cuchx-large/hf_data_manual/LMT_(IMU,Radar,Skeleton)/Training/HAU/user24/4-1-2",17.0,153.0,17231282.616,17231296.216,143.0,153.0,17231295.216,17231296.216,3,harn_anchored
user24|4|1,user24,4,1,3,Playing games,26_Play_games,Hastily,FAST,HAU/user24/4-1-3,"/Users/toheeb.ogunade/Workspace/cuchx-large/hf_data_manual/LMT_(IMU,Radar,Skeleton)/Training/HAU/user24/4-1-3",12.0,106.0,17231698.116,17231707.516,85.0,106.0,17231705.416,17231707.516,3,harn_anchored
user24|4|1,user24,4,1,1,Sitting down,34_Sit_down,Leisurely,SLOW,HAU/user24/4-1-1,"/Users/toheeb.ogunade/Workspace/cuchx-large/hf_data_manual/LMT_(IMU,Radar,Skeleton)/Training/HAU/user24/4-1-1",3.0,249.0,17231169.216,17231193.816,124.0,138.0,17231181.316,17231182.716,3,harn_anchored
user24|4|1,user24,4,1,2,Sitting down,34_Sit_down,Steadily,NEUT,HAU/user24/4-1-2,"/Users/toheeb.ogunade/Workspace/cuchx-large/hf_data_manual/LMT_(IMU,Radar,Skeleton)/Training/HAU/user24/4-1-2",17.0,153.0,17231282.616,17231296.216,84.0,94.0,17231289.316,17231290.316,3,harn_anchored
user24|4|1,user24,4,1,3,Sitting down,34_Sit_down,Hastily,FAST,HAU/user24/4-1-3,"/Users/toheeb.ogunade/Workspace/cuchx-large/hf_data_manual/LMT_(IMU,Radar,Skeleton)/Training/HAU/user24/4-1-3",12.0,106.0,17231698.116,17231707.516,47.0,55.0,17231701.616,17231702.416,3,harn_anchored
user24|4|2,user24,4,2,1,Peeling fruit,11_Peel_fruits,Slowly,SLOW,HAU/user24/4-2-1,"/Users/toheeb.ogunade/Workspace/cuchx-large/hf_data_manual/LMT_(IMU,Radar,Skeleton)/Training/HAU/user24/4-2-1",11.0,236.0,17156053.016,17156075.516,116.0,196.0,17156063.516,17156071.516,3,harn_anchored
user24|4|2,user24,4,2,2,Peeling fruit,11_Peel_fruits,Patiently,SLOW,HAU/user24/4-2-2,"/Users/toheeb.ogunade/Workspace/cuchx-large/hf_data_manual/LMT_(IMU,Radar,Skeleton)/Training/HAU/user24/4-2-2",18.0,176.0,17156157.716,17156173.516,97.0,148.0,17156165.616,17156170.716,3,harn_anchored
user24|4|2,user24,4,2,3,Peeling fruit,11_Peel_fruits,Rapidly,FAST,HAU/user24/4-2-3,"/Users/toheeb.ogunade/Workspace/cuchx-large/hf_data_manual/LMT_(IMU,Radar,Skeleton)/Training/HAU/user24/4-2-3",16.0,106.0,17156225.516,17156234.516,66.0,91.0,17156230.516,17156233.016,3,harn_anchored
user24|4|2,user24,4,2,1,Walking,36_Walk,Slowly,SLOW,HAU/user24/4-2-1,"/Users/toheeb.ogunade/Workspace/cuchx-large/hf_data_manual/LMT_(IMU,Radar,Skeleton)/Training/HAU/user24/4-2-1",11.0,236.0,17156053.016,17156075.516,33.0,56.0,17156055.216,17156057.516,3,harn_anchored
user24|4|2,user24,4,2,2,Walking,36_Walk,Patiently,SLOW,HAU/user24/4-2-2,"/Users/toheeb.ogunade/Workspace/cuchx-large/hf_data_manual/LMT_(IMU,Radar,Skeleton)/Training/HAU/user24/4-2-2",18.0,176.0,17156157.716,17156173.516,35.0,53.0,17156159.416,17156161.216,3,harn_anchored
user24|4|2,user24,4,2,3,Walking,36_Walk,Rapidly,FAST,HAU/user24/4-2-3,"/Users/toheeb.ogunade/Workspace/cuchx-large/hf_data_manual/LMT_(IMU,Radar,Skeleton)/Training/HAU/user24/4-2-3",16.0,106.0,17156225.516,17156234.516,26.0,42.0,17156226.516,17156228.116,3,harn_anchored
user24|4|2,user24,4,2,1,Drinking,6_Drink_water,Slowly,SLOW,HAU/user24/4-2-1,"/Users/toheeb.ogunade/Workspace/cuchx-large/hf_data_manual/LMT_(IMU,Radar,Skeleton)/Training/HAU/user24/4-2-1",11.0,236.0,17156053.016,17156075.516,67.0,108.0,17156058.616,17156062.716,3,harn_anchored
user24|4|2,user24,4,2,2,Drinking,6_Drink_water,Patiently,SLOW,HAU/user24/4-2-2,"/Users/toheeb.ogunade/Workspace/cuchx-large/hf_data_manual/LMT_(IMU,Radar,Skeleton)/Training/HAU/user24/4-2-2",18.0,176.0,17156157.716,17156173.516,58.0,87.0,17156161.716,17156164.616,3,harn_anchored
user24|4|2,user24,4,2,3,Drinking,6_Drink_water,Rapidly,FAST,HAU/user24/4-2-3,"/Users/toheeb.ogunade/Workspace/cuchx-large/hf_data_manual/LMT_(IMU,Radar,Skeleton)/Training/HAU/user24/4-2-3",16.0,106.0,17156225.516,17156234.516,43.0,59.0,17156228.216,17156229.816,3,harn_anchored
user24|4|3,user24,4,3,1,Playing games,26_Play_games,Relaxedly,SLOW,HAU/user24/4-3-1,"/Users/toheeb.ogunade/Workspace/cuchx-large/hf_data_manual/LMT_(IMU,Radar,Skeleton)/Training/HAU/user24/4-3-1",14.0,118.0,17231837.316,17231847.716,73.0,118.0,17231843.216,17231847.716,3,harn_anchored
user24|4|3,user24,4,3,2,Playing games,26_Play_games,Seriously,CARE,HAU/user24/4-3-2,"/Users/toheeb.ogunade/Workspace/cuchx-large/hf_data_manual/LMT_(IMU,Radar,Skeleton)/Training/HAU/user24/4-3-2",10.0,82.0,17231931.916,17231939.116,55.0,82.0,17231936.416,17231939.116,3,harn_anchored
user24|4|3,user24,4,3,3,Playing games,26_Play_games,Anxiously,NERV,HAU/user24/4-3-3,"/Users/toheeb.ogunade/Workspace/cuchx-large/hf_data_manual/LMT_(IMU,Radar,Skeleton)/Training/HAU/user24/4-3-3",14.0,72.0,17232001.316,17232007.116,59.0,72.0,17232005.816,17232007.116,3,harn_anchored
user24|4|3,user24,4,3,1,Massaging oneself,38_Massage_oneself,Relaxedly,SLOW,HAU/user24/4-3-1,"/Users/toheeb.ogunade/Workspace/cuchx-large/hf_data_manual/LMT_(IMU,Radar,Skeleton)/Training/HAU/user24/4-3-1",14.0,118.0,17231837.316,17231847.716,29.0,66.0,17231838.816,17231842.516,3,harn_anchored
user24|4|3,user24,4,3,2,Massaging oneself,38_Massage_oneself,Seriously,CARE,HAU/user24/4-3-2,"/Users/toheeb.ogunade/Workspace/cuchx-large/hf_data_manual/LMT_(IMU,Radar,Skeleton)/Training/HAU/user24/4-3-2",10.0,82.0,17231931.916,17231939.116,15.0,46.0,17231932.416,17231935.516,3,harn_anchored
user24|4|3,user24,4,3,3,Massaging oneself,38_Massage_oneself,Anxiously,NERV,HAU/user24/4-3-3,"/Users/toheeb.ogunade/Workspace/cuchx-large/hf_data_manual/LMT_(IMU,Radar,Skeleton)/Training/HAU/user24/4-3-3",14.0,72.0,17232001.316,17232007.116,14.0,57.0,17232001.316,17232005.616,3,harn_anchored
user24|5|1,user24,5,1,1,Listening to the music with headphones,23_Listen_to_music_with_headphones,Casually,NEUT,HAU/user24/5-1-1,"/Users/toheeb.ogunade/Workspace/cuchx-large/hf_data_manual/LMT_(IMU,Radar,Skeleton)/Training/HAU/user24/5-1-1",18.0,213.0,17147938.716,17147958.216,84.0,116.0,17147945.316,17147948.516,3,harn_anchored
user24|5|1,user24,5,1,2,Listening to the music with headphones,23_Listen_to_music_with_headphones,Attentively,CARE,HAU/user24/5-1-2,"/Users/toheeb.ogunade/Workspace/cuchx-large/hf_data_manual/LMT_(IMU,Radar,Skeleton)/Training/HAU/user24/5-1-2",13.0,165.0,17148020.216,17148035.416,76.0,97.0,17148026.516,17148028.616,3,harn_anchored
user24|5|1,user24,5,1,3,Listening to the music with headphones,23_Listen_to_music_with_headphones,Hastily,FAST,HAU/user24/5-1-3,"/Users/toheeb.ogunade/Workspace/cuchx-large/hf_data_manual/LMT_(IMU,Radar,Skeleton)/Training/HAU/user24/5-1-3",13.0,133.0,17148281.216,17148293.216,57.0,83.0,17148285.616,17148288.216,3,harn_anchored
user24|5|1,user24,5,1,1,Using a phone,24_Use_a_mobile_phone,Casually,NEUT,HAU/user24/5-1-1,"/Users/toheeb.ogunade/Workspace/cuchx-large/hf_data_manual/LMT_(IMU,Radar,Skeleton)/Training/HAU/user24/5-1-1",18.0,213.0,17147938.716,17147958.216,131.0,176.0,17147950.016,17147954.516,3,harn_anchored
user24|5|1,user24,5,1,2,Using a phone,24_Use_a_mobile_phone,Attentively,CARE,HAU/user24/5-1-2,"/Users/toheeb.ogunade/Workspace/cuchx-large/hf_data_manual/LMT_(IMU,Radar,Skeleton)/Training/HAU/user24/5-1-2",13.0,165.0,17148020.216,17148035.416,113.0,142.0,17148030.216,17148033.116,3,harn_anchored
user24|5|1,user24,5,1,3,Using a phone,24_Use_a_mobile_phone,Hastily,FAST,HAU/user24/5-1-3,"/Users/toheeb.ogunade/Workspace/cuchx-large/hf_data_manual/LMT_(IMU,Radar,Skeleton)/Training/HAU/user24/5-1-3",13.0,133.0,17148281.216,17148293.216,95.0,104.0,17148289.416,17148290.316,3,harn_anchored
user24|5|1,user24,5,1,1,Standing up,32_Stand_up,Casually,NEUT,HAU/user24/5-1-1,"/Users/toheeb.ogunade/Workspace/cuchx-large/hf_data_manual/LMT_(IMU,Radar,Skeleton)/Training/HAU/user24/5-1-1",18.0,213.0,17147938.716,17147958.216,187.0,194.0,17147955.616,17147956.316,3,harn_anchored
user24|5|1,user24,5,1,2,Standing up,32_Stand_up,Attentively,CARE,HAU/user24/5-1-2,"/Users/toheeb.ogunade/Workspace/cuchx-large/hf_data_manual/LMT_(IMU,Radar,Skeleton)/Training/HAU/user24/5-1-2",13.0,165.0,17148020.216,17148035.416,155.0,163.0,17148034.416,17148035.216,3,harn_anchored
user24|5|1,user24,5,1,3,Standing up,32_Stand_up,Hastily,FAST,HAU/user24/5-1-3,"/Users/toheeb.ogunade/Workspace/cuchx-large/hf_data_manual/LMT_(IMU,Radar,Skeleton)/Training/HAU/user24/5-1-3",13.0,133.0,17148281.216,17148293.216,112.0,118.0,17148291.116,17148291.716,3,harn_anchored
user24|5|1,user24,5,1,1,Sitting down,34_Sit_down,Casually,NEUT,HAU/user24/5-1-1,"/Users/toheeb.ogunade/Workspace/cuchx-large/hf_data_manual/LMT_(IMU,Radar,Skeleton)/Training/HAU/user24/5-1-1",18.0,213.0,17147938.716,17147958.216,68.0,78.0,17147943.716,17147944.716,3,harn_anchored
user24|5|1,user24,5,1,2,Sitting down,34_Sit_down,Attentively,CARE,HAU/user24/5-1-2,"/Users/toheeb.ogunade/Workspace/cuchx-large/hf_data_manual/LMT_(IMU,Radar,Skeleton)/Training/HAU/user24/5-1-2",13.0,165.0,17148020.216,17148035.416,57.0,66.0,17148024.616,17148025.516,3,harn_anchored
user24|5|1,user24,5,1,3,Sitting down,34_Sit_down,Hastily,FAST,HAU/user24/5-1-3,"/Users/toheeb.ogunade/Workspace/cuchx-large/hf_data_manual/LMT_(IMU,Radar,Skeleton)/Training/HAU/user24/5-1-3",13.0,133.0,17148281.216,17148293.216,43.0,51.0,17148284.216,17148285.016,3,harn_anchored
user24|5|1,user24,5,1,1,Walking,36_Walk,Casually,NEUT,HAU/user24/5-1-1,"/Users/toheeb.ogunade/Workspace/cuchx-large/hf_data_manual/LMT_(IMU,Radar,Skeleton)/Training/HAU/user24/5-1-1",18.0,213.0,17147938.716,17147958.216,32.0,60.0,17147940.116,17147942.916,3,harn_anchored
user24|5|1,user24,5,1,2,Walking,36_Walk,Attentively,CARE,HAU/user24/5-1-2,"/Users/toheeb.ogunade/Workspace/cuchx-large/hf_data_manual/LMT_(IMU,Radar,Skeleton)/Training/HAU/user24/5-1-2",13.0,165.0,17148020.216,17148035.416,28.0,54.0,17148021.716,17148024.316,3,harn_anchored
user24|5|1,user24,5,1,3,Walking,36_Walk,Hastily,FAST,HAU/user24/5-1-3,"/Users/toheeb.ogunade/Workspace/cuchx-large/hf_data_manual/LMT_(IMU,Radar,Skeleton)/Training/HAU/user24/5-1-3",13.0,133.0,17148281.216,17148293.216,23.0,42.0,17148282.216,17148284.116,3,harn_anchored
user24|5|2,user24,5,2,1,Taking medicine,37_Take_medicine,Gently,SLOW,HAU/user24/5-2-1,"/Users/toheeb.ogunade/Workspace/cuchx-large/hf_data_manual/LMT_(IMU,Radar,Skeleton)/Training/HAU/user24/5-2-1",16.0,104.0,17251793.516,17251802.316,55.0,104.0,17251797.416,17251802.316,3,harn_anchored
user24|5|2,user24,5,2,2,Taking medicine,37_Take_medicine,Calmly,SLOW,HAU/user24/5-2-2,"/Users/toheeb.ogunade/Workspace/cuchx-large/hf_data_manual/LMT_(IMU,Radar,Skeleton)/Training/HAU/user24/5-2-2",13.0,80.0,17251855.216,17251861.916,47.0,80.0,17251858.616,17251861.916,3,harn_anchored
user24|5|2,user24,5,2,3,Taking medicine,37_Take_medicine,Anxiously,NERV,HAU/user24/5-2-3,"/Users/toheeb.ogunade/Workspace/cuchx-large/hf_data_manual/LMT_(IMU,Radar,Skeleton)/Training/HAU/user24/5-2-3",15.0,58.0,17251914.416,17251918.716,39.0,57.0,17251916.816,17251918.616,3,harn_anchored
user24|5|2,user24,5,2,1,Checking body temperature,39_Take_body_temperature,Gently,SLOW,HAU/user24/5-2-1,"/Users/toheeb.ogunade/Workspace/cuchx-large/hf_data_manual/LMT_(IMU,Radar,Skeleton)/Training/HAU/user24/5-2-1",16.0,104.0,17251793.516,17251802.316,31.0,44.0,17251795.016,17251796.316,3,harn_anchored
user24|5|2,user24,5,2,2,Checking body temperature,39_Take_body_temperature,Calmly,SLOW,HAU/user24/5-2-2,"/Users/toheeb.ogunade/Workspace/cuchx-large/hf_data_manual/LMT_(IMU,Radar,Skeleton)/Training/HAU/user24/5-2-2",13.0,80.0,17251855.216,17251861.916,27.0,37.0,17251856.616,17251857.616,3,harn_anchored
user24|5|2,user24,5,2,3,Checking body temperature,39_Take_body_temperature,Anxiously,NERV,HAU/user24/5-2-3,"/Users/toheeb.ogunade/Workspace/cuchx-large/hf_data_manual/LMT_(IMU,Radar,Skeleton)/Training/HAU/user24/5-2-3",15.0,58.0,17251914.416,17251918.716,25.0,31.0,17251915.416,17251916.016,3,harn_anchored
user24|5|3,user24,5,3,1,Watching TV,25_Watch_TV,Joyfully,NEUT,HAU/user24/5-3-1,"/Users/toheeb.ogunade/Workspace/cuchx-large/hf_data_manual/LMT_(IMU,Radar,Skeleton)/Training/HAU/user24/5-3-1",14.0,157.0,17148374.316,17148388.616,144.0,157.0,17148387.316,17148388.616,3,harn_anchored
user24|5|3,user24,5,3,2,Watching TV,25_Watch_TV,Quietly,SLOW,HAU/user24/5-3-2,"/Users/toheeb.ogunade/Workspace/cuchx-large/hf_data_manual/LMT_(IMU,Radar,Skeleton)/Training/HAU/user24/5-3-2",15.0,135.0,17148458.416,17148470.416,107.0,135.0,17148467.616,17148470.416,3,harn_anchored
user24|5|3,user24,5,3,3,Watching TV,25_Watch_TV,Tensely,NERV,HAU/user24/5-3-3,"/Users/toheeb.ogunade/Workspace/cuchx-large/hf_data_manual/LMT_(IMU,Radar,Skeleton)/Training/HAU/user24/5-3-3",14.0,114.0,17148521.316,17148531.316,87.0,114.0,17148528.616,17148531.316,3,harn_anchored
user24|5|3,user24,5,3,1,Playing games,26_Play_games,Joyfully,NEUT,HAU/user24/5-3-1,"/Users/toheeb.ogunade/Workspace/cuchx-large/hf_data_manual/LMT_(IMU,Radar,Skeleton)/Training/HAU/user24/5-3-1",14.0,157.0,17148374.316,17148388.616,94.0,116.0,17148382.316,17148384.516,3,harn_anchored
user24|5|3,user24,5,3,2,Playing games,26_Play_games,Quietly,SLOW,HAU/user24/5-3-2,"/Users/toheeb.ogunade/Workspace/cuchx-large/hf_data_manual/LMT_(IMU,Radar,Skeleton)/Training/HAU/user24/5-3-2",15.0,135.0,17148458.416,17148470.416,74.0,92.0,17148464.316,17148466.116,3,harn_anchored
user24|5|3,user24,5,3,3,Playing games,26_Play_games,Tensely,NERV,HAU/user24/5-3-3,"/Users/toheeb.ogunade/Workspace/cuchx-large/hf_data_manual/LMT_(IMU,Radar,Skeleton)/Training/HAU/user24/5-3-3",14.0,114.0,17148521.316,17148531.316,53.0,79.0,17148525.216,17148527.816,3,harn_anchored
user24|5|3,user24,5,3,1,Sitting down,34_Sit_down,Joyfully,NEUT,HAU/user24/5-3-1,"/Users/toheeb.ogunade/Workspace/cuchx-large/hf_data_manual/LMT_(IMU,Radar,Skeleton)/Training/HAU/user24/5-3-1",14.0,157.0,17148374.316,17148388.616,66.0,75.0,17148379.516,17148380.416,3,harn_anchored
user24|5|3,user24,5,3,2,Sitting down,34_Sit_down,Quietly,SLOW,HAU/user24/5-3-2,"/Users/toheeb.ogunade/Workspace/cuchx-large/hf_data_manual/LMT_(IMU,Radar,Skeleton)/Training/HAU/user24/5-3-2",15.0,135.0,17148458.416,17148470.416,52.0,62.0,17148462.116,17148463.116,3,harn_anchored
user24|5|3,user24,5,3,3,Sitting down,34_Sit_down,Tensely,NERV,HAU/user24/5-3-3,"/Users/toheeb.ogunade/Workspace/cuchx-large/hf_data_manual/LMT_(IMU,Radar,Skeleton)/Training/HAU/user24/5-3-3",14.0,114.0,17148521.316,17148531.316,44.0,51.0,17148524.316,17148525.016,3,harn_anchored
user24|5|3,user24,5,3,1,Walking,36_Walk,Joyfully,NEUT,HAU/user24/5-3-1,"/Users/toheeb.ogunade/Workspace/cuchx-large/hf_data_manual/LMT_(IMU,Radar,Skeleton)/Training/HAU/user24/5-3-1",14.0,157.0,17148374.316,17148388.616,33.0,58.0,17148376.216,17148378.716,3,harn_anchored
user24|5|3,user24,5,3,2,Walking,36_Walk,Quietly,SLOW,HAU/user24/5-3-2,"/Users/toheeb.ogunade/Workspace/cuchx-large/hf_data_manual/LMT_(IMU,Radar,Skeleton)/Training/HAU/user24/5-3-2",15.0,135.0,17148458.416,17148470.416,25.0,48.0,17148459.416,17148461.716,3,harn_anchored
user24|5|3,user24,5,3,3,Walking,36_Walk,Tensely,NERV,HAU/user24/5-3-3,"/Users/toheeb.ogunade/Workspace/cuchx-large/hf_data_manual/LMT_(IMU,Radar,Skeleton)/Training/HAU/user24/5-3-3",14.0,114.0,17148521.316,17148531.316,24.0,42.0,17148522.316,17148524.116,3,harn_anchored
user24|6|2,user24,6,2,1,Washing face,0_Wash_face,Leisurely,SLOW,HAU/user24/6-2-1,"/Users/toheeb.ogunade/Workspace/cuchx-large/hf_data_manual/LMT_(IMU,Radar,Skeleton)/Training/HAU/user24/6-2-1",14.0,167.0,17252015.316,17252030.616,48.0,82.0,17252018.716,17252022.116,3,harn_anchored
user24|6|2,user24,6,2,2,Washing face,0_Wash_face,Naturally,NEUT,HAU/user24/6-2-2,"/Users/toheeb.ogunade/Workspace/cuchx-large/hf_data_manual/LMT_(IMU,Radar,Skeleton)/Training/HAU/user24/6-2-2",12.0,109.0,17252077.116,17252086.816,33.0,58.0,17252079.216,17252081.716,3,harn_anchored
user24|6|2,user24,6,2,3,Washing face,0_Wash_face,Hurriedly,FAST,HAU/user24/6-2-3,"/Users/toheeb.ogunade/Workspace/cuchx-large/hf_data_manual/LMT_(IMU,Radar,Skeleton)/Training/HAU/user24/6-2-3",15.0,80.0,17252147.416,17252153.916,28.0,44.0,17252148.716,17252150.316,3,harn_anchored
user24|6|2,user24,6,2,1,Brushing teeth,1_Brush_teeth,Leisurely,SLOW,HAU/user24/6-2-1,"/Users/toheeb.ogunade/Workspace/cuchx-large/hf_data_manual/LMT_(IMU,Radar,Skeleton)/Training/HAU/user24/6-2-1",14.0,167.0,17252015.316,17252030.616,98.0,123.0,17252023.716,17252026.216,3,harn_anchored
user24|6|2,user24,6,2,2,Brushing teeth,1_Brush_teeth,Naturally,NEUT,HAU/user24/6-2-2,"/Users/toheeb.ogunade/Workspace/cuchx-large/hf_data_manual/LMT_(IMU,Radar,Skeleton)/Training/HAU/user24/6-2-2",12.0,109.0,17252077.116,17252086.816,73.0,80.0,17252083.216,17252083.916,3,harn_anchored
user24|6|2,user24,6,2,3,Brushing teeth,1_Brush_teeth,Hurriedly,FAST,HAU/user24/6-2-3,"/Users/toheeb.ogunade/Workspace/cuchx-large/hf_data_manual/LMT_(IMU,Radar,Skeleton)/Training/HAU/user24/6-2-3",15.0,80.0,17252147.416,17252153.916,48.0,51.0,17252150.716,17252151.016,3,harn_anchored
user24|6|2,user24,6,2,1,Walking,36_Walk,Leisurely,SLOW,HAU/user24/6-2-1,"/Users/toheeb.ogunade/Workspace/cuchx-large/hf_data_manual/LMT_(IMU,Radar,Skeleton)/Training/HAU/user24/6-2-1",14.0,167.0,17252015.316,17252030.616,26.0,43.0,17252016.516,17252018.216,3,harn_anchored
user24|6|2,user24,6,2,2,Walking,36_Walk,Naturally,NEUT,HAU/user24/6-2-2,"/Users/toheeb.ogunade/Workspace/cuchx-large/hf_data_manual/LMT_(IMU,Radar,Skeleton)/Training/HAU/user24/6-2-2",12.0,109.0,17252077.116,17252086.816,22.0,27.0,17252078.116,17252078.616,3,harn_anchored
user24|6|2,user24,6,2,3,Walking,36_Walk,Hurriedly,FAST,HAU/user24/6-2-3,"/Users/toheeb.ogunade/Workspace/cuchx-large/hf_data_manual/LMT_(IMU,Radar,Skeleton)/Training/HAU/user24/6-2-3",15.0,80.0,17252147.416,17252153.916,20.0,25.0,17252147.916,17252148.416,3,harn_anchored
user24|6|2,user24,6,2,1,Wiping hands,4_Wipe_hands,Leisurely,SLOW,HAU/user24/6-2-1,"/Users/toheeb.ogunade/Workspace/cuchx-large/hf_data_manual/LMT_(IMU,Radar,Skeleton)/Training/HAU/user24/6-2-1",14.0,167.0,17252015.316,17252030.616,140.0,167.0,17252027.916,17252030.616,3,harn_anchored
user24|6|2,user24,6,2,2,Wiping hands,4_Wipe_hands,Naturally,NEUT,HAU/user24/6-2-2,"/Users/toheeb.ogunade/Workspace/cuchx-large/hf_data_manual/LMT_(IMU,Radar,Skeleton)/Training/HAU/user24/6-2-2",12.0,109.0,17252077.116,17252086.816,90.0,109.0,17252084.916,17252086.816,3,harn_anchored
user24|6|2,user24,6,2,3,Wiping hands,4_Wipe_hands,Hurriedly,FAST,HAU/user24/6-2-3,"/Users/toheeb.ogunade/Workspace/cuchx-large/hf_data_manual/LMT_(IMU,Radar,Skeleton)/Training/HAU/user24/6-2-3",15.0,80.0,17252147.416,17252153.916,57.0,80.0,17252151.616,17252153.916,3,harn_anchored
user24|6|3,user24,6,3,1,Squats,29_Do_squats,Slowly,SLOW,HAU/user24/6-3-1,"/Users/toheeb.ogunade/Workspace/cuchx-large/hf_data_manual/LMT_(IMU,Radar,Skeleton)/Training/HAU/user24/6-3-1",16.0,144.0,17232179.516,17232192.316,33.0,104.0,17232181.216,17232188.316,3,harn_anchored
user24|6|3,user24,6,3,2,Squats,29_Do_squats,Steadily,NEUT,HAU/user24/6-3-2,"/Users/toheeb.ogunade/Workspace/cuchx-large/hf_data_manual/LMT_(IMU,Radar,Skeleton)/Training/HAU/user24/6-3-2",13.0,119.0,17232251.216,17232261.816,23.0,85.0,17232252.216,17232258.416,3,harn_anchored
user24|6|3,user24,6,3,3,Squats,29_Do_squats,Restlessly,NERV,HAU/user24/6-3-3,"/Users/toheeb.ogunade/Workspace/cuchx-large/hf_data_manual/LMT_(IMU,Radar,Skeleton)/Training/HAU/user24/6-3-3",17.0,90.0,17232335.616,17232342.916,19.0,58.0,17232335.816,17232339.716,3,harn_anchored
user24|6|3,user24,6,3,1,Standing up,32_Stand_up,Slowly,SLOW,HAU/user24/6-3-1,"/Users/toheeb.ogunade/Workspace/cuchx-large/hf_data_manual/LMT_(IMU,Radar,Skeleton)/Training/HAU/user24/6-3-1",16.0,144.0,17232179.516,17232192.316,92.0,105.0,17232187.116,17232188.416,3,harn_anchored
user24|6|3,user24,6,3,2,Standing up,32_Stand_up,Steadily,NEUT,HAU/user24/6-3-2,"/Users/toheeb.ogunade/Workspace/cuchx-large/hf_data_manual/LMT_(IMU,Radar,Skeleton)/Training/HAU/user24/6-3-2",13.0,119.0,17232251.216,17232261.816,75.0,86.0,17232257.416,17232258.516,3,harn_anchored
user24|6|3,user24,6,3,3,Standing up,32_Stand_up,Restlessly,NERV,HAU/user24/6-3-3,"/Users/toheeb.ogunade/Workspace/cuchx-large/hf_data_manual/LMT_(IMU,Radar,Skeleton)/Training/HAU/user24/6-3-3",17.0,90.0,17232335.616,17232342.916,50.0,59.0,17232338.916,17232339.816,3,harn_anchored
user24|7|1,user24,7,1,1,Washing face,0_Wash_face,Meticulously,CARE,HAU/user24/7-1-1,"/Users/toheeb.ogunade/Workspace/cuchx-large/hf_data_manual/LMT_(IMU,Radar,Skeleton)/Training/HAU/user24/7-1-1",19.0,290.0,17252251.816,17252278.916,21.0,51.0,17252252.016,17252255.016,3,harn_anchored
user24|7|1,user24,7,1,2,Washing face,0_Wash_face,Tensely,NERV,HAU/user24/7-1-2,"/Users/toheeb.ogunade/Workspace/cuchx-large/hf_data_manual/LMT_(IMU,Radar,Skeleton)/Training/HAU/user24/7-1-2",18.0,134.0,17252332.716,17252344.316,18.0,32.0,17252332.716,17252334.116,3,harn_anchored
user24|7|1,user24,7,1,3,Washing face,0_Wash_face,Steadily,NEUT,HAU/user24/7-1-3,"/Users/toheeb.ogunade/Workspace/cuchx-large/hf_data_manual/LMT_(IMU,Radar,Skeleton)/Training/HAU/user24/7-1-3",18.0,171.0,17252392.716,17252408.016,24.0,44.0,17252393.316,17252395.316,3,harn_anchored
user24|7|1,user24,7,1,1,Brushing teeth,1_Brush_teeth,Meticulously,CARE,HAU/user24/7-1-1,"/Users/toheeb.ogunade/Workspace/cuchx-large/hf_data_manual/LMT_(IMU,Radar,Skeleton)/Training/HAU/user24/7-1-1",19.0,290.0,17252251.816,17252278.916,62.0,73.0,17252256.116,17252257.216,3,harn_anchored
user24|7|1,user24,7,1,2,Brushing teeth,1_Brush_teeth,Tensely,NERV,HAU/user24/7-1-2,"/Users/toheeb.ogunade/Workspace/cuchx-large/hf_data_manual/LMT_(IMU,Radar,Skeleton)/Training/HAU/user24/7-1-2",18.0,134.0,17252332.716,17252344.316,38.0,40.0,17252334.716,17252334.916,3,harn_anchored
user24|7|1,user24,7,1,3,Brushing teeth,1_Brush_teeth,Steadily,NEUT,HAU/user24/7-1-3,"/Users/toheeb.ogunade/Workspace/cuchx-large/hf_data_manual/LMT_(IMU,Radar,Skeleton)/Training/HAU/user24/7-1-3",18.0,171.0,17252392.716,17252408.016,53.0,59.0,17252396.216,17252396.816,3,harn_anchored
user24|7|1,user24,7,1,1,Combing hair,2_Comb_hair,Meticulously,CARE,HAU/user24/7-1-1,"/Users/toheeb.ogunade/Workspace/cuchx-large/hf_data_manual/LMT_(IMU,Radar,Skeleton)/Training/HAU/user24/7-1-1",19.0,290.0,17252251.816,17252278.916,95.0,107.0,17252259.416,17252260.616,3,harn_anchored
user24|7|1,user24,7,1,2,Combing hair,2_Comb_hair,Tensely,NERV,HAU/user24/7-1-2,"/Users/toheeb.ogunade/Workspace/cuchx-large/hf_data_manual/LMT_(IMU,Radar,Skeleton)/Training/HAU/user24/7-1-2",18.0,134.0,17252332.716,17252344.316,50.0,53.0,17252335.916,17252336.216,3,harn_anchored
user24|7|1,user24,7,1,3,Combing hair,2_Comb_hair,Steadily,NEUT,HAU/user24/7-1-3,"/Users/toheeb.ogunade/Workspace/cuchx-large/hf_data_manual/LMT_(IMU,Radar,Skeleton)/Training/HAU/user24/7-1-3",18.0,171.0,17252392.716,17252408.016,73.0,78.0,17252398.216,17252398.716,3,harn_anchored
user24|7|1,user24,7,1,1,Taking medicine,37_Take_medicine,Meticulously,CARE,HAU/user24/7-1-1,"/Users/toheeb.ogunade/Workspace/cuchx-large/hf_data_manual/LMT_(IMU,Radar,Skeleton)/Training/HAU/user24/7-1-1",19.0,290.0,17252251.816,17252278.916,133.0,158.0,17252263.216,17252265.716,3,harn_anchored
user24|7|1,user24,7,1,2,Taking medicine,37_Take_medicine,Tensely,NERV,HAU/user24/7-1-2,"/Users/toheeb.ogunade/Workspace/cuchx-large/hf_data_manual/LMT_(IMU,Radar,Skeleton)/Training/HAU/user24/7-1-2",18.0,134.0,17252332.716,17252344.316,72.0,85.0,17252338.116,17252339.416,3,harn_anchored
user24|7|1,user24,7,1,3,Taking medicine,37_Take_medicine,Steadily,NEUT,HAU/user24/7-1-3,"/Users/toheeb.ogunade/Workspace/cuchx-large/hf_data_manual/LMT_(IMU,Radar,Skeleton)/Training/HAU/user24/7-1-3",18.0,171.0,17252392.716,17252408.016,99.0,117.0,17252400.816,17252402.616,3,harn_anchored
user24|7|1,user24,7,1,1,Massaging oneself,38_Massage_oneself,Meticulously,CARE,HAU/user24/7-1-1,"/Users/toheeb.ogunade/Workspace/cuchx-large/hf_data_manual/LMT_(IMU,Radar,Skeleton)/Training/HAU/user24/7-1-1",19.0,290.0,17252251.816,17252278.916,259.0,289.0,17252275.816,17252278.816,3,harn_anchored
user24|7|1,user24,7,1,2,Massaging oneself,38_Massage_oneself,Tensely,NERV,HAU/user24/7-1-2,"/Users/toheeb.ogunade/Workspace/cuchx-large/hf_data_manual/LMT_(IMU,Radar,Skeleton)/Training/HAU/user24/7-1-2",18.0,134.0,17252332.716,17252344.316,114.0,133.0,17252342.316,17252344.216,3,harn_anchored
user24|7|1,user24,7,1,3,Massaging oneself,38_Massage_oneself,Steadily,NEUT,HAU/user24/7-1-3,"/Users/toheeb.ogunade/Workspace/cuchx-large/hf_data_manual/LMT_(IMU,Radar,Skeleton)/Training/HAU/user24/7-1-3",18.0,171.0,17252392.716,17252408.016,152.0,171.0,17252406.116,17252408.016,3,harn_anchored
user24|7|1,user24,7,1,1,Checking body temperature,39_Take_body_temperature,Meticulously,CARE,HAU/user24/7-1-1,"/Users/toheeb.ogunade/Workspace/cuchx-large/hf_data_manual/LMT_(IMU,Radar,Skeleton)/Training/HAU/user24/7-1-1",19.0,290.0,17252251.816,17252278.916,201.0,238.0,17252270.016,17252273.716,3,harn_anchored
user24|7|1,user24,7,1,2,Checking body temperature,39_Take_body_temperature,Tensely,NERV,HAU/user24/7-1-2,"/Users/toheeb.ogunade/Workspace/cuchx-large/hf_data_manual/LMT_(IMU,Radar,Skeleton)/Training/HAU/user24/7-1-2",18.0,134.0,17252332.716,17252344.316,98.0,107.0,17252340.716,17252341.616,3,harn_anchored
user24|7|1,user24,7,1,3,Checking body temperature,39_Take_body_temperature,Steadily,NEUT,HAU/user24/7-1-3,"/Users/toheeb.ogunade/Workspace/cuchx-large/hf_data_manual/LMT_(IMU,Radar,Skeleton)/Training/HAU/user24/7-1-3",18.0,171.0,17252392.716,17252408.016,133.0,145.0,17252404.216,17252405.416,3,harn_anchored
user24|7|2,user24,7,2,1,Typing on a keyboard,17_Tap_the_keyboard,Leisurely,SLOW,HAU/user24/7-2-1,"/Users/toheeb.ogunade/Workspace/cuchx-large/hf_data_manual/LMT_(IMU,Radar,Skeleton)/Training/HAU/user24/7-2-1",21.0,312.0,17148901.016,17148930.116,273.0,303.0,17148926.216,17148929.216,3,harn_anchored
user24|7|2,user24,7,2,2,Typing on a keyboard,17_Tap_the_keyboard,Impatiently,FAST,HAU/user24/7-2-2,"/Users/toheeb.ogunade/Workspace/cuchx-large/hf_data_manual/LMT_(IMU,Radar,Skeleton)/Training/HAU/user24/7-2-2",17.0,168.0,17148996.616,17149011.716,150.0,168.0,17149009.916,17149011.716,3,harn_anchored
user24|7|2,user24,7,2,3,Typing on a keyboard,17_Tap_the_keyboard,Seriously,CARE,HAU/user24/7-2-3,"/Users/toheeb.ogunade/Workspace/cuchx-large/hf_data_manual/LMT_(IMU,Radar,Skeleton)/Training/HAU/user24/7-2-3",17.0,192.0,17149087.616,17149105.116,174.0,192.0,17149103.316,17149105.116,3,harn_anchored
user24|7|2,user24,7,2,1,Checking the time,20_Check_the_time,Leisurely,SLOW,HAU/user24/7-2-1,"/Users/toheeb.ogunade/Workspace/cuchx-large/hf_data_manual/LMT_(IMU,Radar,Skeleton)/Training/HAU/user24/7-2-1",21.0,312.0,17148901.016,17148930.116,127.0,148.0,17148911.616,17148913.716,3,harn_anchored
user24|7|2,user24,7,2,2,Checking the time,20_Check_the_time,Impatiently,FAST,HAU/user24/7-2-2,"/Users/toheeb.ogunade/Workspace/cuchx-large/hf_data_manual/LMT_(IMU,Radar,Skeleton)/Training/HAU/user24/7-2-2",17.0,168.0,17148996.616,17149011.716,79.0,89.0,17149002.816,17149003.816,3,harn_anchored
user24|7|2,user24,7,2,3,Checking the time,20_Check_the_time,Seriously,CARE,HAU/user24/7-2-3,"/Users/toheeb.ogunade/Workspace/cuchx-large/hf_data_manual/LMT_(IMU,Radar,Skeleton)/Training/HAU/user24/7-2-3",17.0,192.0,17149087.616,17149105.116,83.0,101.0,17149094.216,17149096.016,3,harn_anchored
user24|7|2,user24,7,2,1,Reading,21_Read_documents,Leisurely,SLOW,HAU/user24/7-2-1,"/Users/toheeb.ogunade/Workspace/cuchx-large/hf_data_manual/LMT_(IMU,Radar,Skeleton)/Training/HAU/user24/7-2-1",21.0,312.0,17148901.016,17148930.116,179.0,261.0,17148916.816,17148925.016,3,harn_anchored
user24|7|2,user24,7,2,2,Reading,21_Read_documents,Impatiently,FAST,HAU/user24/7-2-2,"/Users/toheeb.ogunade/Workspace/cuchx-large/hf_data_manual/LMT_(IMU,Radar,Skeleton)/Training/HAU/user24/7-2-2",17.0,168.0,17148996.616,17149011.716,102.0,146.0,17149005.116,17149009.516,3,harn_anchored
user24|7|2,user24,7,2,3,Reading,21_Read_documents,Seriously,CARE,HAU/user24/7-2-3,"/Users/toheeb.ogunade/Workspace/cuchx-large/hf_data_manual/LMT_(IMU,Radar,Skeleton)/Training/HAU/user24/7-2-3",17.0,192.0,17149087.616,17149105.116,121.0,171.0,17149098.016,17149103.016,3,harn_anchored
user24|7|2,user24,7,2,1,Turning a page,22_Turn_pages,Leisurely,SLOW,HAU/user24/7-2-1,"/Users/toheeb.ogunade/Workspace/cuchx-large/hf_data_manual/LMT_(IMU,Radar,Skeleton)/Training/HAU/user24/7-2-1",21.0,312.0,17148901.016,17148930.116,203.0,216.0,17148919.216,17148920.516,3,harn_anchored
user24|7|2,user24,7,2,2,Turning a page,22_Turn_pages,Impatiently,FAST,HAU/user24/7-2-2,"/Users/toheeb.ogunade/Workspace/cuchx-large/hf_data_manual/LMT_(IMU,Radar,Skeleton)/Training/HAU/user24/7-2-2",17.0,168.0,17148996.616,17149011.716,106.0,133.0,17149005.516,17149008.216,3,harn_anchored
user24|7|2,user24,7,2,3,Turning a page,22_Turn_pages,Seriously,CARE,HAU/user24/7-2-3,"/Users/toheeb.ogunade/Workspace/cuchx-large/hf_data_manual/LMT_(IMU,Radar,Skeleton)/Training/HAU/user24/7-2-3",17.0,192.0,17149087.616,17149105.116,128.0,170.0,17149098.716,17149102.916,3,harn_anchored
user24|7|2,user24,7,2,1,Listening to the music with headphones,23_Listen_to_music_with_headphones,Leisurely,SLOW,HAU/user24/7-2-1,"/Users/toheeb.ogunade/Workspace/cuchx-large/hf_data_manual/LMT_(IMU,Radar,Skeleton)/Training/HAU/user24/7-2-1",21.0,312.0,17148901.016,17148930.116,84.0,115.0,17148907.316,17148910.416,3,harn_anchored
user24|7|2,user24,7,2,2,Listening to the music with headphones,23_Listen_to_music_with_headphones,Impatiently,FAST,HAU/user24/7-2-2,"/Users/toheeb.ogunade/Workspace/cuchx-large/hf_data_manual/LMT_(IMU,Radar,Skeleton)/Training/HAU/user24/7-2-2",17.0,168.0,17148996.616,17149011.716,64.0,78.0,17149001.316,17149002.716,3,harn_anchored
user24|7|2,user24,7,2,3,Listening to the music with headphones,23_Listen_to_music_with_headphones,Seriously,CARE,HAU/user24/7-2-3,"/Users/toheeb.ogunade/Workspace/cuchx-large/hf_data_manual/LMT_(IMU,Radar,Skeleton)/Training/HAU/user24/7-2-3",17.0,192.0,17149087.616,17149105.116,65.0,83.0,17149092.416,17149094.216,3,harn_anchored
user24|7|2,user24,7,2,1,Sitting down,34_Sit_down,Leisurely,SLOW,HAU/user24/7-2-1,"/Users/toheeb.ogunade/Workspace/cuchx-large/hf_data_manual/LMT_(IMU,Radar,Skeleton)/Training/HAU/user24/7-2-1",21.0,312.0,17148901.016,17148930.116,63.0,73.0,17148905.216,17148906.216,3,harn_anchored
user24|7|2,user24,7,2,2,Sitting down,34_Sit_down,Impatiently,FAST,HAU/user24/7-2-2,"/Users/toheeb.ogunade/Workspace/cuchx-large/hf_data_manual/LMT_(IMU,Radar,Skeleton)/Training/HAU/user24/7-2-2",17.0,168.0,17148996.616,17149011.716,45.0,53.0,17148999.416,17149000.216,3,harn_anchored
user24|7|2,user24,7,2,3,Sitting down,34_Sit_down,Seriously,CARE,HAU/user24/7-2-3,"/Users/toheeb.ogunade/Workspace/cuchx-large/hf_data_manual/LMT_(IMU,Radar,Skeleton)/Training/HAU/user24/7-2-3",17.0,192.0,17149087.616,17149105.116,46.0,52.0,17149090.516,17149091.116,3,harn_anchored
user24|7|2,user24,7,2,1,Walking,36_Walk,Leisurely,SLOW,HAU/user24/7-2-1,"/Users/toheeb.ogunade/Workspace/cuchx-large/hf_data_manual/LMT_(IMU,Radar,Skeleton)/Training/HAU/user24/7-2-1",21.0,312.0,17148901.016,17148930.116,30.0,56.0,17148901.916,17148904.516,3,harn_anchored
user24|7|2,user24,7,2,2,Walking,36_Walk,Impatiently,FAST,HAU/user24/7-2-2,"/Users/toheeb.ogunade/Workspace/cuchx-large/hf_data_manual/LMT_(IMU,Radar,Skeleton)/Training/HAU/user24/7-2-2",17.0,168.0,17148996.616,17149011.716,25.0,42.0,17148997.416,17148999.116,3,harn_anchored
user24|7|2,user24,7,2,3,Walking,36_Walk,Seriously,CARE,HAU/user24/7-2-3,"/Users/toheeb.ogunade/Workspace/cuchx-large/hf_data_manual/LMT_(IMU,Radar,Skeleton)/Training/HAU/user24/7-2-3",17.0,192.0,17149087.616,17149105.116,24.0,45.0,17149088.316,17149090.416,3,harn_anchored
user3|1|2,user3,1,2,1,Listening to the music with headphones,23_Listen_to_music_with_headphones,Leisurely,SLOW,HAU/user3/1-2-1,"/Users/toheeb.ogunade/Workspace/cuchx-large/hf_data_manual/LMT_(IMU,Radar,Skeleton)/Training/HAU/user3/1-2-1",16.0,189.0,14141512.516,14141529.816,46.0,67.0,14141515.516,14141517.616,2,harn_anchored
user3|1|2,user3,1,2,2,Listening to the music with headphones,23_Listen_to_music_with_headphones,Attentively,CARE,HAU/user3/1-2-2,"/Users/toheeb.ogunade/Workspace/cuchx-large/hf_data_manual/LMT_(IMU,Radar,Skeleton)/Training/HAU/user3/1-2-2",10.0,190.0,14141620.916,14141638.916,45.0,60.0,14141624.416,14141625.916,2,harn_anchored
user3|1|2,user3,1,2,1,Combing hair,2_Comb_hair,Leisurely,SLOW,HAU/user3/1-2-1,"/Users/toheeb.ogunade/Workspace/cuchx-large/hf_data_manual/LMT_(IMU,Radar,Skeleton)/Training/HAU/user3/1-2-1",16.0,189.0,14141512.516,14141529.816,123.0,134.0,14141523.216,14141524.316,2,harn_anchored
user3|1|2,user3,1,2,3,Combing hair,2_Comb_hair,Hastily,FAST,HAU/user3/1-2-3,"/Users/toheeb.ogunade/Workspace/cuchx-large/hf_data_manual/LMT_(IMU,Radar,Skeleton)/Training/HAU/user3/1-2-3",9.0,117.0,14141726.816,14141737.616,82.0,86.0,14141734.116,14141734.516,2,harn_anchored
user3|1|2,user3,1,2,1,Walking,36_Walk,Leisurely,SLOW,HAU/user3/1-2-1,"/Users/toheeb.ogunade/Workspace/cuchx-large/hf_data_manual/LMT_(IMU,Radar,Skeleton)/Training/HAU/user3/1-2-1",16.0,189.0,14141512.516,14141529.816,41.0,174.0,14141515.016,14141528.316,3,harn_anchored
user3|1|2,user3,1,2,2,Walking,36_Walk,Attentively,CARE,HAU/user3/1-2-2,"/Users/toheeb.ogunade/Workspace/cuchx-large/hf_data_manual/LMT_(IMU,Radar,Skeleton)/Training/HAU/user3/1-2-2",10.0,190.0,14141620.916,14141638.916,35.0,171.0,14141623.416,14141637.016,3,harn_anchored
user3|1|2,user3,1,2,3,Walking,36_Walk,Hastily,FAST,HAU/user3/1-2-3,"/Users/toheeb.ogunade/Workspace/cuchx-large/hf_data_manual/LMT_(IMU,Radar,Skeleton)/Training/HAU/user3/1-2-3",9.0,117.0,14141726.816,14141737.616,34.0,105.0,14141729.316,14141736.416,3,harn_anchored
user3|1|2,user3,1,2,1,Drinking,6_Drink_water,Leisurely,SLOW,HAU/user3/1-2-1,"/Users/toheeb.ogunade/Workspace/cuchx-large/hf_data_manual/LMT_(IMU,Radar,Skeleton)/Training/HAU/user3/1-2-1",16.0,189.0,14141512.516,14141529.816,86.0,105.0,14141519.516,14141521.416,3,harn_anchored
user3|1|2,user3,1,2,2,Drinking,6_Drink_water,Attentively,CARE,HAU/user3/1-2-2,"/Users/toheeb.ogunade/Workspace/cuchx-large/hf_data_manual/LMT_(IMU,Radar,Skeleton)/Training/HAU/user3/1-2-2",10.0,190.0,14141620.916,14141638.916,79.0,98.0,14141627.816,14141629.716,3,harn_anchored
user3|1|2,user3,1,2,3,Drinking,6_Drink_water,Hastily,FAST,HAU/user3/1-2-3,"/Users/toheeb.ogunade/Workspace/cuchx-large/hf_data_manual/LMT_(IMU,Radar,Skeleton)/Training/HAU/user3/1-2-3",9.0,117.0,14141726.816,14141737.616,60.0,67.0,14141731.916,14141732.616,3,harn_anchored
user3|2|1,user3,2,1,1,Running,28_Jog_in_place,Relaxedly,SLOW,HAU/user3/2-1-1,"/Users/toheeb.ogunade/Workspace/cuchx-large/hf_data_manual/LMT_(IMU,Radar,Skeleton)/Training/HAU/user3/2-1-1",39.0,351.0,14061173.816,14061205.016,44.0,97.0,14061174.316,14061179.616,3,harn_anchored
user3|2|1,user3,2,1,2,Running,28_Jog_in_place,Hurriedly,FAST,HAU/user3/2-1-2,"/Users/toheeb.ogunade/Workspace/cuchx-large/hf_data_manual/LMT_(IMU,Radar,Skeleton)/Training/HAU/user3/2-1-2",9.0,223.0,14061943.816,14061965.216,26.0,78.0,14061945.516,14061950.716,3,harn_anchored
user3|2|1,user3,2,1,3,Running,28_Jog_in_place,Steadily,NEUT,HAU/user3/2-1-3,"/Users/toheeb.ogunade/Workspace/cuchx-large/hf_data_manual/LMT_(IMU,Radar,Skeleton)/Training/HAU/user3/2-1-3",12.0,233.0,14062094.116,14062116.216,28.0,64.0,14062095.716,14062099.316,3,harn_anchored
user3|2|1,user3,2,1,1,Squats,29_Do_squats,Relaxedly,SLOW,HAU/user3/2-1-1,"/Users/toheeb.ogunade/Workspace/cuchx-large/hf_data_manual/LMT_(IMU,Radar,Skeleton)/Training/HAU/user3/2-1-1",39.0,351.0,14061173.816,14061205.016,104.0,158.0,14061180.316,14061185.716,3,harn_anchored
user3|2|1,user3,2,1,2,Squats,29_Do_squats,Hurriedly,FAST,HAU/user3/2-1-2,"/Users/toheeb.ogunade/Workspace/cuchx-large/hf_data_manual/LMT_(IMU,Radar,Skeleton)/Training/HAU/user3/2-1-2",9.0,223.0,14061943.816,14061965.216,81.0,116.0,14061951.016,14061954.516,3,harn_anchored
user3|2|1,user3,2,1,3,Squats,29_Do_squats,Steadily,NEUT,HAU/user3/2-1-3,"/Users/toheeb.ogunade/Workspace/cuchx-large/hf_data_manual/LMT_(IMU,Radar,Skeleton)/Training/HAU/user3/2-1-3",12.0,233.0,14062094.116,14062116.216,66.0,92.0,14062099.516,14062102.116,3,harn_anchored
user3|2|1,user3,2,1,1,Stretching,31_Do_stretching_exercises,Relaxedly,SLOW,HAU/user3/2-1-1,"/Users/toheeb.ogunade/Workspace/cuchx-large/hf_data_manual/LMT_(IMU,Radar,Skeleton)/Training/HAU/user3/2-1-1",39.0,351.0,14061173.816,14061205.016,304.0,349.0,14061200.316,14061204.816,3,harn_anchored
user3|2|1,user3,2,1,2,Stretching,31_Do_stretching_exercises,Hurriedly,FAST,HAU/user3/2-1-2,"/Users/toheeb.ogunade/Workspace/cuchx-large/hf_data_manual/LMT_(IMU,Radar,Skeleton)/Training/HAU/user3/2-1-2",9.0,223.0,14061943.816,14061965.216,171.0,222.0,14061960.016,14061965.116,3,harn_anchored
user3|2|1,user3,2,1,3,Stretching,31_Do_stretching_exercises,Steadily,NEUT,HAU/user3/2-1-3,"/Users/toheeb.ogunade/Workspace/cuchx-large/hf_data_manual/LMT_(IMU,Radar,Skeleton)/Training/HAU/user3/2-1-3",12.0,233.0,14062094.116,14062116.216,200.0,232.0,14062112.916,14062116.116,3,harn_anchored
user3|2|1,user3,2,1,1,Standing up,32_Stand_up,Relaxedly,SLOW,HAU/user3/2-1-1,"/Users/toheeb.ogunade/Workspace/cuchx-large/hf_data_manual/LMT_(IMU,Radar,Skeleton)/Training/HAU/user3/2-1-1",39.0,351.0,14061173.816,14061205.016,294.0,302.0,14061199.316,14061200.116,3,harn_anchored
user3|2|1,user3,2,1,2,Standing up,32_Stand_up,Hurriedly,FAST,HAU/user3/2-1-2,"/Users/toheeb.ogunade/Workspace/cuchx-large/hf_data_manual/LMT_(IMU,Radar,Skeleton)/Training/HAU/user3/2-1-2",9.0,223.0,14061943.816,14061965.216,153.0,162.0,14061958.216,14061959.116,3,harn_anchored
user3|2|1,user3,2,1,3,Standing up,32_Stand_up,Steadily,NEUT,HAU/user3/2-1-3,"/Users/toheeb.ogunade/Workspace/cuchx-large/hf_data_manual/LMT_(IMU,Radar,Skeleton)/Training/HAU/user3/2-1-3",12.0,233.0,14062094.116,14062116.216,189.0,195.0,14062111.816,14062112.416,3,harn_anchored
user3|2|1,user3,2,1,1,Lying down,33_Lie_down,Relaxedly,SLOW,HAU/user3/2-1-1,"/Users/toheeb.ogunade/Workspace/cuchx-large/hf_data_manual/LMT_(IMU,Radar,Skeleton)/Training/HAU/user3/2-1-1",39.0,351.0,14061173.816,14061205.016,219.0,262.0,14061191.816,14061196.116,3,harn_anchored
user3|2|1,user3,2,1,2,Lying down,33_Lie_down,Hurriedly,FAST,HAU/user3/2-1-2,"/Users/toheeb.ogunade/Workspace/cuchx-large/hf_data_manual/LMT_(IMU,Radar,Skeleton)/Training/HAU/user3/2-1-2",9.0,223.0,14061943.816,14061965.216,138.0,143.0,14061956.716,14061957.216,3,harn_anchored
user3|2|1,user3,2,1,3,Lying down,33_Lie_down,Steadily,NEUT,HAU/user3/2-1-3,"/Users/toheeb.ogunade/Workspace/cuchx-large/hf_data_manual/LMT_(IMU,Radar,Skeleton)/Training/HAU/user3/2-1-3",12.0,233.0,14062094.116,14062116.216,141.0,170.0,14062107.016,14062109.916,3,harn_anchored
user3|2|2,user3,2,2,1,Walking,36_Walk,Slowly,SLOW,HAU/user3/2-2-1,"/Users/toheeb.ogunade/Workspace/cuchx-large/hf_data_manual/LMT_(IMU,Radar,Skeleton)/Training/HAU/user3/2-2-1",15.0,348.0,14141871.416,14141904.716,38.0,54.0,14141873.716,14141875.316,3,harn_anchored
user3|2|2,user3,2,2,2,Walking,36_Walk,Hurriedly,FAST,HAU/user3/2-2-2,"/Users/toheeb.ogunade/Workspace/cuchx-large/hf_data_manual/LMT_(IMU,Radar,Skeleton)/Training/HAU/user3/2-2-2",9.0,176.0,14141965.816,14141982.516,30.0,41.0,14141967.916,14141969.016,3,harn_anchored
user3|2|2,user3,2,2,3,Walking,36_Walk,Steadily,NEUT,HAU/user3/2-2-3,"/Users/toheeb.ogunade/Workspace/cuchx-large/hf_data_manual/LMT_(IMU,Radar,Skeleton)/Training/HAU/user3/2-2-3",23.0,275.0,14142049.216,14142074.416,43.0,58.0,14142051.216,14142052.716,3,harn_anchored
user3|2|2,user3,2,2,1,Taking medicine,37_Take_medicine,Slowly,SLOW,HAU/user3/2-2-1,"/Users/toheeb.ogunade/Workspace/cuchx-large/hf_data_manual/LMT_(IMU,Radar,Skeleton)/Training/HAU/user3/2-2-1",15.0,348.0,14141871.416,14141904.716,116.0,169.0,14141881.516,14141886.816,3,harn_anchored
user3|2|2,user3,2,2,2,Taking medicine,37_Take_medicine,Hurriedly,FAST,HAU/user3/2-2-2,"/Users/toheeb.ogunade/Workspace/cuchx-large/hf_data_manual/LMT_(IMU,Radar,Skeleton)/Training/HAU/user3/2-2-2",9.0,176.0,14141965.816,14141982.516,95.0,107.0,14141974.416,14141975.616,3,harn_anchored
user3|2|2,user3,2,2,3,Taking medicine,37_Take_medicine,Steadily,NEUT,HAU/user3/2-2-3,"/Users/toheeb.ogunade/Workspace/cuchx-large/hf_data_manual/LMT_(IMU,Radar,Skeleton)/Training/HAU/user3/2-2-3",23.0,275.0,14142049.216,14142074.416,120.0,133.0,14142058.916,14142060.216,3,harn_anchored
user3|2|2,user3,2,2,1,Massaging oneself,38_Massage_oneself,Slowly,SLOW,HAU/user3/2-2-1,"/Users/toheeb.ogunade/Workspace/cuchx-large/hf_data_manual/LMT_(IMU,Radar,Skeleton)/Training/HAU/user3/2-2-1",15.0,348.0,14141871.416,14141904.716,193.0,225.0,14141889.216,14141892.416,3,harn_anchored
user3|2|2,user3,2,2,2,Massaging oneself,38_Massage_oneself,Hurriedly,FAST,HAU/user3/2-2-2,"/Users/toheeb.ogunade/Workspace/cuchx-large/hf_data_manual/LMT_(IMU,Radar,Skeleton)/Training/HAU/user3/2-2-2",9.0,176.0,14141965.816,14141982.516,116.0,137.0,14141976.516,14141978.616,3,harn_anchored
user3|2|2,user3,2,2,3,Massaging oneself,38_Massage_oneself,Steadily,NEUT,HAU/user3/2-2-3,"/Users/toheeb.ogunade/Workspace/cuchx-large/hf_data_manual/LMT_(IMU,Radar,Skeleton)/Training/HAU/user3/2-2-3",23.0,275.0,14142049.216,14142074.416,164.0,186.0,14142063.316,14142065.516,3,harn_anchored
user3|2|2,user3,2,2,2,Checking body temperature,39_Take_body_temperature,Hurriedly,FAST,HAU/user3/2-2-2,"/Users/toheeb.ogunade/Workspace/cuchx-large/hf_data_manual/LMT_(IMU,Radar,Skeleton)/Training/HAU/user3/2-2-2",9.0,176.0,14141965.816,14141982.516,157.0,170.0,14141980.616,14141981.916,2,harn_anchored
user3|2|2,user3,2,2,3,Checking body temperature,39_Take_body_temperature,Steadily,NEUT,HAU/user3/2-2-3,"/Users/toheeb.ogunade/Workspace/cuchx-large/hf_data_manual/LMT_(IMU,Radar,Skeleton)/Training/HAU/user3/2-2-3",23.0,275.0,14142049.216,14142074.416,211.0,275.0,14142068.016,14142074.416,2,harn_anchored
user3|3|1,user3,3,1,1,Peeling fruit,11_Peel_fruits,Patiently,SLOW,HAU/user3/3-1-1,"/Users/toheeb.ogunade/Workspace/cuchx-large/hf_data_manual/LMT_(IMU,Radar,Skeleton)/Training/HAU/user3/3-1-1",7.0,185.0,14142205.616,14142223.416,124.0,145.0,14142217.316,14142219.416,3,harn_anchored
user3|3|1,user3,3,1,2,Peeling fruit,11_Peel_fruits,Smoothly,NEUT,HAU/user3/3-1-2,"/Users/toheeb.ogunade/Workspace/cuchx-large/hf_data_manual/LMT_(IMU,Radar,Skeleton)/Training/HAU/user3/3-1-2",13.0,188.0,14142590.216,14142607.716,106.0,136.0,14142599.516,14142602.516,3,harn_anchored
user3|3|1,user3,3,1,3,Peeling fruit,11_Peel_fruits,Anxiously,NERV,HAU/user3/3-1-3,"/Users/toheeb.ogunade/Workspace/cuchx-large/hf_data_manual/LMT_(IMU,Radar,Skeleton)/Training/HAU/user3/3-1-3",11.0,146.0,14142683.016,14142696.516,99.0,109.0,14142691.816,14142692.816,3,harn_anchored
user3|3|1,user3,3,1,1,Washing dishes,14_Wipe_bowls,Patiently,SLOW,HAU/user3/3-1-1,"/Users/toheeb.ogunade/Workspace/cuchx-large/hf_data_manual/LMT_(IMU,Radar,Skeleton)/Training/HAU/user3/3-1-1",7.0,185.0,14142205.616,14142223.416,39.0,101.0,14142208.816,14142215.016,3,harn_anchored
user3|3|1,user3,3,1,2,Washing dishes,14_Wipe_bowls,Smoothly,NEUT,HAU/user3/3-1-2,"/Users/toheeb.ogunade/Workspace/cuchx-large/hf_data_manual/LMT_(IMU,Radar,Skeleton)/Training/HAU/user3/3-1-2",13.0,188.0,14142590.216,14142607.716,35.0,89.0,14142592.416,14142597.816,3,harn_anchored
user3|3|1,user3,3,1,3,Washing dishes,14_Wipe_bowls,Anxiously,NERV,HAU/user3/3-1-3,"/Users/toheeb.ogunade/Workspace/cuchx-large/hf_data_manual/LMT_(IMU,Radar,Skeleton)/Training/HAU/user3/3-1-3",11.0,146.0,14142683.016,14142696.516,24.0,89.0,14142684.316,14142690.816,3,harn_anchored
user3|3|2,user3,3,2,1,Typing on a keyboard,17_Tap_the_keyboard,Gently,SLOW,HAU/user3/3-2-1,"/Users/toheeb.ogunade/Workspace/cuchx-large/hf_data_manual/LMT_(IMU,Radar,Skeleton)/Training/HAU/user3/3-2-1",6.0,289.0,14062301.516,14062329.816,170.0,219.0,14062317.916,14062322.816,3,harn_anchored
user3|3|2,user3,3,2,2,Typing on a keyboard,17_Tap_the_keyboard,Urgently,FAST,HAU/user3/3-2-2,"/Users/toheeb.ogunade/Workspace/cuchx-large/hf_data_manual/LMT_(IMU,Radar,Skeleton)/Training/HAU/user3/3-2-2",15.0,233.0,14062477.416,14062499.216,156.0,194.0,14062491.516,14062495.316,3,harn_anchored
user3|3|2,user3,3,2,3,Typing on a keyboard,17_Tap_the_keyboard,Calmly,SLOW,HAU/user3/3-2-3,"/Users/toheeb.ogunade/Workspace/cuchx-large/hf_data_manual/LMT_(IMU,Radar,Skeleton)/Training/HAU/user3/3-2-3",12.0,249.0,14062601.116,14062624.816,160.0,216.0,14062615.916,14062621.516,3,harn_anchored
user3|3|2,user3,3,2,1,Writing,18_Write,Gently,SLOW,HAU/user3/3-2-1,"/Users/toheeb.ogunade/Workspace/cuchx-large/hf_data_manual/LMT_(IMU,Radar,Skeleton)/Training/HAU/user3/3-2-1",6.0,289.0,14062301.516,14062329.816,224.0,289.0,14062323.316,14062329.816,3,harn_anchored
user3|3|2,user3,3,2,2,Writing,18_Write,Urgently,FAST,HAU/user3/3-2-2,"/Users/toheeb.ogunade/Workspace/cuchx-large/hf_data_manual/LMT_(IMU,Radar,Skeleton)/Training/HAU/user3/3-2-2",15.0,233.0,14062477.416,14062499.216,202.0,232.0,14062496.116,14062499.116,3,harn_anchored
user3|3|2,user3,3,2,3,Writing,18_Write,Calmly,SLOW,HAU/user3/3-2-3,"/Users/toheeb.ogunade/Workspace/cuchx-large/hf_data_manual/LMT_(IMU,Radar,Skeleton)/Training/HAU/user3/3-2-3",12.0,249.0,14062601.116,14062624.816,224.0,247.0,14062622.316,14062624.616,3,harn_anchored
user3|3|2,user3,3,2,1,Calling,19_Make_a_phone_call,Gently,SLOW,HAU/user3/3-2-1,"/Users/toheeb.ogunade/Workspace/cuchx-large/hf_data_manual/LMT_(IMU,Radar,Skeleton)/Training/HAU/user3/3-2-1",6.0,289.0,14062301.516,14062329.816,96.0,129.0,14062310.516,14062313.816,3,harn_anchored
user3|3|2,user3,3,2,2,Calling,19_Make_a_phone_call,Urgently,FAST,HAU/user3/3-2-2,"/Users/toheeb.ogunade/Workspace/cuchx-large/hf_data_manual/LMT_(IMU,Radar,Skeleton)/Training/HAU/user3/3-2-2",15.0,233.0,14062477.416,14062499.216,91.0,117.0,14062485.016,14062487.616,3,harn_anchored
user3|3|2,user3,3,2,3,Calling,19_Make_a_phone_call,Calmly,SLOW,HAU/user3/3-2-3,"/Users/toheeb.ogunade/Workspace/cuchx-large/hf_data_manual/LMT_(IMU,Radar,Skeleton)/Training/HAU/user3/3-2-3",12.0,249.0,14062601.116,14062624.816,94.0,124.0,14062609.316,14062612.316,3,harn_anchored
user3|3|2,user3,3,2,1,Listening to the music with headphones,23_Listen_to_music_with_headphones,Gently,SLOW,HAU/user3/3-2-1,"/Users/toheeb.ogunade/Workspace/cuchx-large/hf_data_manual/LMT_(IMU,Radar,Skeleton)/Training/HAU/user3/3-2-1",6.0,289.0,14062301.516,14062329.816,148.0,173.0,14062315.716,14062318.216,3,harn_anchored
user3|3|2,user3,3,2,2,Listening to the music with headphones,23_Listen_to_music_with_headphones,Urgently,FAST,HAU/user3/3-2-2,"/Users/toheeb.ogunade/Workspace/cuchx-large/hf_data_manual/LMT_(IMU,Radar,Skeleton)/Training/HAU/user3/3-2-2",15.0,233.0,14062477.416,14062499.216,136.0,155.0,14062489.516,14062491.416,3,harn_anchored
user3|3|2,user3,3,2,3,Listening to the music with headphones,23_Listen_to_music_with_headphones,Calmly,SLOW,HAU/user3/3-2-3,"/Users/toheeb.ogunade/Workspace/cuchx-large/hf_data_manual/LMT_(IMU,Radar,Skeleton)/Training/HAU/user3/3-2-3",12.0,249.0,14062601.116,14062624.816,139.0,157.0,14062613.816,14062615.616,3,harn_anchored
user3|3|2,user3,3,2,1,Sitting down,34_Sit_down,Gently,SLOW,HAU/user3/3-2-1,"/Users/toheeb.ogunade/Workspace/cuchx-large/hf_data_manual/LMT_(IMU,Radar,Skeleton)/Training/HAU/user3/3-2-1",6.0,289.0,14062301.516,14062329.816,84.0,92.0,14062309.316,14062310.116,3,harn_anchored
user3|3|2,user3,3,2,2,Sitting down,34_Sit_down,Urgently,FAST,HAU/user3/3-2-2,"/Users/toheeb.ogunade/Workspace/cuchx-large/hf_data_manual/LMT_(IMU,Radar,Skeleton)/Training/HAU/user3/3-2-2",15.0,233.0,14062477.416,14062499.216,77.0,80.0,14062483.616,14062483.916,3,harn_anchored
user3|3|2,user3,3,2,3,Sitting down,34_Sit_down,Calmly,SLOW,HAU/user3/3-2-3,"/Users/toheeb.ogunade/Workspace/cuchx-large/hf_data_manual/LMT_(IMU,Radar,Skeleton)/Training/HAU/user3/3-2-3",12.0,249.0,14062601.116,14062624.816,74.0,79.0,14062607.316,14062607.816,3,harn_anchored
user3|3|2,user3,3,2,1,Walking,36_Walk,Gently,SLOW,HAU/user3/3-2-1,"/Users/toheeb.ogunade/Workspace/cuchx-large/hf_data_manual/LMT_(IMU,Radar,Skeleton)/Training/HAU/user3/3-2-1",6.0,289.0,14062301.516,14062329.816,43.0,78.0,14062305.216,14062308.716,3,harn_anchored
user3|3|2,user3,3,2,2,Walking,36_Walk,Urgently,FAST,HAU/user3/3-2-2,"/Users/toheeb.ogunade/Workspace/cuchx-large/hf_data_manual/LMT_(IMU,Radar,Skeleton)/Training/HAU/user3/3-2-2",15.0,233.0,14062477.416,14062499.216,47.0,71.0,14062480.616,14062483.016,3,harn_anchored
user3|3|2,user3,3,2,3,Walking,36_Walk,Calmly,SLOW,HAU/user3/3-2-3,"/Users/toheeb.ogunade/Workspace/cuchx-large/hf_data_manual/LMT_(IMU,Radar,Skeleton)/Training/HAU/user3/3-2-3",12.0,249.0,14062601.116,14062624.816,29.0,68.0,14062602.816,14062606.716,3,harn_anchored
user3|4|1,user3,4,1,1,Stirring,10_Stir_drinks,Soothingly,SLOW,HAU/user3/4-1-1,"/Users/toheeb.ogunade/Workspace/cuchx-large/hf_data_manual/LMT_(IMU,Radar,Skeleton)/Training/HAU/user3/4-1-1",17.0,631.0,14062803.616,14062865.016,373.0,396.0,14062839.216,14062841.516,3,harn_anchored
user3|4|1,user3,4,1,2,Stirring,10_Stir_drinks,Orderly,CARE,HAU/user3/4-1-2,"/Users/toheeb.ogunade/Workspace/cuchx-large/hf_data_manual/LMT_(IMU,Radar,Skeleton)/Training/HAU/user3/4-1-2",17.0,510.0,14062970.616,14063019.916,316.0,328.0,14063000.516,14063001.716,3,harn_anchored
user3|4|1,user3,4,1,3,Stirring,10_Stir_drinks,Nervously,NERV,HAU/user3/4-1-3,"/Users/toheeb.ogunade/Workspace/cuchx-large/hf_data_manual/LMT_(IMU,Radar,Skeleton)/Training/HAU/user3/4-1-3",9.0,410.0,14063118.816,14063158.916,261.0,272.0,14063144.016,14063145.116,3,harn_anchored
user3|4|1,user3,4,1,1,Peeling fruit,11_Peel_fruits,Soothingly,SLOW,HAU/user3/4-1-1,"/Users/toheeb.ogunade/Workspace/cuchx-large/hf_data_manual/LMT_(IMU,Radar,Skeleton)/Training/HAU/user3/4-1-1",17.0,631.0,14062803.616,14062865.016,505.0,544.0,14062852.416,14062856.316,2,harn_anchored
user3|4|1,user3,4,1,2,Peeling fruit,11_Peel_fruits,Orderly,CARE,HAU/user3/4-1-2,"/Users/toheeb.ogunade/Workspace/cuchx-large/hf_data_manual/LMT_(IMU,Radar,Skeleton)/Training/HAU/user3/4-1-2",17.0,510.0,14062970.616,14063019.916,420.0,456.0,14063010.916,14063014.516,2,harn_anchored
user3|4|1,user3,4,1,1,Typing on a keyboard,17_Tap_the_keyboard,Soothingly,SLOW,HAU/user3/4-1-1,"/Users/toheeb.ogunade/Workspace/cuchx-large/hf_data_manual/LMT_(IMU,Radar,Skeleton)/Training/HAU/user3/4-1-1",17.0,631.0,14062803.616,14062865.016,47.0,115.0,14062806.616,14062813.416,3,harn_anchored
user3|4|1,user3,4,1,2,Typing on a keyboard,17_Tap_the_keyboard,Orderly,CARE,HAU/user3/4-1-2,"/Users/toheeb.ogunade/Workspace/cuchx-large/hf_data_manual/LMT_(IMU,Radar,Skeleton)/Training/HAU/user3/4-1-2",17.0,510.0,14062970.616,14063019.916,28.0,99.0,14062971.716,14062978.816,3,harn_anchored
user3|4|1,user3,4,1,3,Typing on a keyboard,17_Tap_the_keyboard,Nervously,NERV,HAU/user3/4-1-3,"/Users/toheeb.ogunade/Workspace/cuchx-large/hf_data_manual/LMT_(IMU,Radar,Skeleton)/Training/HAU/user3/4-1-3",9.0,410.0,14063118.816,14063158.916,29.0,83.0,14063120.816,14063126.216,3,harn_anchored
user3|4|1,user3,4,1,1,Calling,19_Make_a_phone_call,Soothingly,SLOW,HAU/user3/4-1-1,"/Users/toheeb.ogunade/Workspace/cuchx-large/hf_data_manual/LMT_(IMU,Radar,Skeleton)/Training/HAU/user3/4-1-1",17.0,631.0,14062803.616,14062865.016,149.0,200.0,14062816.816,14062821.916,3,harn_anchored
user3|4|1,user3,4,1,2,Calling,19_Make_a_phone_call,Orderly,CARE,HAU/user3/4-1-2,"/Users/toheeb.ogunade/Workspace/cuchx-large/hf_data_manual/LMT_(IMU,Radar,Skeleton)/Training/HAU/user3/4-1-2",17.0,510.0,14062970.616,14063019.916,120.0,164.0,14062980.916,14062985.316,3,harn_anchored
user3|4|1,user3,4,1,3,Calling,19_Make_a_phone_call,Nervously,NERV,HAU/user3/4-1-3,"/Users/toheeb.ogunade/Workspace/cuchx-large/hf_data_manual/LMT_(IMU,Radar,Skeleton)/Training/HAU/user3/4-1-3",9.0,410.0,14063118.816,14063158.916,89.0,143.0,14063126.816,14063132.216,3,harn_anchored
user3|4|1,user3,4,1,1,Reading,21_Read_documents,Soothingly,SLOW,HAU/user3/4-1-1,"/Users/toheeb.ogunade/Workspace/cuchx-large/hf_data_manual/LMT_(IMU,Radar,Skeleton)/Training/HAU/user3/4-1-1",17.0,631.0,14062803.616,14062865.016,240.0,344.0,14062825.916,14062836.316,3,harn_anchored
user3|4|1,user3,4,1,2,Reading,21_Read_documents,Orderly,CARE,HAU/user3/4-1-2,"/Users/toheeb.ogunade/Workspace/cuchx-large/hf_data_manual/LMT_(IMU,Radar,Skeleton)/Training/HAU/user3/4-1-2",17.0,510.0,14062970.616,14063019.916,201.0,294.0,14062989.016,14062998.316,3,harn_anchored
user3|4|1,user3,4,1,3,Reading,21_Read_documents,Nervously,NERV,HAU/user3/4-1-3,"/Users/toheeb.ogunade/Workspace/cuchx-large/hf_data_manual/LMT_(IMU,Radar,Skeleton)/Training/HAU/user3/4-1-3",9.0,410.0,14063118.816,14063158.916,169.0,240.0,14063134.816,14063141.916,3,harn_anchored
user3|4|1,user3,4,1,1,Turning a page,22_Turn_pages,Soothingly,SLOW,HAU/user3/4-1-1,"/Users/toheeb.ogunade/Workspace/cuchx-large/hf_data_manual/LMT_(IMU,Radar,Skeleton)/Training/HAU/user3/4-1-1",17.0,631.0,14062803.616,14062865.016,330.0,338.0,14062834.916,14062835.716,3,harn_anchored
user3|4|1,user3,4,1,2,Turning a page,22_Turn_pages,Orderly,CARE,HAU/user3/4-1-2,"/Users/toheeb.ogunade/Workspace/cuchx-large/hf_data_manual/LMT_(IMU,Radar,Skeleton)/Training/HAU/user3/4-1-2",17.0,510.0,14062970.616,14063019.916,259.0,268.0,14062994.816,14062995.716,3,harn_anchored
user3|4|1,user3,4,1,3,Turning a page,22_Turn_pages,Nervously,NERV,HAU/user3/4-1-3,"/Users/toheeb.ogunade/Workspace/cuchx-large/hf_data_manual/LMT_(IMU,Radar,Skeleton)/Training/HAU/user3/4-1-3",9.0,410.0,14063118.816,14063158.916,174.0,236.0,14063135.316,14063141.516,3,harn_anchored
user3|4|1,user3,4,1,1,Drinking,6_Drink_water,Soothingly,SLOW,HAU/user3/4-1-1,"/Users/toheeb.ogunade/Workspace/cuchx-large/hf_data_manual/LMT_(IMU,Radar,Skeleton)/Training/HAU/user3/4-1-1",17.0,631.0,14062803.616,14062865.016,400.0,421.0,14062841.916,14062844.016,3,harn_anchored
user3|4|1,user3,4,1,2,Drinking,6_Drink_water,Orderly,CARE,HAU/user3/4-1-2,"/Users/toheeb.ogunade/Workspace/cuchx-large/hf_data_manual/LMT_(IMU,Radar,Skeleton)/Training/HAU/user3/4-1-2",17.0,510.0,14062970.616,14063019.916,334.0,367.0,14063002.316,14063005.616,3,harn_anchored
user3|4|1,user3,4,1,3,Drinking,6_Drink_water,Nervously,NERV,HAU/user3/4-1-3,"/Users/toheeb.ogunade/Workspace/cuchx-large/hf_data_manual/LMT_(IMU,Radar,Skeleton)/Training/HAU/user3/4-1-3",9.0,410.0,14063118.816,14063158.916,276.0,288.0,14063145.516,14063146.716,3,harn_anchored
user3|4|1,user3,4,1,1,Eating,7_Eat_food,Soothingly,SLOW,HAU/user3/4-1-1,"/Users/toheeb.ogunade/Workspace/cuchx-large/hf_data_manual/LMT_(IMU,Radar,Skeleton)/Training/HAU/user3/4-1-1",17.0,631.0,14062803.616,14062865.016,548.0,600.0,14062856.716,14062861.916,3,harn_anchored
user3|4|1,user3,4,1,2,Eating,7_Eat_food,Orderly,CARE,HAU/user3/4-1-2,"/Users/toheeb.ogunade/Workspace/cuchx-large/hf_data_manual/LMT_(IMU,Radar,Skeleton)/Training/HAU/user3/4-1-2",17.0,510.0,14062970.616,14063019.916,461.0,473.0,14063015.016,14063016.216,3,harn_anchored
user3|4|1,user3,4,1,3,Eating,7_Eat_food,Nervously,NERV,HAU/user3/4-1-3,"/Users/toheeb.ogunade/Workspace/cuchx-large/hf_data_manual/LMT_(IMU,Radar,Skeleton)/Training/HAU/user3/4-1-3",9.0,410.0,14063118.816,14063158.916,365.0,368.0,14063154.416,14063154.716,3,harn_anchored
user3|4|1,user3,4,1,1,Grabbing utensils,8_Take_and_use_tableware,Soothingly,SLOW,HAU/user3/4-1-1,"/Users/toheeb.ogunade/Workspace/cuchx-large/hf_data_manual/LMT_(IMU,Radar,Skeleton)/Training/HAU/user3/4-1-1",17.0,631.0,14062803.616,14062865.016,360.0,370.0,14062837.916,14062838.916,3,harn_anchored
user3|4|1,user3,4,1,2,Grabbing utensils,8_Take_and_use_tableware,Orderly,CARE,HAU/user3/4-1-2,"/Users/toheeb.ogunade/Workspace/cuchx-large/hf_data_manual/LMT_(IMU,Radar,Skeleton)/Training/HAU/user3/4-1-2",17.0,510.0,14062970.616,14063019.916,301.0,310.0,14062999.016,14062999.916,3,harn_anchored
user3|4|1,user3,4,1,3,Grabbing utensils,8_Take_and_use_tableware,Nervously,NERV,HAU/user3/4-1-3,"/Users/toheeb.ogunade/Workspace/cuchx-large/hf_data_manual/LMT_(IMU,Radar,Skeleton)/Training/HAU/user3/4-1-3",9.0,410.0,14063118.816,14063158.916,248.0,258.0,14063142.716,14063143.716,3,harn_anchored
user3|5|1,user3,5,1,1,Stirring,10_Stir_drinks,Leisurely,SLOW,HAU/user3/5-1-1,"/Users/toheeb.ogunade/Workspace/cuchx-large/hf_data_manual/LMT_(IMU,Radar,Skeleton)/Training/HAU/user3/5-1-1",15.0,202.0,14142802.416,14142821.116,129.0,166.0,14142813.816,14142817.516,3,harn_anchored
user3|5|1,user3,5,1,2,Stirring,10_Stir_drinks,Hastily,FAST,HAU/user3/5-1-2,"/Users/toheeb.ogunade/Workspace/cuchx-large/hf_data_manual/LMT_(IMU,Radar,Skeleton)/Training/HAU/user3/5-1-2",15.0,113.0,14142897.416,14142907.216,79.0,96.0,14142903.816,14142905.516,3,harn_anchored
user3|5|1,user3,5,1,3,Stirring,10_Stir_drinks,Evenly,NEUT,HAU/user3/5-1-3,"/Users/toheeb.ogunade/Workspace/cuchx-large/hf_data_manual/LMT_(IMU,Radar,Skeleton)/Training/HAU/user3/5-1-3",11.0,180.0,14142984.016,14143000.916,129.0,145.0,14142995.816,14142997.416,3,harn_anchored
user3|5|1,user3,5,1,1,Drinking,6_Drink_water,Leisurely,SLOW,HAU/user3/5-1-1,"/Users/toheeb.ogunade/Workspace/cuchx-large/hf_data_manual/LMT_(IMU,Radar,Skeleton)/Training/HAU/user3/5-1-1",15.0,202.0,14142802.416,14142821.116,169.0,186.0,14142817.816,14142819.516,3,harn_anchored
user3|5|1,user3,5,1,2,Drinking,6_Drink_water,Hastily,FAST,HAU/user3/5-1-2,"/Users/toheeb.ogunade/Workspace/cuchx-large/hf_data_manual/LMT_(IMU,Radar,Skeleton)/Training/HAU/user3/5-1-2",15.0,113.0,14142897.416,14142907.216,101.0,111.0,14142906.016,14142907.016,3,harn_anchored
user3|5|1,user3,5,1,3,Drinking,6_Drink_water,Evenly,NEUT,HAU/user3/5-1-3,"/Users/toheeb.ogunade/Workspace/cuchx-large/hf_data_manual/LMT_(IMU,Radar,Skeleton)/Training/HAU/user3/5-1-3",11.0,180.0,14142984.016,14143000.916,151.0,168.0,14142998.016,14142999.716,3,harn_anchored
user3|5|1,user3,5,1,1,Grabbing utensils,8_Take_and_use_tableware,Leisurely,SLOW,HAU/user3/5-1-1,"/Users/toheeb.ogunade/Workspace/cuchx-large/hf_data_manual/LMT_(IMU,Radar,Skeleton)/Training/HAU/user3/5-1-1",15.0,202.0,14142802.416,14142821.116,51.0,73.0,14142806.016,14142808.216,3,harn_anchored
user3|5|1,user3,5,1,2,Grabbing utensils,8_Take_and_use_tableware,Hastily,FAST,HAU/user3/5-1-2,"/Users/toheeb.ogunade/Workspace/cuchx-large/hf_data_manual/LMT_(IMU,Radar,Skeleton)/Training/HAU/user3/5-1-2",15.0,113.0,14142897.416,14142907.216,33.0,42.0,14142899.216,14142900.116,3,harn_anchored
user3|5|1,user3,5,1,3,Grabbing utensils,8_Take_and_use_tableware,Evenly,NEUT,HAU/user3/5-1-3,"/Users/toheeb.ogunade/Workspace/cuchx-large/hf_data_manual/LMT_(IMU,Radar,Skeleton)/Training/HAU/user3/5-1-3",11.0,180.0,14142984.016,14143000.916,76.0,89.0,14142990.516,14142991.816,3,harn_anchored
user3|5|1,user3,5,1,1,Pouring,9_Pour_drinks,Leisurely,SLOW,HAU/user3/5-1-1,"/Users/toheeb.ogunade/Workspace/cuchx-large/hf_data_manual/LMT_(IMU,Radar,Skeleton)/Training/HAU/user3/5-1-1",15.0,202.0,14142802.416,14142821.116,84.0,111.0,14142809.316,14142812.016,3,harn_anchored
user3|5|1,user3,5,1,2,Pouring,9_Pour_drinks,Hastily,FAST,HAU/user3/5-1-2,"/Users/toheeb.ogunade/Workspace/cuchx-large/hf_data_manual/LMT_(IMU,Radar,Skeleton)/Training/HAU/user3/5-1-2",15.0,113.0,14142897.416,14142907.216,52.0,66.0,14142901.116,14142902.516,3,harn_anchored
user3|5|1,user3,5,1,3,Pouring,9_Pour_drinks,Evenly,NEUT,HAU/user3/5-1-3,"/Users/toheeb.ogunade/Workspace/cuchx-large/hf_data_manual/LMT_(IMU,Radar,Skeleton)/Training/HAU/user3/5-1-3",11.0,180.0,14142984.016,14143000.916,90.0,119.0,14142991.916,14142994.816,3,harn_anchored
user3|5|2,user3,5,2,1,Reading,21_Read_documents,Slowly,SLOW,HAU/user3/5-2-1,"/Users/toheeb.ogunade/Workspace/cuchx-large/hf_data_manual/LMT_(IMU,Radar,Skeleton)/Training/HAU/user3/5-2-1",5.0,359.0,14063492.416,14063527.816,93.0,359.0,14063501.216,14063527.816,3,harn_anchored
user3|5|2,user3,5,2,2,Reading,21_Read_documents,Anxiously,NERV,HAU/user3/5-2-2,"/Users/toheeb.ogunade/Workspace/cuchx-large/hf_data_manual/LMT_(IMU,Radar,Skeleton)/Training/HAU/user3/5-2-2",9.0,208.0,14063629.816,14063649.716,81.0,208.0,14063637.016,14063649.716,3,harn_anchored
user3|5|2,user3,5,2,3,Reading,21_Read_documents,Calmly,SLOW,HAU/user3/5-2-3,"/Users/toheeb.ogunade/Workspace/cuchx-large/hf_data_manual/LMT_(IMU,Radar,Skeleton)/Training/HAU/user3/5-2-3",10.0,342.0,14063773.916,14063807.116,106.0,341.0,14063783.516,14063807.016,3,harn_anchored
user3|5|2,user3,5,2,1,Turning a page,22_Turn_pages,Slowly,SLOW,HAU/user3/5-2-1,"/Users/toheeb.ogunade/Workspace/cuchx-large/hf_data_manual/LMT_(IMU,Radar,Skeleton)/Training/HAU/user3/5-2-1",5.0,359.0,14063492.416,14063527.816,353.0,359.0,14063527.216,14063527.816,3,harn_anchored
user3|5|2,user3,5,2,2,Turning a page,22_Turn_pages,Anxiously,NERV,HAU/user3/5-2-2,"/Users/toheeb.ogunade/Workspace/cuchx-large/hf_data_manual/LMT_(IMU,Radar,Skeleton)/Training/HAU/user3/5-2-2",9.0,208.0,14063629.816,14063649.716,199.0,206.0,14063648.816,14063649.516,3,harn_anchored
user3|5|2,user3,5,2,3,Turning a page,22_Turn_pages,Calmly,SLOW,HAU/user3/5-2-3,"/Users/toheeb.ogunade/Workspace/cuchx-large/hf_data_manual/LMT_(IMU,Radar,Skeleton)/Training/HAU/user3/5-2-3",10.0,342.0,14063773.916,14063807.116,318.0,336.0,14063804.716,14063806.516,3,harn_anchored
user3|5|2,user3,5,2,1,Sitting down,34_Sit_down,Slowly,SLOW,HAU/user3/5-2-1,"/Users/toheeb.ogunade/Workspace/cuchx-large/hf_data_manual/LMT_(IMU,Radar,Skeleton)/Training/HAU/user3/5-2-1",5.0,359.0,14063492.416,14063527.816,74.0,78.0,14063499.316,14063499.716,3,harn_anchored
user3|5|2,user3,5,2,2,Sitting down,34_Sit_down,Anxiously,NERV,HAU/user3/5-2-2,"/Users/toheeb.ogunade/Workspace/cuchx-large/hf_data_manual/LMT_(IMU,Radar,Skeleton)/Training/HAU/user3/5-2-2",9.0,208.0,14063629.816,14063649.716,67.0,71.0,14063635.616,14063636.016,3,harn_anchored
user3|5|2,user3,5,2,3,Sitting down,34_Sit_down,Calmly,SLOW,HAU/user3/5-2-3,"/Users/toheeb.ogunade/Workspace/cuchx-large/hf_data_manual/LMT_(IMU,Radar,Skeleton)/Training/HAU/user3/5-2-3",10.0,342.0,14063773.916,14063807.116,76.0,82.0,14063780.516,14063781.116,3,harn_anchored
user3|5|2,user3,5,2,1,Walking,36_Walk,Slowly,SLOW,HAU/user3/5-2-1,"/Users/toheeb.ogunade/Workspace/cuchx-large/hf_data_manual/LMT_(IMU,Radar,Skeleton)/Training/HAU/user3/5-2-1",5.0,359.0,14063492.416,14063527.816,27.0,69.0,14063494.616,14063498.816,3,harn_anchored
user3|5|2,user3,5,2,2,Walking,36_Walk,Anxiously,NERV,HAU/user3/5-2-2,"/Users/toheeb.ogunade/Workspace/cuchx-large/hf_data_manual/LMT_(IMU,Radar,Skeleton)/Training/HAU/user3/5-2-2",9.0,208.0,14063629.816,14063649.716,42.0,64.0,14063633.116,14063635.316,3,harn_anchored
user3|5|2,user3,5,2,3,Walking,36_Walk,Calmly,SLOW,HAU/user3/5-2-3,"/Users/toheeb.ogunade/Workspace/cuchx-large/hf_data_manual/LMT_(IMU,Radar,Skeleton)/Training/HAU/user3/5-2-3",10.0,342.0,14063773.916,14063807.116,39.0,72.0,14063776.816,14063780.116,3,harn_anchored
user3|5|2,user3,5,2,1,Eating,7_Eat_food,Slowly,SLOW,HAU/user3/5-2-1,"/Users/toheeb.ogunade/Workspace/cuchx-large/hf_data_manual/LMT_(IMU,Radar,Skeleton)/Training/HAU/user3/5-2-1",5.0,359.0,14063492.416,14063527.816,225.0,243.0,14063514.416,14063516.216,3,harn_anchored
user3|5|2,user3,5,2,2,Eating,7_Eat_food,Anxiously,NERV,HAU/user3/5-2-2,"/Users/toheeb.ogunade/Workspace/cuchx-large/hf_data_manual/LMT_(IMU,Radar,Skeleton)/Training/HAU/user3/5-2-2",9.0,208.0,14063629.816,14063649.716,164.0,173.0,14063645.316,14063646.216,3,harn_anchored
user3|5|2,user3,5,2,3,Eating,7_Eat_food,Calmly,SLOW,HAU/user3/5-2-3,"/Users/toheeb.ogunade/Workspace/cuchx-large/hf_data_manual/LMT_(IMU,Radar,Skeleton)/Training/HAU/user3/5-2-3",10.0,342.0,14063773.916,14063807.116,246.0,264.0,14063797.516,14063799.316,3,harn_anchored
user3|5|2,user3,5,2,1,Grabbing utensils,8_Take_and_use_tableware,Slowly,SLOW,HAU/user3/5-2-1,"/Users/toheeb.ogunade/Workspace/cuchx-large/hf_data_manual/LMT_(IMU,Radar,Skeleton)/Training/HAU/user3/5-2-1",5.0,359.0,14063492.416,14063527.816,185.0,219.0,14063510.416,14063513.816,3,harn_anchored
user3|5|2,user3,5,2,2,Grabbing utensils,8_Take_and_use_tableware,Anxiously,NERV,HAU/user3/5-2-2,"/Users/toheeb.ogunade/Workspace/cuchx-large/hf_data_manual/LMT_(IMU,Radar,Skeleton)/Training/HAU/user3/5-2-2",9.0,208.0,14063629.816,14063649.716,141.0,160.0,14063643.016,14063644.916,3,harn_anchored
user3|5|2,user3,5,2,3,Grabbing utensils,8_Take_and_use_tableware,Calmly,SLOW,HAU/user3/5-2-3,"/Users/toheeb.ogunade/Workspace/cuchx-large/hf_data_manual/LMT_(IMU,Radar,Skeleton)/Training/HAU/user3/5-2-3",10.0,342.0,14063773.916,14063807.116,195.0,235.0,14063792.416,14063796.416,3,harn_anchored
user3|6|1,user3,6,1,1,Walking,36_Walk,Gently,SLOW,HAU/user3/6-1-1,"/Users/toheeb.ogunade/Workspace/cuchx-large/hf_data_manual/LMT_(IMU,Radar,Skeleton)/Training/HAU/user3/6-1-1",10.0,198.0,14143149.916,14143168.716,36.0,54.0,14143152.516,14143154.316,3,harn_anchored
user3|6|1,user3,6,1,2,Walking,36_Walk,Calmly,SLOW,HAU/user3/6-1-2,"/Users/toheeb.ogunade/Workspace/cuchx-large/hf_data_manual/LMT_(IMU,Radar,Skeleton)/Training/HAU/user3/6-1-2",14.0,206.0,14143256.316,14143275.516,44.0,63.0,14143259.316,14143261.216,3,harn_anchored
user3|6|1,user3,6,1,3,Walking,36_Walk,Quickly,FAST,HAU/user3/6-1-3,"/Users/toheeb.ogunade/Workspace/cuchx-large/hf_data_manual/LMT_(IMU,Radar,Skeleton)/Training/HAU/user3/6-1-3",9.0,107.0,14143364.816,14143374.616,36.0,48.0,14143367.516,14143368.716,3,harn_anchored
user3|6|1,user3,6,1,1,Eating,7_Eat_food,Gently,SLOW,HAU/user3/6-1-1,"/Users/toheeb.ogunade/Workspace/cuchx-large/hf_data_manual/LMT_(IMU,Radar,Skeleton)/Training/HAU/user3/6-1-1",10.0,198.0,14143149.916,14143168.716,178.0,184.0,14143166.716,14143167.316,3,harn_anchored
user3|6|1,user3,6,1,2,Eating,7_Eat_food,Calmly,SLOW,HAU/user3/6-1-2,"/Users/toheeb.ogunade/Workspace/cuchx-large/hf_data_manual/LMT_(IMU,Radar,Skeleton)/Training/HAU/user3/6-1-2",14.0,206.0,14143256.316,14143275.516,191.0,201.0,14143274.016,14143275.016,3,harn_anchored
user3|6|1,user3,6,1,3,Eating,7_Eat_food,Quickly,FAST,HAU/user3/6-1-3,"/Users/toheeb.ogunade/Workspace/cuchx-large/hf_data_manual/LMT_(IMU,Radar,Skeleton)/Training/HAU/user3/6-1-3",9.0,107.0,14143364.816,14143374.616,103.0,107.0,14143374.216,14143374.616,3,harn_anchored
user3|6|1,user3,6,1,1,Grabbing utensils,8_Take_and_use_tableware,Gently,SLOW,HAU/user3/6-1-1,"/Users/toheeb.ogunade/Workspace/cuchx-large/hf_data_manual/LMT_(IMU,Radar,Skeleton)/Training/HAU/user3/6-1-1",10.0,198.0,14143149.916,14143168.716,83.0,161.0,14143157.216,14143165.016,3,harn_anchored
user3|6|1,user3,6,1,2,Grabbing utensils,8_Take_and_use_tableware,Calmly,SLOW,HAU/user3/6-1-2,"/Users/toheeb.ogunade/Workspace/cuchx-large/hf_data_manual/LMT_(IMU,Radar,Skeleton)/Training/HAU/user3/6-1-2",14.0,206.0,14143256.316,14143275.516,89.0,174.0,14143263.816,14143272.316,3,harn_anchored
user3|6|1,user3,6,1,3,Grabbing utensils,8_Take_and_use_tableware,Quickly,FAST,HAU/user3/6-1-3,"/Users/toheeb.ogunade/Workspace/cuchx-large/hf_data_manual/LMT_(IMU,Radar,Skeleton)/Training/HAU/user3/6-1-3",9.0,107.0,14143364.816,14143374.616,57.0,98.0,14143369.616,14143373.716,3,harn_anchored
user3|7|1,user3,7,1,1,Stirring,10_Stir_drinks,Leisurely,SLOW,HAU/user3/7-1-1,"/Users/toheeb.ogunade/Workspace/cuchx-large/hf_data_manual/LMT_(IMU,Radar,Skeleton)/Training/HAU/user3/7-1-1",8.0,611.0,14064499.716,14064560.016,373.0,401.0,14064536.216,14064539.016,3,harn_anchored
user3|7|1,user3,7,1,2,Stirring,10_Stir_drinks,Steadily,NEUT,HAU/user3/7-1-2,"/Users/toheeb.ogunade/Workspace/cuchx-large/hf_data_manual/LMT_(IMU,Radar,Skeleton)/Training/HAU/user3/7-1-2",28.0,485.0,14064627.716,14064673.416,271.0,286.0,14064652.016,14064653.516,3,harn_anchored
user3|7|1,user3,7,1,3,Stirring,10_Stir_drinks,Briskly,FAST,HAU/user3/7-1-3,"/Users/toheeb.ogunade/Workspace/cuchx-large/hf_data_manual/LMT_(IMU,Radar,Skeleton)/Training/HAU/user3/7-1-3",16.0,302.0,14064795.516,14064824.116,139.0,149.0,14064807.816,14064808.816,3,harn_anchored
user3|7|1,user3,7,1,1,Stretching,31_Do_stretching_exercises,Leisurely,SLOW,HAU/user3/7-1-1,"/Users/toheeb.ogunade/Workspace/cuchx-large/hf_data_manual/LMT_(IMU,Radar,Skeleton)/Training/HAU/user3/7-1-1",8.0,611.0,14064499.716,14064560.016,550.0,588.0,14064553.916,14064557.716,3,harn_anchored
user3|7|1,user3,7,1,2,Stretching,31_Do_stretching_exercises,Steadily,NEUT,HAU/user3/7-1-2,"/Users/toheeb.ogunade/Workspace/cuchx-large/hf_data_manual/LMT_(IMU,Radar,Skeleton)/Training/HAU/user3/7-1-2",28.0,485.0,14064627.716,14064673.416,419.0,458.0,14064666.816,14064670.716,3,harn_anchored
user3|7|1,user3,7,1,3,Stretching,31_Do_stretching_exercises,Briskly,FAST,HAU/user3/7-1-3,"/Users/toheeb.ogunade/Workspace/cuchx-large/hf_data_manual/LMT_(IMU,Radar,Skeleton)/Training/HAU/user3/7-1-3",16.0,302.0,14064795.516,14064824.116,253.0,299.0,14064819.216,14064823.816,3,harn_anchored
user3|7|1,user3,7,1,1,Standing up,32_Stand_up,Leisurely,SLOW,HAU/user3/7-1-1,"/Users/toheeb.ogunade/Workspace/cuchx-large/hf_data_manual/LMT_(IMU,Radar,Skeleton)/Training/HAU/user3/7-1-1",8.0,611.0,14064499.716,14064560.016,500.0,509.0,14064548.916,14064549.816,3,harn_anchored
user3|7|1,user3,7,1,2,Standing up,32_Stand_up,Steadily,NEUT,HAU/user3/7-1-2,"/Users/toheeb.ogunade/Workspace/cuchx-large/hf_data_manual/LMT_(IMU,Radar,Skeleton)/Training/HAU/user3/7-1-2",28.0,485.0,14064627.716,14064673.416,382.0,387.0,14064663.116,14064663.616,3,harn_anchored
user3|7|1,user3,7,1,3,Standing up,32_Stand_up,Briskly,FAST,HAU/user3/7-1-3,"/Users/toheeb.ogunade/Workspace/cuchx-large/hf_data_manual/LMT_(IMU,Radar,Skeleton)/Training/HAU/user3/7-1-3",16.0,302.0,14064795.516,14064824.116,206.0,211.0,14064814.516,14064815.016,3,harn_anchored
user3|7|1,user3,7,1,1,Walking,36_Walk,Leisurely,SLOW,HAU/user3/7-1-1,"/Users/toheeb.ogunade/Workspace/cuchx-large/hf_data_manual/LMT_(IMU,Radar,Skeleton)/Training/HAU/user3/7-1-1",8.0,611.0,14064499.716,14064560.016,512.0,535.0,14064550.116,14064552.416,3,harn_anchored
user3|7|1,user3,7,1,2,Walking,36_Walk,Steadily,NEUT,HAU/user3/7-1-2,"/Users/toheeb.ogunade/Workspace/cuchx-large/hf_data_manual/LMT_(IMU,Radar,Skeleton)/Training/HAU/user3/7-1-2",28.0,485.0,14064627.716,14064673.416,387.0,414.0,14064663.616,14064666.316,3,harn_anchored
user3|7|1,user3,7,1,3,Walking,36_Walk,Briskly,FAST,HAU/user3/7-1-3,"/Users/toheeb.ogunade/Workspace/cuchx-large/hf_data_manual/LMT_(IMU,Radar,Skeleton)/Training/HAU/user3/7-1-3",16.0,302.0,14064795.516,14064824.116,210.0,228.0,14064814.916,14064816.716,3,harn_anchored
user3|7|1,user3,7,1,1,Taking medicine,37_Take_medicine,Leisurely,SLOW,HAU/user3/7-1-1,"/Users/toheeb.ogunade/Workspace/cuchx-large/hf_data_manual/LMT_(IMU,Radar,Skeleton)/Training/HAU/user3/7-1-1",8.0,611.0,14064499.716,14064560.016,220.0,229.0,14064520.916,14064521.816,3,harn_anchored
user3|7|1,user3,7,1,2,Taking medicine,37_Take_medicine,Steadily,NEUT,HAU/user3/7-1-2,"/Users/toheeb.ogunade/Workspace/cuchx-large/hf_data_manual/LMT_(IMU,Radar,Skeleton)/Training/HAU/user3/7-1-2",28.0,485.0,14064627.716,14064673.416,178.0,189.0,14064642.716,14064643.816,3,harn_anchored
user3|7|1,user3,7,1,3,Taking medicine,37_Take_medicine,Briskly,FAST,HAU/user3/7-1-3,"/Users/toheeb.ogunade/Workspace/cuchx-large/hf_data_manual/LMT_(IMU,Radar,Skeleton)/Training/HAU/user3/7-1-3",16.0,302.0,14064795.516,14064824.116,90.0,98.0,14064802.916,14064803.716,3,harn_anchored
user3|7|1,user3,7,1,1,Massaging oneself,38_Massage_oneself,Leisurely,SLOW,HAU/user3/7-1-1,"/Users/toheeb.ogunade/Workspace/cuchx-large/hf_data_manual/LMT_(IMU,Radar,Skeleton)/Training/HAU/user3/7-1-1",8.0,611.0,14064499.716,14064560.016,452.0,493.0,14064544.116,14064548.216,3,harn_anchored
user3|7|1,user3,7,1,2,Massaging oneself,38_Massage_oneself,Steadily,NEUT,HAU/user3/7-1-2,"/Users/toheeb.ogunade/Workspace/cuchx-large/hf_data_manual/LMT_(IMU,Radar,Skeleton)/Training/HAU/user3/7-1-2",28.0,485.0,14064627.716,14064673.416,334.0,362.0,14064658.316,14064661.116,3,harn_anchored
user3|7|1,user3,7,1,3,Massaging oneself,38_Massage_oneself,Briskly,FAST,HAU/user3/7-1-3,"/Users/toheeb.ogunade/Workspace/cuchx-large/hf_data_manual/LMT_(IMU,Radar,Skeleton)/Training/HAU/user3/7-1-3",16.0,302.0,14064795.516,14064824.116,178.0,202.0,14064811.716,14064814.116,3,harn_anchored
user3|7|1,user3,7,1,1,Eating,7_Eat_food,Leisurely,SLOW,HAU/user3/7-1-1,"/Users/toheeb.ogunade/Workspace/cuchx-large/hf_data_manual/LMT_(IMU,Radar,Skeleton)/Training/HAU/user3/7-1-1",8.0,611.0,14064499.716,14064560.016,67.0,80.0,14064505.616,14064506.916,3,harn_anchored
user3|7|1,user3,7,1,2,Eating,7_Eat_food,Steadily,NEUT,HAU/user3/7-1-2,"/Users/toheeb.ogunade/Workspace/cuchx-large/hf_data_manual/LMT_(IMU,Radar,Skeleton)/Training/HAU/user3/7-1-2",28.0,485.0,14064627.716,14064673.416,77.0,92.0,14064632.616,14064634.116,3,harn_anchored
user3|7|1,user3,7,1,3,Eating,7_Eat_food,Briskly,FAST,HAU/user3/7-1-3,"/Users/toheeb.ogunade/Workspace/cuchx-large/hf_data_manual/LMT_(IMU,Radar,Skeleton)/Training/HAU/user3/7-1-3",16.0,302.0,14064795.516,14064824.116,50.0,55.0,14064798.916,14064799.416,3,harn_anchored
user3|7|1,user3,7,1,1,Pouring,9_Pour_drinks,Leisurely,SLOW,HAU/user3/7-1-1,"/Users/toheeb.ogunade/Workspace/cuchx-large/hf_data_manual/LMT_(IMU,Radar,Skeleton)/Training/HAU/user3/7-1-1",8.0,611.0,14064499.716,14064560.016,287.0,326.0,14064527.616,14064531.516,3,harn_anchored
user3|7|1,user3,7,1,2,Pouring,9_Pour_drinks,Steadily,NEUT,HAU/user3/7-1-2,"/Users/toheeb.ogunade/Workspace/cuchx-large/hf_data_manual/LMT_(IMU,Radar,Skeleton)/Training/HAU/user3/7-1-2",28.0,485.0,14064627.716,14064673.416,219.0,248.0,14064646.816,14064649.716,3,harn_anchored
user3|7|1,user3,7,1,3,Pouring,9_Pour_drinks,Briskly,FAST,HAU/user3/7-1-3,"/Users/toheeb.ogunade/Workspace/cuchx-large/hf_data_manual/LMT_(IMU,Radar,Skeleton)/Training/HAU/user3/7-1-3",16.0,302.0,14064795.516,14064824.116,110.0,126.0,14064804.916,14064806.516,3,harn_anchored
user4|1|1,user4,1,1,1,Washing face,0_Wash_face,Slowly,SLOW,HAU/user4/1-1-1,"/Users/toheeb.ogunade/Workspace/cuchx-large/hf_data_manual/LMT_(IMU,Radar,Skeleton)/Training/HAU/user4/1-1-1",11.0,180.0,14125395.016,14125411.916,92.0,133.0,14125403.116,14125407.216,3,harn_anchored
user4|1|1,user4,1,1,2,Washing face,0_Wash_face,Steadily,NEUT,HAU/user4/1-1-2,"/Users/toheeb.ogunade/Workspace/cuchx-large/hf_data_manual/LMT_(IMU,Radar,Skeleton)/Training/HAU/user4/1-1-2",14.0,195.0,14125517.316,14125535.416,92.0,154.0,14125525.116,14125531.316,3,harn_anchored
user4|1|1,user4,1,1,3,Washing face,0_Wash_face,Rapidly,FAST,HAU/user4/1-1-3,"/Users/toheeb.ogunade/Workspace/cuchx-large/hf_data_manual/LMT_(IMU,Radar,Skeleton)/Training/HAU/user4/1-1-3",9.0,117.0,14125656.816,14125667.616,54.0,84.0,14125661.316,14125664.316,3,harn_anchored
user4|1|1,user4,1,1,1,Wiping hands,4_Wipe_hands,Slowly,SLOW,HAU/user4/1-1-1,"/Users/toheeb.ogunade/Workspace/cuchx-large/hf_data_manual/LMT_(IMU,Radar,Skeleton)/Training/HAU/user4/1-1-1",11.0,180.0,14125395.016,14125411.916,158.0,180.0,14125409.716,14125411.916,3,harn_anchored
user4|1|1,user4,1,1,2,Wiping hands,4_Wipe_hands,Steadily,NEUT,HAU/user4/1-1-2,"/Users/toheeb.ogunade/Workspace/cuchx-large/hf_data_manual/LMT_(IMU,Radar,Skeleton)/Training/HAU/user4/1-1-2",14.0,195.0,14125517.316,14125535.416,174.0,195.0,14125533.316,14125535.416,3,harn_anchored
user4|1|1,user4,1,1,3,Wiping hands,4_Wipe_hands,Rapidly,FAST,HAU/user4/1-1-3,"/Users/toheeb.ogunade/Workspace/cuchx-large/hf_data_manual/LMT_(IMU,Radar,Skeleton)/Training/HAU/user4/1-1-3",9.0,117.0,14125656.816,14125667.616,99.0,117.0,14125665.816,14125667.616,3,harn_anchored
user4|1|2,user4,1,2,1,Stirring,10_Stir_drinks,Patiently,SLOW,HAU/user4/1-2-1,"/Users/toheeb.ogunade/Workspace/cuchx-large/hf_data_manual/LMT_(IMU,Radar,Skeleton)/Training/HAU/user4/1-2-1",21.0,432.0,14137543.016,14137584.116,177.0,209.0,14137558.616,14137561.816,3,harn_anchored
user4|1|2,user4,1,2,2,Stirring,10_Stir_drinks,Calmly,SLOW,HAU/user4/1-2-2,"/Users/toheeb.ogunade/Workspace/cuchx-large/hf_data_manual/LMT_(IMU,Radar,Skeleton)/Training/HAU/user4/1-2-2",13.0,406.0,14138243.216,14138282.516,174.0,211.0,14138259.316,14138263.016,3,harn_anchored
user4|1|2,user4,1,2,3,Stirring,10_Stir_drinks,Frantically,FAST,HAU/user4/1-2-3,"/Users/toheeb.ogunade/Workspace/cuchx-large/hf_data_manual/LMT_(IMU,Radar,Skeleton)/Training/HAU/user4/1-2-3",10.0,263.0,14138370.916,14138396.216,130.0,155.0,14138382.916,14138385.416,3,harn_anchored
user4|1|2,user4,1,2,1,Peeling fruit,11_Peel_fruits,Patiently,SLOW,HAU/user4/1-2-1,"/Users/toheeb.ogunade/Workspace/cuchx-large/hf_data_manual/LMT_(IMU,Radar,Skeleton)/Training/HAU/user4/1-2-1",21.0,432.0,14137543.016,14137584.116,224.0,302.0,14137563.316,14137571.116,3,harn_anchored
user4|1|2,user4,1,2,2,Peeling fruit,11_Peel_fruits,Calmly,SLOW,HAU/user4/1-2-2,"/Users/toheeb.ogunade/Workspace/cuchx-large/hf_data_manual/LMT_(IMU,Radar,Skeleton)/Training/HAU/user4/1-2-2",13.0,406.0,14138243.216,14138282.516,242.0,299.0,14138266.116,14138271.816,3,harn_anchored
user4|1|2,user4,1,2,3,Peeling fruit,11_Peel_fruits,Frantically,FAST,HAU/user4/1-2-3,"/Users/toheeb.ogunade/Workspace/cuchx-large/hf_data_manual/LMT_(IMU,Radar,Skeleton)/Training/HAU/user4/1-2-3",10.0,263.0,14138370.916,14138396.216,167.0,188.0,14138386.616,14138388.716,3,harn_anchored
user4|1|2,user4,1,2,1,Walking,36_Walk,Patiently,SLOW,HAU/user4/1-2-1,"/Users/toheeb.ogunade/Workspace/cuchx-large/hf_data_manual/LMT_(IMU,Radar,Skeleton)/Training/HAU/user4/1-2-1",21.0,432.0,14137543.016,14137584.116,57.0,84.0,14137546.616,14137549.316,3,harn_anchored
user4|1|2,user4,1,2,2,Walking,36_Walk,Calmly,SLOW,HAU/user4/1-2-2,"/Users/toheeb.ogunade/Workspace/cuchx-large/hf_data_manual/LMT_(IMU,Radar,Skeleton)/Training/HAU/user4/1-2-2",13.0,406.0,14138243.216,14138282.516,42.0,63.0,14138246.116,14138248.216,3,harn_anchored
user4|1|2,user4,1,2,3,Walking,36_Walk,Frantically,FAST,HAU/user4/1-2-3,"/Users/toheeb.ogunade/Workspace/cuchx-large/hf_data_manual/LMT_(IMU,Radar,Skeleton)/Training/HAU/user4/1-2-3",10.0,263.0,14138370.916,14138396.216,35.0,50.0,14138373.416,14138374.916,3,harn_anchored
user4|1|2,user4,1,2,1,Grabbing utensils,8_Take_and_use_tableware,Patiently,SLOW,HAU/user4/1-2-1,"/Users/toheeb.ogunade/Workspace/cuchx-large/hf_data_manual/LMT_(IMU,Radar,Skeleton)/Training/HAU/user4/1-2-1",21.0,432.0,14137543.016,14137584.116,370.0,431.0,14137577.916,14137584.016,2,harn_anchored
user4|1|2,user4,1,2,2,Grabbing utensils,8_Take_and_use_tableware,Calmly,SLOW,HAU/user4/1-2-2,"/Users/toheeb.ogunade/Workspace/cuchx-large/hf_data_manual/LMT_(IMU,Radar,Skeleton)/Training/HAU/user4/1-2-2",13.0,406.0,14138243.216,14138282.516,359.0,404.0,14138277.816,14138282.316,2,harn_anchored
user4|1|2,user4,1,2,1,Pouring,9_Pour_drinks,Patiently,SLOW,HAU/user4/1-2-1,"/Users/toheeb.ogunade/Workspace/cuchx-large/hf_data_manual/LMT_(IMU,Radar,Skeleton)/Training/HAU/user4/1-2-1",21.0,432.0,14137543.016,14137584.116,94.0,162.0,14137550.316,14137557.116,3,harn_anchored
user4|1|2,user4,1,2,2,Pouring,9_Pour_drinks,Calmly,SLOW,HAU/user4/1-2-2,"/Users/toheeb.ogunade/Workspace/cuchx-large/hf_data_manual/LMT_(IMU,Radar,Skeleton)/Training/HAU/user4/1-2-2",13.0,406.0,14138243.216,14138282.516,87.0,145.0,14138250.616,14138256.416,3,harn_anchored
user4|1|2,user4,1,2,3,Pouring,9_Pour_drinks,Frantically,FAST,HAU/user4/1-2-3,"/Users/toheeb.ogunade/Workspace/cuchx-large/hf_data_manual/LMT_(IMU,Radar,Skeleton)/Training/HAU/user4/1-2-3",10.0,263.0,14138370.916,14138396.216,59.0,109.0,14138375.816,14138380.816,3,harn_anchored
user4|1|2,user4,1,2,2,Eating,7_Eat_food,Calmly,SLOW,HAU/user4/1-2-2,"/Users/toheeb.ogunade/Workspace/cuchx-large/hf_data_manual/LMT_(IMU,Radar,Skeleton)/Training/HAU/user4/1-2-2",13.0,406.0,14138243.216,14138282.516,372.0,405.0,14138279.116,14138282.416,2,harn_anchored
user4|1|2,user4,1,2,3,Eating,7_Eat_food,Frantically,FAST,HAU/user4/1-2-3,"/Users/toheeb.ogunade/Workspace/cuchx-large/hf_data_manual/LMT_(IMU,Radar,Skeleton)/Training/HAU/user4/1-2-3",10.0,263.0,14138370.916,14138396.216,236.0,262.0,14138393.516,14138396.116,2,harn_anchored
user4|2|1,user4,2,1,1,Peeling fruit,11_Peel_fruits,Carefully,CARE,HAU/user4/2-1-1,"/Users/toheeb.ogunade/Workspace/cuchx-large/hf_data_manual/LMT_(IMU,Radar,Skeleton)/Training/HAU/user4/2-1-1",15.0,410.0,14065372.416,14065411.916,98.0,138.0,14065380.716,14065384.716,3,harn_anchored
user4|2|1,user4,2,1,2,Peeling fruit,11_Peel_fruits,Calmly,SLOW,HAU/user4/2-1-2,"/Users/toheeb.ogunade/Workspace/cuchx-large/hf_data_manual/LMT_(IMU,Radar,Skeleton)/Training/HAU/user4/2-1-2",20.0,311.0,14065524.916,14065554.016,83.0,100.0,14065531.216,14065532.916,3,harn_anchored
user4|2|1,user4,2,1,3,Peeling fruit,11_Peel_fruits,Hastily,FAST,HAU/user4/2-1-3,"/Users/toheeb.ogunade/Workspace/cuchx-large/hf_data_manual/LMT_(IMU,Radar,Skeleton)/Training/HAU/user4/2-1-3",18.0,239.0,14065599.716,14065621.816,45.0,73.0,14065602.416,14065605.216,3,harn_anchored
user4|2|1,user4,2,1,1,Standing up,32_Stand_up,Carefully,CARE,HAU/user4/2-1-1,"/Users/toheeb.ogunade/Workspace/cuchx-large/hf_data_manual/LMT_(IMU,Radar,Skeleton)/Training/HAU/user4/2-1-1",15.0,410.0,14065372.416,14065411.916,315.0,324.0,14065402.416,14065403.316,3,harn_anchored
user4|2|1,user4,2,1,2,Standing up,32_Stand_up,Calmly,SLOW,HAU/user4/2-1-2,"/Users/toheeb.ogunade/Workspace/cuchx-large/hf_data_manual/LMT_(IMU,Radar,Skeleton)/Training/HAU/user4/2-1-2",20.0,311.0,14065524.916,14065554.016,235.0,242.0,14065546.416,14065547.116,3,harn_anchored
user4|2|1,user4,2,1,3,Standing up,32_Stand_up,Hastily,FAST,HAU/user4/2-1-3,"/Users/toheeb.ogunade/Workspace/cuchx-large/hf_data_manual/LMT_(IMU,Radar,Skeleton)/Training/HAU/user4/2-1-3",18.0,239.0,14065599.716,14065621.816,156.0,162.0,14065613.516,14065614.116,3,harn_anchored
user4|2|1,user4,2,1,1,Drinking,6_Drink_water,Carefully,CARE,HAU/user4/2-1-1,"/Users/toheeb.ogunade/Workspace/cuchx-large/hf_data_manual/LMT_(IMU,Radar,Skeleton)/Training/HAU/user4/2-1-1",15.0,410.0,14065372.416,14065411.916,248.0,284.0,14065395.716,14065399.316,3,harn_anchored
user4|2|1,user4,2,1,2,Drinking,6_Drink_water,Calmly,SLOW,HAU/user4/2-1-2,"/Users/toheeb.ogunade/Workspace/cuchx-large/hf_data_manual/LMT_(IMU,Radar,Skeleton)/Training/HAU/user4/2-1-2",20.0,311.0,14065524.916,14065554.016,161.0,194.0,14065539.016,14065542.316,3,harn_anchored
user4|2|1,user4,2,1,3,Drinking,6_Drink_water,Hastily,FAST,HAU/user4/2-1-3,"/Users/toheeb.ogunade/Workspace/cuchx-large/hf_data_manual/LMT_(IMU,Radar,Skeleton)/Training/HAU/user4/2-1-3",18.0,239.0,14065599.716,14065621.816,126.0,143.0,14065610.516,14065612.216,3,harn_anchored
user4|2|1,user4,2,1,1,Eating,7_Eat_food,Carefully,CARE,HAU/user4/2-1-1,"/Users/toheeb.ogunade/Workspace/cuchx-large/hf_data_manual/LMT_(IMU,Radar,Skeleton)/Training/HAU/user4/2-1-1",15.0,410.0,14065372.416,14065411.916,147.0,218.0,14065385.616,14065392.716,3,harn_anchored
user4|2|1,user4,2,1,2,Eating,7_Eat_food,Calmly,SLOW,HAU/user4/2-1-2,"/Users/toheeb.ogunade/Workspace/cuchx-large/hf_data_manual/LMT_(IMU,Radar,Skeleton)/Training/HAU/user4/2-1-2",20.0,311.0,14065524.916,14065554.016,102.0,123.0,14065533.116,14065535.216,3,harn_anchored
user4|2|1,user4,2,1,3,Eating,7_Eat_food,Hastily,FAST,HAU/user4/2-1-3,"/Users/toheeb.ogunade/Workspace/cuchx-large/hf_data_manual/LMT_(IMU,Radar,Skeleton)/Training/HAU/user4/2-1-3",18.0,239.0,14065599.716,14065621.816,74.0,97.0,14065605.316,14065607.616,3,harn_anchored
user4|2|1,user4,2,1,1,Grabbing utensils,8_Take_and_use_tableware,Carefully,CARE,HAU/user4/2-1-1,"/Users/toheeb.ogunade/Workspace/cuchx-large/hf_data_manual/LMT_(IMU,Radar,Skeleton)/Training/HAU/user4/2-1-1",15.0,410.0,14065372.416,14065411.916,340.0,358.0,14065404.916,14065406.716,3,harn_anchored
user4|2|1,user4,2,1,2,Grabbing utensils,8_Take_and_use_tableware,Calmly,SLOW,HAU/user4/2-1-2,"/Users/toheeb.ogunade/Workspace/cuchx-large/hf_data_manual/LMT_(IMU,Radar,Skeleton)/Training/HAU/user4/2-1-2",20.0,311.0,14065524.916,14065554.016,233.0,242.0,14065546.216,14065547.116,3,harn_anchored
user4|2|1,user4,2,1,3,Grabbing utensils,8_Take_and_use_tableware,Hastily,FAST,HAU/user4/2-1-3,"/Users/toheeb.ogunade/Workspace/cuchx-large/hf_data_manual/LMT_(IMU,Radar,Skeleton)/Training/HAU/user4/2-1-3",18.0,239.0,14065599.716,14065621.816,154.0,162.0,14065613.316,14065614.116,3,harn_anchored
user4|2|2,user4,2,2,1,Sweeping,12_Sweep_the_floor,Slowly,SLOW,HAU/user4/2-2-1,"/Users/toheeb.ogunade/Workspace/cuchx-large/hf_data_manual/LMT_(IMU,Radar,Skeleton)/Training/HAU/user4/2-2-1",15.0,274.0,14138950.416,14138976.316,98.0,190.0,14138958.716,14138967.916,3,harn_anchored
user4|2|2,user4,2,2,2,Sweeping,12_Sweep_the_floor,Diligently,CARE,HAU/user4/2-2-2,"/Users/toheeb.ogunade/Workspace/cuchx-large/hf_data_manual/LMT_(IMU,Radar,Skeleton)/Training/HAU/user4/2-2-2",15.0,321.0,14139080.416,14139111.016,111.0,180.0,14139090.016,14139096.916,3,harn_anchored
user4|2|2,user4,2,2,3,Sweeping,12_Sweep_the_floor,Rapidly,FAST,HAU/user4/2-2-3,"/Users/toheeb.ogunade/Workspace/cuchx-large/hf_data_manual/LMT_(IMU,Radar,Skeleton)/Training/HAU/user4/2-2-3",29.0,201.0,14139339.816,14139357.016,102.0,158.0,14139347.116,14139352.716,3,harn_anchored
user4|2|2,user4,2,2,1,Mopping,13_Mop_the_floor,Slowly,SLOW,HAU/user4/2-2-1,"/Users/toheeb.ogunade/Workspace/cuchx-large/hf_data_manual/LMT_(IMU,Radar,Skeleton)/Training/HAU/user4/2-2-1",15.0,274.0,14138950.416,14138976.316,230.0,273.0,14138971.916,14138976.216,3,harn_anchored
user4|2|2,user4,2,2,2,Mopping,13_Mop_the_floor,Diligently,CARE,HAU/user4/2-2-2,"/Users/toheeb.ogunade/Workspace/cuchx-large/hf_data_manual/LMT_(IMU,Radar,Skeleton)/Training/HAU/user4/2-2-2",15.0,321.0,14139080.416,14139111.016,217.0,320.0,14139100.616,14139110.916,3,harn_anchored
user4|2|2,user4,2,2,3,Mopping,13_Mop_the_floor,Rapidly,FAST,HAU/user4/2-2-3,"/Users/toheeb.ogunade/Workspace/cuchx-large/hf_data_manual/LMT_(IMU,Radar,Skeleton)/Training/HAU/user4/2-2-3",29.0,201.0,14139339.816,14139357.016,182.0,201.0,14139355.116,14139357.016,3,harn_anchored
user4|2|2,user4,2,2,1,Walking,36_Walk,Slowly,SLOW,HAU/user4/2-2-1,"/Users/toheeb.ogunade/Workspace/cuchx-large/hf_data_manual/LMT_(IMU,Radar,Skeleton)/Training/HAU/user4/2-2-1",15.0,274.0,14138950.416,14138976.316,39.0,66.0,14138952.816,14138955.516,3,harn_anchored
user4|2|2,user4,2,2,2,Walking,36_Walk,Diligently,CARE,HAU/user4/2-2-2,"/Users/toheeb.ogunade/Workspace/cuchx-large/hf_data_manual/LMT_(IMU,Radar,Skeleton)/Training/HAU/user4/2-2-2",15.0,321.0,14139080.416,14139111.016,45.0,72.0,14139083.416,14139086.116,3,harn_anchored
user4|2|2,user4,2,2,3,Walking,36_Walk,Rapidly,FAST,HAU/user4/2-2-3,"/Users/toheeb.ogunade/Workspace/cuchx-large/hf_data_manual/LMT_(IMU,Radar,Skeleton)/Training/HAU/user4/2-2-3",29.0,201.0,14139339.816,14139357.016,54.0,79.0,14139342.316,14139344.816,3,harn_anchored
user4|3|2,user4,3,2,1,Using a phone,24_Use_a_mobile_phone,Leisurely,SLOW,HAU/user4/3-2-1,"/Users/toheeb.ogunade/Workspace/cuchx-large/hf_data_manual/LMT_(IMU,Radar,Skeleton)/Training/HAU/user4/3-2-1",19.0,303.0,14065832.816,14065861.216,46.0,99.0,14065835.516,14065840.816,3,harn_anchored
user4|3|2,user4,3,2,2,Using a phone,24_Use_a_mobile_phone,Steadily,NEUT,HAU/user4/3-2-2,"/Users/toheeb.ogunade/Workspace/cuchx-large/hf_data_manual/LMT_(IMU,Radar,Skeleton)/Training/HAU/user4/3-2-2",19.0,321.0,14065966.816,14065997.016,42.0,93.0,14065969.116,14065974.216,3,harn_anchored
user4|3|2,user4,3,2,3,Using a phone,24_Use_a_mobile_phone,Urgently,FAST,HAU/user4/3-2-3,"/Users/toheeb.ogunade/Workspace/cuchx-large/hf_data_manual/LMT_(IMU,Radar,Skeleton)/Training/HAU/user4/3-2-3",27.0,228.0,14066076.616,14066096.716,29.0,83.0,14066076.816,14066082.216,3,harn_anchored
user4|3|2,user4,3,2,1,Taking a selfie,27_Take_a_selfie,Leisurely,SLOW,HAU/user4/3-2-1,"/Users/toheeb.ogunade/Workspace/cuchx-large/hf_data_manual/LMT_(IMU,Radar,Skeleton)/Training/HAU/user4/3-2-1",19.0,303.0,14065832.816,14065861.216,103.0,130.0,14065841.216,14065843.916,3,harn_anchored
user4|3|2,user4,3,2,2,Taking a selfie,27_Take_a_selfie,Steadily,NEUT,HAU/user4/3-2-2,"/Users/toheeb.ogunade/Workspace/cuchx-large/hf_data_manual/LMT_(IMU,Radar,Skeleton)/Training/HAU/user4/3-2-2",19.0,321.0,14065966.816,14065997.016,103.0,128.0,14065975.216,14065977.716,3,harn_anchored
user4|3|2,user4,3,2,3,Taking a selfie,27_Take_a_selfie,Urgently,FAST,HAU/user4/3-2-3,"/Users/toheeb.ogunade/Workspace/cuchx-large/hf_data_manual/LMT_(IMU,Radar,Skeleton)/Training/HAU/user4/3-2-3",27.0,228.0,14066076.616,14066096.716,89.0,104.0,14066082.816,14066084.316,3,harn_anchored
user4|3|2,user4,3,2,1,Running,28_Jog_in_place,Leisurely,SLOW,HAU/user4/3-2-1,"/Users/toheeb.ogunade/Workspace/cuchx-large/hf_data_manual/LMT_(IMU,Radar,Skeleton)/Training/HAU/user4/3-2-1",19.0,303.0,14065832.816,14065861.216,179.0,224.0,14065848.816,14065853.316,3,harn_anchored
user4|3|2,user4,3,2,2,Running,28_Jog_in_place,Steadily,NEUT,HAU/user4/3-2-2,"/Users/toheeb.ogunade/Workspace/cuchx-large/hf_data_manual/LMT_(IMU,Radar,Skeleton)/Training/HAU/user4/3-2-2",19.0,321.0,14065966.816,14065997.016,181.0,219.0,14065983.016,14065986.816,3,harn_anchored
user4|3|2,user4,3,2,3,Running,28_Jog_in_place,Urgently,FAST,HAU/user4/3-2-3,"/Users/toheeb.ogunade/Workspace/cuchx-large/hf_data_manual/LMT_(IMU,Radar,Skeleton)/Training/HAU/user4/3-2-3",27.0,228.0,14066076.616,14066096.716,131.0,161.0,14066087.016,14066090.016,3,harn_anchored
user4|3|2,user4,3,2,1,Jumping jacks,30_Do_jumping_jacks,Leisurely,SLOW,HAU/user4/3-2-1,"/Users/toheeb.ogunade/Workspace/cuchx-large/hf_data_manual/LMT_(IMU,Radar,Skeleton)/Training/HAU/user4/3-2-1",19.0,303.0,14065832.816,14065861.216,231.0,262.0,14065854.016,14065857.116,3,harn_anchored
user4|3|2,user4,3,2,2,Jumping jacks,30_Do_jumping_jacks,Steadily,NEUT,HAU/user4/3-2-2,"/Users/toheeb.ogunade/Workspace/cuchx-large/hf_data_manual/LMT_(IMU,Radar,Skeleton)/Training/HAU/user4/3-2-2",19.0,321.0,14065966.816,14065997.016,225.0,235.0,14065987.416,14065988.416,3,harn_anchored
user4|3|2,user4,3,2,3,Jumping jacks,30_Do_jumping_jacks,Urgently,FAST,HAU/user4/3-2-3,"/Users/toheeb.ogunade/Workspace/cuchx-large/hf_data_manual/LMT_(IMU,Radar,Skeleton)/Training/HAU/user4/3-2-3",27.0,228.0,14066076.616,14066096.716,165.0,193.0,14066090.416,14066093.216,3,harn_anchored
user4|3|2,user4,3,2,1,Stretching,31_Do_stretching_exercises,Leisurely,SLOW,HAU/user4/3-2-1,"/Users/toheeb.ogunade/Workspace/cuchx-large/hf_data_manual/LMT_(IMU,Radar,Skeleton)/Training/HAU/user4/3-2-1",19.0,303.0,14065832.816,14065861.216,250.0,300.0,14065855.916,14065860.916,3,harn_anchored
user4|3|2,user4,3,2,2,Stretching,31_Do_stretching_exercises,Steadily,NEUT,HAU/user4/3-2-2,"/Users/toheeb.ogunade/Workspace/cuchx-large/hf_data_manual/LMT_(IMU,Radar,Skeleton)/Training/HAU/user4/3-2-2",19.0,321.0,14065966.816,14065997.016,300.0,310.0,14065994.916,14065995.916,3,harn_anchored
user4|3|2,user4,3,2,3,Stretching,31_Do_stretching_exercises,Urgently,FAST,HAU/user4/3-2-3,"/Users/toheeb.ogunade/Workspace/cuchx-large/hf_data_manual/LMT_(IMU,Radar,Skeleton)/Training/HAU/user4/3-2-3",27.0,228.0,14066076.616,14066096.716,197.0,228.0,14066093.616,14066096.716,3,harn_anchored
user4|3|2,user4,3,2,1,Standing up,32_Stand_up,Leisurely,SLOW,HAU/user4/3-2-1,"/Users/toheeb.ogunade/Workspace/cuchx-large/hf_data_manual/LMT_(IMU,Radar,Skeleton)/Training/HAU/user4/3-2-1",19.0,303.0,14065832.816,14065861.216,158.0,171.0,14065846.716,14065848.016,3,harn_anchored
user4|3|2,user4,3,2,2,Standing up,32_Stand_up,Steadily,NEUT,HAU/user4/3-2-2,"/Users/toheeb.ogunade/Workspace/cuchx-large/hf_data_manual/LMT_(IMU,Radar,Skeleton)/Training/HAU/user4/3-2-2",19.0,321.0,14065966.816,14065997.016,164.0,175.0,14065981.316,14065982.416,3,harn_anchored
user4|3|2,user4,3,2,3,Standing up,32_Stand_up,Urgently,FAST,HAU/user4/3-2-3,"/Users/toheeb.ogunade/Workspace/cuchx-large/hf_data_manual/LMT_(IMU,Radar,Skeleton)/Training/HAU/user4/3-2-3",27.0,228.0,14066076.616,14066096.716,115.0,137.0,14066085.416,14066087.616,3,harn_anchored
user4|4|1,user4,4,1,1,Typing on a keyboard,17_Tap_the_keyboard,Gently,SLOW,HAU/user4/4-1-1,"/Users/toheeb.ogunade/Workspace/cuchx-large/hf_data_manual/LMT_(IMU,Radar,Skeleton)/Training/HAU/user4/4-1-1",18.0,285.0,14066206.716,14066233.416,47.0,96.0,14066209.616,14066214.516,3,harn_anchored
user4|4|1,user4,4,1,2,Typing on a keyboard,17_Tap_the_keyboard,Attentively,CARE,HAU/user4/4-1-2,"/Users/toheeb.ogunade/Workspace/cuchx-large/hf_data_manual/LMT_(IMU,Radar,Skeleton)/Training/HAU/user4/4-1-2",20.0,274.0,14066289.916,14066315.316,53.0,81.0,14066293.216,14066296.016,3,harn_anchored
user4|4|1,user4,4,1,3,Typing on a keyboard,17_Tap_the_keyboard,Anxiously,NERV,HAU/user4/4-1-3,"/Users/toheeb.ogunade/Workspace/cuchx-large/hf_data_manual/LMT_(IMU,Radar,Skeleton)/Training/HAU/user4/4-1-3",22.0,204.0,14066375.116,14066393.316,31.0,73.0,14066376.016,14066380.216,3,harn_anchored
user4|4|1,user4,4,1,1,Writing,18_Write,Gently,SLOW,HAU/user4/4-1-1,"/Users/toheeb.ogunade/Workspace/cuchx-large/hf_data_manual/LMT_(IMU,Radar,Skeleton)/Training/HAU/user4/4-1-1",18.0,285.0,14066206.716,14066233.416,111.0,141.0,14066216.016,14066219.016,3,harn_anchored
user4|4|1,user4,4,1,2,Writing,18_Write,Attentively,CARE,HAU/user4/4-1-2,"/Users/toheeb.ogunade/Workspace/cuchx-large/hf_data_manual/LMT_(IMU,Radar,Skeleton)/Training/HAU/user4/4-1-2",20.0,274.0,14066289.916,14066315.316,98.0,141.0,14066297.716,14066302.016,3,harn_anchored
user4|4|1,user4,4,1,3,Writing,18_Write,Anxiously,NERV,HAU/user4/4-1-3,"/Users/toheeb.ogunade/Workspace/cuchx-large/hf_data_manual/LMT_(IMU,Radar,Skeleton)/Training/HAU/user4/4-1-3",22.0,204.0,14066375.116,14066393.316,82.0,101.0,14066381.116,14066383.016,3,harn_anchored
user4|4|1,user4,4,1,1,Reading,21_Read_documents,Gently,SLOW,HAU/user4/4-1-1,"/Users/toheeb.ogunade/Workspace/cuchx-large/hf_data_manual/LMT_(IMU,Radar,Skeleton)/Training/HAU/user4/4-1-1",18.0,285.0,14066206.716,14066233.416,240.0,248.0,14066228.916,14066229.716,3,harn_anchored
user4|4|1,user4,4,1,2,Reading,21_Read_documents,Attentively,CARE,HAU/user4/4-1-2,"/Users/toheeb.ogunade/Workspace/cuchx-large/hf_data_manual/LMT_(IMU,Radar,Skeleton)/Training/HAU/user4/4-1-2",20.0,274.0,14066289.916,14066315.316,229.0,240.0,14066310.816,14066311.916,3,harn_anchored
user4|4|1,user4,4,1,3,Reading,21_Read_documents,Anxiously,NERV,HAU/user4/4-1-3,"/Users/toheeb.ogunade/Workspace/cuchx-large/hf_data_manual/LMT_(IMU,Radar,Skeleton)/Training/HAU/user4/4-1-3",22.0,204.0,14066375.116,14066393.316,159.0,164.0,14066388.816,14066389.316,3,harn_anchored
user4|4|1,user4,4,1,1,Turning a page,22_Turn_pages,Gently,SLOW,HAU/user4/4-1-1,"/Users/toheeb.ogunade/Workspace/cuchx-large/hf_data_manual/LMT_(IMU,Radar,Skeleton)/Training/HAU/user4/4-1-1",18.0,285.0,14066206.716,14066233.416,249.0,284.0,14066229.816,14066233.316,3,harn_anchored
user4|4|1,user4,4,1,2,Turning a page,22_Turn_pages,Attentively,CARE,HAU/user4/4-1-2,"/Users/toheeb.ogunade/Workspace/cuchx-large/hf_data_manual/LMT_(IMU,Radar,Skeleton)/Training/HAU/user4/4-1-2",20.0,274.0,14066289.916,14066315.316,240.0,273.0,14066311.916,14066315.216,3,harn_anchored
user4|4|1,user4,4,1,3,Turning a page,22_Turn_pages,Anxiously,NERV,HAU/user4/4-1-3,"/Users/toheeb.ogunade/Workspace/cuchx-large/hf_data_manual/LMT_(IMU,Radar,Skeleton)/Training/HAU/user4/4-1-3",22.0,204.0,14066375.116,14066393.316,164.0,204.0,14066389.316,14066393.316,3,harn_anchored
user4|4|2,user4,4,2,1,Washing dishes,14_Wipe_bowls,Gently,SLOW,HAU/user4/4-2-1,"/Users/toheeb.ogunade/Workspace/cuchx-large/hf_data_manual/LMT_(IMU,Radar,Skeleton)/Training/HAU/user4/4-2-1",19.0,321.0,14139547.816,14139578.016,142.0,191.0,14139560.116,14139565.016,3,harn_anchored
user4|4|2,user4,4,2,2,Washing dishes,14_Wipe_bowls,Steadily,NEUT,HAU/user4/4-2-2,"/Users/toheeb.ogunade/Workspace/cuchx-large/hf_data_manual/LMT_(IMU,Radar,Skeleton)/Training/HAU/user4/4-2-2",19.0,262.0,14139764.816,14139789.116,111.0,178.0,14139774.016,14139780.716,3,harn_anchored
user4|4|2,user4,4,2,3,Washing dishes,14_Wipe_bowls,Hurriedly,FAST,HAU/user4/4-2-3,"/Users/toheeb.ogunade/Workspace/cuchx-large/hf_data_manual/LMT_(IMU,Radar,Skeleton)/Training/HAU/user4/4-2-3",8.0,163.0,14139898.716,14139914.216,75.0,105.0,14139905.416,14139908.416,3,harn_anchored
user4|4|2,user4,4,2,1,Walking,36_Walk,Gently,SLOW,HAU/user4/4-2-1,"/Users/toheeb.ogunade/Workspace/cuchx-large/hf_data_manual/LMT_(IMU,Radar,Skeleton)/Training/HAU/user4/4-2-1",19.0,321.0,14139547.816,14139578.016,42.0,67.0,14139550.116,14139552.616,3,harn_anchored
user4|4|2,user4,4,2,2,Walking,36_Walk,Steadily,NEUT,HAU/user4/4-2-2,"/Users/toheeb.ogunade/Workspace/cuchx-large/hf_data_manual/LMT_(IMU,Radar,Skeleton)/Training/HAU/user4/4-2-2",19.0,262.0,14139764.816,14139789.116,46.0,71.0,14139767.516,14139770.016,3,harn_anchored
user4|4|2,user4,4,2,3,Walking,36_Walk,Hurriedly,FAST,HAU/user4/4-2-3,"/Users/toheeb.ogunade/Workspace/cuchx-large/hf_data_manual/LMT_(IMU,Radar,Skeleton)/Training/HAU/user4/4-2-3",8.0,163.0,14139898.716,14139914.216,40.0,53.0,14139901.916,14139903.216,3,harn_anchored
user4|4|2,user4,4,2,1,Drinking,6_Drink_water,Gently,SLOW,HAU/user4/4-2-1,"/Users/toheeb.ogunade/Workspace/cuchx-large/hf_data_manual/LMT_(IMU,Radar,Skeleton)/Training/HAU/user4/4-2-1",19.0,321.0,14139547.816,14139578.016,225.0,311.0,14139568.416,14139577.016,3,harn_anchored
user4|4|2,user4,4,2,2,Drinking,6_Drink_water,Steadily,NEUT,HAU/user4/4-2-2,"/Users/toheeb.ogunade/Workspace/cuchx-large/hf_data_manual/LMT_(IMU,Radar,Skeleton)/Training/HAU/user4/4-2-2",19.0,262.0,14139764.816,14139789.116,221.0,261.0,14139785.016,14139789.016,3,harn_anchored
user4|4|2,user4,4,2,3,Drinking,6_Drink_water,Hurriedly,FAST,HAU/user4/4-2-3,"/Users/toheeb.ogunade/Workspace/cuchx-large/hf_data_manual/LMT_(IMU,Radar,Skeleton)/Training/HAU/user4/4-2-3",8.0,163.0,14139898.716,14139914.216,131.0,163.0,14139911.016,14139914.216,3,harn_anchored
user4|5|1,user4,5,1,1,Stirring,10_Stir_drinks,Calmly,SLOW,HAU/user4/5-1-1,"/Users/toheeb.ogunade/Workspace/cuchx-large/hf_data_manual/LMT_(IMU,Radar,Skeleton)/Training/HAU/user4/5-1-1",17.0,263.0,14140316.616,14140341.216,134.0,182.0,14140328.316,14140333.116,3,harn_anchored
user4|5|1,user4,5,1,2,Stirring,10_Stir_drinks,Leisurely,SLOW,HAU/user4/5-1-2,"/Users/toheeb.ogunade/Workspace/cuchx-large/hf_data_manual/LMT_(IMU,Radar,Skeleton)/Training/HAU/user4/5-1-2",17.0,229.0,14140487.616,14140508.816,84.0,145.0,14140494.316,14140500.416,3,harn_anchored
user4|5|1,user4,5,1,3,Stirring,10_Stir_drinks,Quickly,FAST,HAU/user4/5-1-3,"/Users/toheeb.ogunade/Workspace/cuchx-large/hf_data_manual/LMT_(IMU,Radar,Skeleton)/Training/HAU/user4/5-1-3",13.0,157.0,14140605.216,14140619.616,72.0,98.0,14140611.116,14140613.716,3,harn_anchored
user4|5|1,user4,5,1,1,Eating,7_Eat_food,Calmly,SLOW,HAU/user4/5-1-1,"/Users/toheeb.ogunade/Workspace/cuchx-large/hf_data_manual/LMT_(IMU,Radar,Skeleton)/Training/HAU/user4/5-1-1",17.0,263.0,14140316.616,14140341.216,249.0,261.0,14140339.816,14140341.016,3,harn_anchored
user4|5|1,user4,5,1,2,Eating,7_Eat_food,Leisurely,SLOW,HAU/user4/5-1-2,"/Users/toheeb.ogunade/Workspace/cuchx-large/hf_data_manual/LMT_(IMU,Radar,Skeleton)/Training/HAU/user4/5-1-2",17.0,229.0,14140487.616,14140508.816,205.0,228.0,14140506.416,14140508.716,3,harn_anchored
user4|5|1,user4,5,1,3,Eating,7_Eat_food,Quickly,FAST,HAU/user4/5-1-3,"/Users/toheeb.ogunade/Workspace/cuchx-large/hf_data_manual/LMT_(IMU,Radar,Skeleton)/Training/HAU/user4/5-1-3",13.0,157.0,14140605.216,14140619.616,124.0,156.0,14140616.316,14140619.516,3,harn_anchored
user4|5|2,user4,5,2,1,Typing on a keyboard,17_Tap_the_keyboard,Steadily,NEUT,HAU/user4/5-2-1,"/Users/toheeb.ogunade/Workspace/cuchx-large/hf_data_manual/LMT_(IMU,Radar,Skeleton)/Training/HAU/user4/5-2-1",16.0,284.0,14066548.516,14066575.316,234.0,284.0,14066570.316,14066575.316,3,harn_anchored
user4|5|2,user4,5,2,2,Typing on a keyboard,17_Tap_the_keyboard,Leisurely,SLOW,HAU/user4/5-2-2,"/Users/toheeb.ogunade/Workspace/cuchx-large/hf_data_manual/LMT_(IMU,Radar,Skeleton)/Training/HAU/user4/5-2-2",25.0,341.0,14066694.416,14066726.016,292.0,341.0,14066721.116,14066726.016,3,harn_anchored
user4|5|2,user4,5,2,3,Typing on a keyboard,17_Tap_the_keyboard,Quickly,FAST,HAU/user4/5-2-3,"/Users/toheeb.ogunade/Workspace/cuchx-large/hf_data_manual/LMT_(IMU,Radar,Skeleton)/Training/HAU/user4/5-2-3",18.0,271.0,14066864.716,14066890.016,212.0,271.0,14066884.116,14066890.016,3,harn_anchored
user4|5|2,user4,5,2,1,Checking the time,20_Check_the_time,Steadily,NEUT,HAU/user4/5-2-1,"/Users/toheeb.ogunade/Workspace/cuchx-large/hf_data_manual/LMT_(IMU,Radar,Skeleton)/Training/HAU/user4/5-2-1",16.0,284.0,14066548.516,14066575.316,190.0,212.0,14066565.916,14066568.116,3,harn_anchored
user4|5|2,user4,5,2,2,Checking the time,20_Check_the_time,Leisurely,SLOW,HAU/user4/5-2-2,"/Users/toheeb.ogunade/Workspace/cuchx-large/hf_data_manual/LMT_(IMU,Radar,Skeleton)/Training/HAU/user4/5-2-2",25.0,341.0,14066694.416,14066726.016,250.0,265.0,14066716.916,14066718.416,3,harn_anchored
user4|5|2,user4,5,2,3,Checking the time,20_Check_the_time,Quickly,FAST,HAU/user4/5-2-3,"/Users/toheeb.ogunade/Workspace/cuchx-large/hf_data_manual/LMT_(IMU,Radar,Skeleton)/Training/HAU/user4/5-2-3",18.0,271.0,14066864.716,14066890.016,166.0,176.0,14066879.516,14066880.516,3,harn_anchored
user4|5|2,user4,5,2,1,Walking,36_Walk,Steadily,NEUT,HAU/user4/5-2-1,"/Users/toheeb.ogunade/Workspace/cuchx-large/hf_data_manual/LMT_(IMU,Radar,Skeleton)/Training/HAU/user4/5-2-1",16.0,284.0,14066548.516,14066575.316,48.0,86.0,14066551.716,14066555.516,3,harn_anchored
user4|5|2,user4,5,2,2,Walking,36_Walk,Leisurely,SLOW,HAU/user4/5-2-2,"/Users/toheeb.ogunade/Workspace/cuchx-large/hf_data_manual/LMT_(IMU,Radar,Skeleton)/Training/HAU/user4/5-2-2",25.0,341.0,14066694.416,14066726.016,47.0,71.0,14066696.616,14066699.016,3,harn_anchored
user4|5|2,user4,5,2,3,Walking,36_Walk,Quickly,FAST,HAU/user4/5-2-3,"/Users/toheeb.ogunade/Workspace/cuchx-large/hf_data_manual/LMT_(IMU,Radar,Skeleton)/Training/HAU/user4/5-2-3",18.0,271.0,14066864.716,14066890.016,42.0,55.0,14066867.116,14066868.416,3,harn_anchored
user4|5|2,user4,5,2,1,Getting dressed,5_Put_on_clothes,Steadily,NEUT,HAU/user4/5-2-1,"/Users/toheeb.ogunade/Workspace/cuchx-large/hf_data_manual/LMT_(IMU,Radar,Skeleton)/Training/HAU/user4/5-2-1",16.0,284.0,14066548.516,14066575.316,96.0,188.0,14066556.516,14066565.716,3,harn_anchored
user4|5|2,user4,5,2,2,Getting dressed,5_Put_on_clothes,Leisurely,SLOW,HAU/user4/5-2-2,"/Users/toheeb.ogunade/Workspace/cuchx-large/hf_data_manual/LMT_(IMU,Radar,Skeleton)/Training/HAU/user4/5-2-2",25.0,341.0,14066694.416,14066726.016,142.0,247.0,14066706.116,14066716.616,3,harn_anchored
user4|5|2,user4,5,2,3,Getting dressed,5_Put_on_clothes,Quickly,FAST,HAU/user4/5-2-3,"/Users/toheeb.ogunade/Workspace/cuchx-large/hf_data_manual/LMT_(IMU,Radar,Skeleton)/Training/HAU/user4/5-2-3",18.0,271.0,14066864.716,14066890.016,80.0,162.0,14066870.916,14066879.116,3,harn_anchored
user4|5|2,user4,5,2,2,Undressing,3_Take_off_clothes,Leisurely,SLOW,HAU/user4/5-2-2,"/Users/toheeb.ogunade/Workspace/cuchx-large/hf_data_manual/LMT_(IMU,Radar,Skeleton)/Training/HAU/user4/5-2-2",25.0,341.0,14066694.416,14066726.016,69.0,134.0,14066698.816,14066705.316,2,harn_anchored
user4|5|2,user4,5,2,3,Undressing,3_Take_off_clothes,Quickly,FAST,HAU/user4/5-2-3,"/Users/toheeb.ogunade/Workspace/cuchx-large/hf_data_manual/LMT_(IMU,Radar,Skeleton)/Training/HAU/user4/5-2-3",18.0,271.0,14066864.716,14066890.016,54.0,77.0,14066868.316,14066870.616,2,harn_anchored
user4|6|1,user4,6,1,1,Peeling fruit,11_Peel_fruits,Relaxedly,SLOW,HAU/user4/6-1-1,"/Users/toheeb.ogunade/Workspace/cuchx-large/hf_data_manual/LMT_(IMU,Radar,Skeleton)/Training/HAU/user4/6-1-1",13.0,508.0,14067170.216,14067219.716,44.0,87.0,14067173.316,14067177.616,3,harn_anchored
user4|6|1,user4,6,1,2,Peeling fruit,11_Peel_fruits,Smoothly,NEUT,HAU/user4/6-1-2,"/Users/toheeb.ogunade/Workspace/cuchx-large/hf_data_manual/LMT_(IMU,Radar,Skeleton)/Training/HAU/user4/6-1-2",10.0,506.0,14067608.916,14067658.516,53.0,103.0,14067613.216,14067618.216,3,harn_anchored
user4|6|1,user4,6,1,3,Peeling fruit,11_Peel_fruits,Hurriedly,FAST,HAU/user4/6-1-3,"/Users/toheeb.ogunade/Workspace/cuchx-large/hf_data_manual/LMT_(IMU,Radar,Skeleton)/Training/HAU/user4/6-1-3",18.0,365.0,14067721.716,14067756.416,55.0,76.0,14067725.416,14067727.516,3,harn_anchored
user4|6|1,user4,6,1,1,Using a phone,24_Use_a_mobile_phone,Relaxedly,SLOW,HAU/user4/6-1-1,"/Users/toheeb.ogunade/Workspace/cuchx-large/hf_data_manual/LMT_(IMU,Radar,Skeleton)/Training/HAU/user4/6-1-1",13.0,508.0,14067170.216,14067219.716,251.0,295.0,14067194.016,14067198.416,3,harn_anchored
user4|6|1,user4,6,1,2,Using a phone,24_Use_a_mobile_phone,Smoothly,NEUT,HAU/user4/6-1-2,"/Users/toheeb.ogunade/Workspace/cuchx-large/hf_data_manual/LMT_(IMU,Radar,Skeleton)/Training/HAU/user4/6-1-2",10.0,506.0,14067608.916,14067658.516,251.0,304.0,14067633.016,14067638.316,3,harn_anchored
user4|6|1,user4,6,1,3,Using a phone,24_Use_a_mobile_phone,Hurriedly,FAST,HAU/user4/6-1-3,"/Users/toheeb.ogunade/Workspace/cuchx-large/hf_data_manual/LMT_(IMU,Radar,Skeleton)/Training/HAU/user4/6-1-3",18.0,365.0,14067721.716,14067756.416,321.0,333.0,14067752.016,14067753.216,3,harn_anchored
user4|6|1,user4,6,1,1,Pouring,9_Pour_drinks,Relaxedly,SLOW,HAU/user4/6-1-1,"/Users/toheeb.ogunade/Workspace/cuchx-large/hf_data_manual/LMT_(IMU,Radar,Skeleton)/Training/HAU/user4/6-1-1",13.0,508.0,14067170.216,14067219.716,143.0,211.0,14067183.216,14067190.016,3,harn_anchored
user4|6|1,user4,6,1,2,Pouring,9_Pour_drinks,Smoothly,NEUT,HAU/user4/6-1-2,"/Users/toheeb.ogunade/Workspace/cuchx-large/hf_data_manual/LMT_(IMU,Radar,Skeleton)/Training/HAU/user4/6-1-2",10.0,506.0,14067608.916,14067658.516,158.0,225.0,14067623.716,14067630.416,3,harn_anchored
user4|6|1,user4,6,1,3,Pouring,9_Pour_drinks,Hurriedly,FAST,HAU/user4/6-1-3,"/Users/toheeb.ogunade/Workspace/cuchx-large/hf_data_manual/LMT_(IMU,Radar,Skeleton)/Training/HAU/user4/6-1-3",18.0,365.0,14067721.716,14067756.416,112.0,154.0,14067731.116,14067735.316,3,harn_anchored
user4|6|1,user4,6,1,2,Calling,19_Make_a_phone_call,Smoothly,NEUT,HAU/user4/6-1-2,"/Users/toheeb.ogunade/Workspace/cuchx-large/hf_data_manual/LMT_(IMU,Radar,Skeleton)/Training/HAU/user4/6-1-2",10.0,506.0,14067608.916,14067658.516,473.0,506.0,14067655.216,14067658.516,2,harn_anchored
user4|6|1,user4,6,1,3,Calling,19_Make_a_phone_call,Hurriedly,FAST,HAU/user4/6-1-3,"/Users/toheeb.ogunade/Workspace/cuchx-large/hf_data_manual/LMT_(IMU,Radar,Skeleton)/Training/HAU/user4/6-1-3",18.0,365.0,14067721.716,14067756.416,328.0,365.0,14067752.716,14067756.416,2,harn_anchored
user4|7|1,user4,7,1,1,Peeling fruit,11_Peel_fruits,Cautiously,CARE,HAU/user4/7-1-1,"/Users/toheeb.ogunade/Workspace/cuchx-large/hf_data_manual/LMT_(IMU,Radar,Skeleton)/Training/HAU/user4/7-1-1",16.0,320.0,14140928.516,14140958.916,244.0,289.0,14140951.316,14140955.816,3,harn_anchored
user4|7|1,user4,7,1,2,Peeling fruit,11_Peel_fruits,Smoothly,NEUT,HAU/user4/7-1-2,"/Users/toheeb.ogunade/Workspace/cuchx-large/hf_data_manual/LMT_(IMU,Radar,Skeleton)/Training/HAU/user4/7-1-2",20.0,415.0,14141041.916,14141081.416,341.0,383.0,14141074.016,14141078.216,3,harn_anchored
user4|7|1,user4,7,1,3,Peeling fruit,11_Peel_fruits,Hastily,FAST,HAU/user4/7-1-3,"/Users/toheeb.ogunade/Workspace/cuchx-large/hf_data_manual/LMT_(IMU,Radar,Skeleton)/Training/HAU/user4/7-1-3",8.0,258.0,14141158.716,14141183.716,211.0,241.0,14141179.016,14141182.016,3,harn_anchored
user4|7|1,user4,7,1,1,Walking,36_Walk,Cautiously,CARE,HAU/user4/7-1-1,"/Users/toheeb.ogunade/Workspace/cuchx-large/hf_data_manual/LMT_(IMU,Radar,Skeleton)/Training/HAU/user4/7-1-1",16.0,320.0,14140928.516,14140958.916,40.0,60.0,14140930.916,14140932.916,3,harn_anchored
user4|7|1,user4,7,1,2,Walking,36_Walk,Smoothly,NEUT,HAU/user4/7-1-2,"/Users/toheeb.ogunade/Workspace/cuchx-large/hf_data_manual/LMT_(IMU,Radar,Skeleton)/Training/HAU/user4/7-1-2",20.0,415.0,14141041.916,14141081.416,49.0,76.0,14141044.816,14141047.516,3,harn_anchored
user4|7|1,user4,7,1,3,Walking,36_Walk,Hastily,FAST,HAU/user4/7-1-3,"/Users/toheeb.ogunade/Workspace/cuchx-large/hf_data_manual/LMT_(IMU,Radar,Skeleton)/Training/HAU/user4/7-1-3",8.0,258.0,14141158.716,14141183.716,45.0,60.0,14141162.416,14141163.916,3,harn_anchored
user4|7|1,user4,7,1,1,Taking medicine,37_Take_medicine,Cautiously,CARE,HAU/user4/7-1-1,"/Users/toheeb.ogunade/Workspace/cuchx-large/hf_data_manual/LMT_(IMU,Radar,Skeleton)/Training/HAU/user4/7-1-1",16.0,320.0,14140928.516,14140958.916,87.0,159.0,14140935.616,14140942.816,3,harn_anchored
user4|7|1,user4,7,1,2,Taking medicine,37_Take_medicine,Smoothly,NEUT,HAU/user4/7-1-2,"/Users/toheeb.ogunade/Workspace/cuchx-large/hf_data_manual/LMT_(IMU,Radar,Skeleton)/Training/HAU/user4/7-1-2",20.0,415.0,14141041.916,14141081.416,126.0,253.0,14141052.516,14141065.216,3,harn_anchored
user4|7|1,user4,7,1,3,Taking medicine,37_Take_medicine,Hastily,FAST,HAU/user4/7-1-3,"/Users/toheeb.ogunade/Workspace/cuchx-large/hf_data_manual/LMT_(IMU,Radar,Skeleton)/Training/HAU/user4/7-1-3",8.0,258.0,14141158.716,14141183.716,83.0,159.0,14141166.216,14141173.816,3,harn_anchored
user4|7|2,user4,7,2,1,Standing up,32_Stand_up,Slowly,SLOW,HAU/user4/7-2-1,"/Users/toheeb.ogunade/Workspace/cuchx-large/hf_data_manual/LMT_(IMU,Radar,Skeleton)/Training/HAU/user4/7-2-1",10.0,159.0,14068008.916,14068023.816,24.0,37.0,14068010.316,14068011.616,3,harn_anchored
user4|7|2,user4,7,2,2,Standing up,32_Stand_up,Calmly,SLOW,HAU/user4/7-2-2,"/Users/toheeb.ogunade/Workspace/cuchx-large/hf_data_manual/LMT_(IMU,Radar,Skeleton)/Training/HAU/user4/7-2-2",16.0,167.0,14068201.516,14068216.616,34.0,52.0,14068203.316,14068205.116,3,harn_anchored
user4|7|2,user4,7,2,3,Standing up,32_Stand_up,Hurriedly,FAST,HAU/user4/7-2-3,"/Users/toheeb.ogunade/Workspace/cuchx-large/hf_data_manual/LMT_(IMU,Radar,Skeleton)/Training/HAU/user4/7-2-3",15.0,126.0,14068352.416,14068363.516,19.0,33.0,14068352.816,14068354.216,3,harn_anchored
user4|7|2,user4,7,2,1,Sitting down,34_Sit_down,Slowly,SLOW,HAU/user4/7-2-1,"/Users/toheeb.ogunade/Workspace/cuchx-large/hf_data_manual/LMT_(IMU,Radar,Skeleton)/Training/HAU/user4/7-2-1",10.0,159.0,14068008.916,14068023.816,75.0,88.0,14068015.416,14068016.716,3,harn_anchored
user4|7|2,user4,7,2,2,Sitting down,34_Sit_down,Calmly,SLOW,HAU/user4/7-2-2,"/Users/toheeb.ogunade/Workspace/cuchx-large/hf_data_manual/LMT_(IMU,Radar,Skeleton)/Training/HAU/user4/7-2-2",16.0,167.0,14068201.516,14068216.616,75.0,90.0,14068207.416,14068208.916,3,harn_anchored
user4|7|2,user4,7,2,3,Sitting down,34_Sit_down,Hurriedly,FAST,HAU/user4/7-2-3,"/Users/toheeb.ogunade/Workspace/cuchx-large/hf_data_manual/LMT_(IMU,Radar,Skeleton)/Training/HAU/user4/7-2-3",15.0,126.0,14068352.416,14068363.516,56.0,72.0,14068356.516,14068358.116,3,harn_anchored
user4|7|2,user4,7,2,1,Eating,7_Eat_food,Slowly,SLOW,HAU/user4/7-2-1,"/Users/toheeb.ogunade/Workspace/cuchx-large/hf_data_manual/LMT_(IMU,Radar,Skeleton)/Training/HAU/user4/7-2-1",10.0,159.0,14068008.916,14068023.816,130.0,159.0,14068020.916,14068023.816,3,harn_anchored
user4|7|2,user4,7,2,2,Eating,7_Eat_food,Calmly,SLOW,HAU/user4/7-2-2,"/Users/toheeb.ogunade/Workspace/cuchx-large/hf_data_manual/LMT_(IMU,Radar,Skeleton)/Training/HAU/user4/7-2-2",16.0,167.0,14068201.516,14068216.616,119.0,135.0,14068211.816,14068213.416,3,harn_anchored
user4|7|2,user4,7,2,3,Eating,7_Eat_food,Hurriedly,FAST,HAU/user4/7-2-3,"/Users/toheeb.ogunade/Workspace/cuchx-large/hf_data_manual/LMT_(IMU,Radar,Skeleton)/Training/HAU/user4/7-2-3",15.0,126.0,14068352.416,14068363.516,99.0,119.0,14068360.816,14068362.816,3,harn_anchored
user5|1|1,user5,1,1,1,Washing face,0_Wash_face,Gently,SLOW,HAU/user5/1-1-1,"/Users/toheeb.ogunade/Workspace/cuchx-large/hf_data_manual/LMT_(IMU,Radar,Skeleton)/Training/HAU/user5/1-1-1",7.0,222.0,14123191.616,14123213.116,87.0,126.0,14123199.616,14123203.516,3,harn_anchored
user5|1|1,user5,1,1,2,Washing face,0_Wash_face,Carefully,CARE,HAU/user5/1-1-2,"/Users/toheeb.ogunade/Workspace/cuchx-large/hf_data_manual/LMT_(IMU,Radar,Skeleton)/Training/HAU/user5/1-1-2",18.0,182.0,14124511.716,14124528.116,48.0,85.0,14124514.716,14124518.416,3,harn_anchored
user5|1|1,user5,1,1,3,Washing face,0_Wash_face,Hastily,FAST,HAU/user5/1-1-3,"/Users/toheeb.ogunade/Workspace/cuchx-large/hf_data_manual/LMT_(IMU,Radar,Skeleton)/Training/HAU/user5/1-1-3",12.0,96.0,14124682.116,14124690.516,34.0,63.0,14124684.316,14124687.216,3,harn_anchored
user5|1|1,user5,1,1,1,Combing hair,2_Comb_hair,Gently,SLOW,HAU/user5/1-1-1,"/Users/toheeb.ogunade/Workspace/cuchx-large/hf_data_manual/LMT_(IMU,Radar,Skeleton)/Training/HAU/user5/1-1-1",7.0,222.0,14123191.616,14123213.116,157.0,222.0,14123206.616,14123213.116,3,harn_anchored
user5|1|1,user5,1,1,2,Combing hair,2_Comb_hair,Carefully,CARE,HAU/user5/1-1-2,"/Users/toheeb.ogunade/Workspace/cuchx-large/hf_data_manual/LMT_(IMU,Radar,Skeleton)/Training/HAU/user5/1-1-2",18.0,182.0,14124511.716,14124528.116,100.0,178.0,14124519.916,14124527.716,3,harn_anchored
user5|1|1,user5,1,1,3,Combing hair,2_Comb_hair,Hastily,FAST,HAU/user5/1-1-3,"/Users/toheeb.ogunade/Workspace/cuchx-large/hf_data_manual/LMT_(IMU,Radar,Skeleton)/Training/HAU/user5/1-1-3",12.0,96.0,14124682.116,14124690.516,73.0,96.0,14124688.216,14124690.516,3,harn_anchored
user5|1|2,user5,1,2,1,Stirring,10_Stir_drinks,Leisurely,SLOW,HAU/user5/1-2-1,"/Users/toheeb.ogunade/Workspace/cuchx-large/hf_data_manual/LMT_(IMU,Radar,Skeleton)/Training/HAU/user5/1-2-1",16.0,460.0,14133126.516,14133170.916,173.0,204.0,14133142.216,14133145.316,2,harn_anchored
user5|1|2,user5,1,2,2,Stirring,10_Stir_drinks,Steadily,NEUT,HAU/user5/1-2-2,"/Users/toheeb.ogunade/Workspace/cuchx-large/hf_data_manual/LMT_(IMU,Radar,Skeleton)/Training/HAU/user5/1-2-2",13.0,427.0,14133307.216,14133348.616,166.0,195.0,14133322.516,14133325.416,2,harn_anchored
user5|1|2,user5,1,2,1,Peeling fruit,11_Peel_fruits,Leisurely,SLOW,HAU/user5/1-2-1,"/Users/toheeb.ogunade/Workspace/cuchx-large/hf_data_manual/LMT_(IMU,Radar,Skeleton)/Training/HAU/user5/1-2-1",16.0,460.0,14133126.516,14133170.916,260.0,360.0,14133150.916,14133160.916,3,harn_anchored
user5|1|2,user5,1,2,2,Peeling fruit,11_Peel_fruits,Steadily,NEUT,HAU/user5/1-2-2,"/Users/toheeb.ogunade/Workspace/cuchx-large/hf_data_manual/LMT_(IMU,Radar,Skeleton)/Training/HAU/user5/1-2-2",13.0,427.0,14133307.216,14133348.616,258.0,308.0,14133331.716,14133336.716,3,harn_anchored
user5|1|2,user5,1,2,3,Peeling fruit,11_Peel_fruits,Briskly,FAST,HAU/user5/1-2-3,"/Users/toheeb.ogunade/Workspace/cuchx-large/hf_data_manual/LMT_(IMU,Radar,Skeleton)/Training/HAU/user5/1-2-3",36.0,313.0,14133438.516,14133466.216,204.0,239.0,14133455.316,14133458.816,3,harn_anchored
user5|1|2,user5,1,2,1,Drinking,6_Drink_water,Leisurely,SLOW,HAU/user5/1-2-1,"/Users/toheeb.ogunade/Workspace/cuchx-large/hf_data_manual/LMT_(IMU,Radar,Skeleton)/Training/HAU/user5/1-2-1",16.0,460.0,14133126.516,14133170.916,204.0,229.0,14133145.316,14133147.816,3,harn_anchored
user5|1|2,user5,1,2,2,Drinking,6_Drink_water,Steadily,NEUT,HAU/user5/1-2-2,"/Users/toheeb.ogunade/Workspace/cuchx-large/hf_data_manual/LMT_(IMU,Radar,Skeleton)/Training/HAU/user5/1-2-2",13.0,427.0,14133307.216,14133348.616,201.0,228.0,14133326.016,14133328.716,3,harn_anchored
user5|1|2,user5,1,2,3,Drinking,6_Drink_water,Briskly,FAST,HAU/user5/1-2-3,"/Users/toheeb.ogunade/Workspace/cuchx-large/hf_data_manual/LMT_(IMU,Radar,Skeleton)/Training/HAU/user5/1-2-3",36.0,313.0,14133438.516,14133466.216,168.0,187.0,14133451.716,14133453.616,3,harn_anchored
user5|1|2,user5,1,2,1,Eating,7_Eat_food,Leisurely,SLOW,HAU/user5/1-2-1,"/Users/toheeb.ogunade/Workspace/cuchx-large/hf_data_manual/LMT_(IMU,Radar,Skeleton)/Training/HAU/user5/1-2-1",16.0,460.0,14133126.516,14133170.916,362.0,386.0,14133161.116,14133163.516,3,harn_anchored
user5|1|2,user5,1,2,2,Eating,7_Eat_food,Steadily,NEUT,HAU/user5/1-2-2,"/Users/toheeb.ogunade/Workspace/cuchx-large/hf_data_manual/LMT_(IMU,Radar,Skeleton)/Training/HAU/user5/1-2-2",13.0,427.0,14133307.216,14133348.616,317.0,370.0,14133337.616,14133342.916,3,harn_anchored
user5|1|2,user5,1,2,3,Eating,7_Eat_food,Briskly,FAST,HAU/user5/1-2-3,"/Users/toheeb.ogunade/Workspace/cuchx-large/hf_data_manual/LMT_(IMU,Radar,Skeleton)/Training/HAU/user5/1-2-3",36.0,313.0,14133438.516,14133466.216,238.0,259.0,14133458.716,14133460.816,3,harn_anchored
user5|1|2,user5,1,2,1,Pouring,9_Pour_drinks,Leisurely,SLOW,HAU/user5/1-2-1,"/Users/toheeb.ogunade/Workspace/cuchx-large/hf_data_manual/LMT_(IMU,Radar,Skeleton)/Training/HAU/user5/1-2-1",16.0,460.0,14133126.516,14133170.916,108.0,162.0,14133135.716,14133141.116,3,harn_anchored
user5|1|2,user5,1,2,2,Pouring,9_Pour_drinks,Steadily,NEUT,HAU/user5/1-2-2,"/Users/toheeb.ogunade/Workspace/cuchx-large/hf_data_manual/LMT_(IMU,Radar,Skeleton)/Training/HAU/user5/1-2-2",13.0,427.0,14133307.216,14133348.616,122.0,151.0,14133318.116,14133321.016,3,harn_anchored
user5|1|2,user5,1,2,3,Pouring,9_Pour_drinks,Briskly,FAST,HAU/user5/1-2-3,"/Users/toheeb.ogunade/Workspace/cuchx-large/hf_data_manual/LMT_(IMU,Radar,Skeleton)/Training/HAU/user5/1-2-3",36.0,313.0,14133438.516,14133466.216,106.0,129.0,14133445.516,14133447.816,3,harn_anchored
user5|2|1,user5,2,1,1,Peeling fruit,11_Peel_fruits,Leisurely,SLOW,HAU/user5/2-1-1,"/Users/toheeb.ogunade/Workspace/cuchx-large/hf_data_manual/LMT_(IMU,Radar,Skeleton)/Training/HAU/user5/2-1-1",14.0,348.0,14120475.316,14120508.716,39.0,120.0,14120477.816,14120485.916,3,harn_anchored
user5|2|1,user5,2,1,2,Peeling fruit,11_Peel_fruits,Calmly,SLOW,HAU/user5/2-1-2,"/Users/toheeb.ogunade/Workspace/cuchx-large/hf_data_manual/LMT_(IMU,Radar,Skeleton)/Training/HAU/user5/2-1-2",14.0,306.0,14120601.316,14120630.516,40.0,118.0,14120603.916,14120611.716,3,harn_anchored
user5|2|1,user5,2,1,3,Peeling fruit,11_Peel_fruits,Hurriedly,FAST,HAU/user5/2-1-3,"/Users/toheeb.ogunade/Workspace/cuchx-large/hf_data_manual/LMT_(IMU,Radar,Skeleton)/Training/HAU/user5/2-1-3",23.0,211.0,14120685.216,14120704.016,40.0,69.0,14120686.916,14120689.816,3,harn_anchored
user5|2|1,user5,2,1,1,Turning a page,22_Turn_pages,Leisurely,SLOW,HAU/user5/2-1-1,"/Users/toheeb.ogunade/Workspace/cuchx-large/hf_data_manual/LMT_(IMU,Radar,Skeleton)/Training/HAU/user5/2-1-1",14.0,348.0,14120475.316,14120508.716,297.0,348.0,14120503.616,14120508.716,3,harn_anchored
user5|2|1,user5,2,1,2,Turning a page,22_Turn_pages,Calmly,SLOW,HAU/user5/2-1-2,"/Users/toheeb.ogunade/Workspace/cuchx-large/hf_data_manual/LMT_(IMU,Radar,Skeleton)/Training/HAU/user5/2-1-2",14.0,306.0,14120601.316,14120630.516,246.0,281.0,14120624.516,14120628.016,3,harn_anchored
user5|2|1,user5,2,1,3,Turning a page,22_Turn_pages,Hurriedly,FAST,HAU/user5/2-1-3,"/Users/toheeb.ogunade/Workspace/cuchx-large/hf_data_manual/LMT_(IMU,Radar,Skeleton)/Training/HAU/user5/2-1-3",23.0,211.0,14120685.216,14120704.016,168.0,211.0,14120699.716,14120704.016,3,harn_anchored
user5|2|1,user5,2,1,1,Drinking,6_Drink_water,Leisurely,SLOW,HAU/user5/2-1-1,"/Users/toheeb.ogunade/Workspace/cuchx-large/hf_data_manual/LMT_(IMU,Radar,Skeleton)/Training/HAU/user5/2-1-1",14.0,348.0,14120475.316,14120508.716,207.0,281.0,14120494.616,14120502.016,3,harn_anchored
user5|2|1,user5,2,1,2,Drinking,6_Drink_water,Calmly,SLOW,HAU/user5/2-1-2,"/Users/toheeb.ogunade/Workspace/cuchx-large/hf_data_manual/LMT_(IMU,Radar,Skeleton)/Training/HAU/user5/2-1-2",14.0,306.0,14120601.316,14120630.516,169.0,229.0,14120616.816,14120622.816,3,harn_anchored
user5|2|1,user5,2,1,3,Drinking,6_Drink_water,Hurriedly,FAST,HAU/user5/2-1-3,"/Users/toheeb.ogunade/Workspace/cuchx-large/hf_data_manual/LMT_(IMU,Radar,Skeleton)/Training/HAU/user5/2-1-3",23.0,211.0,14120685.216,14120704.016,115.0,161.0,14120694.416,14120699.016,3,harn_anchored
user5|2|1,user5,2,1,1,Eating,7_Eat_food,Leisurely,SLOW,HAU/user5/2-1-1,"/Users/toheeb.ogunade/Workspace/cuchx-large/hf_data_manual/LMT_(IMU,Radar,Skeleton)/Training/HAU/user5/2-1-1",14.0,348.0,14120475.316,14120508.716,128.0,165.0,14120486.716,14120490.416,3,harn_anchored
user5|2|1,user5,2,1,2,Eating,7_Eat_food,Calmly,SLOW,HAU/user5/2-1-2,"/Users/toheeb.ogunade/Workspace/cuchx-large/hf_data_manual/LMT_(IMU,Radar,Skeleton)/Training/HAU/user5/2-1-2",14.0,306.0,14120601.316,14120630.516,121.0,156.0,14120612.016,14120615.516,3,harn_anchored
user5|2|1,user5,2,1,3,Eating,7_Eat_food,Hurriedly,FAST,HAU/user5/2-1-3,"/Users/toheeb.ogunade/Workspace/cuchx-large/hf_data_manual/LMT_(IMU,Radar,Skeleton)/Training/HAU/user5/2-1-3",23.0,211.0,14120685.216,14120704.016,72.0,110.0,14120690.116,14120693.916,3,harn_anchored
user5|3|1,user5,3,1,1,Sweeping,12_Sweep_the_floor,Intently,CARE,HAU/user5/3-1-1,"/Users/toheeb.ogunade/Workspace/cuchx-large/hf_data_manual/LMT_(IMU,Radar,Skeleton)/Training/HAU/user5/3-1-1",23.0,342.0,14120840.216,14120872.116,73.0,233.0,14120845.216,14120861.216,3,harn_anchored
user5|3|1,user5,3,1,2,Sweeping,12_Sweep_the_floor,Slowly,SLOW,HAU/user5/3-1-2,"/Users/toheeb.ogunade/Workspace/cuchx-large/hf_data_manual/LMT_(IMU,Radar,Skeleton)/Training/HAU/user5/3-1-2",20.0,349.0,14120948.916,14120981.816,60.0,238.0,14120952.916,14120970.716,3,harn_anchored
user5|3|1,user5,3,1,3,Sweeping,12_Sweep_the_floor,Quickly,FAST,HAU/user5/3-1-3,"/Users/toheeb.ogunade/Workspace/cuchx-large/hf_data_manual/LMT_(IMU,Radar,Skeleton)/Training/HAU/user5/3-1-3",19.0,231.0,14121029.816,14121051.016,38.0,136.0,14121031.716,14121041.516,3,harn_anchored
user5|3|1,user5,3,1,1,Sitting down,34_Sit_down,Intently,CARE,HAU/user5/3-1-1,"/Users/toheeb.ogunade/Workspace/cuchx-large/hf_data_manual/LMT_(IMU,Radar,Skeleton)/Training/HAU/user5/3-1-1",23.0,342.0,14120840.216,14120872.116,293.0,315.0,14120867.216,14120869.416,3,harn_anchored
user5|3|1,user5,3,1,2,Sitting down,34_Sit_down,Slowly,SLOW,HAU/user5/3-1-2,"/Users/toheeb.ogunade/Workspace/cuchx-large/hf_data_manual/LMT_(IMU,Radar,Skeleton)/Training/HAU/user5/3-1-2",20.0,349.0,14120948.916,14120981.816,272.0,284.0,14120974.116,14120975.316,3,harn_anchored
user5|3|1,user5,3,1,3,Sitting down,34_Sit_down,Quickly,FAST,HAU/user5/3-1-3,"/Users/toheeb.ogunade/Workspace/cuchx-large/hf_data_manual/LMT_(IMU,Radar,Skeleton)/Training/HAU/user5/3-1-3",19.0,231.0,14121029.816,14121051.016,166.0,175.0,14121044.516,14121045.416,3,harn_anchored
user5|3|2,user5,3,2,1,Peeling fruit,11_Peel_fruits,Slowly,SLOW,HAU/user5/3-2-1,"/Users/toheeb.ogunade/Workspace/cuchx-large/hf_data_manual/LMT_(IMU,Radar,Skeleton)/Training/HAU/user5/3-2-1",22.0,357.0,14133829.116,14133862.616,247.0,317.0,14133851.616,14133858.616,3,harn_anchored
user5|3|2,user5,3,2,2,Peeling fruit,11_Peel_fruits,Swiftly,FAST,HAU/user5/3-2-2,"/Users/toheeb.ogunade/Workspace/cuchx-large/hf_data_manual/LMT_(IMU,Radar,Skeleton)/Training/HAU/user5/3-2-2",18.0,270.0,14133964.716,14133989.916,177.0,204.0,14133980.616,14133983.316,3,harn_anchored
user5|3|2,user5,3,2,3,Peeling fruit,11_Peel_fruits,Hurriedly,FAST,HAU/user5/3-2-3,"/Users/toheeb.ogunade/Workspace/cuchx-large/hf_data_manual/LMT_(IMU,Radar,Skeleton)/Training/HAU/user5/3-2-3",10.0,234.0,14134107.916,14134130.316,156.0,184.0,14134122.516,14134125.316,3,harn_anchored
user5|3|2,user5,3,2,1,Drinking,6_Drink_water,Slowly,SLOW,HAU/user5/3-2-1,"/Users/toheeb.ogunade/Workspace/cuchx-large/hf_data_manual/LMT_(IMU,Radar,Skeleton)/Training/HAU/user5/3-2-1",22.0,357.0,14133829.116,14133862.616,174.0,206.0,14133844.316,14133847.516,3,harn_anchored
user5|3|2,user5,3,2,2,Drinking,6_Drink_water,Swiftly,FAST,HAU/user5/3-2-2,"/Users/toheeb.ogunade/Workspace/cuchx-large/hf_data_manual/LMT_(IMU,Radar,Skeleton)/Training/HAU/user5/3-2-2",18.0,270.0,14133964.716,14133989.916,137.0,153.0,14133976.616,14133978.216,3,harn_anchored
user5|3|2,user5,3,2,3,Drinking,6_Drink_water,Hurriedly,FAST,HAU/user5/3-2-3,"/Users/toheeb.ogunade/Workspace/cuchx-large/hf_data_manual/LMT_(IMU,Radar,Skeleton)/Training/HAU/user5/3-2-3",10.0,234.0,14134107.916,14134130.316,107.0,130.0,14134117.616,14134119.916,3,harn_anchored
user5|3|2,user5,3,2,1,Eating,7_Eat_food,Slowly,SLOW,HAU/user5/3-2-1,"/Users/toheeb.ogunade/Workspace/cuchx-large/hf_data_manual/LMT_(IMU,Radar,Skeleton)/Training/HAU/user5/3-2-1",22.0,357.0,14133829.116,14133862.616,316.0,357.0,14133858.516,14133862.616,3,harn_anchored
user5|3|2,user5,3,2,2,Eating,7_Eat_food,Swiftly,FAST,HAU/user5/3-2-2,"/Users/toheeb.ogunade/Workspace/cuchx-large/hf_data_manual/LMT_(IMU,Radar,Skeleton)/Training/HAU/user5/3-2-2",18.0,270.0,14133964.716,14133989.916,192.0,246.0,14133982.116,14133987.516,3,harn_anchored
user5|3|2,user5,3,2,3,Eating,7_Eat_food,Hurriedly,FAST,HAU/user5/3-2-3,"/Users/toheeb.ogunade/Workspace/cuchx-large/hf_data_manual/LMT_(IMU,Radar,Skeleton)/Training/HAU/user5/3-2-3",10.0,234.0,14134107.916,14134130.316,183.0,233.0,14134125.216,14134130.216,3,harn_anchored
user5|3|2,user5,3,2,1,Pouring,9_Pour_drinks,Slowly,SLOW,HAU/user5/3-2-1,"/Users/toheeb.ogunade/Workspace/cuchx-large/hf_data_manual/LMT_(IMU,Radar,Skeleton)/Training/HAU/user5/3-2-1",22.0,357.0,14133829.116,14133862.616,131.0,170.0,14133840.016,14133843.916,3,harn_anchored
user5|3|2,user5,3,2,2,Pouring,9_Pour_drinks,Swiftly,FAST,HAU/user5/3-2-2,"/Users/toheeb.ogunade/Workspace/cuchx-large/hf_data_manual/LMT_(IMU,Radar,Skeleton)/Training/HAU/user5/3-2-2",18.0,270.0,14133964.716,14133989.916,105.0,127.0,14133973.416,14133975.616,3,harn_anchored
user5|3|2,user5,3,2,3,Pouring,9_Pour_drinks,Hurriedly,FAST,HAU/user5/3-2-3,"/Users/toheeb.ogunade/Workspace/cuchx-large/hf_data_manual/LMT_(IMU,Radar,Skeleton)/Training/HAU/user5/3-2-3",10.0,234.0,14134107.916,14134130.316,78.0,105.0,14134114.716,14134117.416,3,harn_anchored
user5|4|1,user5,4,1,1,Typing on a keyboard,17_Tap_the_keyboard,Leisurely,SLOW,HAU/user5/4-1-1,"/Users/toheeb.ogunade/Workspace/cuchx-large/hf_data_manual/LMT_(IMU,Radar,Skeleton)/Training/HAU/user5/4-1-1",12.0,241.0,14128671.116,14128694.016,14.0,60.0,14128671.316,14128675.916,3,harn_anchored
user5|4|1,user5,4,1,2,Typing on a keyboard,17_Tap_the_keyboard,Calmly,SLOW,HAU/user5/4-1-2,"/Users/toheeb.ogunade/Workspace/cuchx-large/hf_data_manual/LMT_(IMU,Radar,Skeleton)/Training/HAU/user5/4-1-2",18.0,230.0,14128776.716,14128797.916,18.0,71.0,14128776.716,14128782.016,3,harn_anchored
user5|4|1,user5,4,1,3,Typing on a keyboard,17_Tap_the_keyboard,Hurriedly,FAST,HAU/user5/4-1-3,"/Users/toheeb.ogunade/Workspace/cuchx-large/hf_data_manual/LMT_(IMU,Radar,Skeleton)/Training/HAU/user5/4-1-3",38.0,198.0,14129082.716,14129098.716,39.0,60.0,14129082.816,14129084.916,3,harn_anchored
user5|4|1,user5,4,1,1,Calling,19_Make_a_phone_call,Leisurely,SLOW,HAU/user5/4-1-1,"/Users/toheeb.ogunade/Workspace/cuchx-large/hf_data_manual/LMT_(IMU,Radar,Skeleton)/Training/HAU/user5/4-1-1",12.0,241.0,14128671.116,14128694.016,180.0,240.0,14128687.916,14128693.916,3,harn_anchored
user5|4|1,user5,4,1,2,Calling,19_Make_a_phone_call,Calmly,SLOW,HAU/user5/4-1-2,"/Users/toheeb.ogunade/Workspace/cuchx-large/hf_data_manual/LMT_(IMU,Radar,Skeleton)/Training/HAU/user5/4-1-2",18.0,230.0,14128776.716,14128797.916,142.0,230.0,14128789.116,14128797.916,3,harn_anchored
user5|4|1,user5,4,1,3,Calling,19_Make_a_phone_call,Hurriedly,FAST,HAU/user5/4-1-3,"/Users/toheeb.ogunade/Workspace/cuchx-large/hf_data_manual/LMT_(IMU,Radar,Skeleton)/Training/HAU/user5/4-1-3",38.0,198.0,14129082.716,14129098.716,114.0,191.0,14129090.316,14129098.016,3,harn_anchored
user5|4|1,user5,4,1,1,Checking the time,20_Check_the_time,Leisurely,SLOW,HAU/user5/4-1-1,"/Users/toheeb.ogunade/Workspace/cuchx-large/hf_data_manual/LMT_(IMU,Radar,Skeleton)/Training/HAU/user5/4-1-1",12.0,241.0,14128671.116,14128694.016,54.0,69.0,14128675.316,14128676.816,3,harn_anchored
user5|4|1,user5,4,1,2,Checking the time,20_Check_the_time,Calmly,SLOW,HAU/user5/4-1-2,"/Users/toheeb.ogunade/Workspace/cuchx-large/hf_data_manual/LMT_(IMU,Radar,Skeleton)/Training/HAU/user5/4-1-2",18.0,230.0,14128776.716,14128797.916,67.0,80.0,14128781.616,14128782.916,3,harn_anchored
user5|4|1,user5,4,1,3,Checking the time,20_Check_the_time,Hurriedly,FAST,HAU/user5/4-1-3,"/Users/toheeb.ogunade/Workspace/cuchx-large/hf_data_manual/LMT_(IMU,Radar,Skeleton)/Training/HAU/user5/4-1-3",38.0,198.0,14129082.716,14129098.716,59.0,70.0,14129084.816,14129085.916,3,harn_anchored
user5|4|2,user5,4,2,1,Stirring,10_Stir_drinks,Slowly,SLOW,HAU/user5/4-2-1,"/Users/toheeb.ogunade/Workspace/cuchx-large/hf_data_manual/LMT_(IMU,Radar,Skeleton)/Training/HAU/user5/4-2-1",11.0,184.0,14134260.016,14134277.316,177.0,183.0,14134276.616,14134277.216,3,harn_anchored
user5|4|2,user5,4,2,2,Stirring,10_Stir_drinks,Evenly,NEUT,HAU/user5/4-2-2,"/Users/toheeb.ogunade/Workspace/cuchx-large/hf_data_manual/LMT_(IMU,Radar,Skeleton)/Training/HAU/user5/4-2-2",7.0,171.0,14134346.616,14134363.016,139.0,171.0,14134359.816,14134363.016,3,harn_anchored
user5|4|2,user5,4,2,3,Stirring,10_Stir_drinks,Hastily,FAST,HAU/user5/4-2-3,"/Users/toheeb.ogunade/Workspace/cuchx-large/hf_data_manual/LMT_(IMU,Radar,Skeleton)/Training/HAU/user5/4-2-3",19.0,162.0,14134436.816,14134451.116,127.0,162.0,14134447.616,14134451.116,3,harn_anchored
user5|4|2,user5,4,2,1,Pouring,9_Pour_drinks,Slowly,SLOW,HAU/user5/4-2-1,"/Users/toheeb.ogunade/Workspace/cuchx-large/hf_data_manual/LMT_(IMU,Radar,Skeleton)/Training/HAU/user5/4-2-1",11.0,184.0,14134260.016,14134277.316,117.0,159.0,14134270.616,14134274.816,3,harn_anchored
user5|4|2,user5,4,2,2,Pouring,9_Pour_drinks,Evenly,NEUT,HAU/user5/4-2-2,"/Users/toheeb.ogunade/Workspace/cuchx-large/hf_data_manual/LMT_(IMU,Radar,Skeleton)/Training/HAU/user5/4-2-2",7.0,171.0,14134346.616,14134363.016,93.0,123.0,14134355.216,14134358.216,3,harn_anchored
user5|4|2,user5,4,2,3,Pouring,9_Pour_drinks,Hastily,FAST,HAU/user5/4-2-3,"/Users/toheeb.ogunade/Workspace/cuchx-large/hf_data_manual/LMT_(IMU,Radar,Skeleton)/Training/HAU/user5/4-2-3",19.0,162.0,14134436.816,14134451.116,83.0,112.0,14134443.216,14134446.116,3,harn_anchored
user5|4|3,user5,4,3,1,Writing,18_Write,Quietly,SLOW,HAU/user5/4-3-1,"/Users/toheeb.ogunade/Workspace/cuchx-large/hf_data_manual/LMT_(IMU,Radar,Skeleton)/Training/HAU/user5/4-3-1",22.0,156.0,14129223.116,14129236.516,145.0,156.0,14129235.416,14129236.516,2,harn_anchored
user5|4|3,user5,4,3,3,Writing,18_Write,Hastily,FAST,HAU/user5/4-3-3,"/Users/toheeb.ogunade/Workspace/cuchx-large/hf_data_manual/LMT_(IMU,Radar,Skeleton)/Training/HAU/user5/4-3-3",16.0,103.0,14129416.516,14129425.216,86.0,103.0,14129423.516,14129425.216,2,harn_anchored
user5|5|1,user5,5,1,1,Mopping,13_Mop_the_floor,Meticulously,CARE,HAU/user5/5-1-1,"/Users/toheeb.ogunade/Workspace/cuchx-large/hf_data_manual/LMT_(IMU,Radar,Skeleton)/Training/HAU/user5/5-1-1",10.0,226.0,14134794.916,14134816.516,74.0,138.0,14134801.316,14134807.716,3,harn_anchored
user5|5|1,user5,5,1,2,Mopping,13_Mop_the_floor,Firmly,NEUT,HAU/user5/5-1-2,"/Users/toheeb.ogunade/Workspace/cuchx-large/hf_data_manual/LMT_(IMU,Radar,Skeleton)/Training/HAU/user5/5-1-2",15.0,250.0,14134896.416,14134919.916,65.0,135.0,14134901.416,14134908.416,3,harn_anchored
user5|5|1,user5,5,1,3,Mopping,13_Mop_the_floor,Hurriedly,FAST,HAU/user5/5-1-3,"/Users/toheeb.ogunade/Workspace/cuchx-large/hf_data_manual/LMT_(IMU,Radar,Skeleton)/Training/HAU/user5/5-1-3",13.0,146.0,14135012.216,14135025.516,51.0,86.0,14135016.016,14135019.516,3,harn_anchored
user5|5|1,user5,5,1,1,Wiping surface,15_Wipe_windows_and_tables,Meticulously,CARE,HAU/user5/5-1-1,"/Users/toheeb.ogunade/Workspace/cuchx-large/hf_data_manual/LMT_(IMU,Radar,Skeleton)/Training/HAU/user5/5-1-1",10.0,226.0,14134794.916,14134816.516,183.0,224.0,14134812.216,14134816.316,3,harn_anchored
user5|5|1,user5,5,1,2,Wiping surface,15_Wipe_windows_and_tables,Firmly,NEUT,HAU/user5/5-1-2,"/Users/toheeb.ogunade/Workspace/cuchx-large/hf_data_manual/LMT_(IMU,Radar,Skeleton)/Training/HAU/user5/5-1-2",15.0,250.0,14134896.416,14134919.916,181.0,250.0,14134913.016,14134919.916,3,harn_anchored
user5|5|1,user5,5,1,3,Wiping surface,15_Wipe_windows_and_tables,Hurriedly,FAST,HAU/user5/5-1-3,"/Users/toheeb.ogunade/Workspace/cuchx-large/hf_data_manual/LMT_(IMU,Radar,Skeleton)/Training/HAU/user5/5-1-3",13.0,146.0,14135012.216,14135025.516,112.0,145.0,14135022.116,14135025.416,3,harn_anchored
user5|6|1,user5,6,1,1,Lunges,35_Do_lunges,Slowly,SLOW,HAU/user5/6-1-1,"/Users/toheeb.ogunade/Workspace/cuchx-large/hf_data_manual/LMT_(IMU,Radar,Skeleton)/Training/HAU/user5/6-1-1",27.0,268.0,14121518.616,14121542.716,100.0,167.0,14121525.916,14121532.616,3,harn_anchored
user5|6|1,user5,6,1,2,Lunges,35_Do_lunges,Orderly,CARE,HAU/user5/6-1-2,"/Users/toheeb.ogunade/Workspace/cuchx-large/hf_data_manual/LMT_(IMU,Radar,Skeleton)/Training/HAU/user5/6-1-2",26.0,196.0,14121582.516,14121599.516,76.0,117.0,14121587.516,14121591.616,3,harn_anchored
user5|6|1,user5,6,1,3,Lunges,35_Do_lunges,Hastily,FAST,HAU/user5/6-1-3,"/Users/toheeb.ogunade/Workspace/cuchx-large/hf_data_manual/LMT_(IMU,Radar,Skeleton)/Training/HAU/user5/6-1-3",18.0,141.0,14121653.716,14121666.016,50.0,86.0,14121656.916,14121660.516,3,harn_anchored
user5|6|2,user5,6,2,1,Peeling fruit,11_Peel_fruits,Slowly,SLOW,HAU/user5/6-2-1,"/Users/toheeb.ogunade/Workspace/cuchx-large/hf_data_manual/LMT_(IMU,Radar,Skeleton)/Training/HAU/user5/6-2-1",11.0,222.0,14135175.016,14135196.116,86.0,140.0,14135182.516,14135187.916,3,harn_anchored
user5|6|2,user5,6,2,2,Peeling fruit,11_Peel_fruits,Steadily,NEUT,HAU/user5/6-2-2,"/Users/toheeb.ogunade/Workspace/cuchx-large/hf_data_manual/LMT_(IMU,Radar,Skeleton)/Training/HAU/user5/6-2-2",12.0,283.0,14135704.116,14135731.216,89.0,142.0,14135711.816,14135717.116,3,harn_anchored
user5|6|2,user5,6,2,3,Peeling fruit,11_Peel_fruits,Urgently,FAST,HAU/user5/6-2-3,"/Users/toheeb.ogunade/Workspace/cuchx-large/hf_data_manual/LMT_(IMU,Radar,Skeleton)/Training/HAU/user5/6-2-3",16.0,172.0,14135868.516,14135884.116,69.0,91.0,14135873.816,14135876.016,3,harn_anchored
user5|6|2,user5,6,2,1,Drinking,6_Drink_water,Slowly,SLOW,HAU/user5/6-2-1,"/Users/toheeb.ogunade/Workspace/cuchx-large/hf_data_manual/LMT_(IMU,Radar,Skeleton)/Training/HAU/user5/6-2-1",11.0,222.0,14135175.016,14135196.116,185.0,222.0,14135192.416,14135196.116,3,harn_anchored
user5|6|2,user5,6,2,2,Drinking,6_Drink_water,Steadily,NEUT,HAU/user5/6-2-2,"/Users/toheeb.ogunade/Workspace/cuchx-large/hf_data_manual/LMT_(IMU,Radar,Skeleton)/Training/HAU/user5/6-2-2",12.0,283.0,14135704.116,14135731.216,213.0,283.0,14135724.216,14135731.216,3,harn_anchored
user5|6|2,user5,6,2,3,Drinking,6_Drink_water,Urgently,FAST,HAU/user5/6-2-3,"/Users/toheeb.ogunade/Workspace/cuchx-large/hf_data_manual/LMT_(IMU,Radar,Skeleton)/Training/HAU/user5/6-2-3",16.0,172.0,14135868.516,14135884.116,147.0,172.0,14135881.616,14135884.116,3,harn_anchored
user5|6|2,user5,6,2,1,Eating,7_Eat_food,Slowly,SLOW,HAU/user5/6-2-1,"/Users/toheeb.ogunade/Workspace/cuchx-large/hf_data_manual/LMT_(IMU,Radar,Skeleton)/Training/HAU/user5/6-2-1",11.0,222.0,14135175.016,14135196.116,139.0,180.0,14135187.816,14135191.916,3,harn_anchored
user5|6|2,user5,6,2,2,Eating,7_Eat_food,Steadily,NEUT,HAU/user5/6-2-2,"/Users/toheeb.ogunade/Workspace/cuchx-large/hf_data_manual/LMT_(IMU,Radar,Skeleton)/Training/HAU/user5/6-2-2",12.0,283.0,14135704.116,14135731.216,142.0,193.0,14135717.116,14135722.216,3,harn_anchored
user5|6|2,user5,6,2,3,Eating,7_Eat_food,Urgently,FAST,HAU/user5/6-2-3,"/Users/toheeb.ogunade/Workspace/cuchx-large/hf_data_manual/LMT_(IMU,Radar,Skeleton)/Training/HAU/user5/6-2-3",16.0,172.0,14135868.516,14135884.116,96.0,129.0,14135876.516,14135879.816,3,harn_anchored
user5|7|1,user5,7,1,1,Combing hair,2_Comb_hair,Gently,SLOW,HAU/user5/7-1-1,"/Users/toheeb.ogunade/Workspace/cuchx-large/hf_data_manual/LMT_(IMU,Radar,Skeleton)/Training/HAU/user5/7-1-1",7.0,371.0,14121932.616,14121969.016,302.0,371.0,14121962.116,14121969.016,3,harn_anchored
user5|7|1,user5,7,1,2,Combing hair,2_Comb_hair,Calmly,SLOW,HAU/user5/7-1-2,"/Users/toheeb.ogunade/Workspace/cuchx-large/hf_data_manual/LMT_(IMU,Radar,Skeleton)/Training/HAU/user5/7-1-2",16.0,254.0,14122029.516,14122053.316,193.0,254.0,14122047.216,14122053.316,3,harn_anchored
user5|7|1,user5,7,1,3,Combing hair,2_Comb_hair,Anxiously,NERV,HAU/user5/7-1-3,"/Users/toheeb.ogunade/Workspace/cuchx-large/hf_data_manual/LMT_(IMU,Radar,Skeleton)/Training/HAU/user5/7-1-3",18.0,231.0,14122113.716,14122135.016,173.0,231.0,14122129.216,14122135.016,3,harn_anchored
user5|7|1,user5,7,1,1,Sitting down,34_Sit_down,Gently,SLOW,HAU/user5/7-1-1,"/Users/toheeb.ogunade/Workspace/cuchx-large/hf_data_manual/LMT_(IMU,Radar,Skeleton)/Training/HAU/user5/7-1-1",7.0,371.0,14121932.616,14121969.016,281.0,294.0,14121960.016,14121961.316,3,harn_anchored
user5|7|1,user5,7,1,2,Sitting down,34_Sit_down,Calmly,SLOW,HAU/user5/7-1-2,"/Users/toheeb.ogunade/Workspace/cuchx-large/hf_data_manual/LMT_(IMU,Radar,Skeleton)/Training/HAU/user5/7-1-2",16.0,254.0,14122029.516,14122053.316,172.0,179.0,14122045.116,14122045.816,3,harn_anchored
user5|7|1,user5,7,1,3,Sitting down,34_Sit_down,Anxiously,NERV,HAU/user5/7-1-3,"/Users/toheeb.ogunade/Workspace/cuchx-large/hf_data_manual/LMT_(IMU,Radar,Skeleton)/Training/HAU/user5/7-1-3",18.0,231.0,14122113.716,14122135.016,161.0,169.0,14122128.016,14122128.816,3,harn_anchored
user5|7|2,user5,7,2,1,Mopping,13_Mop_the_floor,Slowly,SLOW,HAU/user5/7-2-1,"/Users/toheeb.ogunade/Workspace/cuchx-large/hf_data_manual/LMT_(IMU,Radar,Skeleton)/Training/HAU/user5/7-2-1",12.0,279.0,14136006.116,14136032.816,209.0,278.0,14136025.816,14136032.716,3,harn_anchored
user5|7|2,user5,7,2,2,Mopping,13_Mop_the_floor,Quickly,FAST,HAU/user5/7-2-2,"/Users/toheeb.ogunade/Workspace/cuchx-large/hf_data_manual/LMT_(IMU,Radar,Skeleton)/Training/HAU/user5/7-2-2",21.0,205.0,14136142.016,14136160.416,155.0,205.0,14136155.416,14136160.416,3,harn_anchored
user5|7|2,user5,7,2,3,Mopping,13_Mop_the_floor,Hurriedly,FAST,HAU/user5/7-2-3,"/Users/toheeb.ogunade/Workspace/cuchx-large/hf_data_manual/LMT_(IMU,Radar,Skeleton)/Training/HAU/user5/7-2-3",21.0,165.0,14136247.016,14136261.416,130.0,164.0,14136257.916,14136261.316,3,harn_anchored
user5|7|2,user5,7,2,1,Drinking,6_Drink_water,Slowly,SLOW,HAU/user5/7-2-1,"/Users/toheeb.ogunade/Workspace/cuchx-large/hf_data_manual/LMT_(IMU,Radar,Skeleton)/Training/HAU/user5/7-2-1",12.0,279.0,14136006.116,14136032.816,133.0,185.0,14136018.216,14136023.416,3,harn_anchored
user5|7|2,user5,7,2,2,Drinking,6_Drink_water,Quickly,FAST,HAU/user5/7-2-2,"/Users/toheeb.ogunade/Workspace/cuchx-large/hf_data_manual/LMT_(IMU,Radar,Skeleton)/Training/HAU/user5/7-2-2",21.0,205.0,14136142.016,14136160.416,118.0,141.0,14136151.716,14136154.016,3,harn_anchored
user5|7|2,user5,7,2,3,Drinking,6_Drink_water,Hurriedly,FAST,HAU/user5/7-2-3,"/Users/toheeb.ogunade/Workspace/cuchx-large/hf_data_manual/LMT_(IMU,Radar,Skeleton)/Training/HAU/user5/7-2-3",21.0,165.0,14136247.016,14136261.416,95.0,114.0,14136254.416,14136256.316,3,harn_anchored
user5|7|2,user5,7,2,1,Pouring,9_Pour_drinks,Slowly,SLOW,HAU/user5/7-2-1,"/Users/toheeb.ogunade/Workspace/cuchx-large/hf_data_manual/LMT_(IMU,Radar,Skeleton)/Training/HAU/user5/7-2-1",12.0,279.0,14136006.116,14136032.816,98.0,132.0,14136014.716,14136018.116,3,harn_anchored
user5|7|2,user5,7,2,2,Pouring,9_Pour_drinks,Quickly,FAST,HAU/user5/7-2-2,"/Users/toheeb.ogunade/Workspace/cuchx-large/hf_data_manual/LMT_(IMU,Radar,Skeleton)/Training/HAU/user5/7-2-2",21.0,205.0,14136142.016,14136160.416,96.0,115.0,14136149.516,14136151.416,3,harn_anchored
user5|7|2,user5,7,2,3,Pouring,9_Pour_drinks,Hurriedly,FAST,HAU/user5/7-2-3,"/Users/toheeb.ogunade/Workspace/cuchx-large/hf_data_manual/LMT_(IMU,Radar,Skeleton)/Training/HAU/user5/7-2-3",21.0,165.0,14136247.016,14136261.416,82.0,94.0,14136253.116,14136254.316,3,harn_anchored
user6|1|1,user6,1,1,1,Washing face,0_Wash_face,Softly,SLOW,HAU/user6/1-1-1,"/Users/toheeb.ogunade/Workspace/cuchx-large/hf_data_manual/LMT_(IMU,Radar,Skeleton)/Training/HAU/user6/1-1-1",27.0,182.0,16134153.616,16134169.116,136.0,182.0,16134164.516,16134169.116,3,harn_anchored
user6|1|1,user6,1,1,2,Washing face,0_Wash_face,Calmly,SLOW,HAU/user6/1-1-2,"/Users/toheeb.ogunade/Workspace/cuchx-large/hf_data_manual/LMT_(IMU,Radar,Skeleton)/Training/HAU/user6/1-1-2",20.0,171.0,16134338.916,16134354.016,127.0,171.0,16134349.616,16134354.016,3,harn_anchored
user6|1|1,user6,1,1,3,Washing face,0_Wash_face,Hurriedly,FAST,HAU/user6/1-1-3,"/Users/toheeb.ogunade/Workspace/cuchx-large/hf_data_manual/LMT_(IMU,Radar,Skeleton)/Training/HAU/user6/1-1-3",21.0,102.0,16134452.016,16134460.116,69.0,102.0,16134456.816,16134460.116,3,harn_anchored
user6|1|1,user6,1,1,1,Brushing teeth,1_Brush_teeth,Softly,SLOW,HAU/user6/1-1-1,"/Users/toheeb.ogunade/Workspace/cuchx-large/hf_data_manual/LMT_(IMU,Radar,Skeleton)/Training/HAU/user6/1-1-1",27.0,182.0,16134153.616,16134169.116,61.0,132.0,16134157.016,16134164.116,3,harn_anchored
user6|1|1,user6,1,1,2,Brushing teeth,1_Brush_teeth,Calmly,SLOW,HAU/user6/1-1-2,"/Users/toheeb.ogunade/Workspace/cuchx-large/hf_data_manual/LMT_(IMU,Radar,Skeleton)/Training/HAU/user6/1-1-2",20.0,171.0,16134338.916,16134354.016,48.0,123.0,16134341.716,16134349.216,3,harn_anchored
user6|1|1,user6,1,1,3,Brushing teeth,1_Brush_teeth,Hurriedly,FAST,HAU/user6/1-1-3,"/Users/toheeb.ogunade/Workspace/cuchx-large/hf_data_manual/LMT_(IMU,Radar,Skeleton)/Training/HAU/user6/1-1-3",21.0,102.0,16134452.016,16134460.116,40.0,67.0,16134453.916,16134456.616,3,harn_anchored
user6|1|1,user6,1,1,1,Walking,36_Walk,Softly,SLOW,HAU/user6/1-1-1,"/Users/toheeb.ogunade/Workspace/cuchx-large/hf_data_manual/LMT_(IMU,Radar,Skeleton)/Training/HAU/user6/1-1-1",27.0,182.0,16134153.616,16134169.116,27.0,52.0,16134153.616,16134156.116,3,harn_anchored
user6|1|1,user6,1,1,2,Walking,36_Walk,Calmly,SLOW,HAU/user6/1-1-2,"/Users/toheeb.ogunade/Workspace/cuchx-large/hf_data_manual/LMT_(IMU,Radar,Skeleton)/Training/HAU/user6/1-1-2",20.0,171.0,16134338.916,16134354.016,20.0,43.0,16134338.916,16134341.216,3,harn_anchored
user6|1|1,user6,1,1,3,Walking,36_Walk,Hurriedly,FAST,HAU/user6/1-1-3,"/Users/toheeb.ogunade/Workspace/cuchx-large/hf_data_manual/LMT_(IMU,Radar,Skeleton)/Training/HAU/user6/1-1-3",21.0,102.0,16134452.016,16134460.116,22.0,36.0,16134452.116,16134453.516,3,harn_anchored
user6|1|2,user6,1,2,1,Stirring,10_Stir_drinks,Slowly,SLOW,HAU/user6/1-2-1,"/Users/toheeb.ogunade/Workspace/cuchx-large/hf_data_manual/LMT_(IMU,Radar,Skeleton)/Training/HAU/user6/1-2-1",19.0,335.0,16201552.816,16201584.416,249.0,278.0,16201575.816,16201578.716,3,harn_anchored
user6|1|2,user6,1,2,2,Stirring,10_Stir_drinks,Peacefully,SLOW,HAU/user6/1-2-2,"/Users/toheeb.ogunade/Workspace/cuchx-large/hf_data_manual/LMT_(IMU,Radar,Skeleton)/Training/HAU/user6/1-2-2",20.0,222.0,16201676.916,16201697.116,141.0,163.0,16201689.016,16201691.216,3,harn_anchored
user6|1|2,user6,1,2,3,Stirring,10_Stir_drinks,Hurriedly,FAST,HAU/user6/1-2-3,"/Users/toheeb.ogunade/Workspace/cuchx-large/hf_data_manual/LMT_(IMU,Radar,Skeleton)/Training/HAU/user6/1-2-3",23.0,123.0,16201744.216,16201754.216,74.0,86.0,16201749.316,16201750.516,3,harn_anchored
user6|1|2,user6,1,2,1,Peeling fruit,11_Peel_fruits,Slowly,SLOW,HAU/user6/1-2-1,"/Users/toheeb.ogunade/Workspace/cuchx-large/hf_data_manual/LMT_(IMU,Radar,Skeleton)/Training/HAU/user6/1-2-1",19.0,335.0,16201552.816,16201584.416,19.0,64.0,16201552.816,16201557.316,3,harn_anchored
user6|1|2,user6,1,2,2,Peeling fruit,11_Peel_fruits,Peacefully,SLOW,HAU/user6/1-2-2,"/Users/toheeb.ogunade/Workspace/cuchx-large/hf_data_manual/LMT_(IMU,Radar,Skeleton)/Training/HAU/user6/1-2-2",20.0,222.0,16201676.916,16201697.116,20.0,43.0,16201676.916,16201679.216,3,harn_anchored
user6|1|2,user6,1,2,3,Peeling fruit,11_Peel_fruits,Hurriedly,FAST,HAU/user6/1-2-3,"/Users/toheeb.ogunade/Workspace/cuchx-large/hf_data_manual/LMT_(IMU,Radar,Skeleton)/Training/HAU/user6/1-2-3",23.0,123.0,16201744.216,16201754.216,23.0,33.0,16201744.216,16201745.216,3,harn_anchored
user6|1|2,user6,1,2,1,Drinking,6_Drink_water,Slowly,SLOW,HAU/user6/1-2-1,"/Users/toheeb.ogunade/Workspace/cuchx-large/hf_data_manual/LMT_(IMU,Radar,Skeleton)/Training/HAU/user6/1-2-1",19.0,335.0,16201552.816,16201584.416,279.0,335.0,16201578.816,16201584.416,3,harn_anchored
user6|1|2,user6,1,2,2,Drinking,6_Drink_water,Peacefully,SLOW,HAU/user6/1-2-2,"/Users/toheeb.ogunade/Workspace/cuchx-large/hf_data_manual/LMT_(IMU,Radar,Skeleton)/Training/HAU/user6/1-2-2",20.0,222.0,16201676.916,16201697.116,168.0,222.0,16201691.716,16201697.116,3,harn_anchored
user6|1|2,user6,1,2,3,Drinking,6_Drink_water,Hurriedly,FAST,HAU/user6/1-2-3,"/Users/toheeb.ogunade/Workspace/cuchx-large/hf_data_manual/LMT_(IMU,Radar,Skeleton)/Training/HAU/user6/1-2-3",23.0,123.0,16201744.216,16201754.216,87.0,122.0,16201750.616,16201754.116,3,harn_anchored
user6|1|2,user6,1,2,1,Eating,7_Eat_food,Slowly,SLOW,HAU/user6/1-2-1,"/Users/toheeb.ogunade/Workspace/cuchx-large/hf_data_manual/LMT_(IMU,Radar,Skeleton)/Training/HAU/user6/1-2-1",19.0,335.0,16201552.816,16201584.416,80.0,111.0,16201558.916,16201562.016,3,harn_anchored
user6|1|2,user6,1,2,2,Eating,7_Eat_food,Peacefully,SLOW,HAU/user6/1-2-2,"/Users/toheeb.ogunade/Workspace/cuchx-large/hf_data_manual/LMT_(IMU,Radar,Skeleton)/Training/HAU/user6/1-2-2",20.0,222.0,16201676.916,16201697.116,44.0,63.0,16201679.316,16201681.216,3,harn_anchored
user6|1|2,user6,1,2,3,Eating,7_Eat_food,Hurriedly,FAST,HAU/user6/1-2-3,"/Users/toheeb.ogunade/Workspace/cuchx-large/hf_data_manual/LMT_(IMU,Radar,Skeleton)/Training/HAU/user6/1-2-3",23.0,123.0,16201744.216,16201754.216,33.0,41.0,16201745.216,16201746.016,3,harn_anchored
user6|1|2,user6,1,2,1,Grabbing utensils,8_Take_and_use_tableware,Slowly,SLOW,HAU/user6/1-2-1,"/Users/toheeb.ogunade/Workspace/cuchx-large/hf_data_manual/LMT_(IMU,Radar,Skeleton)/Training/HAU/user6/1-2-1",19.0,335.0,16201552.816,16201584.416,249.0,278.0,16201575.816,16201578.716,3,harn_anchored
user6|1|2,user6,1,2,2,Grabbing utensils,8_Take_and_use_tableware,Peacefully,SLOW,HAU/user6/1-2-2,"/Users/toheeb.ogunade/Workspace/cuchx-large/hf_data_manual/LMT_(IMU,Radar,Skeleton)/Training/HAU/user6/1-2-2",20.0,222.0,16201676.916,16201697.116,141.0,163.0,16201689.016,16201691.216,3,harn_anchored
user6|1|2,user6,1,2,3,Grabbing utensils,8_Take_and_use_tableware,Hurriedly,FAST,HAU/user6/1-2-3,"/Users/toheeb.ogunade/Workspace/cuchx-large/hf_data_manual/LMT_(IMU,Radar,Skeleton)/Training/HAU/user6/1-2-3",23.0,123.0,16201744.216,16201754.216,74.0,86.0,16201749.316,16201750.516,3,harn_anchored
user6|1|2,user6,1,2,1,Pouring,9_Pour_drinks,Slowly,SLOW,HAU/user6/1-2-1,"/Users/toheeb.ogunade/Workspace/cuchx-large/hf_data_manual/LMT_(IMU,Radar,Skeleton)/Training/HAU/user6/1-2-1",19.0,335.0,16201552.816,16201584.416,123.0,246.0,16201563.216,16201575.516,3,harn_anchored
user6|1|2,user6,1,2,2,Pouring,9_Pour_drinks,Peacefully,SLOW,HAU/user6/1-2-2,"/Users/toheeb.ogunade/Workspace/cuchx-large/hf_data_manual/LMT_(IMU,Radar,Skeleton)/Training/HAU/user6/1-2-2",20.0,222.0,16201676.916,16201697.116,77.0,109.0,16201682.616,16201685.816,3,harn_anchored
user6|1|2,user6,1,2,3,Pouring,9_Pour_drinks,Hurriedly,FAST,HAU/user6/1-2-3,"/Users/toheeb.ogunade/Workspace/cuchx-large/hf_data_manual/LMT_(IMU,Radar,Skeleton)/Training/HAU/user6/1-2-3",23.0,123.0,16201744.216,16201754.216,55.0,72.0,16201747.416,16201749.116,3,harn_anchored
user6|2|1,user6,2,1,1,Stirring,10_Stir_drinks,Leisurely,SLOW,HAU/user6/2-1-1,"/Users/toheeb.ogunade/Workspace/cuchx-large/hf_data_manual/LMT_(IMU,Radar,Skeleton)/Training/HAU/user6/2-1-1",20.0,208.0,16201949.916,16201968.716,146.0,206.0,16201962.516,16201968.516,3,harn_anchored
user6|2|1,user6,2,1,2,Stirring,10_Stir_drinks,Calmly,SLOW,HAU/user6/2-1-2,"/Users/toheeb.ogunade/Workspace/cuchx-large/hf_data_manual/LMT_(IMU,Radar,Skeleton)/Training/HAU/user6/2-1-2",23.0,176.0,16202046.216,16202061.516,137.0,176.0,16202057.616,16202061.516,3,harn_anchored
user6|2|1,user6,2,1,3,Stirring,10_Stir_drinks,Quickly,FAST,HAU/user6/2-1-3,"/Users/toheeb.ogunade/Workspace/cuchx-large/hf_data_manual/LMT_(IMU,Radar,Skeleton)/Training/HAU/user6/2-1-3",26.0,125.0,16202118.516,16202128.416,89.0,125.0,16202124.816,16202128.416,3,harn_anchored
user6|2|1,user6,2,1,1,Grabbing utensils,8_Take_and_use_tableware,Leisurely,SLOW,HAU/user6/2-1-1,"/Users/toheeb.ogunade/Workspace/cuchx-large/hf_data_manual/LMT_(IMU,Radar,Skeleton)/Training/HAU/user6/2-1-1",20.0,208.0,16201949.916,16201968.716,146.0,206.0,16201962.516,16201968.516,3,harn_anchored
user6|2|1,user6,2,1,2,Grabbing utensils,8_Take_and_use_tableware,Calmly,SLOW,HAU/user6/2-1-2,"/Users/toheeb.ogunade/Workspace/cuchx-large/hf_data_manual/LMT_(IMU,Radar,Skeleton)/Training/HAU/user6/2-1-2",23.0,176.0,16202046.216,16202061.516,137.0,176.0,16202057.616,16202061.516,3,harn_anchored
user6|2|1,user6,2,1,3,Grabbing utensils,8_Take_and_use_tableware,Quickly,FAST,HAU/user6/2-1-3,"/Users/toheeb.ogunade/Workspace/cuchx-large/hf_data_manual/LMT_(IMU,Radar,Skeleton)/Training/HAU/user6/2-1-3",26.0,125.0,16202118.516,16202128.416,89.0,125.0,16202124.816,16202128.416,3,harn_anchored
user6|2|1,user6,2,1,1,Pouring,9_Pour_drinks,Leisurely,SLOW,HAU/user6/2-1-1,"/Users/toheeb.ogunade/Workspace/cuchx-large/hf_data_manual/LMT_(IMU,Radar,Skeleton)/Training/HAU/user6/2-1-1",20.0,208.0,16201949.916,16201968.716,73.0,127.0,16201955.216,16201960.616,3,harn_anchored
user6|2|1,user6,2,1,2,Pouring,9_Pour_drinks,Calmly,SLOW,HAU/user6/2-1-2,"/Users/toheeb.ogunade/Workspace/cuchx-large/hf_data_manual/LMT_(IMU,Radar,Skeleton)/Training/HAU/user6/2-1-2",23.0,176.0,16202046.216,16202061.516,71.0,116.0,16202051.016,16202055.516,3,harn_anchored
user6|2|1,user6,2,1,3,Pouring,9_Pour_drinks,Quickly,FAST,HAU/user6/2-1-3,"/Users/toheeb.ogunade/Workspace/cuchx-large/hf_data_manual/LMT_(IMU,Radar,Skeleton)/Training/HAU/user6/2-1-3",26.0,125.0,16202118.516,16202128.416,55.0,77.0,16202121.416,16202123.616,3,harn_anchored
user6|2|2,user6,2,2,1,Combing hair,2_Comb_hair,Slowly,SLOW,HAU/user6/2-2-1,"/Users/toheeb.ogunade/Workspace/cuchx-large/hf_data_manual/LMT_(IMU,Radar,Skeleton)/Training/HAU/user6/2-2-1",20.0,114.0,16134589.916,16134599.316,91.0,114.0,16134597.016,16134599.316,2,harn_anchored
user6|2|2,user6,2,2,2,Combing hair,2_Comb_hair,Seriously,CARE,HAU/user6/2-2-2,"/Users/toheeb.ogunade/Workspace/cuchx-large/hf_data_manual/LMT_(IMU,Radar,Skeleton)/Training/HAU/user6/2-2-2",14.0,92.0,16134674.316,16134682.116,56.0,92.0,16134678.516,16134682.116,2,harn_anchored
user6|2|2,user6,2,2,1,Wiping hands,4_Wipe_hands,Slowly,SLOW,HAU/user6/2-2-1,"/Users/toheeb.ogunade/Workspace/cuchx-large/hf_data_manual/LMT_(IMU,Radar,Skeleton)/Training/HAU/user6/2-2-1",20.0,114.0,16134589.916,16134599.316,44.0,63.0,16134592.316,16134594.216,3,harn_anchored
user6|2|2,user6,2,2,2,Wiping hands,4_Wipe_hands,Seriously,CARE,HAU/user6/2-2-2,"/Users/toheeb.ogunade/Workspace/cuchx-large/hf_data_manual/LMT_(IMU,Radar,Skeleton)/Training/HAU/user6/2-2-2",14.0,92.0,16134674.316,16134682.116,22.0,45.0,16134675.116,16134677.416,3,harn_anchored
user6|2|2,user6,2,2,3,Wiping hands,4_Wipe_hands,Hastily,FAST,HAU/user6/2-2-3,"/Users/toheeb.ogunade/Workspace/cuchx-large/hf_data_manual/LMT_(IMU,Radar,Skeleton)/Training/HAU/user6/2-2-3",24.0,75.0,16134816.316,16134821.416,36.0,46.0,16134817.516,16134818.516,3,harn_anchored
user6|2|3,user6,2,3,1,Walking,36_Walk,Patiently,SLOW,HAU/user6/2-3-1,"/Users/toheeb.ogunade/Workspace/cuchx-large/hf_data_manual/LMT_(IMU,Radar,Skeleton)/Training/HAU/user6/2-3-1",22.0,172.0,16202296.116,16202311.116,38.0,47.0,16202297.716,16202298.616,3,harn_anchored
user6|2|3,user6,2,3,2,Walking,36_Walk,Calmly,SLOW,HAU/user6/2-3-2,"/Users/toheeb.ogunade/Workspace/cuchx-large/hf_data_manual/LMT_(IMU,Radar,Skeleton)/Training/HAU/user6/2-3-2",23.0,152.0,16202365.216,16202378.116,42.0,50.0,16202367.116,16202367.916,3,harn_anchored
user6|2|3,user6,2,3,3,Walking,36_Walk,Hurriedly,FAST,HAU/user6/2-3-3,"/Users/toheeb.ogunade/Workspace/cuchx-large/hf_data_manual/LMT_(IMU,Radar,Skeleton)/Training/HAU/user6/2-3-3",27.0,103.0,16202416.616,16202424.216,38.0,44.0,16202417.716,16202418.316,3,harn_anchored
user6|2|3,user6,2,3,1,Grabbing utensils,8_Take_and_use_tableware,Patiently,SLOW,HAU/user6/2-3-1,"/Users/toheeb.ogunade/Workspace/cuchx-large/hf_data_manual/LMT_(IMU,Radar,Skeleton)/Training/HAU/user6/2-3-1",22.0,172.0,16202296.116,16202311.116,74.0,114.0,16202301.316,16202305.316,3,harn_anchored
user6|2|3,user6,2,3,2,Grabbing utensils,8_Take_and_use_tableware,Calmly,SLOW,HAU/user6/2-3-2,"/Users/toheeb.ogunade/Workspace/cuchx-large/hf_data_manual/LMT_(IMU,Radar,Skeleton)/Training/HAU/user6/2-3-2",23.0,152.0,16202365.216,16202378.116,74.0,123.0,16202370.316,16202375.216,3,harn_anchored
user6|2|3,user6,2,3,3,Grabbing utensils,8_Take_and_use_tableware,Hurriedly,FAST,HAU/user6/2-3-3,"/Users/toheeb.ogunade/Workspace/cuchx-large/hf_data_manual/LMT_(IMU,Radar,Skeleton)/Training/HAU/user6/2-3-3",27.0,103.0,16202416.616,16202424.216,52.0,103.0,16202419.116,16202424.216,3,harn_anchored
user6|3|1,user6,3,1,1,Sweeping,12_Sweep_the_floor,Leisurely,SLOW,HAU/user6/3-1-1,"/Users/toheeb.ogunade/Workspace/cuchx-large/hf_data_manual/LMT_(IMU,Radar,Skeleton)/Training/HAU/user6/3-1-1",14.0,420.0,16052985.316,16053025.916,14.0,249.0,16052985.316,16053008.816,3,harn_anchored
user6|3|1,user6,3,1,2,Sweeping,12_Sweep_the_floor,Orderly,CARE,HAU/user6/3-1-2,"/Users/toheeb.ogunade/Workspace/cuchx-large/hf_data_manual/LMT_(IMU,Radar,Skeleton)/Training/HAU/user6/3-1-2",14.0,254.0,16053128.316,16053152.316,14.0,114.0,16053128.316,16053138.316,3,harn_anchored
user6|3|1,user6,3,1,3,Sweeping,12_Sweep_the_floor,Frantically,FAST,HAU/user6/3-1-3,"/Users/toheeb.ogunade/Workspace/cuchx-large/hf_data_manual/LMT_(IMU,Radar,Skeleton)/Training/HAU/user6/3-1-3",12.0,125.0,16053219.116,16053230.416,12.0,61.0,16053219.116,16053224.016,3,harn_anchored
user6|3|1,user6,3,1,1,Mopping,13_Mop_the_floor,Leisurely,SLOW,HAU/user6/3-1-1,"/Users/toheeb.ogunade/Workspace/cuchx-large/hf_data_manual/LMT_(IMU,Radar,Skeleton)/Training/HAU/user6/3-1-1",14.0,420.0,16052985.316,16053025.916,310.0,420.0,16053014.916,16053025.916,3,harn_anchored
user6|3|1,user6,3,1,2,Mopping,13_Mop_the_floor,Orderly,CARE,HAU/user6/3-1-2,"/Users/toheeb.ogunade/Workspace/cuchx-large/hf_data_manual/LMT_(IMU,Radar,Skeleton)/Training/HAU/user6/3-1-2",14.0,254.0,16053128.316,16053152.316,192.0,254.0,16053146.116,16053152.316,3,harn_anchored
user6|3|1,user6,3,1,3,Mopping,13_Mop_the_floor,Frantically,FAST,HAU/user6/3-1-3,"/Users/toheeb.ogunade/Workspace/cuchx-large/hf_data_manual/LMT_(IMU,Radar,Skeleton)/Training/HAU/user6/3-1-3",12.0,125.0,16053219.116,16053230.416,91.0,121.0,16053227.016,16053230.016,3,harn_anchored
user6|3|1,user6,3,1,1,Squats,29_Do_squats,Leisurely,SLOW,HAU/user6/3-1-1,"/Users/toheeb.ogunade/Workspace/cuchx-large/hf_data_manual/LMT_(IMU,Radar,Skeleton)/Training/HAU/user6/3-1-1",14.0,420.0,16052985.316,16053025.916,278.0,294.0,16053011.716,16053013.316,3,harn_anchored
user6|3|1,user6,3,1,2,Squats,29_Do_squats,Orderly,CARE,HAU/user6/3-1-2,"/Users/toheeb.ogunade/Workspace/cuchx-large/hf_data_manual/LMT_(IMU,Radar,Skeleton)/Training/HAU/user6/3-1-2",14.0,254.0,16053128.316,16053152.316,138.0,184.0,16053140.716,16053145.316,3,harn_anchored
user6|3|1,user6,3,1,3,Squats,29_Do_squats,Frantically,FAST,HAU/user6/3-1-3,"/Users/toheeb.ogunade/Workspace/cuchx-large/hf_data_manual/LMT_(IMU,Radar,Skeleton)/Training/HAU/user6/3-1-3",12.0,125.0,16053219.116,16053230.416,75.0,90.0,16053225.416,16053226.916,3,harn_anchored
user6|3|1,user6,3,1,1,Walking,36_Walk,Leisurely,SLOW,HAU/user6/3-1-1,"/Users/toheeb.ogunade/Workspace/cuchx-large/hf_data_manual/LMT_(IMU,Radar,Skeleton)/Training/HAU/user6/3-1-1",14.0,420.0,16052985.316,16053025.916,250.0,277.0,16053008.916,16053011.616,3,harn_anchored
user6|3|1,user6,3,1,2,Walking,36_Walk,Orderly,CARE,HAU/user6/3-1-2,"/Users/toheeb.ogunade/Workspace/cuchx-large/hf_data_manual/LMT_(IMU,Radar,Skeleton)/Training/HAU/user6/3-1-2",14.0,254.0,16053128.316,16053152.316,115.0,137.0,16053138.416,16053140.616,3,harn_anchored
user6|3|1,user6,3,1,3,Walking,36_Walk,Frantically,FAST,HAU/user6/3-1-3,"/Users/toheeb.ogunade/Workspace/cuchx-large/hf_data_manual/LMT_(IMU,Radar,Skeleton)/Training/HAU/user6/3-1-3",12.0,125.0,16053219.116,16053230.416,62.0,74.0,16053224.116,16053225.316,3,harn_anchored
user6|3|2,user6,3,2,1,Peeling fruit,11_Peel_fruits,Patiently,SLOW,HAU/user6/3-2-1,"/Users/toheeb.ogunade/Workspace/cuchx-large/hf_data_manual/LMT_(IMU,Radar,Skeleton)/Training/HAU/user6/3-2-1",18.0,228.0,16202520.716,16202541.716,166.0,199.0,16202535.516,16202538.816,3,harn_anchored
user6|3|2,user6,3,2,2,Peeling fruit,11_Peel_fruits,Attentively,CARE,HAU/user6/3-2-2,"/Users/toheeb.ogunade/Workspace/cuchx-large/hf_data_manual/LMT_(IMU,Radar,Skeleton)/Training/HAU/user6/3-2-2",13.0,194.0,16202600.216,16202618.316,146.0,171.0,16202613.516,16202616.016,3,harn_anchored
user6|3|2,user6,3,2,3,Peeling fruit,11_Peel_fruits,Nervously,NERV,HAU/user6/3-2-3,"/Users/toheeb.ogunade/Workspace/cuchx-large/hf_data_manual/LMT_(IMU,Radar,Skeleton)/Training/HAU/user6/3-2-3",17.0,131.0,16202694.616,16202706.016,109.0,131.0,16202703.816,16202706.016,3,harn_anchored
user6|3|2,user6,3,2,1,Washing dishes,14_Wipe_bowls,Patiently,SLOW,HAU/user6/3-2-1,"/Users/toheeb.ogunade/Workspace/cuchx-large/hf_data_manual/LMT_(IMU,Radar,Skeleton)/Training/HAU/user6/3-2-1",18.0,228.0,16202520.716,16202541.716,18.0,83.0,16202520.716,16202527.216,3,harn_anchored
user6|3|2,user6,3,2,2,Washing dishes,14_Wipe_bowls,Attentively,CARE,HAU/user6/3-2-2,"/Users/toheeb.ogunade/Workspace/cuchx-large/hf_data_manual/LMT_(IMU,Radar,Skeleton)/Training/HAU/user6/3-2-2",13.0,194.0,16202600.216,16202618.316,13.0,77.0,16202600.216,16202606.616,3,harn_anchored
user6|3|2,user6,3,2,3,Washing dishes,14_Wipe_bowls,Nervously,NERV,HAU/user6/3-2-3,"/Users/toheeb.ogunade/Workspace/cuchx-large/hf_data_manual/LMT_(IMU,Radar,Skeleton)/Training/HAU/user6/3-2-3",17.0,131.0,16202694.616,16202706.016,17.0,63.0,16202694.616,16202699.216,3,harn_anchored
user6|3|2,user6,3,2,1,Drinking,6_Drink_water,Patiently,SLOW,HAU/user6/3-2-1,"/Users/toheeb.ogunade/Workspace/cuchx-large/hf_data_manual/LMT_(IMU,Radar,Skeleton)/Training/HAU/user6/3-2-1",18.0,228.0,16202520.716,16202541.716,106.0,149.0,16202529.516,16202533.816,3,harn_anchored
user6|3|2,user6,3,2,2,Drinking,6_Drink_water,Attentively,CARE,HAU/user6/3-2-2,"/Users/toheeb.ogunade/Workspace/cuchx-large/hf_data_manual/LMT_(IMU,Radar,Skeleton)/Training/HAU/user6/3-2-2",13.0,194.0,16202600.216,16202618.316,99.0,129.0,16202608.816,16202611.816,3,harn_anchored
user6|3|2,user6,3,2,3,Drinking,6_Drink_water,Nervously,NERV,HAU/user6/3-2-3,"/Users/toheeb.ogunade/Workspace/cuchx-large/hf_data_manual/LMT_(IMU,Radar,Skeleton)/Training/HAU/user6/3-2-3",17.0,131.0,16202694.616,16202706.016,80.0,98.0,16202700.916,16202702.716,3,harn_anchored
user6|3|3,user6,3,3,1,Wiping surface,15_Wipe_windows_and_tables,Carefully,CARE,HAU/user6/3-3-1,"/Users/toheeb.ogunade/Workspace/cuchx-large/hf_data_manual/LMT_(IMU,Radar,Skeleton)/Training/HAU/user6/3-3-1",25.0,141.0,16051734.416,16051746.016,69.0,141.0,16051738.816,16051746.016,2,harn_anchored
user6|3|3,user6,3,3,3,Wiping surface,15_Wipe_windows_and_tables,Quickly,FAST,HAU/user6/3-3-3,"/Users/toheeb.ogunade/Workspace/cuchx-large/hf_data_manual/LMT_(IMU,Radar,Skeleton)/Training/HAU/user6/3-3-3",22.0,89.0,16052729.116,16052735.816,48.0,89.0,16052731.716,16052735.816,2,harn_anchored
user6|3|3,user6,3,3,1,Walking,36_Walk,Carefully,CARE,HAU/user6/3-3-1,"/Users/toheeb.ogunade/Workspace/cuchx-large/hf_data_manual/LMT_(IMU,Radar,Skeleton)/Training/HAU/user6/3-3-1",25.0,141.0,16051734.416,16051746.016,25.0,67.0,16051734.416,16051738.616,3,harn_anchored
user6|3|3,user6,3,3,2,Walking,36_Walk,Meticulously,CARE,HAU/user6/3-3-2,"/Users/toheeb.ogunade/Workspace/cuchx-large/hf_data_manual/LMT_(IMU,Radar,Skeleton)/Training/HAU/user6/3-3-2",33.0,135.0,16052312.216,16052322.416,34.0,73.0,16052312.316,16052316.216,3,harn_anchored
user6|3|3,user6,3,3,3,Walking,36_Walk,Quickly,FAST,HAU/user6/3-3-3,"/Users/toheeb.ogunade/Workspace/cuchx-large/hf_data_manual/LMT_(IMU,Radar,Skeleton)/Training/HAU/user6/3-3-3",22.0,89.0,16052729.116,16052735.816,22.0,47.0,16052729.116,16052731.616,3,harn_anchored
user6|4|1,user6,4,1,1,Typing on a keyboard,17_Tap_the_keyboard,Leisurely,SLOW,HAU/user6/4-1-1,"/Users/toheeb.ogunade/Workspace/cuchx-large/hf_data_manual/LMT_(IMU,Radar,Skeleton)/Training/HAU/user6/4-1-1",7.0,275.0,16126796.616,16126823.416,7.0,69.0,16126796.616,16126802.816,3,harn_anchored
user6|4|1,user6,4,1,2,Typing on a keyboard,17_Tap_the_keyboard,Calmly,SLOW,HAU/user6/4-1-2,"/Users/toheeb.ogunade/Workspace/cuchx-large/hf_data_manual/LMT_(IMU,Radar,Skeleton)/Training/HAU/user6/4-1-2",5.0,248.0,16126929.416,16126953.716,10.0,75.0,16126929.916,16126936.416,3,harn_anchored
user6|4|1,user6,4,1,3,Typing on a keyboard,17_Tap_the_keyboard,Anxiously,NERV,HAU/user6/4-1-3,"/Users/toheeb.ogunade/Workspace/cuchx-large/hf_data_manual/LMT_(IMU,Radar,Skeleton)/Training/HAU/user6/4-1-3",14.0,213.0,16127043.316,16127063.216,14.0,72.0,16127043.316,16127049.116,3,harn_anchored
user6|4|1,user6,4,1,1,Writing,18_Write,Leisurely,SLOW,HAU/user6/4-1-1,"/Users/toheeb.ogunade/Workspace/cuchx-large/hf_data_manual/LMT_(IMU,Radar,Skeleton)/Training/HAU/user6/4-1-1",7.0,275.0,16126796.616,16126823.416,7.0,80.0,16126796.616,16126803.916,3,harn_anchored
user6|4|1,user6,4,1,2,Writing,18_Write,Calmly,SLOW,HAU/user6/4-1-2,"/Users/toheeb.ogunade/Workspace/cuchx-large/hf_data_manual/LMT_(IMU,Radar,Skeleton)/Training/HAU/user6/4-1-2",5.0,248.0,16126929.416,16126953.716,10.0,70.0,16126929.916,16126935.916,3,harn_anchored
user6|4|1,user6,4,1,3,Writing,18_Write,Anxiously,NERV,HAU/user6/4-1-3,"/Users/toheeb.ogunade/Workspace/cuchx-large/hf_data_manual/LMT_(IMU,Radar,Skeleton)/Training/HAU/user6/4-1-3",14.0,213.0,16127043.316,16127063.216,14.0,71.0,16127043.316,16127049.016,3,harn_anchored
user6|4|1,user6,4,1,1,Calling,19_Make_a_phone_call,Leisurely,SLOW,HAU/user6/4-1-1,"/Users/toheeb.ogunade/Workspace/cuchx-large/hf_data_manual/LMT_(IMU,Radar,Skeleton)/Training/HAU/user6/4-1-1",7.0,275.0,16126796.616,16126823.416,152.0,174.0,16126811.116,16126813.316,3,harn_anchored
user6|4|1,user6,4,1,2,Calling,19_Make_a_phone_call,Calmly,SLOW,HAU/user6/4-1-2,"/Users/toheeb.ogunade/Workspace/cuchx-large/hf_data_manual/LMT_(IMU,Radar,Skeleton)/Training/HAU/user6/4-1-2",5.0,248.0,16126929.416,16126953.716,127.0,162.0,16126941.616,16126945.116,3,harn_anchored
user6|4|1,user6,4,1,3,Calling,19_Make_a_phone_call,Anxiously,NERV,HAU/user6/4-1-3,"/Users/toheeb.ogunade/Workspace/cuchx-large/hf_data_manual/LMT_(IMU,Radar,Skeleton)/Training/HAU/user6/4-1-3",14.0,213.0,16127043.316,16127063.216,138.0,151.0,16127055.716,16127057.016,3,harn_anchored
user6|4|1,user6,4,1,1,Checking the time,20_Check_the_time,Leisurely,SLOW,HAU/user6/4-1-1,"/Users/toheeb.ogunade/Workspace/cuchx-large/hf_data_manual/LMT_(IMU,Radar,Skeleton)/Training/HAU/user6/4-1-1",7.0,275.0,16126796.616,16126823.416,72.0,96.0,16126803.116,16126805.516,3,harn_anchored
user6|4|1,user6,4,1,2,Checking the time,20_Check_the_time,Calmly,SLOW,HAU/user6/4-1-2,"/Users/toheeb.ogunade/Workspace/cuchx-large/hf_data_manual/LMT_(IMU,Radar,Skeleton)/Training/HAU/user6/4-1-2",5.0,248.0,16126929.416,16126953.716,62.0,70.0,16126935.116,16126935.916,3,harn_anchored
user6|4|1,user6,4,1,3,Checking the time,20_Check_the_time,Anxiously,NERV,HAU/user6/4-1-3,"/Users/toheeb.ogunade/Workspace/cuchx-large/hf_data_manual/LMT_(IMU,Radar,Skeleton)/Training/HAU/user6/4-1-3",14.0,213.0,16127043.316,16127063.216,75.0,88.0,16127049.416,16127050.716,3,harn_anchored
user6|4|1,user6,4,1,1,Reading,21_Read_documents,Leisurely,SLOW,HAU/user6/4-1-1,"/Users/toheeb.ogunade/Workspace/cuchx-large/hf_data_manual/LMT_(IMU,Radar,Skeleton)/Training/HAU/user6/4-1-1",7.0,275.0,16126796.616,16126823.416,229.0,275.0,16126818.816,16126823.416,3,harn_anchored
user6|4|1,user6,4,1,2,Reading,21_Read_documents,Calmly,SLOW,HAU/user6/4-1-2,"/Users/toheeb.ogunade/Workspace/cuchx-large/hf_data_manual/LMT_(IMU,Radar,Skeleton)/Training/HAU/user6/4-1-2",5.0,248.0,16126929.416,16126953.716,212.0,248.0,16126950.116,16126953.716,3,harn_anchored
user6|4|1,user6,4,1,3,Reading,21_Read_documents,Anxiously,NERV,HAU/user6/4-1-3,"/Users/toheeb.ogunade/Workspace/cuchx-large/hf_data_manual/LMT_(IMU,Radar,Skeleton)/Training/HAU/user6/4-1-3",14.0,213.0,16127043.316,16127063.216,188.0,213.0,16127060.716,16127063.216,3,harn_anchored
user6|4|1,user6,4,1,1,Turning a page,22_Turn_pages,Leisurely,SLOW,HAU/user6/4-1-1,"/Users/toheeb.ogunade/Workspace/cuchx-large/hf_data_manual/LMT_(IMU,Radar,Skeleton)/Training/HAU/user6/4-1-1",7.0,275.0,16126796.616,16126823.416,241.0,275.0,16126820.016,16126823.416,3,harn_anchored
user6|4|1,user6,4,1,2,Turning a page,22_Turn_pages,Calmly,SLOW,HAU/user6/4-1-2,"/Users/toheeb.ogunade/Workspace/cuchx-large/hf_data_manual/LMT_(IMU,Radar,Skeleton)/Training/HAU/user6/4-1-2",5.0,248.0,16126929.416,16126953.716,219.0,248.0,16126950.816,16126953.716,3,harn_anchored
user6|4|1,user6,4,1,3,Turning a page,22_Turn_pages,Anxiously,NERV,HAU/user6/4-1-3,"/Users/toheeb.ogunade/Workspace/cuchx-large/hf_data_manual/LMT_(IMU,Radar,Skeleton)/Training/HAU/user6/4-1-3",14.0,213.0,16127043.316,16127063.216,196.0,213.0,16127061.516,16127063.216,3,harn_anchored
user6|4|1,user6,4,1,1,Listening to the music with headphones,23_Listen_to_music_with_headphones,Leisurely,SLOW,HAU/user6/4-1-1,"/Users/toheeb.ogunade/Workspace/cuchx-large/hf_data_manual/LMT_(IMU,Radar,Skeleton)/Training/HAU/user6/4-1-1",7.0,275.0,16126796.616,16126823.416,96.0,140.0,16126805.516,16126809.916,3,harn_anchored
user6|4|1,user6,4,1,2,Listening to the music with headphones,23_Listen_to_music_with_headphones,Calmly,SLOW,HAU/user6/4-1-2,"/Users/toheeb.ogunade/Workspace/cuchx-large/hf_data_manual/LMT_(IMU,Radar,Skeleton)/Training/HAU/user6/4-1-2",5.0,248.0,16126929.416,16126953.716,84.0,124.0,16126937.316,16126941.316,3,harn_anchored
user6|4|1,user6,4,1,3,Listening to the music with headphones,23_Listen_to_music_with_headphones,Anxiously,NERV,HAU/user6/4-1-3,"/Users/toheeb.ogunade/Workspace/cuchx-large/hf_data_manual/LMT_(IMU,Radar,Skeleton)/Training/HAU/user6/4-1-3",14.0,213.0,16127043.316,16127063.216,98.0,129.0,16127051.716,16127054.816,3,harn_anchored
user6|4|1,user6,4,1,1,Running,28_Jog_in_place,Leisurely,SLOW,HAU/user6/4-1-1,"/Users/toheeb.ogunade/Workspace/cuchx-large/hf_data_manual/LMT_(IMU,Radar,Skeleton)/Training/HAU/user6/4-1-1",7.0,275.0,16126796.616,16126823.416,200.0,219.0,16126815.916,16126817.816,3,harn_anchored
user6|4|1,user6,4,1,2,Running,28_Jog_in_place,Calmly,SLOW,HAU/user6/4-1-2,"/Users/toheeb.ogunade/Workspace/cuchx-large/hf_data_manual/LMT_(IMU,Radar,Skeleton)/Training/HAU/user6/4-1-2",5.0,248.0,16126929.416,16126953.716,182.0,195.0,16126947.116,16126948.416,3,harn_anchored
user6|4|1,user6,4,1,3,Running,28_Jog_in_place,Anxiously,NERV,HAU/user6/4-1-3,"/Users/toheeb.ogunade/Workspace/cuchx-large/hf_data_manual/LMT_(IMU,Radar,Skeleton)/Training/HAU/user6/4-1-3",14.0,213.0,16127043.316,16127063.216,168.0,174.0,16127058.716,16127059.316,3,harn_anchored
user6|4|1,user6,4,1,1,Standing up,32_Stand_up,Leisurely,SLOW,HAU/user6/4-1-1,"/Users/toheeb.ogunade/Workspace/cuchx-large/hf_data_manual/LMT_(IMU,Radar,Skeleton)/Training/HAU/user6/4-1-1",7.0,275.0,16126796.616,16126823.416,185.0,196.0,16126814.416,16126815.516,3,harn_anchored
user6|4|1,user6,4,1,2,Standing up,32_Stand_up,Calmly,SLOW,HAU/user6/4-1-2,"/Users/toheeb.ogunade/Workspace/cuchx-large/hf_data_manual/LMT_(IMU,Radar,Skeleton)/Training/HAU/user6/4-1-2",5.0,248.0,16126929.416,16126953.716,168.0,181.0,16126945.716,16126947.016,3,harn_anchored
user6|4|1,user6,4,1,3,Standing up,32_Stand_up,Anxiously,NERV,HAU/user6/4-1-3,"/Users/toheeb.ogunade/Workspace/cuchx-large/hf_data_manual/LMT_(IMU,Radar,Skeleton)/Training/HAU/user6/4-1-3",14.0,213.0,16127043.316,16127063.216,155.0,161.0,16127057.416,16127058.016,3,harn_anchored
user6|4|1,user6,4,1,1,Sitting down,34_Sit_down,Leisurely,SLOW,HAU/user6/4-1-1,"/Users/toheeb.ogunade/Workspace/cuchx-large/hf_data_manual/LMT_(IMU,Radar,Skeleton)/Training/HAU/user6/4-1-1",7.0,275.0,16126796.616,16126823.416,213.0,223.0,16126817.216,16126818.216,3,harn_anchored
user6|4|1,user6,4,1,2,Sitting down,34_Sit_down,Calmly,SLOW,HAU/user6/4-1-2,"/Users/toheeb.ogunade/Workspace/cuchx-large/hf_data_manual/LMT_(IMU,Radar,Skeleton)/Training/HAU/user6/4-1-2",5.0,248.0,16126929.416,16126953.716,194.0,203.0,16126948.316,16126949.216,3,harn_anchored
user6|4|1,user6,4,1,3,Sitting down,34_Sit_down,Anxiously,NERV,HAU/user6/4-1-3,"/Users/toheeb.ogunade/Workspace/cuchx-large/hf_data_manual/LMT_(IMU,Radar,Skeleton)/Training/HAU/user6/4-1-3",14.0,213.0,16127043.316,16127063.216,175.0,185.0,16127059.416,16127060.416,3,harn_anchored
user6|5|1,user6,5,1,1,Using a phone,24_Use_a_mobile_phone,Lazily,SLOW,HAU/user6/5-1-1,"/Users/toheeb.ogunade/Workspace/cuchx-large/hf_data_manual/LMT_(IMU,Radar,Skeleton)/Training/HAU/user6/5-1-1",11.0,109.0,16054209.016,16054218.816,11.0,109.0,16054209.016,16054218.816,3,harn_anchored
user6|5|1,user6,5,1,2,Using a phone,24_Use_a_mobile_phone,Quietly,SLOW,HAU/user6/5-1-2,"/Users/toheeb.ogunade/Workspace/cuchx-large/hf_data_manual/LMT_(IMU,Radar,Skeleton)/Training/HAU/user6/5-1-2",12.0,98.0,16054316.116,16054324.716,12.0,98.0,16054316.116,16054324.716,3,harn_anchored
user6|5|1,user6,5,1,3,Using a phone,24_Use_a_mobile_phone,Impatiently,FAST,HAU/user6/5-1-3,"/Users/toheeb.ogunade/Workspace/cuchx-large/hf_data_manual/LMT_(IMU,Radar,Skeleton)/Training/HAU/user6/5-1-3",6.0,58.0,16054394.516,16054399.716,6.0,58.0,16054394.516,16054399.716,3,harn_anchored
user6|5|2,user6,5,2,1,Peeling fruit,11_Peel_fruits,Slowly,SLOW,HAU/user6/5-2-1,"/Users/toheeb.ogunade/Workspace/cuchx-large/hf_data_manual/LMT_(IMU,Radar,Skeleton)/Training/HAU/user6/5-2-1",24.0,154.0,16202821.316,16202834.316,68.0,118.0,16202825.716,16202830.716,3,harn_anchored
user6|5|2,user6,5,2,2,Peeling fruit,11_Peel_fruits,Steadily,NEUT,HAU/user6/5-2-2,"/Users/toheeb.ogunade/Workspace/cuchx-large/hf_data_manual/LMT_(IMU,Radar,Skeleton)/Training/HAU/user6/5-2-2",26.0,138.0,16202899.516,16202910.716,64.0,104.0,16202903.316,16202907.316,3,harn_anchored
user6|5|2,user6,5,2,3,Peeling fruit,11_Peel_fruits,Quickly,FAST,HAU/user6/5-2-3,"/Users/toheeb.ogunade/Workspace/cuchx-large/hf_data_manual/LMT_(IMU,Radar,Skeleton)/Training/HAU/user6/5-2-3",20.0,97.0,16202955.916,16202963.616,42.0,55.0,16202958.116,16202959.416,3,harn_anchored
user6|5|2,user6,5,2,1,Walking,36_Walk,Slowly,SLOW,HAU/user6/5-2-1,"/Users/toheeb.ogunade/Workspace/cuchx-large/hf_data_manual/LMT_(IMU,Radar,Skeleton)/Training/HAU/user6/5-2-1",24.0,154.0,16202821.316,16202834.316,46.0,56.0,16202823.516,16202824.516,3,harn_anchored
user6|5|2,user6,5,2,2,Walking,36_Walk,Steadily,NEUT,HAU/user6/5-2-2,"/Users/toheeb.ogunade/Workspace/cuchx-large/hf_data_manual/LMT_(IMU,Radar,Skeleton)/Training/HAU/user6/5-2-2",26.0,138.0,16202899.516,16202910.716,37.0,47.0,16202900.616,16202901.616,3,harn_anchored
user6|5|2,user6,5,2,3,Walking,36_Walk,Quickly,FAST,HAU/user6/5-2-3,"/Users/toheeb.ogunade/Workspace/cuchx-large/hf_data_manual/LMT_(IMU,Radar,Skeleton)/Training/HAU/user6/5-2-3",20.0,97.0,16202955.916,16202963.616,29.0,34.0,16202956.816,16202957.316,3,harn_anchored
user6|5|2,user6,5,2,1,Eating,7_Eat_food,Slowly,SLOW,HAU/user6/5-2-1,"/Users/toheeb.ogunade/Workspace/cuchx-large/hf_data_manual/LMT_(IMU,Radar,Skeleton)/Training/HAU/user6/5-2-1",24.0,154.0,16202821.316,16202834.316,119.0,135.0,16202830.816,16202832.416,3,harn_anchored
user6|5|2,user6,5,2,2,Eating,7_Eat_food,Steadily,NEUT,HAU/user6/5-2-2,"/Users/toheeb.ogunade/Workspace/cuchx-large/hf_data_manual/LMT_(IMU,Radar,Skeleton)/Training/HAU/user6/5-2-2",26.0,138.0,16202899.516,16202910.716,103.0,117.0,16202907.216,16202908.616,3,harn_anchored
user6|5|2,user6,5,2,3,Eating,7_Eat_food,Quickly,FAST,HAU/user6/5-2-3,"/Users/toheeb.ogunade/Workspace/cuchx-large/hf_data_manual/LMT_(IMU,Radar,Skeleton)/Training/HAU/user6/5-2-3",20.0,97.0,16202955.916,16202963.616,54.0,80.0,16202959.316,16202961.916,3,harn_anchored
user6|5|3,user6,5,3,1,Checking the time,20_Check_the_time,Slowly,SLOW,HAU/user6/5-3-1,"/Users/toheeb.ogunade/Workspace/cuchx-large/hf_data_manual/LMT_(IMU,Radar,Skeleton)/Training/HAU/user6/5-3-1",16.0,293.0,16055140.516,16055168.216,273.0,289.0,16055166.216,16055167.816,3,harn_anchored
user6|5|3,user6,5,3,2,Checking the time,20_Check_the_time,Calmly,SLOW,HAU/user6/5-3-2,"/Users/toheeb.ogunade/Workspace/cuchx-large/hf_data_manual/LMT_(IMU,Radar,Skeleton)/Training/HAU/user6/5-3-2",15.0,280.0,16055255.416,16055281.916,253.0,280.0,16055279.216,16055281.916,3,harn_anchored
user6|5|3,user6,5,3,3,Checking the time,20_Check_the_time,Hastily,FAST,HAU/user6/5-3-3,"/Users/toheeb.ogunade/Workspace/cuchx-large/hf_data_manual/LMT_(IMU,Radar,Skeleton)/Training/HAU/user6/5-3-3",12.0,155.0,16055847.116,16055861.416,132.0,147.0,16055859.116,16055860.616,3,harn_anchored
user6|5|3,user6,5,3,1,Playing games,26_Play_games,Slowly,SLOW,HAU/user6/5-3-1,"/Users/toheeb.ogunade/Workspace/cuchx-large/hf_data_manual/LMT_(IMU,Radar,Skeleton)/Training/HAU/user6/5-3-1",16.0,293.0,16055140.516,16055168.216,233.0,258.0,16055162.216,16055164.716,2,harn_anchored
user6|5|3,user6,5,3,2,Playing games,26_Play_games,Calmly,SLOW,HAU/user6/5-3-2,"/Users/toheeb.ogunade/Workspace/cuchx-large/hf_data_manual/LMT_(IMU,Radar,Skeleton)/Training/HAU/user6/5-3-2",15.0,280.0,16055255.416,16055281.916,229.0,251.0,16055276.816,16055279.016,2,harn_anchored
user6|5|3,user6,5,3,1,Lying down,33_Lie_down,Slowly,SLOW,HAU/user6/5-3-1,"/Users/toheeb.ogunade/Workspace/cuchx-large/hf_data_manual/LMT_(IMU,Radar,Skeleton)/Training/HAU/user6/5-3-1",16.0,293.0,16055140.516,16055168.216,87.0,138.0,16055147.616,16055152.716,3,harn_anchored
user6|5|3,user6,5,3,2,Lying down,33_Lie_down,Calmly,SLOW,HAU/user6/5-3-2,"/Users/toheeb.ogunade/Workspace/cuchx-large/hf_data_manual/LMT_(IMU,Radar,Skeleton)/Training/HAU/user6/5-3-2",15.0,280.0,16055255.416,16055281.916,97.0,144.0,16055263.616,16055268.316,3,harn_anchored
user6|5|3,user6,5,3,3,Lying down,33_Lie_down,Hastily,FAST,HAU/user6/5-3-3,"/Users/toheeb.ogunade/Workspace/cuchx-large/hf_data_manual/LMT_(IMU,Radar,Skeleton)/Training/HAU/user6/5-3-3",12.0,155.0,16055847.116,16055861.416,57.0,85.0,16055851.616,16055854.416,3,harn_anchored
user6|5|3,user6,5,3,1,Sitting down,34_Sit_down,Slowly,SLOW,HAU/user6/5-3-1,"/Users/toheeb.ogunade/Workspace/cuchx-large/hf_data_manual/LMT_(IMU,Radar,Skeleton)/Training/HAU/user6/5-3-1",16.0,293.0,16055140.516,16055168.216,84.0,103.0,16055147.316,16055149.216,3,harn_anchored
user6|5|3,user6,5,3,2,Sitting down,34_Sit_down,Calmly,SLOW,HAU/user6/5-3-2,"/Users/toheeb.ogunade/Workspace/cuchx-large/hf_data_manual/LMT_(IMU,Radar,Skeleton)/Training/HAU/user6/5-3-2",15.0,280.0,16055255.416,16055281.916,97.0,105.0,16055263.616,16055264.416,3,harn_anchored
user6|5|3,user6,5,3,3,Sitting down,34_Sit_down,Hastily,FAST,HAU/user6/5-3-3,"/Users/toheeb.ogunade/Workspace/cuchx-large/hf_data_manual/LMT_(IMU,Radar,Skeleton)/Training/HAU/user6/5-3-3",12.0,155.0,16055847.116,16055861.416,58.0,66.0,16055851.716,16055852.516,3,harn_anchored
user6|5|3,user6,5,3,1,Walking,36_Walk,Slowly,SLOW,HAU/user6/5-3-1,"/Users/toheeb.ogunade/Workspace/cuchx-large/hf_data_manual/LMT_(IMU,Radar,Skeleton)/Training/HAU/user6/5-3-1",16.0,293.0,16055140.516,16055168.216,16.0,38.0,16055140.516,16055142.716,3,harn_anchored
user6|5|3,user6,5,3,2,Walking,36_Walk,Calmly,SLOW,HAU/user6/5-3-2,"/Users/toheeb.ogunade/Workspace/cuchx-large/hf_data_manual/LMT_(IMU,Radar,Skeleton)/Training/HAU/user6/5-3-2",15.0,280.0,16055255.416,16055281.916,15.0,42.0,16055255.416,16055258.116,3,harn_anchored
user6|5|3,user6,5,3,3,Walking,36_Walk,Hastily,FAST,HAU/user6/5-3-3,"/Users/toheeb.ogunade/Workspace/cuchx-large/hf_data_manual/LMT_(IMU,Radar,Skeleton)/Training/HAU/user6/5-3-3",12.0,155.0,16055847.116,16055861.416,12.0,26.0,16055847.116,16055848.516,3,harn_anchored
user6|5|3,user6,5,3,1,Drinking,6_Drink_water,Slowly,SLOW,HAU/user6/5-3-1,"/Users/toheeb.ogunade/Workspace/cuchx-large/hf_data_manual/LMT_(IMU,Radar,Skeleton)/Training/HAU/user6/5-3-1",16.0,293.0,16055140.516,16055168.216,161.0,230.0,16055155.016,16055161.916,3,harn_anchored
user6|5|3,user6,5,3,2,Drinking,6_Drink_water,Calmly,SLOW,HAU/user6/5-3-2,"/Users/toheeb.ogunade/Workspace/cuchx-large/hf_data_manual/LMT_(IMU,Radar,Skeleton)/Training/HAU/user6/5-3-2",15.0,280.0,16055255.416,16055281.916,153.0,224.0,16055269.216,16055276.316,3,harn_anchored
user6|5|3,user6,5,3,3,Drinking,6_Drink_water,Hastily,FAST,HAU/user6/5-3-3,"/Users/toheeb.ogunade/Workspace/cuchx-large/hf_data_manual/LMT_(IMU,Radar,Skeleton)/Training/HAU/user6/5-3-3",12.0,155.0,16055847.116,16055861.416,99.0,143.0,16055855.816,16055860.216,3,harn_anchored
user6|6|1,user6,6,1,1,Jumping jacks,30_Do_jumping_jacks,Leisurely,SLOW,HAU/user6/6-1-1,"/Users/toheeb.ogunade/Workspace/cuchx-large/hf_data_manual/LMT_(IMU,Radar,Skeleton)/Training/HAU/user6/6-1-1",11.0,180.0,16055975.016,16055991.916,11.0,52.0,16055975.016,16055979.116,3,harn_anchored
user6|6|1,user6,6,1,2,Jumping jacks,30_Do_jumping_jacks,Quickly,FAST,HAU/user6/6-1-2,"/Users/toheeb.ogunade/Workspace/cuchx-large/hf_data_manual/LMT_(IMU,Radar,Skeleton)/Training/HAU/user6/6-1-2",11.0,120.0,16056104.016,16056114.916,12.0,48.0,16056104.116,16056107.716,3,harn_anchored
user6|6|1,user6,6,1,3,Jumping jacks,30_Do_jumping_jacks,Steadily,NEUT,HAU/user6/6-1-3,"/Users/toheeb.ogunade/Workspace/cuchx-large/hf_data_manual/LMT_(IMU,Radar,Skeleton)/Training/HAU/user6/6-1-3",3.0,137.0,16056213.216,16056226.616,3.0,43.0,16056213.216,16056217.216,3,harn_anchored
user6|6|1,user6,6,1,1,Lying down,33_Lie_down,Leisurely,SLOW,HAU/user6/6-1-1,"/Users/toheeb.ogunade/Workspace/cuchx-large/hf_data_manual/LMT_(IMU,Radar,Skeleton)/Training/HAU/user6/6-1-1",11.0,180.0,16055975.016,16055991.916,53.0,111.0,16055979.216,16055985.016,3,harn_anchored
user6|6|1,user6,6,1,2,Lying down,33_Lie_down,Quickly,FAST,HAU/user6/6-1-2,"/Users/toheeb.ogunade/Workspace/cuchx-large/hf_data_manual/LMT_(IMU,Radar,Skeleton)/Training/HAU/user6/6-1-2",11.0,120.0,16056104.016,16056114.916,50.0,71.0,16056107.916,16056110.016,3,harn_anchored
user6|6|1,user6,6,1,3,Lying down,33_Lie_down,Steadily,NEUT,HAU/user6/6-1-3,"/Users/toheeb.ogunade/Workspace/cuchx-large/hf_data_manual/LMT_(IMU,Radar,Skeleton)/Training/HAU/user6/6-1-3",3.0,137.0,16056213.216,16056226.616,45.0,76.0,16056217.416,16056220.516,3,harn_anchored
user6|6|1,user6,6,1,1,Lunges,35_Do_lunges,Leisurely,SLOW,HAU/user6/6-1-1,"/Users/toheeb.ogunade/Workspace/cuchx-large/hf_data_manual/LMT_(IMU,Radar,Skeleton)/Training/HAU/user6/6-1-1",11.0,180.0,16055975.016,16055991.916,130.0,179.0,16055986.916,16055991.816,3,harn_anchored
user6|6|1,user6,6,1,2,Lunges,35_Do_lunges,Quickly,FAST,HAU/user6/6-1-2,"/Users/toheeb.ogunade/Workspace/cuchx-large/hf_data_manual/LMT_(IMU,Radar,Skeleton)/Training/HAU/user6/6-1-2",11.0,120.0,16056104.016,16056114.916,84.0,120.0,16056111.316,16056114.916,3,harn_anchored
user6|6|1,user6,6,1,3,Lunges,35_Do_lunges,Steadily,NEUT,HAU/user6/6-1-3,"/Users/toheeb.ogunade/Workspace/cuchx-large/hf_data_manual/LMT_(IMU,Radar,Skeleton)/Training/HAU/user6/6-1-3",3.0,137.0,16056213.216,16056226.616,97.0,137.0,16056222.616,16056226.616,3,harn_anchored
user6|6|2,user6,6,2,1,Sweeping,12_Sweep_the_floor,Casually,NEUT,HAU/user6/6-2-1,"/Users/toheeb.ogunade/Workspace/cuchx-large/hf_data_manual/LMT_(IMU,Radar,Skeleton)/Training/HAU/user6/6-2-1",14.0,405.0,16203143.316,16203182.416,129.0,182.0,16203154.816,16203160.116,3,harn_anchored
user6|6|2,user6,6,2,2,Sweeping,12_Sweep_the_floor,Impatiently,FAST,HAU/user6/6-2-2,"/Users/toheeb.ogunade/Workspace/cuchx-large/hf_data_manual/LMT_(IMU,Radar,Skeleton)/Training/HAU/user6/6-2-2",24.0,203.0,16203241.316,16203259.216,82.0,96.0,16203247.116,16203248.516,3,harn_anchored
user6|6|2,user6,6,2,3,Sweeping,12_Sweep_the_floor,Orderly,CARE,HAU/user6/6-2-3,"/Users/toheeb.ogunade/Workspace/cuchx-large/hf_data_manual/LMT_(IMU,Radar,Skeleton)/Training/HAU/user6/6-2-3",22.0,357.0,16203334.116,16203367.616,133.0,171.0,16203345.216,16203349.016,3,harn_anchored
user6|6|2,user6,6,2,1,Wiping surface,15_Wipe_windows_and_tables,Casually,NEUT,HAU/user6/6-2-1,"/Users/toheeb.ogunade/Workspace/cuchx-large/hf_data_manual/LMT_(IMU,Radar,Skeleton)/Training/HAU/user6/6-2-1",14.0,405.0,16203143.316,16203182.416,190.0,230.0,16203160.916,16203164.916,3,harn_anchored
user6|6|2,user6,6,2,2,Wiping surface,15_Wipe_windows_and_tables,Impatiently,FAST,HAU/user6/6-2-2,"/Users/toheeb.ogunade/Workspace/cuchx-large/hf_data_manual/LMT_(IMU,Radar,Skeleton)/Training/HAU/user6/6-2-2",24.0,203.0,16203241.316,16203259.216,103.0,119.0,16203249.216,16203250.816,3,harn_anchored
user6|6|2,user6,6,2,3,Wiping surface,15_Wipe_windows_and_tables,Orderly,CARE,HAU/user6/6-2-3,"/Users/toheeb.ogunade/Workspace/cuchx-large/hf_data_manual/LMT_(IMU,Radar,Skeleton)/Training/HAU/user6/6-2-3",22.0,357.0,16203334.116,16203367.616,189.0,220.0,16203350.816,16203353.916,3,harn_anchored
user6|6|2,user6,6,2,1,Checking the time,20_Check_the_time,Casually,NEUT,HAU/user6/6-2-1,"/Users/toheeb.ogunade/Workspace/cuchx-large/hf_data_manual/LMT_(IMU,Radar,Skeleton)/Training/HAU/user6/6-2-1",14.0,405.0,16203143.316,16203182.416,98.0,109.0,16203151.716,16203152.816,3,harn_anchored
user6|6|2,user6,6,2,2,Checking the time,20_Check_the_time,Impatiently,FAST,HAU/user6/6-2-2,"/Users/toheeb.ogunade/Workspace/cuchx-large/hf_data_manual/LMT_(IMU,Radar,Skeleton)/Training/HAU/user6/6-2-2",24.0,203.0,16203241.316,16203259.216,61.0,66.0,16203245.016,16203245.516,3,harn_anchored
user6|6|2,user6,6,2,3,Checking the time,20_Check_the_time,Orderly,CARE,HAU/user6/6-2-3,"/Users/toheeb.ogunade/Workspace/cuchx-large/hf_data_manual/LMT_(IMU,Radar,Skeleton)/Training/HAU/user6/6-2-3",22.0,357.0,16203334.116,16203367.616,99.0,115.0,16203341.816,16203343.416,3,harn_anchored
user6|6|2,user6,6,2,1,Using a phone,24_Use_a_mobile_phone,Casually,NEUT,HAU/user6/6-2-1,"/Users/toheeb.ogunade/Workspace/cuchx-large/hf_data_manual/LMT_(IMU,Radar,Skeleton)/Training/HAU/user6/6-2-1",14.0,405.0,16203143.316,16203182.416,98.0,109.0,16203151.716,16203152.816,3,harn_anchored
user6|6|2,user6,6,2,2,Using a phone,24_Use_a_mobile_phone,Impatiently,FAST,HAU/user6/6-2-2,"/Users/toheeb.ogunade/Workspace/cuchx-large/hf_data_manual/LMT_(IMU,Radar,Skeleton)/Training/HAU/user6/6-2-2",24.0,203.0,16203241.316,16203259.216,61.0,66.0,16203245.016,16203245.516,3,harn_anchored
user6|6|2,user6,6,2,3,Using a phone,24_Use_a_mobile_phone,Orderly,CARE,HAU/user6/6-2-3,"/Users/toheeb.ogunade/Workspace/cuchx-large/hf_data_manual/LMT_(IMU,Radar,Skeleton)/Training/HAU/user6/6-2-3",22.0,357.0,16203334.116,16203367.616,99.0,115.0,16203341.816,16203343.416,3,harn_anchored
user6|6|2,user6,6,2,1,Taking medicine,37_Take_medicine,Casually,NEUT,HAU/user6/6-2-1,"/Users/toheeb.ogunade/Workspace/cuchx-large/hf_data_manual/LMT_(IMU,Radar,Skeleton)/Training/HAU/user6/6-2-1",14.0,405.0,16203143.316,16203182.416,44.0,75.0,16203146.316,16203149.416,3,harn_anchored
user6|6|2,user6,6,2,2,Taking medicine,37_Take_medicine,Impatiently,FAST,HAU/user6/6-2-2,"/Users/toheeb.ogunade/Workspace/cuchx-large/hf_data_manual/LMT_(IMU,Radar,Skeleton)/Training/HAU/user6/6-2-2",24.0,203.0,16203241.316,16203259.216,42.0,51.0,16203243.116,16203244.016,3,harn_anchored
user6|6|2,user6,6,2,3,Taking medicine,37_Take_medicine,Orderly,CARE,HAU/user6/6-2-3,"/Users/toheeb.ogunade/Workspace/cuchx-large/hf_data_manual/LMT_(IMU,Radar,Skeleton)/Training/HAU/user6/6-2-3",22.0,357.0,16203334.116,16203367.616,52.0,81.0,16203337.116,16203340.016,3,harn_anchored
user6|6|2,user6,6,2,1,Checking body temperature,39_Take_body_temperature,Casually,NEUT,HAU/user6/6-2-1,"/Users/toheeb.ogunade/Workspace/cuchx-large/hf_data_manual/LMT_(IMU,Radar,Skeleton)/Training/HAU/user6/6-2-1",14.0,405.0,16203143.316,16203182.416,14.0,43.0,16203143.316,16203146.216,3,harn_anchored
user6|6|2,user6,6,2,2,Checking body temperature,39_Take_body_temperature,Impatiently,FAST,HAU/user6/6-2-2,"/Users/toheeb.ogunade/Workspace/cuchx-large/hf_data_manual/LMT_(IMU,Radar,Skeleton)/Training/HAU/user6/6-2-2",24.0,203.0,16203241.316,16203259.216,24.0,36.0,16203241.316,16203242.516,3,harn_anchored
user6|6|2,user6,6,2,3,Checking body temperature,39_Take_body_temperature,Orderly,CARE,HAU/user6/6-2-3,"/Users/toheeb.ogunade/Workspace/cuchx-large/hf_data_manual/LMT_(IMU,Radar,Skeleton)/Training/HAU/user6/6-2-3",22.0,357.0,16203334.116,16203367.616,22.0,45.0,16203334.116,16203336.416,3,harn_anchored
user6|6|2,user6,6,2,1,Drinking,6_Drink_water,Casually,NEUT,HAU/user6/6-2-1,"/Users/toheeb.ogunade/Workspace/cuchx-large/hf_data_manual/LMT_(IMU,Radar,Skeleton)/Training/HAU/user6/6-2-1",14.0,405.0,16203143.316,16203182.416,371.0,405.0,16203179.016,16203182.416,3,harn_anchored
user6|6|2,user6,6,2,2,Drinking,6_Drink_water,Impatiently,FAST,HAU/user6/6-2-2,"/Users/toheeb.ogunade/Workspace/cuchx-large/hf_data_manual/LMT_(IMU,Radar,Skeleton)/Training/HAU/user6/6-2-2",24.0,203.0,16203241.316,16203259.216,186.0,203.0,16203257.516,16203259.216,3,harn_anchored
user6|6|2,user6,6,2,3,Drinking,6_Drink_water,Orderly,CARE,HAU/user6/6-2-3,"/Users/toheeb.ogunade/Workspace/cuchx-large/hf_data_manual/LMT_(IMU,Radar,Skeleton)/Training/HAU/user6/6-2-3",22.0,357.0,16203334.116,16203367.616,338.0,357.0,16203365.716,16203367.616,3,harn_anchored
user6|6|2,user6,6,2,1,Eating,7_Eat_food,Casually,NEUT,HAU/user6/6-2-1,"/Users/toheeb.ogunade/Workspace/cuchx-large/hf_data_manual/LMT_(IMU,Radar,Skeleton)/Training/HAU/user6/6-2-1",14.0,405.0,16203143.316,16203182.416,325.0,345.0,16203174.416,16203176.416,2,harn_anchored
user6|6|2,user6,6,2,3,Eating,7_Eat_food,Orderly,CARE,HAU/user6/6-2-3,"/Users/toheeb.ogunade/Workspace/cuchx-large/hf_data_manual/LMT_(IMU,Radar,Skeleton)/Training/HAU/user6/6-2-3",22.0,357.0,16203334.116,16203367.616,287.0,312.0,16203360.616,16203363.116,2,harn_anchored
user6|6|2,user6,6,2,1,Grabbing utensils,8_Take_and_use_tableware,Casually,NEUT,HAU/user6/6-2-1,"/Users/toheeb.ogunade/Workspace/cuchx-large/hf_data_manual/LMT_(IMU,Radar,Skeleton)/Training/HAU/user6/6-2-1",14.0,405.0,16203143.316,16203182.416,316.0,339.0,16203173.516,16203175.816,3,harn_anchored
user6|6|2,user6,6,2,2,Grabbing utensils,8_Take_and_use_tableware,Impatiently,FAST,HAU/user6/6-2-2,"/Users/toheeb.ogunade/Workspace/cuchx-large/hf_data_manual/LMT_(IMU,Radar,Skeleton)/Training/HAU/user6/6-2-2",24.0,203.0,16203241.316,16203259.216,165.0,177.0,16203255.416,16203256.616,3,harn_anchored
user6|6|2,user6,6,2,3,Grabbing utensils,8_Take_and_use_tableware,Orderly,CARE,HAU/user6/6-2-3,"/Users/toheeb.ogunade/Workspace/cuchx-large/hf_data_manual/LMT_(IMU,Radar,Skeleton)/Training/HAU/user6/6-2-3",22.0,357.0,16203334.116,16203367.616,287.0,318.0,16203360.616,16203363.716,3,harn_anchored
user6|7|1,user6,7,1,1,Sitting down,34_Sit_down,Gently,SLOW,HAU/user6/7-1-1,"/Users/toheeb.ogunade/Workspace/cuchx-large/hf_data_manual/LMT_(IMU,Radar,Skeleton)/Training/HAU/user6/7-1-1",12.0,126.0,16127177.116,16127188.516,16.0,37.0,16127177.516,16127179.616,3,harn_anchored
user6|7|1,user6,7,1,2,Sitting down,34_Sit_down,Steadily,NEUT,HAU/user6/7-1-2,"/Users/toheeb.ogunade/Workspace/cuchx-large/hf_data_manual/LMT_(IMU,Radar,Skeleton)/Training/HAU/user6/7-1-2",14.0,99.0,16127256.316,16127264.816,18.0,36.0,16127256.716,16127258.516,3,harn_anchored
user6|7|1,user6,7,1,3,Sitting down,34_Sit_down,Quickly,FAST,HAU/user6/7-1-3,"/Users/toheeb.ogunade/Workspace/cuchx-large/hf_data_manual/LMT_(IMU,Radar,Skeleton)/Training/HAU/user6/7-1-3",9.0,90.0,16127322.816,16127330.916,14.0,23.0,16127323.316,16127324.216,3,harn_anchored
user6|7|1,user6,7,1,1,Massaging oneself,38_Massage_oneself,Gently,SLOW,HAU/user6/7-1-1,"/Users/toheeb.ogunade/Workspace/cuchx-large/hf_data_manual/LMT_(IMU,Radar,Skeleton)/Training/HAU/user6/7-1-1",12.0,126.0,16127177.116,16127188.516,39.0,126.0,16127179.816,16127188.516,3,harn_anchored
user6|7|1,user6,7,1,2,Massaging oneself,38_Massage_oneself,Steadily,NEUT,HAU/user6/7-1-2,"/Users/toheeb.ogunade/Workspace/cuchx-large/hf_data_manual/LMT_(IMU,Radar,Skeleton)/Training/HAU/user6/7-1-2",14.0,99.0,16127256.316,16127264.816,36.0,99.0,16127258.516,16127264.816,3,harn_anchored
user6|7|1,user6,7,1,3,Massaging oneself,38_Massage_oneself,Quickly,FAST,HAU/user6/7-1-3,"/Users/toheeb.ogunade/Workspace/cuchx-large/hf_data_manual/LMT_(IMU,Radar,Skeleton)/Training/HAU/user6/7-1-3",9.0,90.0,16127322.816,16127330.916,27.0,90.0,16127324.616,16127330.916,3,harn_anchored
user6|7|2,user6,7,2,1,Stirring,10_Stir_drinks,Gracefully,NEUT,HAU/user6/7-2-1,"/Users/toheeb.ogunade/Workspace/cuchx-large/hf_data_manual/LMT_(IMU,Radar,Skeleton)/Training/HAU/user6/7-2-1",17.0,163.0,16203457.616,16203472.216,86.0,109.0,16203464.516,16203466.816,3,harn_anchored
user6|7|2,user6,7,2,2,Stirring,10_Stir_drinks,Steadily,NEUT,HAU/user6/7-2-2,"/Users/toheeb.ogunade/Workspace/cuchx-large/hf_data_manual/LMT_(IMU,Radar,Skeleton)/Training/HAU/user6/7-2-2",22.0,136.0,16203548.116,16203559.516,64.0,86.0,16203552.316,16203554.516,3,harn_anchored
user6|7|2,user6,7,2,3,Stirring,10_Stir_drinks,Hurriedly,FAST,HAU/user6/7-2-3,"/Users/toheeb.ogunade/Workspace/cuchx-large/hf_data_manual/LMT_(IMU,Radar,Skeleton)/Training/HAU/user6/7-2-3",22.0,95.0,16203636.116,16203643.416,48.0,62.0,16203638.716,16203640.116,3,harn_anchored
user6|7|2,user6,7,2,1,Eating,7_Eat_food,Gracefully,NEUT,HAU/user6/7-2-1,"/Users/toheeb.ogunade/Workspace/cuchx-large/hf_data_manual/LMT_(IMU,Radar,Skeleton)/Training/HAU/user6/7-2-1",17.0,163.0,16203457.616,16203472.216,124.0,163.0,16203468.316,16203472.216,3,harn_anchored
user6|7|2,user6,7,2,2,Eating,7_Eat_food,Steadily,NEUT,HAU/user6/7-2-2,"/Users/toheeb.ogunade/Workspace/cuchx-large/hf_data_manual/LMT_(IMU,Radar,Skeleton)/Training/HAU/user6/7-2-2",22.0,136.0,16203548.116,16203559.516,99.0,132.0,16203555.816,16203559.116,3,harn_anchored
user6|7|2,user6,7,2,3,Eating,7_Eat_food,Hurriedly,FAST,HAU/user6/7-2-3,"/Users/toheeb.ogunade/Workspace/cuchx-large/hf_data_manual/LMT_(IMU,Radar,Skeleton)/Training/HAU/user6/7-2-3",22.0,95.0,16203636.116,16203643.416,66.0,95.0,16203640.516,16203643.416,3,harn_anchored
user6|7|2,user6,7,2,1,Grabbing utensils,8_Take_and_use_tableware,Gracefully,NEUT,HAU/user6/7-2-1,"/Users/toheeb.ogunade/Workspace/cuchx-large/hf_data_manual/LMT_(IMU,Radar,Skeleton)/Training/HAU/user6/7-2-1",17.0,163.0,16203457.616,16203472.216,86.0,109.0,16203464.516,16203466.816,3,harn_anchored
user6|7|2,user6,7,2,2,Grabbing utensils,8_Take_and_use_tableware,Steadily,NEUT,HAU/user6/7-2-2,"/Users/toheeb.ogunade/Workspace/cuchx-large/hf_data_manual/LMT_(IMU,Radar,Skeleton)/Training/HAU/user6/7-2-2",22.0,136.0,16203548.116,16203559.516,64.0,86.0,16203552.316,16203554.516,3,harn_anchored
user6|7|2,user6,7,2,3,Grabbing utensils,8_Take_and_use_tableware,Hurriedly,FAST,HAU/user6/7-2-3,"/Users/toheeb.ogunade/Workspace/cuchx-large/hf_data_manual/LMT_(IMU,Radar,Skeleton)/Training/HAU/user6/7-2-3",22.0,95.0,16203636.116,16203643.416,48.0,62.0,16203638.716,16203640.116,3,harn_anchored
user6|7|2,user6,7,2,1,Pouring,9_Pour_drinks,Gracefully,NEUT,HAU/user6/7-2-1,"/Users/toheeb.ogunade/Workspace/cuchx-large/hf_data_manual/LMT_(IMU,Radar,Skeleton)/Training/HAU/user6/7-2-1",17.0,163.0,16203457.616,16203472.216,31.0,69.0,16203459.016,16203462.816,3,harn_anchored
user6|7|2,user6,7,2,2,Pouring,9_Pour_drinks,Steadily,NEUT,HAU/user6/7-2-2,"/Users/toheeb.ogunade/Workspace/cuchx-large/hf_data_manual/LMT_(IMU,Radar,Skeleton)/Training/HAU/user6/7-2-2",22.0,136.0,16203548.116,16203559.516,22.0,53.0,16203548.116,16203551.216,3,harn_anchored
user6|7|2,user6,7,2,3,Pouring,9_Pour_drinks,Hurriedly,FAST,HAU/user6/7-2-3,"/Users/toheeb.ogunade/Workspace/cuchx-large/hf_data_manual/LMT_(IMU,Radar,Skeleton)/Training/HAU/user6/7-2-3",22.0,95.0,16203636.116,16203643.416,22.0,40.0,16203636.116,16203637.916,3,harn_anchored
user6|7|3,user6,7,3,1,Checking the time,20_Check_the_time,Peacefully,SLOW,HAU/user6/7-3-1,"/Users/toheeb.ogunade/Workspace/cuchx-large/hf_data_manual/LMT_(IMU,Radar,Skeleton)/Training/HAU/user6/7-3-1",14.0,125.0,16127422.316,16127433.416,39.0,50.0,16127424.816,16127425.916,3,harn_anchored
user6|7|3,user6,7,3,2,Checking the time,20_Check_the_time,Carefully,CARE,HAU/user6/7-3-2,"/Users/toheeb.ogunade/Workspace/cuchx-large/hf_data_manual/LMT_(IMU,Radar,Skeleton)/Training/HAU/user6/7-3-2",9.0,112.0,16127488.816,16127499.116,32.0,45.0,16127491.116,16127492.416,3,harn_anchored
user6|7|3,user6,7,3,3,Checking the time,20_Check_the_time,Rapidly,FAST,HAU/user6/7-3-3,"/Users/toheeb.ogunade/Workspace/cuchx-large/hf_data_manual/LMT_(IMU,Radar,Skeleton)/Training/HAU/user6/7-3-3",19.0,97.0,16127555.816,16127563.616,35.0,41.0,16127557.416,16127558.016,3,harn_anchored
user6|7|3,user6,7,3,1,Reading,21_Read_documents,Peacefully,SLOW,HAU/user6/7-3-1,"/Users/toheeb.ogunade/Workspace/cuchx-large/hf_data_manual/LMT_(IMU,Radar,Skeleton)/Training/HAU/user6/7-3-1",14.0,125.0,16127422.316,16127433.416,74.0,125.0,16127428.316,16127433.416,3,harn_anchored
user6|7|3,user6,7,3,2,Reading,21_Read_documents,Carefully,CARE,HAU/user6/7-3-2,"/Users/toheeb.ogunade/Workspace/cuchx-large/hf_data_manual/LMT_(IMU,Radar,Skeleton)/Training/HAU/user6/7-3-2",9.0,112.0,16127488.816,16127499.116,71.0,112.0,16127495.016,16127499.116,3,harn_anchored
user6|7|3,user6,7,3,3,Reading,21_Read_documents,Rapidly,FAST,HAU/user6/7-3-3,"/Users/toheeb.ogunade/Workspace/cuchx-large/hf_data_manual/LMT_(IMU,Radar,Skeleton)/Training/HAU/user6/7-3-3",19.0,97.0,16127555.816,16127563.616,49.0,96.0,16127558.816,16127563.516,3,harn_anchored
user6|7|3,user6,7,3,1,Turning a page,22_Turn_pages,Peacefully,SLOW,HAU/user6/7-3-1,"/Users/toheeb.ogunade/Workspace/cuchx-large/hf_data_manual/LMT_(IMU,Radar,Skeleton)/Training/HAU/user6/7-3-1",14.0,125.0,16127422.316,16127433.416,84.0,125.0,16127429.316,16127433.416,3,harn_anchored
user6|7|3,user6,7,3,2,Turning a page,22_Turn_pages,Carefully,CARE,HAU/user6/7-3-2,"/Users/toheeb.ogunade/Workspace/cuchx-large/hf_data_manual/LMT_(IMU,Radar,Skeleton)/Training/HAU/user6/7-3-2",9.0,112.0,16127488.816,16127499.116,73.0,112.0,16127495.216,16127499.116,3,harn_anchored
user6|7|3,user6,7,3,3,Turning a page,22_Turn_pages,Rapidly,FAST,HAU/user6/7-3-3,"/Users/toheeb.ogunade/Workspace/cuchx-large/hf_data_manual/LMT_(IMU,Radar,Skeleton)/Training/HAU/user6/7-3-3",19.0,97.0,16127555.816,16127563.616,58.0,96.0,16127559.716,16127563.516,3,harn_anchored
user6|7|3,user6,7,3,1,Sitting down,34_Sit_down,Peacefully,SLOW,HAU/user6/7-3-1,"/Users/toheeb.ogunade/Workspace/cuchx-large/hf_data_manual/LMT_(IMU,Radar,Skeleton)/Training/HAU/user6/7-3-1",14.0,125.0,16127422.316,16127433.416,34.0,65.0,16127424.316,16127427.416,3,harn_anchored
user6|7|3,user6,7,3,2,Sitting down,34_Sit_down,Carefully,CARE,HAU/user6/7-3-2,"/Users/toheeb.ogunade/Workspace/cuchx-large/hf_data_manual/LMT_(IMU,Radar,Skeleton)/Training/HAU/user6/7-3-2",9.0,112.0,16127488.816,16127499.116,49.0,59.0,16127492.816,16127493.816,3,harn_anchored
user6|7|3,user6,7,3,3,Sitting down,34_Sit_down,Rapidly,FAST,HAU/user6/7-3-3,"/Users/toheeb.ogunade/Workspace/cuchx-large/hf_data_manual/LMT_(IMU,Radar,Skeleton)/Training/HAU/user6/7-3-3",19.0,97.0,16127555.816,16127563.616,31.0,42.0,16127557.016,16127558.116,3,harn_anchored
user6|7|3,user6,7,3,1,Walking,36_Walk,Peacefully,SLOW,HAU/user6/7-3-1,"/Users/toheeb.ogunade/Workspace/cuchx-large/hf_data_manual/LMT_(IMU,Radar,Skeleton)/Training/HAU/user6/7-3-1",14.0,125.0,16127422.316,16127433.416,14.0,33.0,16127422.316,16127424.216,3,harn_anchored
user6|7|3,user6,7,3,2,Walking,36_Walk,Carefully,CARE,HAU/user6/7-3-2,"/Users/toheeb.ogunade/Workspace/cuchx-large/hf_data_manual/LMT_(IMU,Radar,Skeleton)/Training/HAU/user6/7-3-2",9.0,112.0,16127488.816,16127499.116,9.0,27.0,16127488.816,16127490.616,3,harn_anchored
user6|7|3,user6,7,3,3,Walking,36_Walk,Rapidly,FAST,HAU/user6/7-3-3,"/Users/toheeb.ogunade/Workspace/cuchx-large/hf_data_manual/LMT_(IMU,Radar,Skeleton)/Training/HAU/user6/7-3-3",19.0,97.0,16127555.816,16127563.616,19.0,30.0,16127555.816,16127556.916,3,harn_anchored
user7|1|1,user7,1,1,1,Brushing teeth,1_Brush_teeth,Meticulously,CARE,HAU/user7/1-1-1,"/Users/toheeb.ogunade/Workspace/cuchx-large/hf_data_manual/LMT_(IMU,Radar,Skeleton)/Training/HAU/user7/1-1-1",16.0,226.0,16135144.516,16135165.516,19.0,54.0,16135144.816,16135148.316,3,harn_anchored
user7|1|1,user7,1,1,2,Brushing teeth,1_Brush_teeth,Steadily,NEUT,HAU/user7/1-1-2,"/Users/toheeb.ogunade/Workspace/cuchx-large/hf_data_manual/LMT_(IMU,Radar,Skeleton)/Training/HAU/user7/1-1-2",20.0,165.0,16135270.916,16135285.416,22.0,39.0,16135271.116,16135272.816,3,harn_anchored
user7|1|1,user7,1,1,3,Brushing teeth,1_Brush_teeth,Rapidly,FAST,HAU/user7/1-1-3,"/Users/toheeb.ogunade/Workspace/cuchx-large/hf_data_manual/LMT_(IMU,Radar,Skeleton)/Training/HAU/user7/1-1-3",29.0,201.0,16135347.816,16135365.016,30.0,50.0,16135347.916,16135349.916,3,harn_anchored
user7|1|1,user7,1,1,1,Combing hair,2_Comb_hair,Meticulously,CARE,HAU/user7/1-1-1,"/Users/toheeb.ogunade/Workspace/cuchx-large/hf_data_manual/LMT_(IMU,Radar,Skeleton)/Training/HAU/user7/1-1-1",16.0,226.0,16135144.516,16135165.516,109.0,144.0,16135153.816,16135157.316,3,harn_anchored
user7|1|1,user7,1,1,2,Combing hair,2_Comb_hair,Steadily,NEUT,HAU/user7/1-1-2,"/Users/toheeb.ogunade/Workspace/cuchx-large/hf_data_manual/LMT_(IMU,Radar,Skeleton)/Training/HAU/user7/1-1-2",20.0,165.0,16135270.916,16135285.416,70.0,83.0,16135275.916,16135277.216,3,harn_anchored
user7|1|1,user7,1,1,3,Combing hair,2_Comb_hair,Rapidly,FAST,HAU/user7/1-1-3,"/Users/toheeb.ogunade/Workspace/cuchx-large/hf_data_manual/LMT_(IMU,Radar,Skeleton)/Training/HAU/user7/1-1-3",29.0,201.0,16135347.816,16135365.016,77.0,109.0,16135352.616,16135355.816,3,harn_anchored
user7|1|1,user7,1,1,1,Wiping hands,4_Wipe_hands,Meticulously,CARE,HAU/user7/1-1-1,"/Users/toheeb.ogunade/Workspace/cuchx-large/hf_data_manual/LMT_(IMU,Radar,Skeleton)/Training/HAU/user7/1-1-1",16.0,226.0,16135144.516,16135165.516,73.0,95.0,16135150.216,16135152.416,3,harn_anchored
user7|1|1,user7,1,1,2,Wiping hands,4_Wipe_hands,Steadily,NEUT,HAU/user7/1-1-2,"/Users/toheeb.ogunade/Workspace/cuchx-large/hf_data_manual/LMT_(IMU,Radar,Skeleton)/Training/HAU/user7/1-1-2",20.0,165.0,16135270.916,16135285.416,54.0,63.0,16135274.316,16135275.216,3,harn_anchored
user7|1|1,user7,1,1,3,Wiping hands,4_Wipe_hands,Rapidly,FAST,HAU/user7/1-1-3,"/Users/toheeb.ogunade/Workspace/cuchx-large/hf_data_manual/LMT_(IMU,Radar,Skeleton)/Training/HAU/user7/1-1-3",29.0,201.0,16135347.816,16135365.016,58.0,71.0,16135350.716,16135352.016,3,harn_anchored
user7|1|1,user7,1,1,1,Getting dressed,5_Put_on_clothes,Meticulously,CARE,HAU/user7/1-1-1,"/Users/toheeb.ogunade/Workspace/cuchx-large/hf_data_manual/LMT_(IMU,Radar,Skeleton)/Training/HAU/user7/1-1-1",16.0,226.0,16135144.516,16135165.516,160.0,226.0,16135158.916,16135165.516,3,harn_anchored
user7|1|1,user7,1,1,2,Getting dressed,5_Put_on_clothes,Steadily,NEUT,HAU/user7/1-1-2,"/Users/toheeb.ogunade/Workspace/cuchx-large/hf_data_manual/LMT_(IMU,Radar,Skeleton)/Training/HAU/user7/1-1-2",20.0,165.0,16135270.916,16135285.416,97.0,165.0,16135278.616,16135285.416,3,harn_anchored
user7|1|1,user7,1,1,3,Getting dressed,5_Put_on_clothes,Rapidly,FAST,HAU/user7/1-1-3,"/Users/toheeb.ogunade/Workspace/cuchx-large/hf_data_manual/LMT_(IMU,Radar,Skeleton)/Training/HAU/user7/1-1-3",29.0,201.0,16135347.816,16135365.016,130.0,201.0,16135357.916,16135365.016,3,harn_anchored
user7|1|2,user7,1,2,1,Using a phone,24_Use_a_mobile_phone,Gracefully,NEUT,HAU/user7/1-2-1,"/Users/toheeb.ogunade/Workspace/cuchx-large/hf_data_manual/LMT_(IMU,Radar,Skeleton)/Training/HAU/user7/1-2-1",17.0,243.0,16056563.616,16056586.216,194.0,243.0,16056581.316,16056586.216,3,harn_anchored
user7|1|2,user7,1,2,2,Using a phone,24_Use_a_mobile_phone,Hurriedly,FAST,HAU/user7/1-2-2,"/Users/toheeb.ogunade/Workspace/cuchx-large/hf_data_manual/LMT_(IMU,Radar,Skeleton)/Training/HAU/user7/1-2-2",11.0,135.0,16056694.016,16056706.416,101.0,135.0,16056703.016,16056706.416,3,harn_anchored
user7|1|2,user7,1,2,3,Using a phone,24_Use_a_mobile_phone,Calmly,SLOW,HAU/user7/1-2-3,"/Users/toheeb.ogunade/Workspace/cuchx-large/hf_data_manual/LMT_(IMU,Radar,Skeleton)/Training/HAU/user7/1-2-3",14.0,186.0,16056794.316,16056811.516,147.0,186.0,16056807.616,16056811.516,3,harn_anchored
user7|1|2,user7,1,2,1,Taking a selfie,27_Take_a_selfie,Gracefully,NEUT,HAU/user7/1-2-1,"/Users/toheeb.ogunade/Workspace/cuchx-large/hf_data_manual/LMT_(IMU,Radar,Skeleton)/Training/HAU/user7/1-2-1",17.0,243.0,16056563.616,16056586.216,212.0,243.0,16056583.116,16056586.216,3,harn_anchored
user7|1|2,user7,1,2,2,Taking a selfie,27_Take_a_selfie,Hurriedly,FAST,HAU/user7/1-2-2,"/Users/toheeb.ogunade/Workspace/cuchx-large/hf_data_manual/LMT_(IMU,Radar,Skeleton)/Training/HAU/user7/1-2-2",11.0,135.0,16056694.016,16056706.416,113.0,135.0,16056704.216,16056706.416,3,harn_anchored
user7|1|2,user7,1,2,3,Taking a selfie,27_Take_a_selfie,Calmly,SLOW,HAU/user7/1-2-3,"/Users/toheeb.ogunade/Workspace/cuchx-large/hf_data_manual/LMT_(IMU,Radar,Skeleton)/Training/HAU/user7/1-2-3",14.0,186.0,16056794.316,16056811.516,164.0,186.0,16056809.316,16056811.516,3,harn_anchored
user7|1|2,user7,1,2,1,Sitting down,34_Sit_down,Gracefully,NEUT,HAU/user7/1-2-1,"/Users/toheeb.ogunade/Workspace/cuchx-large/hf_data_manual/LMT_(IMU,Radar,Skeleton)/Training/HAU/user7/1-2-1",17.0,243.0,16056563.616,16056586.216,50.0,59.0,16056566.916,16056567.816,3,harn_anchored
user7|1|2,user7,1,2,2,Sitting down,34_Sit_down,Hurriedly,FAST,HAU/user7/1-2-2,"/Users/toheeb.ogunade/Workspace/cuchx-large/hf_data_manual/LMT_(IMU,Radar,Skeleton)/Training/HAU/user7/1-2-2",11.0,135.0,16056694.016,16056706.416,30.0,35.0,16056695.916,16056696.416,3,harn_anchored
user7|1|2,user7,1,2,3,Sitting down,34_Sit_down,Calmly,SLOW,HAU/user7/1-2-3,"/Users/toheeb.ogunade/Workspace/cuchx-large/hf_data_manual/LMT_(IMU,Radar,Skeleton)/Training/HAU/user7/1-2-3",14.0,186.0,16056794.316,16056811.516,49.0,59.0,16056797.816,16056798.816,3,harn_anchored
user7|1|2,user7,1,2,1,Walking,36_Walk,Gracefully,NEUT,HAU/user7/1-2-1,"/Users/toheeb.ogunade/Workspace/cuchx-large/hf_data_manual/LMT_(IMU,Radar,Skeleton)/Training/HAU/user7/1-2-1",17.0,243.0,16056563.616,16056586.216,33.0,48.0,16056565.216,16056566.716,3,harn_anchored
user7|1|2,user7,1,2,2,Walking,36_Walk,Hurriedly,FAST,HAU/user7/1-2-2,"/Users/toheeb.ogunade/Workspace/cuchx-large/hf_data_manual/LMT_(IMU,Radar,Skeleton)/Training/HAU/user7/1-2-2",11.0,135.0,16056694.016,16056706.416,21.0,28.0,16056695.016,16056695.716,3,harn_anchored
user7|1|2,user7,1,2,3,Walking,36_Walk,Calmly,SLOW,HAU/user7/1-2-3,"/Users/toheeb.ogunade/Workspace/cuchx-large/hf_data_manual/LMT_(IMU,Radar,Skeleton)/Training/HAU/user7/1-2-3",14.0,186.0,16056794.316,16056811.516,30.0,46.0,16056795.916,16056797.516,3,harn_anchored
user7|1|2,user7,1,2,1,Eating,7_Eat_food,Gracefully,NEUT,HAU/user7/1-2-1,"/Users/toheeb.ogunade/Workspace/cuchx-large/hf_data_manual/LMT_(IMU,Radar,Skeleton)/Training/HAU/user7/1-2-1",17.0,243.0,16056563.616,16056586.216,124.0,144.0,16056574.316,16056576.316,3,harn_anchored
user7|1|2,user7,1,2,2,Eating,7_Eat_food,Hurriedly,FAST,HAU/user7/1-2-2,"/Users/toheeb.ogunade/Workspace/cuchx-large/hf_data_manual/LMT_(IMU,Radar,Skeleton)/Training/HAU/user7/1-2-2",11.0,135.0,16056694.016,16056706.416,67.0,78.0,16056699.616,16056700.716,3,harn_anchored
user7|1|2,user7,1,2,3,Eating,7_Eat_food,Calmly,SLOW,HAU/user7/1-2-3,"/Users/toheeb.ogunade/Workspace/cuchx-large/hf_data_manual/LMT_(IMU,Radar,Skeleton)/Training/HAU/user7/1-2-3",14.0,186.0,16056794.316,16056811.516,104.0,120.0,16056803.316,16056804.916,3,harn_anchored
user7|1|2,user7,1,2,1,Grabbing utensils,8_Take_and_use_tableware,Gracefully,NEUT,HAU/user7/1-2-1,"/Users/toheeb.ogunade/Workspace/cuchx-large/hf_data_manual/LMT_(IMU,Radar,Skeleton)/Training/HAU/user7/1-2-1",17.0,243.0,16056563.616,16056586.216,101.0,123.0,16056572.016,16056574.216,3,harn_anchored
user7|1|2,user7,1,2,2,Grabbing utensils,8_Take_and_use_tableware,Hurriedly,FAST,HAU/user7/1-2-2,"/Users/toheeb.ogunade/Workspace/cuchx-large/hf_data_manual/LMT_(IMU,Radar,Skeleton)/Training/HAU/user7/1-2-2",11.0,135.0,16056694.016,16056706.416,61.0,67.0,16056699.016,16056699.616,3,harn_anchored
user7|1|2,user7,1,2,3,Grabbing utensils,8_Take_and_use_tableware,Calmly,SLOW,HAU/user7/1-2-3,"/Users/toheeb.ogunade/Workspace/cuchx-large/hf_data_manual/LMT_(IMU,Radar,Skeleton)/Training/HAU/user7/1-2-3",14.0,186.0,16056794.316,16056811.516,90.0,103.0,16056801.916,16056803.216,3,harn_anchored
user7|1|2,user7,1,2,1,Pouring,9_Pour_drinks,Gracefully,NEUT,HAU/user7/1-2-1,"/Users/toheeb.ogunade/Workspace/cuchx-large/hf_data_manual/LMT_(IMU,Radar,Skeleton)/Training/HAU/user7/1-2-1",17.0,243.0,16056563.616,16056586.216,73.0,98.0,16056569.216,16056571.716,3,harn_anchored
user7|1|2,user7,1,2,2,Pouring,9_Pour_drinks,Hurriedly,FAST,HAU/user7/1-2-2,"/Users/toheeb.ogunade/Workspace/cuchx-large/hf_data_manual/LMT_(IMU,Radar,Skeleton)/Training/HAU/user7/1-2-2",11.0,135.0,16056694.016,16056706.416,36.0,54.0,16056696.516,16056698.316,3,harn_anchored
user7|1|2,user7,1,2,3,Pouring,9_Pour_drinks,Calmly,SLOW,HAU/user7/1-2-3,"/Users/toheeb.ogunade/Workspace/cuchx-large/hf_data_manual/LMT_(IMU,Radar,Skeleton)/Training/HAU/user7/1-2-3",14.0,186.0,16056794.316,16056811.516,61.0,81.0,16056799.016,16056801.016,3,harn_anchored
user7|2|1,user7,2,1,1,Stirring,10_Stir_drinks,Leisurely,SLOW,HAU/user7/2-1-1,"/Users/toheeb.ogunade/Workspace/cuchx-large/hf_data_manual/LMT_(IMU,Radar,Skeleton)/Training/HAU/user7/2-1-1",28.0,259.0,16204142.716,16204165.816,236.0,259.0,16204163.516,16204165.816,3,harn_anchored
user7|2|1,user7,2,1,2,Stirring,10_Stir_drinks,Calmly,SLOW,HAU/user7/2-1-2,"/Users/toheeb.ogunade/Workspace/cuchx-large/hf_data_manual/LMT_(IMU,Radar,Skeleton)/Training/HAU/user7/2-1-2",16.0,232.0,16204230.516,16204252.116,215.0,232.0,16204250.416,16204252.116,3,harn_anchored
user7|2|1,user7,2,1,3,Stirring,10_Stir_drinks,Hastily,FAST,HAU/user7/2-1-3,"/Users/toheeb.ogunade/Workspace/cuchx-large/hf_data_manual/LMT_(IMU,Radar,Skeleton)/Training/HAU/user7/2-1-3",25.0,172.0,16204351.416,16204366.116,153.0,171.0,16204364.216,16204366.016,3,harn_anchored
user7|2|1,user7,2,1,1,Grabbing utensils,8_Take_and_use_tableware,Leisurely,SLOW,HAU/user7/2-1-1,"/Users/toheeb.ogunade/Workspace/cuchx-large/hf_data_manual/LMT_(IMU,Radar,Skeleton)/Training/HAU/user7/2-1-1",28.0,259.0,16204142.716,16204165.816,42.0,79.0,16204144.116,16204147.816,3,harn_anchored
user7|2|1,user7,2,1,2,Grabbing utensils,8_Take_and_use_tableware,Calmly,SLOW,HAU/user7/2-1-2,"/Users/toheeb.ogunade/Workspace/cuchx-large/hf_data_manual/LMT_(IMU,Radar,Skeleton)/Training/HAU/user7/2-1-2",16.0,232.0,16204230.516,16204252.116,32.0,74.0,16204232.116,16204236.316,3,harn_anchored
user7|2|1,user7,2,1,3,Grabbing utensils,8_Take_and_use_tableware,Hastily,FAST,HAU/user7/2-1-3,"/Users/toheeb.ogunade/Workspace/cuchx-large/hf_data_manual/LMT_(IMU,Radar,Skeleton)/Training/HAU/user7/2-1-3",25.0,172.0,16204351.416,16204366.116,30.0,66.0,16204351.916,16204355.516,3,harn_anchored
user7|2|1,user7,2,1,1,Pouring,9_Pour_drinks,Leisurely,SLOW,HAU/user7/2-1-1,"/Users/toheeb.ogunade/Workspace/cuchx-large/hf_data_manual/LMT_(IMU,Radar,Skeleton)/Training/HAU/user7/2-1-1",28.0,259.0,16204142.716,16204165.816,180.0,215.0,16204157.916,16204161.416,3,harn_anchored
user7|2|1,user7,2,1,2,Pouring,9_Pour_drinks,Calmly,SLOW,HAU/user7/2-1-2,"/Users/toheeb.ogunade/Workspace/cuchx-large/hf_data_manual/LMT_(IMU,Radar,Skeleton)/Training/HAU/user7/2-1-2",16.0,232.0,16204230.516,16204252.116,167.0,198.0,16204245.616,16204248.716,3,harn_anchored
user7|2|1,user7,2,1,3,Pouring,9_Pour_drinks,Hastily,FAST,HAU/user7/2-1-3,"/Users/toheeb.ogunade/Workspace/cuchx-large/hf_data_manual/LMT_(IMU,Radar,Skeleton)/Training/HAU/user7/2-1-3",25.0,172.0,16204351.416,16204366.116,126.0,139.0,16204361.516,16204362.816,3,harn_anchored
user7|2|2,user7,2,2,1,Stirring,10_Stir_drinks,Slowly,SLOW,HAU/user7/2-2-1,"/Users/toheeb.ogunade/Workspace/cuchx-large/hf_data_manual/LMT_(IMU,Radar,Skeleton)/Training/HAU/user7/2-2-1",20.0,268.0,16057061.916,16057086.716,20.0,40.0,16057061.916,16057063.916,3,harn_anchored
user7|2|2,user7,2,2,2,Stirring,10_Stir_drinks,Steadily,NEUT,HAU/user7/2-2-2,"/Users/toheeb.ogunade/Workspace/cuchx-large/hf_data_manual/LMT_(IMU,Radar,Skeleton)/Training/HAU/user7/2-2-2",9.0,211.0,16057264.816,16057285.016,10.0,30.0,16057264.916,16057266.916,3,harn_anchored
user7|2|2,user7,2,2,3,Stirring,10_Stir_drinks,Rapidly,FAST,HAU/user7/2-2-3,"/Users/toheeb.ogunade/Workspace/cuchx-large/hf_data_manual/LMT_(IMU,Radar,Skeleton)/Training/HAU/user7/2-2-3",14.0,163.0,16057417.316,16057432.216,14.0,24.0,16057417.316,16057418.316,3,harn_anchored
user7|2|2,user7,2,2,1,Wiping surface,15_Wipe_windows_and_tables,Slowly,SLOW,HAU/user7/2-2-1,"/Users/toheeb.ogunade/Workspace/cuchx-large/hf_data_manual/LMT_(IMU,Radar,Skeleton)/Training/HAU/user7/2-2-1",20.0,268.0,16057061.916,16057086.716,169.0,192.0,16057076.816,16057079.116,3,harn_anchored
user7|2|2,user7,2,2,2,Wiping surface,15_Wipe_windows_and_tables,Steadily,NEUT,HAU/user7/2-2-2,"/Users/toheeb.ogunade/Workspace/cuchx-large/hf_data_manual/LMT_(IMU,Radar,Skeleton)/Training/HAU/user7/2-2-2",9.0,211.0,16057264.816,16057285.016,127.0,156.0,16057276.616,16057279.516,3,harn_anchored
user7|2|2,user7,2,2,3,Wiping surface,15_Wipe_windows_and_tables,Rapidly,FAST,HAU/user7/2-2-3,"/Users/toheeb.ogunade/Workspace/cuchx-large/hf_data_manual/LMT_(IMU,Radar,Skeleton)/Training/HAU/user7/2-2-3",14.0,163.0,16057417.316,16057432.216,94.0,109.0,16057425.316,16057426.816,3,harn_anchored
user7|2|2,user7,2,2,1,Jumping jacks,30_Do_jumping_jacks,Slowly,SLOW,HAU/user7/2-2-1,"/Users/toheeb.ogunade/Workspace/cuchx-large/hf_data_manual/LMT_(IMU,Radar,Skeleton)/Training/HAU/user7/2-2-1",20.0,268.0,16057061.916,16057086.716,112.0,158.0,16057071.116,16057075.716,3,harn_anchored
user7|2|2,user7,2,2,2,Jumping jacks,30_Do_jumping_jacks,Steadily,NEUT,HAU/user7/2-2-2,"/Users/toheeb.ogunade/Workspace/cuchx-large/hf_data_manual/LMT_(IMU,Radar,Skeleton)/Training/HAU/user7/2-2-2",9.0,211.0,16057264.816,16057285.016,78.0,114.0,16057271.716,16057275.316,3,harn_anchored
user7|2|2,user7,2,2,3,Jumping jacks,30_Do_jumping_jacks,Rapidly,FAST,HAU/user7/2-2-3,"/Users/toheeb.ogunade/Workspace/cuchx-large/hf_data_manual/LMT_(IMU,Radar,Skeleton)/Training/HAU/user7/2-2-3",14.0,163.0,16057417.316,16057432.216,59.0,88.0,16057421.816,16057424.716,3,harn_anchored
user7|2|2,user7,2,2,1,Stretching,31_Do_stretching_exercises,Slowly,SLOW,HAU/user7/2-2-1,"/Users/toheeb.ogunade/Workspace/cuchx-large/hf_data_manual/LMT_(IMU,Radar,Skeleton)/Training/HAU/user7/2-2-1",20.0,268.0,16057061.916,16057086.716,114.0,156.0,16057071.316,16057075.516,3,harn_anchored
user7|2|2,user7,2,2,2,Stretching,31_Do_stretching_exercises,Steadily,NEUT,HAU/user7/2-2-2,"/Users/toheeb.ogunade/Workspace/cuchx-large/hf_data_manual/LMT_(IMU,Radar,Skeleton)/Training/HAU/user7/2-2-2",9.0,211.0,16057264.816,16057285.016,73.0,114.0,16057271.216,16057275.316,3,harn_anchored
user7|2|2,user7,2,2,3,Stretching,31_Do_stretching_exercises,Rapidly,FAST,HAU/user7/2-2-3,"/Users/toheeb.ogunade/Workspace/cuchx-large/hf_data_manual/LMT_(IMU,Radar,Skeleton)/Training/HAU/user7/2-2-3",14.0,163.0,16057417.316,16057432.216,59.0,87.0,16057421.816,16057424.616,3,harn_anchored
user7|2|2,user7,2,2,1,Lying down,33_Lie_down,Slowly,SLOW,HAU/user7/2-2-1,"/Users/toheeb.ogunade/Workspace/cuchx-large/hf_data_manual/LMT_(IMU,Radar,Skeleton)/Training/HAU/user7/2-2-1",20.0,268.0,16057061.916,16057086.716,58.0,105.0,16057065.716,16057070.416,3,harn_anchored
user7|2|2,user7,2,2,2,Lying down,33_Lie_down,Steadily,NEUT,HAU/user7/2-2-2,"/Users/toheeb.ogunade/Workspace/cuchx-large/hf_data_manual/LMT_(IMU,Radar,Skeleton)/Training/HAU/user7/2-2-2",9.0,211.0,16057264.816,16057285.016,34.0,70.0,16057267.316,16057270.916,3,harn_anchored
user7|2|2,user7,2,2,3,Lying down,33_Lie_down,Rapidly,FAST,HAU/user7/2-2-3,"/Users/toheeb.ogunade/Workspace/cuchx-large/hf_data_manual/LMT_(IMU,Radar,Skeleton)/Training/HAU/user7/2-2-3",14.0,163.0,16057417.316,16057432.216,27.0,54.0,16057418.616,16057421.316,3,harn_anchored
user7|2|2,user7,2,2,1,Sitting down,34_Sit_down,Slowly,SLOW,HAU/user7/2-2-1,"/Users/toheeb.ogunade/Workspace/cuchx-large/hf_data_manual/LMT_(IMU,Radar,Skeleton)/Training/HAU/user7/2-2-1",20.0,268.0,16057061.916,16057086.716,194.0,213.0,16057079.316,16057081.216,3,harn_anchored
user7|2|2,user7,2,2,2,Sitting down,34_Sit_down,Steadily,NEUT,HAU/user7/2-2-2,"/Users/toheeb.ogunade/Workspace/cuchx-large/hf_data_manual/LMT_(IMU,Radar,Skeleton)/Training/HAU/user7/2-2-2",9.0,211.0,16057264.816,16057285.016,157.0,170.0,16057279.616,16057280.916,3,harn_anchored
user7|2|2,user7,2,2,3,Sitting down,34_Sit_down,Rapidly,FAST,HAU/user7/2-2-3,"/Users/toheeb.ogunade/Workspace/cuchx-large/hf_data_manual/LMT_(IMU,Radar,Skeleton)/Training/HAU/user7/2-2-3",14.0,163.0,16057417.316,16057432.216,111.0,126.0,16057427.016,16057428.516,3,harn_anchored
user7|2|2,user7,2,2,1,Eating,7_Eat_food,Slowly,SLOW,HAU/user7/2-2-1,"/Users/toheeb.ogunade/Workspace/cuchx-large/hf_data_manual/LMT_(IMU,Radar,Skeleton)/Training/HAU/user7/2-2-1",20.0,268.0,16057061.916,16057086.716,244.0,268.0,16057084.316,16057086.716,3,harn_anchored
user7|2|2,user7,2,2,2,Eating,7_Eat_food,Steadily,NEUT,HAU/user7/2-2-2,"/Users/toheeb.ogunade/Workspace/cuchx-large/hf_data_manual/LMT_(IMU,Radar,Skeleton)/Training/HAU/user7/2-2-2",9.0,211.0,16057264.816,16057285.016,188.0,211.0,16057282.716,16057285.016,3,harn_anchored
user7|2|2,user7,2,2,3,Eating,7_Eat_food,Rapidly,FAST,HAU/user7/2-2-3,"/Users/toheeb.ogunade/Workspace/cuchx-large/hf_data_manual/LMT_(IMU,Radar,Skeleton)/Training/HAU/user7/2-2-3",14.0,163.0,16057417.316,16057432.216,139.0,163.0,16057429.816,16057432.216,3,harn_anchored
user7|3|1,user7,3,1,1,Sweeping,12_Sweep_the_floor,Gently,SLOW,HAU/user7/3-1-1,"/Users/toheeb.ogunade/Workspace/cuchx-large/hf_data_manual/LMT_(IMU,Radar,Skeleton)/Training/HAU/user7/3-1-1",13.0,242.0,16057676.216,16057699.116,13.0,82.0,16057676.216,16057683.116,3,harn_anchored
user7|3|1,user7,3,1,2,Sweeping,12_Sweep_the_floor,Smoothly,NEUT,HAU/user7/3-1-2,"/Users/toheeb.ogunade/Workspace/cuchx-large/hf_data_manual/LMT_(IMU,Radar,Skeleton)/Training/HAU/user7/3-1-2",1.0,185.0,16057771.016,16057789.416,1.0,42.0,16057771.016,16057775.116,3,harn_anchored
user7|3|1,user7,3,1,3,Sweeping,12_Sweep_the_floor,Quickly,FAST,HAU/user7/3-1-3,"/Users/toheeb.ogunade/Workspace/cuchx-large/hf_data_manual/LMT_(IMU,Radar,Skeleton)/Training/HAU/user7/3-1-3",10.0,131.0,16057858.916,16057871.016,11.0,42.0,16057859.016,16057862.116,3,harn_anchored
user7|3|1,user7,3,1,1,Mopping,13_Mop_the_floor,Gently,SLOW,HAU/user7/3-1-1,"/Users/toheeb.ogunade/Workspace/cuchx-large/hf_data_manual/LMT_(IMU,Radar,Skeleton)/Training/HAU/user7/3-1-1",13.0,242.0,16057676.216,16057699.116,96.0,149.0,16057684.516,16057689.816,3,harn_anchored
user7|3|1,user7,3,1,2,Mopping,13_Mop_the_floor,Smoothly,NEUT,HAU/user7/3-1-2,"/Users/toheeb.ogunade/Workspace/cuchx-large/hf_data_manual/LMT_(IMU,Radar,Skeleton)/Training/HAU/user7/3-1-2",1.0,185.0,16057771.016,16057789.416,61.0,113.0,16057777.016,16057782.216,3,harn_anchored
user7|3|1,user7,3,1,3,Mopping,13_Mop_the_floor,Quickly,FAST,HAU/user7/3-1-3,"/Users/toheeb.ogunade/Workspace/cuchx-large/hf_data_manual/LMT_(IMU,Radar,Skeleton)/Training/HAU/user7/3-1-3",10.0,131.0,16057858.916,16057871.016,49.0,76.0,16057862.816,16057865.516,3,harn_anchored
user7|3|1,user7,3,1,1,Running,28_Jog_in_place,Gently,SLOW,HAU/user7/3-1-1,"/Users/toheeb.ogunade/Workspace/cuchx-large/hf_data_manual/LMT_(IMU,Radar,Skeleton)/Training/HAU/user7/3-1-1",13.0,242.0,16057676.216,16057699.116,152.0,203.0,16057690.116,16057695.216,3,harn_anchored
user7|3|1,user7,3,1,2,Running,28_Jog_in_place,Smoothly,NEUT,HAU/user7/3-1-2,"/Users/toheeb.ogunade/Workspace/cuchx-large/hf_data_manual/LMT_(IMU,Radar,Skeleton)/Training/HAU/user7/3-1-2",1.0,185.0,16057771.016,16057789.416,118.0,149.0,16057782.716,16057785.816,3,harn_anchored
user7|3|1,user7,3,1,3,Running,28_Jog_in_place,Quickly,FAST,HAU/user7/3-1-3,"/Users/toheeb.ogunade/Workspace/cuchx-large/hf_data_manual/LMT_(IMU,Radar,Skeleton)/Training/HAU/user7/3-1-3",10.0,131.0,16057858.916,16057871.016,79.0,107.0,16057865.816,16057868.616,3,harn_anchored
user7|3|2,user7,3,2,1,Washing dishes,14_Wipe_bowls,Slowly,SLOW,HAU/user7/3-2-1,"/Users/toheeb.ogunade/Workspace/cuchx-large/hf_data_manual/LMT_(IMU,Radar,Skeleton)/Training/HAU/user7/3-2-1",5.0,170.0,16204441.416,16204457.916,45.0,113.0,16204445.416,16204452.216,3,harn_anchored
user7|3|2,user7,3,2,2,Washing dishes,14_Wipe_bowls,Steadily,NEUT,HAU/user7/3-2-2,"/Users/toheeb.ogunade/Workspace/cuchx-large/hf_data_manual/LMT_(IMU,Radar,Skeleton)/Training/HAU/user7/3-2-2",6.0,155.0,16204519.516,16204534.416,42.0,91.0,16204523.116,16204528.016,3,harn_anchored
user7|3|2,user7,3,2,3,Washing dishes,14_Wipe_bowls,Quickly,FAST,HAU/user7/3-2-3,"/Users/toheeb.ogunade/Workspace/cuchx-large/hf_data_manual/LMT_(IMU,Radar,Skeleton)/Training/HAU/user7/3-2-3",19.0,96.0,16204580.816,16204588.516,35.0,60.0,16204582.416,16204584.916,3,harn_anchored
user7|3|2,user7,3,2,1,Walking,36_Walk,Slowly,SLOW,HAU/user7/3-2-1,"/Users/toheeb.ogunade/Workspace/cuchx-large/hf_data_manual/LMT_(IMU,Radar,Skeleton)/Training/HAU/user7/3-2-1",5.0,170.0,16204441.416,16204457.916,22.0,38.0,16204443.116,16204444.716,3,harn_anchored
user7|3|2,user7,3,2,2,Walking,36_Walk,Steadily,NEUT,HAU/user7/3-2-2,"/Users/toheeb.ogunade/Workspace/cuchx-large/hf_data_manual/LMT_(IMU,Radar,Skeleton)/Training/HAU/user7/3-2-2",6.0,155.0,16204519.516,16204534.416,22.0,40.0,16204521.116,16204522.916,3,harn_anchored
user7|3|2,user7,3,2,3,Walking,36_Walk,Quickly,FAST,HAU/user7/3-2-3,"/Users/toheeb.ogunade/Workspace/cuchx-large/hf_data_manual/LMT_(IMU,Radar,Skeleton)/Training/HAU/user7/3-2-3",19.0,96.0,16204580.816,16204588.516,26.0,32.0,16204581.516,16204582.116,3,harn_anchored
user7|3|2,user7,3,2,1,Eating,7_Eat_food,Slowly,SLOW,HAU/user7/3-2-1,"/Users/toheeb.ogunade/Workspace/cuchx-large/hf_data_manual/LMT_(IMU,Radar,Skeleton)/Training/HAU/user7/3-2-1",5.0,170.0,16204441.416,16204457.916,140.0,152.0,16204454.916,16204456.116,3,harn_anchored
user7|3|2,user7,3,2,2,Eating,7_Eat_food,Steadily,NEUT,HAU/user7/3-2-2,"/Users/toheeb.ogunade/Workspace/cuchx-large/hf_data_manual/LMT_(IMU,Radar,Skeleton)/Training/HAU/user7/3-2-2",6.0,155.0,16204519.516,16204534.416,139.0,150.0,16204532.816,16204533.916,3,harn_anchored
user7|3|2,user7,3,2,3,Eating,7_Eat_food,Quickly,FAST,HAU/user7/3-2-3,"/Users/toheeb.ogunade/Workspace/cuchx-large/hf_data_manual/LMT_(IMU,Radar,Skeleton)/Training/HAU/user7/3-2-3",19.0,96.0,16204580.816,16204588.516,87.0,96.0,16204587.616,16204588.516,3,harn_anchored
user7|3|2,user7,3,2,1,Grabbing utensils,8_Take_and_use_tableware,Slowly,SLOW,HAU/user7/3-2-1,"/Users/toheeb.ogunade/Workspace/cuchx-large/hf_data_manual/LMT_(IMU,Radar,Skeleton)/Training/HAU/user7/3-2-1",5.0,170.0,16204441.416,16204457.916,131.0,140.0,16204454.016,16204454.916,3,harn_anchored
user7|3|2,user7,3,2,2,Grabbing utensils,8_Take_and_use_tableware,Steadily,NEUT,HAU/user7/3-2-2,"/Users/toheeb.ogunade/Workspace/cuchx-large/hf_data_manual/LMT_(IMU,Radar,Skeleton)/Training/HAU/user7/3-2-2",6.0,155.0,16204519.516,16204534.416,99.0,123.0,16204528.816,16204531.216,3,harn_anchored
user7|3|2,user7,3,2,3,Grabbing utensils,8_Take_and_use_tableware,Quickly,FAST,HAU/user7/3-2-3,"/Users/toheeb.ogunade/Workspace/cuchx-large/hf_data_manual/LMT_(IMU,Radar,Skeleton)/Training/HAU/user7/3-2-3",19.0,96.0,16204580.816,16204588.516,71.0,80.0,16204586.016,16204586.916,3,harn_anchored
user7|3|3,user7,3,3,1,Wiping surface,15_Wipe_windows_and_tables,Gently,SLOW,HAU/user7/3-3-1,"/Users/toheeb.ogunade/Workspace/cuchx-large/hf_data_manual/LMT_(IMU,Radar,Skeleton)/Training/HAU/user7/3-3-1",10.0,101.0,16058410.916,16058420.016,33.0,100.0,16058413.216,16058419.916,2,harn_anchored
user7|3|3,user7,3,3,3,Wiping surface,15_Wipe_windows_and_tables,Hasitly,FAST,HAU/user7/3-3-3,"/Users/toheeb.ogunade/Workspace/cuchx-large/hf_data_manual/LMT_(IMU,Radar,Skeleton)/Training/HAU/user7/3-3-3",16.0,78.0,16058587.516,16058593.716,36.0,77.0,16058589.516,16058593.616,2,harn_anchored
user7|3|3,user7,3,3,1,Walking,36_Walk,Gently,SLOW,HAU/user7/3-3-1,"/Users/toheeb.ogunade/Workspace/cuchx-large/hf_data_manual/LMT_(IMU,Radar,Skeleton)/Training/HAU/user7/3-3-1",10.0,101.0,16058410.916,16058420.016,21.0,29.0,16058412.016,16058412.816,2,harn_anchored
user7|3|3,user7,3,3,3,Walking,36_Walk,Hasitly,FAST,HAU/user7/3-3-3,"/Users/toheeb.ogunade/Workspace/cuchx-large/hf_data_manual/LMT_(IMU,Radar,Skeleton)/Training/HAU/user7/3-3-3",16.0,78.0,16058587.516,16058593.716,22.0,31.0,16058588.116,16058589.016,2,harn_anchored
user7|4|1,user7,4,1,1,Typing on a keyboard,17_Tap_the_keyboard,Leisurely,SLOW,HAU/user7/4-1-1,"/Users/toheeb.ogunade/Workspace/cuchx-large/hf_data_manual/LMT_(IMU,Radar,Skeleton)/Training/HAU/user7/4-1-1",15.0,350.0,16125121.416,16125154.916,62.0,73.0,16125126.116,16125127.216,3,harn_anchored
user7|4|1,user7,4,1,2,Typing on a keyboard,17_Tap_the_keyboard,Steadily,NEUT,HAU/user7/4-1-2,"/Users/toheeb.ogunade/Workspace/cuchx-large/hf_data_manual/LMT_(IMU,Radar,Skeleton)/Training/HAU/user7/4-1-2",10.0,256.0,16125256.916,16125281.516,40.0,58.0,16125259.916,16125261.716,3,harn_anchored
user7|4|1,user7,4,1,3,Typing on a keyboard,17_Tap_the_keyboard,Hurriedly,FAST,HAU/user7/4-1-3,"/Users/toheeb.ogunade/Workspace/cuchx-large/hf_data_manual/LMT_(IMU,Radar,Skeleton)/Training/HAU/user7/4-1-3",17.0,210.0,16125409.616,16125428.916,38.0,56.0,16125411.716,16125413.516,3,harn_anchored
user7|4|1,user7,4,1,1,Checking the time,20_Check_the_time,Leisurely,SLOW,HAU/user7/4-1-1,"/Users/toheeb.ogunade/Workspace/cuchx-large/hf_data_manual/LMT_(IMU,Radar,Skeleton)/Training/HAU/user7/4-1-1",15.0,350.0,16125121.416,16125154.916,75.0,85.0,16125127.416,16125128.416,3,harn_anchored
user7|4|1,user7,4,1,2,Checking the time,20_Check_the_time,Steadily,NEUT,HAU/user7/4-1-2,"/Users/toheeb.ogunade/Workspace/cuchx-large/hf_data_manual/LMT_(IMU,Radar,Skeleton)/Training/HAU/user7/4-1-2",10.0,256.0,16125256.916,16125281.516,60.0,66.0,16125261.916,16125262.516,3,harn_anchored
user7|4|1,user7,4,1,3,Checking the time,20_Check_the_time,Hurriedly,FAST,HAU/user7/4-1-3,"/Users/toheeb.ogunade/Workspace/cuchx-large/hf_data_manual/LMT_(IMU,Radar,Skeleton)/Training/HAU/user7/4-1-3",17.0,210.0,16125409.616,16125428.916,58.0,64.0,16125413.716,16125414.316,3,harn_anchored
user7|4|1,user7,4,1,1,Reading,21_Read_documents,Leisurely,SLOW,HAU/user7/4-1-1,"/Users/toheeb.ogunade/Workspace/cuchx-large/hf_data_manual/LMT_(IMU,Radar,Skeleton)/Training/HAU/user7/4-1-1",15.0,350.0,16125121.416,16125154.916,112.0,174.0,16125131.116,16125137.316,3,harn_anchored
user7|4|1,user7,4,1,2,Reading,21_Read_documents,Steadily,NEUT,HAU/user7/4-1-2,"/Users/toheeb.ogunade/Workspace/cuchx-large/hf_data_manual/LMT_(IMU,Radar,Skeleton)/Training/HAU/user7/4-1-2",10.0,256.0,16125256.916,16125281.516,74.0,119.0,16125263.316,16125267.816,3,harn_anchored
user7|4|1,user7,4,1,3,Reading,21_Read_documents,Hurriedly,FAST,HAU/user7/4-1-3,"/Users/toheeb.ogunade/Workspace/cuchx-large/hf_data_manual/LMT_(IMU,Radar,Skeleton)/Training/HAU/user7/4-1-3",17.0,210.0,16125409.616,16125428.916,76.0,108.0,16125415.516,16125418.716,3,harn_anchored
user7|4|1,user7,4,1,1,Squats,29_Do_squats,Leisurely,SLOW,HAU/user7/4-1-1,"/Users/toheeb.ogunade/Workspace/cuchx-large/hf_data_manual/LMT_(IMU,Radar,Skeleton)/Training/HAU/user7/4-1-1",15.0,350.0,16125121.416,16125154.916,197.0,230.0,16125139.616,16125142.916,3,harn_anchored
user7|4|1,user7,4,1,2,Squats,29_Do_squats,Steadily,NEUT,HAU/user7/4-1-2,"/Users/toheeb.ogunade/Workspace/cuchx-large/hf_data_manual/LMT_(IMU,Radar,Skeleton)/Training/HAU/user7/4-1-2",10.0,256.0,16125256.916,16125281.516,147.0,151.0,16125270.616,16125271.016,3,harn_anchored
user7|4|1,user7,4,1,3,Squats,29_Do_squats,Hurriedly,FAST,HAU/user7/4-1-3,"/Users/toheeb.ogunade/Workspace/cuchx-large/hf_data_manual/LMT_(IMU,Radar,Skeleton)/Training/HAU/user7/4-1-3",17.0,210.0,16125409.616,16125428.916,124.0,137.0,16125420.316,16125421.616,3,harn_anchored
user7|4|1,user7,4,1,1,Stretching,31_Do_stretching_exercises,Leisurely,SLOW,HAU/user7/4-1-1,"/Users/toheeb.ogunade/Workspace/cuchx-large/hf_data_manual/LMT_(IMU,Radar,Skeleton)/Training/HAU/user7/4-1-1",15.0,350.0,16125121.416,16125154.916,180.0,195.0,16125137.916,16125139.416,3,harn_anchored
user7|4|1,user7,4,1,2,Stretching,31_Do_stretching_exercises,Steadily,NEUT,HAU/user7/4-1-2,"/Users/toheeb.ogunade/Workspace/cuchx-large/hf_data_manual/LMT_(IMU,Radar,Skeleton)/Training/HAU/user7/4-1-2",10.0,256.0,16125256.916,16125281.516,129.0,142.0,16125268.816,16125270.116,3,harn_anchored
user7|4|1,user7,4,1,3,Stretching,31_Do_stretching_exercises,Hurriedly,FAST,HAU/user7/4-1-3,"/Users/toheeb.ogunade/Workspace/cuchx-large/hf_data_manual/LMT_(IMU,Radar,Skeleton)/Training/HAU/user7/4-1-3",17.0,210.0,16125409.616,16125428.916,115.0,122.0,16125419.416,16125420.116,3,harn_anchored
user7|4|1,user7,4,1,1,Standing up,32_Stand_up,Leisurely,SLOW,HAU/user7/4-1-1,"/Users/toheeb.ogunade/Workspace/cuchx-large/hf_data_manual/LMT_(IMU,Radar,Skeleton)/Training/HAU/user7/4-1-1",15.0,350.0,16125121.416,16125154.916,231.0,235.0,16125143.016,16125143.416,3,harn_anchored
user7|4|1,user7,4,1,2,Standing up,32_Stand_up,Steadily,NEUT,HAU/user7/4-1-2,"/Users/toheeb.ogunade/Workspace/cuchx-large/hf_data_manual/LMT_(IMU,Radar,Skeleton)/Training/HAU/user7/4-1-2",10.0,256.0,16125256.916,16125281.516,153.0,159.0,16125271.216,16125271.816,3,harn_anchored
user7|4|1,user7,4,1,3,Standing up,32_Stand_up,Hurriedly,FAST,HAU/user7/4-1-3,"/Users/toheeb.ogunade/Workspace/cuchx-large/hf_data_manual/LMT_(IMU,Radar,Skeleton)/Training/HAU/user7/4-1-3",17.0,210.0,16125409.616,16125428.916,138.0,140.0,16125421.716,16125421.916,3,harn_anchored
user7|4|1,user7,4,1,1,Sitting down,34_Sit_down,Leisurely,SLOW,HAU/user7/4-1-1,"/Users/toheeb.ogunade/Workspace/cuchx-large/hf_data_manual/LMT_(IMU,Radar,Skeleton)/Training/HAU/user7/4-1-1",15.0,350.0,16125121.416,16125154.916,306.0,316.0,16125150.516,16125151.516,3,harn_anchored
user7|4|1,user7,4,1,2,Sitting down,34_Sit_down,Steadily,NEUT,HAU/user7/4-1-2,"/Users/toheeb.ogunade/Workspace/cuchx-large/hf_data_manual/LMT_(IMU,Radar,Skeleton)/Training/HAU/user7/4-1-2",10.0,256.0,16125256.916,16125281.516,220.0,232.0,16125277.916,16125279.116,3,harn_anchored
user7|4|1,user7,4,1,3,Sitting down,34_Sit_down,Hurriedly,FAST,HAU/user7/4-1-3,"/Users/toheeb.ogunade/Workspace/cuchx-large/hf_data_manual/LMT_(IMU,Radar,Skeleton)/Training/HAU/user7/4-1-3",17.0,210.0,16125409.616,16125428.916,178.0,192.0,16125425.716,16125427.116,3,harn_anchored
user7|4|1,user7,4,1,1,Walking,36_Walk,Leisurely,SLOW,HAU/user7/4-1-1,"/Users/toheeb.ogunade/Workspace/cuchx-large/hf_data_manual/LMT_(IMU,Radar,Skeleton)/Training/HAU/user7/4-1-1",15.0,350.0,16125121.416,16125154.916,21.0,35.0,16125122.016,16125123.416,3,harn_anchored
user7|4|1,user7,4,1,2,Walking,36_Walk,Steadily,NEUT,HAU/user7/4-1-2,"/Users/toheeb.ogunade/Workspace/cuchx-large/hf_data_manual/LMT_(IMU,Radar,Skeleton)/Training/HAU/user7/4-1-2",10.0,256.0,16125256.916,16125281.516,11.0,22.0,16125257.016,16125258.116,3,harn_anchored
user7|4|1,user7,4,1,3,Walking,36_Walk,Hurriedly,FAST,HAU/user7/4-1-3,"/Users/toheeb.ogunade/Workspace/cuchx-large/hf_data_manual/LMT_(IMU,Radar,Skeleton)/Training/HAU/user7/4-1-3",17.0,210.0,16125409.616,16125428.916,22.0,28.0,16125410.116,16125410.716,3,harn_anchored
user7|4|1,user7,4,1,1,Taking medicine,37_Take_medicine,Leisurely,SLOW,HAU/user7/4-1-1,"/Users/toheeb.ogunade/Workspace/cuchx-large/hf_data_manual/LMT_(IMU,Radar,Skeleton)/Training/HAU/user7/4-1-1",15.0,350.0,16125121.416,16125154.916,259.0,290.0,16125145.816,16125148.916,3,harn_anchored
user7|4|1,user7,4,1,2,Taking medicine,37_Take_medicine,Steadily,NEUT,HAU/user7/4-1-2,"/Users/toheeb.ogunade/Workspace/cuchx-large/hf_data_manual/LMT_(IMU,Radar,Skeleton)/Training/HAU/user7/4-1-2",10.0,256.0,16125256.916,16125281.516,200.0,216.0,16125275.916,16125277.516,3,harn_anchored
user7|4|1,user7,4,1,3,Taking medicine,37_Take_medicine,Hurriedly,FAST,HAU/user7/4-1-3,"/Users/toheeb.ogunade/Workspace/cuchx-large/hf_data_manual/LMT_(IMU,Radar,Skeleton)/Training/HAU/user7/4-1-3",17.0,210.0,16125409.616,16125428.916,159.0,170.0,16125423.816,16125424.916,3,harn_anchored
user7|4|1,user7,4,1,1,Checking body temperature,39_Take_body_temperature,Leisurely,SLOW,HAU/user7/4-1-1,"/Users/toheeb.ogunade/Workspace/cuchx-large/hf_data_manual/LMT_(IMU,Radar,Skeleton)/Training/HAU/user7/4-1-1",15.0,350.0,16125121.416,16125154.916,238.0,250.0,16125143.716,16125144.916,2,harn_anchored
user7|4|1,user7,4,1,3,Checking body temperature,39_Take_body_temperature,Hurriedly,FAST,HAU/user7/4-1-3,"/Users/toheeb.ogunade/Workspace/cuchx-large/hf_data_manual/LMT_(IMU,Radar,Skeleton)/Training/HAU/user7/4-1-3",17.0,210.0,16125409.616,16125428.916,141.0,152.0,16125422.016,16125423.116,2,harn_anchored
user7|5|1,user7,5,1,1,Watching TV,25_Watch_TV,Slowly,SLOW,HAU/user7/5-1-1,"/Users/toheeb.ogunade/Workspace/cuchx-large/hf_data_manual/LMT_(IMU,Radar,Skeleton)/Training/HAU/user7/5-1-1",29.0,163.0,16058706.816,16058720.216,30.0,93.0,16058706.916,16058713.216,3,harn_anchored
user7|5|1,user7,5,1,2,Watching TV,25_Watch_TV,Attentively,CARE,HAU/user7/5-1-2,"/Users/toheeb.ogunade/Workspace/cuchx-large/hf_data_manual/LMT_(IMU,Radar,Skeleton)/Training/HAU/user7/5-1-2",13.0,156.0,16058800.216,16058814.516,14.0,78.0,16058800.316,16058806.716,3,harn_anchored
user7|5|1,user7,5,1,3,Watching TV,25_Watch_TV,Impatiently,FAST,HAU/user7/5-1-3,"/Users/toheeb.ogunade/Workspace/cuchx-large/hf_data_manual/LMT_(IMU,Radar,Skeleton)/Training/HAU/user7/5-1-3",1.0,85.0,16058888.016,16058896.416,1.0,43.0,16058888.016,16058892.216,3,harn_anchored
user7|5|1,user7,5,1,1,Undressing,3_Take_off_clothes,Slowly,SLOW,HAU/user7/5-1-1,"/Users/toheeb.ogunade/Workspace/cuchx-large/hf_data_manual/LMT_(IMU,Radar,Skeleton)/Training/HAU/user7/5-1-1",29.0,163.0,16058706.816,16058720.216,95.0,162.0,16058713.416,16058720.116,3,harn_anchored
user7|5|1,user7,5,1,2,Undressing,3_Take_off_clothes,Attentively,CARE,HAU/user7/5-1-2,"/Users/toheeb.ogunade/Workspace/cuchx-large/hf_data_manual/LMT_(IMU,Radar,Skeleton)/Training/HAU/user7/5-1-2",13.0,156.0,16058800.216,16058814.516,80.0,155.0,16058806.916,16058814.416,3,harn_anchored
user7|5|1,user7,5,1,3,Undressing,3_Take_off_clothes,Impatiently,FAST,HAU/user7/5-1-3,"/Users/toheeb.ogunade/Workspace/cuchx-large/hf_data_manual/LMT_(IMU,Radar,Skeleton)/Training/HAU/user7/5-1-3",1.0,85.0,16058888.016,16058896.416,45.0,84.0,16058892.416,16058896.316,3,harn_anchored
user7|5|2,user7,5,2,1,Stirring,10_Stir_drinks,Casually,NEUT,HAU/user7/5-2-1,"/Users/toheeb.ogunade/Workspace/cuchx-large/hf_data_manual/LMT_(IMU,Radar,Skeleton)/Training/HAU/user7/5-2-1",17.0,176.0,16204650.616,16204666.516,120.0,139.0,16204660.916,16204662.816,3,harn_anchored
user7|5|2,user7,5,2,2,Stirring,10_Stir_drinks,Smoothly,NEUT,HAU/user7/5-2-2,"/Users/toheeb.ogunade/Workspace/cuchx-large/hf_data_manual/LMT_(IMU,Radar,Skeleton)/Training/HAU/user7/5-2-2",21.0,170.0,16204708.016,16204722.916,87.0,109.0,16204714.616,16204716.816,3,harn_anchored
user7|5|2,user7,5,2,3,Stirring,10_Stir_drinks,Hurriedly,FAST,HAU/user7/5-2-3,"/Users/toheeb.ogunade/Workspace/cuchx-large/hf_data_manual/LMT_(IMU,Radar,Skeleton)/Training/HAU/user7/5-2-3",18.0,87.0,16204776.716,16204783.616,54.0,70.0,16204780.316,16204781.916,3,harn_anchored
user7|5|2,user7,5,2,1,Walking,36_Walk,Casually,NEUT,HAU/user7/5-2-1,"/Users/toheeb.ogunade/Workspace/cuchx-large/hf_data_manual/LMT_(IMU,Radar,Skeleton)/Training/HAU/user7/5-2-1",17.0,176.0,16204650.616,16204666.516,43.0,54.0,16204653.216,16204654.316,3,harn_anchored
user7|5|2,user7,5,2,2,Walking,36_Walk,Smoothly,NEUT,HAU/user7/5-2-2,"/Users/toheeb.ogunade/Workspace/cuchx-large/hf_data_manual/LMT_(IMU,Radar,Skeleton)/Training/HAU/user7/5-2-2",21.0,170.0,16204708.016,16204722.916,32.0,42.0,16204709.116,16204710.116,3,harn_anchored
user7|5|2,user7,5,2,3,Walking,36_Walk,Hurriedly,FAST,HAU/user7/5-2-3,"/Users/toheeb.ogunade/Workspace/cuchx-large/hf_data_manual/LMT_(IMU,Radar,Skeleton)/Training/HAU/user7/5-2-3",18.0,87.0,16204776.716,16204783.616,26.0,31.0,16204777.516,16204778.016,3,harn_anchored
user7|5|2,user7,5,2,1,Drinking,6_Drink_water,Casually,NEUT,HAU/user7/5-2-1,"/Users/toheeb.ogunade/Workspace/cuchx-large/hf_data_manual/LMT_(IMU,Radar,Skeleton)/Training/HAU/user7/5-2-1",17.0,176.0,16204650.616,16204666.516,143.0,175.0,16204663.216,16204666.416,3,harn_anchored
user7|5|2,user7,5,2,2,Drinking,6_Drink_water,Smoothly,NEUT,HAU/user7/5-2-2,"/Users/toheeb.ogunade/Workspace/cuchx-large/hf_data_manual/LMT_(IMU,Radar,Skeleton)/Training/HAU/user7/5-2-2",21.0,170.0,16204708.016,16204722.916,112.0,127.0,16204717.116,16204718.616,3,harn_anchored
user7|5|2,user7,5,2,3,Drinking,6_Drink_water,Hurriedly,FAST,HAU/user7/5-2-3,"/Users/toheeb.ogunade/Workspace/cuchx-large/hf_data_manual/LMT_(IMU,Radar,Skeleton)/Training/HAU/user7/5-2-3",18.0,87.0,16204776.716,16204783.616,72.0,82.0,16204782.116,16204783.116,3,harn_anchored
user7|5|2,user7,5,2,1,Pouring,9_Pour_drinks,Casually,NEUT,HAU/user7/5-2-1,"/Users/toheeb.ogunade/Workspace/cuchx-large/hf_data_manual/LMT_(IMU,Radar,Skeleton)/Training/HAU/user7/5-2-1",17.0,176.0,16204650.616,16204666.516,70.0,96.0,16204655.916,16204658.516,3,harn_anchored
user7|5|2,user7,5,2,2,Pouring,9_Pour_drinks,Smoothly,NEUT,HAU/user7/5-2-2,"/Users/toheeb.ogunade/Workspace/cuchx-large/hf_data_manual/LMT_(IMU,Radar,Skeleton)/Training/HAU/user7/5-2-2",21.0,170.0,16204708.016,16204722.916,57.0,68.0,16204711.616,16204712.716,3,harn_anchored
user7|5|2,user7,5,2,3,Pouring,9_Pour_drinks,Hurriedly,FAST,HAU/user7/5-2-3,"/Users/toheeb.ogunade/Workspace/cuchx-large/hf_data_manual/LMT_(IMU,Radar,Skeleton)/Training/HAU/user7/5-2-3",18.0,87.0,16204776.716,16204783.616,36.0,48.0,16204778.516,16204779.716,3,harn_anchored
user7|5|3,user7,5,3,1,Sitting down,34_Sit_down,Unhurriedly,SLOW,HAU/user7/5-3-1,"/Users/toheeb.ogunade/Workspace/cuchx-large/hf_data_manual/LMT_(IMU,Radar,Skeleton)/Training/HAU/user7/5-3-1",19.0,161.0,16059155.816,16059170.016,50.0,81.0,16059158.916,16059162.016,3,harn_anchored
user7|5|3,user7,5,3,2,Sitting down,34_Sit_down,Neatly,CARE,HAU/user7/5-3-2,"/Users/toheeb.ogunade/Workspace/cuchx-large/hf_data_manual/LMT_(IMU,Radar,Skeleton)/Training/HAU/user7/5-3-2",17.0,121.0,16059239.616,16059250.016,41.0,57.0,16059242.016,16059243.616,3,harn_anchored
user7|5|3,user7,5,3,3,Sitting down,34_Sit_down,Anxiously,NERV,HAU/user7/5-3-3,"/Users/toheeb.ogunade/Workspace/cuchx-large/hf_data_manual/LMT_(IMU,Radar,Skeleton)/Training/HAU/user7/5-3-3",12.0,83.0,16059313.116,16059320.216,30.0,36.0,16059314.916,16059315.516,3,harn_anchored
user7|5|3,user7,5,3,1,Walking,36_Walk,Unhurriedly,SLOW,HAU/user7/5-3-1,"/Users/toheeb.ogunade/Workspace/cuchx-large/hf_data_manual/LMT_(IMU,Radar,Skeleton)/Training/HAU/user7/5-3-1",19.0,161.0,16059155.816,16059170.016,30.0,46.0,16059156.916,16059158.516,3,harn_anchored
user7|5|3,user7,5,3,2,Walking,36_Walk,Neatly,CARE,HAU/user7/5-3-2,"/Users/toheeb.ogunade/Workspace/cuchx-large/hf_data_manual/LMT_(IMU,Radar,Skeleton)/Training/HAU/user7/5-3-2",17.0,121.0,16059239.616,16059250.016,23.0,38.0,16059240.216,16059241.716,3,harn_anchored
user7|5|3,user7,5,3,3,Walking,36_Walk,Anxiously,NERV,HAU/user7/5-3-3,"/Users/toheeb.ogunade/Workspace/cuchx-large/hf_data_manual/LMT_(IMU,Radar,Skeleton)/Training/HAU/user7/5-3-3",12.0,83.0,16059313.116,16059320.216,18.0,28.0,16059313.716,16059314.716,3,harn_anchored
user7|5|3,user7,5,3,1,Eating,7_Eat_food,Unhurriedly,SLOW,HAU/user7/5-3-1,"/Users/toheeb.ogunade/Workspace/cuchx-large/hf_data_manual/LMT_(IMU,Radar,Skeleton)/Training/HAU/user7/5-3-1",19.0,161.0,16059155.816,16059170.016,91.0,122.0,16059163.016,16059166.116,3,harn_anchored
user7|5|3,user7,5,3,2,Eating,7_Eat_food,Neatly,CARE,HAU/user7/5-3-2,"/Users/toheeb.ogunade/Workspace/cuchx-large/hf_data_manual/LMT_(IMU,Radar,Skeleton)/Training/HAU/user7/5-3-2",17.0,121.0,16059239.616,16059250.016,78.0,100.0,16059245.716,16059247.916,3,harn_anchored
user7|5|3,user7,5,3,3,Eating,7_Eat_food,Anxiously,NERV,HAU/user7/5-3-3,"/Users/toheeb.ogunade/Workspace/cuchx-large/hf_data_manual/LMT_(IMU,Radar,Skeleton)/Training/HAU/user7/5-3-3",12.0,83.0,16059313.116,16059320.216,49.0,64.0,16059316.816,16059318.316,3,harn_anchored
user7|5|3,user7,5,3,1,Grabbing utensils,8_Take_and_use_tableware,Unhurriedly,SLOW,HAU/user7/5-3-1,"/Users/toheeb.ogunade/Workspace/cuchx-large/hf_data_manual/LMT_(IMU,Radar,Skeleton)/Training/HAU/user7/5-3-1",19.0,161.0,16059155.816,16059170.016,75.0,92.0,16059161.416,16059163.116,3,harn_anchored
user7|5|3,user7,5,3,2,Grabbing utensils,8_Take_and_use_tableware,Neatly,CARE,HAU/user7/5-3-2,"/Users/toheeb.ogunade/Workspace/cuchx-large/hf_data_manual/LMT_(IMU,Radar,Skeleton)/Training/HAU/user7/5-3-2",17.0,121.0,16059239.616,16059250.016,62.0,78.0,16059244.116,16059245.716,3,harn_anchored
user7|5|3,user7,5,3,3,Grabbing utensils,8_Take_and_use_tableware,Anxiously,NERV,HAU/user7/5-3-3,"/Users/toheeb.ogunade/Workspace/cuchx-large/hf_data_manual/LMT_(IMU,Radar,Skeleton)/Training/HAU/user7/5-3-3",12.0,83.0,16059313.116,16059320.216,43.0,51.0,16059316.216,16059317.016,3,harn_anchored
user7|6|1,user7,6,1,1,Folding clothes,16_Fold_clothes,Slowly,SLOW,HAU/user7/6-1-1,"/Users/toheeb.ogunade/Workspace/cuchx-large/hf_data_manual/LMT_(IMU,Radar,Skeleton)/Training/HAU/user7/6-1-1",21.0,155.0,16125571.016,16125584.416,98.0,155.0,16125578.716,16125584.416,3,harn_anchored
user7|6|1,user7,6,1,2,Folding clothes,16_Fold_clothes,Naturally,NEUT,HAU/user7/6-1-2,"/Users/toheeb.ogunade/Workspace/cuchx-large/hf_data_manual/LMT_(IMU,Radar,Skeleton)/Training/HAU/user7/6-1-2",20.0,204.0,16125663.916,16125682.316,137.0,200.0,16125675.616,16125681.916,3,harn_anchored
user7|6|1,user7,6,1,3,Folding clothes,16_Fold_clothes,Hastily,FAST,HAU/user7/6-1-3,"/Users/toheeb.ogunade/Workspace/cuchx-large/hf_data_manual/LMT_(IMU,Radar,Skeleton)/Training/HAU/user7/6-1-3",19.0,106.0,16125840.816,16125849.516,80.0,105.0,16125846.916,16125849.416,3,harn_anchored
user7|6|1,user7,6,1,1,Walking,36_Walk,Slowly,SLOW,HAU/user7/6-1-1,"/Users/toheeb.ogunade/Workspace/cuchx-large/hf_data_manual/LMT_(IMU,Radar,Skeleton)/Training/HAU/user7/6-1-1",21.0,155.0,16125571.016,16125584.416,21.0,32.0,16125571.016,16125572.116,3,harn_anchored
user7|6|1,user7,6,1,2,Walking,36_Walk,Naturally,NEUT,HAU/user7/6-1-2,"/Users/toheeb.ogunade/Workspace/cuchx-large/hf_data_manual/LMT_(IMU,Radar,Skeleton)/Training/HAU/user7/6-1-2",20.0,204.0,16125663.916,16125682.316,21.0,30.0,16125664.016,16125664.916,3,harn_anchored
user7|6|1,user7,6,1,3,Walking,36_Walk,Hastily,FAST,HAU/user7/6-1-3,"/Users/toheeb.ogunade/Workspace/cuchx-large/hf_data_manual/LMT_(IMU,Radar,Skeleton)/Training/HAU/user7/6-1-3",19.0,106.0,16125840.816,16125849.516,19.0,25.0,16125840.816,16125841.416,3,harn_anchored
user7|6|1,user7,6,1,1,Undressing,3_Take_off_clothes,Slowly,SLOW,HAU/user7/6-1-1,"/Users/toheeb.ogunade/Workspace/cuchx-large/hf_data_manual/LMT_(IMU,Radar,Skeleton)/Training/HAU/user7/6-1-1",21.0,155.0,16125571.016,16125584.416,35.0,52.0,16125572.416,16125574.116,3,harn_anchored
user7|6|1,user7,6,1,2,Undressing,3_Take_off_clothes,Naturally,NEUT,HAU/user7/6-1-2,"/Users/toheeb.ogunade/Workspace/cuchx-large/hf_data_manual/LMT_(IMU,Radar,Skeleton)/Training/HAU/user7/6-1-2",20.0,204.0,16125663.916,16125682.316,31.0,50.0,16125665.016,16125666.916,3,harn_anchored
user7|6|1,user7,6,1,3,Undressing,3_Take_off_clothes,Hastily,FAST,HAU/user7/6-1-3,"/Users/toheeb.ogunade/Workspace/cuchx-large/hf_data_manual/LMT_(IMU,Radar,Skeleton)/Training/HAU/user7/6-1-3",19.0,106.0,16125840.816,16125849.516,21.0,38.0,16125841.016,16125842.716,3,harn_anchored
user7|6|1,user7,6,1,1,Getting dressed,5_Put_on_clothes,Slowly,SLOW,HAU/user7/6-1-1,"/Users/toheeb.ogunade/Workspace/cuchx-large/hf_data_manual/LMT_(IMU,Radar,Skeleton)/Training/HAU/user7/6-1-1",21.0,155.0,16125571.016,16125584.416,62.0,96.0,16125575.116,16125578.516,3,harn_anchored
user7|6|1,user7,6,1,2,Getting dressed,5_Put_on_clothes,Naturally,NEUT,HAU/user7/6-1-2,"/Users/toheeb.ogunade/Workspace/cuchx-large/hf_data_manual/LMT_(IMU,Radar,Skeleton)/Training/HAU/user7/6-1-2",20.0,204.0,16125663.916,16125682.316,66.0,136.0,16125668.516,16125675.516,3,harn_anchored
user7|6|1,user7,6,1,3,Getting dressed,5_Put_on_clothes,Hastily,FAST,HAU/user7/6-1-3,"/Users/toheeb.ogunade/Workspace/cuchx-large/hf_data_manual/LMT_(IMU,Radar,Skeleton)/Training/HAU/user7/6-1-3",19.0,106.0,16125840.816,16125849.516,48.0,80.0,16125843.716,16125846.916,3,harn_anchored
user7|6|2,user7,6,2,1,Listening to the music with headphones,23_Listen_to_music_with_headphones,Leisurely,SLOW,HAU/user7/6-2-1,"/Users/toheeb.ogunade/Workspace/cuchx-large/hf_data_manual/LMT_(IMU,Radar,Skeleton)/Training/HAU/user7/6-2-1",20.0,97.0,16125978.916,16125986.616,81.0,97.0,16125985.016,16125986.616,3,harn_anchored
user7|6|2,user7,6,2,2,Listening to the music with headphones,23_Listen_to_music_with_headphones,Steadily,NEUT,HAU/user7/6-2-2,"/Users/toheeb.ogunade/Workspace/cuchx-large/hf_data_manual/LMT_(IMU,Radar,Skeleton)/Training/HAU/user7/6-2-2",15.0,77.0,16126062.416,16126068.616,47.0,76.0,16126065.616,16126068.516,3,harn_anchored
user7|6|2,user7,6,2,3,Listening to the music with headphones,23_Listen_to_music_with_headphones,Tensly,NERV,HAU/user7/6-2-3,"/Users/toheeb.ogunade/Workspace/cuchx-large/hf_data_manual/LMT_(IMU,Radar,Skeleton)/Training/HAU/user7/6-2-3",11.0,61.0,16126153.016,16126158.016,36.0,50.0,16126155.516,16126156.916,3,harn_anchored
user7|6|3,user7,6,3,1,Sitting down,34_Sit_down,Quietly,SLOW,HAU/user7/6-3-1,"/Users/toheeb.ogunade/Workspace/cuchx-large/hf_data_manual/LMT_(IMU,Radar,Skeleton)/Training/HAU/user7/6-3-1",24.0,129.0,16059523.316,16059533.816,47.0,58.0,16059525.616,16059526.716,2,harn_anchored
user7|6|3,user7,6,3,3,Sitting down,34_Sit_down,Hurriedly,FAST,HAU/user7/6-3-3,"/Users/toheeb.ogunade/Workspace/cuchx-large/hf_data_manual/LMT_(IMU,Radar,Skeleton)/Training/HAU/user7/6-3-3",36.0,114.0,16059671.516,16059679.316,51.0,58.0,16059673.016,16059673.716,2,harn_anchored
user7|6|3,user7,6,3,1,Walking,36_Walk,Quietly,SLOW,HAU/user7/6-3-1,"/Users/toheeb.ogunade/Workspace/cuchx-large/hf_data_manual/LMT_(IMU,Radar,Skeleton)/Training/HAU/user7/6-3-1",24.0,129.0,16059523.316,16059533.816,29.0,46.0,16059523.816,16059525.516,2,harn_anchored
user7|6|3,user7,6,3,3,Walking,36_Walk,Hurriedly,FAST,HAU/user7/6-3-3,"/Users/toheeb.ogunade/Workspace/cuchx-large/hf_data_manual/LMT_(IMU,Radar,Skeleton)/Training/HAU/user7/6-3-3",36.0,114.0,16059671.516,16059679.316,42.0,50.0,16059672.116,16059672.916,2,harn_anchored
user7|7|1,user7,7,1,1,Listening to the music with headphones,23_Listen_to_music_with_headphones,Gently,SLOW,HAU/user7/7-1-1,"/Users/toheeb.ogunade/Workspace/cuchx-large/hf_data_manual/LMT_(IMU,Radar,Skeleton)/Training/HAU/user7/7-1-1",18.0,169.0,16126270.716,16126285.816,151.0,169.0,16126284.016,16126285.816,3,harn_anchored
user7|7|1,user7,7,1,2,Listening to the music with headphones,23_Listen_to_music_with_headphones,Calmly,SLOW,HAU/user7/7-1-2,"/Users/toheeb.ogunade/Workspace/cuchx-large/hf_data_manual/LMT_(IMU,Radar,Skeleton)/Training/HAU/user7/7-1-2",12.0,135.0,16126361.116,16126373.416,113.0,135.0,16126371.216,16126373.416,3,harn_anchored
user7|7|1,user7,7,1,3,Listening to the music with headphones,23_Listen_to_music_with_headphones,Quickly,FAST,HAU/user7/7-1-3,"/Users/toheeb.ogunade/Workspace/cuchx-large/hf_data_manual/LMT_(IMU,Radar,Skeleton)/Training/HAU/user7/7-1-3",25.0,113.0,16126497.416,16126506.216,101.0,113.0,16126505.016,16126506.216,3,harn_anchored
user7|7|1,user7,7,1,1,Sitting down,34_Sit_down,Gently,SLOW,HAU/user7/7-1-1,"/Users/toheeb.ogunade/Workspace/cuchx-large/hf_data_manual/LMT_(IMU,Radar,Skeleton)/Training/HAU/user7/7-1-1",18.0,169.0,16126270.716,16126285.816,115.0,128.0,16126280.416,16126281.716,3,harn_anchored
user7|7|1,user7,7,1,2,Sitting down,34_Sit_down,Calmly,SLOW,HAU/user7/7-1-2,"/Users/toheeb.ogunade/Workspace/cuchx-large/hf_data_manual/LMT_(IMU,Radar,Skeleton)/Training/HAU/user7/7-1-2",12.0,135.0,16126361.116,16126373.416,84.0,100.0,16126368.316,16126369.916,3,harn_anchored
user7|7|1,user7,7,1,3,Sitting down,34_Sit_down,Quickly,FAST,HAU/user7/7-1-3,"/Users/toheeb.ogunade/Workspace/cuchx-large/hf_data_manual/LMT_(IMU,Radar,Skeleton)/Training/HAU/user7/7-1-3",25.0,113.0,16126497.416,16126506.216,61.0,67.0,16126501.016,16126501.616,3,harn_anchored
user7|7|1,user7,7,1,1,Checking body temperature,39_Take_body_temperature,Gently,SLOW,HAU/user7/7-1-1,"/Users/toheeb.ogunade/Workspace/cuchx-large/hf_data_manual/LMT_(IMU,Radar,Skeleton)/Training/HAU/user7/7-1-1",18.0,169.0,16126270.716,16126285.816,56.0,96.0,16126274.516,16126278.516,3,harn_anchored
user7|7|1,user7,7,1,2,Checking body temperature,39_Take_body_temperature,Calmly,SLOW,HAU/user7/7-1-2,"/Users/toheeb.ogunade/Workspace/cuchx-large/hf_data_manual/LMT_(IMU,Radar,Skeleton)/Training/HAU/user7/7-1-2",12.0,135.0,16126361.116,16126373.416,52.0,74.0,16126365.116,16126367.316,3,harn_anchored
user7|7|1,user7,7,1,3,Checking body temperature,39_Take_body_temperature,Quickly,FAST,HAU/user7/7-1-3,"/Users/toheeb.ogunade/Workspace/cuchx-large/hf_data_manual/LMT_(IMU,Radar,Skeleton)/Training/HAU/user7/7-1-3",25.0,113.0,16126497.416,16126506.216,51.0,60.0,16126500.016,16126500.916,3,harn_anchored
user7|7|2,user7,7,2,1,Peeling fruit,11_Peel_fruits,Slowly,SLOW,HAU/user7/7-2-1,"/Users/toheeb.ogunade/Workspace/cuchx-large/hf_data_manual/LMT_(IMU,Radar,Skeleton)/Training/HAU/user7/7-2-1",19.0,175.0,16204855.816,16204871.416,21.0,77.0,16204856.016,16204861.616,3,harn_anchored
user7|7|2,user7,7,2,2,Peeling fruit,11_Peel_fruits,Neatly,CARE,HAU/user7/7-2-2,"/Users/toheeb.ogunade/Workspace/cuchx-large/hf_data_manual/LMT_(IMU,Radar,Skeleton)/Training/HAU/user7/7-2-2",17.0,120.0,16204928.616,16204938.916,18.0,59.0,16204928.716,16204932.816,3,harn_anchored
user7|7|2,user7,7,2,3,Peeling fruit,11_Peel_fruits,Hastily,FAST,HAU/user7/7-2-3,"/Users/toheeb.ogunade/Workspace/cuchx-large/hf_data_manual/LMT_(IMU,Radar,Skeleton)/Training/HAU/user7/7-2-3",16.0,79.0,16204984.516,16204990.816,18.0,35.0,16204984.716,16204986.416,3,harn_anchored
user7|7|2,user7,7,2,1,Wiping hands,4_Wipe_hands,Slowly,SLOW,HAU/user7/7-2-1,"/Users/toheeb.ogunade/Workspace/cuchx-large/hf_data_manual/LMT_(IMU,Radar,Skeleton)/Training/HAU/user7/7-2-1",19.0,175.0,16204855.816,16204871.416,96.0,124.0,16204863.516,16204866.316,3,harn_anchored
user7|7|2,user7,7,2,2,Wiping hands,4_Wipe_hands,Neatly,CARE,HAU/user7/7-2-2,"/Users/toheeb.ogunade/Workspace/cuchx-large/hf_data_manual/LMT_(IMU,Radar,Skeleton)/Training/HAU/user7/7-2-2",17.0,120.0,16204928.616,16204938.916,60.0,78.0,16204932.916,16204934.716,3,harn_anchored
user7|7|2,user7,7,2,3,Wiping hands,4_Wipe_hands,Hastily,FAST,HAU/user7/7-2-3,"/Users/toheeb.ogunade/Workspace/cuchx-large/hf_data_manual/LMT_(IMU,Radar,Skeleton)/Training/HAU/user7/7-2-3",16.0,79.0,16204984.516,16204990.816,41.0,48.0,16204987.016,16204987.716,3,harn_anchored
user7|7|2,user7,7,2,1,Eating,7_Eat_food,Slowly,SLOW,HAU/user7/7-2-1,"/Users/toheeb.ogunade/Workspace/cuchx-large/hf_data_manual/LMT_(IMU,Radar,Skeleton)/Training/HAU/user7/7-2-1",19.0,175.0,16204855.816,16204871.416,138.0,163.0,16204867.716,16204870.216,2,harn_anchored
user7|7|2,user7,7,2,2,Eating,7_Eat_food,Neatly,CARE,HAU/user7/7-2-2,"/Users/toheeb.ogunade/Workspace/cuchx-large/hf_data_manual/LMT_(IMU,Radar,Skeleton)/Training/HAU/user7/7-2-2",17.0,120.0,16204928.616,16204938.916,90.0,106.0,16204935.916,16204937.516,2,harn_anchored
user8|1|1,user8,1,1,1,Washing face,0_Wash_face,Unhurriedly,SLOW,HAU/user8/1-1-1,"/Users/toheeb.ogunade/Workspace/cuchx-large/hf_data_manual/LMT_(IMU,Radar,Skeleton)/Training/HAU/user8/1-1-1",10.0,107.0,16135580.916,16135590.616,82.0,107.0,16135588.116,16135590.616,3,harn_anchored
user8|1|1,user8,1,1,2,Washing face,0_Wash_face,Intently,CARE,HAU/user8/1-1-2,"/Users/toheeb.ogunade/Workspace/cuchx-large/hf_data_manual/LMT_(IMU,Radar,Skeleton)/Training/HAU/user8/1-1-2",17.0,95.0,16135651.616,16135659.416,72.0,95.0,16135657.116,16135659.416,3,harn_anchored
user8|1|1,user8,1,1,3,Washing face,0_Wash_face,Absentmindedly,SLOW,HAU/user8/1-1-3,"/Users/toheeb.ogunade/Workspace/cuchx-large/hf_data_manual/LMT_(IMU,Radar,Skeleton)/Training/HAU/user8/1-1-3",10.0,84.0,16135746.916,16135754.316,67.0,84.0,16135752.616,16135754.316,3,harn_anchored
user8|1|1,user8,1,1,1,Brushing teeth,1_Brush_teeth,Unhurriedly,SLOW,HAU/user8/1-1-1,"/Users/toheeb.ogunade/Workspace/cuchx-large/hf_data_manual/LMT_(IMU,Radar,Skeleton)/Training/HAU/user8/1-1-1",10.0,107.0,16135580.916,16135590.616,41.0,66.0,16135584.016,16135586.516,3,harn_anchored
user8|1|1,user8,1,1,2,Brushing teeth,1_Brush_teeth,Intently,CARE,HAU/user8/1-1-2,"/Users/toheeb.ogunade/Workspace/cuchx-large/hf_data_manual/LMT_(IMU,Radar,Skeleton)/Training/HAU/user8/1-1-2",17.0,95.0,16135651.616,16135659.416,17.0,62.0,16135651.616,16135656.116,3,harn_anchored
user8|1|1,user8,1,1,3,Brushing teeth,1_Brush_teeth,Absentmindedly,SLOW,HAU/user8/1-1-3,"/Users/toheeb.ogunade/Workspace/cuchx-large/hf_data_manual/LMT_(IMU,Radar,Skeleton)/Training/HAU/user8/1-1-3",10.0,84.0,16135746.916,16135754.316,18.0,57.0,16135747.716,16135751.616,3,harn_anchored
user8|1|1,user8,1,1,1,Wiping hands,4_Wipe_hands,Unhurriedly,SLOW,HAU/user8/1-1-1,"/Users/toheeb.ogunade/Workspace/cuchx-large/hf_data_manual/LMT_(IMU,Radar,Skeleton)/Training/HAU/user8/1-1-1",10.0,107.0,16135580.916,16135590.616,79.0,107.0,16135587.816,16135590.616,3,harn_anchored
user8|1|1,user8,1,1,2,Wiping hands,4_Wipe_hands,Intently,CARE,HAU/user8/1-1-2,"/Users/toheeb.ogunade/Workspace/cuchx-large/hf_data_manual/LMT_(IMU,Radar,Skeleton)/Training/HAU/user8/1-1-2",17.0,95.0,16135651.616,16135659.416,71.0,95.0,16135657.016,16135659.416,3,harn_anchored
user8|1|1,user8,1,1,3,Wiping hands,4_Wipe_hands,Absentmindedly,SLOW,HAU/user8/1-1-3,"/Users/toheeb.ogunade/Workspace/cuchx-large/hf_data_manual/LMT_(IMU,Radar,Skeleton)/Training/HAU/user8/1-1-3",10.0,84.0,16135746.916,16135754.316,64.0,84.0,16135752.316,16135754.316,3,harn_anchored
user8|1|2,user8,1,2,1,Calling,19_Make_a_phone_call,Contently,SLOW,HAU/user8/1-2-1,"/Users/toheeb.ogunade/Workspace/cuchx-large/hf_data_manual/LMT_(IMU,Radar,Skeleton)/Training/HAU/user8/1-2-1",12.0,292.0,16060297.116,16060325.116,284.0,292.0,16060324.316,16060325.116,3,harn_anchored
user8|1|2,user8,1,2,2,Calling,19_Make_a_phone_call,Briskly,FAST,HAU/user8/1-2-2,"/Users/toheeb.ogunade/Workspace/cuchx-large/hf_data_manual/LMT_(IMU,Radar,Skeleton)/Training/HAU/user8/1-2-2",28.0,183.0,16060381.716,16060397.216,159.0,182.0,16060394.816,16060397.116,3,harn_anchored
user8|1|2,user8,1,2,3,Calling,19_Make_a_phone_call,Lazily,SLOW,HAU/user8/1-2-3,"/Users/toheeb.ogunade/Workspace/cuchx-large/hf_data_manual/LMT_(IMU,Radar,Skeleton)/Training/HAU/user8/1-2-3",30.0,342.0,16060460.916,16060492.116,313.0,327.0,16060489.216,16060490.616,3,harn_anchored
user8|1|2,user8,1,2,1,Reading,21_Read_documents,Contently,SLOW,HAU/user8/1-2-1,"/Users/toheeb.ogunade/Workspace/cuchx-large/hf_data_manual/LMT_(IMU,Radar,Skeleton)/Training/HAU/user8/1-2-1",12.0,292.0,16060297.116,16060325.116,116.0,164.0,16060307.516,16060312.316,3,harn_anchored
user8|1|2,user8,1,2,2,Reading,21_Read_documents,Briskly,FAST,HAU/user8/1-2-2,"/Users/toheeb.ogunade/Workspace/cuchx-large/hf_data_manual/LMT_(IMU,Radar,Skeleton)/Training/HAU/user8/1-2-2",28.0,183.0,16060381.716,16060397.216,76.0,99.0,16060386.516,16060388.816,3,harn_anchored
user8|1|2,user8,1,2,3,Reading,21_Read_documents,Lazily,SLOW,HAU/user8/1-2-3,"/Users/toheeb.ogunade/Workspace/cuchx-large/hf_data_manual/LMT_(IMU,Radar,Skeleton)/Training/HAU/user8/1-2-3",30.0,342.0,16060460.916,16060492.116,150.0,189.0,16060472.916,16060476.816,3,harn_anchored
user8|1|2,user8,1,2,1,Taking a selfie,27_Take_a_selfie,Contently,SLOW,HAU/user8/1-2-1,"/Users/toheeb.ogunade/Workspace/cuchx-large/hf_data_manual/LMT_(IMU,Radar,Skeleton)/Training/HAU/user8/1-2-1",12.0,292.0,16060297.116,16060325.116,196.0,230.0,16060315.516,16060318.916,3,harn_anchored
user8|1|2,user8,1,2,2,Taking a selfie,27_Take_a_selfie,Briskly,FAST,HAU/user8/1-2-2,"/Users/toheeb.ogunade/Workspace/cuchx-large/hf_data_manual/LMT_(IMU,Radar,Skeleton)/Training/HAU/user8/1-2-2",28.0,183.0,16060381.716,16060397.216,116.0,134.0,16060390.516,16060392.316,3,harn_anchored
user8|1|2,user8,1,2,3,Taking a selfie,27_Take_a_selfie,Lazily,SLOW,HAU/user8/1-2-3,"/Users/toheeb.ogunade/Workspace/cuchx-large/hf_data_manual/LMT_(IMU,Radar,Skeleton)/Training/HAU/user8/1-2-3",30.0,342.0,16060460.916,16060492.116,226.0,244.0,16060480.516,16060482.316,3,harn_anchored
user8|1|2,user8,1,2,1,Walking,36_Walk,Contently,SLOW,HAU/user8/1-2-1,"/Users/toheeb.ogunade/Workspace/cuchx-large/hf_data_manual/LMT_(IMU,Radar,Skeleton)/Training/HAU/user8/1-2-1",12.0,292.0,16060297.116,16060325.116,34.0,51.0,16060299.316,16060301.016,3,harn_anchored
user8|1|2,user8,1,2,2,Walking,36_Walk,Briskly,FAST,HAU/user8/1-2-2,"/Users/toheeb.ogunade/Workspace/cuchx-large/hf_data_manual/LMT_(IMU,Radar,Skeleton)/Training/HAU/user8/1-2-2",28.0,183.0,16060381.716,16060397.216,28.0,39.0,16060381.716,16060382.816,3,harn_anchored
user8|1|2,user8,1,2,3,Walking,36_Walk,Lazily,SLOW,HAU/user8/1-2-3,"/Users/toheeb.ogunade/Workspace/cuchx-large/hf_data_manual/LMT_(IMU,Radar,Skeleton)/Training/HAU/user8/1-2-3",30.0,342.0,16060460.916,16060492.116,30.0,38.0,16060460.916,16060461.716,3,harn_anchored
user8|2|1,user8,2,1,1,Folding clothes,16_Fold_clothes,Relaxedly,SLOW,HAU/user8/2-1-1,"/Users/toheeb.ogunade/Workspace/cuchx-large/hf_data_manual/LMT_(IMU,Radar,Skeleton)/Training/HAU/user8/2-1-1",16.0,316.0,16060618.516,16060648.516,16.0,138.0,16060618.516,16060630.716,3,harn_anchored
user8|2|1,user8,2,1,2,Folding clothes,16_Fold_clothes,Attentively,CARE,HAU/user8/2-1-2,"/Users/toheeb.ogunade/Workspace/cuchx-large/hf_data_manual/LMT_(IMU,Radar,Skeleton)/Training/HAU/user8/2-1-2",15.0,295.0,16060752.416,16060780.416,35.0,102.0,16060754.416,16060761.116,3,harn_anchored
user8|2|1,user8,2,1,3,Folding clothes,16_Fold_clothes,Nervously,NERV,HAU/user8/2-1-3,"/Users/toheeb.ogunade/Workspace/cuchx-large/hf_data_manual/LMT_(IMU,Radar,Skeleton)/Training/HAU/user8/2-1-3",31.0,181.0,16060983.016,16060998.016,40.0,72.0,16060983.916,16060987.116,3,harn_anchored
user8|2|1,user8,2,1,1,Calling,19_Make_a_phone_call,Relaxedly,SLOW,HAU/user8/2-1-1,"/Users/toheeb.ogunade/Workspace/cuchx-large/hf_data_manual/LMT_(IMU,Radar,Skeleton)/Training/HAU/user8/2-1-1",16.0,316.0,16060618.516,16060648.516,289.0,316.0,16060645.816,16060648.516,2,harn_anchored
user8|2|1,user8,2,1,3,Calling,19_Make_a_phone_call,Nervously,NERV,HAU/user8/2-1-3,"/Users/toheeb.ogunade/Workspace/cuchx-large/hf_data_manual/LMT_(IMU,Radar,Skeleton)/Training/HAU/user8/2-1-3",31.0,181.0,16060983.016,16060998.016,162.0,180.0,16060996.116,16060997.916,2,harn_anchored
user8|2|1,user8,2,1,1,Checking the time,20_Check_the_time,Relaxedly,SLOW,HAU/user8/2-1-1,"/Users/toheeb.ogunade/Workspace/cuchx-large/hf_data_manual/LMT_(IMU,Radar,Skeleton)/Training/HAU/user8/2-1-1",16.0,316.0,16060618.516,16060648.516,170.0,185.0,16060633.916,16060635.416,3,harn_anchored
user8|2|1,user8,2,1,2,Checking the time,20_Check_the_time,Attentively,CARE,HAU/user8/2-1-2,"/Users/toheeb.ogunade/Workspace/cuchx-large/hf_data_manual/LMT_(IMU,Radar,Skeleton)/Training/HAU/user8/2-1-2",15.0,295.0,16060752.416,16060780.416,146.0,165.0,16060765.516,16060767.416,3,harn_anchored
user8|2|1,user8,2,1,3,Checking the time,20_Check_the_time,Nervously,NERV,HAU/user8/2-1-3,"/Users/toheeb.ogunade/Workspace/cuchx-large/hf_data_manual/LMT_(IMU,Radar,Skeleton)/Training/HAU/user8/2-1-3",31.0,181.0,16060983.016,16060998.016,81.0,103.0,16060988.016,16060990.216,3,harn_anchored
user8|2|1,user8,2,1,1,Listening to the music with headphones,23_Listen_to_music_with_headphones,Relaxedly,SLOW,HAU/user8/2-1-1,"/Users/toheeb.ogunade/Workspace/cuchx-large/hf_data_manual/LMT_(IMU,Radar,Skeleton)/Training/HAU/user8/2-1-1",16.0,316.0,16060618.516,16060648.516,222.0,277.0,16060639.116,16060644.616,3,harn_anchored
user8|2|1,user8,2,1,2,Listening to the music with headphones,23_Listen_to_music_with_headphones,Attentively,CARE,HAU/user8/2-1-2,"/Users/toheeb.ogunade/Workspace/cuchx-large/hf_data_manual/LMT_(IMU,Radar,Skeleton)/Training/HAU/user8/2-1-2",15.0,295.0,16060752.416,16060780.416,193.0,228.0,16060770.216,16060773.716,3,harn_anchored
user8|2|1,user8,2,1,3,Listening to the music with headphones,23_Listen_to_music_with_headphones,Nervously,NERV,HAU/user8/2-1-3,"/Users/toheeb.ogunade/Workspace/cuchx-large/hf_data_manual/LMT_(IMU,Radar,Skeleton)/Training/HAU/user8/2-1-3",31.0,181.0,16060983.016,16060998.016,116.0,133.0,16060991.516,16060993.216,3,harn_anchored
user8|2|2,user8,2,2,1,Wiping surface,15_Wipe_windows_and_tables,Meticulously,CARE,HAU/user8/2-2-1,"/Users/toheeb.ogunade/Workspace/cuchx-large/hf_data_manual/LMT_(IMU,Radar,Skeleton)/Training/HAU/user8/2-2-1",31.0,79.0,16208094.016,16208098.816,42.0,79.0,16208095.116,16208098.816,3,harn_anchored
user8|2|2,user8,2,2,2,Wiping surface,15_Wipe_windows_and_tables,Briskly,FAST,HAU/user8/2-2-2,"/Users/toheeb.ogunade/Workspace/cuchx-large/hf_data_manual/LMT_(IMU,Radar,Skeleton)/Training/HAU/user8/2-2-2",34.0,79.0,16208233.316,16208237.816,43.0,79.0,16208234.216,16208237.816,3,harn_anchored
user8|2|2,user8,2,2,3,Wiping surface,15_Wipe_windows_and_tables,Hastily,FAST,HAU/user8/2-2-3,"/Users/toheeb.ogunade/Workspace/cuchx-large/hf_data_manual/LMT_(IMU,Radar,Skeleton)/Training/HAU/user8/2-2-3",33.0,66.0,16208300.216,16208303.516,40.0,66.0,16208300.916,16208303.516,3,harn_anchored
user8|2|2,user8,2,2,1,Walking,36_Walk,Meticulously,CARE,HAU/user8/2-2-1,"/Users/toheeb.ogunade/Workspace/cuchx-large/hf_data_manual/LMT_(IMU,Radar,Skeleton)/Training/HAU/user8/2-2-1",31.0,79.0,16208094.016,16208098.816,31.0,39.0,16208094.016,16208094.816,3,harn_anchored
user8|2|2,user8,2,2,2,Walking,36_Walk,Briskly,FAST,HAU/user8/2-2-2,"/Users/toheeb.ogunade/Workspace/cuchx-large/hf_data_manual/LMT_(IMU,Radar,Skeleton)/Training/HAU/user8/2-2-2",34.0,79.0,16208233.316,16208237.816,34.0,42.0,16208233.316,16208234.116,3,harn_anchored
user8|2|2,user8,2,2,3,Walking,36_Walk,Hastily,FAST,HAU/user8/2-2-3,"/Users/toheeb.ogunade/Workspace/cuchx-large/hf_data_manual/LMT_(IMU,Radar,Skeleton)/Training/HAU/user8/2-2-3",33.0,66.0,16208300.216,16208303.516,33.0,39.0,16208300.216,16208300.816,3,harn_anchored
user8|3|1,user8,3,1,1,Sweeping,12_Sweep_the_floor,Deliberately,CARE,HAU/user8/3-1-1,"/Users/toheeb.ogunade/Workspace/cuchx-large/hf_data_manual/LMT_(IMU,Radar,Skeleton)/Training/HAU/user8/3-1-1",21.0,251.0,16061132.016,16061155.016,28.0,101.0,16061132.716,16061140.016,3,harn_anchored
user8|3|1,user8,3,1,2,Sweeping,12_Sweep_the_floor,Quickly,FAST,HAU/user8/3-1-2,"/Users/toheeb.ogunade/Workspace/cuchx-large/hf_data_manual/LMT_(IMU,Radar,Skeleton)/Training/HAU/user8/3-1-2",1.0,94.0,16061276.016,16061285.316,2.0,38.0,16061276.116,16061279.716,3,harn_anchored
user8|3|1,user8,3,1,3,Sweeping,12_Sweep_the_floor,Precisely,CARE,HAU/user8/3-1-3,"/Users/toheeb.ogunade/Workspace/cuchx-large/hf_data_manual/LMT_(IMU,Radar,Skeleton)/Training/HAU/user8/3-1-3",10.0,159.0,16061390.916,16061405.816,22.0,68.0,16061392.116,16061396.716,3,harn_anchored
user8|3|1,user8,3,1,1,Mopping,13_Mop_the_floor,Deliberately,CARE,HAU/user8/3-1-1,"/Users/toheeb.ogunade/Workspace/cuchx-large/hf_data_manual/LMT_(IMU,Radar,Skeleton)/Training/HAU/user8/3-1-1",21.0,251.0,16061132.016,16061155.016,117.0,173.0,16061141.616,16061147.216,2,harn_anchored
user8|3|1,user8,3,1,3,Mopping,13_Mop_the_floor,Precisely,CARE,HAU/user8/3-1-3,"/Users/toheeb.ogunade/Workspace/cuchx-large/hf_data_manual/LMT_(IMU,Radar,Skeleton)/Training/HAU/user8/3-1-3",10.0,159.0,16061390.916,16061405.816,76.0,125.0,16061397.516,16061402.416,2,harn_anchored
user8|3|2,user8,3,2,1,Stirring,10_Stir_drinks,Leisurely,SLOW,HAU/user8/3-2-1,"/Users/toheeb.ogunade/Workspace/cuchx-large/hf_data_manual/LMT_(IMU,Radar,Skeleton)/Training/HAU/user8/3-2-1",19.0,192.0,16208451.816,16208469.116,164.0,191.0,16208466.316,16208469.016,3,harn_anchored
user8|3|2,user8,3,2,2,Stirring,10_Stir_drinks,Rapidly,FAST,HAU/user8/3-2-2,"/Users/toheeb.ogunade/Workspace/cuchx-large/hf_data_manual/LMT_(IMU,Radar,Skeleton)/Training/HAU/user8/3-2-2",30.0,177.0,16208516.916,16208531.616,135.0,176.0,16208527.416,16208531.516,3,harn_anchored
user8|3|2,user8,3,2,3,Stirring,10_Stir_drinks,Evenly,NEUT,HAU/user8/3-2-3,"/Users/toheeb.ogunade/Workspace/cuchx-large/hf_data_manual/LMT_(IMU,Radar,Skeleton)/Training/HAU/user8/3-2-3",22.0,166.0,16208594.116,16208608.516,134.0,166.0,16208605.316,16208608.516,3,harn_anchored
user8|3|2,user8,3,2,1,Washing dishes,14_Wipe_bowls,Leisurely,SLOW,HAU/user8/3-2-1,"/Users/toheeb.ogunade/Workspace/cuchx-large/hf_data_manual/LMT_(IMU,Radar,Skeleton)/Training/HAU/user8/3-2-1",19.0,192.0,16208451.816,16208469.116,25.0,81.0,16208452.416,16208458.016,3,harn_anchored
user8|3|2,user8,3,2,2,Washing dishes,14_Wipe_bowls,Rapidly,FAST,HAU/user8/3-2-2,"/Users/toheeb.ogunade/Workspace/cuchx-large/hf_data_manual/LMT_(IMU,Radar,Skeleton)/Training/HAU/user8/3-2-2",30.0,177.0,16208516.916,16208531.616,30.0,93.0,16208516.916,16208523.216,3,harn_anchored
user8|3|2,user8,3,2,3,Washing dishes,14_Wipe_bowls,Evenly,NEUT,HAU/user8/3-2-3,"/Users/toheeb.ogunade/Workspace/cuchx-large/hf_data_manual/LMT_(IMU,Radar,Skeleton)/Training/HAU/user8/3-2-3",22.0,166.0,16208594.116,16208608.516,22.0,74.0,16208594.116,16208599.316,3,harn_anchored
user8|3|2,user8,3,2,1,Pouring,9_Pour_drinks,Leisurely,SLOW,HAU/user8/3-2-1,"/Users/toheeb.ogunade/Workspace/cuchx-large/hf_data_manual/LMT_(IMU,Radar,Skeleton)/Training/HAU/user8/3-2-1",19.0,192.0,16208451.816,16208469.116,134.0,150.0,16208463.316,16208464.916,3,harn_anchored
user8|3|2,user8,3,2,2,Pouring,9_Pour_drinks,Rapidly,FAST,HAU/user8/3-2-2,"/Users/toheeb.ogunade/Workspace/cuchx-large/hf_data_manual/LMT_(IMU,Radar,Skeleton)/Training/HAU/user8/3-2-2",30.0,177.0,16208516.916,16208531.616,117.0,129.0,16208525.616,16208526.816,3,harn_anchored
user8|3|2,user8,3,2,3,Pouring,9_Pour_drinks,Evenly,NEUT,HAU/user8/3-2-3,"/Users/toheeb.ogunade/Workspace/cuchx-large/hf_data_manual/LMT_(IMU,Radar,Skeleton)/Training/HAU/user8/3-2-3",22.0,166.0,16208594.116,16208608.516,107.0,122.0,16208602.616,16208604.116,3,harn_anchored
user8|3|3,user8,3,3,1,Wiping surface,15_Wipe_windows_and_tables,Gently,SLOW,HAU/user8/3-3-1,"/Users/toheeb.ogunade/Workspace/cuchx-large/hf_data_manual/LMT_(IMU,Radar,Skeleton)/Training/HAU/user8/3-3-1",26.0,107.0,16062045.516,16062053.616,43.0,107.0,16062047.216,16062053.616,3,harn_anchored
user8|3|3,user8,3,3,2,Wiping surface,15_Wipe_windows_and_tables,Quickly,FAST,HAU/user8/3-3-2,"/Users/toheeb.ogunade/Workspace/cuchx-large/hf_data_manual/LMT_(IMU,Radar,Skeleton)/Training/HAU/user8/3-3-2",21.0,53.0,16062157.016,16062160.216,29.0,53.0,16062157.816,16062160.216,3,harn_anchored
user8|3|3,user8,3,3,3,Wiping surface,15_Wipe_windows_and_tables,Thoroughly,CARE,HAU/user8/3-3-3,"/Users/toheeb.ogunade/Workspace/cuchx-large/hf_data_manual/LMT_(IMU,Radar,Skeleton)/Training/HAU/user8/3-3-3",13.0,62.0,16062216.216,16062221.116,23.0,62.0,16062217.216,16062221.116,3,harn_anchored
user8|3|3,user8,3,3,1,Walking,36_Walk,Gently,SLOW,HAU/user8/3-3-1,"/Users/toheeb.ogunade/Workspace/cuchx-large/hf_data_manual/LMT_(IMU,Radar,Skeleton)/Training/HAU/user8/3-3-1",26.0,107.0,16062045.516,16062053.616,26.0,38.0,16062045.516,16062046.716,3,harn_anchored
user8|3|3,user8,3,3,2,Walking,36_Walk,Quickly,FAST,HAU/user8/3-3-2,"/Users/toheeb.ogunade/Workspace/cuchx-large/hf_data_manual/LMT_(IMU,Radar,Skeleton)/Training/HAU/user8/3-3-2",21.0,53.0,16062157.016,16062160.216,21.0,25.0,16062157.016,16062157.416,3,harn_anchored
user8|3|3,user8,3,3,3,Walking,36_Walk,Thoroughly,CARE,HAU/user8/3-3-3,"/Users/toheeb.ogunade/Workspace/cuchx-large/hf_data_manual/LMT_(IMU,Radar,Skeleton)/Training/HAU/user8/3-3-3",13.0,62.0,16062216.216,16062221.116,13.0,22.0,16062216.216,16062217.116,3,harn_anchored
user8|4|1,user8,4,1,1,Reading,21_Read_documents,Quietly,SLOW,HAU/user8/4-1-1,"/Users/toheeb.ogunade/Workspace/cuchx-large/hf_data_manual/LMT_(IMU,Radar,Skeleton)/Training/HAU/user8/4-1-1",12.0,210.0,16127925.116,16127944.916,121.0,193.0,16127936.016,16127943.216,3,harn_anchored
user8|4|1,user8,4,1,2,Reading,21_Read_documents,Rapidly,FAST,HAU/user8/4-1-2,"/Users/toheeb.ogunade/Workspace/cuchx-large/hf_data_manual/LMT_(IMU,Radar,Skeleton)/Training/HAU/user8/4-1-2",19.0,183.0,16128052.816,16128069.216,124.0,168.0,16128063.316,16128067.716,3,harn_anchored
user8|4|1,user8,4,1,3,Reading,21_Read_documents,Steadily,NEUT,HAU/user8/4-1-3,"/Users/toheeb.ogunade/Workspace/cuchx-large/hf_data_manual/LMT_(IMU,Radar,Skeleton)/Training/HAU/user8/4-1-3",18.0,217.0,16128129.716,16128149.616,173.0,204.0,16128145.216,16128148.316,3,harn_anchored
user8|4|1,user8,4,1,1,Turning a page,22_Turn_pages,Quietly,SLOW,HAU/user8/4-1-1,"/Users/toheeb.ogunade/Workspace/cuchx-large/hf_data_manual/LMT_(IMU,Radar,Skeleton)/Training/HAU/user8/4-1-1",12.0,210.0,16127925.116,16127944.916,129.0,193.0,16127936.816,16127943.216,3,harn_anchored
user8|4|1,user8,4,1,2,Turning a page,22_Turn_pages,Rapidly,FAST,HAU/user8/4-1-2,"/Users/toheeb.ogunade/Workspace/cuchx-large/hf_data_manual/LMT_(IMU,Radar,Skeleton)/Training/HAU/user8/4-1-2",19.0,183.0,16128052.816,16128069.216,131.0,168.0,16128064.016,16128067.716,3,harn_anchored
user8|4|1,user8,4,1,3,Turning a page,22_Turn_pages,Steadily,NEUT,HAU/user8/4-1-3,"/Users/toheeb.ogunade/Workspace/cuchx-large/hf_data_manual/LMT_(IMU,Radar,Skeleton)/Training/HAU/user8/4-1-3",18.0,217.0,16128129.716,16128149.616,172.0,201.0,16128145.116,16128148.016,3,harn_anchored
user8|4|1,user8,4,1,1,Sitting down,34_Sit_down,Quietly,SLOW,HAU/user8/4-1-1,"/Users/toheeb.ogunade/Workspace/cuchx-large/hf_data_manual/LMT_(IMU,Radar,Skeleton)/Training/HAU/user8/4-1-1",12.0,210.0,16127925.116,16127944.916,17.0,23.0,16127925.616,16127926.216,3,harn_anchored
user8|4|1,user8,4,1,2,Sitting down,34_Sit_down,Rapidly,FAST,HAU/user8/4-1-2,"/Users/toheeb.ogunade/Workspace/cuchx-large/hf_data_manual/LMT_(IMU,Radar,Skeleton)/Training/HAU/user8/4-1-2",19.0,183.0,16128052.816,16128069.216,33.0,38.0,16128054.216,16128054.716,3,harn_anchored
user8|4|1,user8,4,1,3,Sitting down,34_Sit_down,Steadily,NEUT,HAU/user8/4-1-3,"/Users/toheeb.ogunade/Workspace/cuchx-large/hf_data_manual/LMT_(IMU,Radar,Skeleton)/Training/HAU/user8/4-1-3",18.0,217.0,16128129.716,16128149.616,27.0,36.0,16128130.616,16128131.516,3,harn_anchored
user8|4|2,user8,4,2,1,Stirring,10_Stir_drinks,Cautiously,CARE,HAU/user8/4-2-1,"/Users/toheeb.ogunade/Workspace/cuchx-large/hf_data_manual/LMT_(IMU,Radar,Skeleton)/Training/HAU/user8/4-2-1",48.0,213.0,16208762.716,16208779.216,91.0,137.0,16208767.016,16208771.616,3,harn_anchored
user8|4|2,user8,4,2,2,Stirring,10_Stir_drinks,Briskly,FAST,HAU/user8/4-2-2,"/Users/toheeb.ogunade/Workspace/cuchx-large/hf_data_manual/LMT_(IMU,Radar,Skeleton)/Training/HAU/user8/4-2-2",28.0,102.0,16208842.716,16208850.116,63.0,70.0,16208846.216,16208846.916,3,harn_anchored
user8|4|2,user8,4,2,3,Stirring,10_Stir_drinks,Orderly,CARE,HAU/user8/4-2-3,"/Users/toheeb.ogunade/Workspace/cuchx-large/hf_data_manual/LMT_(IMU,Radar,Skeleton)/Training/HAU/user8/4-2-3",37.0,169.0,16208927.616,16208940.816,82.0,109.0,16208932.116,16208934.816,3,harn_anchored
user8|4|2,user8,4,2,1,Peeling fruit,11_Peel_fruits,Cautiously,CARE,HAU/user8/4-2-1,"/Users/toheeb.ogunade/Workspace/cuchx-large/hf_data_manual/LMT_(IMU,Radar,Skeleton)/Training/HAU/user8/4-2-1",48.0,213.0,16208762.716,16208779.216,144.0,167.0,16208772.316,16208774.616,3,harn_anchored
user8|4|2,user8,4,2,2,Peeling fruit,11_Peel_fruits,Briskly,FAST,HAU/user8/4-2-2,"/Users/toheeb.ogunade/Workspace/cuchx-large/hf_data_manual/LMT_(IMU,Radar,Skeleton)/Training/HAU/user8/4-2-2",28.0,102.0,16208842.716,16208850.116,75.0,86.0,16208847.416,16208848.516,3,harn_anchored
user8|4|2,user8,4,2,3,Peeling fruit,11_Peel_fruits,Orderly,CARE,HAU/user8/4-2-3,"/Users/toheeb.ogunade/Workspace/cuchx-large/hf_data_manual/LMT_(IMU,Radar,Skeleton)/Training/HAU/user8/4-2-3",37.0,169.0,16208927.616,16208940.816,122.0,142.0,16208936.116,16208938.116,3,harn_anchored
user8|4|2,user8,4,2,1,Walking,36_Walk,Cautiously,CARE,HAU/user8/4-2-1,"/Users/toheeb.ogunade/Workspace/cuchx-large/hf_data_manual/LMT_(IMU,Radar,Skeleton)/Training/HAU/user8/4-2-1",48.0,213.0,16208762.716,16208779.216,48.0,62.0,16208762.716,16208764.116,3,harn_anchored
user8|4|2,user8,4,2,2,Walking,36_Walk,Briskly,FAST,HAU/user8/4-2-2,"/Users/toheeb.ogunade/Workspace/cuchx-large/hf_data_manual/LMT_(IMU,Radar,Skeleton)/Training/HAU/user8/4-2-2",28.0,102.0,16208842.716,16208850.116,28.0,36.0,16208842.716,16208843.516,3,harn_anchored
user8|4|2,user8,4,2,3,Walking,36_Walk,Orderly,CARE,HAU/user8/4-2-3,"/Users/toheeb.ogunade/Workspace/cuchx-large/hf_data_manual/LMT_(IMU,Radar,Skeleton)/Training/HAU/user8/4-2-3",37.0,169.0,16208927.616,16208940.816,37.0,50.0,16208927.616,16208928.916,3,harn_anchored
user8|4|2,user8,4,2,1,Pouring,9_Pour_drinks,Cautiously,CARE,HAU/user8/4-2-1,"/Users/toheeb.ogunade/Workspace/cuchx-large/hf_data_manual/LMT_(IMU,Radar,Skeleton)/Training/HAU/user8/4-2-1",48.0,213.0,16208762.716,16208779.216,66.0,81.0,16208764.516,16208766.016,3,harn_anchored
user8|4|2,user8,4,2,2,Pouring,9_Pour_drinks,Briskly,FAST,HAU/user8/4-2-2,"/Users/toheeb.ogunade/Workspace/cuchx-large/hf_data_manual/LMT_(IMU,Radar,Skeleton)/Training/HAU/user8/4-2-2",28.0,102.0,16208842.716,16208850.116,38.0,50.0,16208843.716,16208844.916,3,harn_anchored
user8|4|2,user8,4,2,3,Pouring,9_Pour_drinks,Orderly,CARE,HAU/user8/4-2-3,"/Users/toheeb.ogunade/Workspace/cuchx-large/hf_data_manual/LMT_(IMU,Radar,Skeleton)/Training/HAU/user8/4-2-3",37.0,169.0,16208927.616,16208940.816,50.0,73.0,16208928.916,16208931.216,3,harn_anchored
user8|5|1,user8,5,1,1,Typing on a keyboard,17_Tap_the_keyboard,Gracefully,NEUT,HAU/user8/5-1-1,"/Users/toheeb.ogunade/Workspace/cuchx-large/hf_data_manual/LMT_(IMU,Radar,Skeleton)/Training/HAU/user8/5-1-1",11.0,271.0,16062342.016,16062368.016,120.0,155.0,16062352.916,16062356.416,3,harn_anchored
user8|5|1,user8,5,1,2,Typing on a keyboard,17_Tap_the_keyboard,Peacefully,SLOW,HAU/user8/5-1-2,"/Users/toheeb.ogunade/Workspace/cuchx-large/hf_data_manual/LMT_(IMU,Radar,Skeleton)/Training/HAU/user8/5-1-2",10.0,209.0,16062443.916,16062463.816,101.0,121.0,16062453.016,16062455.016,3,harn_anchored
user8|5|1,user8,5,1,3,Typing on a keyboard,17_Tap_the_keyboard,Anxiously,NERV,HAU/user8/5-1-3,"/Users/toheeb.ogunade/Workspace/cuchx-large/hf_data_manual/LMT_(IMU,Radar,Skeleton)/Training/HAU/user8/5-1-3",13.0,169.0,16062535.216,16062550.816,85.0,96.0,16062542.416,16062543.516,3,harn_anchored
user8|5|1,user8,5,1,1,Checking the time,20_Check_the_time,Gracefully,NEUT,HAU/user8/5-1-1,"/Users/toheeb.ogunade/Workspace/cuchx-large/hf_data_manual/LMT_(IMU,Radar,Skeleton)/Training/HAU/user8/5-1-1",11.0,271.0,16062342.016,16062368.016,173.0,184.0,16062358.216,16062359.316,3,harn_anchored
user8|5|1,user8,5,1,2,Checking the time,20_Check_the_time,Peacefully,SLOW,HAU/user8/5-1-2,"/Users/toheeb.ogunade/Workspace/cuchx-large/hf_data_manual/LMT_(IMU,Radar,Skeleton)/Training/HAU/user8/5-1-2",10.0,209.0,16062443.916,16062463.816,149.0,163.0,16062457.816,16062459.216,3,harn_anchored
user8|5|1,user8,5,1,3,Checking the time,20_Check_the_time,Anxiously,NERV,HAU/user8/5-1-3,"/Users/toheeb.ogunade/Workspace/cuchx-large/hf_data_manual/LMT_(IMU,Radar,Skeleton)/Training/HAU/user8/5-1-3",13.0,169.0,16062535.216,16062550.816,113.0,132.0,16062545.216,16062547.116,3,harn_anchored
user8|5|1,user8,5,1,1,Running,28_Jog_in_place,Gracefully,NEUT,HAU/user8/5-1-1,"/Users/toheeb.ogunade/Workspace/cuchx-large/hf_data_manual/LMT_(IMU,Radar,Skeleton)/Training/HAU/user8/5-1-1",11.0,271.0,16062342.016,16062368.016,20.0,53.0,16062342.916,16062346.216,3,harn_anchored
user8|5|1,user8,5,1,2,Running,28_Jog_in_place,Peacefully,SLOW,HAU/user8/5-1-2,"/Users/toheeb.ogunade/Workspace/cuchx-large/hf_data_manual/LMT_(IMU,Radar,Skeleton)/Training/HAU/user8/5-1-2",10.0,209.0,16062443.916,16062463.816,21.0,44.0,16062445.016,16062447.316,3,harn_anchored
user8|5|1,user8,5,1,3,Running,28_Jog_in_place,Anxiously,NERV,HAU/user8/5-1-3,"/Users/toheeb.ogunade/Workspace/cuchx-large/hf_data_manual/LMT_(IMU,Radar,Skeleton)/Training/HAU/user8/5-1-3",13.0,169.0,16062535.216,16062550.816,20.0,51.0,16062535.916,16062539.016,3,harn_anchored
user8|5|1,user8,5,1,1,Stretching,31_Do_stretching_exercises,Gracefully,NEUT,HAU/user8/5-1-1,"/Users/toheeb.ogunade/Workspace/cuchx-large/hf_data_manual/LMT_(IMU,Radar,Skeleton)/Training/HAU/user8/5-1-1",11.0,271.0,16062342.016,16062368.016,56.0,82.0,16062346.516,16062349.116,3,harn_anchored
user8|5|1,user8,5,1,2,Stretching,31_Do_stretching_exercises,Peacefully,SLOW,HAU/user8/5-1-2,"/Users/toheeb.ogunade/Workspace/cuchx-large/hf_data_manual/LMT_(IMU,Radar,Skeleton)/Training/HAU/user8/5-1-2",10.0,209.0,16062443.916,16062463.816,46.0,68.0,16062447.516,16062449.716,3,harn_anchored
user8|5|1,user8,5,1,3,Stretching,31_Do_stretching_exercises,Anxiously,NERV,HAU/user8/5-1-3,"/Users/toheeb.ogunade/Workspace/cuchx-large/hf_data_manual/LMT_(IMU,Radar,Skeleton)/Training/HAU/user8/5-1-3",13.0,169.0,16062535.216,16062550.816,53.0,60.0,16062539.216,16062539.916,3,harn_anchored
user8|5|1,user8,5,1,1,Standing up,32_Stand_up,Gracefully,NEUT,HAU/user8/5-1-1,"/Users/toheeb.ogunade/Workspace/cuchx-large/hf_data_manual/LMT_(IMU,Radar,Skeleton)/Training/HAU/user8/5-1-1",11.0,271.0,16062342.016,16062368.016,203.0,207.0,16062361.216,16062361.616,2,harn_anchored
user8|5|1,user8,5,1,2,Standing up,32_Stand_up,Peacefully,SLOW,HAU/user8/5-1-2,"/Users/toheeb.ogunade/Workspace/cuchx-large/hf_data_manual/LMT_(IMU,Radar,Skeleton)/Training/HAU/user8/5-1-2",10.0,209.0,16062443.916,16062463.816,168.0,172.0,16062459.716,16062460.116,2,harn_anchored
user8|5|1,user8,5,1,1,Sitting down,34_Sit_down,Gracefully,NEUT,HAU/user8/5-1-1,"/Users/toheeb.ogunade/Workspace/cuchx-large/hf_data_manual/LMT_(IMU,Radar,Skeleton)/Training/HAU/user8/5-1-1",11.0,271.0,16062342.016,16062368.016,90.0,100.0,16062349.916,16062350.916,3,harn_anchored
user8|5|1,user8,5,1,2,Sitting down,34_Sit_down,Peacefully,SLOW,HAU/user8/5-1-2,"/Users/toheeb.ogunade/Workspace/cuchx-large/hf_data_manual/LMT_(IMU,Radar,Skeleton)/Training/HAU/user8/5-1-2",10.0,209.0,16062443.916,16062463.816,77.0,82.0,16062450.616,16062451.116,3,harn_anchored
user8|5|1,user8,5,1,3,Sitting down,34_Sit_down,Anxiously,NERV,HAU/user8/5-1-3,"/Users/toheeb.ogunade/Workspace/cuchx-large/hf_data_manual/LMT_(IMU,Radar,Skeleton)/Training/HAU/user8/5-1-3",13.0,169.0,16062535.216,16062550.816,63.0,68.0,16062540.216,16062540.716,3,harn_anchored
user8|5|1,user8,5,1,1,Lunges,35_Do_lunges,Gracefully,NEUT,HAU/user8/5-1-1,"/Users/toheeb.ogunade/Workspace/cuchx-large/hf_data_manual/LMT_(IMU,Radar,Skeleton)/Training/HAU/user8/5-1-1",11.0,271.0,16062342.016,16062368.016,213.0,271.0,16062362.216,16062368.016,3,harn_anchored
user8|5|1,user8,5,1,2,Lunges,35_Do_lunges,Peacefully,SLOW,HAU/user8/5-1-2,"/Users/toheeb.ogunade/Workspace/cuchx-large/hf_data_manual/LMT_(IMU,Radar,Skeleton)/Training/HAU/user8/5-1-2",10.0,209.0,16062443.916,16062463.816,173.0,209.0,16062460.216,16062463.816,3,harn_anchored
user8|5|1,user8,5,1,3,Lunges,35_Do_lunges,Anxiously,NERV,HAU/user8/5-1-3,"/Users/toheeb.ogunade/Workspace/cuchx-large/hf_data_manual/LMT_(IMU,Radar,Skeleton)/Training/HAU/user8/5-1-3",13.0,169.0,16062535.216,16062550.816,137.0,169.0,16062547.616,16062550.816,3,harn_anchored
user8|6|1,user8,6,1,1,Stretching,31_Do_stretching_exercises,Slowly,SLOW,HAU/user8/6-1-1,"/Users/toheeb.ogunade/Workspace/cuchx-large/hf_data_manual/LMT_(IMU,Radar,Skeleton)/Training/HAU/user8/6-1-1",18.0,290.0,16128509.716,16128536.916,244.0,257.0,16128532.316,16128533.616,3,harn_anchored
user8|6|1,user8,6,1,2,Stretching,31_Do_stretching_exercises,Rapidly,FAST,HAU/user8/6-1-2,"/Users/toheeb.ogunade/Workspace/cuchx-large/hf_data_manual/LMT_(IMU,Radar,Skeleton)/Training/HAU/user8/6-1-2",16.0,220.0,16128598.516,16128618.916,166.0,190.0,16128613.516,16128615.916,3,harn_anchored
user8|6|1,user8,6,1,3,Stretching,31_Do_stretching_exercises,Calmly,SLOW,HAU/user8/6-1-3,"/Users/toheeb.ogunade/Workspace/cuchx-large/hf_data_manual/LMT_(IMU,Radar,Skeleton)/Training/HAU/user8/6-1-3",21.0,208.0,16128678.016,16128696.716,140.0,161.0,16128689.916,16128692.016,3,harn_anchored
user8|6|1,user8,6,1,1,Undressing,3_Take_off_clothes,Slowly,SLOW,HAU/user8/6-1-1,"/Users/toheeb.ogunade/Workspace/cuchx-large/hf_data_manual/LMT_(IMU,Radar,Skeleton)/Training/HAU/user8/6-1-1",18.0,290.0,16128509.716,16128536.916,27.0,61.0,16128510.616,16128514.016,3,harn_anchored
user8|6|1,user8,6,1,2,Undressing,3_Take_off_clothes,Rapidly,FAST,HAU/user8/6-1-2,"/Users/toheeb.ogunade/Workspace/cuchx-large/hf_data_manual/LMT_(IMU,Radar,Skeleton)/Training/HAU/user8/6-1-2",16.0,220.0,16128598.516,16128618.916,20.0,44.0,16128598.916,16128601.316,3,harn_anchored
user8|6|1,user8,6,1,3,Undressing,3_Take_off_clothes,Calmly,SLOW,HAU/user8/6-1-3,"/Users/toheeb.ogunade/Workspace/cuchx-large/hf_data_manual/LMT_(IMU,Radar,Skeleton)/Training/HAU/user8/6-1-3",21.0,208.0,16128678.016,16128696.716,25.0,58.0,16128678.416,16128681.716,3,harn_anchored
user8|6|1,user8,6,1,1,Getting dressed,5_Put_on_clothes,Slowly,SLOW,HAU/user8/6-1-1,"/Users/toheeb.ogunade/Workspace/cuchx-large/hf_data_manual/LMT_(IMU,Radar,Skeleton)/Training/HAU/user8/6-1-1",18.0,290.0,16128509.716,16128536.916,77.0,221.0,16128515.616,16128530.016,3,harn_anchored
user8|6|1,user8,6,1,2,Getting dressed,5_Put_on_clothes,Rapidly,FAST,HAU/user8/6-1-2,"/Users/toheeb.ogunade/Workspace/cuchx-large/hf_data_manual/LMT_(IMU,Radar,Skeleton)/Training/HAU/user8/6-1-2",16.0,220.0,16128598.516,16128618.916,72.0,164.0,16128604.116,16128613.316,3,harn_anchored
user8|6|1,user8,6,1,3,Getting dressed,5_Put_on_clothes,Calmly,SLOW,HAU/user8/6-1-3,"/Users/toheeb.ogunade/Workspace/cuchx-large/hf_data_manual/LMT_(IMU,Radar,Skeleton)/Training/HAU/user8/6-1-3",21.0,208.0,16128678.016,16128696.716,98.0,138.0,16128685.716,16128689.716,3,harn_anchored
user8|6|2,user8,6,2,1,Peeling fruit,11_Peel_fruits,Gently,SLOW,HAU/user8/6-2-1,"/Users/toheeb.ogunade/Workspace/cuchx-large/hf_data_manual/LMT_(IMU,Radar,Skeleton)/Training/HAU/user8/6-2-1",28.0,463.0,16062738.716,16062782.216,202.0,308.0,16062756.116,16062766.716,3,harn_anchored
user8|6|2,user8,6,2,2,Peeling fruit,11_Peel_fruits,Frantically,FAST,HAU/user8/6-2-2,"/Users/toheeb.ogunade/Workspace/cuchx-large/hf_data_manual/LMT_(IMU,Radar,Skeleton)/Training/HAU/user8/6-2-2",29.0,279.0,16062876.816,16062901.816,145.0,180.0,16062888.416,16062891.916,3,harn_anchored
user8|6|2,user8,6,2,3,Peeling fruit,11_Peel_fruits,Naturally,NEUT,HAU/user8/6-2-3,"/Users/toheeb.ogunade/Workspace/cuchx-large/hf_data_manual/LMT_(IMU,Radar,Skeleton)/Training/HAU/user8/6-2-3",34.0,391.0,16062991.316,16063027.016,202.0,260.0,16063008.116,16063013.916,3,harn_anchored
user8|6|2,user8,6,2,1,Writing,18_Write,Gently,SLOW,HAU/user8/6-2-1,"/Users/toheeb.ogunade/Workspace/cuchx-large/hf_data_manual/LMT_(IMU,Radar,Skeleton)/Training/HAU/user8/6-2-1",28.0,463.0,16062738.716,16062782.216,318.0,344.0,16062767.716,16062770.316,3,harn_anchored
user8|6|2,user8,6,2,2,Writing,18_Write,Frantically,FAST,HAU/user8/6-2-2,"/Users/toheeb.ogunade/Workspace/cuchx-large/hf_data_manual/LMT_(IMU,Radar,Skeleton)/Training/HAU/user8/6-2-2",29.0,279.0,16062876.816,16062901.816,190.0,208.0,16062892.916,16062894.716,3,harn_anchored
user8|6|2,user8,6,2,3,Writing,18_Write,Naturally,NEUT,HAU/user8/6-2-3,"/Users/toheeb.ogunade/Workspace/cuchx-large/hf_data_manual/LMT_(IMU,Radar,Skeleton)/Training/HAU/user8/6-2-3",34.0,391.0,16062991.316,16063027.016,283.0,298.0,16063016.216,16063017.716,3,harn_anchored
user8|6|2,user8,6,2,1,Turning a page,22_Turn_pages,Gently,SLOW,HAU/user8/6-2-1,"/Users/toheeb.ogunade/Workspace/cuchx-large/hf_data_manual/LMT_(IMU,Radar,Skeleton)/Training/HAU/user8/6-2-1",28.0,463.0,16062738.716,16062782.216,351.0,377.0,16062771.016,16062773.616,3,harn_anchored
user8|6|2,user8,6,2,2,Turning a page,22_Turn_pages,Frantically,FAST,HAU/user8/6-2-2,"/Users/toheeb.ogunade/Workspace/cuchx-large/hf_data_manual/LMT_(IMU,Radar,Skeleton)/Training/HAU/user8/6-2-2",29.0,279.0,16062876.816,16062901.816,210.0,214.0,16062894.916,16062895.316,3,harn_anchored
user8|6|2,user8,6,2,3,Turning a page,22_Turn_pages,Naturally,NEUT,HAU/user8/6-2-3,"/Users/toheeb.ogunade/Workspace/cuchx-large/hf_data_manual/LMT_(IMU,Radar,Skeleton)/Training/HAU/user8/6-2-3",34.0,391.0,16062991.316,16063027.016,305.0,318.0,16063018.416,16063019.716,3,harn_anchored
user8|6|2,user8,6,2,1,Jumping jacks,30_Do_jumping_jacks,Gently,SLOW,HAU/user8/6-2-1,"/Users/toheeb.ogunade/Workspace/cuchx-large/hf_data_manual/LMT_(IMU,Radar,Skeleton)/Training/HAU/user8/6-2-1",28.0,463.0,16062738.716,16062782.216,158.0,165.0,16062751.716,16062752.416,3,harn_anchored
user8|6|2,user8,6,2,2,Jumping jacks,30_Do_jumping_jacks,Frantically,FAST,HAU/user8/6-2-2,"/Users/toheeb.ogunade/Workspace/cuchx-large/hf_data_manual/LMT_(IMU,Radar,Skeleton)/Training/HAU/user8/6-2-2",29.0,279.0,16062876.816,16062901.816,125.0,134.0,16062886.416,16062887.316,3,harn_anchored
user8|6|2,user8,6,2,3,Jumping jacks,30_Do_jumping_jacks,Naturally,NEUT,HAU/user8/6-2-3,"/Users/toheeb.ogunade/Workspace/cuchx-large/hf_data_manual/LMT_(IMU,Radar,Skeleton)/Training/HAU/user8/6-2-3",34.0,391.0,16062991.316,16063027.016,169.0,189.0,16063004.816,16063006.816,3,harn_anchored
user8|6|2,user8,6,2,1,Stretching,31_Do_stretching_exercises,Gently,SLOW,HAU/user8/6-2-1,"/Users/toheeb.ogunade/Workspace/cuchx-large/hf_data_manual/LMT_(IMU,Radar,Skeleton)/Training/HAU/user8/6-2-1",28.0,463.0,16062738.716,16062782.216,415.0,463.0,16062777.416,16062782.216,3,harn_anchored
user8|6|2,user8,6,2,2,Stretching,31_Do_stretching_exercises,Frantically,FAST,HAU/user8/6-2-2,"/Users/toheeb.ogunade/Workspace/cuchx-large/hf_data_manual/LMT_(IMU,Radar,Skeleton)/Training/HAU/user8/6-2-2",29.0,279.0,16062876.816,16062901.816,253.0,279.0,16062899.216,16062901.816,3,harn_anchored
user8|6|2,user8,6,2,3,Stretching,31_Do_stretching_exercises,Naturally,NEUT,HAU/user8/6-2-3,"/Users/toheeb.ogunade/Workspace/cuchx-large/hf_data_manual/LMT_(IMU,Radar,Skeleton)/Training/HAU/user8/6-2-3",34.0,391.0,16062991.316,16063027.016,348.0,391.0,16063022.716,16063027.016,3,harn_anchored
user8|6|2,user8,6,2,1,Walking,36_Walk,Gently,SLOW,HAU/user8/6-2-1,"/Users/toheeb.ogunade/Workspace/cuchx-large/hf_data_manual/LMT_(IMU,Radar,Skeleton)/Training/HAU/user8/6-2-1",28.0,463.0,16062738.716,16062782.216,28.0,42.0,16062738.716,16062740.116,2,harn_anchored
user8|6|2,user8,6,2,2,Walking,36_Walk,Frantically,FAST,HAU/user8/6-2-2,"/Users/toheeb.ogunade/Workspace/cuchx-large/hf_data_manual/LMT_(IMU,Radar,Skeleton)/Training/HAU/user8/6-2-2",29.0,279.0,16062876.816,16062901.816,29.0,48.0,16062876.816,16062878.716,2,harn_anchored
user8|6|2,user8,6,2,1,Drinking,6_Drink_water,Gently,SLOW,HAU/user8/6-2-1,"/Users/toheeb.ogunade/Workspace/cuchx-large/hf_data_manual/LMT_(IMU,Radar,Skeleton)/Training/HAU/user8/6-2-1",28.0,463.0,16062738.716,16062782.216,107.0,130.0,16062746.616,16062748.916,3,harn_anchored
user8|6|2,user8,6,2,2,Drinking,6_Drink_water,Frantically,FAST,HAU/user8/6-2-2,"/Users/toheeb.ogunade/Workspace/cuchx-large/hf_data_manual/LMT_(IMU,Radar,Skeleton)/Training/HAU/user8/6-2-2",29.0,279.0,16062876.816,16062901.816,74.0,89.0,16062881.316,16062882.816,3,harn_anchored
user8|6|2,user8,6,2,3,Drinking,6_Drink_water,Naturally,NEUT,HAU/user8/6-2-3,"/Users/toheeb.ogunade/Workspace/cuchx-large/hf_data_manual/LMT_(IMU,Radar,Skeleton)/Training/HAU/user8/6-2-3",34.0,391.0,16062991.316,16063027.016,104.0,129.0,16062998.316,16063000.816,3,harn_anchored
user8|7|1,user8,7,1,1,Washing face,0_Wash_face,Slowly,SLOW,HAU/user8/7-1-1,"/Users/toheeb.ogunade/Workspace/cuchx-large/hf_data_manual/LMT_(IMU,Radar,Skeleton)/Training/HAU/user8/7-1-1",29.0,410.0,16136335.816,16136373.916,135.0,159.0,16136346.416,16136348.816,3,harn_anchored
user8|7|1,user8,7,1,2,Washing face,0_Wash_face,Calmly,SLOW,HAU/user8/7-1-2,"/Users/toheeb.ogunade/Workspace/cuchx-large/hf_data_manual/LMT_(IMU,Radar,Skeleton)/Training/HAU/user8/7-1-2",10.0,386.0,16136213.916,16136251.516,170.0,197.0,16136229.916,16136232.616,3,harn_anchored
user8|7|1,user8,7,1,3,Washing face,0_Wash_face,Anxiously,NERV,HAU/user8/7-1-3,"/Users/toheeb.ogunade/Workspace/cuchx-large/hf_data_manual/LMT_(IMU,Radar,Skeleton)/Training/HAU/user8/7-1-3",11.0,230.0,16136448.016,16136469.916,94.0,111.0,16136456.316,16136458.016,3,harn_anchored
user8|7|1,user8,7,1,1,Brushing teeth,1_Brush_teeth,Slowly,SLOW,HAU/user8/7-1-1,"/Users/toheeb.ogunade/Workspace/cuchx-large/hf_data_manual/LMT_(IMU,Radar,Skeleton)/Training/HAU/user8/7-1-1",29.0,410.0,16136335.816,16136373.916,60.0,72.0,16136338.916,16136340.116,3,harn_anchored
user8|7|1,user8,7,1,2,Brushing teeth,1_Brush_teeth,Calmly,SLOW,HAU/user8/7-1-2,"/Users/toheeb.ogunade/Workspace/cuchx-large/hf_data_manual/LMT_(IMU,Radar,Skeleton)/Training/HAU/user8/7-1-2",10.0,386.0,16136213.916,16136251.516,60.0,75.0,16136218.916,16136220.416,3,harn_anchored
user8|7|1,user8,7,1,3,Brushing teeth,1_Brush_teeth,Anxiously,NERV,HAU/user8/7-1-3,"/Users/toheeb.ogunade/Workspace/cuchx-large/hf_data_manual/LMT_(IMU,Radar,Skeleton)/Training/HAU/user8/7-1-3",11.0,230.0,16136448.016,16136469.916,31.0,42.0,16136450.016,16136451.116,3,harn_anchored
user8|7|1,user8,7,1,1,Taking medicine,37_Take_medicine,Slowly,SLOW,HAU/user8/7-1-1,"/Users/toheeb.ogunade/Workspace/cuchx-large/hf_data_manual/LMT_(IMU,Radar,Skeleton)/Training/HAU/user8/7-1-1",29.0,410.0,16136335.816,16136373.916,294.0,341.0,16136362.316,16136367.016,3,harn_anchored
user8|7|1,user8,7,1,2,Taking medicine,37_Take_medicine,Calmly,SLOW,HAU/user8/7-1-2,"/Users/toheeb.ogunade/Workspace/cuchx-large/hf_data_manual/LMT_(IMU,Radar,Skeleton)/Training/HAU/user8/7-1-2",10.0,386.0,16136213.916,16136251.516,305.0,332.0,16136243.416,16136246.116,3,harn_anchored
user8|7|1,user8,7,1,3,Taking medicine,37_Take_medicine,Anxiously,NERV,HAU/user8/7-1-3,"/Users/toheeb.ogunade/Workspace/cuchx-large/hf_data_manual/LMT_(IMU,Radar,Skeleton)/Training/HAU/user8/7-1-3",11.0,230.0,16136448.016,16136469.916,157.0,186.0,16136462.616,16136465.516,3,harn_anchored
user8|7|1,user8,7,1,1,Undressing,3_Take_off_clothes,Slowly,SLOW,HAU/user8/7-1-1,"/Users/toheeb.ogunade/Workspace/cuchx-large/hf_data_manual/LMT_(IMU,Radar,Skeleton)/Training/HAU/user8/7-1-1",29.0,410.0,16136335.816,16136373.916,84.0,120.0,16136341.316,16136344.916,3,harn_anchored
user8|7|1,user8,7,1,2,Undressing,3_Take_off_clothes,Calmly,SLOW,HAU/user8/7-1-2,"/Users/toheeb.ogunade/Workspace/cuchx-large/hf_data_manual/LMT_(IMU,Radar,Skeleton)/Training/HAU/user8/7-1-2",10.0,386.0,16136213.916,16136251.516,122.0,142.0,16136225.116,16136227.116,3,harn_anchored
user8|7|1,user8,7,1,3,Undressing,3_Take_off_clothes,Anxiously,NERV,HAU/user8/7-1-3,"/Users/toheeb.ogunade/Workspace/cuchx-large/hf_data_manual/LMT_(IMU,Radar,Skeleton)/Training/HAU/user8/7-1-3",11.0,230.0,16136448.016,16136469.916,67.0,77.0,16136453.616,16136454.616,3,harn_anchored
user8|7|1,user8,7,1,1,Wiping hands,4_Wipe_hands,Slowly,SLOW,HAU/user8/7-1-1,"/Users/toheeb.ogunade/Workspace/cuchx-large/hf_data_manual/LMT_(IMU,Radar,Skeleton)/Training/HAU/user8/7-1-1",29.0,410.0,16136335.816,16136373.916,134.0,159.0,16136346.316,16136348.816,3,harn_anchored
user8|7|1,user8,7,1,2,Wiping hands,4_Wipe_hands,Calmly,SLOW,HAU/user8/7-1-2,"/Users/toheeb.ogunade/Workspace/cuchx-large/hf_data_manual/LMT_(IMU,Radar,Skeleton)/Training/HAU/user8/7-1-2",10.0,386.0,16136213.916,16136251.516,169.0,198.0,16136229.816,16136232.716,3,harn_anchored
user8|7|1,user8,7,1,3,Wiping hands,4_Wipe_hands,Anxiously,NERV,HAU/user8/7-1-3,"/Users/toheeb.ogunade/Workspace/cuchx-large/hf_data_manual/LMT_(IMU,Radar,Skeleton)/Training/HAU/user8/7-1-3",11.0,230.0,16136448.016,16136469.916,94.0,111.0,16136456.316,16136458.016,3,harn_anchored
user8|7|1,user8,7,1,1,Getting dressed,5_Put_on_clothes,Slowly,SLOW,HAU/user8/7-1-1,"/Users/toheeb.ogunade/Workspace/cuchx-large/hf_data_manual/LMT_(IMU,Radar,Skeleton)/Training/HAU/user8/7-1-1",29.0,410.0,16136335.816,16136373.916,218.0,288.0,16136354.716,16136361.716,3,harn_anchored
user8|7|1,user8,7,1,2,Getting dressed,5_Put_on_clothes,Calmly,SLOW,HAU/user8/7-1-2,"/Users/toheeb.ogunade/Workspace/cuchx-large/hf_data_manual/LMT_(IMU,Radar,Skeleton)/Training/HAU/user8/7-1-2",10.0,386.0,16136213.916,16136251.516,237.0,301.0,16136236.616,16136243.016,3,harn_anchored
user8|7|1,user8,7,1,3,Getting dressed,5_Put_on_clothes,Anxiously,NERV,HAU/user8/7-1-3,"/Users/toheeb.ogunade/Workspace/cuchx-large/hf_data_manual/LMT_(IMU,Radar,Skeleton)/Training/HAU/user8/7-1-3",11.0,230.0,16136448.016,16136469.916,139.0,154.0,16136460.816,16136462.316,3,harn_anchored
user8|7|1,user8,7,1,2,Combing hair,2_Comb_hair,Calmly,SLOW,HAU/user8/7-1-2,"/Users/toheeb.ogunade/Workspace/cuchx-large/hf_data_manual/LMT_(IMU,Radar,Skeleton)/Training/HAU/user8/7-1-2",10.0,386.0,16136213.916,16136251.516,98.0,105.0,16136222.716,16136223.416,2,harn_anchored
user8|7|1,user8,7,1,3,Combing hair,2_Comb_hair,Anxiously,NERV,HAU/user8/7-1-3,"/Users/toheeb.ogunade/Workspace/cuchx-large/hf_data_manual/LMT_(IMU,Radar,Skeleton)/Training/HAU/user8/7-1-3",11.0,230.0,16136448.016,16136469.916,56.0,61.0,16136452.516,16136453.016,2,harn_anchored
user8|7|2,user8,7,2,1,Stirring,10_Stir_drinks,Slowly,SLOW,HAU/user8/7-2-1,"/Users/toheeb.ogunade/Workspace/cuchx-large/hf_data_manual/LMT_(IMU,Radar,Skeleton)/Training/HAU/user8/7-2-1",20.0,257.0,16209100.916,16209124.616,74.0,95.0,16209106.316,16209108.416,3,harn_anchored
user8|7|2,user8,7,2,2,Stirring,10_Stir_drinks,Quickly,FAST,HAU/user8/7-2-2,"/Users/toheeb.ogunade/Workspace/cuchx-large/hf_data_manual/LMT_(IMU,Radar,Skeleton)/Training/HAU/user8/7-2-2",29.0,192.0,16209173.816,16209190.116,65.0,81.0,16209177.416,16209179.016,3,harn_anchored
user8|7|2,user8,7,2,3,Stirring,10_Stir_drinks,Hurriedly,FAST,HAU/user8/7-2-3,"/Users/toheeb.ogunade/Workspace/cuchx-large/hf_data_manual/LMT_(IMU,Radar,Skeleton)/Training/HAU/user8/7-2-3",15.0,133.0,16209234.416,16209246.216,50.0,60.0,16209237.916,16209238.916,3,harn_anchored
user8|7|2,user8,7,2,1,Peeling fruit,11_Peel_fruits,Slowly,SLOW,HAU/user8/7-2-1,"/Users/toheeb.ogunade/Workspace/cuchx-large/hf_data_manual/LMT_(IMU,Radar,Skeleton)/Training/HAU/user8/7-2-1",20.0,257.0,16209100.916,16209124.616,178.0,205.0,16209116.716,16209119.416,3,harn_anchored
user8|7|2,user8,7,2,2,Peeling fruit,11_Peel_fruits,Quickly,FAST,HAU/user8/7-2-2,"/Users/toheeb.ogunade/Workspace/cuchx-large/hf_data_manual/LMT_(IMU,Radar,Skeleton)/Training/HAU/user8/7-2-2",29.0,192.0,16209173.816,16209190.116,112.0,128.0,16209182.116,16209183.716,3,harn_anchored
user8|7|2,user8,7,2,3,Peeling fruit,11_Peel_fruits,Hurriedly,FAST,HAU/user8/7-2-3,"/Users/toheeb.ogunade/Workspace/cuchx-large/hf_data_manual/LMT_(IMU,Radar,Skeleton)/Training/HAU/user8/7-2-3",15.0,133.0,16209234.416,16209246.216,94.0,98.0,16209242.316,16209242.716,3,harn_anchored
user8|7|2,user8,7,2,1,Taking medicine,37_Take_medicine,Slowly,SLOW,HAU/user8/7-2-1,"/Users/toheeb.ogunade/Workspace/cuchx-large/hf_data_manual/LMT_(IMU,Radar,Skeleton)/Training/HAU/user8/7-2-1",20.0,257.0,16209100.916,16209124.616,114.0,144.0,16209110.316,16209113.316,3,harn_anchored
user8|7|2,user8,7,2,2,Taking medicine,37_Take_medicine,Quickly,FAST,HAU/user8/7-2-2,"/Users/toheeb.ogunade/Workspace/cuchx-large/hf_data_manual/LMT_(IMU,Radar,Skeleton)/Training/HAU/user8/7-2-2",29.0,192.0,16209173.816,16209190.116,90.0,93.0,16209179.916,16209180.216,3,harn_anchored
user8|7|2,user8,7,2,3,Taking medicine,37_Take_medicine,Hurriedly,FAST,HAU/user8/7-2-3,"/Users/toheeb.ogunade/Workspace/cuchx-large/hf_data_manual/LMT_(IMU,Radar,Skeleton)/Training/HAU/user8/7-2-3",15.0,133.0,16209234.416,16209246.216,67.0,86.0,16209239.616,16209241.516,3,harn_anchored
user8|7|2,user8,7,2,1,Eating,7_Eat_food,Slowly,SLOW,HAU/user8/7-2-1,"/Users/toheeb.ogunade/Workspace/cuchx-large/hf_data_manual/LMT_(IMU,Radar,Skeleton)/Training/HAU/user8/7-2-1",20.0,257.0,16209100.916,16209124.616,209.0,256.0,16209119.816,16209124.516,3,harn_anchored
user8|7|2,user8,7,2,2,Eating,7_Eat_food,Quickly,FAST,HAU/user8/7-2-2,"/Users/toheeb.ogunade/Workspace/cuchx-large/hf_data_manual/LMT_(IMU,Radar,Skeleton)/Training/HAU/user8/7-2-2",29.0,192.0,16209173.816,16209190.116,134.0,183.0,16209184.316,16209189.216,3,harn_anchored
user8|7|2,user8,7,2,3,Eating,7_Eat_food,Hurriedly,FAST,HAU/user8/7-2-3,"/Users/toheeb.ogunade/Workspace/cuchx-large/hf_data_manual/LMT_(IMU,Radar,Skeleton)/Training/HAU/user8/7-2-3",15.0,133.0,16209234.416,16209246.216,101.0,118.0,16209243.016,16209244.716,3,harn_anchored
user8|7|2,user8,7,2,1,Pouring,9_Pour_drinks,Slowly,SLOW,HAU/user8/7-2-1,"/Users/toheeb.ogunade/Workspace/cuchx-large/hf_data_manual/LMT_(IMU,Radar,Skeleton)/Training/HAU/user8/7-2-1",20.0,257.0,16209100.916,16209124.616,39.0,61.0,16209102.816,16209105.016,3,harn_anchored
user8|7|2,user8,7,2,2,Pouring,9_Pour_drinks,Quickly,FAST,HAU/user8/7-2-2,"/Users/toheeb.ogunade/Workspace/cuchx-large/hf_data_manual/LMT_(IMU,Radar,Skeleton)/Training/HAU/user8/7-2-2",29.0,192.0,16209173.816,16209190.116,47.0,57.0,16209175.616,16209176.616,3,harn_anchored
user8|7|2,user8,7,2,3,Pouring,9_Pour_drinks,Hurriedly,FAST,HAU/user8/7-2-3,"/Users/toheeb.ogunade/Workspace/cuchx-large/hf_data_manual/LMT_(IMU,Radar,Skeleton)/Training/HAU/user8/7-2-3",15.0,133.0,16209234.416,16209246.216,27.0,42.0,16209235.616,16209237.116,3,harn_anchored
user9|1|1,user9,1,1,1,Combing hair,2_Comb_hair,Unhurriedly,SLOW,HAU/user9/1-1-1,"/Users/toheeb.ogunade/Workspace/cuchx-large/hf_data_manual/LMT_(IMU,Radar,Skeleton)/Training/HAU/user9/1-1-1",19.0,275.0,16136787.816,16136813.416,93.0,111.0,16136795.216,16136797.016,3,harn_anchored
user9|1|1,user9,1,1,2,Combing hair,2_Comb_hair,Briskly,FAST,HAU/user9/1-1-2,"/Users/toheeb.ogunade/Workspace/cuchx-large/hf_data_manual/LMT_(IMU,Radar,Skeleton)/Training/HAU/user9/1-1-2",17.0,166.0,16136876.616,16136891.516,62.0,74.0,16136881.116,16136882.316,3,harn_anchored
user9|1|1,user9,1,1,3,Combing hair,2_Comb_hair,Carefully,CARE,HAU/user9/1-1-3,"/Users/toheeb.ogunade/Workspace/cuchx-large/hf_data_manual/LMT_(IMU,Radar,Skeleton)/Training/HAU/user9/1-1-3",9.0,231.0,16136972.816,16136995.016,98.0,107.0,16136981.716,16136982.616,3,harn_anchored
user9|1|1,user9,1,1,1,Stretching,31_Do_stretching_exercises,Unhurriedly,SLOW,HAU/user9/1-1-1,"/Users/toheeb.ogunade/Workspace/cuchx-large/hf_data_manual/LMT_(IMU,Radar,Skeleton)/Training/HAU/user9/1-1-1",19.0,275.0,16136787.816,16136813.416,239.0,275.0,16136809.816,16136813.416,3,harn_anchored
user9|1|1,user9,1,1,2,Stretching,31_Do_stretching_exercises,Briskly,FAST,HAU/user9/1-1-2,"/Users/toheeb.ogunade/Workspace/cuchx-large/hf_data_manual/LMT_(IMU,Radar,Skeleton)/Training/HAU/user9/1-1-2",17.0,166.0,16136876.616,16136891.516,157.0,166.0,16136890.616,16136891.516,3,harn_anchored
user9|1|1,user9,1,1,3,Stretching,31_Do_stretching_exercises,Carefully,CARE,HAU/user9/1-1-3,"/Users/toheeb.ogunade/Workspace/cuchx-large/hf_data_manual/LMT_(IMU,Radar,Skeleton)/Training/HAU/user9/1-1-3",9.0,231.0,16136972.816,16136995.016,218.0,231.0,16136993.716,16136995.016,3,harn_anchored
user9|1|1,user9,1,1,1,Wiping hands,4_Wipe_hands,Unhurriedly,SLOW,HAU/user9/1-1-1,"/Users/toheeb.ogunade/Workspace/cuchx-large/hf_data_manual/LMT_(IMU,Radar,Skeleton)/Training/HAU/user9/1-1-1",19.0,275.0,16136787.816,16136813.416,63.0,75.0,16136792.216,16136793.416,3,harn_anchored
user9|1|1,user9,1,1,2,Wiping hands,4_Wipe_hands,Briskly,FAST,HAU/user9/1-1-2,"/Users/toheeb.ogunade/Workspace/cuchx-large/hf_data_manual/LMT_(IMU,Radar,Skeleton)/Training/HAU/user9/1-1-2",17.0,166.0,16136876.616,16136891.516,42.0,52.0,16136879.116,16136880.116,3,harn_anchored
user9|1|1,user9,1,1,3,Wiping hands,4_Wipe_hands,Carefully,CARE,HAU/user9/1-1-3,"/Users/toheeb.ogunade/Workspace/cuchx-large/hf_data_manual/LMT_(IMU,Radar,Skeleton)/Training/HAU/user9/1-1-3",9.0,231.0,16136972.816,16136995.016,54.0,69.0,16136977.316,16136978.816,3,harn_anchored
user9|1|1,user9,1,1,1,Getting dressed,5_Put_on_clothes,Unhurriedly,SLOW,HAU/user9/1-1-1,"/Users/toheeb.ogunade/Workspace/cuchx-large/hf_data_manual/LMT_(IMU,Radar,Skeleton)/Training/HAU/user9/1-1-1",19.0,275.0,16136787.816,16136813.416,164.0,224.0,16136802.316,16136808.316,3,harn_anchored
user9|1|1,user9,1,1,2,Getting dressed,5_Put_on_clothes,Briskly,FAST,HAU/user9/1-1-2,"/Users/toheeb.ogunade/Workspace/cuchx-large/hf_data_manual/LMT_(IMU,Radar,Skeleton)/Training/HAU/user9/1-1-2",17.0,166.0,16136876.616,16136891.516,123.0,158.0,16136887.216,16136890.716,3,harn_anchored
user9|1|1,user9,1,1,3,Getting dressed,5_Put_on_clothes,Carefully,CARE,HAU/user9/1-1-3,"/Users/toheeb.ogunade/Workspace/cuchx-large/hf_data_manual/LMT_(IMU,Radar,Skeleton)/Training/HAU/user9/1-1-3",9.0,231.0,16136972.816,16136995.016,168.0,210.0,16136988.716,16136992.916,3,harn_anchored
user9|1|2,user9,1,2,1,Listening to the music with headphones,23_Listen_to_music_with_headphones,Gently,SLOW,HAU/user9/1-2-1,"/Users/toheeb.ogunade/Workspace/cuchx-large/hf_data_manual/LMT_(IMU,Radar,Skeleton)/Training/HAU/user9/1-2-1",28.0,147.0,16129522.716,16129534.616,106.0,147.0,16129530.516,16129534.616,3,harn_anchored
user9|1|2,user9,1,2,2,Listening to the music with headphones,23_Listen_to_music_with_headphones,Rapidly,FAST,HAU/user9/1-2-2,"/Users/toheeb.ogunade/Workspace/cuchx-large/hf_data_manual/LMT_(IMU,Radar,Skeleton)/Training/HAU/user9/1-2-2",16.0,91.0,16129677.516,16129685.016,70.0,91.0,16129682.916,16129685.016,3,harn_anchored
user9|1|2,user9,1,2,3,Listening to the music with headphones,23_Listen_to_music_with_headphones,Attentively,CARE,HAU/user9/1-2-3,"/Users/toheeb.ogunade/Workspace/cuchx-large/hf_data_manual/LMT_(IMU,Radar,Skeleton)/Training/HAU/user9/1-2-3",24.0,120.0,16129775.316,16129784.916,83.0,120.0,16129781.216,16129784.916,3,harn_anchored
user9|1|2,user9,1,2,1,Sitting down,34_Sit_down,Gently,SLOW,HAU/user9/1-2-1,"/Users/toheeb.ogunade/Workspace/cuchx-large/hf_data_manual/LMT_(IMU,Radar,Skeleton)/Training/HAU/user9/1-2-1",28.0,147.0,16129522.716,16129534.616,64.0,70.0,16129526.316,16129526.916,3,harn_anchored
user9|1|2,user9,1,2,2,Sitting down,34_Sit_down,Rapidly,FAST,HAU/user9/1-2-2,"/Users/toheeb.ogunade/Workspace/cuchx-large/hf_data_manual/LMT_(IMU,Radar,Skeleton)/Training/HAU/user9/1-2-2",16.0,91.0,16129677.516,16129685.016,43.0,47.0,16129680.216,16129680.616,3,harn_anchored
user9|1|2,user9,1,2,3,Sitting down,34_Sit_down,Attentively,CARE,HAU/user9/1-2-3,"/Users/toheeb.ogunade/Workspace/cuchx-large/hf_data_manual/LMT_(IMU,Radar,Skeleton)/Training/HAU/user9/1-2-3",24.0,120.0,16129775.316,16129784.916,50.0,56.0,16129777.916,16129778.516,3,harn_anchored
user9|1|2,user9,1,2,1,Walking,36_Walk,Gently,SLOW,HAU/user9/1-2-1,"/Users/toheeb.ogunade/Workspace/cuchx-large/hf_data_manual/LMT_(IMU,Radar,Skeleton)/Training/HAU/user9/1-2-1",28.0,147.0,16129522.716,16129534.616,46.0,58.0,16129524.516,16129525.716,3,harn_anchored
user9|1|2,user9,1,2,2,Walking,36_Walk,Rapidly,FAST,HAU/user9/1-2-2,"/Users/toheeb.ogunade/Workspace/cuchx-large/hf_data_manual/LMT_(IMU,Radar,Skeleton)/Training/HAU/user9/1-2-2",16.0,91.0,16129677.516,16129685.016,29.0,35.0,16129678.816,16129679.416,3,harn_anchored
user9|1|2,user9,1,2,3,Walking,36_Walk,Attentively,CARE,HAU/user9/1-2-3,"/Users/toheeb.ogunade/Workspace/cuchx-large/hf_data_manual/LMT_(IMU,Radar,Skeleton)/Training/HAU/user9/1-2-3",24.0,120.0,16129775.316,16129784.916,35.0,43.0,16129776.416,16129777.216,3,harn_anchored
user9|1|2,user9,1,2,2,Typing on a keyboard,17_Tap_the_keyboard,Rapidly,FAST,HAU/user9/1-2-2,"/Users/toheeb.ogunade/Workspace/cuchx-large/hf_data_manual/LMT_(IMU,Radar,Skeleton)/Training/HAU/user9/1-2-2",16.0,91.0,16129677.516,16129685.016,49.0,62.0,16129680.816,16129682.116,2,harn_anchored
user9|1|2,user9,1,2,3,Typing on a keyboard,17_Tap_the_keyboard,Attentively,CARE,HAU/user9/1-2-3,"/Users/toheeb.ogunade/Workspace/cuchx-large/hf_data_manual/LMT_(IMU,Radar,Skeleton)/Training/HAU/user9/1-2-3",24.0,120.0,16129775.316,16129784.916,59.0,73.0,16129778.816,16129780.216,2,harn_anchored
user9|2|1,user9,2,1,1,Stirring,10_Stir_drinks,Smoothly,NEUT,HAU/user9/2-1-1,"/Users/toheeb.ogunade/Workspace/cuchx-large/hf_data_manual/LMT_(IMU,Radar,Skeleton)/Training/HAU/user9/2-1-1",21.0,175.0,16209623.016,16209638.416,152.0,175.0,16209636.116,16209638.416,3,harn_anchored
user9|2|1,user9,2,1,2,Stirring,10_Stir_drinks,Methodically,CARE,HAU/user9/2-1-2,"/Users/toheeb.ogunade/Workspace/cuchx-large/hf_data_manual/LMT_(IMU,Radar,Skeleton)/Training/HAU/user9/2-1-2",12.0,155.0,16209692.116,16209706.416,123.0,155.0,16209703.216,16209706.416,3,harn_anchored
user9|2|1,user9,2,1,3,Stirring,10_Stir_drinks,Urgently,FAST,HAU/user9/2-1-3,"/Users/toheeb.ogunade/Workspace/cuchx-large/hf_data_manual/LMT_(IMU,Radar,Skeleton)/Training/HAU/user9/2-1-3",23.0,110.0,16209759.216,16209767.916,77.0,110.0,16209764.616,16209767.916,3,harn_anchored
user9|2|1,user9,2,1,1,Pouring,9_Pour_drinks,Smoothly,NEUT,HAU/user9/2-1-1,"/Users/toheeb.ogunade/Workspace/cuchx-large/hf_data_manual/LMT_(IMU,Radar,Skeleton)/Training/HAU/user9/2-1-1",21.0,175.0,16209623.016,16209638.416,116.0,137.0,16209632.516,16209634.616,3,harn_anchored
user9|2|1,user9,2,1,2,Pouring,9_Pour_drinks,Methodically,CARE,HAU/user9/2-1-2,"/Users/toheeb.ogunade/Workspace/cuchx-large/hf_data_manual/LMT_(IMU,Radar,Skeleton)/Training/HAU/user9/2-1-2",12.0,155.0,16209692.116,16209706.416,79.0,104.0,16209698.816,16209701.316,3,harn_anchored
user9|2|1,user9,2,1,3,Pouring,9_Pour_drinks,Urgently,FAST,HAU/user9/2-1-3,"/Users/toheeb.ogunade/Workspace/cuchx-large/hf_data_manual/LMT_(IMU,Radar,Skeleton)/Training/HAU/user9/2-1-3",23.0,110.0,16209759.216,16209767.916,61.0,68.0,16209763.016,16209763.716,3,harn_anchored
user9|2|2,user9,2,2,1,Squats,29_Do_squats,Slowly,SLOW,HAU/user9/2-2-1,"/Users/toheeb.ogunade/Workspace/cuchx-large/hf_data_manual/LMT_(IMU,Radar,Skeleton)/Training/HAU/user9/2-2-1",28.0,103.0,16130039.716,16130047.216,52.0,73.0,16130042.116,16130044.216,3,harn_anchored
user9|2|2,user9,2,2,2,Squats,29_Do_squats,Steadily,NEUT,HAU/user9/2-2-2,"/Users/toheeb.ogunade/Workspace/cuchx-large/hf_data_manual/LMT_(IMU,Radar,Skeleton)/Training/HAU/user9/2-2-2",17.0,90.0,16130143.616,16130150.916,47.0,65.0,16130146.616,16130148.416,3,harn_anchored
user9|2|2,user9,2,2,3,Squats,29_Do_squats,Quickly,FAST,HAU/user9/2-2-3,"/Users/toheeb.ogunade/Workspace/cuchx-large/hf_data_manual/LMT_(IMU,Radar,Skeleton)/Training/HAU/user9/2-2-3",9.0,64.0,16130255.816,16130261.316,27.0,42.0,16130257.616,16130259.116,3,harn_anchored
user9|2|2,user9,2,2,1,Jumping jacks,30_Do_jumping_jacks,Slowly,SLOW,HAU/user9/2-2-1,"/Users/toheeb.ogunade/Workspace/cuchx-large/hf_data_manual/LMT_(IMU,Radar,Skeleton)/Training/HAU/user9/2-2-1",28.0,103.0,16130039.716,16130047.216,75.0,89.0,16130044.416,16130045.816,3,harn_anchored
user9|2|2,user9,2,2,2,Jumping jacks,30_Do_jumping_jacks,Steadily,NEUT,HAU/user9/2-2-2,"/Users/toheeb.ogunade/Workspace/cuchx-large/hf_data_manual/LMT_(IMU,Radar,Skeleton)/Training/HAU/user9/2-2-2",17.0,90.0,16130143.616,16130150.916,68.0,83.0,16130148.716,16130150.216,3,harn_anchored
user9|2|2,user9,2,2,3,Jumping jacks,30_Do_jumping_jacks,Quickly,FAST,HAU/user9/2-2-3,"/Users/toheeb.ogunade/Workspace/cuchx-large/hf_data_manual/LMT_(IMU,Radar,Skeleton)/Training/HAU/user9/2-2-3",9.0,64.0,16130255.816,16130261.316,46.0,49.0,16130259.516,16130259.816,3,harn_anchored
user9|2|2,user9,2,2,1,Walking,36_Walk,Slowly,SLOW,HAU/user9/2-2-1,"/Users/toheeb.ogunade/Workspace/cuchx-large/hf_data_manual/LMT_(IMU,Radar,Skeleton)/Training/HAU/user9/2-2-1",28.0,103.0,16130039.716,16130047.216,39.0,46.0,16130040.816,16130041.516,3,harn_anchored
user9|2|2,user9,2,2,2,Walking,36_Walk,Steadily,NEUT,HAU/user9/2-2-2,"/Users/toheeb.ogunade/Workspace/cuchx-large/hf_data_manual/LMT_(IMU,Radar,Skeleton)/Training/HAU/user9/2-2-2",17.0,90.0,16130143.616,16130150.916,27.0,35.0,16130144.616,16130145.416,3,harn_anchored
user9|2|2,user9,2,2,3,Walking,36_Walk,Quickly,FAST,HAU/user9/2-2-3,"/Users/toheeb.ogunade/Workspace/cuchx-large/hf_data_manual/LMT_(IMU,Radar,Skeleton)/Training/HAU/user9/2-2-3",9.0,64.0,16130255.816,16130261.316,17.0,22.0,16130256.616,16130257.116,3,harn_anchored
user9|2|3,user9,2,3,1,Peeling fruit,11_Peel_fruits,Carefully,CARE,HAU/user9/2-3-1,"/Users/toheeb.ogunade/Workspace/cuchx-large/hf_data_manual/LMT_(IMU,Radar,Skeleton)/Training/HAU/user9/2-3-1",25.0,122.0,16209835.416,16209845.116,63.0,107.0,16209839.216,16209843.616,3,harn_anchored
user9|2|3,user9,2,3,2,Peeling fruit,11_Peel_fruits,Orderly,CARE,HAU/user9/2-3-2,"/Users/toheeb.ogunade/Workspace/cuchx-large/hf_data_manual/LMT_(IMU,Radar,Skeleton)/Training/HAU/user9/2-3-2",21.0,100.0,16209910.016,16209917.916,59.0,96.0,16209913.816,16209917.516,3,harn_anchored
user9|2|3,user9,2,3,3,Peeling fruit,11_Peel_fruits,Hurriedly,FAST,HAU/user9/2-3-3,"/Users/toheeb.ogunade/Workspace/cuchx-large/hf_data_manual/LMT_(IMU,Radar,Skeleton)/Training/HAU/user9/2-3-3",17.0,88.0,16209965.616,16209972.716,48.0,73.0,16209968.716,16209971.216,3,harn_anchored
user9|2|3,user9,2,3,1,Walking,36_Walk,Carefully,CARE,HAU/user9/2-3-1,"/Users/toheeb.ogunade/Workspace/cuchx-large/hf_data_manual/LMT_(IMU,Radar,Skeleton)/Training/HAU/user9/2-3-1",25.0,122.0,16209835.416,16209845.116,44.0,52.0,16209837.316,16209838.116,3,harn_anchored
user9|2|3,user9,2,3,2,Walking,36_Walk,Orderly,CARE,HAU/user9/2-3-2,"/Users/toheeb.ogunade/Workspace/cuchx-large/hf_data_manual/LMT_(IMU,Radar,Skeleton)/Training/HAU/user9/2-3-2",21.0,100.0,16209910.016,16209917.916,41.0,46.0,16209912.016,16209912.516,3,harn_anchored
user9|2|3,user9,2,3,3,Walking,36_Walk,Hurriedly,FAST,HAU/user9/2-3-3,"/Users/toheeb.ogunade/Workspace/cuchx-large/hf_data_manual/LMT_(IMU,Radar,Skeleton)/Training/HAU/user9/2-3-3",17.0,88.0,16209965.616,16209972.716,37.0,41.0,16209967.616,16209968.016,3,harn_anchored
user9|3|1,user9,3,1,1,Playing games,26_Play_games,Casually,NEUT,HAU/user9/3-1-1,"/Users/toheeb.ogunade/Workspace/cuchx-large/hf_data_manual/LMT_(IMU,Radar,Skeleton)/Training/HAU/user9/3-1-1",11.0,163.0,16104971.016,16104986.216,16.0,82.0,16104971.516,16104978.116,3,harn_anchored
user9|3|1,user9,3,1,2,Playing games,26_Play_games,Calmly,SLOW,HAU/user9/3-1-2,"/Users/toheeb.ogunade/Workspace/cuchx-large/hf_data_manual/LMT_(IMU,Radar,Skeleton)/Training/HAU/user9/3-1-2",15.0,122.0,16105288.416,16105299.116,15.0,57.0,16105288.416,16105292.616,3,harn_anchored
user9|3|1,user9,3,1,3,Playing games,26_Play_games,Anxiously,NERV,HAU/user9/3-1-3,"/Users/toheeb.ogunade/Workspace/cuchx-large/hf_data_manual/LMT_(IMU,Radar,Skeleton)/Training/HAU/user9/3-1-3",12.0,93.0,16105466.116,16105474.216,12.0,58.0,16105466.116,16105470.716,3,harn_anchored
user9|3|1,user9,3,1,1,Undressing,3_Take_off_clothes,Casually,NEUT,HAU/user9/3-1-1,"/Users/toheeb.ogunade/Workspace/cuchx-large/hf_data_manual/LMT_(IMU,Radar,Skeleton)/Training/HAU/user9/3-1-1",11.0,163.0,16104971.016,16104986.216,95.0,163.0,16104979.416,16104986.216,3,harn_anchored
user9|3|1,user9,3,1,2,Undressing,3_Take_off_clothes,Calmly,SLOW,HAU/user9/3-1-2,"/Users/toheeb.ogunade/Workspace/cuchx-large/hf_data_manual/LMT_(IMU,Radar,Skeleton)/Training/HAU/user9/3-1-2",15.0,122.0,16105288.416,16105299.116,63.0,121.0,16105293.216,16105299.016,3,harn_anchored
user9|3|1,user9,3,1,3,Undressing,3_Take_off_clothes,Anxiously,NERV,HAU/user9/3-1-3,"/Users/toheeb.ogunade/Workspace/cuchx-large/hf_data_manual/LMT_(IMU,Radar,Skeleton)/Training/HAU/user9/3-1-3",12.0,93.0,16105466.116,16105474.216,64.0,91.0,16105471.316,16105474.016,3,harn_anchored
user9|3|2,user9,3,2,1,Stirring,10_Stir_drinks,Slowly,SLOW,HAU/user9/3-2-1,"/Users/toheeb.ogunade/Workspace/cuchx-large/hf_data_manual/LMT_(IMU,Radar,Skeleton)/Training/HAU/user9/3-2-1",24.0,199.0,16210051.316,16210068.816,118.0,144.0,16210060.716,16210063.316,3,harn_anchored
user9|3|2,user9,3,2,2,Stirring,10_Stir_drinks,Smoothly,NEUT,HAU/user9/3-2-2,"/Users/toheeb.ogunade/Workspace/cuchx-large/hf_data_manual/LMT_(IMU,Radar,Skeleton)/Training/HAU/user9/3-2-2",18.0,148.0,16210124.716,16210137.716,98.0,117.0,16210132.716,16210134.616,3,harn_anchored
user9|3|2,user9,3,2,3,Stirring,10_Stir_drinks,Rapidly,FAST,HAU/user9/3-2-3,"/Users/toheeb.ogunade/Workspace/cuchx-large/hf_data_manual/LMT_(IMU,Radar,Skeleton)/Training/HAU/user9/3-2-3",22.0,111.0,16210180.116,16210189.016,79.0,84.0,16210185.816,16210186.316,3,harn_anchored
user9|3|2,user9,3,2,1,Walking,36_Walk,Slowly,SLOW,HAU/user9/3-2-1,"/Users/toheeb.ogunade/Workspace/cuchx-large/hf_data_manual/LMT_(IMU,Radar,Skeleton)/Training/HAU/user9/3-2-1",24.0,199.0,16210051.316,16210068.816,48.0,55.0,16210053.716,16210054.416,3,harn_anchored
user9|3|2,user9,3,2,2,Walking,36_Walk,Smoothly,NEUT,HAU/user9/3-2-2,"/Users/toheeb.ogunade/Workspace/cuchx-large/hf_data_manual/LMT_(IMU,Radar,Skeleton)/Training/HAU/user9/3-2-2",18.0,148.0,16210124.716,16210137.716,37.0,43.0,16210126.616,16210127.216,3,harn_anchored
user9|3|2,user9,3,2,3,Walking,36_Walk,Rapidly,FAST,HAU/user9/3-2-3,"/Users/toheeb.ogunade/Workspace/cuchx-large/hf_data_manual/LMT_(IMU,Radar,Skeleton)/Training/HAU/user9/3-2-3",22.0,111.0,16210180.116,16210189.016,38.0,43.0,16210181.716,16210182.216,3,harn_anchored
user9|3|2,user9,3,2,1,Drinking,6_Drink_water,Slowly,SLOW,HAU/user9/3-2-1,"/Users/toheeb.ogunade/Workspace/cuchx-large/hf_data_manual/LMT_(IMU,Radar,Skeleton)/Training/HAU/user9/3-2-1",24.0,199.0,16210051.316,16210068.816,157.0,192.0,16210064.616,16210068.116,3,harn_anchored
user9|3|2,user9,3,2,2,Drinking,6_Drink_water,Smoothly,NEUT,HAU/user9/3-2-2,"/Users/toheeb.ogunade/Workspace/cuchx-large/hf_data_manual/LMT_(IMU,Radar,Skeleton)/Training/HAU/user9/3-2-2",18.0,148.0,16210124.716,16210137.716,125.0,148.0,16210135.416,16210137.716,3,harn_anchored
user9|3|2,user9,3,2,3,Drinking,6_Drink_water,Rapidly,FAST,HAU/user9/3-2-3,"/Users/toheeb.ogunade/Workspace/cuchx-large/hf_data_manual/LMT_(IMU,Radar,Skeleton)/Training/HAU/user9/3-2-3",22.0,111.0,16210180.116,16210189.016,93.0,111.0,16210187.216,16210189.016,3,harn_anchored
user9|3|2,user9,3,2,1,Pouring,9_Pour_drinks,Slowly,SLOW,HAU/user9/3-2-1,"/Users/toheeb.ogunade/Workspace/cuchx-large/hf_data_manual/LMT_(IMU,Radar,Skeleton)/Training/HAU/user9/3-2-1",24.0,199.0,16210051.316,16210068.816,74.0,94.0,16210056.316,16210058.316,3,harn_anchored
user9|3|2,user9,3,2,2,Pouring,9_Pour_drinks,Smoothly,NEUT,HAU/user9/3-2-2,"/Users/toheeb.ogunade/Workspace/cuchx-large/hf_data_manual/LMT_(IMU,Radar,Skeleton)/Training/HAU/user9/3-2-2",18.0,148.0,16210124.716,16210137.716,56.0,71.0,16210128.516,16210130.016,3,harn_anchored
user9|3|2,user9,3,2,3,Pouring,9_Pour_drinks,Rapidly,FAST,HAU/user9/3-2-3,"/Users/toheeb.ogunade/Workspace/cuchx-large/hf_data_manual/LMT_(IMU,Radar,Skeleton)/Training/HAU/user9/3-2-3",22.0,111.0,16210180.116,16210189.016,50.0,57.0,16210182.916,16210183.616,3,harn_anchored
user9|3|3,user9,3,3,1,Sweeping,12_Sweep_the_floor,Patiently,SLOW,HAU/user9/3-3-1,"/Users/toheeb.ogunade/Workspace/cuchx-large/hf_data_manual/LMT_(IMU,Radar,Skeleton)/Training/HAU/user9/3-3-1",12.0,365.0,16105700.116,16105735.416,77.0,119.0,16105706.616,16105710.816,3,harn_anchored
user9|3|3,user9,3,3,2,Sweeping,12_Sweep_the_floor,Orderly,CARE,HAU/user9/3-3-2,"/Users/toheeb.ogunade/Workspace/cuchx-large/hf_data_manual/LMT_(IMU,Radar,Skeleton)/Training/HAU/user9/3-3-2",9.0,328.0,16106034.816,16106066.716,60.0,108.0,16106039.916,16106044.716,3,harn_anchored
user9|3|3,user9,3,3,3,Sweeping,12_Sweep_the_floor,Hastily,FAST,HAU/user9/3-3-3,"/Users/toheeb.ogunade/Workspace/cuchx-large/hf_data_manual/LMT_(IMU,Radar,Skeleton)/Training/HAU/user9/3-3-3",11.0,272.0,16106159.016,16106185.116,56.0,96.0,16106163.516,16106167.516,3,harn_anchored
user9|3|3,user9,3,3,1,Mopping,13_Mop_the_floor,Patiently,SLOW,HAU/user9/3-3-1,"/Users/toheeb.ogunade/Workspace/cuchx-large/hf_data_manual/LMT_(IMU,Radar,Skeleton)/Training/HAU/user9/3-3-1",12.0,365.0,16105700.116,16105735.416,333.0,365.0,16105732.216,16105735.416,3,harn_anchored
user9|3|3,user9,3,3,2,Mopping,13_Mop_the_floor,Orderly,CARE,HAU/user9/3-3-2,"/Users/toheeb.ogunade/Workspace/cuchx-large/hf_data_manual/LMT_(IMU,Radar,Skeleton)/Training/HAU/user9/3-3-2",9.0,328.0,16106034.816,16106066.716,297.0,328.0,16106063.616,16106066.716,3,harn_anchored
user9|3|3,user9,3,3,3,Mopping,13_Mop_the_floor,Hastily,FAST,HAU/user9/3-3-3,"/Users/toheeb.ogunade/Workspace/cuchx-large/hf_data_manual/LMT_(IMU,Radar,Skeleton)/Training/HAU/user9/3-3-3",11.0,272.0,16106159.016,16106185.116,249.0,272.0,16106182.816,16106185.116,3,harn_anchored
user9|3|3,user9,3,3,1,Listening to the music with headphones,23_Listen_to_music_with_headphones,Patiently,SLOW,HAU/user9/3-3-1,"/Users/toheeb.ogunade/Workspace/cuchx-large/hf_data_manual/LMT_(IMU,Radar,Skeleton)/Training/HAU/user9/3-3-1",12.0,365.0,16105700.116,16105735.416,173.0,213.0,16105716.216,16105720.216,3,harn_anchored
user9|3|3,user9,3,3,2,Listening to the music with headphones,23_Listen_to_music_with_headphones,Orderly,CARE,HAU/user9/3-3-2,"/Users/toheeb.ogunade/Workspace/cuchx-large/hf_data_manual/LMT_(IMU,Radar,Skeleton)/Training/HAU/user9/3-3-2",9.0,328.0,16106034.816,16106066.716,148.0,187.0,16106048.716,16106052.616,3,harn_anchored
user9|3|3,user9,3,3,3,Listening to the music with headphones,23_Listen_to_music_with_headphones,Hastily,FAST,HAU/user9/3-3-3,"/Users/toheeb.ogunade/Workspace/cuchx-large/hf_data_manual/LMT_(IMU,Radar,Skeleton)/Training/HAU/user9/3-3-3",11.0,272.0,16106159.016,16106185.116,114.0,125.0,16106169.316,16106170.416,3,harn_anchored
user9|3|3,user9,3,3,1,Squats,29_Do_squats,Patiently,SLOW,HAU/user9/3-3-1,"/Users/toheeb.ogunade/Workspace/cuchx-large/hf_data_manual/LMT_(IMU,Radar,Skeleton)/Training/HAU/user9/3-3-1",12.0,365.0,16105700.116,16105735.416,220.0,227.0,16105720.916,16105721.616,3,harn_anchored
user9|3|3,user9,3,3,2,Squats,29_Do_squats,Orderly,CARE,HAU/user9/3-3-2,"/Users/toheeb.ogunade/Workspace/cuchx-large/hf_data_manual/LMT_(IMU,Radar,Skeleton)/Training/HAU/user9/3-3-2",9.0,328.0,16106034.816,16106066.716,192.0,200.0,16106053.116,16106053.916,3,harn_anchored
user9|3|3,user9,3,3,3,Squats,29_Do_squats,Hastily,FAST,HAU/user9/3-3-3,"/Users/toheeb.ogunade/Workspace/cuchx-large/hf_data_manual/LMT_(IMU,Radar,Skeleton)/Training/HAU/user9/3-3-3",11.0,272.0,16106159.016,16106185.116,130.0,144.0,16106170.916,16106172.316,3,harn_anchored
user9|3|3,user9,3,3,1,Lying down,33_Lie_down,Patiently,SLOW,HAU/user9/3-3-1,"/Users/toheeb.ogunade/Workspace/cuchx-large/hf_data_manual/LMT_(IMU,Radar,Skeleton)/Training/HAU/user9/3-3-1",12.0,365.0,16105700.116,16105735.416,262.0,301.0,16105725.116,16105729.016,3,harn_anchored
user9|3|3,user9,3,3,2,Lying down,33_Lie_down,Orderly,CARE,HAU/user9/3-3-2,"/Users/toheeb.ogunade/Workspace/cuchx-large/hf_data_manual/LMT_(IMU,Radar,Skeleton)/Training/HAU/user9/3-3-2",9.0,328.0,16106034.816,16106066.716,226.0,260.0,16106056.516,16106059.916,3,harn_anchored
user9|3|3,user9,3,3,3,Lying down,33_Lie_down,Hastily,FAST,HAU/user9/3-3-3,"/Users/toheeb.ogunade/Workspace/cuchx-large/hf_data_manual/LMT_(IMU,Radar,Skeleton)/Training/HAU/user9/3-3-3",11.0,272.0,16106159.016,16106185.116,162.0,188.0,16106174.116,16106176.716,3,harn_anchored
user9|3|3,user9,3,3,1,Walking,36_Walk,Patiently,SLOW,HAU/user9/3-3-1,"/Users/toheeb.ogunade/Workspace/cuchx-large/hf_data_manual/LMT_(IMU,Radar,Skeleton)/Training/HAU/user9/3-3-1",12.0,365.0,16105700.116,16105735.416,37.0,59.0,16105702.616,16105704.816,3,harn_anchored
user9|3|3,user9,3,3,2,Walking,36_Walk,Orderly,CARE,HAU/user9/3-3-2,"/Users/toheeb.ogunade/Workspace/cuchx-large/hf_data_manual/LMT_(IMU,Radar,Skeleton)/Training/HAU/user9/3-3-2",9.0,328.0,16106034.816,16106066.716,23.0,45.0,16106036.216,16106038.416,3,harn_anchored
user9|3|3,user9,3,3,3,Walking,36_Walk,Hastily,FAST,HAU/user9/3-3-3,"/Users/toheeb.ogunade/Workspace/cuchx-large/hf_data_manual/LMT_(IMU,Radar,Skeleton)/Training/HAU/user9/3-3-3",11.0,272.0,16106159.016,16106185.116,31.0,46.0,16106161.016,16106162.516,3,harn_anchored
user9|4|1,user9,4,1,1,Typing on a keyboard,17_Tap_the_keyboard,Leisurely,SLOW,HAU/user9/4-1-1,"/Users/toheeb.ogunade/Workspace/cuchx-large/hf_data_manual/LMT_(IMU,Radar,Skeleton)/Training/HAU/user9/4-1-1",14.0,149.0,16130864.316,16130877.816,57.0,77.0,16130868.616,16130870.616,3,harn_anchored
user9|4|1,user9,4,1,2,Typing on a keyboard,17_Tap_the_keyboard,Intently,CARE,HAU/user9/4-1-2,"/Users/toheeb.ogunade/Workspace/cuchx-large/hf_data_manual/LMT_(IMU,Radar,Skeleton)/Training/HAU/user9/4-1-2",21.0,145.0,16130968.016,16130980.416,61.0,81.0,16130972.016,16130974.016,3,harn_anchored
user9|4|1,user9,4,1,3,Typing on a keyboard,17_Tap_the_keyboard,Anxiously,NERV,HAU/user9/4-1-3,"/Users/toheeb.ogunade/Workspace/cuchx-large/hf_data_manual/LMT_(IMU,Radar,Skeleton)/Training/HAU/user9/4-1-3",22.0,142.0,16131085.116,16131097.116,58.0,74.0,16131088.716,16131090.316,3,harn_anchored
user9|4|1,user9,4,1,1,Reading,21_Read_documents,Leisurely,SLOW,HAU/user9/4-1-1,"/Users/toheeb.ogunade/Workspace/cuchx-large/hf_data_manual/LMT_(IMU,Radar,Skeleton)/Training/HAU/user9/4-1-1",14.0,149.0,16130864.316,16130877.816,103.0,149.0,16130873.216,16130877.816,3,harn_anchored
user9|4|1,user9,4,1,2,Reading,21_Read_documents,Intently,CARE,HAU/user9/4-1-2,"/Users/toheeb.ogunade/Workspace/cuchx-large/hf_data_manual/LMT_(IMU,Radar,Skeleton)/Training/HAU/user9/4-1-2",21.0,145.0,16130968.016,16130980.416,109.0,145.0,16130976.816,16130980.416,3,harn_anchored
user9|4|1,user9,4,1,3,Reading,21_Read_documents,Anxiously,NERV,HAU/user9/4-1-3,"/Users/toheeb.ogunade/Workspace/cuchx-large/hf_data_manual/LMT_(IMU,Radar,Skeleton)/Training/HAU/user9/4-1-3",22.0,142.0,16131085.116,16131097.116,97.0,141.0,16131092.616,16131097.016,3,harn_anchored
user9|4|2,user9,4,2,1,Walking,36_Walk,Leisurely,SLOW,HAU/user9/4-2-1,"/Users/toheeb.ogunade/Workspace/cuchx-large/hf_data_manual/LMT_(IMU,Radar,Skeleton)/Training/HAU/user9/4-2-1",10.0,90.0,16106381.916,16106389.916,73.0,86.0,16106388.216,16106389.516,3,harn_anchored
user9|4|2,user9,4,2,2,Walking,36_Walk,Intently,CARE,HAU/user9/4-2-2,"/Users/toheeb.ogunade/Workspace/cuchx-large/hf_data_manual/LMT_(IMU,Radar,Skeleton)/Training/HAU/user9/4-2-2",4.0,116.0,16106460.316,16106471.516,32.0,46.0,16106463.116,16106464.516,3,harn_anchored
user9|4|2,user9,4,2,3,Walking,36_Walk,Urgently,FAST,HAU/user9/4-2-3,"/Users/toheeb.ogunade/Workspace/cuchx-large/hf_data_manual/LMT_(IMU,Radar,Skeleton)/Training/HAU/user9/4-2-3",9.0,67.0,16106548.816,16106554.616,29.0,36.0,16106550.816,16106551.516,3,harn_anchored
user9|4|2,user9,4,2,2,Squats,29_Do_squats,Intently,CARE,HAU/user9/4-2-2,"/Users/toheeb.ogunade/Workspace/cuchx-large/hf_data_manual/LMT_(IMU,Radar,Skeleton)/Training/HAU/user9/4-2-2",4.0,116.0,16106460.316,16106471.516,58.0,72.0,16106465.716,16106467.116,2,harn_anchored
user9|4|2,user9,4,2,3,Squats,29_Do_squats,Urgently,FAST,HAU/user9/4-2-3,"/Users/toheeb.ogunade/Workspace/cuchx-large/hf_data_manual/LMT_(IMU,Radar,Skeleton)/Training/HAU/user9/4-2-3",9.0,67.0,16106548.816,16106554.616,38.0,51.0,16106551.716,16106553.016,2,harn_anchored
user9|4|2,user9,4,2,2,Stretching,31_Do_stretching_exercises,Intently,CARE,HAU/user9/4-2-2,"/Users/toheeb.ogunade/Workspace/cuchx-large/hf_data_manual/LMT_(IMU,Radar,Skeleton)/Training/HAU/user9/4-2-2",4.0,116.0,16106460.316,16106471.516,78.0,115.0,16106467.716,16106471.416,2,harn_anchored
user9|4|2,user9,4,2,3,Stretching,31_Do_stretching_exercises,Urgently,FAST,HAU/user9/4-2-3,"/Users/toheeb.ogunade/Workspace/cuchx-large/hf_data_manual/LMT_(IMU,Radar,Skeleton)/Training/HAU/user9/4-2-3",9.0,67.0,16106548.816,16106554.616,57.0,67.0,16106553.616,16106554.616,2,harn_anchored
user9|4|3,user9,4,3,1,Typing on a keyboard,17_Tap_the_keyboard,Unhurriedly,SLOW,HAU/user9/4-3-1,"/Users/toheeb.ogunade/Workspace/cuchx-large/hf_data_manual/LMT_(IMU,Radar,Skeleton)/Training/HAU/user9/4-3-1",25.0,115.0,16131208.416,16131217.416,62.0,115.0,16131212.116,16131217.416,3,harn_anchored
user9|4|3,user9,4,3,2,Typing on a keyboard,17_Tap_the_keyboard,Intently,CARE,HAU/user9/4-3-2,"/Users/toheeb.ogunade/Workspace/cuchx-large/hf_data_manual/LMT_(IMU,Radar,Skeleton)/Training/HAU/user9/4-3-2",24.0,99.0,16131295.316,16131302.816,59.0,98.0,16131298.816,16131302.716,3,harn_anchored
user9|4|3,user9,4,3,3,Typing on a keyboard,17_Tap_the_keyboard,Nervously,NERV,HAU/user9/4-3-3,"/Users/toheeb.ogunade/Workspace/cuchx-large/hf_data_manual/LMT_(IMU,Radar,Skeleton)/Training/HAU/user9/4-3-3",24.0,76.0,16131398.316,16131403.516,55.0,76.0,16131401.416,16131403.516,3,harn_anchored
user9|4|3,user9,4,3,1,Walking,36_Walk,Unhurriedly,SLOW,HAU/user9/4-3-1,"/Users/toheeb.ogunade/Workspace/cuchx-large/hf_data_manual/LMT_(IMU,Radar,Skeleton)/Training/HAU/user9/4-3-1",25.0,115.0,16131208.416,16131217.416,37.0,44.0,16131209.616,16131210.316,3,harn_anchored
user9|4|3,user9,4,3,2,Walking,36_Walk,Intently,CARE,HAU/user9/4-3-2,"/Users/toheeb.ogunade/Workspace/cuchx-large/hf_data_manual/LMT_(IMU,Radar,Skeleton)/Training/HAU/user9/4-3-2",24.0,99.0,16131295.316,16131302.816,35.0,44.0,16131296.416,16131297.316,3,harn_anchored
user9|4|3,user9,4,3,3,Walking,36_Walk,Nervously,NERV,HAU/user9/4-3-3,"/Users/toheeb.ogunade/Workspace/cuchx-large/hf_data_manual/LMT_(IMU,Radar,Skeleton)/Training/HAU/user9/4-3-3",24.0,76.0,16131398.316,16131403.516,36.0,40.0,16131399.516,16131399.916,3,harn_anchored
user9|5|1,user9,5,1,1,Playing games,26_Play_games,Softly,SLOW,HAU/user9/5-1-1,"/Users/toheeb.ogunade/Workspace/cuchx-large/hf_data_manual/LMT_(IMU,Radar,Skeleton)/Training/HAU/user9/5-1-1",19.0,110.0,16131565.816,16131574.916,20.0,81.0,16131565.916,16131572.016,3,harn_anchored
user9|5|1,user9,5,1,2,Playing games,26_Play_games,Calmly,SLOW,HAU/user9/5-1-2,"/Users/toheeb.ogunade/Workspace/cuchx-large/hf_data_manual/LMT_(IMU,Radar,Skeleton)/Training/HAU/user9/5-1-2",19.0,107.0,16131651.816,16131660.616,21.0,77.0,16131652.016,16131657.616,3,harn_anchored
user9|5|1,user9,5,1,3,Playing games,26_Play_games,Anxiously,NERV,HAU/user9/5-1-3,"/Users/toheeb.ogunade/Workspace/cuchx-large/hf_data_manual/LMT_(IMU,Radar,Skeleton)/Training/HAU/user9/5-1-3",14.0,70.0,16131744.316,16131749.916,16.0,52.0,16131744.516,16131748.116,3,harn_anchored
user9|5|1,user9,5,1,1,Standing up,32_Stand_up,Softly,SLOW,HAU/user9/5-1-1,"/Users/toheeb.ogunade/Workspace/cuchx-large/hf_data_manual/LMT_(IMU,Radar,Skeleton)/Training/HAU/user9/5-1-1",19.0,110.0,16131565.816,16131574.916,91.0,96.0,16131573.016,16131573.516,3,harn_anchored
user9|5|1,user9,5,1,2,Standing up,32_Stand_up,Calmly,SLOW,HAU/user9/5-1-2,"/Users/toheeb.ogunade/Workspace/cuchx-large/hf_data_manual/LMT_(IMU,Radar,Skeleton)/Training/HAU/user9/5-1-2",19.0,107.0,16131651.816,16131660.616,81.0,88.0,16131658.016,16131658.716,3,harn_anchored
user9|5|1,user9,5,1,3,Standing up,32_Stand_up,Anxiously,NERV,HAU/user9/5-1-3,"/Users/toheeb.ogunade/Workspace/cuchx-large/hf_data_manual/LMT_(IMU,Radar,Skeleton)/Training/HAU/user9/5-1-3",14.0,70.0,16131744.316,16131749.916,57.0,63.0,16131748.616,16131749.216,3,harn_anchored
user9|5|2,user9,5,2,1,Wiping hands,4_Wipe_hands,Unhurriedly,SLOW,HAU/user9/5-2-1,"/Users/toheeb.ogunade/Workspace/cuchx-large/hf_data_manual/LMT_(IMU,Radar,Skeleton)/Training/HAU/user9/5-2-1",19.0,140.0,16210288.816,16210300.916,105.0,133.0,16210297.416,16210300.216,3,harn_anchored
user9|5|2,user9,5,2,2,Wiping hands,4_Wipe_hands,Neatly,CARE,HAU/user9/5-2-2,"/Users/toheeb.ogunade/Workspace/cuchx-large/hf_data_manual/LMT_(IMU,Radar,Skeleton)/Training/HAU/user9/5-2-2",21.0,118.0,16210355.016,16210364.716,98.0,118.0,16210362.716,16210364.716,3,harn_anchored
user9|5|2,user9,5,2,3,Wiping hands,4_Wipe_hands,Quickly,FAST,HAU/user9/5-2-3,"/Users/toheeb.ogunade/Workspace/cuchx-large/hf_data_manual/LMT_(IMU,Radar,Skeleton)/Training/HAU/user9/5-2-3",18.0,78.0,16210424.716,16210430.716,60.0,78.0,16210428.916,16210430.716,3,harn_anchored
user9|5|3,user9,5,3,1,Checking the time,20_Check_the_time,Gently,SLOW,HAU/user9/5-3-1,"/Users/toheeb.ogunade/Workspace/cuchx-large/hf_data_manual/LMT_(IMU,Radar,Skeleton)/Training/HAU/user9/5-3-1",20.0,162.0,16131876.916,16131891.116,69.0,79.0,16131881.816,16131882.816,3,harn_anchored
user9|5|3,user9,5,3,2,Checking the time,20_Check_the_time,Steadily,NEUT,HAU/user9/5-3-2,"/Users/toheeb.ogunade/Workspace/cuchx-large/hf_data_manual/LMT_(IMU,Radar,Skeleton)/Training/HAU/user9/5-3-2",13.0,169.0,16131978.216,16131993.816,69.0,81.0,16131983.816,16131985.016,3,harn_anchored
user9|5|3,user9,5,3,3,Checking the time,20_Check_the_time,Briskly,FAST,HAU/user9/5-3-3,"/Users/toheeb.ogunade/Workspace/cuchx-large/hf_data_manual/LMT_(IMU,Radar,Skeleton)/Training/HAU/user9/5-3-3",13.0,150.0,16132085.216,16132098.916,67.0,75.0,16132090.616,16132091.416,3,harn_anchored
user9|5|3,user9,5,3,1,Playing games,26_Play_games,Gently,SLOW,HAU/user9/5-3-1,"/Users/toheeb.ogunade/Workspace/cuchx-large/hf_data_manual/LMT_(IMU,Radar,Skeleton)/Training/HAU/user9/5-3-1",20.0,162.0,16131876.916,16131891.116,140.0,162.0,16131888.916,16131891.116,3,harn_anchored
user9|5|3,user9,5,3,2,Playing games,26_Play_games,Steadily,NEUT,HAU/user9/5-3-2,"/Users/toheeb.ogunade/Workspace/cuchx-large/hf_data_manual/LMT_(IMU,Radar,Skeleton)/Training/HAU/user9/5-3-2",13.0,169.0,16131978.216,16131993.816,149.0,166.0,16131991.816,16131993.516,3,harn_anchored
user9|5|3,user9,5,3,3,Playing games,26_Play_games,Briskly,FAST,HAU/user9/5-3-3,"/Users/toheeb.ogunade/Workspace/cuchx-large/hf_data_manual/LMT_(IMU,Radar,Skeleton)/Training/HAU/user9/5-3-3",13.0,150.0,16132085.216,16132098.916,124.0,150.0,16132096.316,16132098.916,3,harn_anchored
user9|5|3,user9,5,3,1,Squats,29_Do_squats,Gently,SLOW,HAU/user9/5-3-1,"/Users/toheeb.ogunade/Workspace/cuchx-large/hf_data_manual/LMT_(IMU,Radar,Skeleton)/Training/HAU/user9/5-3-1",20.0,162.0,16131876.916,16131891.116,45.0,62.0,16131879.416,16131881.116,3,harn_anchored
user9|5|3,user9,5,3,2,Squats,29_Do_squats,Steadily,NEUT,HAU/user9/5-3-2,"/Users/toheeb.ogunade/Workspace/cuchx-large/hf_data_manual/LMT_(IMU,Radar,Skeleton)/Training/HAU/user9/5-3-2",13.0,169.0,16131978.216,16131993.816,42.0,59.0,16131981.116,16131982.816,3,harn_anchored
user9|5|3,user9,5,3,3,Squats,29_Do_squats,Briskly,FAST,HAU/user9/5-3-3,"/Users/toheeb.ogunade/Workspace/cuchx-large/hf_data_manual/LMT_(IMU,Radar,Skeleton)/Training/HAU/user9/5-3-3",13.0,150.0,16132085.216,16132098.916,47.0,60.0,16132088.616,16132089.916,3,harn_anchored
user9|5|3,user9,5,3,1,Sitting down,34_Sit_down,Gently,SLOW,HAU/user9/5-3-1,"/Users/toheeb.ogunade/Workspace/cuchx-large/hf_data_manual/LMT_(IMU,Radar,Skeleton)/Training/HAU/user9/5-3-1",20.0,162.0,16131876.916,16131891.116,93.0,103.0,16131884.216,16131885.216,3,harn_anchored
user9|5|3,user9,5,3,2,Sitting down,34_Sit_down,Steadily,NEUT,HAU/user9/5-3-2,"/Users/toheeb.ogunade/Workspace/cuchx-large/hf_data_manual/LMT_(IMU,Radar,Skeleton)/Training/HAU/user9/5-3-2",13.0,169.0,16131978.216,16131993.816,100.0,107.0,16131986.916,16131987.616,3,harn_anchored
user9|5|3,user9,5,3,3,Sitting down,34_Sit_down,Briskly,FAST,HAU/user9/5-3-3,"/Users/toheeb.ogunade/Workspace/cuchx-large/hf_data_manual/LMT_(IMU,Radar,Skeleton)/Training/HAU/user9/5-3-3",13.0,150.0,16132085.216,16132098.916,84.0,91.0,16132092.316,16132093.016,3,harn_anchored
user9|5|3,user9,5,3,1,Walking,36_Walk,Gently,SLOW,HAU/user9/5-3-1,"/Users/toheeb.ogunade/Workspace/cuchx-large/hf_data_manual/LMT_(IMU,Radar,Skeleton)/Training/HAU/user9/5-3-1",20.0,162.0,16131876.916,16131891.116,34.0,38.0,16131878.316,16131878.716,3,harn_anchored
user9|5|3,user9,5,3,2,Walking,36_Walk,Steadily,NEUT,HAU/user9/5-3-2,"/Users/toheeb.ogunade/Workspace/cuchx-large/hf_data_manual/LMT_(IMU,Radar,Skeleton)/Training/HAU/user9/5-3-2",13.0,169.0,16131978.216,16131993.816,31.0,35.0,16131980.016,16131980.416,3,harn_anchored
user9|5|3,user9,5,3,3,Walking,36_Walk,Briskly,FAST,HAU/user9/5-3-3,"/Users/toheeb.ogunade/Workspace/cuchx-large/hf_data_manual/LMT_(IMU,Radar,Skeleton)/Training/HAU/user9/5-3-3",13.0,150.0,16132085.216,16132098.916,28.0,35.0,16132086.716,16132087.416,3,harn_anchored
user9|6|1,user9,6,1,1,Typing on a keyboard,17_Tap_the_keyboard,Attentively,CARE,HAU/user9/6-1-1,"/Users/toheeb.ogunade/Workspace/cuchx-large/hf_data_manual/LMT_(IMU,Radar,Skeleton)/Training/HAU/user9/6-1-1",22.0,177.0,16314832.116,16314847.616,61.0,77.0,16314836.016,16314837.616,3,harn_anchored
user9|6|1,user9,6,1,2,Typing on a keyboard,17_Tap_the_keyboard,Quickly,FAST,HAU/user9/6-1-2,"/Users/toheeb.ogunade/Workspace/cuchx-large/hf_data_manual/LMT_(IMU,Radar,Skeleton)/Training/HAU/user9/6-1-2",26.0,119.0,16314907.516,16314916.816,41.0,73.0,16314909.016,16314912.216,3,harn_anchored
user9|6|1,user9,6,1,3,Typing on a keyboard,17_Tap_the_keyboard,Leisurely,SLOW,HAU/user9/6-1-3,"/Users/toheeb.ogunade/Workspace/cuchx-large/hf_data_manual/LMT_(IMU,Radar,Skeleton)/Training/HAU/user9/6-1-3",12.0,113.0,16132727.116,16132737.216,39.0,64.0,16132729.816,16132732.316,3,harn_anchored
user9|6|1,user9,6,1,1,Checking the time,20_Check_the_time,Attentively,CARE,HAU/user9/6-1-1,"/Users/toheeb.ogunade/Workspace/cuchx-large/hf_data_manual/LMT_(IMU,Radar,Skeleton)/Training/HAU/user9/6-1-1",22.0,177.0,16314832.116,16314847.616,105.0,110.0,16314840.416,16314840.916,3,harn_anchored
user9|6|1,user9,6,1,2,Checking the time,20_Check_the_time,Quickly,FAST,HAU/user9/6-1-2,"/Users/toheeb.ogunade/Workspace/cuchx-large/hf_data_manual/LMT_(IMU,Radar,Skeleton)/Training/HAU/user9/6-1-2",26.0,119.0,16314907.516,16314916.816,76.0,80.0,16314912.516,16314912.916,3,harn_anchored
user9|6|1,user9,6,1,3,Checking the time,20_Check_the_time,Leisurely,SLOW,HAU/user9/6-1-3,"/Users/toheeb.ogunade/Workspace/cuchx-large/hf_data_manual/LMT_(IMU,Radar,Skeleton)/Training/HAU/user9/6-1-3",12.0,113.0,16132727.116,16132737.216,67.0,74.0,16132732.616,16132733.316,3,harn_anchored
user9|6|1,user9,6,1,1,Reading,21_Read_documents,Attentively,CARE,HAU/user9/6-1-1,"/Users/toheeb.ogunade/Workspace/cuchx-large/hf_data_manual/LMT_(IMU,Radar,Skeleton)/Training/HAU/user9/6-1-1",22.0,177.0,16314832.116,16314847.616,131.0,177.0,16314843.016,16314847.616,3,harn_anchored
user9|6|1,user9,6,1,2,Reading,21_Read_documents,Quickly,FAST,HAU/user9/6-1-2,"/Users/toheeb.ogunade/Workspace/cuchx-large/hf_data_manual/LMT_(IMU,Radar,Skeleton)/Training/HAU/user9/6-1-2",26.0,119.0,16314907.516,16314916.816,93.0,119.0,16314914.216,16314916.816,3,harn_anchored
user9|6|1,user9,6,1,3,Reading,21_Read_documents,Leisurely,SLOW,HAU/user9/6-1-3,"/Users/toheeb.ogunade/Workspace/cuchx-large/hf_data_manual/LMT_(IMU,Radar,Skeleton)/Training/HAU/user9/6-1-3",12.0,113.0,16132727.116,16132737.216,90.0,113.0,16132734.916,16132737.216,3,harn_anchored
user9|6|1,user9,6,1,1,Sitting down,34_Sit_down,Attentively,CARE,HAU/user9/6-1-1,"/Users/toheeb.ogunade/Workspace/cuchx-large/hf_data_manual/LMT_(IMU,Radar,Skeleton)/Training/HAU/user9/6-1-1",22.0,177.0,16314832.116,16314847.616,43.0,52.0,16314834.216,16314835.116,3,harn_anchored
user9|6|1,user9,6,1,2,Sitting down,34_Sit_down,Quickly,FAST,HAU/user9/6-1-2,"/Users/toheeb.ogunade/Workspace/cuchx-large/hf_data_manual/LMT_(IMU,Radar,Skeleton)/Training/HAU/user9/6-1-2",26.0,119.0,16314907.516,16314916.816,36.0,38.0,16314908.516,16314908.716,3,harn_anchored
user9|6|1,user9,6,1,3,Sitting down,34_Sit_down,Leisurely,SLOW,HAU/user9/6-1-3,"/Users/toheeb.ogunade/Workspace/cuchx-large/hf_data_manual/LMT_(IMU,Radar,Skeleton)/Training/HAU/user9/6-1-3",12.0,113.0,16132727.116,16132737.216,22.0,30.0,16132728.116,16132728.916,3,harn_anchored
user9|6|2,user9,6,2,1,Playing games,26_Play_games,Leisurely,SLOW,HAU/user9/6-2-1,"/Users/toheeb.ogunade/Workspace/cuchx-large/hf_data_manual/LMT_(IMU,Radar,Skeleton)/Training/HAU/user9/6-2-1",10.0,211.0,16106727.916,16106748.016,153.0,167.0,16106742.216,16106743.616,3,harn_anchored
user9|6|2,user9,6,2,2,Playing games,26_Play_games,Nervously,NERV,HAU/user9/6-2-2,"/Users/toheeb.ogunade/Workspace/cuchx-large/hf_data_manual/LMT_(IMU,Radar,Skeleton)/Training/HAU/user9/6-2-2",6.0,116.0,16106852.516,16106863.516,86.0,92.0,16106860.516,16106861.116,3,harn_anchored
user9|6|2,user9,6,2,3,Playing games,26_Play_games,Calmly,SLOW,HAU/user9/6-2-3,"/Users/toheeb.ogunade/Workspace/cuchx-large/hf_data_manual/LMT_(IMU,Radar,Skeleton)/Training/HAU/user9/6-2-3",8.0,172.0,16106936.716,16106953.116,125.0,133.0,16106948.416,16106949.216,3,harn_anchored
user9|6|2,user9,6,2,1,Taking a selfie,27_Take_a_selfie,Leisurely,SLOW,HAU/user9/6-2-1,"/Users/toheeb.ogunade/Workspace/cuchx-large/hf_data_manual/LMT_(IMU,Radar,Skeleton)/Training/HAU/user9/6-2-1",10.0,211.0,16106727.916,16106748.016,187.0,199.0,16106745.616,16106746.816,3,harn_anchored
user9|6|2,user9,6,2,2,Taking a selfie,27_Take_a_selfie,Nervously,NERV,HAU/user9/6-2-2,"/Users/toheeb.ogunade/Workspace/cuchx-large/hf_data_manual/LMT_(IMU,Radar,Skeleton)/Training/HAU/user9/6-2-2",6.0,116.0,16106852.516,16106863.516,97.0,107.0,16106861.616,16106862.616,3,harn_anchored
user9|6|2,user9,6,2,3,Taking a selfie,27_Take_a_selfie,Calmly,SLOW,HAU/user9/6-2-3,"/Users/toheeb.ogunade/Workspace/cuchx-large/hf_data_manual/LMT_(IMU,Radar,Skeleton)/Training/HAU/user9/6-2-3",8.0,172.0,16106936.716,16106953.116,153.0,165.0,16106951.216,16106952.416,3,harn_anchored
user9|6|2,user9,6,2,1,Lying down,33_Lie_down,Leisurely,SLOW,HAU/user9/6-2-1,"/Users/toheeb.ogunade/Workspace/cuchx-large/hf_data_manual/LMT_(IMU,Radar,Skeleton)/Training/HAU/user9/6-2-1",10.0,211.0,16106727.916,16106748.016,92.0,124.0,16106736.116,16106739.316,3,harn_anchored
user9|6|2,user9,6,2,2,Lying down,33_Lie_down,Nervously,NERV,HAU/user9/6-2-2,"/Users/toheeb.ogunade/Workspace/cuchx-large/hf_data_manual/LMT_(IMU,Radar,Skeleton)/Training/HAU/user9/6-2-2",6.0,116.0,16106852.516,16106863.516,52.0,66.0,16106857.116,16106858.516,3,harn_anchored
user9|6|2,user9,6,2,3,Lying down,33_Lie_down,Calmly,SLOW,HAU/user9/6-2-3,"/Users/toheeb.ogunade/Workspace/cuchx-large/hf_data_manual/LMT_(IMU,Radar,Skeleton)/Training/HAU/user9/6-2-3",8.0,172.0,16106936.716,16106953.116,76.0,102.0,16106943.516,16106946.116,3,harn_anchored
user9|6|2,user9,6,2,1,Taking medicine,37_Take_medicine,Leisurely,SLOW,HAU/user9/6-2-1,"/Users/toheeb.ogunade/Workspace/cuchx-large/hf_data_manual/LMT_(IMU,Radar,Skeleton)/Training/HAU/user9/6-2-1",10.0,211.0,16106727.916,16106748.016,12.0,55.0,16106728.116,16106732.416,3,harn_anchored
user9|6|2,user9,6,2,2,Taking medicine,37_Take_medicine,Nervously,NERV,HAU/user9/6-2-2,"/Users/toheeb.ogunade/Workspace/cuchx-large/hf_data_manual/LMT_(IMU,Radar,Skeleton)/Training/HAU/user9/6-2-2",6.0,116.0,16106852.516,16106863.516,6.0,34.0,16106852.516,16106855.316,3,harn_anchored
user9|6|2,user9,6,2,3,Taking medicine,37_Take_medicine,Calmly,SLOW,HAU/user9/6-2-3,"/Users/toheeb.ogunade/Workspace/cuchx-large/hf_data_manual/LMT_(IMU,Radar,Skeleton)/Training/HAU/user9/6-2-3",8.0,172.0,16106936.716,16106953.116,8.0,42.0,16106936.716,16106940.116,3,harn_anchored
user9|6|2,user9,6,2,1,Checking body temperature,39_Take_body_temperature,Leisurely,SLOW,HAU/user9/6-2-1,"/Users/toheeb.ogunade/Workspace/cuchx-large/hf_data_manual/LMT_(IMU,Radar,Skeleton)/Training/HAU/user9/6-2-1",10.0,211.0,16106727.916,16106748.016,78.0,87.0,16106734.716,16106735.616,3,harn_anchored
user9|6|2,user9,6,2,2,Checking body temperature,39_Take_body_temperature,Nervously,NERV,HAU/user9/6-2-2,"/Users/toheeb.ogunade/Workspace/cuchx-large/hf_data_manual/LMT_(IMU,Radar,Skeleton)/Training/HAU/user9/6-2-2",6.0,116.0,16106852.516,16106863.516,45.0,50.0,16106856.416,16106856.916,3,harn_anchored
user9|6|2,user9,6,2,3,Checking body temperature,39_Take_body_temperature,Calmly,SLOW,HAU/user9/6-2-3,"/Users/toheeb.ogunade/Workspace/cuchx-large/hf_data_manual/LMT_(IMU,Radar,Skeleton)/Training/HAU/user9/6-2-3",8.0,172.0,16106936.716,16106953.116,58.0,67.0,16106941.716,16106942.616,3,harn_anchored
user9|7|1,user9,7,1,1,Taking medicine,37_Take_medicine,Cautiously,CARE,HAU/user9/7-1-1,"/Users/toheeb.ogunade/Workspace/cuchx-large/hf_data_manual/LMT_(IMU,Radar,Skeleton)/Training/HAU/user9/7-1-1",8.0,193.0,16137213.716,16137232.216,64.0,82.0,16137219.316,16137221.116,3,harn_anchored
user9|7|1,user9,7,1,2,Taking medicine,37_Take_medicine,Urgently,FAST,HAU/user9/7-1-2,"/Users/toheeb.ogunade/Workspace/cuchx-large/hf_data_manual/LMT_(IMU,Radar,Skeleton)/Training/HAU/user9/7-1-2",18.0,124.0,16137305.716,16137316.316,40.0,58.0,16137307.916,16137309.716,3,harn_anchored
user9|7|1,user9,7,1,3,Taking medicine,37_Take_medicine,Calmly,SLOW,HAU/user9/7-1-3,"/Users/toheeb.ogunade/Workspace/cuchx-large/hf_data_manual/LMT_(IMU,Radar,Skeleton)/Training/HAU/user9/7-1-3",8.0,134.0,16137394.716,16137407.316,22.0,56.0,16137396.116,16137399.516,3,harn_anchored
user9|7|1,user9,7,1,1,Checking body temperature,39_Take_body_temperature,Cautiously,CARE,HAU/user9/7-1-1,"/Users/toheeb.ogunade/Workspace/cuchx-large/hf_data_manual/LMT_(IMU,Radar,Skeleton)/Training/HAU/user9/7-1-1",8.0,193.0,16137213.716,16137232.216,115.0,130.0,16137224.416,16137225.916,3,harn_anchored
user9|7|1,user9,7,1,2,Checking body temperature,39_Take_body_temperature,Urgently,FAST,HAU/user9/7-1-2,"/Users/toheeb.ogunade/Workspace/cuchx-large/hf_data_manual/LMT_(IMU,Radar,Skeleton)/Training/HAU/user9/7-1-2",18.0,124.0,16137305.716,16137316.316,88.0,107.0,16137312.716,16137314.616,3,harn_anchored
user9|7|1,user9,7,1,3,Checking body temperature,39_Take_body_temperature,Calmly,SLOW,HAU/user9/7-1-3,"/Users/toheeb.ogunade/Workspace/cuchx-large/hf_data_manual/LMT_(IMU,Radar,Skeleton)/Training/HAU/user9/7-1-3",8.0,134.0,16137394.716,16137407.316,93.0,104.0,16137403.216,16137404.316,3,harn_anchored
user9|7|2,user9,7,2,1,Stirring,10_Stir_drinks,Slowly,SLOW,HAU/user9/7-2-1,"/Users/toheeb.ogunade/Workspace/cuchx-large/hf_data_manual/LMT_(IMU,Radar,Skeleton)/Training/HAU/user9/7-2-1",19.0,369.0,16210503.816,16210538.816,325.0,344.0,16210534.416,16210536.316,3,harn_anchored
user9|7|2,user9,7,2,2,Stirring,10_Stir_drinks,Steadily,NEUT,HAU/user9/7-2-2,"/Users/toheeb.ogunade/Workspace/cuchx-large/hf_data_manual/LMT_(IMU,Radar,Skeleton)/Training/HAU/user9/7-2-2",18.0,216.0,16210606.716,16210626.516,186.0,197.0,16210623.516,16210624.616,3,harn_anchored
user9|7|2,user9,7,2,3,Stirring,10_Stir_drinks,Forcefully,FAST,HAU/user9/7-2-3,"/Users/toheeb.ogunade/Workspace/cuchx-large/hf_data_manual/LMT_(IMU,Radar,Skeleton)/Training/HAU/user9/7-2-3",16.0,298.0,16210671.516,16210699.716,258.0,275.0,16210695.716,16210697.416,3,harn_anchored
user9|7|2,user9,7,2,1,Sweeping,12_Sweep_the_floor,Slowly,SLOW,HAU/user9/7-2-1,"/Users/toheeb.ogunade/Workspace/cuchx-large/hf_data_manual/LMT_(IMU,Radar,Skeleton)/Training/HAU/user9/7-2-1",19.0,369.0,16210503.816,16210538.816,69.0,96.0,16210508.816,16210511.516,3,harn_anchored
user9|7|2,user9,7,2,2,Sweeping,12_Sweep_the_floor,Steadily,NEUT,HAU/user9/7-2-2,"/Users/toheeb.ogunade/Workspace/cuchx-large/hf_data_manual/LMT_(IMU,Radar,Skeleton)/Training/HAU/user9/7-2-2",18.0,216.0,16210606.716,16210626.516,44.0,56.0,16210609.316,16210610.516,3,harn_anchored
user9|7|2,user9,7,2,3,Sweeping,12_Sweep_the_floor,Forcefully,FAST,HAU/user9/7-2-3,"/Users/toheeb.ogunade/Workspace/cuchx-large/hf_data_manual/LMT_(IMU,Radar,Skeleton)/Training/HAU/user9/7-2-3",16.0,298.0,16210671.516,16210699.716,55.0,72.0,16210675.416,16210677.116,3,harn_anchored
user9|7|2,user9,7,2,1,Mopping,13_Mop_the_floor,Slowly,SLOW,HAU/user9/7-2-1,"/Users/toheeb.ogunade/Workspace/cuchx-large/hf_data_manual/LMT_(IMU,Radar,Skeleton)/Training/HAU/user9/7-2-1",19.0,369.0,16210503.816,16210538.816,127.0,153.0,16210514.616,16210517.216,3,harn_anchored
user9|7|2,user9,7,2,2,Mopping,13_Mop_the_floor,Steadily,NEUT,HAU/user9/7-2-2,"/Users/toheeb.ogunade/Workspace/cuchx-large/hf_data_manual/LMT_(IMU,Radar,Skeleton)/Training/HAU/user9/7-2-2",18.0,216.0,16210606.716,16210626.516,77.0,87.0,16210612.616,16210613.616,3,harn_anchored
user9|7|2,user9,7,2,3,Mopping,13_Mop_the_floor,Forcefully,FAST,HAU/user9/7-2-3,"/Users/toheeb.ogunade/Workspace/cuchx-large/hf_data_manual/LMT_(IMU,Radar,Skeleton)/Training/HAU/user9/7-2-3",16.0,298.0,16210671.516,16210699.716,101.0,122.0,16210680.016,16210682.116,3,harn_anchored
user9|7|2,user9,7,2,1,Wiping surface,15_Wipe_windows_and_tables,Slowly,SLOW,HAU/user9/7-2-1,"/Users/toheeb.ogunade/Workspace/cuchx-large/hf_data_manual/LMT_(IMU,Radar,Skeleton)/Training/HAU/user9/7-2-1",19.0,369.0,16210503.816,16210538.816,179.0,201.0,16210519.816,16210522.016,3,harn_anchored
user9|7|2,user9,7,2,2,Wiping surface,15_Wipe_windows_and_tables,Steadily,NEUT,HAU/user9/7-2-2,"/Users/toheeb.ogunade/Workspace/cuchx-large/hf_data_manual/LMT_(IMU,Radar,Skeleton)/Training/HAU/user9/7-2-2",18.0,216.0,16210606.716,16210626.516,96.0,112.0,16210614.516,16210616.116,3,harn_anchored
user9|7|2,user9,7,2,3,Wiping surface,15_Wipe_windows_and_tables,Forcefully,FAST,HAU/user9/7-2-3,"/Users/toheeb.ogunade/Workspace/cuchx-large/hf_data_manual/LMT_(IMU,Radar,Skeleton)/Training/HAU/user9/7-2-3",16.0,298.0,16210671.516,16210699.716,135.0,163.0,16210683.416,16210686.216,3,harn_anchored
user9|7|2,user9,7,2,1,Walking,36_Walk,Slowly,SLOW,HAU/user9/7-2-1,"/Users/toheeb.ogunade/Workspace/cuchx-large/hf_data_manual/LMT_(IMU,Radar,Skeleton)/Training/HAU/user9/7-2-1",19.0,369.0,16210503.816,16210538.816,41.0,47.0,16210506.016,16210506.616,3,harn_anchored
user9|7|2,user9,7,2,2,Walking,36_Walk,Steadily,NEUT,HAU/user9/7-2-2,"/Users/toheeb.ogunade/Workspace/cuchx-large/hf_data_manual/LMT_(IMU,Radar,Skeleton)/Training/HAU/user9/7-2-2",18.0,216.0,16210606.716,16210626.516,29.0,33.0,16210607.816,16210608.216,3,harn_anchored
user9|7|2,user9,7,2,3,Walking,36_Walk,Forcefully,FAST,HAU/user9/7-2-3,"/Users/toheeb.ogunade/Workspace/cuchx-large/hf_data_manual/LMT_(IMU,Radar,Skeleton)/Training/HAU/user9/7-2-3",16.0,298.0,16210671.516,16210699.716,34.0,38.0,16210673.316,16210673.716,3,harn_anchored
user9|7|2,user9,7,2,1,Drinking,6_Drink_water,Slowly,SLOW,HAU/user9/7-2-1,"/Users/toheeb.ogunade/Workspace/cuchx-large/hf_data_manual/LMT_(IMU,Radar,Skeleton)/Training/HAU/user9/7-2-1",19.0,369.0,16210503.816,16210538.816,351.0,365.0,16210537.016,16210538.416,3,harn_anchored
user9|7|2,user9,7,2,2,Drinking,6_Drink_water,Steadily,NEUT,HAU/user9/7-2-2,"/Users/toheeb.ogunade/Workspace/cuchx-large/hf_data_manual/LMT_(IMU,Radar,Skeleton)/Training/HAU/user9/7-2-2",18.0,216.0,16210606.716,16210626.516,203.0,211.0,16210625.216,16210626.016,3,harn_anchored
user9|7|2,user9,7,2,3,Drinking,6_Drink_water,Forcefully,FAST,HAU/user9/7-2-3,"/Users/toheeb.ogunade/Workspace/cuchx-large/hf_data_manual/LMT_(IMU,Radar,Skeleton)/Training/HAU/user9/7-2-3",16.0,298.0,16210671.516,16210699.716,285.0,298.0,16210698.416,16210699.716,3,harn_anchored
user9|7|2,user9,7,2,1,Eating,7_Eat_food,Slowly,SLOW,HAU/user9/7-2-1,"/Users/toheeb.ogunade/Workspace/cuchx-large/hf_data_manual/LMT_(IMU,Radar,Skeleton)/Training/HAU/user9/7-2-1",19.0,369.0,16210503.816,16210538.816,239.0,241.0,16210525.816,16210526.016,3,harn_anchored
user9|7|2,user9,7,2,2,Eating,7_Eat_food,Steadily,NEUT,HAU/user9/7-2-2,"/Users/toheeb.ogunade/Workspace/cuchx-large/hf_data_manual/LMT_(IMU,Radar,Skeleton)/Training/HAU/user9/7-2-2",18.0,216.0,16210606.716,16210626.516,138.0,141.0,16210618.716,16210619.016,3,harn_anchored
user9|7|2,user9,7,2,3,Eating,7_Eat_food,Forcefully,FAST,HAU/user9/7-2-3,"/Users/toheeb.ogunade/Workspace/cuchx-large/hf_data_manual/LMT_(IMU,Radar,Skeleton)/Training/HAU/user9/7-2-3",16.0,298.0,16210671.516,16210699.716,191.0,196.0,16210689.016,16210689.516,3,harn_anchored
user9|7|2,user9,7,2,1,Pouring,9_Pour_drinks,Slowly,SLOW,HAU/user9/7-2-1,"/Users/toheeb.ogunade/Workspace/cuchx-large/hf_data_manual/LMT_(IMU,Radar,Skeleton)/Training/HAU/user9/7-2-1",19.0,369.0,16210503.816,16210538.816,290.0,305.0,16210530.916,16210532.416,3,harn_anchored
user9|7|2,user9,7,2,2,Pouring,9_Pour_drinks,Steadily,NEUT,HAU/user9/7-2-2,"/Users/toheeb.ogunade/Workspace/cuchx-large/hf_data_manual/LMT_(IMU,Radar,Skeleton)/Training/HAU/user9/7-2-2",18.0,216.0,16210606.716,16210626.516,164.0,172.0,16210621.316,16210622.116,3,harn_anchored
user9|7|2,user9,7,2,3,Pouring,9_Pour_drinks,Forcefully,FAST,HAU/user9/7-2-3,"/Users/toheeb.ogunade/Workspace/cuchx-large/hf_data_manual/LMT_(IMU,Radar,Skeleton)/Training/HAU/user9/7-2-3",16.0,298.0,16210671.516,16210699.716,227.0,237.0,16210692.616,16210693.616,3,harn_anchored
