qa_id,source,path,category,question,A,B,C,D,answer,subject_id
training_0001,HAU,HAU/user1/1-1-1,single,Which action is performed in this video?,Jumping jacks,Checking the time,Stirring,Brushing teeth,A,user1
training_0002,HAU,HAU/user1/1-1-2,single,Which action is performed in this video?,Grabbing utensils,Lying down,Jumping jacks,Pouring,C,user1
training_0003,HAU,HAU/user1/1-1-3,single,Which action is performed in this video?,Typing on a keyboard,Combing hair,Brushing teeth,Checking body temperature,B,user1
training_0004,HAU,HAU/user1/1-2-1,single,Which action is performed in this video?,Running,Peeling fruit,Washing face,Playing games,B,user1
training_0005,HAU,HAU/user1/1-2-2,single,Which action is performed in this video?,Folding clothes,Grabbing utensils,Playing games,Checking the time,B,user1
training_0006,HAU,HAU/user1/1-2-3,single,Which action is performed in this video?,Eating,Sitting down,Taking a selfie,Sweeping,A,user1
training_0007,HAU,HAU/user1/2-1-1,single,Which action is performed in this video?,Mopping,Lying down,Peeling fruit,Getting dressed,C,user1
training_0008,HAU,HAU/user1/2-1-2,single,Which action is performed in this video?,Combing hair,Writing,Peeling fruit,Wiping hands,C,user1
training_0009,HAU,HAU/user1/2-1-3,single,Which action is performed in this video?,Sweeping,Lying down,Taking a selfie,Grabbing utensils,D,user1
training_0010,HAU,HAU/user1/2-2-1,single,Which action is performed in this video?,Playing games,Watching TV,Walking,Mopping,C,user1
training_0011,HAU,HAU/user1/2-2-2,single,Which action is performed in this video?,Massaging oneself,Stirring,Wiping surface,Walking,D,user1
training_0012,HAU,HAU/user1/2-2-3,single,Which action is performed in this video?,Walking,Washing dishes,Undressing,Turning a page,A,user1
training_0013,HAU,HAU/user1/3-1-1,single,Which action is performed in this video?,Wiping hands,Eating,Using a phone,Calling,B,user1
training_0014,HAU,HAU/user1/3-1-2,single,Which action is performed in this video?,Turning a page,Eating,Squats,Wiping surface,B,user1
training_0015,HAU,HAU/user1/3-1-3,single,Which action is performed in this video?,Lying down,Eating,Checking the time,Lunges,B,user1
training_0016,HAU,HAU/user1/3-2-1,single,Which action is performed in this video?,Brushing teeth,Checking body temperature,Walking,Jumping jacks,C,user1
training_0017,HAU,HAU/user1/3-2-2,single,Which action is performed in this video?,Watching TV,Combing hair,Sweeping,Checking the time,D,user1
training_0018,HAU,HAU/user1/3-2-3,single,Which action is performed in this video?,Taking a selfie,Squats,Checking body temperature,Grabbing utensils,B,user1
training_0019,HAU,HAU/user1/4-1-1,single,Which action is performed in this video?,Using a phone,Mopping,Lunges,Drinking,D,user1
training_0020,HAU,HAU/user1/4-1-2,single,Which action is performed in this video?,Calling,Playing games,Peeling fruit,Sweeping,C,user1
training_0021,HAU,HAU/user1/4-1-3,single,Which action is performed in this video?,Pouring,Lying down,Writing,Washing face,A,user1
training_0022,HAU,HAU/user1/5-1-1,single,Which action is performed in this video?,Typing on a keyboard,Taking a selfie,Massaging oneself,Checking body temperature,B,user1
training_0023,HAU,HAU/user1/5-1-2,single,Which action is performed in this video?,Listening to the music with headphones,Walking,Combing hair,Checking body temperature,A,user1
training_0024,HAU,HAU/user1/5-1-3,single,Which action is performed in this video?,Jumping jacks,Taking a selfie,Wiping hands,Using a phone,B,user1
training_0025,HAU,HAU/user1/6-1-1,single,Which action is performed in this video?,Eating,Folding clothes,Jumping jacks,Turning a page,A,user1
training_0026,HAU,HAU/user1/6-1-2,single,Which action is performed in this video?,Watching TV,Standing up,Sitting down,Eating,D,user1
training_0027,HAU,HAU/user1/6-1-3,single,Which action is performed in this video?,Checking the time,Walking,Reading,Wiping hands,B,user1
training_0028,HAU,HAU/user1/6-2-1,single,Which action is performed in this video?,Washing face,Wiping hands,Turning a page,Wiping surface,C,user1
training_0029,HAU,HAU/user1/6-2-2,single,Which action is performed in this video?,Playing games,Checking body temperature,Standing up,Wiping hands,C,user1
training_0030,HAU,HAU/user1/6-2-3,single,Which action is performed in this video?,Folding clothes,Grabbing utensils,Running,Sweeping,D,user1
training_0031,HAU,HAU/user1/7-1-1,single,Which action is performed in this video?,Eating,Taking a selfie,Standing up,Sitting down,D,user1
training_0032,HAU,HAU/user1/7-1-2,single,Which action is performed in this video?,Undressing,Sitting down,Eating,Using a phone,B,user1
training_0033,HAU,HAU/user1/7-1-3,single,Which action is performed in this video?,Lunges,Mopping,Taking medicine,Checking body temperature,C,user1
training_0034,HAU,HAU/user2/1-1-1,single,Which action is performed in this video?,Wiping surface,Sitting down,Wiping hands,Folding clothes,D,user2
training_0035,HAU,HAU/user2/1-1-2,single,Which action is performed in this video?,Getting dressed,Folding clothes,Squats,Washing face,B,user2
training_0036,HAU,HAU/user2/1-1-3,single,Which action is performed in this video?,Using a phone,Mopping,Folding clothes,Lying down,C,user2
training_0037,HAU,HAU/user2/1-2-1,single,Which action is performed in this video?,Lying down,Walking,Turning a page,Taking medicine,B,user2
training_0038,HAU,HAU/user2/1-2-2,single,Which action is performed in this video?,Playing games,Stretching,Calling,Writing,B,user2
training_0039,HAU,HAU/user2/1-2-3,single,Which action is performed in this video?,Drinking,Checking body temperature,Using a phone,Undressing,A,user2
training_0040,HAU,HAU/user2/2-1-1,single,Which action is performed in this video?,Reading,Pouring,Standing up,Wiping hands,B,user2
training_0041,HAU,HAU/user2/2-1-2,single,Which action is performed in this video?,Drinking,Combing hair,Getting dressed,Stretching,A,user2
training_0042,HAU,HAU/user2/2-1-3,single,Which action is performed in this video?,Reading,Grabbing utensils,Standing up,Turning a page,B,user2
training_0043,HAU,HAU/user2/2-2-1,single,Which action is performed in this video?,Combing hair,Massaging oneself,Reading,Typing on a keyboard,B,user2
training_0044,HAU,HAU/user2/2-2-2,single,Which action is performed in this video?,Eating,Mopping,Playing games,Taking a selfie,A,user2
training_0045,HAU,HAU/user2/2-2-3,single,Which action is performed in this video?,Washing dishes,Folding clothes,Eating,Writing,C,user2
training_0046,HAU,HAU/user2/3-1-1,single,Which action is performed in this video?,Drinking,Taking medicine,Sweeping,Reading,C,user2
training_0047,HAU,HAU/user2/3-1-2,single,Which action is performed in this video?,Pouring,Taking medicine,Sweeping,Calling,C,user2
training_0048,HAU,HAU/user2/3-1-3,single,Which action is performed in this video?,Jumping jacks,Wiping surface,Writing,Mopping,D,user2
training_0049,HAU,HAU/user2/3-2-2,single,Which action is performed in this video?,Combing hair,Walking,Typing on a keyboard,Lying down,B,user2
training_0050,HAU,HAU/user2/3-2-3,single,Which action is performed in this video?,Standing up,Stirring,Massaging oneself,Reading,D,user2
training_0051,HAU,HAU/user2/4-1-1,single,Which action is performed in this video?,Pouring,Wiping hands,Using a phone,Combing hair,C,user2
training_0052,HAU,HAU/user2/4-1-2,single,Which action is performed in this video?,Writing,Combing hair,Grabbing utensils,Turning a page,A,user2
training_0053,HAU,HAU/user2/4-1-3,single,Which action is performed in this video?,Drinking,Wiping surface,Watching TV,Calling,D,user2
training_0054,HAU,HAU/user2/4-2-1,single,Which action is performed in this video?,Standing up,Typing on a keyboard,Grabbing utensils,Folding clothes,C,user2
training_0055,HAU,HAU/user2/4-2-2,single,Which action is performed in this video?,Folding clothes,Eating,Taking a selfie,Reading,B,user2
training_0056,HAU,HAU/user2/4-2-3,single,Which action is performed in this video?,Eating,Checking the time,Writing,Squats,A,user2
training_0057,HAU,HAU/user2/4-3-1,single,Which action is performed in this video?,Walking,Brushing teeth,Sweeping,Listening to the music with headphones,A,user2
training_0058,HAU,HAU/user2/4-3-2,single,Which action is performed in this video?,Taking medicine,Sitting down,Playing games,Listening to the music with headphones,B,user2
training_0059,HAU,HAU/user2/4-3-3,single,Which action is performed in this video?,Sitting down,Folding clothes,Combing hair,Peeling fruit,A,user2
training_0060,HAU,HAU/user2/5-1-1,single,Which action is performed in this video?,Standing up,Squats,Listening to the music with headphones,Checking the time,B,user2
training_0061,HAU,HAU/user2/5-1-2,single,Which action is performed in this video?,Combing hair,Washing face,Squats,Listening to the music with headphones,C,user2
training_0062,HAU,HAU/user2/5-1-3,single,Which action is performed in this video?,Reading,Checking the time,Running,Eating,C,user2
training_0063,HAU,HAU/user2/5-2-1,single,Which action is performed in this video?,Using a phone,Stretching,Eating,Standing up,C,user2
training_0064,HAU,HAU/user2/5-2-2,single,Which action is performed in this video?,Walking,Stretching,Lying down,Typing on a keyboard,A,user2
training_0065,HAU,HAU/user2/5-2-3,single,Which action is performed in this video?,Playing games,Peeling fruit,Calling,Jumping jacks,B,user2
training_0066,HAU,HAU/user2/6-1-1,single,Which action is performed in this video?,Sweeping,Lunges,Turning a page,Stretching,D,user2
training_0067,HAU,HAU/user2/6-1-2,single,Which action is performed in this video?,Turning a page,Pouring,Wiping surface,Lunges,B,user2
training_0068,HAU,HAU/user2/7-1-1,single,Which action is performed in this video?,Sweeping,Pouring,Taking medicine,Washing dishes,C,user2
training_0069,HAU,HAU/user2/7-1-2,single,Which action is performed in this video?,Wiping hands,Taking medicine,Using a phone,Lunges,B,user2
training_0070,HAU,HAU/user2/7-1-3,single,Which action is performed in this video?,Pouring,Wiping surface,Taking medicine,Watching TV,C,user2
training_0071,HAU,HAU/user2/7-2-1,single,Which action is performed in this video?,Undressing,Walking,Typing on a keyboard,Running,B,user2
training_0072,HAU,HAU/user2/7-2-2,single,Which action is performed in this video?,Running,Using a phone,Squats,Walking,D,user2
training_0073,HAU,HAU/user2/7-2-3,single,Which action is performed in this video?,Taking medicine,Walking,Turning a page,Squats,B,user2
training_0074,HAU,HAU/user2/7-3-1,single,Which action is performed in this video?,Wiping hands,Writing,Squats,Folding clothes,A,user2
training_0075,HAU,HAU/user2/7-3-2,single,Which action is performed in this video?,Turning a page,Reading,Listening to the music with headphones,Writing,C,user2
training_0076,HAU,HAU/user2/7-3-3,single,Which action is performed in this video?,Listening to the music with headphones,Washing dishes,Stirring,Watching TV,A,user2
training_0077,HAU,HAU/user3/1-1-1,single,Which action is performed in this video?,Walking,Lying down,Checking the time,Running,C,user3
training_0078,HAU,HAU/user3/1-1-2,single,Which action is performed in this video?,Checking body temperature,Massaging oneself,Brushing teeth,Checking the time,D,user3
training_0079,HAU,HAU/user3/1-1-3,single,Which action is performed in this video?,Walking,Reading,Checking the time,Using a phone,C,user3
training_0080,HAU,HAU/user3/1-2-1,single,Which action is performed in this video?,Checking the time,Washing face,Turning a page,Drinking,D,user3
training_0081,HAU,HAU/user3/1-2-2,single,Which action is performed in this video?,Walking,Squats,Checking body temperature,Reading,A,user3
training_0082,HAU,HAU/user3/1-2-3,single,Which action is performed in this video?,Combing hair,Sitting down,Washing face,Watching TV,A,user3
training_0083,HAU,HAU/user3/2-1-1,single,Which action is performed in this video?,Reading,Squats,Peeling fruit,Undressing,B,user3
training_0084,HAU,HAU/user3/2-1-2,single,Which action is performed in this video?,Drinking,Reading,Checking the time,Squats,D,user3
training_0085,HAU,HAU/user3/2-1-3,single,Which action is performed in this video?,Brushing teeth,Walking,Jumping jacks,Getting dressed,B,user3
training_0086,HAU,HAU/user3/2-2-1,single,Which action is performed in this video?,Walking,Wiping surface,Combing hair,Brushing teeth,A,user3
training_0087,HAU,HAU/user3/2-2-2,single,Which action is performed in this video?,Grabbing utensils,Eating,Taking medicine,Lying down,C,user3
training_0088,HAU,HAU/user3/2-2-3,single,Which action is performed in this video?,Eating,Massaging oneself,Calling,Stirring,B,user3
training_0089,HAU,HAU/user3/3-1-1,single,Which action is performed in this video?,Standing up,Peeling fruit,Calling,Lying down,B,user3
training_0090,HAU,HAU/user3/3-1-2,single,Which action is performed in this video?,Using a phone,Mopping,Washing dishes,Combing hair,C,user3
training_0091,HAU,HAU/user3/3-1-3,single,Which action is performed in this video?,Peeling fruit,Walking,Massaging oneself,Wiping hands,A,user3
training_0092,HAU,HAU/user3/3-2-1,single,Which action is performed in this video?,Squats,Stretching,Walking,Using a phone,C,user3
training_0093,HAU,HAU/user3/3-2-2,single,Which action is performed in this video?,Massaging oneself,Running,Checking the time,Writing,D,user3
training_0094,HAU,HAU/user3/3-2-3,single,Which action is performed in this video?,Checking the time,Getting dressed,Wiping surface,Calling,D,user3
training_0095,HAU,HAU/user3/4-1-1,single,Which action is performed in this video?,Drinking,Washing face,Folding clothes,Using a phone,A,user3
training_0096,HAU,HAU/user3/4-1-2,single,Which action is performed in this video?,Checking the time,Turning a page,Running,Washing dishes,B,user3
training_0097,HAU,HAU/user3/4-1-3,single,Which action is performed in this video?,Sweeping,Listening to the music with headphones,Eating,Washing face,C,user3
training_0098,HAU,HAU/user3/5-1-1,single,Which action is performed in this video?,Running,Taking medicine,Reading,Drinking,D,user3
training_0099,HAU,HAU/user3/5-1-2,single,Which action is performed in this video?,Checking the time,Lying down,Stirring,Reading,C,user3
training_0100,HAU,HAU/user3/5-1-3,single,Which action is performed in this video?,Massaging oneself,Drinking,Walking,Stretching,B,user3
training_0101,HAU,HAU/user3/5-2-1,single,Which action is performed in this video?,Washing dishes,Grabbing utensils,Mopping,Wiping surface,B,user3
training_0102,HAU,HAU/user3/5-2-2,single,Which action is performed in this video?,Eating,Watching TV,Undressing,Jumping jacks,A,user3
training_0103,HAU,HAU/user3/5-2-3,single,Which action is performed in this video?,Jumping jacks,Turning a page,Washing dishes,Using a phone,B,user3
training_0104,HAU,HAU/user3/6-1-1,single,Which action is performed in this video?,Sitting down,Drinking,Checking the time,Typing on a keyboard,B,user3
training_0105,HAU,HAU/user3/6-1-2,single,Which action is performed in this video?,Combing hair,Drinking,Playing games,Undressing,B,user3
training_0106,HAU,HAU/user3/6-1-3,single,Which action is performed in this video?,Washing face,Taking medicine,Playing games,Walking,D,user3
training_0107,HAU,HAU/user3/6-2-1,single,Which action is performed in this video?,Checking body temperature,Writing,Sweeping,Undressing,C,user3
training_0108,HAU,HAU/user3/6-2-2,single,Which action is performed in this video?,Wiping hands,Checking the time,Pouring,Undressing,B,user3
training_0109,HAU,HAU/user3/6-2-3,single,Which action is performed in this video?,Typing on a keyboard,Standing up,Jumping jacks,Eating,B,user3
training_0110,HAU,HAU/user3/7-1-1,single,Which action is performed in this video?,Running,Checking the time,Wiping surface,Standing up,D,user3
training_0111,HAU,HAU/user3/7-1-2,single,Which action is performed in this video?,Stretching,Sitting down,Lying down,Undressing,A,user3
training_0112,HAU,HAU/user3/7-1-3,single,Which action is performed in this video?,Stirring,Getting dressed,Listening to the music with headphones,Combing hair,A,user3
training_0113,HAU,HAU/user4/1-1-1,single,Which action is performed in this video?,Sitting down,Brushing teeth,Walking,Washing face,D,user4
training_0114,HAU,HAU/user4/1-1-2,single,Which action is performed in this video?,Drinking,Checking the time,Washing face,Lying down,C,user4
training_0115,HAU,HAU/user4/1-1-3,single,Which action is performed in this video?,Folding clothes,Pouring,Wiping hands,Running,C,user4
training_0116,HAU,HAU/user4/1-2-1,single,Which action is performed in this video?,Walking,Undressing,Folding clothes,Watching TV,A,user4
training_0117,HAU,HAU/user4/1-2-2,single,Which action is performed in this video?,Taking a selfie,Watching TV,Standing up,Peeling fruit,D,user4
training_0118,HAU,HAU/user4/1-2-3,single,Which action is performed in this video?,Jumping jacks,Grabbing utensils,Combing hair,Using a phone,B,user4
training_0119,HAU,HAU/user4/2-1-1,single,Which action is performed in this video?,Brushing teeth,Combing hair,Eating,Taking a selfie,C,user4
training_0120,HAU,HAU/user4/2-1-2,single,Which action is performed in this video?,Drinking,Checking body temperature,Jumping jacks,Typing on a keyboard,A,user4
training_0121,HAU,HAU/user4/2-1-3,single,Which action is performed in this video?,Listening to the music with headphones,Sweeping,Standing up,Using a phone,C,user4
training_0122,HAU,HAU/user4/2-2-1,single,Which action is performed in this video?,Listening to the music with headphones,Mopping,Checking the time,Jumping jacks,B,user4
training_0123,HAU,HAU/user4/2-2-2,single,Which action is performed in this video?,Turning a page,Writing,Eating,Sweeping,D,user4
training_0124,HAU,HAU/user4/2-2-3,single,Which action is performed in this video?,Lunges,Standing up,Mopping,Taking medicine,C,user4
training_0125,HAU,HAU/user4/3-2-1,single,Which action is performed in this video?,Undressing,Taking medicine,Jumping jacks,Sitting down,C,user4
training_0126,HAU,HAU/user4/3-2-2,single,Which action is performed in this video?,Taking medicine,Standing up,Eating,Sitting down,B,user4
training_0127,HAU,HAU/user4/3-2-3,single,Which action is performed in this video?,Calling,Washing face,Stirring,Stretching,D,user4
training_0128,HAU,HAU/user4/4-1-1,single,Which action is performed in this video?,Jumping jacks,Eating,Pouring,Typing on a keyboard,D,user4
training_0129,HAU,HAU/user4/4-1-2,single,Which action is performed in this video?,Squats,Lying down,Checking the time,Turning a page,D,user4
training_0130,HAU,HAU/user4/4-1-3,single,Which action is performed in this video?,Sweeping,Turning a page,Pouring,Lunges,B,user4
training_0131,HAU,HAU/user4/4-2-1,single,Which action is performed in this video?,Lunges,Playing games,Washing dishes,Washing face,C,user4
training_0132,HAU,HAU/user4/4-2-2,single,Which action is performed in this video?,Massaging oneself,Running,Folding clothes,Drinking,D,user4
training_0133,HAU,HAU/user4/4-2-3,single,Which action is performed in this video?,Drinking,Standing up,Listening to the music with headphones,Taking medicine,A,user4
training_0134,HAU,HAU/user4/5-1-1,single,Which action is performed in this video?,Checking the time,Standing up,Eating,Combing hair,C,user4
training_0135,HAU,HAU/user4/5-1-2,single,Which action is performed in this video?,Taking medicine,Wiping surface,Eating,Sitting down,C,user4
training_0136,HAU,HAU/user4/5-1-3,single,Which action is performed in this video?,Sweeping,Massaging oneself,Jumping jacks,Stirring,D,user4
training_0137,HAU,HAU/user4/5-2-1,single,Which action is performed in this video?,Stirring,Typing on a keyboard,Wiping hands,Squats,B,user4
training_0138,HAU,HAU/user4/5-2-2,single,Which action is performed in this video?,Running,Using a phone,Watching TV,Walking,D,user4
training_0139,HAU,HAU/user4/5-2-3,single,Which action is performed in this video?,Typing on a keyboard,Drinking,Taking a selfie,Calling,A,user4
training_0140,HAU,HAU/user4/6-1-1,single,Which action is performed in this video?,Lunges,Listening to the music with headphones,Stretching,Undressing,B,user4
training_0141,HAU,HAU/user4/6-1-2,single,Which action is performed in this video?,Washing face,Calling,Taking medicine,Wiping surface,B,user4
training_0142,HAU,HAU/user4/6-1-3,single,Which action is performed in this video?,Typing on a keyboard,Using a phone,Wiping hands,Checking the time,B,user4
training_0143,HAU,HAU/user4/7-1-1,single,Which action is performed in this video?,Folding clothes,Typing on a keyboard,Getting dressed,Peeling fruit,D,user4
training_0144,HAU,HAU/user4/7-1-2,single,Which action is performed in this video?,Wiping surface,Taking medicine,Checking the time,Running,B,user4
training_0145,HAU,HAU/user4/7-1-3,single,Which action is performed in this video?,Playing games,Peeling fruit,Washing face,Running,B,user4
training_0146,HAU,HAU/user4/7-2-1,single,Which action is performed in this video?,Playing games,Wiping surface,Using a phone,Eating,D,user4
training_0147,HAU,HAU/user4/7-2-2,single,Which action is performed in this video?,Sweeping,Squats,Wiping surface,Massaging oneself,D,user4
training_0148,HAU,HAU/user4/7-2-3,single,Which action is performed in this video?,Writing,Playing games,Sitting down,Typing on a keyboard,C,user4
training_0149,HAU,HAU/user5/1-1-1,single,Which action is performed in this video?,Washing face,Calling,Brushing teeth,Listening to the music with headphones,A,user5
training_0150,HAU,HAU/user5/1-1-2,single,Which action is performed in this video?,Playing games,Folding clothes,Combing hair,Washing dishes,C,user5
training_0151,HAU,HAU/user5/1-1-3,single,Which action is performed in this video?,Washing face,Reading,Sitting down,Wiping hands,A,user5
training_0152,HAU,HAU/user5/1-2-1,single,Which action is performed in this video?,Washing dishes,Getting dressed,Eating,Playing games,C,user5
training_0153,HAU,HAU/user5/1-2-2,single,Which action is performed in this video?,Pouring,Washing dishes,Writing,Sitting down,A,user5
training_0154,HAU,HAU/user5/1-2-3,single,Which action is performed in this video?,Listening to the music with headphones,Mopping,Playing games,Drinking,D,user5
training_0155,HAU,HAU/user5/2-1-1,single,Which action is performed in this video?,Getting dressed,Lying down,Stretching,Eating,D,user5
training_0156,HAU,HAU/user5/2-1-2,single,Which action is performed in this video?,Mopping,Taking medicine,Reading,Lying down,C,user5
training_0157,HAU,HAU/user5/2-1-3,single,Which action is performed in this video?,Checking the time,Sweeping,Lying down,Turning a page,D,user5
training_0158,HAU,HAU/user5/3-1-1,single,Which action is performed in this video?,Wiping surface,Wiping hands,Reading,Squats,C,user5
training_0159,HAU,HAU/user5/3-1-2,single,Which action is performed in this video?,Combing hair,Checking the time,Grabbing utensils,Standing up,D,user5
training_0160,HAU,HAU/user5/3-1-3,single,Which action is performed in this video?,Grabbing utensils,Listening to the music with headphones,Sweeping,Squats,C,user5
training_0161,HAU,HAU/user5/3-2-1,single,Which action is performed in this video?,Wiping surface,Stretching,Sweeping,Eating,D,user5
training_0162,HAU,HAU/user5/3-2-2,single,Which action is performed in this video?,Calling,Combing hair,Sitting down,Drinking,D,user5
training_0163,HAU,HAU/user5/3-2-3,single,Which action is performed in this video?,Drinking,Lunges,Sitting down,Sweeping,A,user5
training_0164,HAU,HAU/user5/4-1-1,single,Which action is performed in this video?,Typing on a keyboard,Eating,Getting dressed,Stretching,A,user5
training_0165,HAU,HAU/user5/4-1-2,single,Which action is performed in this video?,Typing on a keyboard,Grabbing utensils,Watching TV,Wiping surface,A,user5
training_0166,HAU,HAU/user5/4-1-3,single,Which action is performed in this video?,Calling,Mopping,Watching TV,Washing dishes,A,user5
training_0167,HAU,HAU/user5/4-2-1,single,Which action is performed in this video?,Pouring,Turning a page,Wiping surface,Washing dishes,A,user5
training_0168,HAU,HAU/user5/4-2-2,single,Which action is performed in this video?,Lunges,Walking,Washing face,Reading,B,user5
training_0169,HAU,HAU/user5/4-2-3,single,Which action is performed in this video?,Washing dishes,Pouring,Stretching,Undressing,B,user5
training_0170,HAU,HAU/user5/4-3-1,single,Which action is performed in this video?,Squats,Reading,Watching TV,Lying down,B,user5
training_0171,HAU,HAU/user5/4-3-2,single,Which action is performed in this video?,Running,Combing hair,Calling,Turning a page,D,user5
training_0172,HAU,HAU/user5/4-3-3,single,Which action is performed in this video?,Walking,Running,Listening to the music with headphones,Stretching,A,user5
training_0173,HAU,HAU/user5/5-1-1,single,Which action is performed in this video?,Pouring,Turning a page,Walking,Getting dressed,C,user5
training_0174,HAU,HAU/user5/5-1-2,single,Which action is performed in this video?,Checking body temperature,Wiping surface,Turning a page,Using a phone,B,user5
training_0175,HAU,HAU/user5/5-1-3,single,Which action is performed in this video?,Washing dishes,Eating,Checking body temperature,Walking,D,user5
training_0176,HAU,HAU/user5/5-2-1,single,Which action is performed in this video?,Standing up,Reading,Watching TV,Stretching,D,user5
training_0177,HAU,HAU/user5/5-2-2,single,Which action is performed in this video?,Stretching,Checking the time,Listening to the music with headphones,Folding clothes,A,user5
training_0178,HAU,HAU/user5/5-2-3,single,Which action is performed in this video?,Listening to the music with headphones,Walking,Getting dressed,Drinking,B,user5
training_0179,HAU,HAU/user5/6-1-1,single,Which action is performed in this video?,Using a phone,Eating,Turning a page,Lunges,D,user5
training_0180,HAU,HAU/user5/6-1-2,single,Which action is performed in this video?,Drinking,Lunges,Calling,Turning a page,B,user5
training_0181,HAU,HAU/user5/6-1-3,single,Which action is performed in this video?,Walking,Turning a page,Drinking,Massaging oneself,A,user5
training_0182,HAU,HAU/user5/6-2-1,single,Which action is performed in this video?,Taking a selfie,Brushing teeth,Peeling fruit,Jumping jacks,C,user5
training_0183,HAU,HAU/user5/6-2-2,single,Which action is performed in this video?,Washing face,Eating,Listening to the music with headphones,Lunges,B,user5
training_0184,HAU,HAU/user5/6-2-3,single,Which action is performed in this video?,Wiping surface,Getting dressed,Walking,Brushing teeth,C,user5
training_0185,HAU,HAU/user5/7-1-1,single,Which action is performed in this video?,Turning a page,Peeling fruit,Sitting down,Playing games,C,user5
training_0186,HAU,HAU/user5/7-1-2,single,Which action is performed in this video?,Combing hair,Drinking,Stirring,Wiping hands,A,user5
training_0187,HAU,HAU/user5/7-1-3,single,Which action is performed in this video?,Writing,Lying down,Lunges,Standing up,D,user5
training_0188,HAU,HAU/user5/7-2-1,single,Which action is performed in this video?,Mopping,Playing games,Checking the time,Washing dishes,A,user5
training_0189,HAU,HAU/user5/7-2-2,single,Which action is performed in this video?,Combing hair,Massaging oneself,Drinking,Using a phone,C,user5
training_0190,HAU,HAU/user5/7-2-3,single,Which action is performed in this video?,Checking the time,Walking,Using a phone,Wiping surface,B,user5
training_0191,HAU,HAU/user6/1-1-1,single,Which action is performed in this video?,Sitting down,Walking,Combing hair,Jumping jacks,B,user6
training_0192,HAU,HAU/user6/1-1-2,single,Which action is performed in this video?,Washing face,Squats,Folding clothes,Checking body temperature,A,user6
training_0193,HAU,HAU/user6/1-1-3,single,Which action is performed in this video?,Undressing,Sitting down,Wiping hands,Washing face,D,user6
training_0194,HAU,HAU/user6/1-2-1,single,Which action is performed in this video?,Stirring,Lying down,Stretching,Standing up,A,user6
training_0195,HAU,HAU/user6/1-2-2,single,Which action is performed in this video?,Peeling fruit,Folding clothes,Using a phone,Squats,A,user6
training_0196,HAU,HAU/user6/1-2-3,single,Which action is performed in this video?,Peeling fruit,Lying down,Stretching,Reading,A,user6
training_0197,HAU,HAU/user6/2-1-1,single,Which action is performed in this video?,Checking the time,Stirring,Folding clothes,Listening to the music with headphones,B,user6
training_0198,HAU,HAU/user6/2-1-2,single,Which action is performed in this video?,Writing,Checking body temperature,Stirring,Walking,C,user6
training_0199,HAU,HAU/user6/2-1-3,single,Which action is performed in this video?,Grabbing utensils,Turning a page,Sweeping,Wiping surface,A,user6
training_0200,HAU,HAU/user6/2-2-1,single,Which action is performed in this video?,Mopping,Stretching,Lying down,Wiping hands,D,user6
training_0201,HAU,HAU/user6/2-2-2,single,Which action is performed in this video?,Peeling fruit,Drinking,Sitting down,Combing hair,D,user6
training_0202,HAU,HAU/user6/2-2-3,single,Which action is performed in this video?,Combing hair,Playing games,Getting dressed,Massaging oneself,A,user6
training_0203,HAU,HAU/user6/2-3-1,single,Which action is performed in this video?,Undressing,Grabbing utensils,Combing hair,Sitting down,B,user6
training_0204,HAU,HAU/user6/2-3-2,single,Which action is performed in this video?,Running,Peeling fruit,Lying down,Massaging oneself,B,user6
training_0205,HAU,HAU/user6/2-3-3,single,Which action is performed in this video?,Wiping surface,Grabbing utensils,Massaging oneself,Taking medicine,B,user6
training_0206,HAU,HAU/user6/3-1-1,single,Which action is performed in this video?,Peeling fruit,Taking medicine,Squats,Getting dressed,C,user6
training_0207,HAU,HAU/user6/3-1-2,single,Which action is performed in this video?,Checking body temperature,Walking,Stirring,Watching TV,B,user6
training_0208,HAU,HAU/user6/3-1-3,single,Which action is performed in this video?,Walking,Undressing,Taking a selfie,Wiping hands,A,user6
training_0209,HAU,HAU/user6/3-2-1,single,Which action is performed in this video?,Folding clothes,Drinking,Walking,Taking a selfie,B,user6
training_0210,HAU,HAU/user6/3-2-2,single,Which action is performed in this video?,Drinking,Wiping surface,Standing up,Using a phone,A,user6
training_0211,HAU,HAU/user6/3-2-3,single,Which action is performed in this video?,Walking,Wiping surface,Getting dressed,Peeling fruit,D,user6
training_0212,HAU,HAU/user6/3-3-1,single,Which action is performed in this video?,Playing games,Peeling fruit,Walking,Checking the time,C,user6
training_0213,HAU,HAU/user6/3-3-2,single,Which action is performed in this video?,Pouring,Walking,Grabbing utensils,Washing dishes,B,user6
training_0214,HAU,HAU/user6/3-3-3,single,Which action is performed in this video?,Walking,Watching TV,Turning a page,Grabbing utensils,A,user6
training_0215,HAU,HAU/user6/4-1-1,single,Which action is performed in this video?,Getting dressed,Checking body temperature,Jumping jacks,Turning a page,D,user6
training_0216,HAU,HAU/user6/4-1-2,single,Which action is performed in this video?,Walking,Lying down,Eating,Standing up,D,user6
training_0217,HAU,HAU/user6/4-1-3,single,Which action is performed in this video?,Pouring,Taking a selfie,Eating,Sitting down,D,user6
training_0218,HAU,HAU/user6/5-1-1,single,Which action is performed in this video?,Writing,Playing games,Lying down,Listening to the music with headphones,D,user6
training_0219,HAU,HAU/user6/5-1-2,single,Which action is performed in this video?,Undressing,Folding clothes,Using a phone,Standing up,C,user6
training_0220,HAU,HAU/user6/5-1-3,single,Which action is performed in this video?,Using a phone,Writing,Getting dressed,Stirring,A,user6
training_0221,HAU,HAU/user6/5-2-1,single,Which action is performed in this video?,Peeling fruit,Checking the time,Getting dressed,Squats,A,user6
training_0222,HAU,HAU/user6/5-2-2,single,Which action is performed in this video?,Sitting down,Standing up,Walking,Massaging oneself,C,user6
training_0223,HAU,HAU/user6/5-2-3,single,Which action is performed in this video?,Peeling fruit,Brushing teeth,Using a phone,Checking the time,A,user6
training_0224,HAU,HAU/user6/5-3-1,single,Which action is performed in this video?,Brushing teeth,Wiping hands,Wiping surface,Checking the time,D,user6
training_0225,HAU,HAU/user6/5-3-2,single,Which action is performed in this video?,Turning a page,Reading,Checking the time,Stretching,C,user6
training_0226,HAU,HAU/user6/5-3-3,single,Which action is performed in this video?,Wiping hands,Taking medicine,Sweeping,Sitting down,D,user6
training_0227,HAU,HAU/user6/6-1-1,single,Which action is performed in this video?,Calling,Undressing,Jumping jacks,Eating,C,user6
training_0228,HAU,HAU/user6/6-1-2,single,Which action is performed in this video?,Stretching,Jumping jacks,Taking medicine,Eating,B,user6
training_0229,HAU,HAU/user6/6-1-3,single,Which action is performed in this video?,Lunges,Writing,Listening to the music with headphones,Pouring,A,user6
training_0230,HAU,HAU/user6/6-2-1,single,Which action is performed in this video?,Using a phone,Turning a page,Getting dressed,Walking,A,user6
training_0231,HAU,HAU/user6/6-2-2,single,Which action is performed in this video?,Taking medicine,Squats,Listening to the music with headphones,Watching TV,A,user6
training_0232,HAU,HAU/user6/6-2-3,single,Which action is performed in this video?,Reading,Sitting down,Checking body temperature,Calling,C,user6
training_0233,HAU,HAU/user6/7-1-1,single,Which action is performed in this video?,Massaging oneself,Turning a page,Wiping surface,Wiping hands,A,user6
training_0234,HAU,HAU/user6/7-1-2,single,Which action is performed in this video?,Turning a page,Combing hair,Sitting down,Squats,C,user6
training_0235,HAU,HAU/user6/7-1-3,single,Which action is performed in this video?,Massaging oneself,Peeling fruit,Grabbing utensils,Lying down,A,user6
training_0236,HAU,HAU/user6/7-2-1,single,Which action is performed in this video?,Combing hair,Pouring,Playing games,Writing,B,user6
training_0237,HAU,HAU/user6/7-2-2,single,Which action is performed in this video?,Lying down,Grabbing utensils,Checking body temperature,Running,B,user6
training_0238,HAU,HAU/user6/7-2-3,single,Which action is performed in this video?,Grabbing utensils,Undressing,Walking,Listening to the music with headphones,A,user6
training_0239,HAU,HAU/user6/7-3-1,single,Which action is performed in this video?,Reading,Stretching,Lunges,Listening to the music with headphones,A,user6
training_0240,HAU,HAU/user6/7-3-2,single,Which action is performed in this video?,Reading,Checking body temperature,Typing on a keyboard,Using a phone,A,user6
training_0241,HAU,HAU/user6/7-3-3,single,Which action is performed in this video?,Walking,Standing up,Peeling fruit,Massaging oneself,A,user6
training_0242,HAU,HAU/user7/1-1-1,single,Which action is performed in this video?,Playing games,Turning a page,Taking a selfie,Brushing teeth,D,user7
training_0243,HAU,HAU/user7/1-1-2,single,Which action is performed in this video?,Standing up,Using a phone,Wiping hands,Drinking,C,user7
training_0244,HAU,HAU/user7/1-1-3,single,Which action is performed in this video?,Grabbing utensils,Eating,Combing hair,Lunges,C,user7
training_0245,HAU,HAU/user7/1-2-1,single,Which action is performed in this video?,Checking body temperature,Lunges,Wiping hands,Walking,D,user7
training_0246,HAU,HAU/user7/1-2-2,single,Which action is performed in this video?,Mopping,Sitting down,Squats,Lying down,B,user7
training_0247,HAU,HAU/user7/1-2-3,single,Which action is performed in this video?,Lunges,Standing up,Wiping hands,Walking,D,user7
training_0248,HAU,HAU/user7/2-1-1,single,Which action is performed in this video?,Wiping hands,Pouring,Washing dishes,Massaging oneself,B,user7
training_0249,HAU,HAU/user7/2-1-2,single,Which action is performed in this video?,Reading,Stirring,Mopping,Taking a selfie,B,user7
training_0250,HAU,HAU/user7/2-1-3,single,Which action is performed in this video?,Massaging oneself,Pouring,Sitting down,Mopping,B,user7
training_0251,HAU,HAU/user7/2-2-1,single,Which action is performed in this video?,Folding clothes,Lunges,Using a phone,Lying down,D,user7
training_0252,HAU,HAU/user7/2-2-2,single,Which action is performed in this video?,Taking medicine,Lying down,Reading,Combing hair,B,user7
training_0253,HAU,HAU/user7/2-2-3,single,Which action is performed in this video?,Squats,Walking,Stirring,Taking medicine,C,user7
training_0254,HAU,HAU/user7/3-1-1,single,Which action is performed in this video?,Checking body temperature,Sweeping,Massaging oneself,Checking the time,B,user7
training_0255,HAU,HAU/user7/3-1-2,single,Which action is performed in this video?,Running,Eating,Squats,Folding clothes,A,user7
training_0256,HAU,HAU/user7/3-1-3,single,Which action is performed in this video?,Stretching,Brushing teeth,Watching TV,Massaging oneself,A,user7
training_0257,HAU,HAU/user7/3-2-1,single,Which action is performed in this video?,Wiping hands,Using a phone,Stretching,Walking,D,user7
training_0258,HAU,HAU/user7/3-2-2,single,Which action is performed in this video?,Eating,Listening to the music with headphones,Wiping surface,Wiping hands,A,user7
training_0259,HAU,HAU/user7/3-2-3,single,Which action is performed in this video?,Writing,Squats,Grabbing utensils,Wiping surface,C,user7
training_0260,HAU,HAU/user7/3-3-1,single,Which action is performed in this video?,Stirring,Reading,Wiping surface,Washing dishes,C,user7
training_0262,HAU,HAU/user7/3-3-3,single,Which action is performed in this video?,Massaging oneself,Walking,Jumping jacks,Stirring,B,user7
training_0263,HAU,HAU/user7/4-1-1,single,Which action is performed in this video?,Running,Massaging oneself,Taking medicine,Brushing teeth,C,user7
training_0264,HAU,HAU/user7/4-1-2,single,Which action is performed in this video?,Watching TV,Grabbing utensils,Drinking,Taking medicine,D,user7
training_0265,HAU,HAU/user7/4-1-3,single,Which action is performed in this video?,Standing up,Watching TV,Calling,Pouring,A,user7
training_0266,HAU,HAU/user7/5-1-1,single,Which action is performed in this video?,Getting dressed,Lying down,Undressing,Checking the time,C,user7
training_0267,HAU,HAU/user7/5-1-2,single,Which action is performed in this video?,Lying down,Standing up,Undressing,Washing dishes,C,user7
training_0268,HAU,HAU/user7/5-1-3,single,Which action is performed in this video?,Listening to the music with headphones,Reading,Undressing,Taking a selfie,C,user7
training_0269,HAU,HAU/user7/5-2-1,single,Which action is performed in this video?,Stirring,Reading,Running,Mopping,A,user7
training_0270,HAU,HAU/user7/5-2-2,single,Which action is performed in this video?,Sweeping,Undressing,Playing games,Pouring,D,user7
training_0271,HAU,HAU/user7/5-2-3,single,Which action is performed in this video?,Folding clothes,Writing,Pouring,Using a phone,C,user7
training_0272,HAU,HAU/user7/5-3-1,single,Which action is performed in this video?,Eating,Brushing teeth,Massaging oneself,Watching TV,A,user7
training_0273,HAU,HAU/user7/5-3-2,single,Which action is performed in this video?,Sitting down,Undressing,Lunges,Calling,A,user7
training_0274,HAU,HAU/user7/5-3-3,single,Which action is performed in this video?,Sweeping,Washing face,Playing games,Eating,D,user7
training_0275,HAU,HAU/user7/6-1-1,single,Which action is performed in this video?,Using a phone,Combing hair,Lunges,Getting dressed,D,user7
training_0276,HAU,HAU/user7/6-1-2,single,Which action is performed in this video?,Massaging oneself,Reading,Drinking,Getting dressed,D,user7
training_0277,HAU,HAU/user7/6-1-3,single,Which action is performed in this video?,Pouring,Grabbing utensils,Stirring,Getting dressed,D,user7
training_0278,HAU,HAU/user7/6-2-1,single,Which action is performed in this video?,Sweeping,Pouring,Massaging oneself,Listening to the music with headphones,D,user7
training_0279,HAU,HAU/user7/6-2-2,single,Which action is performed in this video?,Combing hair,Grabbing utensils,Reading,Listening to the music with headphones,D,user7
training_0280,HAU,HAU/user7/6-2-3,single,Which action is performed in this video?,Massaging oneself,Stretching,Listening to the music with headphones,Grabbing utensils,C,user7
training_0281,HAU,HAU/user7/6-3-1,single,Which action is performed in this video?,Lunges,Turning a page,Playing games,Sitting down,D,user7
training_0283,HAU,HAU/user7/6-3-3,single,Which action is performed in this video?,Walking,Folding clothes,Washing dishes,Squats,A,user7
training_0284,HAU,HAU/user7/7-1-1,single,Which action is performed in this video?,Checking body temperature,Pouring,Squats,Playing games,A,user7
training_0285,HAU,HAU/user7/7-1-2,single,Which action is performed in this video?,Checking the time,Lunges,Brushing teeth,Checking body temperature,D,user7
training_0286,HAU,HAU/user7/7-1-3,single,Which action is performed in this video?,Using a phone,Mopping,Jumping jacks,Listening to the music with headphones,D,user7
training_0287,HAU,HAU/user7/7-2-1,single,Which action is performed in this video?,Wiping surface,Checking the time,Listening to the music with headphones,Eating,D,user7
training_0288,HAU,HAU/user7/7-2-2,single,Which action is performed in this video?,Writing,Running,Wiping hands,Walking,C,user7
training_0289,HAU,HAU/user7/7-2-3,single,Which action is performed in this video?,Taking medicine,Calling,Eating,Turning a page,C,user7
training_0290,HAU,HAU/user8/1-1-1,single,Which action is performed in this video?,Reading,Wiping surface,Checking the time,Brushing teeth,D,user8
training_0291,HAU,HAU/user8/1-1-2,single,Which action is performed in this video?,Wiping hands,Calling,Checking the time,Taking medicine,A,user8
training_0292,HAU,HAU/user8/1-1-3,single,Which action is performed in this video?,Checking the time,Wiping hands,Peeling fruit,Playing games,B,user8
training_0293,HAU,HAU/user8/1-2-1,single,Which action is performed in this video?,Taking medicine,Listening to the music with headphones,Squats,Folding clothes,B,user8
training_0294,HAU,HAU/user8/1-2-2,single,Which action is performed in this video?,Taking a selfie,Drinking,Typing on a keyboard,Grabbing utensils,A,user8
training_0295,HAU,HAU/user8/1-2-3,single,Which action is performed in this video?,Washing dishes,Drinking,Undressing,Calling,D,user8
training_0296,HAU,HAU/user8/2-1-1,single,Which action is performed in this video?,Grabbing utensils,Washing face,Stirring,Folding clothes,D,user8
training_0297,HAU,HAU/user8/2-1-2,single,Which action is performed in this video?,Reading,Sweeping,Listening to the music with headphones,Taking a selfie,C,user8
training_0298,HAU,HAU/user8/2-1-3,single,Which action is performed in this video?,Combing hair,Washing dishes,Folding clothes,Massaging oneself,C,user8
training_0299,HAU,HAU/user8/2-2-1,single,Which action is performed in this video?,Stretching,Walking,Using a phone,Peeling fruit,B,user8
training_0300,HAU,HAU/user8/2-2-2,single,Which action is performed in this video?,Checking body temperature,Wiping surface,Drinking,Turning a page,B,user8
training_0301,HAU,HAU/user8/2-2-3,single,Which action is performed in this video?,Writing,Walking,Jumping jacks,Lying down,B,user8
training_0302,HAU,HAU/user8/3-1-1,single,Which action is performed in this video?,Sweeping,Writing,Peeling fruit,Lying down,A,user8
training_0303,HAU,HAU/user8/3-1-2,single,Which action is performed in this video?,Checking body temperature,Peeling fruit,Washing dishes,Mopping,D,user8
training_0304,HAU,HAU/user8/3-1-3,single,Which action is performed in this video?,Listening to the music with headphones,Peeling fruit,Sweeping,Drinking,C,user8
training_0305,HAU,HAU/user8/3-2-1,single,Which action is performed in this video?,Washing face,Lying down,Washing dishes,Taking a selfie,C,user8
training_0306,HAU,HAU/user8/3-2-2,single,Which action is performed in this video?,Washing face,Using a phone,Pouring,Taking a selfie,C,user8
training_0307,HAU,HAU/user8/3-2-3,single,Which action is performed in this video?,Mopping,Using a phone,Washing dishes,Running,C,user8
training_0308,HAU,HAU/user8/3-3-1,single,Which action is performed in this video?,Washing dishes,Walking,Calling,Playing games,B,user8
training_0309,HAU,HAU/user8/3-3-2,single,Which action is performed in this video?,Playing games,Lying down,Listening to the music with headphones,Walking,D,user8
training_0310,HAU,HAU/user8/3-3-3,single,Which action is performed in this video?,Squats,Walking,Getting dressed,Sitting down,B,user8
training_0311,HAU,HAU/user8/4-1-1,single,Which action is performed in this video?,Checking body temperature,Pouring,Sitting down,Sweeping,C,user8
training_0312,HAU,HAU/user8/4-1-2,single,Which action is performed in this video?,Getting dressed,Taking medicine,Mopping,Sitting down,D,user8
training_0313,HAU,HAU/user8/4-1-3,single,Which action is performed in this video?,Listening to the music with headphones,Standing up,Squats,Checking body temperature,A,user8
training_0314,HAU,HAU/user8/4-2-1,single,Which action is performed in this video?,Standing up,Stirring,Turning a page,Brushing teeth,B,user8
training_0315,HAU,HAU/user8/4-2-2,single,Which action is performed in this video?,Jumping jacks,Walking,Lunges,Combing hair,B,user8
training_0316,HAU,HAU/user8/4-2-3,single,Which action is performed in this video?,Combing hair,Playing games,Taking medicine,Walking,D,user8
training_0317,HAU,HAU/user8/5-1-1,single,Which action is performed in this video?,Lying down,Listening to the music with headphones,Using a phone,Lunges,D,user8
training_0318,HAU,HAU/user8/5-1-2,single,Which action is performed in this video?,Grabbing utensils,Running,Eating,Watching TV,B,user8
training_0319,HAU,HAU/user8/5-1-3,single,Which action is performed in this video?,Checking the time,Washing face,Washing dishes,Grabbing utensils,A,user8
training_0320,HAU,HAU/user8/6-1-1,single,Which action is performed in this video?,Checking body temperature,Folding clothes,Squats,Using a phone,C,user8
training_0321,HAU,HAU/user8/6-1-2,single,Which action is performed in this video?,Getting dressed,Washing dishes,Pouring,Calling,A,user8
training_0322,HAU,HAU/user8/6-1-3,single,Which action is performed in this video?,Wiping surface,Undressing,Drinking,Typing on a keyboard,B,user8
training_0323,HAU,HAU/user8/6-2-1,single,Which action is performed in this video?,Running,Taking medicine,Standing up,Lying down,C,user8
training_0324,HAU,HAU/user8/6-2-2,single,Which action is performed in this video?,Turning a page,Lunges,Watching TV,Mopping,A,user8
training_0325,HAU,HAU/user8/6-2-3,single,Which action is performed in this video?,Wiping surface,Mopping,Stretching,Checking body temperature,C,user8
training_0326,HAU,HAU/user8/7-1-1,single,Which action is performed in this video?,Wiping surface,Stirring,Undressing,Jumping jacks,C,user8
training_0327,HAU,HAU/user8/7-1-2,single,Which action is performed in this video?,Eating,Wiping hands,Running,Taking a selfie,B,user8
training_0328,HAU,HAU/user8/7-1-3,single,Which action is performed in this video?,Reading,Eating,Typing on a keyboard,Massaging oneself,D,user8
training_0329,HAU,HAU/user8/7-2-1,single,Which action is performed in this video?,Watching TV,Wiping surface,Standing up,Peeling fruit,D,user8
training_0330,HAU,HAU/user8/7-2-2,single,Which action is performed in this video?,Wiping surface,Watching TV,Checking the time,Stirring,D,user8
training_0331,HAU,HAU/user8/7-2-3,single,Which action is performed in this video?,Peeling fruit,Sitting down,Washing dishes,Reading,A,user8
training_0332,HAU,HAU/user9/1-1-1,single,Which action is performed in this video?,Pouring,Brushing teeth,Standing up,Listening to the music with headphones,B,user9
training_0333,HAU,HAU/user9/1-1-2,single,Which action is performed in this video?,Folding clothes,Drinking,Getting dressed,Grabbing utensils,C,user9
training_0334,HAU,HAU/user9/1-1-3,single,Which action is performed in this video?,Combing hair,Taking a selfie,Typing on a keyboard,Washing face,A,user9
training_0335,HAU,HAU/user9/1-2-1,single,Which action is performed in this video?,Wiping surface,Listening to the music with headphones,Lunges,Mopping,B,user9
training_0336,HAU,HAU/user9/1-2-2,single,Which action is performed in this video?,Using a phone,Typing on a keyboard,Jumping jacks,Massaging oneself,B,user9
training_0337,HAU,HAU/user9/1-2-3,single,Which action is performed in this video?,Typing on a keyboard,Running,Jumping jacks,Taking medicine,A,user9
training_0338,HAU,HAU/user9/2-1-1,single,Which action is performed in this video?,Lunges,Using a phone,Calling,Pouring,D,user9
training_0339,HAU,HAU/user9/2-1-2,single,Which action is performed in this video?,Turning a page,Wiping surface,Brushing teeth,Stirring,D,user9
training_0340,HAU,HAU/user9/2-1-3,single,Which action is performed in this video?,Listening to the music with headphones,Sitting down,Grabbing utensils,Checking the time,C,user9
training_0341,HAU,HAU/user9/2-2-1,single,Which action is performed in this video?,Sitting down,Squats,Standing up,Stirring,B,user9
training_0342,HAU,HAU/user9/2-2-2,single,Which action is performed in this video?,Standing up,Jumping jacks,Peeling fruit,Taking medicine,B,user9
training_0343,HAU,HAU/user9/2-2-3,single,Which action is performed in this video?,Walking,Undressing,Using a phone,Washing face,A,user9
training_0344,HAU,HAU/user9/2-3-1,single,Which action is performed in this video?,Calling,Wiping surface,Washing face,Walking,D,user9
training_0345,HAU,HAU/user9/2-3-2,single,Which action is performed in this video?,Brushing teeth,Washing face,Checking body temperature,Peeling fruit,D,user9
training_0346,HAU,HAU/user9/2-3-3,single,Which action is performed in this video?,Brushing teeth,Massaging oneself,Playing games,Peeling fruit,D,user9
training_0347,HAU,HAU/user9/3-1-1,single,Which action is performed in this video?,Squats,Playing games,Folding clothes,Stirring,B,user9
training_0348,HAU,HAU/user9/3-1-2,single,Which action is performed in this video?,Writing,Undressing,Listening to the music with headphones,Drinking,B,user9
training_0349,HAU,HAU/user9/3-1-3,single,Which action is performed in this video?,Drinking,Checking the time,Playing games,Wiping surface,C,user9
training_0350,HAU,HAU/user9/3-2-1,single,Which action is performed in this video?,Taking medicine,Drinking,Undressing,Lying down,B,user9
training_0351,HAU,HAU/user9/3-2-2,single,Which action is performed in this video?,Jumping jacks,Walking,Listening to the music with headphones,Checking body temperature,B,user9
training_0352,HAU,HAU/user9/3-2-3,single,Which action is performed in this video?,Taking a selfie,Taking medicine,Pouring,Calling,C,user9
training_0353,HAU,HAU/user9/3-3-1,single,Which action is performed in this video?,Peeling fruit,Turning a page,Lying down,Combing hair,C,user9
training_0354,HAU,HAU/user9/3-3-2,single,Which action is performed in this video?,Mopping,Lunges,Reading,Wiping hands,A,user9
training_0355,HAU,HAU/user9/3-3-3,single,Which action is performed in this video?,Lying down,Taking a selfie,Grabbing utensils,Using a phone,A,user9
training_0356,HAU,HAU/user9/4-1-1,single,Which action is performed in this video?,Checking the time,Washing dishes,Standing up,Drinking,A,user9
training_0357,HAU,HAU/user9/4-1-2,single,Which action is performed in this video?,Stretching,Calling,Brushing teeth,Typing on a keyboard,D,user9
training_0358,HAU,HAU/user9/4-1-3,single,Which action is performed in this video?,Peeling fruit,Standing up,Lunges,Reading,D,user9
training_0359,HAU,HAU/user9/4-2-1,single,Which action is performed in this video?,Typing on a keyboard,Wiping hands,Walking,Getting dressed,C,user9
training_0360,HAU,HAU/user9/4-2-2,single,Which action is performed in this video?,Checking the time,Taking a selfie,Stretching,Playing games,C,user9
training_0361,HAU,HAU/user9/4-2-3,single,Which action is performed in this video?,Taking a selfie,Typing on a keyboard,Squats,Lunges,C,user9
training_0362,HAU,HAU/user9/4-3-1,single,Which action is performed in this video?,Lying down,Checking body temperature,Running,Walking,D,user9
training_0363,HAU,HAU/user9/4-3-2,single,Which action is performed in this video?,Walking,Playing games,Checking body temperature,Getting dressed,A,user9
training_0364,HAU,HAU/user9/4-3-3,single,Which action is performed in this video?,Typing on a keyboard,Lunges,Getting dressed,Using a phone,A,user9
training_0365,HAU,HAU/user9/5-1-1,single,Which action is performed in this video?,Watching TV,Standing up,Stirring,Grabbing utensils,B,user9
training_0366,HAU,HAU/user9/5-1-2,single,Which action is performed in this video?,Pouring,Stirring,Wiping hands,Listening to the music with headphones,D,user9
training_0367,HAU,HAU/user9/5-1-3,single,Which action is performed in this video?,Listening to the music with headphones,Wiping hands,Stretching,Taking a selfie,A,user9
training_0368,HAU,HAU/user9/5-2-1,single,Which action is performed in this video?,Peeling fruit,Mopping,Running,Wiping surface,A,user9
training_0369,HAU,HAU/user9/5-2-2,single,Which action is performed in this video?,Wiping hands,Lying down,Eating,Squats,A,user9
training_0370,HAU,HAU/user9/5-2-3,single,Which action is performed in this video?,Wiping hands,Calling,Listening to the music with headphones,Taking medicine,A,user9
training_0371,HAU,HAU/user9/5-3-1,single,Which action is performed in this video?,Writing,Checking the time,Running,Wiping surface,B,user9
training_0372,HAU,HAU/user9/5-3-2,single,Which action is performed in this video?,Sitting down,Watching TV,Sweeping,Eating,A,user9
training_0373,HAU,HAU/user9/5-3-3,single,Which action is performed in this video?,Mopping,Stretching,Playing games,Standing up,C,user9
training_0374,HAU,HAU/user9/6-1-1,single,Which action is performed in this video?,Playing games,Taking medicine,Checking the time,Grabbing utensils,C,user9
training_0375,HAU,HAU/user9/6-1-2,single,Which action is performed in this video?,Lunges,Wiping hands,Jumping jacks,Checking the time,D,user9
training_0376,HAU,HAU/user9/6-1-3,single,Which action is performed in this video?,Standing up,Checking body temperature,Reading,Combing hair,C,user9
training_0377,HAU,HAU/user9/6-2-1,single,Which action is performed in this video?,Taking medicine,Turning a page,Stirring,Wiping surface,A,user9
training_0378,HAU,HAU/user9/6-2-2,single,Which action is performed in this video?,Washing face,Lying down,Drinking,Lunges,B,user9
training_0379,HAU,HAU/user9/6-2-3,single,Which action is performed in this video?,Running,Taking a selfie,Washing dishes,Sitting down,B,user9
training_0380,HAU,HAU/user9/7-1-1,single,Which action is performed in this video?,Turning a page,Massaging oneself,Pouring,Standing up,B,user9
training_0381,HAU,HAU/user9/7-1-2,single,Which action is performed in this video?,Using a phone,Eating,Checking body temperature,Getting dressed,C,user9
training_0382,HAU,HAU/user9/7-1-3,single,Which action is performed in this video?,Lunges,Stretching,Mopping,Checking body temperature,D,user9
training_0383,HAU,HAU/user9/7-2-1,single,Which action is performed in this video?,Standing up,Taking a selfie,Stretching,Sweeping,D,user9
training_0384,HAU,HAU/user9/7-2-2,single,Which action is performed in this video?,Standing up,Squats,Eating,Brushing teeth,C,user9
training_0385,HAU,HAU/user9/7-2-3,single,Which action is performed in this video?,Sweeping,Lying down,Getting dressed,Squats,A,user9
training_0386,HAU,HAU/user16/1-1-1,single,Which action is performed in this video?,Drinking,Folding clothes,Brushing teeth,Using a phone,C,user16
training_0387,HAU,HAU/user16/1-1-2,single,Which action is performed in this video?,Brushing teeth,Taking medicine,Running,Combing hair,A,user16
training_0388,HAU,HAU/user16/1-1-3,single,Which action is performed in this video?,Listening to the music with headphones,Drinking,Walking,Taking a selfie,C,user16
training_0389,HAU,HAU/user16/1-2-1,single,Which action is performed in this video?,Typing on a keyboard,Calling,Pouring,Taking a selfie,C,user16
training_0390,HAU,HAU/user16/1-2-2,single,Which action is performed in this video?,Eating,Calling,Reading,Turning a page,A,user16
training_0391,HAU,HAU/user16/1-2-3,single,Which action is performed in this video?,Sweeping,Wiping surface,Stirring,Walking,C,user16
training_0392,HAU,HAU/user16/2-1-1,single,Which action is performed in this video?,Washing face,Combing hair,Stirring,Running,C,user16
training_0393,HAU,HAU/user16/2-1-2,single,Which action is performed in this video?,Pouring,Taking a selfie,Taking medicine,Typing on a keyboard,A,user16
training_0394,HAU,HAU/user16/2-1-3,single,Which action is performed in this video?,Massaging oneself,Washing dishes,Undressing,Stirring,D,user16
training_0395,HAU,HAU/user16/2-2-1,single,Which action is performed in this video?,Combing hair,Mopping,Lying down,Listening to the music with headphones,A,user16
training_0396,HAU,HAU/user16/2-2-2,single,Which action is performed in this video?,Combing hair,Using a phone,Wiping surface,Washing face,A,user16
training_0397,HAU,HAU/user16/2-2-3,single,Which action is performed in this video?,Mopping,Writing,Combing hair,Taking medicine,C,user16
training_0398,HAU,HAU/user16/2-3-1,single,Which action is performed in this video?,Typing on a keyboard,Listening to the music with headphones,Sitting down,Peeling fruit,D,user16
training_0399,HAU,HAU/user16/2-3-2,single,Which action is performed in this video?,Standing up,Taking a selfie,Sitting down,Grabbing utensils,D,user16
training_0400,HAU,HAU/user16/2-3-3,single,Which action is performed in this video?,Checking the time,Peeling fruit,Taking a selfie,Sweeping,B,user16
training_0401,HAU,HAU/user16/3-1-1,single,Which action is performed in this video?,Jumping jacks,Pouring,Walking,Washing dishes,C,user16
training_0402,HAU,HAU/user16/3-1-2,single,Which action is performed in this video?,Grabbing utensils,Walking,Checking body temperature,Massaging oneself,B,user16
training_0403,HAU,HAU/user16/3-1-3,single,Which action is performed in this video?,Squats,Drinking,Undressing,Listening to the music with headphones,A,user16
training_0404,HAU,HAU/user16/3-2-1,single,Which action is performed in this video?,Taking medicine,Drinking,Sweeping,Squats,B,user16
training_0405,HAU,HAU/user16/3-2-2,single,Which action is performed in this video?,Brushing teeth,Lunges,Taking a selfie,Drinking,D,user16
training_0406,HAU,HAU/user16/3-2-3,single,Which action is performed in this video?,Calling,Peeling fruit,Writing,Watching TV,B,user16
training_0407,HAU,HAU/user16/3-3-1,single,Which action is performed in this video?,Watching TV,Getting dressed,Calling,Wiping surface,D,user16
training_0408,HAU,HAU/user16/3-3-2,single,Which action is performed in this video?,Listening to the music with headphones,Checking body temperature,Turning a page,Walking,D,user16
training_0409,HAU,HAU/user16/3-3-3,single,Which action is performed in this video?,Turning a page,Washing dishes,Walking,Reading,C,user16
training_0410,HAU,HAU/user16/4-1-1,single,Which action is performed in this video?,Watching TV,Calling,Taking medicine,Sweeping,B,user16
training_0411,HAU,HAU/user16/4-1-2,single,Which action is performed in this video?,Turning a page,Mopping,Folding clothes,Washing dishes,A,user16
training_0412,HAU,HAU/user16/4-1-3,single,Which action is performed in this video?,Eating,Lying down,Checking the time,Walking,C,user16
training_0413,HAU,HAU/user16/5-1-1,single,Which action is performed in this video?,Drinking,Watching TV,Sitting down,Stirring,C,user16
training_0414,HAU,HAU/user16/5-1-2,single,Which action is performed in this video?,Watching TV,Brushing teeth,Listening to the music with headphones,Undressing,C,user16
training_0415,HAU,HAU/user16/5-1-3,single,Which action is performed in this video?,Getting dressed,Listening to the music with headphones,Pouring,Playing games,B,user16
training_0416,HAU,HAU/user16/5-2-1,single,Which action is performed in this video?,Eating,Playing games,Washing dishes,Squats,A,user16
training_0417,HAU,HAU/user16/5-2-2,single,Which action is performed in this video?,Combing hair,Using a phone,Lunges,Walking,D,user16
training_0418,HAU,HAU/user16/5-2-3,single,Which action is performed in this video?,Squats,Washing dishes,Typing on a keyboard,Eating,D,user16
training_0419,HAU,HAU/user16/5-3-1,single,Which action is performed in this video?,Drinking,Lunges,Watching TV,Wiping surface,A,user16
training_0420,HAU,HAU/user16/5-3-2,single,Which action is performed in this video?,Combing hair,Checking the time,Reading,Wiping surface,B,user16
training_0421,HAU,HAU/user16/5-3-3,single,Which action is performed in this video?,Wiping surface,Taking a selfie,Lying down,Washing face,C,user16
training_0422,HAU,HAU/user16/6-1-1,single,Which action is performed in this video?,Squats,Checking body temperature,Washing face,Lunges,D,user16
training_0423,HAU,HAU/user16/6-1-2,single,Which action is performed in this video?,Lunges,Washing dishes,Writing,Washing face,A,user16
training_0424,HAU,HAU/user16/6-1-3,single,Which action is performed in this video?,Stirring,Watching TV,Wiping surface,Lunges,D,user16
training_0425,HAU,HAU/user16/6-2-1,single,Which action is performed in this video?,Combing hair,Sweeping,Sitting down,Turning a page,B,user16
training_0426,HAU,HAU/user16/6-2-2,single,Which action is performed in this video?,Sweeping,Sitting down,Stretching,Listening to the music with headphones,A,user16
training_0427,HAU,HAU/user16/6-2-3,single,Which action is performed in this video?,Taking medicine,Wiping hands,Typing on a keyboard,Getting dressed,A,user16
training_0428,HAU,HAU/user16/7-1-1,single,Which action is performed in this video?,Standing up,Massaging oneself,Typing on a keyboard,Sweeping,B,user16
training_0429,HAU,HAU/user16/7-1-2,single,Which action is performed in this video?,Sitting down,Peeling fruit,Brushing teeth,Squats,A,user16
training_0430,HAU,HAU/user16/7-1-3,single,Which action is performed in this video?,Washing face,Washing dishes,Sitting down,Walking,C,user16
training_0431,HAU,HAU/user16/7-2-1,single,Which action is performed in this video?,Calling,Eating,Listening to the music with headphones,Standing up,B,user16
training_0432,HAU,HAU/user16/7-2-2,single,Which action is performed in this video?,Getting dressed,Eating,Combing hair,Listening to the music with headphones,B,user16
training_0433,HAU,HAU/user16/7-2-3,single,Which action is performed in this video?,Wiping hands,Typing on a keyboard,Eating,Running,C,user16
training_0434,HAU,HAU/user16/7-3-1,single,Which action is performed in this video?,Wiping surface,Listening to the music with headphones,Eating,Walking,D,user16
training_0435,HAU,HAU/user16/7-3-2,single,Which action is performed in this video?,Jumping jacks,Checking body temperature,Checking the time,Drinking,C,user16
training_0436,HAU,HAU/user16/7-3-3,single,Which action is performed in this video?,Sitting down,Combing hair,Stirring,Taking a selfie,A,user16
training_0437,HAU,HAU/user17/1-1-1,single,Which action is performed in this video?,Combing hair,Eating,Folding clothes,Listening to the music with headphones,A,user17
training_0438,HAU,HAU/user17/1-1-2,single,Which action is performed in this video?,Washing face,Playing games,Getting dressed,Washing dishes,C,user17
training_0439,HAU,HAU/user17/1-1-3,single,Which action is performed in this video?,Washing face,Calling,Drinking,Getting dressed,D,user17
training_0440,HAU,HAU/user17/1-2-1,single,Which action is performed in this video?,Mopping,Squats,Checking the time,Combing hair,C,user17
training_0441,HAU,HAU/user17/1-2-2,single,Which action is performed in this video?,Brushing teeth,Checking the time,Lying down,Squats,B,user17
training_0442,HAU,HAU/user17/1-2-3,single,Which action is performed in this video?,Wiping hands,Turning a page,Sitting down,Mopping,C,user17
training_0443,HAU,HAU/user17/2-1-1,single,Which action is performed in this video?,Brushing teeth,Writing,Pouring,Sitting down,C,user17
training_0444,HAU,HAU/user17/2-1-2,single,Which action is performed in this video?,Combing hair,Taking medicine,Pouring,Jumping jacks,C,user17
training_0445,HAU,HAU/user17/2-1-3,single,Which action is performed in this video?,Using a phone,Typing on a keyboard,Drinking,Grabbing utensils,D,user17
training_0446,HAU,HAU/user17/2-2-1,single,Which action is performed in this video?,Taking a selfie,Stirring,Wiping hands,Reading,B,user17
training_0447,HAU,HAU/user17/2-2-2,single,Which action is performed in this video?,Stretching,Washing face,Listening to the music with headphones,Wiping surface,D,user17
training_0448,HAU,HAU/user17/2-2-3,single,Which action is performed in this video?,Writing,Using a phone,Stirring,Taking medicine,C,user17
training_0449,HAU,HAU/user17/3-1-1,single,Which action is performed in this video?,Washing dishes,Stretching,Jumping jacks,Taking medicine,B,user17
training_0450,HAU,HAU/user17/3-1-2,single,Which action is performed in this video?,Turning a page,Running,Eating,Walking,B,user17
training_0451,HAU,HAU/user17/3-1-3,single,Which action is performed in this video?,Combing hair,Sweeping,Grabbing utensils,Peeling fruit,B,user17
training_0452,HAU,HAU/user17/3-2-1,single,Which action is performed in this video?,Sweeping,Combing hair,Standing up,Washing dishes,D,user17
training_0453,HAU,HAU/user17/3-2-2,single,Which action is performed in this video?,Wiping hands,Reading,Walking,Lying down,C,user17
training_0454,HAU,HAU/user17/3-2-3,single,Which action is performed in this video?,Lying down,Taking medicine,Undressing,Walking,D,user17
training_0455,HAU,HAU/user17/3-3-1,single,Which action is performed in this video?,Combing hair,Wiping surface,Squats,Wiping hands,B,user17
training_0456,HAU,HAU/user17/3-3-2,single,Which action is performed in this video?,Washing dishes,Running,Drinking,Walking,D,user17
training_0457,HAU,HAU/user17/3-3-3,single,Which action is performed in this video?,Peeling fruit,Checking body temperature,Taking medicine,Walking,D,user17
training_0458,HAU,HAU/user17/4-1-1,single,Which action is performed in this video?,Using a phone,Washing dishes,Peeling fruit,Taking medicine,D,user17
training_0459,HAU,HAU/user17/4-1-2,single,Which action is performed in this video?,Sweeping,Calling,Typing on a keyboard,Folding clothes,C,user17
training_0460,HAU,HAU/user17/4-1-3,single,Which action is performed in this video?,Playing games,Washing dishes,Checking body temperature,Peeling fruit,C,user17
training_0461,HAU,HAU/user17/5-1-1,single,Which action is performed in this video?,Undressing,Walking,Reading,Lunges,A,user17
training_0462,HAU,HAU/user17/5-1-2,single,Which action is performed in this video?,Taking medicine,Playing games,Typing on a keyboard,Undressing,D,user17
training_0463,HAU,HAU/user17/5-1-3,single,Which action is performed in this video?,Brushing teeth,Combing hair,Watching TV,Calling,C,user17
training_0464,HAU,HAU/user17/5-2-1,single,Which action is performed in this video?,Stirring,Calling,Using a phone,Checking the time,A,user17
training_0465,HAU,HAU/user17/5-2-2,single,Which action is performed in this video?,Combing hair,Pouring,Sweeping,Running,B,user17
training_0466,HAU,HAU/user17/5-2-3,single,Which action is performed in this video?,Stirring,Sitting down,Reading,Checking the time,A,user17
training_0467,HAU,HAU/user17/5-3-1,single,Which action is performed in this video?,Using a phone,Wiping hands,Calling,Eating,D,user17
training_0468,HAU,HAU/user17/5-3-2,single,Which action is performed in this video?,Standing up,Combing hair,Walking,Watching TV,C,user17
training_0469,HAU,HAU/user17/5-3-3,single,Which action is performed in this video?,Grabbing utensils,Squats,Mopping,Jumping jacks,A,user17
training_0470,HAU,HAU/user17/6-1-1,single,Which action is performed in this video?,Taking medicine,Folding clothes,Turning a page,Wiping hands,B,user17
training_0471,HAU,HAU/user17/6-1-2,single,Which action is performed in this video?,Getting dressed,Typing on a keyboard,Peeling fruit,Running,A,user17
training_0472,HAU,HAU/user17/6-1-3,single,Which action is performed in this video?,Running,Typing on a keyboard,Eating,Folding clothes,D,user17
training_0473,HAU,HAU/user17/6-2-1,single,Which action is performed in this video?,Reading,Grabbing utensils,Getting dressed,Listening to the music with headphones,D,user17
training_0474,HAU,HAU/user17/6-2-2,single,Which action is performed in this video?,Getting dressed,Folding clothes,Watching TV,Listening to the music with headphones,D,user17
training_0475,HAU,HAU/user17/6-2-3,single,Which action is performed in this video?,Sweeping,Lying down,Running,Listening to the music with headphones,D,user17
training_0476,HAU,HAU/user17/6-3-1,single,Which action is performed in this video?,Calling,Wiping surface,Wiping hands,Sitting down,D,user17
training_0477,HAU,HAU/user17/6-3-2,single,Which action is performed in this video?,Walking,Standing up,Lying down,Using a phone,A,user17
training_0478,HAU,HAU/user17/6-3-3,single,Which action is performed in this video?,Brushing teeth,Turning a page,Typing on a keyboard,Stirring,C,user17
training_0479,HAU,HAU/user17/7-1-1,single,Which action is performed in this video?,Combing hair,Listening to the music with headphones,Pouring,Lunges,B,user17
training_0480,HAU,HAU/user17/7-1-2,single,Which action is performed in this video?,Checking body temperature,Getting dressed,Undressing,Eating,A,user17
training_0481,HAU,HAU/user17/7-1-3,single,Which action is performed in this video?,Washing face,Sitting down,Reading,Eating,B,user17
training_0482,HAU,HAU/user17/7-2-1,single,Which action is performed in this video?,Checking the time,Walking,Taking a selfie,Peeling fruit,D,user17
training_0483,HAU,HAU/user17/7-2-2,single,Which action is performed in this video?,Lying down,Eating,Brushing teeth,Combing hair,B,user17
training_0484,HAU,HAU/user17/7-2-3,single,Which action is performed in this video?,Playing games,Calling,Undressing,Wiping hands,D,user17
training_0527,HAU,HAU/user19/1-1-1,single,Which action is performed in this video?,Sitting down,Typing on a keyboard,Peeling fruit,Getting dressed,D,user19
training_0528,HAU,HAU/user19/1-1-2,single,Which action is performed in this video?,Combing hair,Typing on a keyboard,Washing face,Folding clothes,A,user19
training_0529,HAU,HAU/user19/1-1-3,single,Which action is performed in this video?,Playing games,Taking medicine,Combing hair,Taking a selfie,C,user19
training_0530,HAU,HAU/user19/1-2-1,single,Which action is performed in this video?,Lunges,Peeling fruit,Typing on a keyboard,Brushing teeth,C,user19
training_0531,HAU,HAU/user19/1-2-2,single,Which action is performed in this video?,Grabbing utensils,Combing hair,Squats,Listening to the music with headphones,D,user19
training_0532,HAU,HAU/user19/1-2-3,single,Which action is performed in this video?,Jumping jacks,Lying down,Typing on a keyboard,Undressing,C,user19
training_0533,HAU,HAU/user19/2-1-1,single,Which action is performed in this video?,Calling,Stirring,Brushing teeth,Listening to the music with headphones,B,user19
training_0534,HAU,HAU/user19/2-1-2,single,Which action is performed in this video?,Brushing teeth,Pouring,Sitting down,Listening to the music with headphones,B,user19
training_0535,HAU,HAU/user19/2-1-3,single,Which action is performed in this video?,Grabbing utensils,Using a phone,Watching TV,Mopping,A,user19
training_0536,HAU,HAU/user19/2-2-1,single,Which action is performed in this video?,Taking a selfie,Standing up,Wiping surface,Walking,D,user19
training_0537,HAU,HAU/user19/2-2-2,single,Which action is performed in this video?,Peeling fruit,Jumping jacks,Calling,Eating,B,user19
training_0538,HAU,HAU/user19/2-2-3,single,Which action is performed in this video?,Stretching,Lunges,Brushing teeth,Walking,D,user19
training_0539,HAU,HAU/user19/2-3-1,single,Which action is performed in this video?,Taking medicine,Walking,Listening to the music with headphones,Watching TV,B,user19
training_0540,HAU,HAU/user19/2-3-2,single,Which action is performed in this video?,Combing hair,Calling,Running,Walking,D,user19
training_0541,HAU,HAU/user19/2-3-3,single,Which action is performed in this video?,Walking,Watching TV,Combing hair,Getting dressed,A,user19
training_0542,HAU,HAU/user19/3-1-1,single,Which action is performed in this video?,Checking the time,Squats,Playing games,Brushing teeth,C,user19
training_0543,HAU,HAU/user19/3-1-2,single,Which action is performed in this video?,Undressing,Mopping,Calling,Writing,A,user19
training_0544,HAU,HAU/user19/3-1-3,single,Which action is performed in this video?,Peeling fruit,Writing,Undressing,Stirring,C,user19
training_0545,HAU,HAU/user19/3-2-1,single,Which action is performed in this video?,Lunges,Pouring,Taking a selfie,Using a phone,B,user19
training_0546,HAU,HAU/user19/3-2-2,single,Which action is performed in this video?,Folding clothes,Wiping hands,Pouring,Watching TV,C,user19
training_0547,HAU,HAU/user19/3-2-3,single,Which action is performed in this video?,Taking medicine,Brushing teeth,Walking,Washing dishes,C,user19
training_0548,HAU,HAU/user19/3-3-1,single,Which action is performed in this video?,Getting dressed,Walking,Lunges,Wiping hands,B,user19
training_0549,HAU,HAU/user19/3-3-2,single,Which action is performed in this video?,Lying down,Playing games,Taking a selfie,Reading,A,user19
training_0550,HAU,HAU/user19/3-3-3,single,Which action is performed in this video?,Squats,Jumping jacks,Getting dressed,Grabbing utensils,A,user19
training_0551,HAU,HAU/user19/4-1-1,single,Which action is performed in this video?,Washing dishes,Reading,Jumping jacks,Squats,B,user19
training_0552,HAU,HAU/user19/4-1-2,single,Which action is performed in this video?,Sitting down,Typing on a keyboard,Peeling fruit,Using a phone,B,user19
training_0553,HAU,HAU/user19/4-1-3,single,Which action is performed in this video?,Wiping hands,Checking the time,Squats,Eating,B,user19
training_0554,HAU,HAU/user19/4-2-1,single,Which action is performed in this video?,Walking,Writing,Massaging oneself,Turning a page,A,user19
training_0555,HAU,HAU/user19/4-2-2,single,Which action is performed in this video?,Squats,Checking body temperature,Checking the time,Drinking,A,user19
training_0556,HAU,HAU/user19/4-2-3,single,Which action is performed in this video?,Using a phone,Checking body temperature,Squats,Wiping surface,C,user19
training_0557,HAU,HAU/user19/4-3-1,single,Which action is performed in this video?,Taking a selfie,Mopping,Lying down,Walking,D,user19
training_0558,HAU,HAU/user19/4-3-2,single,Which action is performed in this video?,Wiping hands,Peeling fruit,Wiping surface,Typing on a keyboard,D,user19
training_0559,HAU,HAU/user19/4-3-3,single,Which action is performed in this video?,Massaging oneself,Standing up,Sitting down,Drinking,C,user19
training_0560,HAU,HAU/user19/5-1-1,single,Which action is performed in this video?,Watching TV,Drinking,Checking the time,Playing games,D,user19
training_0561,HAU,HAU/user19/5-1-2,single,Which action is performed in this video?,Playing games,Mopping,Washing face,Grabbing utensils,A,user19
training_0562,HAU,HAU/user19/5-1-3,single,Which action is performed in this video?,Writing,Watching TV,Taking medicine,Listening to the music with headphones,D,user19
training_0563,HAU,HAU/user19/5-2-1,single,Which action is performed in this video?,Jumping jacks,Wiping hands,Lunges,Using a phone,B,user19
training_0564,HAU,HAU/user19/5-2-2,single,Which action is performed in this video?,Watching TV,Wiping surface,Wiping hands,Undressing,C,user19
training_0565,HAU,HAU/user19/5-2-3,single,Which action is performed in this video?,Watching TV,Washing dishes,Peeling fruit,Lunges,C,user19
training_0566,HAU,HAU/user19/5-3-1,single,Which action is performed in this video?,Listening to the music with headphones,Drinking,Reading,Playing games,D,user19
training_0567,HAU,HAU/user19/5-3-2,single,Which action is performed in this video?,Jumping jacks,Massaging oneself,Mopping,Peeling fruit,B,user19
training_0568,HAU,HAU/user19/5-3-3,single,Which action is performed in this video?,Checking the time,Writing,Lunges,Pouring,A,user19
training_0569,HAU,HAU/user19/6-1-1,single,Which action is performed in this video?,Pouring,Taking medicine,Brushing teeth,Sitting down,D,user19
training_0570,HAU,HAU/user19/6-1-2,single,Which action is performed in this video?,Standing up,Stretching,Typing on a keyboard,Squats,C,user19
training_0571,HAU,HAU/user19/6-1-3,single,Which action is performed in this video?,Listening to the music with headphones,Reading,Jumping jacks,Lunges,B,user19
training_0572,HAU,HAU/user19/6-2-1,single,Which action is performed in this video?,Washing face,Taking a selfie,Jumping jacks,Wiping surface,B,user19
training_0573,HAU,HAU/user19/6-2-2,single,Which action is performed in this video?,Taking medicine,Stretching,Watching TV,Combing hair,A,user19
training_0574,HAU,HAU/user19/6-2-3,single,Which action is performed in this video?,Running,Pouring,Typing on a keyboard,Taking medicine,D,user19
training_0575,HAU,HAU/user19/7-1-1,single,Which action is performed in this video?,Massaging oneself,Wiping surface,Sitting down,Getting dressed,A,user19
training_0576,HAU,HAU/user19/7-1-2,single,Which action is performed in this video?,Massaging oneself,Jumping jacks,Reading,Undressing,A,user19
training_0577,HAU,HAU/user19/7-1-3,single,Which action is performed in this video?,Sitting down,Reading,Running,Massaging oneself,D,user19
training_0578,HAU,HAU/user19/7-2-1,single,Which action is performed in this video?,Getting dressed,Brushing teeth,Eating,Standing up,C,user19
training_0579,HAU,HAU/user19/7-2-2,single,Which action is performed in this video?,Walking,Sitting down,Listening to the music with headphones,Playing games,A,user19
training_0580,HAU,HAU/user19/7-2-3,single,Which action is performed in this video?,Eating,Lunges,Stretching,Squats,A,user19
training_0581,HAU,HAU/user20/1-1-1,single,Which action is performed in this video?,Combing hair,Pouring,Jumping jacks,Getting dressed,A,user20
training_0582,HAU,HAU/user20/1-1-2,single,Which action is performed in this video?,Typing on a keyboard,Checking the time,Washing face,Writing,B,user20
training_0583,HAU,HAU/user20/1-1-3,single,Which action is performed in this video?,Watching TV,Sitting down,Combing hair,Sweeping,C,user20
training_0584,HAU,HAU/user20/1-2-1,single,Which action is performed in this video?,Taking medicine,Squats,Peeling fruit,Combing hair,B,user20
training_0585,HAU,HAU/user20/1-2-2,single,Which action is performed in this video?,Using a phone,Jumping jacks,Pouring,Stretching,D,user20
training_0586,HAU,HAU/user20/1-2-3,single,Which action is performed in this video?,Turning a page,Squats,Mopping,Undressing,B,user20
training_0587,HAU,HAU/user20/2-1-1,single,Which action is performed in this video?,Pouring,Turning a page,Checking the time,Taking a selfie,A,user20
training_0588,HAU,HAU/user20/2-1-2,single,Which action is performed in this video?,Checking the time,Sitting down,Lying down,Eating,D,user20
training_0589,HAU,HAU/user20/2-1-3,single,Which action is performed in this video?,Running,Drinking,Reading,Washing face,B,user20
training_0590,HAU,HAU/user20/2-2-1,single,Which action is performed in this video?,Combing hair,Drinking,Listening to the music with headphones,Typing on a keyboard,D,user20
training_0591,HAU,HAU/user20/2-2-2,single,Which action is performed in this video?,Folding clothes,Calling,Drinking,Typing on a keyboard,D,user20
training_0592,HAU,HAU/user20/2-2-3,single,Which action is performed in this video?,Using a phone,Sweeping,Checking the time,Peeling fruit,C,user20
training_0593,HAU,HAU/user20/3-1-1,single,Which action is performed in this video?,Washing face,Pouring,Stretching,Wiping hands,B,user20
training_0594,HAU,HAU/user20/3-1-2,single,Which action is performed in this video?,Reading,Washing dishes,Lunges,Watching TV,B,user20
training_0595,HAU,HAU/user20/3-1-3,single,Which action is performed in this video?,Undressing,Pouring,Checking the time,Getting dressed,B,user20
training_0596,HAU,HAU/user20/3-2-1,single,Which action is performed in this video?,Wiping surface,Massaging oneself,Grabbing utensils,Listening to the music with headphones,A,user20
training_0597,HAU,HAU/user20/3-2-2,single,Which action is performed in this video?,Reading,Wiping hands,Standing up,Sweeping,D,user20
training_0598,HAU,HAU/user20/3-2-3,single,Which action is performed in this video?,Stirring,Mopping,Calling,Taking a selfie,B,user20
training_0599,HAU,HAU/user20/4-1-1,single,Which action is performed in this video?,Turning a page,Taking a selfie,Folding clothes,Brushing teeth,A,user20
training_0600,HAU,HAU/user20/4-1-2,single,Which action is performed in this video?,Sweeping,Listening to the music with headphones,Combing hair,Turning a page,D,user20
training_0601,HAU,HAU/user20/4-1-3,single,Which action is performed in this video?,Lunges,Running,Wiping hands,Typing on a keyboard,D,user20
training_0602,HAU,HAU/user20/4-2-1,single,Which action is performed in this video?,Getting dressed,Pouring,Combing hair,Calling,C,user20
training_0603,HAU,HAU/user20/4-2-2,single,Which action is performed in this video?,Sweeping,Squats,Combing hair,Wiping hands,C,user20
training_0604,HAU,HAU/user20/4-2-3,single,Which action is performed in this video?,Brushing teeth,Playing games,Lunges,Sweeping,A,user20
training_0605,HAU,HAU/user20/5-1-1,single,Which action is performed in this video?,Reading,Pouring,Running,Turning a page,B,user20
training_0606,HAU,HAU/user20/5-1-2,single,Which action is performed in this video?,Lying down,Massaging oneself,Reading,Typing on a keyboard,D,user20
training_0607,HAU,HAU/user20/5-1-3,single,Which action is performed in this video?,Wiping surface,Grabbing utensils,Reading,Sitting down,B,user20
training_0608,HAU,HAU/user20/6-1-1,single,Which action is performed in this video?,Getting dressed,Running,Reading,Squats,D,user20
training_0609,HAU,HAU/user20/6-1-2,single,Which action is performed in this video?,Taking medicine,Playing games,Jumping jacks,Combing hair,C,user20
training_0610,HAU,HAU/user20/6-1-3,single,Which action is performed in this video?,Lying down,Turning a page,Getting dressed,Jumping jacks,D,user20
training_0611,HAU,HAU/user20/6-2-1,single,Which action is performed in this video?,Combing hair,Brushing teeth,Wiping hands,Mopping,C,user20
training_0612,HAU,HAU/user20/6-2-2,single,Which action is performed in this video?,Checking the time,Standing up,Squats,Wiping hands,D,user20
training_0613,HAU,HAU/user20/6-2-3,single,Which action is performed in this video?,Turning a page,Combing hair,Undressing,Massaging oneself,D,user20
training_0614,HAU,HAU/user20/6-3-1,single,Which action is performed in this video?,Mopping,Drinking,Reading,Taking a selfie,A,user20
training_0615,HAU,HAU/user20/6-3-2,single,Which action is performed in this video?,Stretching,Brushing teeth,Wiping hands,Walking,D,user20
training_0616,HAU,HAU/user20/6-3-3,single,Which action is performed in this video?,Listening to the music with headphones,Massaging oneself,Brushing teeth,Using a phone,A,user20
training_0617,HAU,HAU/user20/7-1-1,single,Which action is performed in this video?,Watching TV,Grabbing utensils,Undressing,Typing on a keyboard,B,user20
training_0618,HAU,HAU/user20/7-1-2,single,Which action is performed in this video?,Sweeping,Wiping hands,Mopping,Massaging oneself,D,user20
training_0619,HAU,HAU/user20/7-1-3,single,Which action is performed in this video?,Listening to the music with headphones,Writing,Stretching,Grabbing utensils,D,user20
training_0620,HAU,HAU/user20/7-2-1,single,Which action is performed in this video?,Combing hair,Checking the time,Walking,Mopping,C,user20
training_0621,HAU,HAU/user20/7-2-2,single,Which action is performed in this video?,Typing on a keyboard,Walking,Listening to the music with headphones,Pouring,B,user20
training_0622,HAU,HAU/user20/7-2-3,single,Which action is performed in this video?,Wiping surface,Massaging oneself,Walking,Sitting down,C,user20
training_0623,HAU,HAU/user21/1-1-1,single,Which action is performed in this video?,Sweeping,Combing hair,Using a phone,Wiping hands,D,user21
training_0624,HAU,HAU/user21/1-1-2,single,Which action is performed in this video?,Mopping,Eating,Checking the time,Walking,D,user21
training_0625,HAU,HAU/user21/1-1-3,single,Which action is performed in this video?,Stirring,Wiping surface,Wiping hands,Peeling fruit,C,user21
training_0626,HAU,HAU/user21/1-2-1,single,Which action is performed in this video?,Wiping surface,Using a phone,Combing hair,Peeling fruit,B,user21
training_0627,HAU,HAU/user21/1-2-2,single,Which action is performed in this video?,Calling,Turning a page,Getting dressed,Listening to the music with headphones,D,user21
training_0628,HAU,HAU/user21/1-2-3,single,Which action is performed in this video?,Running,Eating,Walking,Drinking,C,user21
training_0629,HAU,HAU/user21/2-1-1,single,Which action is performed in this video?,Sweeping,Undressing,Reading,Watching TV,A,user21
training_0630,HAU,HAU/user21/2-1-2,single,Which action is performed in this video?,Mopping,Checking body temperature,Calling,Massaging oneself,A,user21
training_0631,HAU,HAU/user21/2-1-3,single,Which action is performed in this video?,Lying down,Reading,Using a phone,Grabbing utensils,D,user21
training_0632,HAU,HAU/user21/2-2-1,single,Which action is performed in this video?,Combing hair,Turning a page,Drinking,Jumping jacks,B,user21
training_0633,HAU,HAU/user21/2-2-2,single,Which action is performed in this video?,Running,Taking medicine,Turning a page,Brushing teeth,C,user21
training_0634,HAU,HAU/user21/2-2-3,single,Which action is performed in this video?,Stretching,Standing up,Massaging oneself,Taking a selfie,B,user21
training_0635,HAU,HAU/user21/3-1-1,single,Which action is performed in this video?,Checking the time,Using a phone,Grabbing utensils,Mopping,C,user21
training_0636,HAU,HAU/user21/3-1-2,single,Which action is performed in this video?,Sitting down,Checking the time,Wiping hands,Grabbing utensils,D,user21
training_0637,HAU,HAU/user21/3-1-3,single,Which action is performed in this video?,Calling,Wiping surface,Stretching,Grabbing utensils,D,user21
training_0638,HAU,HAU/user21/3-2-1,single,Which action is performed in this video?,Jumping jacks,Grabbing utensils,Sitting down,Sweeping,A,user21
training_0639,HAU,HAU/user21/3-2-2,single,Which action is performed in this video?,Combing hair,Jumping jacks,Grabbing utensils,Undressing,B,user21
training_0640,HAU,HAU/user21/3-2-3,single,Which action is performed in this video?,Checking body temperature,Using a phone,Sitting down,Stirring,A,user21
training_0641,HAU,HAU/user21/4-1-1,single,Which action is performed in this video?,Calling,Washing dishes,Massaging oneself,Stirring,A,user21
training_0642,HAU,HAU/user21/4-1-2,single,Which action is performed in this video?,Calling,Stretching,Typing on a keyboard,Jumping jacks,A,user21
training_0643,HAU,HAU/user21/4-1-3,single,Which action is performed in this video?,Calling,Wiping surface,Sitting down,Reading,A,user21
training_0644,HAU,HAU/user21/4-2-1,single,Which action is performed in this video?,Getting dressed,Combing hair,Lunges,Undressing,B,user21
training_0645,HAU,HAU/user21/4-2-2,single,Which action is performed in this video?,Brushing teeth,Stretching,Walking,Running,A,user21
training_0646,HAU,HAU/user21/4-2-3,single,Which action is performed in this video?,Checking body temperature,Undressing,Grabbing utensils,Washing face,D,user21
training_0647,HAU,HAU/user21/5-1-1,single,Which action is performed in this video?,Taking a selfie,Getting dressed,Wiping surface,Writing,A,user21
training_0648,HAU,HAU/user21/5-1-2,single,Which action is performed in this video?,Walking,Massaging oneself,Checking body temperature,Lying down,A,user21
training_0649,HAU,HAU/user21/5-1-3,single,Which action is performed in this video?,Peeling fruit,Using a phone,Playing games,Walking,D,user21
training_0650,HAU,HAU/user21/5-2-1,single,Which action is performed in this video?,Taking medicine,Writing,Walking,Lying down,C,user21
training_0651,HAU,HAU/user21/5-2-2,single,Which action is performed in this video?,Listening to the music with headphones,Calling,Washing dishes,Stretching,A,user21
training_0652,HAU,HAU/user21/5-2-3,single,Which action is performed in this video?,Checking body temperature,Listening to the music with headphones,Standing up,Brushing teeth,B,user21
training_0653,HAU,HAU/user21/6-1-1,single,Which action is performed in this video?,Getting dressed,Playing games,Sitting down,Combing hair,A,user21
training_0654,HAU,HAU/user21/6-1-2,single,Which action is performed in this video?,Washing dishes,Checking body temperature,Running,Pouring,B,user21
training_0655,HAU,HAU/user21/6-1-3,single,Which action is performed in this video?,Massaging oneself,Getting dressed,Washing dishes,Wiping surface,B,user21
training_0656,HAU,HAU/user21/6-2-1,single,Which action is performed in this video?,Playing games,Checking the time,Undressing,Wiping hands,B,user21
training_0657,HAU,HAU/user21/6-2-2,single,Which action is performed in this video?,Mopping,Checking body temperature,Watching TV,Checking the time,D,user21
training_0658,HAU,HAU/user21/6-2-3,single,Which action is performed in this video?,Getting dressed,Walking,Taking medicine,Writing,B,user21
training_0659,HAU,HAU/user21/7-1-1,single,Which action is performed in this video?,Sweeping,Eating,Wiping hands,Folding clothes,B,user21
training_0660,HAU,HAU/user21/7-1-2,single,Which action is performed in this video?,Taking medicine,Wiping surface,Calling,Brushing teeth,A,user21
training_0661,HAU,HAU/user21/7-1-3,single,Which action is performed in this video?,Jumping jacks,Taking medicine,Standing up,Walking,B,user21
training_0662,HAU,HAU/user21/7-2-1,single,Which action is performed in this video?,Brushing teeth,Wiping hands,Wiping surface,Jumping jacks,B,user21
training_0663,HAU,HAU/user21/7-2-2,single,Which action is performed in this video?,Standing up,Jumping jacks,Checking body temperature,Massaging oneself,D,user21
training_0664,HAU,HAU/user21/7-2-3,single,Which action is performed in this video?,Checking the time,Typing on a keyboard,Wiping hands,Peeling fruit,C,user21
training_0714,HAU,HAU/user23/1-1-1,single,Which action is performed in this video?,Walking,Lying down,Wiping hands,Pouring,C,user23
training_0715,HAU,HAU/user23/1-1-2,single,Which action is performed in this video?,Mopping,Washing face,Pouring,Walking,B,user23
training_0716,HAU,HAU/user23/1-1-3,single,Which action is performed in this video?,Wiping surface,Stirring,Washing face,Walking,C,user23
training_0717,HAU,HAU/user23/1-2-1,single,Which action is performed in this video?,Massaging oneself,Squats,Typing on a keyboard,Watching TV,B,user23
training_0718,HAU,HAU/user23/1-2-2,single,Which action is performed in this video?,Typing on a keyboard,Pouring,Stretching,Squats,D,user23
training_0719,HAU,HAU/user23/1-2-3,single,Which action is performed in this video?,Washing dishes,Grabbing utensils,Squats,Standing up,C,user23
training_0720,HAU,HAU/user23/2-1-1,single,Which action is performed in this video?,Taking medicine,Brushing teeth,Typing on a keyboard,Grabbing utensils,D,user23
training_0721,HAU,HAU/user23/2-1-2,single,Which action is performed in this video?,Wiping hands,Watching TV,Sweeping,Grabbing utensils,D,user23
training_0722,HAU,HAU/user23/2-1-3,single,Which action is performed in this video?,Checking body temperature,Taking medicine,Peeling fruit,Turning a page,C,user23
training_0723,HAU,HAU/user23/2-2-1,single,Which action is performed in this video?,Lunges,Watching TV,Grabbing utensils,Walking,D,user23
training_0724,HAU,HAU/user23/2-2-2,single,Which action is performed in this video?,Undressing,Lying down,Combing hair,Sweeping,C,user23
training_0725,HAU,HAU/user23/2-2-3,single,Which action is performed in this video?,Checking the time,Lunges,Pouring,Combing hair,D,user23
training_0726,HAU,HAU/user23/2-3-1,single,Which action is performed in this video?,Eating,Folding clothes,Taking medicine,Checking body temperature,A,user23
training_0727,HAU,HAU/user23/2-3-2,single,Which action is performed in this video?,Lunges,Stirring,Lying down,Playing games,B,user23
training_0728,HAU,HAU/user23/2-3-3,single,Which action is performed in this video?,Washing dishes,Combing hair,Eating,Sitting down,C,user23
training_0729,HAU,HAU/user23/3-1-1,single,Which action is performed in this video?,Watching TV,Wiping surface,Drinking,Walking,B,user23
training_0730,HAU,HAU/user23/3-1-2,single,Which action is performed in this video?,Folding clothes,Wiping surface,Checking the time,Undressing,B,user23
training_0731,HAU,HAU/user23/3-1-3,single,Which action is performed in this video?,Wiping surface,Turning a page,Stirring,Eating,A,user23
training_0732,HAU,HAU/user23/3-2-1,single,Which action is performed in this video?,Taking medicine,Stretching,Lying down,Walking,D,user23
training_0733,HAU,HAU/user23/3-2-2,single,Which action is performed in this video?,Using a phone,Brushing teeth,Reading,Sitting down,D,user23
training_0734,HAU,HAU/user23/3-2-3,single,Which action is performed in this video?,Drinking,Washing dishes,Turning a page,Sitting down,D,user23
training_0735,HAU,HAU/user23/4-1-1,single,Which action is performed in this video?,Lying down,Taking a selfie,Writing,Listening to the music with headphones,C,user23
training_0736,HAU,HAU/user23/4-1-2,single,Which action is performed in this video?,Checking the time,Folding clothes,Writing,Undressing,C,user23
training_0737,HAU,HAU/user23/4-1-3,single,Which action is performed in this video?,Writing,Drinking,Getting dressed,Watching TV,A,user23
training_0738,HAU,HAU/user23/4-2-1,single,Which action is performed in this video?,Mopping,Playing games,Taking a selfie,Wiping hands,C,user23
training_0739,HAU,HAU/user23/4-2-2,single,Which action is performed in this video?,Taking medicine,Sweeping,Reading,Taking a selfie,D,user23
training_0740,HAU,HAU/user23/4-2-3,single,Which action is performed in this video?,Calling,Checking body temperature,Squats,Standing up,A,user23
training_0741,HAU,HAU/user23/4-3-1,single,Which action is performed in this video?,Jumping jacks,Wiping surface,Getting dressed,Standing up,C,user23
training_0742,HAU,HAU/user23/4-3-2,single,Which action is performed in this video?,Getting dressed,Wiping hands,Running,Washing dishes,A,user23
training_0743,HAU,HAU/user23/4-3-3,single,Which action is performed in this video?,Sitting down,Peeling fruit,Turning a page,Undressing,D,user23
training_0744,HAU,HAU/user23/5-1-1,single,Which action is performed in this video?,Writing,Walking,Playing games,Typing on a keyboard,C,user23
training_0745,HAU,HAU/user23/5-1-2,single,Which action is performed in this video?,Listening to the music with headphones,Pouring,Wiping surface,Eating,A,user23
training_0746,HAU,HAU/user23/5-1-3,single,Which action is performed in this video?,Taking medicine,Lying down,Stretching,Listening to the music with headphones,D,user23
training_0747,HAU,HAU/user23/5-2-1,single,Which action is performed in this video?,Undressing,Stirring,Calling,Sweeping,A,user23
training_0748,HAU,HAU/user23/5-2-2,single,Which action is performed in this video?,Brushing teeth,Stretching,Undressing,Combing hair,C,user23
training_0749,HAU,HAU/user23/5-2-3,single,Which action is performed in this video?,Watching TV,Getting dressed,Walking,Drinking,B,user23
training_0750,HAU,HAU/user23/5-3-2,single,Which action is performed in this video?,Standing up,Lying down,Mopping,Combing hair,A,user23
training_0751,HAU,HAU/user23/5-3-3,single,Which action is performed in this video?,Running,Mopping,Checking body temperature,Pouring,D,user23
training_0752,HAU,HAU/user23/6-1-1,single,Which action is performed in this video?,Peeling fruit,Typing on a keyboard,Mopping,Stretching,D,user23
training_0753,HAU,HAU/user23/6-1-2,single,Which action is performed in this video?,Lying down,Undressing,Running,Taking medicine,C,user23
training_0754,HAU,HAU/user23/6-1-3,single,Which action is performed in this video?,Sitting down,Taking medicine,Standing up,Listening to the music with headphones,C,user23
training_0755,HAU,HAU/user23/6-3-1,single,Which action is performed in this video?,Taking a selfie,Squats,Calling,Sitting down,B,user23
training_0756,HAU,HAU/user23/6-3-2,single,Which action is performed in this video?,Wiping surface,Running,Folding clothes,Squats,D,user23
training_0757,HAU,HAU/user23/6-3-3,single,Which action is performed in this video?,Standing up,Wiping surface,Jumping jacks,Squats,D,user23
training_0758,HAU,HAU/user23/7-1-1,single,Which action is performed in this video?,Getting dressed,Taking medicine,Reading,Wiping surface,B,user23
training_0759,HAU,HAU/user23/7-1-2,single,Which action is performed in this video?,Writing,Walking,Turning a page,Combing hair,A,user23
training_0760,HAU,HAU/user23/7-1-3,single,Which action is performed in this video?,Lunges,Taking a selfie,Writing,Walking,C,user23
training_0761,HAU,HAU/user23/7-2-1,single,Which action is performed in this video?,Checking body temperature,Turning a page,Using a phone,Squats,A,user23
training_0762,HAU,HAU/user23/7-2-2,single,Which action is performed in this video?,Grabbing utensils,Checking body temperature,Walking,Peeling fruit,B,user23
training_0763,HAU,HAU/user23/7-2-3,single,Which action is performed in this video?,Running,Getting dressed,Taking medicine,Checking the time,C,user23
training_0764,HAU,HAU/user23/7-3-1,single,Which action is performed in this video?,Checking the time,Grabbing utensils,Listening to the music with headphones,Stretching,D,user23
training_0765,HAU,HAU/user23/7-3-2,single,Which action is performed in this video?,Writing,Using a phone,Peeling fruit,Checking the time,B,user23
training_0766,HAU,HAU/user23/7-3-3,single,Which action is performed in this video?,Using a phone,Playing games,Peeling fruit,Watching TV,A,user23
training_0767,HAU,HAU/user24/1-1-1,single,Which action is performed in this video?,Sitting down,Getting dressed,Taking a selfie,Sweeping,C,user24
training_0768,HAU,HAU/user24/1-1-2,single,Which action is performed in this video?,Walking,Taking a selfie,Using a phone,Massaging oneself,B,user24
training_0769,HAU,HAU/user24/1-1-3,single,Which action is performed in this video?,Taking a selfie,Taking medicine,Eating,Stirring,A,user24
training_0770,HAU,HAU/user24/1-2-1,single,Which action is performed in this video?,Washing dishes,Turning a page,Taking medicine,Eating,B,user24
training_0771,HAU,HAU/user24/1-2-2,single,Which action is performed in this video?,Lunges,Grabbing utensils,Taking medicine,Reading,D,user24
training_0772,HAU,HAU/user24/1-2-3,single,Which action is performed in this video?,Standing up,Peeling fruit,Sweeping,Reading,D,user24
training_0773,HAU,HAU/user24/2-1-1,single,Which action is performed in this video?,Turning a page,Jumping jacks,Drinking,Reading,C,user24
training_0774,HAU,HAU/user24/2-1-2,single,Which action is performed in this video?,Washing face,Running,Eating,Washing dishes,C,user24
training_0775,HAU,HAU/user24/2-1-3,single,Which action is performed in this video?,Sitting down,Peeling fruit,Calling,Stretching,B,user24
training_0776,HAU,HAU/user24/2-2-1,single,Which action is performed in this video?,Wiping surface,Undressing,Reading,Watching TV,D,user24
training_0777,HAU,HAU/user24/2-2-2,single,Which action is performed in this video?,Folding clothes,Watching TV,Jumping jacks,Playing games,B,user24
training_0778,HAU,HAU/user24/2-2-3,single,Which action is performed in this video?,Massaging oneself,Taking medicine,Watching TV,Combing hair,C,user24
training_0779,HAU,HAU/user24/3-2-1,single,Which action is performed in this video?,Jumping jacks,Running,Taking medicine,Playing games,B,user24
training_0780,HAU,HAU/user24/3-2-2,single,Which action is performed in this video?,Folding clothes,Running,Pouring,Lying down,B,user24
training_0781,HAU,HAU/user24/3-2-3,single,Which action is performed in this video?,Taking medicine,Taking a selfie,Checking the time,Calling,D,user24
training_0782,HAU,HAU/user24/4-1-1,single,Which action is performed in this video?,Taking medicine,Lying down,Using a phone,Reading,C,user24
training_0783,HAU,HAU/user24/4-1-2,single,Which action is performed in this video?,Sitting down,Undressing,Massaging oneself,Standing up,A,user24
training_0784,HAU,HAU/user24/4-1-3,single,Which action is performed in this video?,Sitting down,Combing hair,Peeling fruit,Jumping jacks,A,user24
training_0785,HAU,HAU/user24/4-2-1,single,Which action is performed in this video?,Mopping,Combing hair,Checking body temperature,Drinking,D,user24
training_0786,HAU,HAU/user24/4-2-2,single,Which action is performed in this video?,Wiping surface,Drinking,Mopping,Checking body temperature,B,user24
training_0787,HAU,HAU/user24/4-2-3,single,Which action is performed in this video?,Typing on a keyboard,Playing games,Walking,Folding clothes,C,user24
training_0788,HAU,HAU/user24/4-3-1,single,Which action is performed in this video?,Taking medicine,Peeling fruit,Jumping jacks,Massaging oneself,D,user24
training_0789,HAU,HAU/user24/4-3-2,single,Which action is performed in this video?,Reading,Drinking,Playing games,Brushing teeth,C,user24
training_0790,HAU,HAU/user24/4-3-3,single,Which action is performed in this video?,Checking body temperature,Playing games,Taking a selfie,Drinking,B,user24
training_0791,HAU,HAU/user24/5-1-1,single,Which action is performed in this video?,Typing on a keyboard,Walking,Squats,Jumping jacks,B,user24
training_0792,HAU,HAU/user24/5-1-2,single,Which action is performed in this video?,Grabbing utensils,Standing up,Stretching,Checking the time,B,user24
training_0793,HAU,HAU/user24/5-1-3,single,Which action is performed in this video?,Listening to the music with headphones,Playing games,Wiping hands,Undressing,A,user24
training_0794,HAU,HAU/user24/5-2-1,single,Which action is performed in this video?,Watching TV,Getting dressed,Checking body temperature,Wiping surface,C,user24
training_0795,HAU,HAU/user24/5-2-2,single,Which action is performed in this video?,Taking medicine,Pouring,Writing,Watching TV,A,user24
training_0796,HAU,HAU/user24/5-2-3,single,Which action is performed in this video?,Turning a page,Taking medicine,Grabbing utensils,Calling,B,user24
training_0797,HAU,HAU/user24/5-3-1,single,Which action is performed in this video?,Standing up,Using a phone,Watching TV,Jumping jacks,C,user24
training_0798,HAU,HAU/user24/5-3-2,single,Which action is performed in this video?,Lying down,Taking a selfie,Peeling fruit,Walking,D,user24
training_0799,HAU,HAU/user24/5-3-3,single,Which action is performed in this video?,Running,Combing hair,Reading,Walking,D,user24
training_0800,HAU,HAU/user24/6-2-1,single,Which action is performed in this video?,Squats,Washing face,Taking medicine,Grabbing utensils,B,user24
training_0801,HAU,HAU/user24/6-2-2,single,Which action is performed in this video?,Jumping jacks,Walking,Sweeping,Turning a page,B,user24
training_0802,HAU,HAU/user24/6-2-3,single,Which action is performed in this video?,Lying down,Washing face,Reading,Taking medicine,B,user24
training_0803,HAU,HAU/user24/6-3-1,single,Which action is performed in this video?,Listening to the music with headphones,Drinking,Stretching,Squats,D,user24
training_0804,HAU,HAU/user24/6-3-2,single,Which action is performed in this video?,Folding clothes,Standing up,Massaging oneself,Turning a page,B,user24
training_0805,HAU,HAU/user24/6-3-3,single,Which action is performed in this video?,Watching TV,Peeling fruit,Squats,Lunges,C,user24
training_0806,HAU,HAU/user24/7-1-1,single,Which action is performed in this video?,Turning a page,Taking a selfie,Standing up,Massaging oneself,D,user24
training_0807,HAU,HAU/user24/7-1-2,single,Which action is performed in this video?,Folding clothes,Washing dishes,Combing hair,Grabbing utensils,C,user24
training_0808,HAU,HAU/user24/7-1-3,single,Which action is performed in this video?,Undressing,Walking,Taking medicine,Wiping hands,C,user24
training_0809,HAU,HAU/user24/7-2-1,single,Which action is performed in this video?,Checking body temperature,Stretching,Taking medicine,Reading,D,user24
training_0810,HAU,HAU/user24/7-2-2,single,Which action is performed in this video?,Reading,Getting dressed,Stretching,Playing games,A,user24
training_0811,HAU,HAU/user24/7-2-3,single,Which action is performed in this video?,Sweeping,Brushing teeth,Sitting down,Eating,C,user24
training_0812,HAU,HAU/user1/1-1-1,multi,Which of the following actions appear in this video?,Walking,Combing hair,Lying down,Squats,ABD,user1
training_0813,HAU,HAU/user1/1-1-2,multi,Which of the following actions appear in this video?,Lunges,Washing dishes,Eating,Getting dressed,D,user1
training_0814,HAU,HAU/user1/1-1-3,multi,Which of the following actions appear in this video?,Folding clothes,Washing dishes,Squats,Stirring,C,user1
training_0815,HAU,HAU/user1/1-2-1,multi,Which of the following actions appear in this video?,Wiping surface,Checking the time,Walking,Washing dishes,CD,user1
training_0816,HAU,HAU/user1/1-2-2,multi,Which of the following actions appear in this video?,Using a phone,Walking,Lying down,Mopping,B,user1
training_0817,HAU,HAU/user1/1-2-3,multi,Which of the following actions appear in this video?,Grabbing utensils,Running,Watching TV,Combing hair,A,user1
training_0818,HAU,HAU/user1/2-1-1,multi,Which of the following actions appear in this video?,Massaging oneself,Pouring,Eating,Peeling fruit,BCD,user1
training_0819,HAU,HAU/user1/2-1-2,multi,Which of the following actions appear in this video?,Eating,Walking,Writing,Grabbing utensils,ABD,user1
training_0820,HAU,HAU/user1/2-1-3,multi,Which of the following actions appear in this video?,Peeling fruit,Taking a selfie,Lunges,Calling,A,user1
training_0821,HAU,HAU/user1/2-2-1,multi,Which of the following actions appear in this video?,Using a phone,Sitting down,Folding clothes,Stirring,B,user1
training_0822,HAU,HAU/user1/2-2-2,multi,Which of the following actions appear in this video?,Pouring,Massaging oneself,Typing on a keyboard,Sitting down,CD,user1
training_0823,HAU,HAU/user1/2-2-3,multi,Which of the following actions appear in this video?,Typing on a keyboard,Walking,Taking medicine,Sitting down,ABD,user1
training_0824,HAU,HAU/user1/3-1-1,multi,Which of the following actions appear in this video?,Brushing teeth,Reading,Stirring,Eating,CD,user1
training_0825,HAU,HAU/user1/3-1-2,multi,Which of the following actions appear in this video?,Eating,Getting dressed,Wiping hands,Listening to the music with headphones,A,user1
training_0826,HAU,HAU/user1/3-1-3,multi,Which of the following actions appear in this video?,Washing face,Taking a selfie,Stirring,Sweeping,C,user1
training_0827,HAU,HAU/user1/3-2-1,multi,Which of the following actions appear in this video?,Walking,Getting dressed,Stretching,Calling,A,user1
training_0828,HAU,HAU/user1/3-2-2,multi,Which of the following actions appear in this video?,Lunges,Peeling fruit,Playing games,Lying down,A,user1
training_0829,HAU,HAU/user1/3-2-3,multi,Which of the following actions appear in this video?,Lunges,Standing up,Walking,Stirring,ABC,user1
training_0830,HAU,HAU/user1/4-1-1,multi,Which of the following actions appear in this video?,Stirring,Folding clothes,Eating,Drinking,ACD,user1
training_0831,HAU,HAU/user1/4-1-2,multi,Which of the following actions appear in this video?,Watching TV,Wiping surface,Stirring,Pouring,BCD,user1
training_0832,HAU,HAU/user1/4-1-3,multi,Which of the following actions appear in this video?,Drinking,Grabbing utensils,Stirring,Jumping jacks,ABC,user1
training_0833,HAU,HAU/user1/5-1-1,multi,Which of the following actions appear in this video?,Checking the time,Drinking,Wiping surface,Washing dishes,AB,user1
training_0834,HAU,HAU/user1/5-1-2,multi,Which of the following actions appear in this video?,Taking a selfie,Calling,Watching TV,Wiping surface,AC,user1
training_0835,HAU,HAU/user1/5-1-3,multi,Which of the following actions appear in this video?,Combing hair,Mopping,Getting dressed,Watching TV,D,user1
training_0836,HAU,HAU/user1/6-1-1,multi,Which of the following actions appear in this video?,Peeling fruit,Eating,Massaging oneself,Walking,ABD,user1
training_0837,HAU,HAU/user1/6-1-2,multi,Which of the following actions appear in this video?,Washing face,Eating,Peeling fruit,Walking,BCD,user1
training_0838,HAU,HAU/user1/6-1-3,multi,Which of the following actions appear in this video?,Eating,Walking,Peeling fruit,Combing hair,ABC,user1
training_0839,HAU,HAU/user1/6-2-1,multi,Which of the following actions appear in this video?,Checking body temperature,Using a phone,Standing up,Grabbing utensils,C,user1
training_0840,HAU,HAU/user1/6-2-2,multi,Which of the following actions appear in this video?,Sweeping,Sitting down,Eating,Using a phone,AB,user1
training_0841,HAU,HAU/user1/6-2-3,multi,Which of the following actions appear in this video?,Running,Standing up,Walking,Turning a page,BCD,user1
training_0842,HAU,HAU/user1/7-1-1,multi,Which of the following actions appear in this video?,Checking the time,Washing dishes,Using a phone,Stretching,D,user1
training_0843,HAU,HAU/user1/7-1-2,multi,Which of the following actions appear in this video?,Turning a page,Massaging oneself,Washing face,Lying down,B,user1
training_0844,HAU,HAU/user1/7-1-3,multi,Which of the following actions appear in this video?,Using a phone,Sweeping,Taking a selfie,Massaging oneself,D,user1
training_0845,HAU,HAU/user2/1-1-1,multi,Which of the following actions appear in this video?,Jumping jacks,Folding clothes,Stretching,Getting dressed,B,user2
training_0846,HAU,HAU/user2/1-1-2,multi,Which of the following actions appear in this video?,Folding clothes,Typing on a keyboard,Pouring,Washing dishes,A,user2
training_0847,HAU,HAU/user2/1-1-3,multi,Which of the following actions appear in this video?,Squats,Walking,Folding clothes,Peeling fruit,C,user2
training_0848,HAU,HAU/user2/1-2-1,multi,Which of the following actions appear in this video?,Walking,Stretching,Eating,Lunges,ABC,user2
training_0849,HAU,HAU/user2/1-2-2,multi,Which of the following actions appear in this video?,Eating,Walking,Playing games,Stretching,ABD,user2
training_0850,HAU,HAU/user2/1-2-3,multi,Which of the following actions appear in this video?,Grabbing utensils,Walking,Folding clothes,Writing,AB,user2
training_0851,HAU,HAU/user2/2-1-1,multi,Which of the following actions appear in this video?,Eating,Checking body temperature,Washing dishes,Using a phone,A,user2
training_0852,HAU,HAU/user2/2-1-2,multi,Which of the following actions appear in this video?,Brushing teeth,Walking,Washing dishes,Sweeping,B,user2
training_0853,HAU,HAU/user2/2-1-3,multi,Which of the following actions appear in this video?,Walking,Pouring,Grabbing utensils,Listening to the music with headphones,ABC,user2
training_0854,HAU,HAU/user2/2-2-1,multi,Which of the following actions appear in this video?,Folding clothes,Turning a page,Squats,Massaging oneself,CD,user2
training_0855,HAU,HAU/user2/2-2-2,multi,Which of the following actions appear in this video?,Eating,Wiping surface,Checking body temperature,Drinking,ACD,user2
training_0856,HAU,HAU/user2/2-2-3,multi,Which of the following actions appear in this video?,Stretching,Lunges,Massaging oneself,Wiping hands,ACD,user2
training_0857,HAU,HAU/user2/3-1-1,multi,Which of the following actions appear in this video?,Eating,Folding clothes,Sweeping,Grabbing utensils,C,user2
training_0858,HAU,HAU/user2/3-1-2,multi,Which of the following actions appear in this video?,Brushing teeth,Lunges,Washing dishes,Sweeping,D,user2
training_0859,HAU,HAU/user2/3-1-3,multi,Which of the following actions appear in this video?,Folding clothes,Mopping,Sweeping,Taking a selfie,BC,user2
training_0860,HAU,HAU/user2/3-2-2,multi,Which of the following actions appear in this video?,Calling,Walking,Reading,Turning a page,BCD,user2
training_0861,HAU,HAU/user2/3-2-3,multi,Which of the following actions appear in this video?,Turning a page,Wiping surface,Reading,Lunges,AC,user2
training_0862,HAU,HAU/user2/4-1-1,multi,Which of the following actions appear in this video?,Using a phone,Mopping,Undressing,Taking a selfie,A,user2
training_0863,HAU,HAU/user2/4-1-2,multi,Which of the following actions appear in this video?,Using a phone,Walking,Writing,Folding clothes,ABC,user2
training_0864,HAU,HAU/user2/4-1-3,multi,Which of the following actions appear in this video?,Using a phone,Grabbing utensils,Walking,Washing face,AC,user2
training_0865,HAU,HAU/user2/4-2-1,multi,Which of the following actions appear in this video?,Drinking,Taking a selfie,Grabbing utensils,Eating,ACD,user2
training_0866,HAU,HAU/user2/4-2-2,multi,Which of the following actions appear in this video?,Mopping,Combing hair,Grabbing utensils,Washing dishes,C,user2
training_0867,HAU,HAU/user2/4-2-3,multi,Which of the following actions appear in this video?,Running,Grabbing utensils,Watching TV,Listening to the music with headphones,B,user2
training_0868,HAU,HAU/user2/4-3-1,multi,Which of the following actions appear in this video?,Walking,Sweeping,Massaging oneself,Lunges,A,user2
training_0869,HAU,HAU/user2/4-3-2,multi,Which of the following actions appear in this video?,Lying down,Eating,Sitting down,Writing,CD,user2
training_0870,HAU,HAU/user2/4-3-3,multi,Which of the following actions appear in this video?,Writing,Grabbing utensils,Standing up,Walking,ACD,user2
training_0871,HAU,HAU/user2/5-1-1,multi,Which of the following actions appear in this video?,Jumping jacks,Squats,Taking medicine,Running,ABD,user2
training_0872,HAU,HAU/user2/5-1-2,multi,Which of the following actions appear in this video?,Typing on a keyboard,Running,Squats,Jumping jacks,BCD,user2
training_0873,HAU,HAU/user2/5-1-3,multi,Which of the following actions appear in this video?,Jumping jacks,Mopping,Washing face,Standing up,A,user2
training_0874,HAU,HAU/user2/5-2-1,multi,Which of the following actions appear in this video?,Mopping,Taking a selfie,Walking,Peeling fruit,CD,user2
training_0875,HAU,HAU/user2/5-2-2,multi,Which of the following actions appear in this video?,Wiping surface,Peeling fruit,Walking,Eating,BCD,user2
training_0876,HAU,HAU/user2/5-2-3,multi,Which of the following actions appear in this video?,Mopping,Reading,Calling,Eating,D,user2
training_0877,HAU,HAU/user2/6-1-1,multi,Which of the following actions appear in this video?,Stirring,Using a phone,Lying down,Running,ABD,user2
training_0878,HAU,HAU/user2/6-1-2,multi,Which of the following actions appear in this video?,Brushing teeth,Walking,Stirring,Listening to the music with headphones,BCD,user2
training_0879,HAU,HAU/user2/7-1-1,multi,Which of the following actions appear in this video?,Squats,Taking medicine,Brushing teeth,Sitting down,BD,user2
training_0880,HAU,HAU/user2/7-1-2,multi,Which of the following actions appear in this video?,Checking the time,Taking medicine,Sitting down,Washing dishes,BC,user2
training_0881,HAU,HAU/user2/7-1-3,multi,Which of the following actions appear in this video?,Listening to the music with headphones,Taking medicine,Taking a selfie,Washing dishes,B,user2
training_0882,HAU,HAU/user2/7-2-1,multi,Which of the following actions appear in this video?,Peeling fruit,Walking,Typing on a keyboard,Writing,AB,user2
training_0883,HAU,HAU/user2/7-2-2,multi,Which of the following actions appear in this video?,Eating,Peeling fruit,Folding clothes,Walking,ABD,user2
training_0884,HAU,HAU/user2/7-2-3,multi,Which of the following actions appear in this video?,Walking,Wiping hands,Jumping jacks,Reading,A,user2
training_0885,HAU,HAU/user2/7-3-1,multi,Which of the following actions appear in this video?,Washing face,Eating,Using a phone,Watching TV,C,user2
training_0886,HAU,HAU/user2/7-3-2,multi,Which of the following actions appear in this video?,Pouring,Drinking,Walking,Folding clothes,C,user2
training_0887,HAU,HAU/user2/7-3-3,multi,Which of the following actions appear in this video?,Sitting down,Drinking,Mopping,Turning a page,A,user2
training_0888,HAU,HAU/user3/1-1-1,multi,Which of the following actions appear in this video?,Standing up,Stirring,Checking the time,Taking a selfie,C,user3
training_0889,HAU,HAU/user3/1-1-2,multi,Which of the following actions appear in this video?,Running,Combing hair,Getting dressed,Eating,C,user3
training_0890,HAU,HAU/user3/1-1-3,multi,Which of the following actions appear in this video?,Brushing teeth,Wiping surface,Getting dressed,Lunges,C,user3
training_0891,HAU,HAU/user3/1-2-1,multi,Which of the following actions appear in this video?,Walking,Sitting down,Listening to the music with headphones,Drinking,ACD,user3
training_0892,HAU,HAU/user3/1-2-2,multi,Which of the following actions appear in this video?,Folding clothes,Wiping hands,Walking,Massaging oneself,C,user3
training_0893,HAU,HAU/user3/1-2-3,multi,Which of the following actions appear in this video?,Checking body temperature,Taking medicine,Undressing,Drinking,D,user3
training_0894,HAU,HAU/user3/2-1-1,multi,Which of the following actions appear in this video?,Reading,Massaging oneself,Lying down,Peeling fruit,C,user3
training_0895,HAU,HAU/user3/2-1-2,multi,Which of the following actions appear in this video?,Walking,Stretching,Running,Typing on a keyboard,ABC,user3
training_0896,HAU,HAU/user3/2-1-3,multi,Which of the following actions appear in this video?,Washing face,Stretching,Pouring,Running,BD,user3
training_0897,HAU,HAU/user3/2-2-1,multi,Which of the following actions appear in this video?,Wiping hands,Massaging oneself,Lying down,Checking body temperature,BD,user3
training_0898,HAU,HAU/user3/2-2-2,multi,Which of the following actions appear in this video?,Checking body temperature,Checking the time,Massaging oneself,Walking,ACD,user3
training_0899,HAU,HAU/user3/2-2-3,multi,Which of the following actions appear in this video?,Massaging oneself,Taking medicine,Listening to the music with headphones,Lying down,AB,user3
training_0900,HAU,HAU/user3/3-1-1,multi,Which of the following actions appear in this video?,Lying down,Washing dishes,Stretching,Checking body temperature,B,user3
training_0901,HAU,HAU/user3/3-1-2,multi,Which of the following actions appear in this video?,Reading,Washing dishes,Getting dressed,Peeling fruit,BD,user3
training_0902,HAU,HAU/user3/3-1-3,multi,Which of the following actions appear in this video?,Taking medicine,Sitting down,Wiping surface,Washing dishes,D,user3
training_0903,HAU,HAU/user3/3-2-1,multi,Which of the following actions appear in this video?,Calling,Squats,Sitting down,Pouring,AC,user3
training_0904,HAU,HAU/user3/3-2-2,multi,Which of the following actions appear in this video?,Grabbing utensils,Walking,Eating,Pouring,B,user3
training_0905,HAU,HAU/user3/3-2-3,multi,Which of the following actions appear in this video?,Walking,Drinking,Calling,Listening to the music with headphones,ACD,user3
training_0906,HAU,HAU/user3/4-1-1,multi,Which of the following actions appear in this video?,Combing hair,Wiping hands,Reading,Checking the time,C,user3
training_0907,HAU,HAU/user3/4-1-2,multi,Which of the following actions appear in this video?,Reading,Drinking,Eating,Getting dressed,ABC,user3
training_0908,HAU,HAU/user3/4-1-3,multi,Which of the following actions appear in this video?,Playing games,Eating,Grabbing utensils,Turning a page,BCD,user3
training_0909,HAU,HAU/user3/5-1-1,multi,Which of the following actions appear in this video?,Combing hair,Grabbing utensils,Undressing,Drinking,BD,user3
training_0910,HAU,HAU/user3/5-1-2,multi,Which of the following actions appear in this video?,Stretching,Drinking,Turning a page,Squats,B,user3
training_0911,HAU,HAU/user3/5-1-3,multi,Which of the following actions appear in this video?,Drinking,Getting dressed,Pouring,Massaging oneself,AC,user3
training_0912,HAU,HAU/user3/5-2-1,multi,Which of the following actions appear in this video?,Writing,Grabbing utensils,Mopping,Walking,BD,user3
training_0913,HAU,HAU/user3/5-2-2,multi,Which of the following actions appear in this video?,Reading,Listening to the music with headphones,Turning a page,Lying down,ABC,user3
training_0914,HAU,HAU/user3/5-2-3,multi,Which of the following actions appear in this video?,Lying down,Turning a page,Calling,Typing on a keyboard,B,user3
training_0915,HAU,HAU/user3/6-1-1,multi,Which of the following actions appear in this video?,Listening to the music with headphones,Walking,Brushing teeth,Sitting down,B,user3
training_0916,HAU,HAU/user3/6-1-2,multi,Which of the following actions appear in this video?,Eating,Washing face,Walking,Drinking,ACD,user3
training_0917,HAU,HAU/user3/6-1-3,multi,Which of the following actions appear in this video?,Getting dressed,Eating,Grabbing utensils,Walking,BCD,user3
training_0918,HAU,HAU/user3/6-2-1,multi,Which of the following actions appear in this video?,Playing games,Getting dressed,Watching TV,Standing up,D,user3
training_0919,HAU,HAU/user3/6-2-2,multi,Which of the following actions appear in this video?,Sweeping,Stretching,Walking,Watching TV,AC,user3
training_0920,HAU,HAU/user3/6-2-3,multi,Which of the following actions appear in this video?,Pouring,Sitting down,Drinking,Checking the time,BD,user3
training_0921,HAU,HAU/user3/7-1-1,multi,Which of the following actions appear in this video?,Stretching,Getting dressed,Wiping surface,Eating,AD,user3
training_0922,HAU,HAU/user3/7-1-2,multi,Which of the following actions appear in this video?,Checking body temperature,Taking medicine,Mopping,Lunges,B,user3
training_0923,HAU,HAU/user3/7-1-3,multi,Which of the following actions appear in this video?,Grabbing utensils,Drinking,Checking the time,Walking,ABD,user3
training_0924,HAU,HAU/user4/1-1-1,multi,Which of the following actions appear in this video?,Typing on a keyboard,Wiping hands,Using a phone,Washing face,BD,user4
training_0925,HAU,HAU/user4/1-1-2,multi,Which of the following actions appear in this video?,Grabbing utensils,Wiping hands,Peeling fruit,Brushing teeth,B,user4
training_0926,HAU,HAU/user4/1-1-3,multi,Which of the following actions appear in this video?,Wiping hands,Sweeping,Washing face,Turning a page,AC,user4
training_0927,HAU,HAU/user4/1-2-1,multi,Which of the following actions appear in this video?,Lunges,Stirring,Getting dressed,Grabbing utensils,BD,user4
training_0928,HAU,HAU/user4/1-2-2,multi,Which of the following actions appear in this video?,Washing dishes,Stirring,Squats,Peeling fruit,BD,user4
training_0929,HAU,HAU/user4/1-2-3,multi,Which of the following actions appear in this video?,Stirring,Standing up,Stretching,Playing games,A,user4
training_0930,HAU,HAU/user4/2-1-1,multi,Which of the following actions appear in this video?,Grabbing utensils,Drinking,Eating,Getting dressed,ABC,user4
training_0931,HAU,HAU/user4/2-1-2,multi,Which of the following actions appear in this video?,Reading,Washing face,Peeling fruit,Grabbing utensils,CD,user4
training_0932,HAU,HAU/user4/2-1-3,multi,Which of the following actions appear in this video?,Wiping hands,Eating,Standing up,Checking the time,BC,user4
training_0933,HAU,HAU/user4/2-2-1,multi,Which of the following actions appear in this video?,Mopping,Taking medicine,Standing up,Sweeping,AD,user4
training_0934,HAU,HAU/user4/2-2-2,multi,Which of the following actions appear in this video?,Mopping,Walking,Sweeping,Washing dishes,ABC,user4
training_0935,HAU,HAU/user4/2-2-3,multi,Which of the following actions appear in this video?,Stretching,Wiping surface,Mopping,Sweeping,CD,user4
training_0936,HAU,HAU/user4/3-2-1,multi,Which of the following actions appear in this video?,Pouring,Jumping jacks,Mopping,Squats,B,user4
training_0937,HAU,HAU/user4/3-2-2,multi,Which of the following actions appear in this video?,Using a phone,Standing up,Running,Lunges,ABC,user4
training_0938,HAU,HAU/user4/3-2-3,multi,Which of the following actions appear in this video?,Folding clothes,Typing on a keyboard,Using a phone,Lunges,C,user4
training_0939,HAU,HAU/user4/4-1-1,multi,Which of the following actions appear in this video?,Getting dressed,Calling,Sitting down,Playing games,B,user4
training_0940,HAU,HAU/user4/4-1-2,multi,Which of the following actions appear in this video?,Calling,Typing on a keyboard,Writing,Getting dressed,ABC,user4
training_0941,HAU,HAU/user4/4-1-3,multi,Which of the following actions appear in this video?,Listening to the music with headphones,Writing,Lying down,Squats,B,user4
training_0942,HAU,HAU/user4/4-2-1,multi,Which of the following actions appear in this video?,Washing face,Walking,Washing dishes,Drinking,BCD,user4
training_0943,HAU,HAU/user4/4-2-2,multi,Which of the following actions appear in this video?,Washing face,Washing dishes,Drinking,Folding clothes,BC,user4
training_0944,HAU,HAU/user4/4-2-3,multi,Which of the following actions appear in this video?,Taking a selfie,Washing dishes,Walking,Washing face,BC,user4
training_0945,HAU,HAU/user4/5-1-1,multi,Which of the following actions appear in this video?,Stirring,Standing up,Writing,Calling,A,user4
training_0946,HAU,HAU/user4/5-1-2,multi,Which of the following actions appear in this video?,Washing face,Eating,Calling,Writing,B,user4
training_0947,HAU,HAU/user4/5-1-3,multi,Which of the following actions appear in this video?,Eating,Taking medicine,Stirring,Squats,AC,user4
training_0948,HAU,HAU/user4/5-2-1,multi,Which of the following actions appear in this video?,Typing on a keyboard,Watching TV,Grabbing utensils,Checking the time,AD,user4
training_0949,HAU,HAU/user4/5-2-2,multi,Which of the following actions appear in this video?,Undressing,Typing on a keyboard,Sitting down,Stretching,ABC,user4
training_0950,HAU,HAU/user4/5-2-3,multi,Which of the following actions appear in this video?,Walking,Grabbing utensils,Checking the time,Getting dressed,ACD,user4
training_0951,HAU,HAU/user4/6-1-1,multi,Which of the following actions appear in this video?,Standing up,Peeling fruit,Calling,Listening to the music with headphones,BCD,user4
training_0952,HAU,HAU/user4/6-1-2,multi,Which of the following actions appear in this video?,Peeling fruit,Using a phone,Massaging oneself,Running,ABC,user4
training_0953,HAU,HAU/user4/6-1-3,multi,Which of the following actions appear in this video?,Undressing,Listening to the music with headphones,Massaging oneself,Sweeping,BC,user4
training_0954,HAU,HAU/user4/7-1-1,multi,Which of the following actions appear in this video?,Taking medicine,Sitting down,Washing face,Peeling fruit,AD,user4
training_0955,HAU,HAU/user4/7-1-2,multi,Which of the following actions appear in this video?,Watching TV,Stretching,Peeling fruit,Taking medicine,CD,user4
training_0956,HAU,HAU/user4/7-1-3,multi,Which of the following actions appear in this video?,Sitting down,Walking,Brushing teeth,Wiping surface,B,user4
training_0957,HAU,HAU/user4/7-2-1,multi,Which of the following actions appear in this video?,Sitting down,Standing up,Massaging oneself,Sweeping,ABC,user4
training_0958,HAU,HAU/user4/7-2-2,multi,Which of the following actions appear in this video?,Lunges,Massaging oneself,Writing,Getting dressed,B,user4
training_0959,HAU,HAU/user4/7-2-3,multi,Which of the following actions appear in this video?,Stretching,Sitting down,Walking,Standing up,BCD,user4
training_0960,HAU,HAU/user5/1-1-1,multi,Which of the following actions appear in this video?,Washing face,Turning a page,Wiping surface,Combing hair,AD,user5
training_0961,HAU,HAU/user5/1-1-2,multi,Which of the following actions appear in this video?,Running,Combing hair,Undressing,Washing face,BD,user5
training_0962,HAU,HAU/user5/1-1-3,multi,Which of the following actions appear in this video?,Mopping,Washing face,Playing games,Lying down,B,user5
training_0963,HAU,HAU/user5/1-2-1,multi,Which of the following actions appear in this video?,Peeling fruit,Pouring,Lying down,Reading,AB,user5
training_0964,HAU,HAU/user5/1-2-2,multi,Which of the following actions appear in this video?,Brushing teeth,Sweeping,Pouring,Walking,CD,user5
training_0965,HAU,HAU/user5/1-2-3,multi,Which of the following actions appear in this video?,Turning a page,Playing games,Typing on a keyboard,Pouring,D,user5
training_0966,HAU,HAU/user5/2-1-1,multi,Which of the following actions appear in this video?,Sweeping,Massaging oneself,Drinking,Eating,CD,user5
training_0967,HAU,HAU/user5/2-1-2,multi,Which of the following actions appear in this video?,Turning a page,Calling,Peeling fruit,Jumping jacks,AC,user5
training_0968,HAU,HAU/user5/2-1-3,multi,Which of the following actions appear in this video?,Washing face,Listening to the music with headphones,Typing on a keyboard,Eating,D,user5
training_0969,HAU,HAU/user5/3-1-1,multi,Which of the following actions appear in this video?,Reading,Stirring,Sitting down,Washing face,AC,user5
training_0970,HAU,HAU/user5/3-1-2,multi,Which of the following actions appear in this video?,Turning a page,Massaging oneself,Standing up,Reading,ACD,user5
training_0971,HAU,HAU/user5/3-1-3,multi,Which of the following actions appear in this video?,Grabbing utensils,Taking a selfie,Sweeping,Brushing teeth,C,user5
training_0972,HAU,HAU/user5/3-2-1,multi,Which of the following actions appear in this video?,Drinking,Peeling fruit,Getting dressed,Writing,AB,user5
training_0973,HAU,HAU/user5/3-2-2,multi,Which of the following actions appear in this video?,Massaging oneself,Peeling fruit,Standing up,Eating,BD,user5
training_0974,HAU,HAU/user5/3-2-3,multi,Which of the following actions appear in this video?,Sweeping,Watching TV,Drinking,Standing up,C,user5
training_0975,HAU,HAU/user5/4-1-1,multi,Which of the following actions appear in this video?,Playing games,Calling,Reading,Checking the time,BD,user5
training_0976,HAU,HAU/user5/4-1-2,multi,Which of the following actions appear in this video?,Checking the time,Listening to the music with headphones,Typing on a keyboard,Wiping hands,AC,user5
training_0977,HAU,HAU/user5/4-1-3,multi,Which of the following actions appear in this video?,Taking medicine,Checking the time,Calling,Typing on a keyboard,BCD,user5
training_0978,HAU,HAU/user5/4-2-1,multi,Which of the following actions appear in this video?,Using a phone,Typing on a keyboard,Walking,Jumping jacks,C,user5
training_0979,HAU,HAU/user5/4-2-2,multi,Which of the following actions appear in this video?,Wiping surface,Sitting down,Using a phone,Stirring,D,user5
training_0980,HAU,HAU/user5/4-2-3,multi,Which of the following actions appear in this video?,Pouring,Running,Walking,Stirring,ACD,user5
training_0981,HAU,HAU/user5/4-3-1,multi,Which of the following actions appear in this video?,Mopping,Walking,Running,Reading,BD,user5
training_0982,HAU,HAU/user5/4-3-2,multi,Which of the following actions appear in this video?,Running,Turning a page,Walking,Reading,BCD,user5
training_0983,HAU,HAU/user5/4-3-3,multi,Which of the following actions appear in this video?,Jumping jacks,Combing hair,Walking,Typing on a keyboard,C,user5
training_0984,HAU,HAU/user5/5-1-1,multi,Which of the following actions appear in this video?,Using a phone,Typing on a keyboard,Mopping,Walking,CD,user5
training_0985,HAU,HAU/user5/5-1-2,multi,Which of the following actions appear in this video?,Mopping,Wiping surface,Checking the time,Walking,ABD,user5
training_0986,HAU,HAU/user5/5-1-3,multi,Which of the following actions appear in this video?,Mopping,Brushing teeth,Walking,Wiping surface,ACD,user5
training_0987,HAU,HAU/user5/5-2-1,multi,Which of the following actions appear in this video?,Checking the time,Lying down,Stretching,Typing on a keyboard,BC,user5
training_0988,HAU,HAU/user5/5-2-2,multi,Which of the following actions appear in this video?,Stretching,Lying down,Watching TV,Walking,ABD,user5
training_0989,HAU,HAU/user5/5-2-3,multi,Which of the following actions appear in this video?,Walking,Taking a selfie,Drinking,Lying down,AD,user5
training_0990,HAU,HAU/user5/6-1-1,multi,Which of the following actions appear in this video?,Listening to the music with headphones,Checking the time,Walking,Drinking,C,user5
training_0991,HAU,HAU/user5/6-1-2,multi,Which of the following actions appear in this video?,Checking body temperature,Undressing,Lunges,Washing face,C,user5
training_0992,HAU,HAU/user5/6-1-3,multi,Which of the following actions appear in this video?,Folding clothes,Lunges,Wiping hands,Reading,B,user5
training_0993,HAU,HAU/user5/6-2-1,multi,Which of the following actions appear in this video?,Drinking,Using a phone,Washing dishes,Mopping,A,user5
training_0994,HAU,HAU/user5/6-2-2,multi,Which of the following actions appear in this video?,Drinking,Eating,Walking,Reading,ABC,user5
training_0995,HAU,HAU/user5/6-2-3,multi,Which of the following actions appear in this video?,Checking the time,Taking medicine,Drinking,Eating,CD,user5
training_0996,HAU,HAU/user5/7-1-1,multi,Which of the following actions appear in this video?,Folding clothes,Standing up,Sitting down,Walking,BCD,user5
training_0997,HAU,HAU/user5/7-1-2,multi,Which of the following actions appear in this video?,Sitting down,Washing dishes,Washing face,Wiping hands,A,user5
training_0998,HAU,HAU/user5/7-1-3,multi,Which of the following actions appear in this video?,Sitting down,Washing dishes,Eating,Turning a page,A,user5
training_0999,HAU,HAU/user5/7-2-1,multi,Which of the following actions appear in this video?,Pouring,Walking,Wiping surface,Drinking,ABD,user5
training_1000,HAU,HAU/user5/7-2-2,multi,Which of the following actions appear in this video?,Wiping hands,Pouring,Mopping,Calling,BC,user5
training_1001,HAU,HAU/user5/7-2-3,multi,Which of the following actions appear in this video?,Mopping,Walking,Drinking,Folding clothes,ABC,user5
training_1002,HAU,HAU/user6/1-1-1,multi,Which of the following actions appear in this video?,Calling,Mopping,Standing up,Walking,D,user6
training_1003,HAU,HAU/user6/1-1-2,multi,Which of the following actions appear in this video?,Eating,Brushing teeth,Walking,Checking body temperature,BC,user6
training_1004,HAU,HAU/user6/1-1-3,multi,Which of the following actions appear in this video?,Taking a selfie,Sitting down,Squats,Brushing teeth,D,user6
training_1005,HAU,HAU/user6/1-2-1,multi,Which of the following actions appear in this video?,Sitting down,Peeling fruit,Stretching,Drinking,BD,user6
training_1006,HAU,HAU/user6/1-2-2,multi,Which of the following actions appear in this video?,Eating,Stirring,Taking a selfie,Massaging oneself,AB,user6
training_1007,HAU,HAU/user6/1-2-3,multi,Which of the following actions appear in this video?,Mopping,Reading,Drinking,Undressing,C,user6
training_1008,HAU,HAU/user6/2-1-1,multi,Which of the following actions appear in this video?,Reading,Wiping hands,Taking a selfie,Stirring,D,user6
training_1009,HAU,HAU/user6/2-1-2,multi,Which of the following actions appear in this video?,Grabbing utensils,Pouring,Lying down,Stirring,ABD,user6
training_1010,HAU,HAU/user6/2-1-3,multi,Which of the following actions appear in this video?,Grabbing utensils,Stirring,Walking,Calling,AB,user6
training_1011,HAU,HAU/user6/2-2-1,multi,Which of the following actions appear in this video?,Mopping,Wiping hands,Standing up,Jumping jacks,B,user6
training_1012,HAU,HAU/user6/2-2-2,multi,Which of the following actions appear in this video?,Mopping,Combing hair,Drinking,Sweeping,B,user6
training_1013,HAU,HAU/user6/2-2-3,multi,Which of the following actions appear in this video?,Taking a selfie,Combing hair,Brushing teeth,Lunges,B,user6
training_1014,HAU,HAU/user6/2-3-1,multi,Which of the following actions appear in this video?,Lunges,Taking medicine,Washing face,Peeling fruit,D,user6
training_1015,HAU,HAU/user6/2-3-2,multi,Which of the following actions appear in this video?,Playing games,Walking,Brushing teeth,Peeling fruit,BD,user6
training_1016,HAU,HAU/user6/2-3-3,multi,Which of the following actions appear in this video?,Walking,Watching TV,Sweeping,Listening to the music with headphones,A,user6
training_1017,HAU,HAU/user6/3-1-1,multi,Which of the following actions appear in this video?,Standing up,Walking,Squats,Watching TV,ABC,user6
training_1018,HAU,HAU/user6/3-1-2,multi,Which of the following actions appear in this video?,Eating,Walking,Calling,Squats,BD,user6
training_1019,HAU,HAU/user6/3-1-3,multi,Which of the following actions appear in this video?,Standing up,Brushing teeth,Running,Playing games,A,user6
training_1020,HAU,HAU/user6/3-2-1,multi,Which of the following actions appear in this video?,Lying down,Calling,Peeling fruit,Washing dishes,CD,user6
training_1021,HAU,HAU/user6/3-2-2,multi,Which of the following actions appear in this video?,Washing dishes,Drinking,Peeling fruit,Walking,ABC,user6
training_1022,HAU,HAU/user6/3-2-3,multi,Which of the following actions appear in this video?,Walking,Combing hair,Washing dishes,Drinking,CD,user6
training_1023,HAU,HAU/user6/3-3-1,multi,Which of the following actions appear in this video?,Washing face,Wiping surface,Stretching,Walking,BD,user6
training_1024,HAU,HAU/user6/3-3-2,multi,Which of the following actions appear in this video?,Stretching,Calling,Wiping surface,Walking,CD,user6
training_1025,HAU,HAU/user6/3-3-3,multi,Which of the following actions appear in this video?,Calling,Wiping surface,Massaging oneself,Walking,BD,user6
training_1026,HAU,HAU/user6/4-1-1,multi,Which of the following actions appear in this video?,Peeling fruit,Running,Walking,Typing on a keyboard,BD,user6
training_1027,HAU,HAU/user6/4-1-2,multi,Which of the following actions appear in this video?,Pouring,Jumping jacks,Standing up,Checking body temperature,C,user6
training_1028,HAU,HAU/user6/4-1-3,multi,Which of the following actions appear in this video?,Playing games,Massaging oneself,Mopping,Listening to the music with headphones,D,user6
training_1029,HAU,HAU/user6/5-1-1,multi,Which of the following actions appear in this video?,Wiping surface,Listening to the music with headphones,Turning a page,Playing games,B,user6
training_1030,HAU,HAU/user6/5-1-2,multi,Which of the following actions appear in this video?,Listening to the music with headphones,Using a phone,Peeling fruit,Checking body temperature,AB,user6
training_1031,HAU,HAU/user6/5-1-3,multi,Which of the following actions appear in this video?,Using a phone,Grabbing utensils,Walking,Folding clothes,A,user6
training_1032,HAU,HAU/user6/5-2-1,multi,Which of the following actions appear in this video?,Running,Typing on a keyboard,Peeling fruit,Lying down,C,user6
training_1033,HAU,HAU/user6/5-2-2,multi,Which of the following actions appear in this video?,Peeling fruit,Running,Eating,Walking,ACD,user6
training_1034,HAU,HAU/user6/5-2-3,multi,Which of the following actions appear in this video?,Brushing teeth,Eating,Stretching,Peeling fruit,BD,user6
training_1035,HAU,HAU/user6/5-3-1,multi,Which of the following actions appear in this video?,Wiping hands,Taking a selfie,Drinking,Typing on a keyboard,C,user6
training_1036,HAU,HAU/user6/5-3-2,multi,Which of the following actions appear in this video?,Standing up,Washing face,Grabbing utensils,Reading,C,user6
training_1037,HAU,HAU/user6/5-3-3,multi,Which of the following actions appear in this video?,Taking medicine,Sitting down,Undressing,Lunges,B,user6
training_1038,HAU,HAU/user6/6-1-1,multi,Which of the following actions appear in this video?,Lying down,Undressing,Reading,Lunges,AD,user6
training_1039,HAU,HAU/user6/6-1-2,multi,Which of the following actions appear in this video?,Grabbing utensils,Jumping jacks,Lying down,Lunges,BCD,user6
training_1040,HAU,HAU/user6/6-1-3,multi,Which of the following actions appear in this video?,Stretching,Washing face,Lunges,Lying down,CD,user6
training_1041,HAU,HAU/user6/6-2-1,multi,Which of the following actions appear in this video?,Lunges,Undressing,Watching TV,Checking the time,D,user6
training_1042,HAU,HAU/user6/6-2-2,multi,Which of the following actions appear in this video?,Running,Eating,Washing face,Watching TV,B,user6
training_1043,HAU,HAU/user6/6-2-3,multi,Which of the following actions appear in this video?,Sweeping,Getting dressed,Playing games,Reading,A,user6
training_1044,HAU,HAU/user6/7-1-1,multi,Which of the following actions appear in this video?,Brushing teeth,Pouring,Sitting down,Massaging oneself,CD,user6
training_1045,HAU,HAU/user6/7-1-2,multi,Which of the following actions appear in this video?,Sitting down,Writing,Lying down,Drinking,A,user6
training_1046,HAU,HAU/user6/7-1-3,multi,Which of the following actions appear in this video?,Sitting down,Lunges,Massaging oneself,Using a phone,AC,user6
training_1047,HAU,HAU/user6/7-2-1,multi,Which of the following actions appear in this video?,Washing face,Pouring,Eating,Sitting down,BC,user6
training_1048,HAU,HAU/user6/7-2-2,multi,Which of the following actions appear in this video?,Squats,Washing dishes,Taking a selfie,Grabbing utensils,D,user6
training_1049,HAU,HAU/user6/7-2-3,multi,Which of the following actions appear in this video?,Eating,Grabbing utensils,Checking body temperature,Stirring,ABD,user6
training_1050,HAU,HAU/user6/7-3-1,multi,Which of the following actions appear in this video?,Turning a page,Sitting down,Grabbing utensils,Jumping jacks,AB,user6
training_1051,HAU,HAU/user6/7-3-2,multi,Which of the following actions appear in this video?,Walking,Squats,Listening to the music with headphones,Reading,AD,user6
training_1052,HAU,HAU/user6/7-3-3,multi,Which of the following actions appear in this video?,Watching TV,Lunges,Wiping hands,Sitting down,D,user6
training_1053,HAU,HAU/user7/1-1-1,multi,Which of the following actions appear in this video?,Stirring,Jumping jacks,Brushing teeth,Squats,C,user7
training_1054,HAU,HAU/user7/1-1-2,multi,Which of the following actions appear in this video?,Grabbing utensils,Walking,Sitting down,Wiping hands,D,user7
training_1055,HAU,HAU/user7/1-1-3,multi,Which of the following actions appear in this video?,Standing up,Grabbing utensils,Listening to the music with headphones,Brushing teeth,D,user7
training_1056,HAU,HAU/user7/1-2-1,multi,Which of the following actions appear in this video?,Wiping hands,Lying down,Taking a selfie,Writing,C,user7
training_1057,HAU,HAU/user7/1-2-2,multi,Which of the following actions appear in this video?,Mopping,Taking a selfie,Wiping surface,Checking the time,BD,user7
training_1058,HAU,HAU/user7/1-2-3,multi,Which of the following actions appear in this video?,Walking,Listening to the music with headphones,Washing face,Grabbing utensils,AD,user7
training_1059,HAU,HAU/user7/2-1-1,multi,Which of the following actions appear in this video?,Wiping hands,Lunges,Grabbing utensils,Standing up,C,user7
training_1060,HAU,HAU/user7/2-1-2,multi,Which of the following actions appear in this video?,Running,Grabbing utensils,Walking,Checking body temperature,B,user7
training_1061,HAU,HAU/user7/2-1-3,multi,Which of the following actions appear in this video?,Sitting down,Stretching,Wiping hands,Pouring,D,user7
training_1062,HAU,HAU/user7/2-2-1,multi,Which of the following actions appear in this video?,Turning a page,Brushing teeth,Stirring,Mopping,C,user7
training_1063,HAU,HAU/user7/2-2-2,multi,Which of the following actions appear in this video?,Lunges,Wiping surface,Writing,Jumping jacks,BD,user7
training_1064,HAU,HAU/user7/2-2-3,multi,Which of the following actions appear in this video?,Taking medicine,Sitting down,Watching TV,Mopping,B,user7
training_1065,HAU,HAU/user7/3-1-1,multi,Which of the following actions appear in this video?,Mopping,Running,Writing,Sweeping,ABD,user7
training_1066,HAU,HAU/user7/3-1-2,multi,Which of the following actions appear in this video?,Taking a selfie,Undressing,Running,Sweeping,CD,user7
training_1067,HAU,HAU/user7/3-1-3,multi,Which of the following actions appear in this video?,Mopping,Wiping hands,Stretching,Sweeping,ACD,user7
training_1068,HAU,HAU/user7/3-2-1,multi,Which of the following actions appear in this video?,Grabbing utensils,Walking,Wiping surface,Checking body temperature,AB,user7
training_1069,HAU,HAU/user7/3-2-2,multi,Which of the following actions appear in this video?,Walking,Reading,Massaging oneself,Sitting down,A,user7
training_1070,HAU,HAU/user7/3-2-3,multi,Which of the following actions appear in this video?,Undressing,Walking,Brushing teeth,Calling,B,user7
training_1071,HAU,HAU/user7/3-3-1,multi,Which of the following actions appear in this video?,Walking,Wiping surface,Watching TV,Grabbing utensils,AB,user7
training_1073,HAU,HAU/user7/3-3-3,multi,Which of the following actions appear in this video?,Washing dishes,Wiping surface,Getting dressed,Walking,BD,user7
training_1074,HAU,HAU/user7/4-1-1,multi,Which of the following actions appear in this video?,Massaging oneself,Taking medicine,Checking body temperature,Walking,BCD,user7
training_1075,HAU,HAU/user7/4-1-2,multi,Which of the following actions appear in this video?,Pouring,Getting dressed,Washing dishes,Typing on a keyboard,D,user7
training_1076,HAU,HAU/user7/4-1-3,multi,Which of the following actions appear in this video?,Typing on a keyboard,Checking the time,Reading,Playing games,ABC,user7
training_1077,HAU,HAU/user7/5-1-1,multi,Which of the following actions appear in this video?,Watching TV,Typing on a keyboard,Running,Washing dishes,A,user7
training_1078,HAU,HAU/user7/5-1-2,multi,Which of the following actions appear in this video?,Checking the time,Undressing,Taking medicine,Playing games,B,user7
training_1079,HAU,HAU/user7/5-1-3,multi,Which of the following actions appear in this video?,Undressing,Watching TV,Wiping hands,Taking a selfie,AB,user7
training_1080,HAU,HAU/user7/5-2-1,multi,Which of the following actions appear in this video?,Drinking,Walking,Checking the time,Washing dishes,AB,user7
training_1081,HAU,HAU/user7/5-2-2,multi,Which of the following actions appear in this video?,Stirring,Wiping surface,Combing hair,Reading,A,user7
training_1082,HAU,HAU/user7/5-2-3,multi,Which of the following actions appear in this video?,Walking,Checking body temperature,Taking a selfie,Combing hair,A,user7
training_1083,HAU,HAU/user7/5-3-1,multi,Which of the following actions appear in this video?,Taking a selfie,Eating,Walking,Standing up,BC,user7
training_1084,HAU,HAU/user7/5-3-2,multi,Which of the following actions appear in this video?,Checking the time,Walking,Eating,Calling,BC,user7
training_1085,HAU,HAU/user7/5-3-3,multi,Which of the following actions appear in this video?,Combing hair,Grabbing utensils,Walking,Sitting down,BCD,user7
training_1086,HAU,HAU/user7/6-1-1,multi,Which of the following actions appear in this video?,Walking,Undressing,Playing games,Lying down,AB,user7
training_1087,HAU,HAU/user7/6-1-2,multi,Which of the following actions appear in this video?,Folding clothes,Reading,Checking body temperature,Stretching,A,user7
training_1088,HAU,HAU/user7/6-1-3,multi,Which of the following actions appear in this video?,Stirring,Writing,Stretching,Folding clothes,D,user7
training_1089,HAU,HAU/user7/6-2-1,multi,Which of the following actions appear in this video?,Writing,Squats,Listening to the music with headphones,Reading,C,user7
training_1090,HAU,HAU/user7/6-2-2,multi,Which of the following actions appear in this video?,Washing face,Massaging oneself,Folding clothes,Listening to the music with headphones,D,user7
training_1091,HAU,HAU/user7/6-2-3,multi,Which of the following actions appear in this video?,Sitting down,Lunges,Listening to the music with headphones,Brushing teeth,C,user7
training_1092,HAU,HAU/user7/6-3-1,multi,Which of the following actions appear in this video?,Squats,Lying down,Mopping,Typing on a keyboard,D,user7
training_1094,HAU,HAU/user7/6-3-3,multi,Which of the following actions appear in this video?,Walking,Peeling fruit,Pouring,Sitting down,AD,user7
training_1095,HAU,HAU/user7/7-1-1,multi,Which of the following actions appear in this video?,Listening to the music with headphones,Checking the time,Sitting down,Checking body temperature,ACD,user7
training_1096,HAU,HAU/user7/7-1-2,multi,Which of the following actions appear in this video?,Folding clothes,Turning a page,Brushing teeth,Listening to the music with headphones,D,user7
training_1097,HAU,HAU/user7/7-1-3,multi,Which of the following actions appear in this video?,Listening to the music with headphones,Lunges,Jumping jacks,Checking body temperature,AD,user7
training_1098,HAU,HAU/user7/7-2-1,multi,Which of the following actions appear in this video?,Stretching,Listening to the music with headphones,Sitting down,Peeling fruit,D,user7
training_1099,HAU,HAU/user7/7-2-2,multi,Which of the following actions appear in this video?,Peeling fruit,Sitting down,Eating,Listening to the music with headphones,AC,user7
training_1100,HAU,HAU/user7/7-2-3,multi,Which of the following actions appear in this video?,Typing on a keyboard,Sitting down,Peeling fruit,Wiping hands,CD,user7
training_1101,HAU,HAU/user8/1-1-1,multi,Which of the following actions appear in this video?,Jumping jacks,Wiping surface,Brushing teeth,Turning a page,C,user8
training_1102,HAU,HAU/user8/1-1-2,multi,Which of the following actions appear in this video?,Brushing teeth,Drinking,Eating,Using a phone,A,user8
training_1103,HAU,HAU/user8/1-1-3,multi,Which of the following actions appear in this video?,Sitting down,Brushing teeth,Standing up,Squats,B,user8
training_1104,HAU,HAU/user8/1-2-1,multi,Which of the following actions appear in this video?,Wiping surface,Sitting down,Listening to the music with headphones,Calling,BCD,user8
training_1105,HAU,HAU/user8/1-2-2,multi,Which of the following actions appear in this video?,Wiping surface,Calling,Walking,Squats,BC,user8
training_1106,HAU,HAU/user8/1-2-3,multi,Which of the following actions appear in this video?,Calling,Taking a selfie,Wiping hands,Lunges,AB,user8
training_1107,HAU,HAU/user8/2-1-1,multi,Which of the following actions appear in this video?,Grabbing utensils,Listening to the music with headphones,Massaging oneself,Sitting down,BD,user8
training_1108,HAU,HAU/user8/2-1-2,multi,Which of the following actions appear in this video?,Sitting down,Calling,Taking a selfie,Checking the time,ABD,user8
training_1109,HAU,HAU/user8/2-1-3,multi,Which of the following actions appear in this video?,Running,Calling,Sweeping,Sitting down,BD,user8
training_1110,HAU,HAU/user8/2-2-1,multi,Which of the following actions appear in this video?,Listening to the music with headphones,Walking,Typing on a keyboard,Taking medicine,B,user8
training_1111,HAU,HAU/user8/2-2-2,multi,Which of the following actions appear in this video?,Brushing teeth,Lunges,Stirring,Walking,D,user8
training_1112,HAU,HAU/user8/2-2-3,multi,Which of the following actions appear in this video?,Wiping surface,Taking medicine,Using a phone,Walking,AD,user8
training_1113,HAU,HAU/user8/3-1-1,multi,Which of the following actions appear in this video?,Massaging oneself,Taking a selfie,Drinking,Mopping,D,user8
training_1114,HAU,HAU/user8/3-1-2,multi,Which of the following actions appear in this video?,Sweeping,Mopping,Lunges,Checking the time,AB,user8
training_1115,HAU,HAU/user8/3-1-3,multi,Which of the following actions appear in this video?,Sweeping,Pouring,Massaging oneself,Washing face,A,user8
training_1116,HAU,HAU/user8/3-2-1,multi,Which of the following actions appear in this video?,Stirring,Massaging oneself,Pouring,Writing,AC,user8
training_1117,HAU,HAU/user8/3-2-2,multi,Which of the following actions appear in this video?,Pouring,Undressing,Stirring,Massaging oneself,AC,user8
training_1118,HAU,HAU/user8/3-2-3,multi,Which of the following actions appear in this video?,Pouring,Folding clothes,Combing hair,Washing dishes,AD,user8
training_1119,HAU,HAU/user8/3-3-1,multi,Which of the following actions appear in this video?,Stirring,Calling,Wiping surface,Walking,CD,user8
training_1120,HAU,HAU/user8/3-3-2,multi,Which of the following actions appear in this video?,Walking,Wiping surface,Calling,Stirring,AB,user8
training_1121,HAU,HAU/user8/3-3-3,multi,Which of the following actions appear in this video?,Mopping,Drinking,Wiping surface,Pouring,C,user8
training_1122,HAU,HAU/user8/4-1-1,multi,Which of the following actions appear in this video?,Sitting down,Taking medicine,Listening to the music with headphones,Turning a page,ACD,user8
training_1123,HAU,HAU/user8/4-1-2,multi,Which of the following actions appear in this video?,Turning a page,Jumping jacks,Massaging oneself,Reading,AD,user8
training_1124,HAU,HAU/user8/4-1-3,multi,Which of the following actions appear in this video?,Jumping jacks,Taking medicine,Sitting down,Stretching,C,user8
training_1125,HAU,HAU/user8/4-2-1,multi,Which of the following actions appear in this video?,Getting dressed,Checking the time,Pouring,Walking,CD,user8
training_1126,HAU,HAU/user8/4-2-2,multi,Which of the following actions appear in this video?,Massaging oneself,Pouring,Peeling fruit,Stirring,BCD,user8
training_1127,HAU,HAU/user8/4-2-3,multi,Which of the following actions appear in this video?,Sweeping,Writing,Using a phone,Peeling fruit,D,user8
training_1128,HAU,HAU/user8/5-1-1,multi,Which of the following actions appear in this video?,Sweeping,Stretching,Listening to the music with headphones,Washing dishes,B,user8
training_1129,HAU,HAU/user8/5-1-2,multi,Which of the following actions appear in this video?,Reading,Massaging oneself,Lunges,Stretching,CD,user8
training_1130,HAU,HAU/user8/5-1-3,multi,Which of the following actions appear in this video?,Stretching,Standing up,Lunges,Washing face,ABC,user8
training_1131,HAU,HAU/user8/6-1-1,multi,Which of the following actions appear in this video?,Getting dressed,Stretching,Undressing,Combing hair,ABC,user8
training_1132,HAU,HAU/user8/6-1-2,multi,Which of the following actions appear in this video?,Stretching,Squats,Undressing,Playing games,ABC,user8
training_1133,HAU,HAU/user8/6-1-3,multi,Which of the following actions appear in this video?,Getting dressed,Squats,Listening to the music with headphones,Jumping jacks,AB,user8
training_1134,HAU,HAU/user8/6-2-1,multi,Which of the following actions appear in this video?,Checking the time,Massaging oneself,Jumping jacks,Undressing,AC,user8
training_1135,HAU,HAU/user8/6-2-2,multi,Which of the following actions appear in this video?,Undressing,Jumping jacks,Turning a page,Getting dressed,BC,user8
training_1136,HAU,HAU/user8/6-2-3,multi,Which of the following actions appear in this video?,Turning a page,Drinking,Massaging oneself,Using a phone,AB,user8
training_1137,HAU,HAU/user8/7-1-1,multi,Which of the following actions appear in this video?,Combing hair,Undressing,Washing dishes,Washing face,ABD,user8
training_1138,HAU,HAU/user8/7-1-2,multi,Which of the following actions appear in this video?,Getting dressed,Massaging oneself,Wiping hands,Folding clothes,ABC,user8
training_1139,HAU,HAU/user8/7-1-3,multi,Which of the following actions appear in this video?,Eating,Taking medicine,Wiping hands,Squats,BC,user8
training_1140,HAU,HAU/user8/7-2-1,multi,Which of the following actions appear in this video?,Standing up,Pouring,Jumping jacks,Taking medicine,BD,user8
training_1141,HAU,HAU/user8/7-2-2,multi,Which of the following actions appear in this video?,Listening to the music with headphones,Stirring,Taking medicine,Pouring,BCD,user8
training_1142,HAU,HAU/user8/7-2-3,multi,Which of the following actions appear in this video?,Peeling fruit,Pouring,Listening to the music with headphones,Eating,ABD,user8
training_1143,HAU,HAU/user9/1-1-1,multi,Which of the following actions appear in this video?,Getting dressed,Massaging oneself,Brushing teeth,Wiping hands,ACD,user9
training_1144,HAU,HAU/user9/1-1-2,multi,Which of the following actions appear in this video?,Listening to the music with headphones,Wiping hands,Combing hair,Brushing teeth,BCD,user9
training_1145,HAU,HAU/user9/1-1-3,multi,Which of the following actions appear in this video?,Undressing,Brushing teeth,Getting dressed,Wiping hands,BCD,user9
training_1146,HAU,HAU/user9/1-2-1,multi,Which of the following actions appear in this video?,Listening to the music with headphones,Checking the time,Reading,Walking,AD,user9
training_1147,HAU,HAU/user9/1-2-2,multi,Which of the following actions appear in this video?,Typing on a keyboard,Lunges,Using a phone,Eating,A,user9
training_1148,HAU,HAU/user9/1-2-3,multi,Which of the following actions appear in this video?,Wiping hands,Taking medicine,Lying down,Walking,D,user9
training_1149,HAU,HAU/user9/2-1-1,multi,Which of the following actions appear in this video?,Watching TV,Stirring,Lying down,Writing,B,user9
training_1150,HAU,HAU/user9/2-1-2,multi,Which of the following actions appear in this video?,Pouring,Stirring,Sweeping,Writing,AB,user9
training_1151,HAU,HAU/user9/2-1-3,multi,Which of the following actions appear in this video?,Pouring,Stirring,Getting dressed,Checking the time,AB,user9
training_1152,HAU,HAU/user9/2-2-1,multi,Which of the following actions appear in this video?,Squats,Walking,Playing games,Brushing teeth,AB,user9
training_1153,HAU,HAU/user9/2-2-2,multi,Which of the following actions appear in this video?,Lunges,Washing dishes,Walking,Jumping jacks,CD,user9
training_1154,HAU,HAU/user9/2-2-3,multi,Which of the following actions appear in this video?,Drinking,Squats,Jumping jacks,Massaging oneself,BC,user9
training_1155,HAU,HAU/user9/2-3-1,multi,Which of the following actions appear in this video?,Checking body temperature,Calling,Walking,Folding clothes,C,user9
training_1156,HAU,HAU/user9/2-3-2,multi,Which of the following actions appear in this video?,Peeling fruit,Checking body temperature,Walking,Undressing,AC,user9
training_1157,HAU,HAU/user9/2-3-3,multi,Which of the following actions appear in this video?,Using a phone,Stretching,Peeling fruit,Walking,CD,user9
training_1158,HAU,HAU/user9/3-1-1,multi,Which of the following actions appear in this video?,Undressing,Playing games,Folding clothes,Reading,AB,user9
training_1159,HAU,HAU/user9/3-1-2,multi,Which of the following actions appear in this video?,Drinking,Getting dressed,Playing games,Lunges,C,user9
training_1160,HAU,HAU/user9/3-1-3,multi,Which of the following actions appear in this video?,Grabbing utensils,Sitting down,Mopping,Playing games,D,user9
training_1161,HAU,HAU/user9/3-2-1,multi,Which of the following actions appear in this video?,Stretching,Standing up,Washing dishes,Drinking,D,user9
training_1162,HAU,HAU/user9/3-2-2,multi,Which of the following actions appear in this video?,Drinking,Stirring,Using a phone,Taking a selfie,AB,user9
training_1163,HAU,HAU/user9/3-2-3,multi,Which of the following actions appear in this video?,Sitting down,Stirring,Calling,Turning a page,B,user9
training_1164,HAU,HAU/user9/3-3-1,multi,Which of the following actions appear in this video?,Stirring,Sweeping,Mopping,Massaging oneself,BC,user9
training_1165,HAU,HAU/user9/3-3-2,multi,Which of the following actions appear in this video?,Running,Wiping hands,Mopping,Sweeping,CD,user9
training_1166,HAU,HAU/user9/3-3-3,multi,Which of the following actions appear in this video?,Jumping jacks,Drinking,Taking a selfie,Mopping,D,user9
training_1167,HAU,HAU/user9/4-1-1,multi,Which of the following actions appear in this video?,Reading,Checking the time,Washing dishes,Typing on a keyboard,ABD,user9
training_1168,HAU,HAU/user9/4-1-2,multi,Which of the following actions appear in this video?,Typing on a keyboard,Taking a selfie,Playing games,Standing up,A,user9
training_1169,HAU,HAU/user9/4-1-3,multi,Which of the following actions appear in this video?,Checking the time,Pouring,Wiping hands,Reading,AD,user9
training_1170,HAU,HAU/user9/4-2-1,multi,Which of the following actions appear in this video?,Walking,Drinking,Massaging oneself,Squats,A,user9
training_1171,HAU,HAU/user9/4-2-2,multi,Which of the following actions appear in this video?,Mopping,Lying down,Stretching,Squats,CD,user9
training_1172,HAU,HAU/user9/4-2-3,multi,Which of the following actions appear in this video?,Stirring,Lying down,Pouring,Walking,D,user9
training_1173,HAU,HAU/user9/4-3-1,multi,Which of the following actions appear in this video?,Walking,Lying down,Squats,Sitting down,AD,user9
training_1174,HAU,HAU/user9/4-3-2,multi,Which of the following actions appear in this video?,Walking,Checking body temperature,Listening to the music with headphones,Using a phone,A,user9
training_1175,HAU,HAU/user9/4-3-3,multi,Which of the following actions appear in this video?,Running,Getting dressed,Typing on a keyboard,Walking,CD,user9
training_1176,HAU,HAU/user9/5-1-1,multi,Which of the following actions appear in this video?,Listening to the music with headphones,Playing games,Jumping jacks,Standing up,ABD,user9
training_1177,HAU,HAU/user9/5-1-2,multi,Which of the following actions appear in this video?,Listening to the music with headphones,Brushing teeth,Standing up,Playing games,ACD,user9
training_1178,HAU,HAU/user9/5-1-3,multi,Which of the following actions appear in this video?,Playing games,Watching TV,Listening to the music with headphones,Standing up,ACD,user9
training_1179,HAU,HAU/user9/5-2-1,multi,Which of the following actions appear in this video?,Washing face,Wiping hands,Sitting down,Calling,B,user9
training_1180,HAU,HAU/user9/5-2-2,multi,Which of the following actions appear in this video?,Wiping hands,Peeling fruit,Combing hair,Playing games,AB,user9
training_1181,HAU,HAU/user9/5-2-3,multi,Which of the following actions appear in this video?,Undressing,Wiping hands,Playing games,Peeling fruit,BD,user9
training_1182,HAU,HAU/user9/5-3-1,multi,Which of the following actions appear in this video?,Sitting down,Playing games,Massaging oneself,Peeling fruit,ABC,user9
training_1183,HAU,HAU/user9/5-3-2,multi,Which of the following actions appear in this video?,Pouring,Peeling fruit,Checking the time,Brushing teeth,C,user9
training_1184,HAU,HAU/user9/5-3-3,multi,Which of the following actions appear in this video?,Reading,Standing up,Undressing,Walking,D,user9
training_1185,HAU,HAU/user9/6-1-1,multi,Which of the following actions appear in this video?,Reading,Watching TV,Using a phone,Brushing teeth,A,user9
training_1186,HAU,HAU/user9/6-1-2,multi,Which of the following actions appear in this video?,Checking the time,Typing on a keyboard,Undressing,Sitting down,ABD,user9
training_1187,HAU,HAU/user9/6-1-3,multi,Which of the following actions appear in this video?,Checking the time,Jumping jacks,Sitting down,Writing,ACD,user9
training_1188,HAU,HAU/user9/6-2-1,multi,Which of the following actions appear in this video?,Taking a selfie,Washing face,Playing games,Taking medicine,ACD,user9
training_1189,HAU,HAU/user9/6-2-2,multi,Which of the following actions appear in this video?,Standing up,Getting dressed,Eating,Lying down,D,user9
training_1190,HAU,HAU/user9/6-2-3,multi,Which of the following actions appear in this video?,Lying down,Washing face,Stirring,Brushing teeth,A,user9
training_1191,HAU,HAU/user9/7-1-1,multi,Which of the following actions appear in this video?,Calling,Taking medicine,Sweeping,Massaging oneself,BD,user9
training_1192,HAU,HAU/user9/7-1-2,multi,Which of the following actions appear in this video?,Massaging oneself,Typing on a keyboard,Peeling fruit,Checking body temperature,AD,user9
training_1193,HAU,HAU/user9/7-1-3,multi,Which of the following actions appear in this video?,Taking medicine,Typing on a keyboard,Sweeping,Massaging oneself,AD,user9
training_1194,HAU,HAU/user9/7-2-1,multi,Which of the following actions appear in this video?,Drinking,Mopping,Playing games,Walking,ABD,user9
training_1195,HAU,HAU/user9/7-2-2,multi,Which of the following actions appear in this video?,Sitting down,Lying down,Drinking,Stirring,CD,user9
training_1196,HAU,HAU/user9/7-2-3,multi,Which of the following actions appear in this video?,Checking the time,Standing up,Wiping surface,Turning a page,C,user9
training_1197,HAU,HAU/user16/1-1-1,multi,Which of the following actions appear in this video?,Walking,Watching TV,Washing face,Getting dressed,AC,user16
training_1198,HAU,HAU/user16/1-1-2,multi,Which of the following actions appear in this video?,Walking,Washing face,Stretching,Brushing teeth,ABD,user16
training_1199,HAU,HAU/user16/1-1-3,multi,Which of the following actions appear in this video?,Walking,Brushing teeth,Pouring,Washing dishes,AB,user16
training_1200,HAU,HAU/user16/1-2-1,multi,Which of the following actions appear in this video?,Pouring,Eating,Stirring,Reading,ABC,user16
training_1201,HAU,HAU/user16/1-2-2,multi,Which of the following actions appear in this video?,Wiping surface,Eating,Playing games,Pouring,BD,user16
training_1202,HAU,HAU/user16/1-2-3,multi,Which of the following actions appear in this video?,Squats,Pouring,Wiping surface,Jumping jacks,B,user16
training_1203,HAU,HAU/user16/2-1-1,multi,Which of the following actions appear in this video?,Grabbing utensils,Pouring,Stirring,Taking a selfie,ABC,user16
training_1204,HAU,HAU/user16/2-1-2,multi,Which of the following actions appear in this video?,Grabbing utensils,Stirring,Folding clothes,Pouring,ABD,user16
training_1205,HAU,HAU/user16/2-1-3,multi,Which of the following actions appear in this video?,Grabbing utensils,Running,Lunges,Using a phone,A,user16
training_1206,HAU,HAU/user16/2-2-1,multi,Which of the following actions appear in this video?,Turning a page,Combing hair,Mopping,Listening to the music with headphones,B,user16
training_1207,HAU,HAU/user16/2-2-2,multi,Which of the following actions appear in this video?,Jumping jacks,Combing hair,Getting dressed,Wiping hands,BD,user16
training_1208,HAU,HAU/user16/2-2-3,multi,Which of the following actions appear in this video?,Squats,Wiping hands,Grabbing utensils,Peeling fruit,B,user16
training_1209,HAU,HAU/user16/2-3-1,multi,Which of the following actions appear in this video?,Listening to the music with headphones,Grabbing utensils,Lunges,Getting dressed,B,user16
training_1210,HAU,HAU/user16/2-3-2,multi,Which of the following actions appear in this video?,Standing up,Grabbing utensils,Stretching,Walking,BD,user16
training_1211,HAU,HAU/user16/2-3-3,multi,Which of the following actions appear in this video?,Turning a page,Mopping,Grabbing utensils,Folding clothes,C,user16
training_1212,HAU,HAU/user16/3-1-1,multi,Which of the following actions appear in this video?,Sweeping,Walking,Mopping,Folding clothes,ABC,user16
training_1213,HAU,HAU/user16/3-1-2,multi,Which of the following actions appear in this video?,Standing up,Taking medicine,Pouring,Grabbing utensils,A,user16
training_1214,HAU,HAU/user16/3-1-3,multi,Which of the following actions appear in this video?,Squats,Sweeping,Walking,Checking the time,ABC,user16
training_1215,HAU,HAU/user16/3-2-1,multi,Which of the following actions appear in this video?,Drinking,Combing hair,Washing dishes,Peeling fruit,ACD,user16
training_1216,HAU,HAU/user16/3-2-2,multi,Which of the following actions appear in this video?,Sitting down,Drinking,Massaging oneself,Getting dressed,B,user16
training_1217,HAU,HAU/user16/3-2-3,multi,Which of the following actions appear in this video?,Peeling fruit,Washing face,Playing games,Watching TV,A,user16
training_1218,HAU,HAU/user16/3-3-1,multi,Which of the following actions appear in this video?,Walking,Sweeping,Typing on a keyboard,Turning a page,A,user16
training_1219,HAU,HAU/user16/3-3-2,multi,Which of the following actions appear in this video?,Sitting down,Brushing teeth,Wiping surface,Jumping jacks,C,user16
training_1220,HAU,HAU/user16/3-3-3,multi,Which of the following actions appear in this video?,Walking,Mopping,Drinking,Watching TV,A,user16
training_1221,HAU,HAU/user16/4-1-1,multi,Which of the following actions appear in this video?,Calling,Washing dishes,Standing up,Listening to the music with headphones,ACD,user16
training_1222,HAU,HAU/user16/4-1-2,multi,Which of the following actions appear in this video?,Listening to the music with headphones,Typing on a keyboard,Pouring,Calling,ABD,user16
training_1223,HAU,HAU/user16/4-1-3,multi,Which of the following actions appear in this video?,Listening to the music with headphones,Sweeping,Sitting down,Lying down,AC,user16
training_1224,HAU,HAU/user16/5-1-1,multi,Which of the following actions appear in this video?,Using a phone,Sitting down,Checking body temperature,Listening to the music with headphones,ABD,user16
training_1225,HAU,HAU/user16/5-1-2,multi,Which of the following actions appear in this video?,Washing face,Drinking,Brushing teeth,Listening to the music with headphones,D,user16
training_1226,HAU,HAU/user16/5-1-3,multi,Which of the following actions appear in this video?,Massaging oneself,Playing games,Using a phone,Lying down,C,user16
training_1227,HAU,HAU/user16/5-2-1,multi,Which of the following actions appear in this video?,Sitting down,Jumping jacks,Eating,Walking,CD,user16
training_1228,HAU,HAU/user16/5-2-2,multi,Which of the following actions appear in this video?,Mopping,Peeling fruit,Walking,Eating,BCD,user16
training_1229,HAU,HAU/user16/5-2-3,multi,Which of the following actions appear in this video?,Taking medicine,Brushing teeth,Walking,Eating,CD,user16
training_1230,HAU,HAU/user16/5-3-1,multi,Which of the following actions appear in this video?,Checking body temperature,Playing games,Mopping,Reading,B,user16
training_1231,HAU,HAU/user16/5-3-2,multi,Which of the following actions appear in this video?,Jumping jacks,Walking,Drinking,Grabbing utensils,BCD,user16
training_1232,HAU,HAU/user16/5-3-3,multi,Which of the following actions appear in this video?,Playing games,Washing face,Grabbing utensils,Brushing teeth,AC,user16
training_1233,HAU,HAU/user16/6-1-1,multi,Which of the following actions appear in this video?,Walking,Jumping jacks,Wiping hands,Combing hair,AB,user16
training_1234,HAU,HAU/user16/6-1-2,multi,Which of the following actions appear in this video?,Jumping jacks,Brushing teeth,Lunges,Walking,ACD,user16
training_1235,HAU,HAU/user16/6-1-3,multi,Which of the following actions appear in this video?,Jumping jacks,Lying down,Lunges,Listening to the music with headphones,ABC,user16
training_1236,HAU,HAU/user16/6-2-1,multi,Which of the following actions appear in this video?,Lunges,Wiping surface,Taking medicine,Calling,BC,user16
training_1237,HAU,HAU/user16/6-2-2,multi,Which of the following actions appear in this video?,Stretching,Wiping surface,Checking the time,Writing,BC,user16
training_1238,HAU,HAU/user16/6-2-3,multi,Which of the following actions appear in this video?,Calling,Wiping surface,Grabbing utensils,Using a phone,BCD,user16
training_1239,HAU,HAU/user16/7-1-1,multi,Which of the following actions appear in this video?,Massaging oneself,Getting dressed,Folding clothes,Sitting down,AD,user16
training_1240,HAU,HAU/user16/7-1-2,multi,Which of the following actions appear in this video?,Massaging oneself,Reading,Combing hair,Sitting down,AD,user16
training_1241,HAU,HAU/user16/7-1-3,multi,Which of the following actions appear in this video?,Mopping,Watching TV,Sitting down,Getting dressed,C,user16
training_1242,HAU,HAU/user16/7-2-1,multi,Which of the following actions appear in this video?,Turning a page,Pouring,Eating,Grabbing utensils,BCD,user16
training_1243,HAU,HAU/user16/7-2-2,multi,Which of the following actions appear in this video?,Grabbing utensils,Stirring,Using a phone,Pouring,ABD,user16
training_1244,HAU,HAU/user16/7-2-3,multi,Which of the following actions appear in this video?,Stirring,Pouring,Standing up,Eating,ABD,user16
training_1245,HAU,HAU/user16/7-3-1,multi,Which of the following actions appear in this video?,Washing face,Taking medicine,Checking the time,Drinking,C,user16
training_1246,HAU,HAU/user16/7-3-2,multi,Which of the following actions appear in this video?,Calling,Sitting down,Reading,Checking the time,BCD,user16
training_1247,HAU,HAU/user16/7-3-3,multi,Which of the following actions appear in this video?,Eating,Writing,Walking,Brushing teeth,C,user16
training_1248,HAU,HAU/user17/1-1-1,multi,Which of the following actions appear in this video?,Combing hair,Standing up,Lying down,Peeling fruit,A,user17
training_1249,HAU,HAU/user17/1-1-2,multi,Which of the following actions appear in this video?,Combing hair,Walking,Listening to the music with headphones,Watching TV,A,user17
training_1250,HAU,HAU/user17/1-1-3,multi,Which of the following actions appear in this video?,Squats,Brushing teeth,Combing hair,Getting dressed,BCD,user17
training_1251,HAU,HAU/user17/1-2-1,multi,Which of the following actions appear in this video?,Pouring,Walking,Stretching,Turning a page,AB,user17
training_1252,HAU,HAU/user17/1-2-2,multi,Which of the following actions appear in this video?,Turning a page,Taking a selfie,Checking the time,Washing face,BC,user17
training_1253,HAU,HAU/user17/1-2-3,multi,Which of the following actions appear in this video?,Washing dishes,Watching TV,Combing hair,Taking a selfie,D,user17
training_1254,HAU,HAU/user17/2-1-1,multi,Which of the following actions appear in this video?,Running,Reading,Stirring,Pouring,CD,user17
training_1255,HAU,HAU/user17/2-1-2,multi,Which of the following actions appear in this video?,Pouring,Grabbing utensils,Standing up,Stirring,ABD,user17
training_1256,HAU,HAU/user17/2-1-3,multi,Which of the following actions appear in this video?,Stirring,Pouring,Wiping hands,Grabbing utensils,ABD,user17
training_1257,HAU,HAU/user17/2-2-1,multi,Which of the following actions appear in this video?,Washing dishes,Wiping surface,Stirring,Sitting down,BCD,user17
training_1258,HAU,HAU/user17/2-2-2,multi,Which of the following actions appear in this video?,Getting dressed,Taking medicine,Folding clothes,Wiping surface,D,user17
training_1259,HAU,HAU/user17/2-2-3,multi,Which of the following actions appear in this video?,Stirring,Running,Combing hair,Lying down,AD,user17
training_1260,HAU,HAU/user17/3-1-1,multi,Which of the following actions appear in this video?,Using a phone,Combing hair,Sweeping,Peeling fruit,C,user17
training_1261,HAU,HAU/user17/3-1-2,multi,Which of the following actions appear in this video?,Sweeping,Sitting down,Eating,Stretching,AD,user17
training_1262,HAU,HAU/user17/3-1-3,multi,Which of the following actions appear in this video?,Jumping jacks,Sitting down,Sweeping,Watching TV,C,user17
training_1263,HAU,HAU/user17/3-2-1,multi,Which of the following actions appear in this video?,Walking,Combing hair,Washing dishes,Grabbing utensils,ACD,user17
training_1264,HAU,HAU/user17/3-2-2,multi,Which of the following actions appear in this video?,Taking a selfie,Walking,Getting dressed,Sitting down,B,user17
training_1265,HAU,HAU/user17/3-2-3,multi,Which of the following actions appear in this video?,Getting dressed,Walking,Typing on a keyboard,Brushing teeth,B,user17
training_1266,HAU,HAU/user17/3-3-1,multi,Which of the following actions appear in this video?,Wiping surface,Wiping hands,Standing up,Walking,AD,user17
training_1267,HAU,HAU/user17/3-3-2,multi,Which of the following actions appear in this video?,Pouring,Washing dishes,Walking,Sweeping,C,user17
training_1268,HAU,HAU/user17/3-3-3,multi,Which of the following actions appear in this video?,Washing face,Undressing,Jumping jacks,Wiping surface,D,user17
training_1269,HAU,HAU/user17/4-1-1,multi,Which of the following actions appear in this video?,Reading,Checking body temperature,Jumping jacks,Walking,ABD,user17
training_1270,HAU,HAU/user17/4-1-2,multi,Which of the following actions appear in this video?,Using a phone,Checking the time,Taking medicine,Wiping surface,BC,user17
training_1271,HAU,HAU/user17/4-1-3,multi,Which of the following actions appear in this video?,Sweeping,Calling,Watching TV,Typing on a keyboard,D,user17
training_1272,HAU,HAU/user17/5-1-1,multi,Which of the following actions appear in this video?,Jumping jacks,Getting dressed,Watching TV,Standing up,C,user17
training_1273,HAU,HAU/user17/5-1-2,multi,Which of the following actions appear in this video?,Walking,Undressing,Watching TV,Wiping hands,BC,user17
training_1274,HAU,HAU/user17/5-1-3,multi,Which of the following actions appear in this video?,Undressing,Watching TV,Playing games,Listening to the music with headphones,AB,user17
training_1275,HAU,HAU/user17/5-2-1,multi,Which of the following actions appear in this video?,Pouring,Folding clothes,Stirring,Eating,ACD,user17
training_1276,HAU,HAU/user17/5-2-2,multi,Which of the following actions appear in this video?,Pouring,Stretching,Brushing teeth,Walking,AD,user17
training_1277,HAU,HAU/user17/5-2-3,multi,Which of the following actions appear in this video?,Pouring,Sitting down,Stirring,Walking,ACD,user17
training_1278,HAU,HAU/user17/5-3-1,multi,Which of the following actions appear in this video?,Grabbing utensils,Sitting down,Using a phone,Watching TV,AB,user17
training_1279,HAU,HAU/user17/5-3-2,multi,Which of the following actions appear in this video?,Listening to the music with headphones,Sitting down,Eating,Getting dressed,BC,user17
training_1280,HAU,HAU/user17/5-3-3,multi,Which of the following actions appear in this video?,Checking the time,Grabbing utensils,Sitting down,Playing games,BC,user17
training_1281,HAU,HAU/user17/6-1-1,multi,Which of the following actions appear in this video?,Undressing,Folding clothes,Washing dishes,Getting dressed,ABD,user17
training_1282,HAU,HAU/user17/6-1-2,multi,Which of the following actions appear in this video?,Getting dressed,Washing dishes,Lying down,Folding clothes,AD,user17
training_1283,HAU,HAU/user17/6-1-3,multi,Which of the following actions appear in this video?,Massaging oneself,Getting dressed,Taking a selfie,Checking body temperature,B,user17
training_1284,HAU,HAU/user17/6-2-1,multi,Which of the following actions appear in this video?,Massaging oneself,Wiping surface,Listening to the music with headphones,Mopping,C,user17
training_1285,HAU,HAU/user17/6-2-2,multi,Which of the following actions appear in this video?,Listening to the music with headphones,Watching TV,Lying down,Typing on a keyboard,A,user17
training_1286,HAU,HAU/user17/6-2-3,multi,Which of the following actions appear in this video?,Folding clothes,Wiping hands,Massaging oneself,Listening to the music with headphones,D,user17
training_1287,HAU,HAU/user17/6-3-1,multi,Which of the following actions appear in this video?,Walking,Sweeping,Folding clothes,Running,A,user17
training_1288,HAU,HAU/user17/6-3-2,multi,Which of the following actions appear in this video?,Checking the time,Walking,Sitting down,Undressing,ABC,user17
training_1289,HAU,HAU/user17/6-3-3,multi,Which of the following actions appear in this video?,Sitting down,Listening to the music with headphones,Walking,Typing on a keyboard,ACD,user17
training_1290,HAU,HAU/user17/7-1-1,multi,Which of the following actions appear in this video?,Undressing,Combing hair,Taking a selfie,Checking body temperature,D,user17
training_1291,HAU,HAU/user17/7-1-2,multi,Which of the following actions appear in this video?,Sitting down,Checking body temperature,Listening to the music with headphones,Drinking,ABC,user17
training_1292,HAU,HAU/user17/7-1-3,multi,Which of the following actions appear in this video?,Listening to the music with headphones,Checking body temperature,Eating,Sitting down,ABD,user17
training_1293,HAU,HAU/user17/7-2-1,multi,Which of the following actions appear in this video?,Peeling fruit,Playing games,Wiping hands,Reading,AC,user17
training_1294,HAU,HAU/user17/7-2-2,multi,Which of the following actions appear in this video?,Listening to the music with headphones,Reading,Eating,Typing on a keyboard,C,user17
training_1295,HAU,HAU/user17/7-2-3,multi,Which of the following actions appear in this video?,Checking body temperature,Playing games,Washing dishes,Peeling fruit,D,user17
training_1338,HAU,HAU/user19/1-1-1,multi,Which of the following actions appear in this video?,Combing hair,Stretching,Taking medicine,Taking a selfie,AB,user19
training_1339,HAU,HAU/user19/1-1-2,multi,Which of the following actions appear in this video?,Stirring,Stretching,Checking the time,Taking a selfie,B,user19
training_1340,HAU,HAU/user19/1-1-3,multi,Which of the following actions appear in this video?,Wiping hands,Stirring,Jumping jacks,Mopping,A,user19
training_1341,HAU,HAU/user19/1-2-1,multi,Which of the following actions appear in this video?,Typing on a keyboard,Wiping surface,Getting dressed,Sitting down,AD,user19
training_1342,HAU,HAU/user19/1-2-2,multi,Which of the following actions appear in this video?,Listening to the music with headphones,Walking,Sitting down,Standing up,ABC,user19
training_1343,HAU,HAU/user19/1-2-3,multi,Which of the following actions appear in this video?,Taking a selfie,Watching TV,Walking,Listening to the music with headphones,CD,user19
training_1344,HAU,HAU/user19/2-1-1,multi,Which of the following actions appear in this video?,Calling,Stirring,Pouring,Lying down,BC,user19
training_1345,HAU,HAU/user19/2-1-2,multi,Which of the following actions appear in this video?,Folding clothes,Listening to the music with headphones,Stirring,Using a phone,C,user19
training_1346,HAU,HAU/user19/2-1-3,multi,Which of the following actions appear in this video?,Washing face,Wiping surface,Grabbing utensils,Stretching,C,user19
training_1347,HAU,HAU/user19/2-2-1,multi,Which of the following actions appear in this video?,Walking,Peeling fruit,Combing hair,Lying down,A,user19
training_1348,HAU,HAU/user19/2-2-2,multi,Which of the following actions appear in this video?,Jumping jacks,Walking,Combing hair,Squats,ABD,user19
training_1349,HAU,HAU/user19/2-2-3,multi,Which of the following actions appear in this video?,Combing hair,Washing face,Walking,Getting dressed,C,user19
training_1350,HAU,HAU/user19/2-3-1,multi,Which of the following actions appear in this video?,Peeling fruit,Wiping hands,Walking,Playing games,AC,user19
training_1351,HAU,HAU/user19/2-3-2,multi,Which of the following actions appear in this video?,Walking,Peeling fruit,Massaging oneself,Sweeping,AB,user19
training_1352,HAU,HAU/user19/2-3-3,multi,Which of the following actions appear in this video?,Walking,Listening to the music with headphones,Peeling fruit,Folding clothes,AC,user19
training_1353,HAU,HAU/user19/3-1-1,multi,Which of the following actions appear in this video?,Undressing,Playing games,Folding clothes,Walking,AB,user19
training_1354,HAU,HAU/user19/3-1-2,multi,Which of the following actions appear in this video?,Lying down,Stirring,Combing hair,Playing games,D,user19
training_1355,HAU,HAU/user19/3-1-3,multi,Which of the following actions appear in this video?,Stirring,Pouring,Sitting down,Playing games,D,user19
training_1356,HAU,HAU/user19/3-2-1,multi,Which of the following actions appear in this video?,Walking,Stirring,Drinking,Taking medicine,ABC,user19
training_1357,HAU,HAU/user19/3-2-2,multi,Which of the following actions appear in this video?,Walking,Taking medicine,Drinking,Stirring,ACD,user19
training_1358,HAU,HAU/user19/3-2-3,multi,Which of the following actions appear in this video?,Undressing,Wiping hands,Drinking,Pouring,CD,user19
training_1359,HAU,HAU/user19/3-3-1,multi,Which of the following actions appear in this video?,Lunges,Jumping jacks,Squats,Turning a page,C,user19
training_1360,HAU,HAU/user19/3-3-2,multi,Which of the following actions appear in this video?,Listening to the music with headphones,Squats,Peeling fruit,Mopping,ABD,user19
training_1361,HAU,HAU/user19/3-3-3,multi,Which of the following actions appear in this video?,Squats,Taking a selfie,Pouring,Walking,AD,user19
training_1362,HAU,HAU/user19/4-1-1,multi,Which of the following actions appear in this video?,Checking the time,Reading,Sweeping,Typing on a keyboard,ABD,user19
training_1363,HAU,HAU/user19/4-1-2,multi,Which of the following actions appear in this video?,Using a phone,Washing face,Walking,Reading,D,user19
training_1364,HAU,HAU/user19/4-1-3,multi,Which of the following actions appear in this video?,Using a phone,Checking the time,Taking medicine,Calling,B,user19
training_1365,HAU,HAU/user19/4-2-1,multi,Which of the following actions appear in this video?,Stretching,Walking,Checking body temperature,Sitting down,AB,user19
training_1366,HAU,HAU/user19/4-2-2,multi,Which of the following actions appear in this video?,Using a phone,Brushing teeth,Reading,Squats,D,user19
training_1367,HAU,HAU/user19/4-2-3,multi,Which of the following actions appear in this video?,Stretching,Checking the time,Walking,Washing dishes,AC,user19
training_1368,HAU,HAU/user19/4-3-1,multi,Which of the following actions appear in this video?,Typing on a keyboard,Listening to the music with headphones,Walking,Sitting down,ACD,user19
training_1369,HAU,HAU/user19/4-3-2,multi,Which of the following actions appear in this video?,Wiping surface,Listening to the music with headphones,Standing up,Walking,D,user19
training_1370,HAU,HAU/user19/4-3-3,multi,Which of the following actions appear in this video?,Checking body temperature,Sitting down,Brushing teeth,Lunges,B,user19
training_1371,HAU,HAU/user19/5-1-1,multi,Which of the following actions appear in this video?,Playing games,Checking body temperature,Standing up,Taking medicine,AC,user19
training_1372,HAU,HAU/user19/5-1-2,multi,Which of the following actions appear in this video?,Peeling fruit,Taking medicine,Standing up,Listening to the music with headphones,CD,user19
training_1373,HAU,HAU/user19/5-1-3,multi,Which of the following actions appear in this video?,Stretching,Wiping surface,Brushing teeth,Listening to the music with headphones,D,user19
training_1374,HAU,HAU/user19/5-2-1,multi,Which of the following actions appear in this video?,Taking a selfie,Stretching,Wiping hands,Typing on a keyboard,C,user19
training_1375,HAU,HAU/user19/5-2-2,multi,Which of the following actions appear in this video?,Wiping hands,Using a phone,Getting dressed,Peeling fruit,AD,user19
training_1376,HAU,HAU/user19/5-2-3,multi,Which of the following actions appear in this video?,Writing,Playing games,Getting dressed,Peeling fruit,D,user19
training_1377,HAU,HAU/user19/5-3-1,multi,Which of the following actions appear in this video?,Massaging oneself,Stretching,Taking medicine,Eating,A,user19
training_1378,HAU,HAU/user19/5-3-2,multi,Which of the following actions appear in this video?,Taking a selfie,Getting dressed,Checking the time,Peeling fruit,C,user19
training_1379,HAU,HAU/user19/5-3-3,multi,Which of the following actions appear in this video?,Playing games,Wiping hands,Walking,Massaging oneself,ACD,user19
training_1380,HAU,HAU/user19/6-1-1,multi,Which of the following actions appear in this video?,Listening to the music with headphones,Running,Sweeping,Reading,D,user19
training_1381,HAU,HAU/user19/6-1-2,multi,Which of the following actions appear in this video?,Lying down,Mopping,Sitting down,Reading,CD,user19
training_1382,HAU,HAU/user19/6-1-3,multi,Which of the following actions appear in this video?,Turning a page,Typing on a keyboard,Sitting down,Taking medicine,ABC,user19
training_1383,HAU,HAU/user19/6-2-1,multi,Which of the following actions appear in this video?,Checking body temperature,Taking medicine,Lying down,Combing hair,ABC,user19
training_1384,HAU,HAU/user19/6-2-2,multi,Which of the following actions appear in this video?,Watching TV,Lying down,Taking medicine,Taking a selfie,BCD,user19
training_1385,HAU,HAU/user19/6-2-3,multi,Which of the following actions appear in this video?,Taking medicine,Drinking,Grabbing utensils,Playing games,AD,user19
training_1386,HAU,HAU/user19/7-1-1,multi,Which of the following actions appear in this video?,Combing hair,Massaging oneself,Checking body temperature,Eating,BC,user19
training_1387,HAU,HAU/user19/7-1-2,multi,Which of the following actions appear in this video?,Taking medicine,Drinking,Massaging oneself,Checking body temperature,ACD,user19
training_1388,HAU,HAU/user19/7-1-3,multi,Which of the following actions appear in this video?,Typing on a keyboard,Checking body temperature,Massaging oneself,Taking medicine,BCD,user19
training_1389,HAU,HAU/user19/7-2-1,multi,Which of the following actions appear in this video?,Writing,Pouring,Walking,Wiping surface,BCD,user19
training_1390,HAU,HAU/user19/7-2-2,multi,Which of the following actions appear in this video?,Calling,Getting dressed,Standing up,Eating,D,user19
training_1391,HAU,HAU/user19/7-2-3,multi,Which of the following actions appear in this video?,Jumping jacks,Sweeping,Walking,Typing on a keyboard,BC,user19
training_1392,HAU,HAU/user20/1-1-1,multi,Which of the following actions appear in this video?,Wiping surface,Drinking,Massaging oneself,Combing hair,D,user20
training_1393,HAU,HAU/user20/1-1-2,multi,Which of the following actions appear in this video?,Reading,Taking medicine,Checking the time,Eating,C,user20
training_1394,HAU,HAU/user20/1-1-3,multi,Which of the following actions appear in this video?,Wiping hands,Writing,Combing hair,Checking the time,CD,user20
training_1395,HAU,HAU/user20/1-2-1,multi,Which of the following actions appear in this video?,Walking,Squats,Stretching,Combing hair,ABC,user20
training_1396,HAU,HAU/user20/1-2-2,multi,Which of the following actions appear in this video?,Stretching,Massaging oneself,Walking,Squats,ACD,user20
training_1397,HAU,HAU/user20/1-2-3,multi,Which of the following actions appear in this video?,Standing up,Squats,Brushing teeth,Drinking,B,user20
training_1398,HAU,HAU/user20/2-1-1,multi,Which of the following actions appear in this video?,Squats,Sweeping,Running,Massaging oneself,B,user20
training_1399,HAU,HAU/user20/2-1-2,multi,Which of the following actions appear in this video?,Mopping,Drinking,Jumping jacks,Grabbing utensils,ABD,user20
training_1400,HAU,HAU/user20/2-1-3,multi,Which of the following actions appear in this video?,Listening to the music with headphones,Washing dishes,Eating,Sitting down,C,user20
training_1401,HAU,HAU/user20/2-2-1,multi,Which of the following actions appear in this video?,Turning a page,Taking a selfie,Sitting down,Stretching,AC,user20
training_1402,HAU,HAU/user20/2-2-2,multi,Which of the following actions appear in this video?,Checking the time,Typing on a keyboard,Checking body temperature,Turning a page,ABD,user20
training_1403,HAU,HAU/user20/2-2-3,multi,Which of the following actions appear in this video?,Grabbing utensils,Sitting down,Turning a page,Typing on a keyboard,BCD,user20
training_1404,HAU,HAU/user20/3-1-1,multi,Which of the following actions appear in this video?,Reading,Stirring,Eating,Pouring,BCD,user20
training_1405,HAU,HAU/user20/3-1-2,multi,Which of the following actions appear in this video?,Stirring,Pouring,Wiping surface,Eating,ABD,user20
training_1406,HAU,HAU/user20/3-1-3,multi,Which of the following actions appear in this video?,Washing dishes,Mopping,Eating,Pouring,ACD,user20
training_1407,HAU,HAU/user20/3-2-1,multi,Which of the following actions appear in this video?,Wiping surface,Eating,Sweeping,Pouring,AC,user20
training_1408,HAU,HAU/user20/3-2-2,multi,Which of the following actions appear in this video?,Lying down,Washing dishes,Mopping,Sweeping,CD,user20
training_1409,HAU,HAU/user20/3-2-3,multi,Which of the following actions appear in this video?,Jumping jacks,Mopping,Wiping surface,Checking the time,BC,user20
training_1410,HAU,HAU/user20/4-1-1,multi,Which of the following actions appear in this video?,Brushing teeth,Watching TV,Getting dressed,Turning a page,D,user20
training_1411,HAU,HAU/user20/4-1-2,multi,Which of the following actions appear in this video?,Undressing,Checking the time,Reading,Turning a page,BCD,user20
training_1412,HAU,HAU/user20/4-1-3,multi,Which of the following actions appear in this video?,Turning a page,Checking the time,Running,Washing face,AB,user20
training_1413,HAU,HAU/user20/4-2-1,multi,Which of the following actions appear in this video?,Brushing teeth,Washing face,Combing hair,Typing on a keyboard,ABC,user20
training_1414,HAU,HAU/user20/4-2-2,multi,Which of the following actions appear in this video?,Mopping,Combing hair,Jumping jacks,Washing face,BD,user20
training_1415,HAU,HAU/user20/4-2-3,multi,Which of the following actions appear in this video?,Listening to the music with headphones,Typing on a keyboard,Washing face,Squats,C,user20
training_1416,HAU,HAU/user20/5-1-1,multi,Which of the following actions appear in this video?,Grabbing utensils,Stirring,Undressing,Pouring,ABD,user20
training_1417,HAU,HAU/user20/5-1-2,multi,Which of the following actions appear in this video?,Stirring,Typing on a keyboard,Listening to the music with headphones,Pouring,ABD,user20
training_1418,HAU,HAU/user20/5-1-3,multi,Which of the following actions appear in this video?,Stirring,Lunges,Playing games,Checking the time,AD,user20
training_1419,HAU,HAU/user20/6-1-1,multi,Which of the following actions appear in this video?,Sitting down,Washing face,Squats,Jumping jacks,CD,user20
training_1420,HAU,HAU/user20/6-1-2,multi,Which of the following actions appear in this video?,Squats,Massaging oneself,Typing on a keyboard,Jumping jacks,AD,user20
training_1421,HAU,HAU/user20/6-1-3,multi,Which of the following actions appear in this video?,Sitting down,Jumping jacks,Sweeping,Squats,BD,user20
training_1422,HAU,HAU/user20/6-2-1,multi,Which of the following actions appear in this video?,Squats,Massaging oneself,Wiping hands,Folding clothes,BC,user20
training_1423,HAU,HAU/user20/6-2-2,multi,Which of the following actions appear in this video?,Eating,Taking medicine,Wiping hands,Massaging oneself,CD,user20
training_1424,HAU,HAU/user20/6-2-3,multi,Which of the following actions appear in this video?,Listening to the music with headphones,Sitting down,Squats,Wiping hands,D,user20
training_1425,HAU,HAU/user20/6-3-1,multi,Which of the following actions appear in this video?,Mopping,Sweeping,Pouring,Standing up,ACD,user20
training_1426,HAU,HAU/user20/6-3-2,multi,Which of the following actions appear in this video?,Walking,Standing up,Undressing,Checking the time,AB,user20
training_1427,HAU,HAU/user20/6-3-3,multi,Which of the following actions appear in this video?,Massaging oneself,Typing on a keyboard,Washing dishes,Walking,D,user20
training_1428,HAU,HAU/user20/7-1-1,multi,Which of the following actions appear in this video?,Drinking,Taking medicine,Eating,Combing hair,ABC,user20
training_1429,HAU,HAU/user20/7-1-2,multi,Which of the following actions appear in this video?,Eating,Grabbing utensils,Checking body temperature,Taking medicine,ABD,user20
training_1430,HAU,HAU/user20/7-1-3,multi,Which of the following actions appear in this video?,Grabbing utensils,Checking the time,Taking a selfie,Washing face,A,user20
training_1431,HAU,HAU/user20/7-2-1,multi,Which of the following actions appear in this video?,Drinking,Walking,Brushing teeth,Taking a selfie,BD,user20
training_1432,HAU,HAU/user20/7-2-2,multi,Which of the following actions appear in this video?,Combing hair,Washing dishes,Walking,Stirring,C,user20
training_1433,HAU,HAU/user20/7-2-3,multi,Which of the following actions appear in this video?,Writing,Lying down,Walking,Undressing,C,user20
training_1434,HAU,HAU/user21/1-1-1,multi,Which of the following actions appear in this video?,Wiping surface,Watching TV,Walking,Reading,C,user21
training_1435,HAU,HAU/user21/1-1-2,multi,Which of the following actions appear in this video?,Using a phone,Sweeping,Washing face,Brushing teeth,C,user21
training_1436,HAU,HAU/user21/1-1-3,multi,Which of the following actions appear in this video?,Sweeping,Wiping hands,Washing face,Walking,BCD,user21
training_1437,HAU,HAU/user21/1-2-1,multi,Which of the following actions appear in this video?,Walking,Using a phone,Stirring,Washing dishes,AB,user21
training_1438,HAU,HAU/user21/1-2-2,multi,Which of the following actions appear in this video?,Walking,Sitting down,Lying down,Listening to the music with headphones,ABD,user21
training_1439,HAU,HAU/user21/1-2-3,multi,Which of the following actions appear in this video?,Using a phone,Mopping,Brushing teeth,Listening to the music with headphones,AD,user21
training_1440,HAU,HAU/user21/2-1-1,multi,Which of the following actions appear in this video?,Wiping surface,Getting dressed,Mopping,Sweeping,CD,user21
training_1441,HAU,HAU/user21/2-1-2,multi,Which of the following actions appear in this video?,Stretching,Sweeping,Mopping,Grabbing utensils,BCD,user21
training_1442,HAU,HAU/user21/2-1-3,multi,Which of the following actions appear in this video?,Mopping,Sweeping,Undressing,Grabbing utensils,ABD,user21
training_1443,HAU,HAU/user21/2-2-1,multi,Which of the following actions appear in this video?,Playing games,Folding clothes,Standing up,Walking,CD,user21
training_1444,HAU,HAU/user21/2-2-2,multi,Which of the following actions appear in this video?,Turning a page,Washing dishes,Grabbing utensils,Checking the time,AD,user21
training_1445,HAU,HAU/user21/2-2-3,multi,Which of the following actions appear in this video?,Massaging oneself,Walking,Turning a page,Checking the time,BCD,user21
training_1446,HAU,HAU/user21/3-1-1,multi,Which of the following actions appear in this video?,Peeling fruit,Listening to the music with headphones,Brushing teeth,Grabbing utensils,AD,user21
training_1447,HAU,HAU/user21/3-1-2,multi,Which of the following actions appear in this video?,Getting dressed,Using a phone,Folding clothes,Grabbing utensils,D,user21
training_1448,HAU,HAU/user21/3-1-3,multi,Which of the following actions appear in this video?,Peeling fruit,Undressing,Lunges,Grabbing utensils,AD,user21
training_1449,HAU,HAU/user21/3-2-1,multi,Which of the following actions appear in this video?,Jumping jacks,Stretching,Checking body temperature,Eating,AC,user21
training_1450,HAU,HAU/user21/3-2-2,multi,Which of the following actions appear in this video?,Lying down,Walking,Taking medicine,Pouring,B,user21
training_1451,HAU,HAU/user21/3-2-3,multi,Which of the following actions appear in this video?,Squats,Combing hair,Writing,Stretching,A,user21
training_1452,HAU,HAU/user21/4-1-1,multi,Which of the following actions appear in this video?,Brushing teeth,Stretching,Combing hair,Walking,D,user21
training_1453,HAU,HAU/user21/4-1-2,multi,Which of the following actions appear in this video?,Walking,Taking a selfie,Getting dressed,Turning a page,A,user21
training_1454,HAU,HAU/user21/4-1-3,multi,Which of the following actions appear in this video?,Standing up,Calling,Eating,Walking,ABD,user21
training_1455,HAU,HAU/user21/4-2-1,multi,Which of the following actions appear in this video?,Using a phone,Taking a selfie,Washing face,Combing hair,CD,user21
training_1456,HAU,HAU/user21/4-2-2,multi,Which of the following actions appear in this video?,Checking body temperature,Listening to the music with headphones,Getting dressed,Washing face,D,user21
training_1457,HAU,HAU/user21/4-2-3,multi,Which of the following actions appear in this video?,Brushing teeth,Folding clothes,Writing,Lunges,A,user21
training_1458,HAU,HAU/user21/5-1-1,multi,Which of the following actions appear in this video?,Grabbing utensils,Undressing,Walking,Wiping hands,C,user21
training_1459,HAU,HAU/user21/5-1-2,multi,Which of the following actions appear in this video?,Squats,Taking medicine,Walking,Taking a selfie,CD,user21
training_1460,HAU,HAU/user21/5-1-3,multi,Which of the following actions appear in this video?,Wiping surface,Taking a selfie,Squats,Stretching,B,user21
training_1461,HAU,HAU/user21/5-2-1,multi,Which of the following actions appear in this video?,Mopping,Walking,Listening to the music with headphones,Using a phone,BCD,user21
training_1462,HAU,HAU/user21/5-2-2,multi,Which of the following actions appear in this video?,Peeling fruit,Wiping surface,Sitting down,Watching TV,AC,user21
training_1463,HAU,HAU/user21/5-2-3,multi,Which of the following actions appear in this video?,Walking,Listening to the music with headphones,Washing face,Mopping,AB,user21
training_1464,HAU,HAU/user21/6-1-1,multi,Which of the following actions appear in this video?,Checking the time,Checking body temperature,Getting dressed,Eating,BC,user21
training_1465,HAU,HAU/user21/6-1-2,multi,Which of the following actions appear in this video?,Getting dressed,Peeling fruit,Calling,Watching TV,A,user21
training_1466,HAU,HAU/user21/6-1-3,multi,Which of the following actions appear in this video?,Using a phone,Checking body temperature,Playing games,Wiping surface,B,user21
training_1467,HAU,HAU/user21/6-2-1,multi,Which of the following actions appear in this video?,Pouring,Brushing teeth,Drinking,Getting dressed,AC,user21
training_1468,HAU,HAU/user21/6-2-2,multi,Which of the following actions appear in this video?,Brushing teeth,Reading,Pouring,Drinking,CD,user21
training_1469,HAU,HAU/user21/6-2-3,multi,Which of the following actions appear in this video?,Checking the time,Pouring,Drinking,Washing dishes,ABC,user21
training_1470,HAU,HAU/user21/7-1-1,multi,Which of the following actions appear in this video?,Drinking,Undressing,Eating,Grabbing utensils,ACD,user21
training_1471,HAU,HAU/user21/7-1-2,multi,Which of the following actions appear in this video?,Walking,Grabbing utensils,Turning a page,Writing,B,user21
training_1472,HAU,HAU/user21/7-1-3,multi,Which of the following actions appear in this video?,Getting dressed,Massaging oneself,Sweeping,Grabbing utensils,BD,user21
training_1473,HAU,HAU/user21/7-2-1,multi,Which of the following actions appear in this video?,Massaging oneself,Folding clothes,Mopping,Wiping hands,AD,user21
training_1474,HAU,HAU/user21/7-2-2,multi,Which of the following actions appear in this video?,Using a phone,Reading,Wiping hands,Massaging oneself,CD,user21
training_1475,HAU,HAU/user21/7-2-3,multi,Which of the following actions appear in this video?,Standing up,Wiping hands,Drinking,Stretching,B,user21
training_1525,HAU,HAU/user23/1-1-1,multi,Which of the following actions appear in this video?,Brushing teeth,Taking medicine,Lying down,Eating,A,user23
training_1526,HAU,HAU/user23/1-1-2,multi,Which of the following actions appear in this video?,Brushing teeth,Washing face,Drinking,Wiping hands,ABD,user23
training_1527,HAU,HAU/user23/1-1-3,multi,Which of the following actions appear in this video?,Wiping hands,Checking the time,Brushing teeth,Washing face,ACD,user23
training_1528,HAU,HAU/user23/1-2-1,multi,Which of the following actions appear in this video?,Squats,Lunges,Drinking,Watching TV,AB,user23
training_1529,HAU,HAU/user23/1-2-2,multi,Which of the following actions appear in this video?,Stirring,Stretching,Squats,Standing up,C,user23
training_1530,HAU,HAU/user23/1-2-3,multi,Which of the following actions appear in this video?,Running,Massaging oneself,Lunges,Standing up,C,user23
training_1531,HAU,HAU/user23/2-1-1,multi,Which of the following actions appear in this video?,Listening to the music with headphones,Grabbing utensils,Peeling fruit,Taking medicine,BC,user23
training_1532,HAU,HAU/user23/2-1-2,multi,Which of the following actions appear in this video?,Typing on a keyboard,Grabbing utensils,Mopping,Checking body temperature,B,user23
training_1533,HAU,HAU/user23/2-1-3,multi,Which of the following actions appear in this video?,Brushing teeth,Grabbing utensils,Peeling fruit,Taking medicine,BC,user23
training_1534,HAU,HAU/user23/2-2-1,multi,Which of the following actions appear in this video?,Using a phone,Combing hair,Stretching,Walking,BD,user23
training_1535,HAU,HAU/user23/2-2-2,multi,Which of the following actions appear in this video?,Running,Watching TV,Combing hair,Washing face,C,user23
training_1536,HAU,HAU/user23/2-2-3,multi,Which of the following actions appear in this video?,Peeling fruit,Reading,Taking a selfie,Walking,D,user23
training_1537,HAU,HAU/user23/2-3-1,multi,Which of the following actions appear in this video?,Squats,Stirring,Sweeping,Turning a page,B,user23
training_1538,HAU,HAU/user23/2-3-2,multi,Which of the following actions appear in this video?,Walking,Eating,Washing dishes,Stirring,ABD,user23
training_1539,HAU,HAU/user23/2-3-3,multi,Which of the following actions appear in this video?,Eating,Walking,Taking a selfie,Reading,AB,user23
training_1540,HAU,HAU/user23/3-1-1,multi,Which of the following actions appear in this video?,Grabbing utensils,Turning a page,Combing hair,Wiping surface,D,user23
training_1541,HAU,HAU/user23/3-1-2,multi,Which of the following actions appear in this video?,Wiping surface,Stretching,Grabbing utensils,Calling,A,user23
training_1542,HAU,HAU/user23/3-1-3,multi,Which of the following actions appear in this video?,Taking a selfie,Calling,Wiping surface,Lunges,C,user23
training_1543,HAU,HAU/user23/3-2-1,multi,Which of the following actions appear in this video?,Running,Folding clothes,Peeling fruit,Massaging oneself,A,user23
training_1544,HAU,HAU/user23/3-2-2,multi,Which of the following actions appear in this video?,Standing up,Sweeping,Taking a selfie,Brushing teeth,BC,user23
training_1545,HAU,HAU/user23/3-2-3,multi,Which of the following actions appear in this video?,Sweeping,Walking,Sitting down,Massaging oneself,ABC,user23
training_1546,HAU,HAU/user23/4-1-1,multi,Which of the following actions appear in this video?,Grabbing utensils,Reading,Playing games,Writing,BD,user23
training_1547,HAU,HAU/user23/4-1-2,multi,Which of the following actions appear in this video?,Wiping surface,Reading,Writing,Peeling fruit,BC,user23
training_1548,HAU,HAU/user23/4-1-3,multi,Which of the following actions appear in this video?,Walking,Watching TV,Stretching,Reading,D,user23
training_1549,HAU,HAU/user23/4-2-1,multi,Which of the following actions appear in this video?,Taking a selfie,Turning a page,Taking medicine,Peeling fruit,A,user23
training_1550,HAU,HAU/user23/4-2-2,multi,Which of the following actions appear in this video?,Calling,Standing up,Sweeping,Listening to the music with headphones,A,user23
training_1551,HAU,HAU/user23/4-2-3,multi,Which of the following actions appear in this video?,Taking medicine,Calling,Wiping surface,Grabbing utensils,B,user23
training_1552,HAU,HAU/user23/4-3-1,multi,Which of the following actions appear in this video?,Grabbing utensils,Massaging oneself,Getting dressed,Playing games,C,user23
training_1553,HAU,HAU/user23/4-3-2,multi,Which of the following actions appear in this video?,Getting dressed,Taking a selfie,Taking medicine,Mopping,A,user23
training_1554,HAU,HAU/user23/4-3-3,multi,Which of the following actions appear in this video?,Sweeping,Folding clothes,Massaging oneself,Listening to the music with headphones,B,user23
training_1555,HAU,HAU/user23/5-1-1,multi,Which of the following actions appear in this video?,Drinking,Listening to the music with headphones,Taking a selfie,Squats,B,user23
training_1556,HAU,HAU/user23/5-1-2,multi,Which of the following actions appear in this video?,Listening to the music with headphones,Stretching,Playing games,Brushing teeth,AC,user23
training_1557,HAU,HAU/user23/5-1-3,multi,Which of the following actions appear in this video?,Folding clothes,Writing,Listening to the music with headphones,Stretching,C,user23
training_1558,HAU,HAU/user23/5-2-1,multi,Which of the following actions appear in this video?,Getting dressed,Pouring,Undressing,Standing up,AC,user23
training_1559,HAU,HAU/user23/5-2-2,multi,Which of the following actions appear in this video?,Typing on a keyboard,Massaging oneself,Calling,Getting dressed,D,user23
training_1560,HAU,HAU/user23/5-2-3,multi,Which of the following actions appear in this video?,Turning a page,Getting dressed,Reading,Eating,B,user23
training_1561,HAU,HAU/user23/5-3-2,multi,Which of the following actions appear in this video?,Standing up,Mopping,Walking,Checking body temperature,AC,user23
training_1562,HAU,HAU/user23/5-3-3,multi,Which of the following actions appear in this video?,Washing dishes,Wiping hands,Lying down,Walking,D,user23
training_1563,HAU,HAU/user23/6-1-1,multi,Which of the following actions appear in this video?,Playing games,Peeling fruit,Lunges,Standing up,D,user23
training_1564,HAU,HAU/user23/6-1-2,multi,Which of the following actions appear in this video?,Washing face,Stretching,Running,Standing up,BCD,user23
training_1565,HAU,HAU/user23/6-1-3,multi,Which of the following actions appear in this video?,Squats,Checking body temperature,Running,Turning a page,C,user23
training_1566,HAU,HAU/user23/6-3-1,multi,Which of the following actions appear in this video?,Squats,Undressing,Using a phone,Checking the time,A,user23
training_1567,HAU,HAU/user23/6-3-2,multi,Which of the following actions appear in this video?,Squats,Stirring,Lying down,Grabbing utensils,A,user23
training_1568,HAU,HAU/user23/6-3-3,multi,Which of the following actions appear in this video?,Squats,Checking body temperature,Taking a selfie,Listening to the music with headphones,A,user23
training_1569,HAU,HAU/user23/7-1-1,multi,Which of the following actions appear in this video?,Eating,Standing up,Reading,Getting dressed,B,user23
training_1570,HAU,HAU/user23/7-1-2,multi,Which of the following actions appear in this video?,Combing hair,Massaging oneself,Reading,Pouring,B,user23
training_1571,HAU,HAU/user23/7-1-3,multi,Which of the following actions appear in this video?,Grabbing utensils,Taking medicine,Massaging oneself,Standing up,BCD,user23
training_1572,HAU,HAU/user23/7-2-1,multi,Which of the following actions appear in this video?,Washing face,Checking the time,Checking body temperature,Reading,C,user23
training_1573,HAU,HAU/user23/7-2-2,multi,Which of the following actions appear in this video?,Checking body temperature,Taking medicine,Calling,Writing,AB,user23
training_1574,HAU,HAU/user23/7-2-3,multi,Which of the following actions appear in this video?,Taking medicine,Lying down,Checking body temperature,Washing dishes,AC,user23
training_1575,HAU,HAU/user23/7-3-1,multi,Which of the following actions appear in this video?,Walking,Using a phone,Washing face,Standing up,ABD,user23
training_1576,HAU,HAU/user23/7-3-2,multi,Which of the following actions appear in this video?,Checking body temperature,Wiping hands,Using a phone,Sitting down,CD,user23
training_1577,HAU,HAU/user23/7-3-3,multi,Which of the following actions appear in this video?,Grabbing utensils,Sitting down,Walking,Stretching,BCD,user23
training_1578,HAU,HAU/user24/1-1-1,multi,Which of the following actions appear in this video?,Getting dressed,Undressing,Watching TV,Taking a selfie,D,user24
training_1579,HAU,HAU/user24/1-1-2,multi,Which of the following actions appear in this video?,Stirring,Taking a selfie,Standing up,Mopping,B,user24
training_1580,HAU,HAU/user24/1-1-3,multi,Which of the following actions appear in this video?,Using a phone,Jumping jacks,Taking a selfie,Getting dressed,C,user24
training_1581,HAU,HAU/user24/1-2-1,multi,Which of the following actions appear in this video?,Turning a page,Writing,Folding clothes,Playing games,AB,user24
training_1582,HAU,HAU/user24/1-2-2,multi,Which of the following actions appear in this video?,Turning a page,Combing hair,Sitting down,Pouring,AC,user24
training_1583,HAU,HAU/user24/1-2-3,multi,Which of the following actions appear in this video?,Typing on a keyboard,Wiping surface,Turning a page,Writing,ACD,user24
training_1584,HAU,HAU/user24/2-1-1,multi,Which of the following actions appear in this video?,Peeling fruit,Running,Eating,Drinking,ACD,user24
training_1585,HAU,HAU/user24/2-1-2,multi,Which of the following actions appear in this video?,Drinking,Calling,Eating,Peeling fruit,ACD,user24
training_1586,HAU,HAU/user24/2-1-3,multi,Which of the following actions appear in this video?,Calling,Standing up,Eating,Wiping surface,C,user24
training_1587,HAU,HAU/user24/2-2-1,multi,Which of the following actions appear in this video?,Taking medicine,Wiping surface,Watching TV,Lying down,CD,user24
training_1588,HAU,HAU/user24/2-2-2,multi,Which of the following actions appear in this video?,Lying down,Checking body temperature,Running,Watching TV,AD,user24
training_1589,HAU,HAU/user24/2-2-3,multi,Which of the following actions appear in this video?,Watching TV,Stretching,Lying down,Sitting down,AC,user24
training_1590,HAU,HAU/user24/3-2-1,multi,Which of the following actions appear in this video?,Typing on a keyboard,Playing games,Calling,Brushing teeth,AC,user24
training_1591,HAU,HAU/user24/3-2-2,multi,Which of the following actions appear in this video?,Calling,Stretching,Standing up,Walking,ABCD,user24
training_1592,HAU,HAU/user24/3-2-3,multi,Which of the following actions appear in this video?,Walking,Playing games,Undressing,Calling,AD,user24
training_1593,HAU,HAU/user24/4-1-1,multi,Which of the following actions appear in this video?,Playing games,Using a phone,Folding clothes,Mopping,ABC,user24
training_1594,HAU,HAU/user24/4-1-2,multi,Which of the following actions appear in this video?,Pouring,Grabbing utensils,Brushing teeth,Sitting down,D,user24
training_1595,HAU,HAU/user24/4-1-3,multi,Which of the following actions appear in this video?,Sweeping,Using a phone,Peeling fruit,Folding clothes,BD,user24
training_1596,HAU,HAU/user24/4-2-1,multi,Which of the following actions appear in this video?,Drinking,Lunges,Walking,Peeling fruit,ACD,user24
training_1597,HAU,HAU/user24/4-2-2,multi,Which of the following actions appear in this video?,Drinking,Walking,Peeling fruit,Reading,ABC,user24
training_1598,HAU,HAU/user24/4-2-3,multi,Which of the following actions appear in this video?,Taking a selfie,Walking,Watching TV,Reading,B,user24
training_1599,HAU,HAU/user24/4-3-1,multi,Which of the following actions appear in this video?,Turning a page,Wiping hands,Massaging oneself,Playing games,CD,user24
training_1600,HAU,HAU/user24/4-3-2,multi,Which of the following actions appear in this video?,Taking medicine,Massaging oneself,Checking body temperature,Stirring,B,user24
training_1601,HAU,HAU/user24/4-3-3,multi,Which of the following actions appear in this video?,Typing on a keyboard,Lying down,Playing games,Sweeping,C,user24
training_1602,HAU,HAU/user24/5-1-1,multi,Which of the following actions appear in this video?,Standing up,Getting dressed,Squats,Lunges,A,user24
training_1603,HAU,HAU/user24/5-1-2,multi,Which of the following actions appear in this video?,Eating,Watching TV,Pouring,Standing up,D,user24
training_1604,HAU,HAU/user24/5-1-3,multi,Which of the following actions appear in this video?,Stirring,Walking,Using a phone,Sitting down,BCD,user24
training_1605,HAU,HAU/user24/5-2-1,multi,Which of the following actions appear in this video?,Checking body temperature,Undressing,Eating,Taking medicine,AD,user24
training_1606,HAU,HAU/user24/5-2-2,multi,Which of the following actions appear in this video?,Checking body temperature,Grabbing utensils,Peeling fruit,Taking medicine,AD,user24
training_1607,HAU,HAU/user24/5-2-3,multi,Which of the following actions appear in this video?,Walking,Stretching,Checking body temperature,Taking medicine,CD,user24
training_1608,HAU,HAU/user24/5-3-1,multi,Which of the following actions appear in this video?,Sweeping,Reading,Playing games,Lying down,C,user24
training_1609,HAU,HAU/user24/5-3-2,multi,Which of the following actions appear in this video?,Playing games,Watching TV,Taking medicine,Sitting down,ABD,user24
training_1610,HAU,HAU/user24/5-3-3,multi,Which of the following actions appear in this video?,Getting dressed,Walking,Writing,Brushing teeth,B,user24
training_1611,HAU,HAU/user24/6-2-1,multi,Which of the following actions appear in this video?,Walking,Peeling fruit,Taking a selfie,Brushing teeth,AD,user24
training_1612,HAU,HAU/user24/6-2-2,multi,Which of the following actions appear in this video?,Washing face,Walking,Using a phone,Wiping surface,AB,user24
training_1613,HAU,HAU/user24/6-2-3,multi,Which of the following actions appear in this video?,Folding clothes,Watching TV,Walking,Peeling fruit,C,user24
training_1614,HAU,HAU/user24/6-3-1,multi,Which of the following actions appear in this video?,Standing up,Pouring,Typing on a keyboard,Eating,A,user24
training_1615,HAU,HAU/user24/6-3-2,multi,Which of the following actions appear in this video?,Calling,Grabbing utensils,Standing up,Squats,CD,user24
training_1616,HAU,HAU/user24/6-3-3,multi,Which of the following actions appear in this video?,Pouring,Sitting down,Brushing teeth,Squats,D,user24
training_1617,HAU,HAU/user24/7-1-1,multi,Which of the following actions appear in this video?,Stretching,Checking body temperature,Brushing teeth,Typing on a keyboard,BC,user24
training_1618,HAU,HAU/user24/7-1-2,multi,Which of the following actions appear in this video?,Lying down,Checking body temperature,Drinking,Grabbing utensils,B,user24
training_1619,HAU,HAU/user24/7-1-3,multi,Which of the following actions appear in this video?,Reading,Peeling fruit,Massaging oneself,Brushing teeth,CD,user24
training_1620,HAU,HAU/user24/7-2-1,multi,Which of the following actions appear in this video?,Sitting down,Washing dishes,Typing on a keyboard,Washing face,AC,user24
training_1621,HAU,HAU/user24/7-2-2,multi,Which of the following actions appear in this video?,Walking,Brushing teeth,Lying down,Stretching,A,user24
training_1622,HAU,HAU/user24/7-2-3,multi,Which of the following actions appear in this video?,Checking the time,Listening to the music with headphones,Wiping hands,Lying down,AB,user24
training_1623,HAU,HAU/user1/1-1-1,combination,Which combination of actions is performed in this video?,"Lunges, Squats","Squats, Getting dressed","Lunges, Grabbing utensils","Getting dressed, Grabbing utensils",B,user1
training_1624,HAU,HAU/user1/1-1-2,combination,Which combination of actions is performed in this video?,"Wiping hands, Lunges","Wiping hands, Walking","Walking, Pouring","Pouring, Lunges",B,user1
training_1625,HAU,HAU/user1/1-1-3,combination,Which combination of actions is performed in this video?,"Mopping, Brushing teeth, Getting dressed, Sweeping","Wiping hands, Walking, Combing hair, Getting dressed","Walking, Sweeping, Checking body temperature, Combing hair","Wiping hands, Checking body temperature, Mopping, Brushing teeth",B,user1
training_1626,HAU,HAU/user1/1-2-1,combination,Which combination of actions is performed in this video?,"Playing games, Drinking, Peeling fruit, Massaging oneself, Stirring","Walking, Washing dishes, Grabbing utensils, Eating, Peeling fruit","Stirring, Grabbing utensils, Stretching, Eating, Drinking","Washing dishes, Playing games, Stretching, Walking, Massaging oneself",B,user1
training_1627,HAU,HAU/user1/1-2-2,combination,Which combination of actions is performed in this video?,"Lying down, Grabbing utensils, Pouring, Wiping hands","Walking, Drinking, Lying down, Pouring","Washing dishes, Walking, Grabbing utensils, Eating","Eating, Drinking, Washing dishes, Wiping hands",C,user1
training_1628,HAU,HAU/user1/1-2-3,combination,Which combination of actions is performed in this video?,"Washing face, Grabbing utensils","Peeling fruit, Grabbing utensils","Peeling fruit, Wiping hands","Washing face, Wiping hands",B,user1
training_1629,HAU,HAU/user1/2-1-1,combination,Which combination of actions is performed in this video?,"Taking medicine, Stirring, Wiping hands, Pouring, Calling","Grabbing utensils, Eating, Stirring, Pouring, Peeling fruit","Folding clothes, Peeling fruit, Walking, Wiping hands, Taking medicine","Calling, Folding clothes, Grabbing utensils, Walking, Eating",B,user1
training_1630,HAU,HAU/user1/2-1-2,combination,Which combination of actions is performed in this video?,"Eating, Peeling fruit","Checking the time, Mopping","Eating, Mopping","Peeling fruit, Checking the time",A,user1
training_1631,HAU,HAU/user1/2-1-3,combination,Which combination of actions is performed in this video?,"Peeling fruit, Undressing, Washing dishes, Washing face","Peeling fruit, Pouring, Stirring, Grabbing utensils","Drinking, Undressing, Stirring, Washing dishes","Grabbing utensils, Washing face, Drinking, Pouring",B,user1
training_1632,HAU,HAU/user1/2-2-1,combination,Which combination of actions is performed in this video?,"Playing games, Turning a page, Sitting down","Walking, Typing on a keyboard, Playing games","Sitting down, Typing on a keyboard, Standing up","Standing up, Turning a page, Walking",C,user1
training_1633,HAU,HAU/user1/2-2-2,combination,Which combination of actions is performed in this video?,"Standing up, Sitting down","Sitting down, Washing face","Jumping jacks, Washing face","Jumping jacks, Standing up",A,user1
training_1634,HAU,HAU/user1/2-2-3,combination,Which combination of actions is performed in this video?,"Standing up, Walking","Walking, Listening to the music with headphones","Standing up, Playing games","Listening to the music with headphones, Playing games",A,user1
training_1635,HAU,HAU/user1/3-1-1,combination,Which combination of actions is performed in this video?,"Turning a page, Eating","Stirring, Reading","Eating, Stirring","Reading, Turning a page",C,user1
training_1636,HAU,HAU/user1/3-1-2,combination,Which combination of actions is performed in this video?,"Eating, Calling","Massaging oneself, Stirring","Stirring, Eating","Calling, Massaging oneself",C,user1
training_1637,HAU,HAU/user1/3-1-3,combination,Which combination of actions is performed in this video?,"Massaging oneself, Watching TV","Stirring, Massaging oneself","Eating, Stirring","Eating, Watching TV",C,user1
training_1638,HAU,HAU/user1/3-2-1,combination,Which combination of actions is performed in this video?,"Pouring, Typing on a keyboard","Checking body temperature, Standing up","Pouring, Checking body temperature","Typing on a keyboard, Standing up",D,user1
training_1639,HAU,HAU/user1/3-2-2,combination,Which combination of actions is performed in this video?,"Walking, Playing games, Checking the time, Stirring, Sitting down","Reading, Checking the time, Sitting down, Mopping, Squats","Playing games, Typing on a keyboard, Lunges, Squats, Mopping","Typing on a keyboard, Stirring, Walking, Lunges, Reading",B,user1
training_1640,HAU,HAU/user1/3-2-3,combination,Which combination of actions is performed in this video?,"Checking the time, Reading, Sitting down, Lunges, Standing up, Mopping","Standing up, Turning a page, Playing games, Lunges, Walking, Washing dishes","Walking, Playing games, Sitting down, Checking the time, Lying down, Writing","Turning a page, Washing dishes, Writing, Mopping, Lying down, Reading",A,user1
training_1641,HAU,HAU/user1/4-1-1,combination,Which combination of actions is performed in this video?,"Washing face, Wiping surface, Typing on a keyboard, Folding clothes","Typing on a keyboard, Turning a page, Stirring, Pouring","Washing dishes, Washing face, Folding clothes, Turning a page","Wiping surface, Washing dishes, Pouring, Stirring",D,user1
training_1642,HAU,HAU/user1/4-1-2,combination,Which combination of actions is performed in this video?,"Lying down, Folding clothes, Eating, Getting dressed, Running, Brushing teeth, Drinking, Wiping surface","Washing dishes, Getting dressed, Walking, Brushing teeth, Mopping, Running, Massaging oneself, Stirring","Walking, Peeling fruit, Folding clothes, Pouring, Massaging oneself, Mopping, Lying down, Grabbing utensils","Peeling fruit, Pouring, Wiping surface, Grabbing utensils, Eating, Washing dishes, Stirring, Drinking",D,user1
training_1643,HAU,HAU/user1/4-1-3,combination,Which combination of actions is performed in this video?,"Stirring, Typing on a keyboard, Lunges, Checking body temperature","Peeling fruit, Drinking, Stirring, Pouring","Checking body temperature, Running, Peeling fruit, Typing on a keyboard","Running, Drinking, Lunges, Pouring",B,user1
training_1644,HAU,HAU/user1/5-1-1,combination,Which combination of actions is performed in this video?,"Playing games, Listening to the music with headphones, Reading","Taking a selfie, Listening to the music with headphones, Watching TV","Playing games, Watching TV, Undressing","Reading, Taking a selfie, Undressing",B,user1
training_1645,HAU,HAU/user1/5-1-2,combination,Which combination of actions is performed in this video?,"Peeling fruit, Standing up, Checking the time","Grabbing utensils, Peeling fruit, Typing on a keyboard","Grabbing utensils, Checking the time, Listening to the music with headphones","Standing up, Typing on a keyboard, Listening to the music with headphones",C,user1
training_1646,HAU,HAU/user1/5-1-3,combination,Which combination of actions is performed in this video?,"Checking the time, Wiping hands, Taking a selfie","Undressing, Grabbing utensils, Wiping hands","Listening to the music with headphones, Taking a selfie, Grabbing utensils","Listening to the music with headphones, Checking the time, Undressing",C,user1
training_1647,HAU,HAU/user1/6-1-1,combination,Which combination of actions is performed in this video?,"Walking, Eating, Peeling fruit","Listening to the music with headphones, Drinking, Peeling fruit","Walking, Massaging oneself, Listening to the music with headphones","Eating, Massaging oneself, Drinking",A,user1
training_1648,HAU,HAU/user1/6-1-2,combination,Which combination of actions is performed in this video?,"Folding clothes, Stretching, Walking","Using a phone, Peeling fruit, Folding clothes","Using a phone, Eating, Stretching","Peeling fruit, Eating, Walking",D,user1
training_1649,HAU,HAU/user1/6-1-3,combination,Which combination of actions is performed in this video?,"Wiping surface, Sitting down, Eating","Peeling fruit, Eating, Walking","Peeling fruit, Wiping surface, Folding clothes","Sitting down, Folding clothes, Walking",B,user1
training_1650,HAU,HAU/user1/6-2-1,combination,Which combination of actions is performed in this video?,"Walking, Sweeping, Wiping hands, Stretching, Reading","Stretching, Playing games, Listening to the music with headphones, Turning a page, Sitting down","Wiping hands, Playing games, Standing up, Walking, Listening to the music with headphones","Sweeping, Turning a page, Standing up, Sitting down, Reading",D,user1
training_1651,HAU,HAU/user1/6-2-2,combination,Which combination of actions is performed in this video?,"Sitting down, Grabbing utensils, Reading, Writing, Squats, Drinking","Sweeping, Turning a page, Sitting down, Walking, Standing up, Reading","Standing up, Grabbing utensils, Eating, Taking a selfie, Sweeping, Drinking","Turning a page, Taking a selfie, Squats, Eating, Writing, Walking",B,user1
training_1652,HAU,HAU/user1/6-2-3,combination,Which combination of actions is performed in this video?,"Wiping hands, Turning a page","Sweeping, Turning a page","Peeling fruit, Sweeping","Wiping hands, Peeling fruit",B,user1
training_1653,HAU,HAU/user1/7-1-1,combination,Which combination of actions is performed in this video?,"Lunges, Massaging oneself","Standing up, Wiping hands","Lunges, Standing up","Wiping hands, Massaging oneself",D,user1
training_1654,HAU,HAU/user1/7-1-2,combination,Which combination of actions is performed in this video?,"Checking body temperature, Stretching, Turning a page, Sitting down, Peeling fruit","Peeling fruit, Massaging oneself, Taking a selfie, Taking medicine, Mopping","Stretching, Wiping hands, Massaging oneself, Taking medicine, Sitting down","Checking body temperature, Turning a page, Wiping hands, Mopping, Taking a selfie",C,user1
training_1655,HAU,HAU/user1/7-1-3,combination,Which combination of actions is performed in this video?,"Taking medicine, Stretching, Massaging oneself","Wiping hands, Standing up, Taking medicine","Wiping hands, Massaging oneself, Washing dishes","Stretching, Standing up, Washing dishes",A,user1
training_1656,HAU,HAU/user2/1-2-1,combination,Which combination of actions is performed in this video?,"Writing, Folding clothes","Walking, Drinking","Writing, Drinking","Folding clothes, Walking",B,user2
training_1657,HAU,HAU/user2/1-2-2,combination,Which combination of actions is performed in this video?,"Pouring, Washing face, Sweeping, Drinking, Folding clothes","Stretching, Sweeping, Grabbing utensils, Folding clothes, Stirring","Drinking, Eating, Grabbing utensils, Walking, Stretching","Eating, Stirring, Walking, Pouring, Washing face",C,user2
training_1658,HAU,HAU/user2/1-2-3,combination,Which combination of actions is performed in this video?,"Grabbing utensils, Watching TV","Stretching, Grabbing utensils","Stretching, Folding clothes","Watching TV, Folding clothes",B,user2
training_1659,HAU,HAU/user2/2-1-1,combination,Which combination of actions is performed in this video?,"Pouring, Eating, Checking body temperature, Washing face, Squats","Drinking, Pouring, Walking, Eating, Grabbing utensils","Washing face, Brushing teeth, Squats, Standing up, Grabbing utensils","Checking body temperature, Walking, Standing up, Brushing teeth, Drinking",B,user2
training_1660,HAU,HAU/user2/2-1-2,combination,Which combination of actions is performed in this video?,"Washing face, Eating, Using a phone, Pouring","Grabbing utensils, Peeling fruit, Using a phone, Pouring","Walking, Grabbing utensils, Drinking, Eating","Drinking, Washing face, Peeling fruit, Walking",C,user2
training_1661,HAU,HAU/user2/2-1-3,combination,Which combination of actions is performed in this video?,"Taking medicine, Grabbing utensils","Eating, Turning a page","Eating, Grabbing utensils","Turning a page, Taking medicine",C,user2
training_1662,HAU,HAU/user2/2-2-1,combination,Which combination of actions is performed in this video?,"Standing up, Walking, Pouring, Eating","Grabbing utensils, Standing up, Stirring, Stretching","Stretching, Walking, Pouring, Drinking","Grabbing utensils, Stretching, Drinking, Walking",D,user2
training_1663,HAU,HAU/user2/2-2-2,combination,Which combination of actions is performed in this video?,"Peeling fruit, Wiping hands, Stirring, Lying down, Pouring","Massaging oneself, Stirring, Squats, Peeling fruit, Washing face","Checking body temperature, Stretching, Wiping hands, Squats, Massaging oneself","Checking body temperature, Washing face, Stretching, Lying down, Pouring",C,user2
training_1664,HAU,HAU/user2/2-2-3,combination,Which combination of actions is performed in this video?,"Eating, Wiping hands, Drinking, Checking body temperature","Taking medicine, Eating, Squats, Stretching","Drinking, Taking medicine, Stretching, Turning a page","Wiping hands, Turning a page, Checking body temperature, Squats",A,user2
training_1665,HAU,HAU/user2/3-1-1,combination,Which combination of actions is performed in this video?,"Sweeping, Mopping","Drinking, Mopping","Sweeping, Folding clothes","Folding clothes, Drinking",A,user2
training_1666,HAU,HAU/user2/3-1-2,combination,Which combination of actions is performed in this video?,"Typing on a keyboard, Listening to the music with headphones","Listening to the music with headphones, Mopping","Sweeping, Mopping","Sweeping, Typing on a keyboard",C,user2
training_1667,HAU,HAU/user2/3-1-3,combination,Which combination of actions is performed in this video?,"Taking medicine, Turning a page","Taking medicine, Mopping","Sweeping, Mopping","Turning a page, Sweeping",C,user2
training_1668,HAU,HAU/user2/3-2-2,combination,Which combination of actions is performed in this video?,"Walking, Sitting down, Taking a selfie","Turning a page, Reading, Walking","Turning a page, Sitting down, Undressing","Reading, Undressing, Taking a selfie",B,user2
training_1669,HAU,HAU/user2/3-2-3,combination,Which combination of actions is performed in this video?,"Eating, Sitting down, Stretching","Walking, Stretching, Turning a page","Walking, Eating, Reading","Reading, Turning a page, Sitting down",D,user2
training_1670,HAU,HAU/user2/4-1-1,combination,Which combination of actions is performed in this video?,"Walking, Calling","Sweeping, Wiping hands","Walking, Sweeping","Wiping hands, Calling",A,user2
training_1671,HAU,HAU/user2/4-1-2,combination,Which combination of actions is performed in this video?,"Wiping hands, Using a phone, Walking","Taking a selfie, Standing up, Walking","Taking a selfie, Writing, Wiping hands","Using a phone, Writing, Standing up",D,user2
training_1672,HAU,HAU/user2/4-1-3,combination,Which combination of actions is performed in this video?,"Standing up, Calling, Typing on a keyboard, Getting dressed","Using a phone, Taking medicine, Typing on a keyboard, Getting dressed","Writing, Standing up, Taking medicine, Walking","Using a phone, Writing, Calling, Walking",D,user2
training_1673,HAU,HAU/user2/4-2-1,combination,Which combination of actions is performed in this video?,"Drinking, Getting dressed, Standing up","Grabbing utensils, Drinking, Eating","Eating, Getting dressed, Sweeping","Grabbing utensils, Sweeping, Standing up",B,user2
training_1674,HAU,HAU/user2/4-2-2,combination,Which combination of actions is performed in this video?,"Wiping surface, Drinking, Undressing","Grabbing utensils, Typing on a keyboard, Undressing","Typing on a keyboard, Wiping surface, Eating","Drinking, Eating, Grabbing utensils",D,user2
training_1675,HAU,HAU/user2/4-2-3,combination,Which combination of actions is performed in this video?,"Eating, Drinking, Grabbing utensils","Taking a selfie, Grabbing utensils, Calling","Stretching, Eating, Calling","Stretching, Taking a selfie, Drinking",A,user2
training_1676,HAU,HAU/user2/4-3-1,combination,Which combination of actions is performed in this video?,"Checking body temperature, Walking, Typing on a keyboard","Sitting down, Walking, Writing","Sitting down, Getting dressed, Typing on a keyboard","Getting dressed, Checking body temperature, Writing",B,user2
training_1677,HAU,HAU/user2/4-3-2,combination,Which combination of actions is performed in this video?,"Jumping jacks, Sitting down","Sitting down, Writing","Washing face, Standing up","Jumping jacks, Washing face",B,user2
training_1678,HAU,HAU/user2/4-3-3,combination,Which combination of actions is performed in this video?,"Reading, Grabbing utensils","Sitting down, Walking","Grabbing utensils, Walking","Reading, Sitting down",B,user2
training_1679,HAU,HAU/user2/5-1-1,combination,Which combination of actions is performed in this video?,"Squats, Grabbing utensils","Squats, Running","Running, Calling","Grabbing utensils, Calling",B,user2
training_1680,HAU,HAU/user2/5-1-2,combination,Which combination of actions is performed in this video?,"Jumping jacks, Turning a page, Mopping","Running, Jumping jacks, Squats","Wiping surface, Running, Turning a page","Squats, Wiping surface, Mopping",B,user2
training_1681,HAU,HAU/user2/5-1-3,combination,Which combination of actions is performed in this video?,"Wiping surface, Lying down","Squats, Jumping jacks","Squats, Lying down","Wiping surface, Jumping jacks",B,user2
training_1682,HAU,HAU/user2/5-2-1,combination,Which combination of actions is performed in this video?,"Typing on a keyboard, Eating","Running, Walking","Eating, Walking","Typing on a keyboard, Running",C,user2
training_1683,HAU,HAU/user2/5-2-2,combination,Which combination of actions is performed in this video?,"Running, Sweeping, Walking","Peeling fruit, Walking, Eating","Combing hair, Sweeping, Eating","Combing hair, Running, Peeling fruit",B,user2
training_1684,HAU,HAU/user2/5-2-3,combination,Which combination of actions is performed in this video?,"Peeling fruit, Calling","Jumping jacks, Walking","Peeling fruit, Walking","Jumping jacks, Calling",C,user2
training_1685,HAU,HAU/user2/6-1-1,combination,Which combination of actions is performed in this video?,"Listening to the music with headphones, Stretching, Pouring, Running, Sitting down, Jumping jacks","Using a phone, Running, Squats, Stretching, Grabbing utensils, Stirring","Grabbing utensils, Stirring, Drinking, Sitting down, Jumping jacks, Massaging oneself","Massaging oneself, Listening to the music with headphones, Squats, Pouring, Drinking, Using a phone",A,user2
training_1686,HAU,HAU/user2/6-1-2,combination,Which combination of actions is performed in this video?,"Stretching, Jumping jacks, Pouring, Listening to the music with headphones, Using a phone","Sitting down, Stirring, Listening to the music with headphones, Squats, Pouring","Using a phone, Reading, Stirring, Stretching, Running","Running, Sitting down, Squats, Jumping jacks, Reading",A,user2
training_1687,HAU,HAU/user2/7-1-1,combination,Which combination of actions is performed in this video?,"Sitting down, Undressing","Taking medicine, Sitting down","Taking medicine, Brushing teeth","Undressing, Brushing teeth",B,user2
training_1688,HAU,HAU/user2/7-1-2,combination,Which combination of actions is performed in this video?,"Sitting down, Pouring","Taking medicine, Typing on a keyboard","Sitting down, Taking medicine","Typing on a keyboard, Pouring",C,user2
training_1689,HAU,HAU/user2/7-1-3,combination,Which combination of actions is performed in this video?,"Peeling fruit, Sitting down","Writing, Taking medicine","Peeling fruit, Writing","Sitting down, Taking medicine",D,user2
training_1690,HAU,HAU/user2/7-2-1,combination,Which combination of actions is performed in this video?,"Washing face, Taking medicine, Walking","Peeling fruit, Walking, Eating","Eating, Washing face, Undressing","Undressing, Taking medicine, Peeling fruit",B,user2
training_1691,HAU,HAU/user2/7-2-2,combination,Which combination of actions is performed in this video?,"Brushing teeth, Eating","Peeling fruit, Washing face","Peeling fruit, Eating","Washing face, Brushing teeth",C,user2
training_1692,HAU,HAU/user2/7-2-3,combination,Which combination of actions is performed in this video?,"Writing, Getting dressed","Writing, Peeling fruit","Getting dressed, Walking","Peeling fruit, Walking",D,user2
training_1693,HAU,HAU/user2/7-3-1,combination,Which combination of actions is performed in this video?,"Grabbing utensils, Stretching","Brushing teeth, Listening to the music with headphones","Grabbing utensils, Brushing teeth","Listening to the music with headphones, Stretching",D,user2
training_1694,HAU,HAU/user2/7-3-2,combination,Which combination of actions is performed in this video?,"Massaging oneself, Calling, Listening to the music with headphones, Pouring, Stretching","Walking, Stretching, Checking the time, Sweeping, Using a phone","Listening to the music with headphones, Walking, Sitting down, Using a phone, Massaging oneself","Calling, Sitting down, Sweeping, Pouring, Checking the time",C,user2
training_1695,HAU,HAU/user2/7-3-3,combination,Which combination of actions is performed in this video?,"Brushing teeth, Massaging oneself, Wiping hands","Walking, Listening to the music with headphones, Wiping hands","Massaging oneself, Walking, Pouring","Brushing teeth, Pouring, Listening to the music with headphones",B,user2
training_1696,HAU,HAU/user3/1-1-1,combination,Which combination of actions is performed in this video?,"Standing up, Checking the time","Typing on a keyboard, Standing up","Getting dressed, Typing on a keyboard","Getting dressed, Checking the time",D,user3
training_1697,HAU,HAU/user3/1-1-2,combination,Which combination of actions is performed in this video?,"Taking medicine, Checking the time","Getting dressed, Sitting down","Checking the time, Getting dressed","Sitting down, Taking medicine",C,user3
training_1698,HAU,HAU/user3/1-1-3,combination,Which combination of actions is performed in this video?,"Getting dressed, Checking the time","Wiping surface, Checking the time","Turning a page, Getting dressed","Wiping surface, Turning a page",A,user3
training_1699,HAU,HAU/user3/1-2-1,combination,Which combination of actions is performed in this video?,"Sweeping, Mopping, Drinking","Undressing, Walking, Sweeping","Undressing, Mopping, Listening to the music with headphones","Listening to the music with headphones, Walking, Drinking",D,user3
training_1700,HAU,HAU/user3/1-2-2,combination,Which combination of actions is performed in this video?,"Combing hair, Watching TV","Washing dishes, Watching TV","Drinking, Washing dishes","Combing hair, Drinking",D,user3
training_1701,HAU,HAU/user3/1-2-3,combination,Which combination of actions is performed in this video?,"Checking body temperature, Drinking, Reading","Walking, Reading, Combing hair","Walking, Listening to the music with headphones, Drinking","Listening to the music with headphones, Combing hair, Checking body temperature",C,user3
training_1702,HAU,HAU/user3/2-1-1,combination,Which combination of actions is performed in this video?,"Standing up, Wiping surface","Listening to the music with headphones, Running","Wiping surface, Listening to the music with headphones","Standing up, Running",D,user3
training_1703,HAU,HAU/user3/2-1-2,combination,Which combination of actions is performed in this video?,"Standing up, Brushing teeth, Sweeping, Folding clothes","Squats, Standing up, Walking, Stretching","Stretching, Running, Folding clothes, Brushing teeth","Walking, Sweeping, Squats, Running",B,user3
training_1704,HAU,HAU/user3/2-1-3,combination,Which combination of actions is performed in this video?,"Grabbing utensils, Brushing teeth","Standing up, Running","Brushing teeth, Running","Standing up, Grabbing utensils",B,user3
training_1705,HAU,HAU/user3/2-2-1,combination,Which combination of actions is performed in this video?,"Checking body temperature, Massaging oneself","Checking body temperature, Folding clothes","Folding clothes, Checking the time","Massaging oneself, Checking the time",A,user3
training_1706,HAU,HAU/user3/2-2-2,combination,Which combination of actions is performed in this video?,"Running, Taking medicine","Walking, Taking medicine","Running, Drinking","Drinking, Walking",B,user3
training_1707,HAU,HAU/user3/2-2-3,combination,Which combination of actions is performed in this video?,"Peeling fruit, Undressing, Massaging oneself","Peeling fruit, Checking body temperature, Washing dishes","Washing dishes, Walking, Undressing","Walking, Massaging oneself, Checking body temperature",D,user3
training_1708,HAU,HAU/user3/3-1-1,combination,Which combination of actions is performed in this video?,"Washing dishes, Peeling fruit","Getting dressed, Wiping surface","Washing dishes, Wiping surface","Peeling fruit, Getting dressed",A,user3
training_1709,HAU,HAU/user3/3-1-2,combination,Which combination of actions is performed in this video?,"Squats, Washing dishes","Folding clothes, Squats","Washing dishes, Peeling fruit","Folding clothes, Peeling fruit",C,user3
training_1710,HAU,HAU/user3/3-1-3,combination,Which combination of actions is performed in this video?,"Taking a selfie, Turning a page","Peeling fruit, Taking a selfie","Turning a page, Washing dishes","Washing dishes, Peeling fruit",D,user3
training_1711,HAU,HAU/user3/3-2-1,combination,Which combination of actions is performed in this video?,"Sitting down, Lying down, Lunges, Writing, Watching TV","Calling, Lying down, Pouring, Watching TV, Walking","Sitting down, Listening to the music with headphones, Writing, Walking, Typing on a keyboard","Calling, Listening to the music with headphones, Pouring, Typing on a keyboard, Lunges",C,user3
training_1712,HAU,HAU/user3/3-2-2,combination,Which combination of actions is performed in this video?,"Writing, Typing on a keyboard, Turning a page","Sitting down, Writing, Calling","Standing up, Turning a page, Calling","Sitting down, Standing up, Typing on a keyboard",B,user3
training_1713,HAU,HAU/user3/3-2-3,combination,Which combination of actions is performed in this video?,"Drinking, Calling","Drinking, Eating","Calling, Listening to the music with headphones","Eating, Listening to the music with headphones",C,user3
training_1714,HAU,HAU/user3/4-1-1,combination,Which combination of actions is performed in this video?,"Writing, Pouring, Playing games, Running, Drinking","Running, Calling, Lunges, Pouring, Peeling fruit","Drinking, Grabbing utensils, Stirring, Calling, Peeling fruit","Stirring, Writing, Grabbing utensils, Playing games, Lunges",C,user3
training_1715,HAU,HAU/user3/4-1-2,combination,Which combination of actions is performed in this video?,"Writing, Peeling fruit, Combing hair, Reading, Turning a page, Washing dishes, Brushing teeth, Drinking","Eating, Writing, Calling, Pouring, Washing dishes, Combing hair, Running, Sitting down","Drinking, Eating, Grabbing utensils, Turning a page, Calling, Peeling fruit, Stirring, Typing on a keyboard","Running, Reading, Grabbing utensils, Sitting down, Brushing teeth, Pouring, Stirring, Typing on a keyboard",C,user3
training_1716,HAU,HAU/user3/4-1-3,combination,Which combination of actions is performed in this video?,"Undressing, Playing games","Peeling fruit, Turning a page","Undressing, Peeling fruit","Turning a page, Playing games",B,user3
training_1717,HAU,HAU/user3/5-1-1,combination,Which combination of actions is performed in this video?,"Washing face, Standing up, Stirring, Sweeping","Eating, Pouring, Standing up, Drinking","Eating, Washing face, Grabbing utensils, Sweeping","Stirring, Drinking, Grabbing utensils, Pouring",D,user3
training_1718,HAU,HAU/user3/5-1-2,combination,Which combination of actions is performed in this video?,"Grabbing utensils, Brushing teeth, Sitting down, Stirring","Jumping jacks, Drinking, Sitting down, Peeling fruit","Drinking, Grabbing utensils, Stirring, Pouring","Brushing teeth, Jumping jacks, Pouring, Peeling fruit",C,user3
training_1719,HAU,HAU/user3/5-1-3,combination,Which combination of actions is performed in this video?,"Playing games, Calling","Grabbing utensils, Calling","Playing games, Stirring","Stirring, Grabbing utensils",D,user3
training_1720,HAU,HAU/user3/5-2-1,combination,Which combination of actions is performed in this video?,"Eating, Listening to the music with headphones","Checking body temperature, Listening to the music with headphones","Eating, Folding clothes","Checking body temperature, Folding clothes",A,user3
training_1721,HAU,HAU/user3/5-2-2,combination,Which combination of actions is performed in this video?,"Washing face, Turning a page, Sitting down, Eating, Pouring, Peeling fruit, Folding clothes","Drinking, Washing face, Folding clothes, Listening to the music with headphones, Stirring, Grabbing utensils, Combing hair","Eating, Sitting down, Walking, Grabbing utensils, Reading, Turning a page, Listening to the music with headphones","Stirring, Peeling fruit, Pouring, Combing hair, Reading, Walking, Drinking",C,user3
training_1722,HAU,HAU/user3/5-2-3,combination,Which combination of actions is performed in this video?,"Squats, Sitting down","Reading, Jumping jacks","Jumping jacks, Squats","Sitting down, Reading",D,user3
training_1723,HAU,HAU/user3/6-1-1,combination,Which combination of actions is performed in this video?,"Eating, Walking","Mopping, Walking","Sitting down, Mopping","Sitting down, Eating",A,user3
training_1724,HAU,HAU/user3/6-1-2,combination,Which combination of actions is performed in this video?,"Walking, Eating","Watching TV, Walking","Watching TV, Wiping hands","Wiping hands, Eating",A,user3
training_1725,HAU,HAU/user3/6-1-3,combination,Which combination of actions is performed in this video?,"Combing hair, Watching TV, Stirring, Eating","Grabbing utensils, Drinking, Eating, Walking","Watching TV, Drinking, Stirring, Pouring","Pouring, Grabbing utensils, Walking, Combing hair",B,user3
training_1726,HAU,HAU/user3/6-2-1,combination,Which combination of actions is performed in this video?,"Checking the time, Jumping jacks, Brushing teeth","Mopping, Reading, Brushing teeth","Checking the time, Reading, Walking","Mopping, Walking, Jumping jacks",C,user3
training_1727,HAU,HAU/user3/6-2-2,combination,Which combination of actions is performed in this video?,"Writing, Turning a page, Checking the time, Standing up, Mopping","Sitting down, Reading, Writing, Walking, Washing face","Reading, Checking the time, Sweeping, Standing up, Walking","Mopping, Turning a page, Sweeping, Washing face, Sitting down",C,user3
training_1728,HAU,HAU/user3/6-2-3,combination,Which combination of actions is performed in this video?,"Reading, Checking the time, Sweeping, Sitting down, Standing up","Eating, Mopping, Turning a page, Sitting down, Massaging oneself","Walking, Massaging oneself, Turning a page, Sweeping, Checking the time","Standing up, Walking, Eating, Reading, Mopping",A,user3
training_1729,HAU,HAU/user3/7-1-1,combination,Which combination of actions is performed in this video?,"Checking body temperature, Standing up, Checking the time, Stretching, Washing face, Peeling fruit","Eating, Standing up, Stirring, Pouring, Stretching, Taking medicine","Washing face, Checking body temperature, Lying down, Stirring, Sweeping, Taking medicine","Pouring, Eating, Checking the time, Sweeping, Peeling fruit, Lying down",B,user3
training_1730,HAU,HAU/user3/7-1-2,combination,Which combination of actions is performed in this video?,"Eating, Sitting down, Massaging oneself, Pouring, Wiping hands, Stirring, Walking, Peeling fruit","Stretching, Wiping hands, Standing up, Watching TV, Grabbing utensils, Sitting down, Mopping, Checking the time","Pouring, Massaging oneself, Taking medicine, Checking the time, Watching TV, Mopping, Peeling fruit, Drinking","Grabbing utensils, Drinking, Walking, Stirring, Eating, Standing up, Taking medicine, Stretching",D,user3
training_1731,HAU,HAU/user3/7-1-3,combination,Which combination of actions is performed in this video?,"Lying down, Grabbing utensils, Checking body temperature","Checking body temperature, Combing hair, Stretching","Stretching, Eating, Grabbing utensils","Lying down, Eating, Combing hair",C,user3
training_1732,HAU,HAU/user4/1-1-1,combination,Which combination of actions is performed in this video?,"Washing face, Wiping hands","Drinking, Wiping hands","Playing games, Washing face","Drinking, Playing games",A,user4
training_1733,HAU,HAU/user4/1-1-2,combination,Which combination of actions is performed in this video?,"Washing dishes, Wiping hands","Typing on a keyboard, Washing face","Washing dishes, Typing on a keyboard","Washing face, Wiping hands",D,user4
training_1734,HAU,HAU/user4/1-1-3,combination,Which combination of actions is performed in this video?,"Washing face, Calling","Eating, Calling","Eating, Wiping hands","Washing face, Wiping hands",D,user4
training_1735,HAU,HAU/user4/1-2-1,combination,Which combination of actions is performed in this video?,"Pouring, Grabbing utensils, Walking, Peeling fruit, Stirring","Drinking, Eating, Stirring, Folding clothes, Sitting down","Taking a selfie, Peeling fruit, Drinking, Sitting down, Walking","Folding clothes, Taking a selfie, Eating, Grabbing utensils, Pouring",A,user4
training_1736,HAU,HAU/user4/1-2-2,combination,Which combination of actions is performed in this video?,"Stirring, Wiping surface, Peeling fruit","Sweeping, Eating, Wiping surface","Grabbing utensils, Peeling fruit, Eating","Grabbing utensils, Stirring, Sweeping",C,user4
training_1737,HAU,HAU/user4/1-2-3,combination,Which combination of actions is performed in this video?,"Walking, Eating, Grabbing utensils","Lunges, Eating, Pouring","Pouring, Listening to the music with headphones, Grabbing utensils","Listening to the music with headphones, Walking, Lunges",A,user4
training_1738,HAU,HAU/user4/2-1-1,combination,Which combination of actions is performed in this video?,"Drinking, Standing up, Grabbing utensils","Washing dishes, Drinking, Pouring","Pouring, Grabbing utensils, Turning a page","Washing dishes, Standing up, Turning a page",A,user4
training_1739,HAU,HAU/user4/2-1-2,combination,Which combination of actions is performed in this video?,"Jumping jacks, Walking, Drinking, Stirring, Eating","Standing up, Peeling fruit, Drinking, Eating, Grabbing utensils","Sweeping, Peeling fruit, Jumping jacks, Folding clothes, Walking","Grabbing utensils, Folding clothes, Sweeping, Standing up, Stirring",B,user4
training_1740,HAU,HAU/user4/2-1-3,combination,Which combination of actions is performed in this video?,"Drinking, Lying down, Peeling fruit, Getting dressed","Drinking, Eating, Standing up, Grabbing utensils","Grabbing utensils, Lying down, Peeling fruit, Pouring","Eating, Pouring, Getting dressed, Standing up",B,user4
training_1741,HAU,HAU/user4/2-2-1,combination,Which combination of actions is performed in this video?,"Getting dressed, Checking the time","Mopping, Checking the time","Walking, Getting dressed","Walking, Mopping",D,user4
training_1742,HAU,HAU/user4/2-2-2,combination,Which combination of actions is performed in this video?,"Peeling fruit, Sitting down, Walking","Sweeping, Mopping, Walking","Washing dishes, Sweeping, Sitting down","Peeling fruit, Mopping, Washing dishes",B,user4
training_1743,HAU,HAU/user4/2-2-3,combination,Which combination of actions is performed in this video?,"Folding clothes, Getting dressed","Mopping, Getting dressed","Folding clothes, Walking","Mopping, Walking",D,user4
training_1744,HAU,HAU/user4/3-2-1,combination,Which combination of actions is performed in this video?,"Listening to the music with headphones, Using a phone, Taking a selfie, Writing","Writing, Running, Grabbing utensils, Stretching","Stretching, Jumping jacks, Running, Using a phone","Taking a selfie, Listening to the music with headphones, Jumping jacks, Grabbing utensils",C,user4
training_1745,HAU,HAU/user4/3-2-2,combination,Which combination of actions is performed in this video?,"Jumping jacks, Lunges","Lunges, Getting dressed","Using a phone, Getting dressed","Using a phone, Jumping jacks",D,user4
training_1746,HAU,HAU/user4/3-2-3,combination,Which combination of actions is performed in this video?,"Standing up, Using a phone, Walking, Taking a selfie, Combing hair","Running, Jumping jacks, Stretching, Standing up, Taking a selfie","Lunges, Walking, Stretching, Mopping, Using a phone","Mopping, Combing hair, Lunges, Jumping jacks, Running",B,user4
training_1747,HAU,HAU/user4/4-1-1,combination,Which combination of actions is performed in this video?,"Turning a page, Typing on a keyboard, Writing, Calling, Reading","Reading, Writing, Lunges, Taking medicine, Stretching","Lunges, Turning a page, Washing face, Folding clothes, Typing on a keyboard","Calling, Folding clothes, Washing face, Stretching, Taking medicine",A,user4
training_1748,HAU,HAU/user4/4-1-2,combination,Which combination of actions is performed in this video?,"Watching TV, Reading, Writing","Watching TV, Brushing teeth, Calling","Typing on a keyboard, Calling, Reading","Typing on a keyboard, Writing, Brushing teeth",C,user4
training_1749,HAU,HAU/user4/4-1-3,combination,Which combination of actions is performed in this video?,"Stretching, Reading, Getting dressed, Typing on a keyboard","Reading, Calling, Typing on a keyboard, Writing","Calling, Getting dressed, Massaging oneself, Turning a page","Turning a page, Massaging oneself, Stretching, Writing",B,user4
training_1750,HAU,HAU/user4/4-2-1,combination,Which combination of actions is performed in this video?,"Walking, Standing up","Taking medicine, Washing dishes","Standing up, Taking medicine","Walking, Washing dishes",D,user4
training_1751,HAU,HAU/user4/4-2-2,combination,Which combination of actions is performed in this video?,"Walking, Washing dishes, Drinking","Checking body temperature, Walking, Stretching","Checking body temperature, Running, Drinking","Washing dishes, Running, Stretching",A,user4
training_1752,HAU,HAU/user4/4-2-3,combination,Which combination of actions is performed in this video?,"Lunges, Checking the time","Drinking, Walking","Lunges, Walking","Drinking, Checking the time",B,user4
training_1753,HAU,HAU/user4/5-1-1,combination,Which combination of actions is performed in this video?,"Eating, Brushing teeth","Watching TV, Stirring","Watching TV, Brushing teeth","Eating, Stirring",D,user4
training_1754,HAU,HAU/user4/5-1-2,combination,Which combination of actions is performed in this video?,"Typing on a keyboard, Stirring","Stirring, Eating","Typing on a keyboard, Undressing","Undressing, Eating",B,user4
training_1755,HAU,HAU/user4/5-1-3,combination,Which combination of actions is performed in this video?,"Squats, Getting dressed","Stirring, Getting dressed","Eating, Stirring","Squats, Eating",C,user4
training_1756,HAU,HAU/user4/5-2-1,combination,Which combination of actions is performed in this video?,"Writing, Typing on a keyboard, Checking the time, Grabbing utensils","Writing, Getting dressed, Turning a page, Brushing teeth","Typing on a keyboard, Walking, Checking the time, Getting dressed","Turning a page, Brushing teeth, Walking, Grabbing utensils",C,user4
training_1757,HAU,HAU/user4/5-2-2,combination,Which combination of actions is performed in this video?,"Walking, Checking the time","Checking body temperature, Washing face","Checking body temperature, Walking","Washing face, Checking the time",A,user4
training_1758,HAU,HAU/user4/5-2-3,combination,Which combination of actions is performed in this video?,"Pouring, Combing hair, Typing on a keyboard","Jumping jacks, Combing hair, Undressing","Jumping jacks, Pouring, Walking","Typing on a keyboard, Undressing, Walking",D,user4
training_1759,HAU,HAU/user4/6-1-1,combination,Which combination of actions is performed in this video?,"Running, Peeling fruit, Using a phone, Pouring, Grabbing utensils","Grabbing utensils, Massaging oneself, Listening to the music with headphones, Eating, Stretching","Running, Peeling fruit, Calling, Stretching, Eating","Listening to the music with headphones, Massaging oneself, Using a phone, Pouring, Calling",D,user4
training_1760,HAU,HAU/user4/6-1-2,combination,Which combination of actions is performed in this video?,"Sweeping, Grabbing utensils, Checking body temperature, Massaging oneself, Taking medicine, Calling","Taking medicine, Sitting down, Pouring, Checking body temperature, Using a phone, Checking the time","Sitting down, Peeling fruit, Grabbing utensils, Checking the time, Sweeping, Listening to the music with headphones","Calling, Using a phone, Massaging oneself, Peeling fruit, Listening to the music with headphones, Pouring",D,user4
training_1761,HAU,HAU/user4/6-1-3,combination,Which combination of actions is performed in this video?,"Listening to the music with headphones, Peeling fruit, Calling, Massaging oneself, Pouring, Using a phone","Grabbing utensils, Massaging oneself, Calling, Checking body temperature, Wiping surface, Stretching","Grabbing utensils, Mopping, Writing, Listening to the music with headphones, Using a phone, Checking body temperature","Mopping, Writing, Pouring, Peeling fruit, Stretching, Wiping surface",A,user4
training_1762,HAU,HAU/user4/7-1-1,combination,Which combination of actions is performed in this video?,"Pouring, Peeling fruit, Lying down","Taking medicine, Peeling fruit, Walking","Walking, Combing hair, Lying down","Taking medicine, Combing hair, Pouring",B,user4
training_1763,HAU,HAU/user4/7-1-2,combination,Which combination of actions is performed in this video?,"Taking medicine, Washing face, Washing dishes","Pouring, Walking, Washing face","Walking, Taking medicine, Peeling fruit","Washing dishes, Pouring, Peeling fruit",C,user4
training_1764,HAU,HAU/user4/7-1-3,combination,Which combination of actions is performed in this video?,"Jumping jacks, Sitting down, Taking medicine","Peeling fruit, Taking medicine, Walking","Washing face, Peeling fruit, Jumping jacks","Sitting down, Washing face, Walking",B,user4
training_1765,HAU,HAU/user4/7-2-1,combination,Which combination of actions is performed in this video?,"Combing hair, Running, Washing face, Sitting down","Running, Combing hair, Wiping surface, Massaging oneself","Massaging oneself, Standing up, Sitting down, Eating","Wiping surface, Eating, Washing face, Standing up",C,user4
training_1766,HAU,HAU/user4/7-2-2,combination,Which combination of actions is performed in this video?,"Jumping jacks, Listening to the music with headphones","Jumping jacks, Standing up","Eating, Listening to the music with headphones","Standing up, Eating",D,user4
training_1767,HAU,HAU/user4/7-2-3,combination,Which combination of actions is performed in this video?,"Eating, Watching TV","Standing up, Calling","Watching TV, Calling","Standing up, Eating",D,user4
training_1768,HAU,HAU/user5/1-1-1,combination,Which combination of actions is performed in this video?,"Combing hair, Washing face","Walking, Washing face","Combing hair, Grabbing utensils","Walking, Grabbing utensils",A,user5
training_1769,HAU,HAU/user5/1-1-2,combination,Which combination of actions is performed in this video?,"Washing dishes, Drinking","Combing hair, Drinking","Combing hair, Washing face","Washing face, Washing dishes",C,user5
training_1770,HAU,HAU/user5/1-1-3,combination,Which combination of actions is performed in this video?,"Walking, Eating","Combing hair, Walking","Combing hair, Washing face","Eating, Washing face",C,user5
training_1771,HAU,HAU/user5/1-2-1,combination,Which combination of actions is performed in this video?,"Taking a selfie, Watching TV","Taking a selfie, Pouring","Pouring, Stirring","Stirring, Watching TV",C,user5
training_1772,HAU,HAU/user5/1-2-2,combination,Which combination of actions is performed in this video?,"Wiping hands, Eating, Peeling fruit, Combing hair","Pouring, Drinking, Eating, Walking","Taking medicine, Pouring, Walking, Wiping hands","Taking medicine, Peeling fruit, Combing hair, Drinking",B,user5
training_1773,HAU,HAU/user5/1-2-3,combination,Which combination of actions is performed in this video?,"Drinking, Standing up","Sitting down, Stirring","Stirring, Drinking","Sitting down, Standing up",C,user5
training_1774,HAU,HAU/user5/2-1-1,combination,Which combination of actions is performed in this video?,"Watching TV, Grabbing utensils","Mopping, Watching TV","Grabbing utensils, Turning a page","Turning a page, Mopping",C,user5
training_1775,HAU,HAU/user5/2-1-2,combination,Which combination of actions is performed in this video?,"Drinking, Grabbing utensils, Reading","Drinking, Peeling fruit, Running","Peeling fruit, Washing face, Reading","Running, Grabbing utensils, Washing face",A,user5
training_1776,HAU,HAU/user5/2-1-3,combination,Which combination of actions is performed in this video?,"Brushing teeth, Playing games, Eating","Playing games, Peeling fruit, Reading","Turning a page, Peeling fruit, Eating","Brushing teeth, Reading, Turning a page",C,user5
training_1777,HAU,HAU/user5/3-1-1,combination,Which combination of actions is performed in this video?,"Playing games, Sweeping","Sweeping, Turning a page","Turning a page, Drinking","Playing games, Drinking",B,user5
training_1778,HAU,HAU/user5/3-1-2,combination,Which combination of actions is performed in this video?,"Reading, Sitting down","Reading, Stirring","Squats, Sitting down","Squats, Stirring",A,user5
training_1779,HAU,HAU/user5/3-1-3,combination,Which combination of actions is performed in this video?,"Calling, Standing up, Sweeping, Jumping jacks","Wiping hands, Jumping jacks, Walking, Listening to the music with headphones","Sitting down, Sweeping, Standing up, Walking","Wiping hands, Listening to the music with headphones, Sitting down, Calling",C,user5
training_1780,HAU,HAU/user5/3-2-1,combination,Which combination of actions is performed in this video?,"Grabbing utensils, Washing face, Calling, Peeling fruit, Stirring","Drinking, Pouring, Peeling fruit, Walking, Eating","Calling, Stirring, Lying down, Drinking, Pouring","Walking, Washing face, Eating, Lying down, Grabbing utensils",B,user5
training_1781,HAU,HAU/user5/3-2-2,combination,Which combination of actions is performed in this video?,"Writing, Pouring, Folding clothes","Folding clothes, Drinking, Eating","Writing, Eating, Walking","Pouring, Walking, Drinking",D,user5
training_1782,HAU,HAU/user5/3-2-3,combination,Which combination of actions is performed in this video?,"Pouring, Stirring, Walking, Combing hair","Eating, Walking, Peeling fruit, Washing dishes","Pouring, Drinking, Eating, Peeling fruit","Drinking, Combing hair, Washing dishes, Stirring",C,user5
training_1783,HAU,HAU/user5/4-1-1,combination,Which combination of actions is performed in this video?,"Playing games, Checking the time","Typing on a keyboard, Sitting down","Checking the time, Typing on a keyboard","Sitting down, Playing games",C,user5
training_1784,HAU,HAU/user5/4-1-2,combination,Which combination of actions is performed in this video?,"Calling, Lunges","Brushing teeth, Checking the time","Checking the time, Calling","Brushing teeth, Lunges",C,user5
training_1785,HAU,HAU/user5/4-1-3,combination,Which combination of actions is performed in this video?,"Checking the time, Typing on a keyboard","Checking the time, Drinking","Squats, Typing on a keyboard","Squats, Drinking",A,user5
training_1786,HAU,HAU/user5/4-2-1,combination,Which combination of actions is performed in this video?,"Squats, Turning a page","Stirring, Turning a page","Squats, Walking","Stirring, Walking",D,user5
training_1787,HAU,HAU/user5/4-2-2,combination,Which combination of actions is performed in this video?,"Stirring, Walking","Watching TV, Stirring","Standing up, Walking","Standing up, Watching TV",A,user5
training_1788,HAU,HAU/user5/4-2-3,combination,Which combination of actions is performed in this video?,"Eating, Stirring, Running","Undressing, Pouring, Running","Stirring, Pouring, Walking","Eating, Undressing, Walking",C,user5
training_1789,HAU,HAU/user5/4-3-1,combination,Which combination of actions is performed in this video?,"Stretching, Turning a page, Grabbing utensils","Walking, Turning a page, Reading","Grabbing utensils, Reading, Mopping","Stretching, Mopping, Walking",B,user5
training_1790,HAU,HAU/user5/4-3-2,combination,Which combination of actions is performed in this video?,"Taking a selfie, Washing dishes, Walking","Taking a selfie, Turning a page, Taking medicine","Reading, Turning a page, Walking","Taking medicine, Washing dishes, Reading",C,user5
training_1791,HAU,HAU/user5/4-3-3,combination,Which combination of actions is performed in this video?,"Pouring, Wiping hands, Turning a page","Walking, Pouring, Running","Wiping hands, Running, Reading","Reading, Turning a page, Walking",D,user5
training_1792,HAU,HAU/user5/5-1-1,combination,Which combination of actions is performed in this video?,"Listening to the music with headphones, Walking, Brushing teeth","Washing face, Listening to the music with headphones, Mopping","Mopping, Walking, Wiping surface","Wiping surface, Washing face, Brushing teeth",C,user5
training_1793,HAU,HAU/user5/5-1-2,combination,Which combination of actions is performed in this video?,"Stretching, Reading","Reading, Mopping","Stretching, Walking","Mopping, Walking",D,user5
training_1794,HAU,HAU/user5/5-1-3,combination,Which combination of actions is performed in this video?,"Mopping, Wiping surface","Mopping, Getting dressed","Getting dressed, Combing hair","Combing hair, Wiping surface",A,user5
training_1795,HAU,HAU/user5/5-2-1,combination,Which combination of actions is performed in this video?,"Lying down, Stretching","Massaging oneself, Lying down","Taking a selfie, Massaging oneself","Stretching, Taking a selfie",A,user5
training_1796,HAU,HAU/user5/5-2-2,combination,Which combination of actions is performed in this video?,"Checking the time, Mopping, Lying down","Jumping jacks, Stretching, Mopping","Stretching, Walking, Lying down","Walking, Checking the time, Jumping jacks",C,user5
training_1797,HAU,HAU/user5/5-2-3,combination,Which combination of actions is performed in this video?,"Mopping, Walking","Grabbing utensils, Stretching","Grabbing utensils, Mopping","Stretching, Walking",D,user5
training_1798,HAU,HAU/user5/6-1-1,combination,Which combination of actions is performed in this video?,"Lying down, Walking, Lunges","Washing face, Brushing teeth, Lying down","Walking, Wiping hands, Washing face","Lunges, Brushing teeth, Wiping hands",A,user5
training_1799,HAU,HAU/user5/6-1-2,combination,Which combination of actions is performed in this video?,"Lying down, Walking, Lunges, Standing up","Lunges, Taking medicine, Undressing, Checking body temperature","Walking, Standing up, Undressing, Jumping jacks","Taking medicine, Checking body temperature, Lying down, Jumping jacks",A,user5
training_1800,HAU,HAU/user5/6-1-3,combination,Which combination of actions is performed in this video?,"Walking, Lying down, Lunges, Standing up","Pouring, Wiping surface, Washing face, Walking","Standing up, Washing face, Lying down, Sitting down","Lunges, Pouring, Sitting down, Wiping surface",A,user5
training_1801,HAU,HAU/user5/6-2-1,combination,Which combination of actions is performed in this video?,"Eating, Lunges, Sweeping","Peeling fruit, Eating, Drinking","Peeling fruit, Sweeping, Walking","Walking, Lunges, Drinking",B,user5
training_1802,HAU,HAU/user5/6-2-2,combination,Which combination of actions is performed in this video?,"Sweeping, Walking, Drinking","Drinking, Using a phone, Eating","Eating, Peeling fruit, Walking","Using a phone, Sweeping, Peeling fruit",C,user5
training_1803,HAU,HAU/user5/6-2-3,combination,Which combination of actions is performed in this video?,"Reading, Peeling fruit, Drinking","Stretching, Walking, Reading","Eating, Walking, Drinking","Peeling fruit, Stretching, Eating",C,user5
training_1804,HAU,HAU/user5/7-1-1,combination,Which combination of actions is performed in this video?,"Getting dressed, Walking","Getting dressed, Jumping jacks","Taking medicine, Jumping jacks","Taking medicine, Walking",D,user5
training_1805,HAU,HAU/user5/7-1-2,combination,Which combination of actions is performed in this video?,"Taking medicine, Walking, Standing up, Combing hair, Sitting down","Washing dishes, Stretching, Watching TV, Combing hair, Walking","Washing dishes, Taking a selfie, Squats, Taking medicine, Stretching","Taking a selfie, Standing up, Squats, Sitting down, Watching TV",A,user5
training_1806,HAU,HAU/user5/7-1-3,combination,Which combination of actions is performed in this video?,"Undressing, Wiping surface","Sitting down, Undressing","Sitting down, Taking medicine","Taking medicine, Wiping surface",C,user5
training_1807,HAU,HAU/user5/7-2-1,combination,Which combination of actions is performed in this video?,"Washing face, Drinking","Mopping, Drinking","Calling, Washing face","Calling, Mopping",B,user5
training_1808,HAU,HAU/user5/7-2-2,combination,Which combination of actions is performed in this video?,"Typing on a keyboard, Walking","Mopping, Playing games","Typing on a keyboard, Playing games","Walking, Mopping",D,user5
training_1809,HAU,HAU/user5/7-2-3,combination,Which combination of actions is performed in this video?,"Drinking, Getting dressed","Pouring, Drinking","Getting dressed, Taking medicine","Pouring, Taking medicine",B,user5
training_1810,HAU,HAU/user6/1-1-1,combination,Which combination of actions is performed in this video?,"Stretching, Pouring, Brushing teeth","Pouring, Washing face, Folding clothes","Brushing teeth, Washing face, Walking","Walking, Stretching, Folding clothes",C,user6
training_1811,HAU,HAU/user6/1-1-2,combination,Which combination of actions is performed in this video?,"Jumping jacks, Walking, Lunges","Washing face, Brushing teeth, Walking","Lunges, Washing face, Turning a page","Jumping jacks, Brushing teeth, Turning a page",B,user6
training_1812,HAU,HAU/user6/1-1-3,combination,Which combination of actions is performed in this video?,"Brushing teeth, Squats, Checking body temperature","Checking body temperature, Washing face, Writing","Washing face, Brushing teeth, Walking","Squats, Writing, Walking",C,user6
training_1813,HAU,HAU/user6/1-2-1,combination,Which combination of actions is performed in this video?,"Peeling fruit, Sweeping","Peeling fruit, Eating","Getting dressed, Eating","Sweeping, Getting dressed",B,user6
training_1814,HAU,HAU/user6/1-2-2,combination,Which combination of actions is performed in this video?,"Pouring, Running","Running, Wiping surface","Pouring, Peeling fruit","Peeling fruit, Wiping surface",C,user6
training_1815,HAU,HAU/user6/1-2-3,combination,Which combination of actions is performed in this video?,"Massaging oneself, Checking the time, Writing, Pouring","Drinking, Eating, Checking the time, Massaging oneself","Eating, Peeling fruit, Stirring, Pouring","Peeling fruit, Stirring, Drinking, Writing",C,user6
training_1816,HAU,HAU/user6/2-1-1,combination,Which combination of actions is performed in this video?,"Grabbing utensils, Combing hair, Watching TV","Combing hair, Eating, Stirring","Pouring, Stirring, Grabbing utensils","Watching TV, Eating, Pouring",C,user6
training_1817,HAU,HAU/user6/2-1-2,combination,Which combination of actions is performed in this video?,"Pouring, Stirring, Grabbing utensils","Pouring, Combing hair, Peeling fruit","Wiping hands, Combing hair, Stirring","Grabbing utensils, Wiping hands, Peeling fruit",A,user6
training_1818,HAU,HAU/user6/2-1-3,combination,Which combination of actions is performed in this video?,"Pouring, Stirring, Grabbing utensils","Stretching, Grabbing utensils, Brushing teeth","Watching TV, Stirring, Brushing teeth","Stretching, Watching TV, Pouring",A,user6
training_1819,HAU,HAU/user6/2-2-1,combination,Which combination of actions is performed in this video?,"Wiping hands, Jumping jacks","Listening to the music with headphones, Jumping jacks","Combing hair, Wiping hands","Combing hair, Listening to the music with headphones",C,user6
training_1820,HAU,HAU/user6/2-2-2,combination,Which combination of actions is performed in this video?,"Combing hair, Wiping hands","Drinking, Wiping hands","Drinking, Taking medicine","Combing hair, Taking medicine",A,user6
training_1821,HAU,HAU/user6/2-2-3,combination,Which combination of actions is performed in this video?,"Combing hair, Checking body temperature","Playing games, Checking body temperature","Combing hair, Wiping hands","Playing games, Wiping hands",C,user6
training_1822,HAU,HAU/user6/2-3-1,combination,Which combination of actions is performed in this video?,"Walking, Standing up","Wiping hands, Standing up","Peeling fruit, Wiping hands","Walking, Peeling fruit",D,user6
training_1823,HAU,HAU/user6/2-3-2,combination,Which combination of actions is performed in this video?,"Grabbing utensils, Peeling fruit","Brushing teeth, Peeling fruit","Washing dishes, Brushing teeth","Washing dishes, Grabbing utensils",A,user6
training_1824,HAU,HAU/user6/2-3-3,combination,Which combination of actions is performed in this video?,"Writing, Stretching","Grabbing utensils, Writing","Peeling fruit, Stretching","Peeling fruit, Grabbing utensils",D,user6
training_1825,HAU,HAU/user6/3-1-1,combination,Which combination of actions is performed in this video?,"Grabbing utensils, Folding clothes, Sweeping, Massaging oneself","Walking, Mopping, Standing up, Sweeping","Calling, Walking, Folding clothes, Standing up","Calling, Mopping, Massaging oneself, Grabbing utensils",B,user6
training_1826,HAU,HAU/user6/3-1-2,combination,Which combination of actions is performed in this video?,"Sweeping, Reading, Stretching, Wiping hands","Walking, Sweeping, Mopping, Squats","Reading, Mopping, Wiping hands, Playing games","Walking, Playing games, Squats, Stretching",B,user6
training_1827,HAU,HAU/user6/3-1-3,combination,Which combination of actions is performed in this video?,"Walking, Mopping, Standing up","Combing hair, Mopping, Sweeping","Walking, Reading, Combing hair","Sweeping, Standing up, Reading",A,user6
training_1828,HAU,HAU/user6/3-2-1,combination,Which combination of actions is performed in this video?,"Taking medicine, Drinking, Grabbing utensils","Washing dishes, Turning a page, Grabbing utensils","Taking medicine, Turning a page, Peeling fruit","Drinking, Washing dishes, Peeling fruit",D,user6
training_1829,HAU,HAU/user6/3-2-2,combination,Which combination of actions is performed in this video?,"Washing face, Drinking, Wiping surface","Washing dishes, Watching TV, Washing face","Wiping surface, Peeling fruit, Watching TV","Peeling fruit, Washing dishes, Drinking",D,user6
training_1830,HAU,HAU/user6/3-2-3,combination,Which combination of actions is performed in this video?,"Peeling fruit, Washing dishes","Peeling fruit, Getting dressed","Using a phone, Getting dressed","Washing dishes, Using a phone",A,user6
training_1831,HAU,HAU/user6/3-3-1,combination,Which combination of actions is performed in this video?,"Lying down, Taking medicine","Walking, Taking medicine","Walking, Wiping surface","Wiping surface, Lying down",C,user6
training_1832,HAU,HAU/user6/3-3-2,combination,Which combination of actions is performed in this video?,"Wiping hands, Playing games","Wiping hands, Walking","Walking, Wiping surface","Playing games, Wiping surface",C,user6
training_1833,HAU,HAU/user6/3-3-3,combination,Which combination of actions is performed in this video?,"Stirring, Wiping surface","Walking, Grabbing utensils","Walking, Wiping surface","Stirring, Grabbing utensils",C,user6
training_1834,HAU,HAU/user6/4-1-1,combination,Which combination of actions is performed in this video?,"Mopping, Folding clothes, Taking medicine, Sweeping, Standing up, Calling, Lying down","Turning a page, Writing, Drinking, Mopping, Eating, Taking medicine, Sitting down","Reading, Turning a page, Running, Calling, Sitting down, Standing up, Writing","Folding clothes, Eating, Running, Lying down, Drinking, Reading, Sweeping",C,user6
training_1835,HAU,HAU/user6/4-1-2,combination,Which combination of actions is performed in this video?,"Taking medicine, Squats, Turning a page","Listening to the music with headphones, Standing up, Squats","Turning a page, Checking the time, Listening to the music with headphones","Checking the time, Taking medicine, Standing up",C,user6
training_1836,HAU,HAU/user6/4-1-3,combination,Which combination of actions is performed in this video?,"Peeling fruit, Listening to the music with headphones, Turning a page, Sitting down, Playing games, Lying down","Reading, Writing, Checking the time, Running, Turning a page, Listening to the music with headphones","Eating, Running, Checking the time, Lying down, Jumping jacks, Playing games","Jumping jacks, Peeling fruit, Eating, Writing, Sitting down, Reading",B,user6
training_1837,HAU,HAU/user6/5-1-1,combination,Which combination of actions is performed in this video?,"Massaging oneself, Watching TV","Listening to the music with headphones, Using a phone","Using a phone, Watching TV","Listening to the music with headphones, Massaging oneself",B,user6
training_1838,HAU,HAU/user6/5-1-2,combination,Which combination of actions is performed in this video?,"Using a phone, Wiping surface","Pouring, Listening to the music with headphones","Listening to the music with headphones, Using a phone","Wiping surface, Pouring",C,user6
training_1839,HAU,HAU/user6/5-1-3,combination,Which combination of actions is performed in this video?,"Typing on a keyboard, Listening to the music with headphones","Using a phone, Mopping","Mopping, Typing on a keyboard","Listening to the music with headphones, Using a phone",D,user6
training_1840,HAU,HAU/user6/5-2-1,combination,Which combination of actions is performed in this video?,"Lunges, Grabbing utensils, Peeling fruit","Walking, Lunges, Sweeping","Peeling fruit, Eating, Walking","Sweeping, Grabbing utensils, Eating",C,user6
training_1841,HAU,HAU/user6/5-2-2,combination,Which combination of actions is performed in this video?,"Washing face, Sweeping","Walking, Washing face","Sweeping, Peeling fruit","Walking, Peeling fruit",D,user6
training_1842,HAU,HAU/user6/5-2-3,combination,Which combination of actions is performed in this video?,"Using a phone, Pouring, Peeling fruit","Typing on a keyboard, Walking, Pouring","Peeling fruit, Eating, Walking","Using a phone, Eating, Typing on a keyboard",C,user6
training_1843,HAU,HAU/user6/5-3-1,combination,Which combination of actions is performed in this video?,"Pouring, Stretching, Writing, Sitting down, Calling","Stretching, Checking the time, Pouring, Playing games, Lunges","Lunges, Drinking, Writing, Calling, Walking","Playing games, Sitting down, Walking, Checking the time, Drinking",D,user6
training_1844,HAU,HAU/user6/5-3-2,combination,Which combination of actions is performed in this video?,"Checking the time, Taking medicine, Turning a page","Lying down, Sitting down, Checking the time","Taking medicine, Grabbing utensils, Sitting down","Grabbing utensils, Turning a page, Lying down",B,user6
training_1845,HAU,HAU/user6/5-3-3,combination,Which combination of actions is performed in this video?,"Writing, Walking","Walking, Sitting down","Washing face, Sitting down","Writing, Washing face",B,user6
training_1846,HAU,HAU/user6/6-1-1,combination,Which combination of actions is performed in this video?,"Writing, Eating, Jumping jacks","Eating, Pouring, Lunges","Lunges, Lying down, Jumping jacks","Pouring, Writing, Lying down",C,user6
training_1847,HAU,HAU/user6/6-1-2,combination,Which combination of actions is performed in this video?,"Undressing, Lying down","Undressing, Getting dressed","Getting dressed, Jumping jacks","Lying down, Jumping jacks",D,user6
training_1848,HAU,HAU/user6/6-1-3,combination,Which combination of actions is performed in this video?,"Jumping jacks, Running","Stirring, Lying down","Lying down, Jumping jacks","Stirring, Running",C,user6
training_1849,HAU,HAU/user6/6-2-1,combination,Which combination of actions is performed in this video?,"Reading, Sweeping, Using a phone","Drinking, Typing on a keyboard, Reading","Drinking, Grabbing utensils, Using a phone","Sweeping, Grabbing utensils, Typing on a keyboard",C,user6
training_1850,HAU,HAU/user6/6-2-2,combination,Which combination of actions is performed in this video?,"Checking body temperature, Writing, Mopping","Sweeping, Wiping surface, Checking body temperature","Sweeping, Writing, Combing hair","Combing hair, Wiping surface, Mopping",B,user6
training_1851,HAU,HAU/user6/6-2-3,combination,Which combination of actions is performed in this video?,"Lunges, Peeling fruit, Grabbing utensils, Watching TV, Stirring, Sweeping, Taking medicine, Reading, Typing on a keyboard","Walking, Peeling fruit, Stirring, Turning a page, Pouring, Reading, Using a phone, Checking the time, Drinking","Typing on a keyboard, Watching TV, Lunges, Checking body temperature, Wiping surface, Eating, Walking, Turning a page, Pouring","Checking body temperature, Drinking, Sweeping, Checking the time, Wiping surface, Using a phone, Eating, Taking medicine, Grabbing utensils",D,user6
training_1852,HAU,HAU/user6/7-1-1,combination,Which combination of actions is performed in this video?,"Standing up, Grabbing utensils","Standing up, Sitting down","Grabbing utensils, Massaging oneself","Massaging oneself, Sitting down",D,user6
training_1853,HAU,HAU/user6/7-1-2,combination,Which combination of actions is performed in this video?,"Sitting down, Massaging oneself","Sitting down, Running","Peeling fruit, Running","Peeling fruit, Massaging oneself",A,user6
training_1854,HAU,HAU/user6/7-1-3,combination,Which combination of actions is performed in this video?,"Running, Massaging oneself","Typing on a keyboard, Running","Typing on a keyboard, Sitting down","Massaging oneself, Sitting down",D,user6
training_1855,HAU,HAU/user6/7-2-1,combination,Which combination of actions is performed in this video?,"Stretching, Mopping, Eating","Stretching, Grabbing utensils, Playing games","Playing games, Pouring, Mopping","Eating, Pouring, Grabbing utensils",D,user6
training_1856,HAU,HAU/user6/7-2-2,combination,Which combination of actions is performed in this video?,"Eating, Wiping hands","Grabbing utensils, Eating","Wiping hands, Watching TV","Grabbing utensils, Watching TV",B,user6
training_1857,HAU,HAU/user6/7-2-3,combination,Which combination of actions is performed in this video?,"Taking medicine, Stirring, Checking the time, Drinking","Grabbing utensils, Pouring, Eating, Stirring","Pouring, Walking, Eating, Drinking","Grabbing utensils, Walking, Taking medicine, Checking the time",B,user6
training_1858,HAU,HAU/user6/7-3-1,combination,Which combination of actions is performed in this video?,"Watching TV, Calling, Walking, Reading","Walking, Turning a page, Checking the time, Sitting down","Checking the time, Watching TV, Turning a page, Pouring","Calling, Sitting down, Pouring, Reading",B,user6
training_1859,HAU,HAU/user6/7-3-2,combination,Which combination of actions is performed in this video?,"Reading, Walking, Checking the time","Reading, Brushing teeth, Washing dishes","Watching TV, Checking the time, Washing dishes","Walking, Watching TV, Brushing teeth",A,user6
training_1860,HAU,HAU/user6/7-3-3,combination,Which combination of actions is performed in this video?,"Wiping surface, Walking, Reading","Turning a page, Walking, Sitting down","Reading, Pouring, Turning a page","Pouring, Sitting down, Wiping surface",B,user6
training_1861,HAU,HAU/user7/1-1-1,combination,Which combination of actions is performed in this video?,"Undressing, Turning a page, Combing hair","Wiping hands, Turning a page, Getting dressed","Wiping hands, Combing hair, Brushing teeth","Undressing, Brushing teeth, Getting dressed",C,user7
training_1862,HAU,HAU/user7/1-1-2,combination,Which combination of actions is performed in this video?,"Sweeping, Checking body temperature, Playing games, Brushing teeth","Sweeping, Combing hair, Pouring, Wiping hands","Wiping hands, Combing hair, Getting dressed, Brushing teeth","Checking body temperature, Pouring, Playing games, Getting dressed",C,user7
training_1863,HAU,HAU/user7/1-1-3,combination,Which combination of actions is performed in this video?,"Calling, Using a phone","Wiping hands, Calling","Wiping hands, Getting dressed","Getting dressed, Using a phone",C,user7
training_1864,HAU,HAU/user7/1-2-1,combination,Which combination of actions is performed in this video?,"Wiping hands, Grabbing utensils, Typing on a keyboard, Eating, Drinking, Peeling fruit, Stirring, Using a phone","Using a phone, Grabbing utensils, Checking the time, Taking a selfie, Eating, Pouring, Sitting down, Walking","Sitting down, Getting dressed, Taking medicine, Washing face, Pouring, Drinking, Taking a selfie, Peeling fruit","Wiping hands, Walking, Taking medicine, Stirring, Washing face, Getting dressed, Checking the time, Typing on a keyboard",B,user7
training_1865,HAU,HAU/user7/1-2-2,combination,Which combination of actions is performed in this video?,"Sitting down, Running, Grabbing utensils","Walking, Sitting down, Watching TV","Grabbing utensils, Taking a selfie, Walking","Running, Watching TV, Taking a selfie",C,user7
training_1866,HAU,HAU/user7/1-2-3,combination,Which combination of actions is performed in this video?,"Grabbing utensils, Stretching","Calling, Stretching","Calling, Taking a selfie","Taking a selfie, Grabbing utensils",D,user7
training_1867,HAU,HAU/user7/2-1-1,combination,Which combination of actions is performed in this video?,"Pouring, Stirring","Wiping hands, Pouring","Standing up, Wiping hands","Stirring, Standing up",A,user7
training_1868,HAU,HAU/user7/2-1-2,combination,Which combination of actions is performed in this video?,"Stirring, Pouring","Listening to the music with headphones, Reading","Listening to the music with headphones, Stirring","Pouring, Reading",A,user7
training_1869,HAU,HAU/user7/2-1-3,combination,Which combination of actions is performed in this video?,"Wiping surface, Playing games, Stirring","Watching TV, Playing games, Pouring","Grabbing utensils, Pouring, Stirring","Grabbing utensils, Watching TV, Wiping surface",C,user7
training_1870,HAU,HAU/user7/2-2-1,combination,Which combination of actions is performed in this video?,"Lunges, Stirring, Sitting down, Peeling fruit, Eating","Lunges, Playing games, Jumping jacks, Stretching, Lying down","Playing games, Stretching, Wiping surface, Peeling fruit, Eating","Wiping surface, Sitting down, Lying down, Stirring, Jumping jacks",D,user7
training_1871,HAU,HAU/user7/2-2-2,combination,Which combination of actions is performed in this video?,"Jumping jacks, Running, Turning a page","Sitting down, Turning a page, Writing","Jumping jacks, Eating, Sitting down","Eating, Running, Writing",C,user7
training_1872,HAU,HAU/user7/2-2-3,combination,Which combination of actions is performed in this video?,"Listening to the music with headphones, Checking the time, Eating, Sitting down","Jumping jacks, Stirring, Sitting down, Eating","Peeling fruit, Stirring, Wiping hands, Checking the time","Jumping jacks, Wiping hands, Listening to the music with headphones, Peeling fruit",B,user7
training_1873,HAU,HAU/user7/3-1-1,combination,Which combination of actions is performed in this video?,"Wiping hands, Stretching, Mopping, Eating","Eating, Reading, Grabbing utensils, Running","Sweeping, Grabbing utensils, Wiping hands, Reading","Sweeping, Stretching, Running, Mopping",D,user7
training_1874,HAU,HAU/user7/3-1-2,combination,Which combination of actions is performed in this video?,"Mopping, Checking the time","Sitting down, Running","Mopping, Running","Checking the time, Sitting down",C,user7
training_1875,HAU,HAU/user7/3-1-3,combination,Which combination of actions is performed in this video?,"Running, Mopping, Stretching","Walking, Washing dishes, Stretching","Washing dishes, Folding clothes, Mopping","Walking, Folding clothes, Running",A,user7
training_1876,HAU,HAU/user7/3-2-1,combination,Which combination of actions is performed in this video?,"Squats, Washing dishes","Squats, Checking the time","Eating, Washing dishes","Checking the time, Eating",C,user7
training_1877,HAU,HAU/user7/3-2-2,combination,Which combination of actions is performed in this video?,"Jumping jacks, Lying down, Brushing teeth, Washing dishes","Eating, Walking, Washing dishes, Grabbing utensils","Lying down, Playing games, Grabbing utensils, Jumping jacks","Brushing teeth, Walking, Eating, Playing games",B,user7
training_1878,HAU,HAU/user7/3-2-3,combination,Which combination of actions is performed in this video?,"Washing dishes, Wiping hands, Drinking, Undressing","Eating, Washing dishes, Grabbing utensils, Walking","Pouring, Wiping hands, Walking, Drinking","Eating, Grabbing utensils, Undressing, Pouring",B,user7
training_1879,HAU,HAU/user7/3-3-1,combination,Which combination of actions is performed in this video?,"Squats, Reading","Reading, Walking","Wiping surface, Squats","Walking, Wiping surface",D,user7
training_1881,HAU,HAU/user7/3-3-3,combination,Which combination of actions is performed in this video?,"Walking, Wiping surface","Stirring, Walking","Listening to the music with headphones, Stirring","Wiping surface, Listening to the music with headphones",A,user7
training_1882,HAU,HAU/user7/4-1-1,combination,Which combination of actions is performed in this video?,"Standing up, Sitting down, Reading, Checking the time, Taking medicine, Checking body temperature, Stretching, Walking, Squats, Typing on a keyboard","Undressing, Pouring, Stretching, Writing, Standing up, Taking medicine, Sitting down, Turning a page, Sweeping, Getting dressed","Wiping hands, Using a phone, Turning a page, Lying down, Checking the time, Squats, Massaging oneself, Checking body temperature, Undressing, Sweeping","Using a phone, Reading, Lying down, Writing, Getting dressed, Massaging oneself, Walking, Pouring, Typing on a keyboard, Wiping hands",A,user7
training_1883,HAU,HAU/user7/4-1-2,combination,Which combination of actions is performed in this video?,"Brushing teeth, Listening to the music with headphones, Walking, Washing dishes, Sitting down, Playing games, Squats, Wiping hands, Stretching","Reading, Walking, Standing up, Lying down, Wiping hands, Washing face, Taking medicine, Listening to the music with headphones, Combing hair","Reading, Stretching, Sitting down, Checking body temperature, Standing up, Typing on a keyboard, Squats, Taking medicine, Checking the time","Washing face, Brushing teeth, Washing dishes, Checking the time, Combing hair, Checking body temperature, Lying down, Playing games, Typing on a keyboard",C,user7
training_1884,HAU,HAU/user7/4-1-3,combination,Which combination of actions is performed in this video?,"Taking medicine, Reading, Walking, Sitting down, Typing on a keyboard","Checking the time, Sitting down, Standing up, Listening to the music with headphones, Typing on a keyboard","Playing games, Checking the time, Washing face, Listening to the music with headphones, Reading","Taking medicine, Washing face, Standing up, Walking, Playing games",A,user7
training_1885,HAU,HAU/user7/5-1-1,combination,Which combination of actions is performed in this video?,"Watching TV, Jumping jacks","Undressing, Washing dishes","Washing dishes, Jumping jacks","Undressing, Watching TV",D,user7
training_1886,HAU,HAU/user7/5-1-2,combination,Which combination of actions is performed in this video?,"Undressing, Watching TV","Stirring, Brushing teeth","Brushing teeth, Undressing","Watching TV, Stirring",A,user7
training_1887,HAU,HAU/user7/5-1-3,combination,Which combination of actions is performed in this video?,"Calling, Washing face","Washing face, Watching TV","Undressing, Watching TV","Undressing, Calling",C,user7
training_1888,HAU,HAU/user7/5-2-1,combination,Which combination of actions is performed in this video?,"Calling, Stirring","Stirring, Walking","Wiping surface, Walking","Calling, Wiping surface",B,user7
training_1889,HAU,HAU/user7/5-2-2,combination,Which combination of actions is performed in this video?,"Reading, Combing hair, Pouring","Stirring, Combing hair, Undressing","Undressing, Walking, Reading","Walking, Pouring, Stirring",D,user7
training_1890,HAU,HAU/user7/5-2-3,combination,Which combination of actions is performed in this video?,"Drinking, Checking the time, Squats, Peeling fruit","Walking, Pouring, Checking the time, Grabbing utensils","Stirring, Drinking, Pouring, Walking","Stirring, Grabbing utensils, Peeling fruit, Squats",C,user7
training_1891,HAU,HAU/user7/5-3-1,combination,Which combination of actions is performed in this video?,"Grabbing utensils, Walking, Calling, Reading","Sitting down, Eating, Grabbing utensils, Walking","Eating, Pouring, Drinking, Reading","Calling, Drinking, Pouring, Sitting down",B,user7
training_1892,HAU,HAU/user7/5-3-2,combination,Which combination of actions is performed in this video?,"Grabbing utensils, Eating, Sitting down, Walking","Stirring, Calling, Sitting down, Jumping jacks","Eating, Stirring, Jumping jacks, Peeling fruit","Walking, Peeling fruit, Calling, Grabbing utensils",A,user7
training_1893,HAU,HAU/user7/5-3-3,combination,Which combination of actions is performed in this video?,"Eating, Taking medicine","Sitting down, Eating","Sitting down, Washing face","Washing face, Taking medicine",B,user7
training_1894,HAU,HAU/user7/6-1-1,combination,Which combination of actions is performed in this video?,"Walking, Massaging oneself, Undressing","Undressing, Getting dressed, Folding clothes","Massaging oneself, Brushing teeth, Folding clothes","Walking, Brushing teeth, Getting dressed",B,user7
training_1895,HAU,HAU/user7/6-1-2,combination,Which combination of actions is performed in this video?,"Folding clothes, Checking body temperature, Eating, Standing up","Getting dressed, Standing up, Walking, Pouring","Eating, Pouring, Checking body temperature, Undressing","Walking, Undressing, Getting dressed, Folding clothes",D,user7
training_1896,HAU,HAU/user7/6-1-3,combination,Which combination of actions is performed in this video?,"Washing face, Drinking","Folding clothes, Washing face","Walking, Folding clothes","Drinking, Walking",C,user7
training_1897,HAU,HAU/user7/6-3-1,combination,Which combination of actions is performed in this video?,"Eating, Brushing teeth","Brushing teeth, Walking","Sitting down, Walking","Eating, Sitting down",C,user7
training_1899,HAU,HAU/user7/6-3-3,combination,Which combination of actions is performed in this video?,"Checking the time, Typing on a keyboard, Taking medicine, Writing","Walking, Lying down, Taking medicine, Watching TV","Walking, Sitting down, Checking the time, Typing on a keyboard","Sitting down, Lying down, Writing, Watching TV",C,user7
training_1900,HAU,HAU/user7/7-1-1,combination,Which combination of actions is performed in this video?,"Wiping surface, Checking body temperature, Using a phone","Sitting down, Stirring, Wiping surface","Checking body temperature, Sitting down, Listening to the music with headphones","Listening to the music with headphones, Stirring, Using a phone",C,user7
training_1901,HAU,HAU/user7/7-1-2,combination,Which combination of actions is performed in this video?,"Lying down, Sitting down, Stirring","Lying down, Watching TV, Listening to the music with headphones","Listening to the music with headphones, Sitting down, Checking body temperature","Checking body temperature, Watching TV, Stirring",C,user7
training_1902,HAU,HAU/user7/7-1-3,combination,Which combination of actions is performed in this video?,"Listening to the music with headphones, Wiping surface","Washing face, Sitting down","Sitting down, Listening to the music with headphones","Wiping surface, Washing face",C,user7
training_1903,HAU,HAU/user7/7-2-1,combination,Which combination of actions is performed in this video?,"Eating, Wiping hands","Wiping hands, Mopping","Mopping, Using a phone","Eating, Using a phone",A,user7
training_1904,HAU,HAU/user7/7-2-2,combination,Which combination of actions is performed in this video?,"Peeling fruit, Lunges","Eating, Turning a page","Peeling fruit, Eating","Lunges, Turning a page",C,user7
training_1905,HAU,HAU/user7/7-2-3,combination,Which combination of actions is performed in this video?,"Peeling fruit, Reading, Checking body temperature","Reading, Wiping hands, Grabbing utensils","Eating, Peeling fruit, Wiping hands","Checking body temperature, Grabbing utensils, Eating",C,user7
training_1906,HAU,HAU/user8/1-1-1,combination,Which combination of actions is performed in this video?,"Folding clothes, Brushing teeth","Lying down, Folding clothes","Wiping hands, Brushing teeth","Wiping hands, Lying down",C,user8
training_1907,HAU,HAU/user8/1-1-2,combination,Which combination of actions is performed in this video?,"Eating, Brushing teeth","Eating, Turning a page","Wiping hands, Brushing teeth","Turning a page, Wiping hands",C,user8
training_1908,HAU,HAU/user8/1-1-3,combination,Which combination of actions is performed in this video?,"Getting dressed, Massaging oneself","Massaging oneself, Brushing teeth","Getting dressed, Wiping hands","Brushing teeth, Wiping hands",D,user8
training_1909,HAU,HAU/user8/1-2-1,combination,Which combination of actions is performed in this video?,"Listening to the music with headphones, Grabbing utensils","Calling, Listening to the music with headphones","Pouring, Calling","Grabbing utensils, Pouring",B,user8
training_1910,HAU,HAU/user8/1-2-2,combination,Which combination of actions is performed in this video?,"Taking a selfie, Lunges, Walking, Sitting down","Pouring, Sitting down, Calling, Undressing","Pouring, Listening to the music with headphones, Undressing, Lunges","Calling, Walking, Taking a selfie, Listening to the music with headphones",D,user8
training_1911,HAU,HAU/user8/1-2-3,combination,Which combination of actions is performed in this video?,"Listening to the music with headphones, Sweeping, Reading, Checking the time","Listening to the music with headphones, Taking a selfie, Walking, Reading","Sitting down, Getting dressed, Sweeping, Walking","Sitting down, Taking a selfie, Getting dressed, Checking the time",B,user8
training_1912,HAU,HAU/user8/2-1-1,combination,Which combination of actions is performed in this video?,"Pouring, Taking medicine, Checking the time, Folding clothes, Washing dishes","Pouring, Undressing, Running, Sitting down, Taking medicine","Listening to the music with headphones, Undressing, Washing dishes, Calling, Running","Calling, Checking the time, Sitting down, Listening to the music with headphones, Folding clothes",D,user8
training_1913,HAU,HAU/user8/2-1-2,combination,Which combination of actions is performed in this video?,"Folding clothes, Calling, Checking the time, Listening to the music with headphones","Listening to the music with headphones, Walking, Folding clothes, Running","Checking body temperature, Calling, Wiping surface, Running","Walking, Checking the time, Checking body temperature, Wiping surface",A,user8
training_1914,HAU,HAU/user8/2-1-3,combination,Which combination of actions is performed in this video?,"Combing hair, Massaging oneself, Folding clothes, Calling","Combing hair, Drinking, Checking the time, Taking medicine","Massaging oneself, Taking medicine, Listening to the music with headphones, Drinking","Calling, Listening to the music with headphones, Folding clothes, Checking the time",D,user8
training_1915,HAU,HAU/user8/2-2-1,combination,Which combination of actions is performed in this video?,"Sweeping, Wiping surface","Wiping surface, Walking","Taking medicine, Sweeping","Taking medicine, Walking",B,user8
training_1916,HAU,HAU/user8/2-2-2,combination,Which combination of actions is performed in this video?,"Jumping jacks, Walking","Massaging oneself, Wiping surface","Massaging oneself, Jumping jacks","Walking, Wiping surface",D,user8
training_1917,HAU,HAU/user8/2-2-3,combination,Which combination of actions is performed in this video?,"Walking, Washing face","Washing face, Lying down","Wiping surface, Walking","Lying down, Wiping surface",C,user8
training_1918,HAU,HAU/user8/3-1-1,combination,Which combination of actions is performed in this video?,"Sweeping, Reading","Mopping, Sweeping","Reading, Writing","Mopping, Writing",B,user8
training_1919,HAU,HAU/user8/3-1-2,combination,Which combination of actions is performed in this video?,"Mopping, Sitting down","Typing on a keyboard, Sweeping","Typing on a keyboard, Sitting down","Mopping, Sweeping",D,user8
training_1920,HAU,HAU/user8/3-1-3,combination,Which combination of actions is performed in this video?,"Watching TV, Mopping","Watching TV, Stretching","Mopping, Sweeping","Sweeping, Stretching",C,user8
training_1921,HAU,HAU/user8/3-2-1,combination,Which combination of actions is performed in this video?,"Washing dishes, Peeling fruit, Writing","Pouring, Washing dishes, Stirring","Writing, Pouring, Checking body temperature","Peeling fruit, Checking body temperature, Stirring",B,user8
training_1922,HAU,HAU/user8/3-2-2,combination,Which combination of actions is performed in this video?,"Stirring, Peeling fruit, Stretching","Washing dishes, Stirring, Pouring","Pouring, Stretching, Checking the time","Peeling fruit, Checking the time, Washing dishes",B,user8
training_1923,HAU,HAU/user8/3-2-3,combination,Which combination of actions is performed in this video?,"Reading, Standing up","Standing up, Washing dishes","Pouring, Washing dishes","Reading, Pouring",C,user8
training_1924,HAU,HAU/user8/3-3-1,combination,Which combination of actions is performed in this video?,"Typing on a keyboard, Undressing","Walking, Wiping surface","Undressing, Wiping surface","Typing on a keyboard, Walking",B,user8
training_1925,HAU,HAU/user8/3-3-2,combination,Which combination of actions is performed in this video?,"Walking, Massaging oneself","Walking, Wiping surface","Massaging oneself, Using a phone","Wiping surface, Using a phone",B,user8
training_1926,HAU,HAU/user8/3-3-3,combination,Which combination of actions is performed in this video?,"Eating, Walking","Writing, Eating","Walking, Wiping surface","Writing, Wiping surface",C,user8
training_1927,HAU,HAU/user8/4-1-1,combination,Which combination of actions is performed in this video?,"Typing on a keyboard, Sweeping, Sitting down","Writing, Sweeping, Drinking","Sitting down, Writing, Reading","Reading, Drinking, Typing on a keyboard",C,user8
training_1928,HAU,HAU/user8/4-1-2,combination,Which combination of actions is performed in this video?,"Massaging oneself, Stirring","Listening to the music with headphones, Sitting down","Listening to the music with headphones, Stirring","Sitting down, Massaging oneself",B,user8
training_1929,HAU,HAU/user8/4-1-3,combination,Which combination of actions is performed in this video?,"Turning a page, Reading, Sitting down","Eating, Turning a page, Typing on a keyboard","Typing on a keyboard, Reading, Wiping surface","Wiping surface, Eating, Sitting down",A,user8
training_1930,HAU,HAU/user8/4-2-1,combination,Which combination of actions is performed in this video?,"Pouring, Reading, Peeling fruit","Walking, Mopping, Pouring","Mopping, Stirring, Reading","Peeling fruit, Stirring, Walking",D,user8
training_1931,HAU,HAU/user8/4-2-2,combination,Which combination of actions is performed in this video?,"Typing on a keyboard, Peeling fruit, Stirring","Pouring, Stirring, Walking","Typing on a keyboard, Sweeping, Pouring","Walking, Peeling fruit, Sweeping",B,user8
training_1932,HAU,HAU/user8/4-2-3,combination,Which combination of actions is performed in this video?,"Stirring, Pouring","Stirring, Washing face","Pouring, Reading","Reading, Washing face",A,user8
training_1933,HAU,HAU/user8/5-1-1,combination,Which combination of actions is performed in this video?,"Standing up, Listening to the music with headphones, Stirring, Taking a selfie, Combing hair, Sitting down, Mopping","Lunges, Checking the time, Combing hair, Stirring, Sweeping, Stretching, Writing","Sitting down, Lunges, Typing on a keyboard, Standing up, Checking the time, Stretching, Running","Mopping, Listening to the music with headphones, Sweeping, Running, Taking a selfie, Writing, Typing on a keyboard",C,user8
training_1934,HAU,HAU/user8/5-1-2,combination,Which combination of actions is performed in this video?,"Stretching, Checking the time, Standing up, Sitting down, Running, Lunges","Pouring, Lunges, Writing, Stretching, Typing on a keyboard, Calling","Writing, Brushing teeth, Pouring, Running, Stirring, Sitting down","Calling, Standing up, Stirring, Typing on a keyboard, Brushing teeth, Checking the time",A,user8
training_1935,HAU,HAU/user8/5-1-3,combination,Which combination of actions is performed in this video?,"Standing up, Listening to the music with headphones","Standing up, Lunges","Wiping hands, Listening to the music with headphones","Lunges, Wiping hands",B,user8
training_1936,HAU,HAU/user8/6-1-1,combination,Which combination of actions is performed in this video?,"Getting dressed, Using a phone","Using a phone, Lunges","Lunges, Undressing","Getting dressed, Undressing",D,user8
training_1937,HAU,HAU/user8/6-1-2,combination,Which combination of actions is performed in this video?,"Stretching, Undressing","Stretching, Folding clothes","Folding clothes, Reading","Undressing, Reading",A,user8
training_1938,HAU,HAU/user8/6-1-3,combination,Which combination of actions is performed in this video?,"Squats, Writing","Getting dressed, Squats","Wiping surface, Writing","Wiping surface, Getting dressed",B,user8
training_1939,HAU,HAU/user8/6-2-1,combination,Which combination of actions is performed in this video?,"Sweeping, Folding clothes, Jumping jacks, Peeling fruit, Washing dishes, Walking","Standing up, Jumping jacks, Drinking, Stretching, Peeling fruit, Checking the time","Writing, Sweeping, Standing up, Checking the time, Folding clothes, Watching TV","Writing, Walking, Drinking, Washing dishes, Stretching, Watching TV",B,user8
training_1940,HAU,HAU/user8/6-2-2,combination,Which combination of actions is performed in this video?,"Eating, Peeling fruit, Jumping jacks, Checking the time, Grabbing utensils, Sitting down, Pouring, Stirring, Typing on a keyboard","Standing up, Writing, Typing on a keyboard, Lying down, Pouring, Lunges, Stirring, Reading, Stretching","Jumping jacks, Standing up, Walking, Checking the time, Drinking, Turning a page, Writing, Stretching, Peeling fruit","Lunges, Lying down, Drinking, Walking, Grabbing utensils, Turning a page, Reading, Sitting down, Eating",C,user8
training_1941,HAU,HAU/user8/6-2-3,combination,Which combination of actions is performed in this video?,"Drinking, Jumping jacks, Walking, Turning a page, Writing, Standing up, Checking the time, Stretching","Jumping jacks, Using a phone, Peeling fruit, Turning a page, Standing up, Stirring, Typing on a keyboard, Grabbing utensils","Playing games, Typing on a keyboard, Reading, Checking the time, Drinking, Grabbing utensils, Combing hair, Writing","Walking, Stirring, Playing games, Using a phone, Reading, Combing hair, Stretching, Peeling fruit",A,user8
training_1942,HAU,HAU/user8/7-1-1,combination,Which combination of actions is performed in this video?,"Sitting down, Wiping hands, Brushing teeth, Massaging oneself, Taking medicine, Typing on a keyboard, Checking the time","Washing face, Sitting down, Massaging oneself, Checking body temperature, Writing, Undressing, Turning a page","Brushing teeth, Combing hair, Taking medicine, Washing face, Wiping hands, Getting dressed, Undressing","Getting dressed, Checking body temperature, Checking the time, Writing, Combing hair, Typing on a keyboard, Turning a page",C,user8
training_1943,HAU,HAU/user8/7-1-2,combination,Which combination of actions is performed in this video?,"Writing, Washing face, Wiping hands, Checking body temperature, Taking a selfie, Folding clothes, Mopping, Checking the time, Walking","Watching TV, Turning a page, Brushing teeth, Folding clothes, Writing, Mopping, Eating, Massaging oneself, Getting dressed","Undressing, Massaging oneself, Brushing teeth, Wiping hands, Taking medicine, Getting dressed, Checking body temperature, Washing face, Combing hair","Watching TV, Taking a selfie, Walking, Taking medicine, Eating, Combing hair, Undressing, Turning a page, Checking the time",C,user8
training_1944,HAU,HAU/user8/7-1-3,combination,Which combination of actions is performed in this video?,"Massaging oneself, Eating","Eating, Lunges","Massaging oneself, Washing face","Washing face, Lunges",C,user8
training_1945,HAU,HAU/user8/7-2-1,combination,Which combination of actions is performed in this video?,"Peeling fruit, Stirring, Eating, Taking medicine, Pouring","Eating, Drinking, Washing face, Taking medicine, Combing hair","Grabbing utensils, Stirring, Washing face, Stretching, Drinking","Pouring, Stretching, Grabbing utensils, Peeling fruit, Combing hair",A,user8
training_1946,HAU,HAU/user8/7-2-2,combination,Which combination of actions is performed in this video?,"Grabbing utensils, Drinking, Squats, Eating, Stirring","Stirring, Peeling fruit, Taking medicine, Eating, Pouring","Peeling fruit, Drinking, Standing up, Squats, Lying down","Standing up, Lying down, Pouring, Taking medicine, Grabbing utensils",B,user8
training_1947,HAU,HAU/user8/7-2-3,combination,Which combination of actions is performed in this video?,"Calling, Getting dressed, Stirring, Watching TV, Sitting down","Stirring, Peeling fruit, Taking medicine, Pouring, Eating","Sitting down, Eating, Taking medicine, Combing hair, Watching TV","Getting dressed, Combing hair, Calling, Pouring, Peeling fruit",B,user8
training_1948,HAU,HAU/user9/1-1-1,combination,Which combination of actions is performed in this video?,"Combing hair, Getting dressed, Brushing teeth, Wiping hands","Stirring, Wiping hands, Getting dressed, Stretching","Typing on a keyboard, Stirring, Combing hair, Taking a selfie","Typing on a keyboard, Brushing teeth, Taking a selfie, Stretching",A,user9
training_1949,HAU,HAU/user9/1-1-2,combination,Which combination of actions is performed in this video?,"Combing hair, Washing dishes, Walking, Wiping hands","Wiping hands, Stretching, Combing hair, Brushing teeth","Getting dressed, Stretching, Washing dishes, Watching TV","Getting dressed, Walking, Watching TV, Brushing teeth",B,user9
training_1950,HAU,HAU/user9/1-1-3,combination,Which combination of actions is performed in this video?,"Taking a selfie, Wiping hands, Stirring, Washing dishes","Washing dishes, Combing hair, Brushing teeth, Taking a selfie","Stretching, Getting dressed, Combing hair, Stirring","Stretching, Brushing teeth, Getting dressed, Wiping hands",D,user9
training_1951,HAU,HAU/user9/1-2-1,combination,Which combination of actions is performed in this video?,"Undressing, Sweeping","Typing on a keyboard, Sweeping","Undressing, Listening to the music with headphones","Listening to the music with headphones, Typing on a keyboard",D,user9
training_1952,HAU,HAU/user9/1-2-2,combination,Which combination of actions is performed in this video?,"Sitting down, Lying down, Writing, Listening to the music with headphones","Sitting down, Walking, Typing on a keyboard, Listening to the music with headphones","Watching TV, Walking, Reading, Lying down","Reading, Writing, Typing on a keyboard, Watching TV",B,user9
training_1953,HAU,HAU/user9/1-2-3,combination,Which combination of actions is performed in this video?,"Listening to the music with headphones, Walking, Sitting down, Typing on a keyboard","Sitting down, Using a phone, Listening to the music with headphones, Getting dressed","Getting dressed, Walking, Writing, Brushing teeth","Brushing teeth, Typing on a keyboard, Writing, Using a phone",A,user9
training_1954,HAU,HAU/user9/2-1-1,combination,Which combination of actions is performed in this video?,"Drinking, Washing face, Stirring","Getting dressed, Drinking, Pouring","Getting dressed, Washing face, Grabbing utensils","Pouring, Grabbing utensils, Stirring",D,user9
training_1955,HAU,HAU/user9/2-1-2,combination,Which combination of actions is performed in this video?,"Writing, Pouring, Drinking","Drinking, Grabbing utensils, Squats","Grabbing utensils, Stirring, Pouring","Squats, Stirring, Writing",C,user9
training_1956,HAU,HAU/user9/2-1-3,combination,Which combination of actions is performed in this video?,"Turning a page, Washing face","Grabbing utensils, Washing face","Pouring, Turning a page","Pouring, Grabbing utensils",D,user9
training_1957,HAU,HAU/user9/2-2-1,combination,Which combination of actions is performed in this video?,"Jumping jacks, Drinking, Combing hair","Jumping jacks, Walking, Squats","Drinking, Mopping, Walking","Squats, Mopping, Combing hair",B,user9
training_1958,HAU,HAU/user9/2-2-2,combination,Which combination of actions is performed in this video?,"Walking, Brushing teeth","Brushing teeth, Grabbing utensils","Squats, Walking","Squats, Grabbing utensils",C,user9
training_1959,HAU,HAU/user9/2-2-3,combination,Which combination of actions is performed in this video?,"Eating, Jumping jacks","Jumping jacks, Walking","Folding clothes, Eating","Folding clothes, Walking",B,user9
training_1960,HAU,HAU/user9/2-3-1,combination,Which combination of actions is performed in this video?,"Lunges, Walking","Peeling fruit, Walking","Peeling fruit, Reading","Lunges, Reading",B,user9
training_1961,HAU,HAU/user9/2-3-2,combination,Which combination of actions is performed in this video?,"Wiping surface, Peeling fruit","Walking, Peeling fruit","Wiping surface, Folding clothes","Folding clothes, Walking",B,user9
training_1962,HAU,HAU/user9/2-3-3,combination,Which combination of actions is performed in this video?,"Peeling fruit, Walking","Checking body temperature, Jumping jacks","Walking, Jumping jacks","Checking body temperature, Peeling fruit",A,user9
training_1963,HAU,HAU/user9/3-1-1,combination,Which combination of actions is performed in this video?,"Undressing, Playing games","Taking a selfie, Wiping surface","Undressing, Taking a selfie","Wiping surface, Playing games",A,user9
training_1964,HAU,HAU/user9/3-1-2,combination,Which combination of actions is performed in this video?,"Playing games, Undressing","Undressing, Lunges","Playing games, Peeling fruit","Lunges, Peeling fruit",A,user9
training_1965,HAU,HAU/user9/3-1-3,combination,Which combination of actions is performed in this video?,"Grabbing utensils, Checking the time","Playing games, Undressing","Grabbing utensils, Playing games","Checking the time, Undressing",B,user9
training_1966,HAU,HAU/user9/3-2-1,combination,Which combination of actions is performed in this video?,"Using a phone, Pouring","Walking, Pouring","Walking, Getting dressed","Getting dressed, Using a phone",B,user9
training_1967,HAU,HAU/user9/3-2-2,combination,Which combination of actions is performed in this video?,"Walking, Drinking, Pouring","Undressing, Stirring, Pouring","Undressing, Drinking, Getting dressed","Getting dressed, Stirring, Walking",A,user9
training_1968,HAU,HAU/user9/3-2-3,combination,Which combination of actions is performed in this video?,"Drinking, Stretching, Stirring","Pouring, Drinking, Walking","Pouring, Taking a selfie, Stretching","Walking, Stirring, Taking a selfie",B,user9
training_1969,HAU,HAU/user9/3-3-1,combination,Which combination of actions is performed in this video?,"Reading, Wiping hands","Wiping hands, Listening to the music with headphones","Mopping, Listening to the music with headphones","Reading, Mopping",C,user9
training_1970,HAU,HAU/user9/3-3-2,combination,Which combination of actions is performed in this video?,"Lying down, Jumping jacks, Mopping, Squats","Listening to the music with headphones, Walking, Jumping jacks, Taking a selfie","Listening to the music with headphones, Taking a selfie, Squats, Sweeping","Mopping, Walking, Sweeping, Lying down",D,user9
training_1971,HAU,HAU/user9/3-3-3,combination,Which combination of actions is performed in this video?,"Squats, Lying down, Listening to the music with headphones, Walking, Mopping","Listening to the music with headphones, Stirring, Mopping, Taking a selfie, Sweeping","Taking a selfie, Stirring, Reading, Lying down, Drinking","Squats, Reading, Walking, Sweeping, Drinking",A,user9
training_1972,HAU,HAU/user9/4-1-1,combination,Which combination of actions is performed in this video?,"Lying down, Using a phone","Typing on a keyboard, Reading","Typing on a keyboard, Using a phone","Lying down, Reading",B,user9
training_1973,HAU,HAU/user9/4-1-2,combination,Which combination of actions is performed in this video?,"Checking the time, Undressing, Eating","Undressing, Using a phone, Reading","Reading, Typing on a keyboard, Checking the time","Typing on a keyboard, Eating, Using a phone",C,user9
training_1974,HAU,HAU/user9/4-1-3,combination,Which combination of actions is performed in this video?,"Reading, Writing, Washing dishes","Washing dishes, Typing on a keyboard, Drinking","Typing on a keyboard, Checking the time, Reading","Checking the time, Drinking, Writing",C,user9
training_1975,HAU,HAU/user9/4-2-2,combination,Which combination of actions is performed in this video?,"Squats, Stretching, Walking","Walking, Drinking, Folding clothes","Watching TV, Stretching, Folding clothes","Drinking, Squats, Watching TV",A,user9
training_1976,HAU,HAU/user9/4-2-3,combination,Which combination of actions is performed in this video?,"Combing hair, Stretching, Eating","Watching TV, Walking, Combing hair","Watching TV, Eating, Squats","Stretching, Squats, Walking",D,user9
training_1977,HAU,HAU/user9/4-3-1,combination,Which combination of actions is performed in this video?,"Typing on a keyboard, Taking medicine","Walking, Typing on a keyboard","Squats, Walking","Sitting down, Taking medicine",B,user9
training_1978,HAU,HAU/user9/4-3-2,combination,Which combination of actions is performed in this video?,"Sweeping, Typing on a keyboard","Walking, Playing games","Typing on a keyboard, Walking","Sitting down, Sweeping",C,user9
training_1979,HAU,HAU/user9/4-3-3,combination,Which combination of actions is performed in this video?,"Walking, Typing on a keyboard","Drinking, Playing games","Walking, Playing games","Drinking, Typing on a keyboard",A,user9
training_1980,HAU,HAU/user9/5-1-1,combination,Which combination of actions is performed in this video?,"Stretching, Massaging oneself","Standing up, Listening to the music with headphones","Massaging oneself, Listening to the music with headphones","Stretching, Standing up",B,user9
training_1981,HAU,HAU/user9/5-1-2,combination,Which combination of actions is performed in this video?,"Standing up, Peeling fruit, Brushing teeth","Playing games, Listening to the music with headphones, Standing up","Peeling fruit, Listening to the music with headphones, Squats","Squats, Brushing teeth, Playing games",B,user9
training_1982,HAU,HAU/user9/5-1-3,combination,Which combination of actions is performed in this video?,"Playing games, Standing up","Folding clothes, Wiping hands","Playing games, Folding clothes","Wiping hands, Standing up",A,user9
training_1983,HAU,HAU/user9/5-2-1,combination,Which combination of actions is performed in this video?,"Wiping hands, Sitting down","Lying down, Peeling fruit","Sitting down, Lying down","Wiping hands, Peeling fruit",D,user9
training_1984,HAU,HAU/user9/5-2-2,combination,Which combination of actions is performed in this video?,"Wiping hands, Peeling fruit","Massaging oneself, Wiping hands","Calling, Peeling fruit","Massaging oneself, Calling",A,user9
training_1985,HAU,HAU/user9/5-2-3,combination,Which combination of actions is performed in this video?,"Wiping surface, Wiping hands","Peeling fruit, Lying down","Peeling fruit, Wiping hands","Lying down, Wiping surface",C,user9
training_1986,HAU,HAU/user9/5-3-1,combination,Which combination of actions is performed in this video?,"Washing face, Sitting down","Using a phone, Washing face","Squats, Using a phone","Squats, Sitting down",D,user9
training_1987,HAU,HAU/user9/5-3-2,combination,Which combination of actions is performed in this video?,"Sitting down, Massaging oneself, Squats, Walking, Checking the time","Washing face, Lunges, Playing games, Jumping jacks, Checking the time","Squats, Watching TV, Jumping jacks, Playing games, Sitting down","Walking, Massaging oneself, Lunges, Watching TV, Washing face",A,user9
training_1988,HAU,HAU/user9/5-3-3,combination,Which combination of actions is performed in this video?,"Walking, Playing games, Using a phone, Sitting down, Washing dishes","Washing dishes, Folding clothes, Massaging oneself, Checking the time, Brushing teeth","Walking, Squats, Massaging oneself, Sitting down, Checking the time","Brushing teeth, Using a phone, Folding clothes, Squats, Playing games",C,user9
training_1989,HAU,HAU/user9/6-1-1,combination,Which combination of actions is performed in this video?,"Reading, Sitting down, Using a phone","Writing, Sitting down, Typing on a keyboard","Writing, Using a phone, Stirring","Typing on a keyboard, Stirring, Reading",B,user9
training_1990,HAU,HAU/user9/6-1-2,combination,Which combination of actions is performed in this video?,"Reading, Checking the time, Getting dressed","Checking the time, Writing, Washing face","Reading, Typing on a keyboard, Writing","Typing on a keyboard, Washing face, Getting dressed",C,user9
training_1991,HAU,HAU/user9/6-1-3,combination,Which combination of actions is performed in this video?,"Reading, Wiping surface, Getting dressed","Sweeping, Wiping surface, Sitting down","Writing, Sitting down, Reading","Getting dressed, Sweeping, Writing",C,user9
training_1992,HAU,HAU/user9/6-2-1,combination,Which combination of actions is performed in this video?,"Sitting down, Squats","Squats, Checking body temperature","Taking medicine, Sitting down","Checking body temperature, Taking medicine",D,user9
training_1993,HAU,HAU/user9/6-2-2,combination,Which combination of actions is performed in this video?,"Taking a selfie, Taking medicine, Lying down","Using a phone, Folding clothes, Taking a selfie","Eating, Folding clothes, Lying down","Taking medicine, Eating, Using a phone",A,user9
training_1994,HAU,HAU/user9/6-2-3,combination,Which combination of actions is performed in this video?,"Taking a selfie, Folding clothes, Peeling fruit","Taking medicine, Peeling fruit, Washing dishes","Washing dishes, Folding clothes, Playing games","Taking medicine, Taking a selfie, Playing games",D,user9
training_1995,HAU,HAU/user9/7-1-1,combination,Which combination of actions is performed in this video?,"Massaging oneself, Brushing teeth, Reading","Checking body temperature, Reading, Playing games","Playing games, Brushing teeth, Taking medicine","Massaging oneself, Checking body temperature, Taking medicine",D,user9
training_1996,HAU,HAU/user9/7-1-2,combination,Which combination of actions is performed in this video?,"Using a phone, Taking medicine, Turning a page","Massaging oneself, Taking medicine, Checking body temperature","Massaging oneself, Using a phone, Reading","Turning a page, Checking body temperature, Reading",B,user9
training_1997,HAU,HAU/user9/7-1-3,combination,Which combination of actions is performed in this video?,"Checking body temperature, Massaging oneself, Taking medicine","Checking body temperature, Playing games, Listening to the music with headphones","Peeling fruit, Listening to the music with headphones, Taking medicine","Massaging oneself, Peeling fruit, Playing games",A,user9
training_1998,HAU,HAU/user9/7-2-1,combination,Which combination of actions is performed in this video?,"Sweeping, Walking, Pouring, Wiping surface, Stirring","Drinking, Playing games, Folding clothes, Grabbing utensils, Pouring","Taking a selfie, Wiping surface, Playing games, Stirring, Grabbing utensils","Drinking, Taking a selfie, Sweeping, Folding clothes, Walking",A,user9
training_1999,HAU,HAU/user9/7-2-2,combination,Which combination of actions is performed in this video?,"Stirring, Drinking","Typing on a keyboard, Stirring","Listening to the music with headphones, Typing on a keyboard","Drinking, Listening to the music with headphones",A,user9
training_2000,HAU,HAU/user9/7-2-3,combination,Which combination of actions is performed in this video?,"Grabbing utensils, Calling, Eating, Folding clothes","Grabbing utensils, Drinking, Peeling fruit, Folding clothes","Walking, Peeling fruit, Calling, Mopping","Eating, Walking, Mopping, Drinking",D,user9
training_2001,HAU,HAU/user16/1-1-1,combination,Which combination of actions is performed in this video?,"Walking, Brushing teeth, Washing face","Playing games, Folding clothes, Washing face","Brushing teeth, Folding clothes, Sitting down","Walking, Sitting down, Playing games",A,user16
training_2002,HAU,HAU/user16/1-1-2,combination,Which combination of actions is performed in this video?,"Taking medicine, Stirring, Brushing teeth","Washing face, Walking, Brushing teeth","Taking medicine, Wiping surface, Walking","Washing face, Wiping surface, Stirring",B,user16
training_2003,HAU,HAU/user16/1-1-3,combination,Which combination of actions is performed in this video?,"Washing face, Pouring, Folding clothes","Walking, Brushing teeth, Washing face","Walking, Pouring, Calling","Calling, Folding clothes, Brushing teeth",B,user16
training_2004,HAU,HAU/user16/1-2-1,combination,Which combination of actions is performed in this video?,"Drinking, Eating, Taking a selfie, Sitting down, Writing, Watching TV","Mopping, Writing, Pouring, Peeling fruit, Playing games, Taking a selfie","Pouring, Eating, Grabbing utensils, Drinking, Peeling fruit, Stirring","Stirring, Watching TV, Grabbing utensils, Mopping, Sitting down, Playing games",C,user16
training_2005,HAU,HAU/user16/1-2-2,combination,Which combination of actions is performed in this video?,"Drinking, Peeling fruit, Pouring, Grabbing utensils","Grabbing utensils, Checking body temperature, Peeling fruit, Stirring","Squats, Stirring, Eating, Drinking","Pouring, Eating, Squats, Checking body temperature",A,user16
training_2006,HAU,HAU/user16/1-2-3,combination,Which combination of actions is performed in this video?,"Calling, Peeling fruit, Washing dishes, Standing up, Turning a page, Grabbing utensils","Running, Pouring, Getting dressed, Stirring, Turning a page, Standing up","Pouring, Drinking, Peeling fruit, Stirring, Eating, Grabbing utensils","Getting dressed, Washing dishes, Running, Drinking, Eating, Calling",C,user16
training_2007,HAU,HAU/user16/2-1-1,combination,Which combination of actions is performed in this video?,"Massaging oneself, Grabbing utensils, Running","Pouring, Grabbing utensils, Stirring","Peeling fruit, Stirring, Massaging oneself","Pouring, Running, Peeling fruit",B,user16
training_2008,HAU,HAU/user16/2-1-2,combination,Which combination of actions is performed in this video?,"Pouring, Getting dressed, Writing","Undressing, Writing, Stirring","Getting dressed, Grabbing utensils, Undressing","Grabbing utensils, Stirring, Pouring",D,user16
training_2009,HAU,HAU/user16/2-1-3,combination,Which combination of actions is performed in this video?,"Taking a selfie, Stirring, Squats","Stirring, Pouring, Grabbing utensils","Pouring, Reading, Taking a selfie","Grabbing utensils, Squats, Reading",B,user16
training_2010,HAU,HAU/user16/2-2-1,combination,Which combination of actions is performed in this video?,"Drinking, Wiping hands","Taking a selfie, Drinking","Taking a selfie, Combing hair","Combing hair, Wiping hands",D,user16
training_2011,HAU,HAU/user16/2-2-2,combination,Which combination of actions is performed in this video?,"Stirring, Wiping hands","Combing hair, Watching TV","Wiping hands, Combing hair","Watching TV, Stirring",C,user16
training_2012,HAU,HAU/user16/2-2-3,combination,Which combination of actions is performed in this video?,"Wiping hands, Grabbing utensils","Wiping hands, Combing hair","Walking, Grabbing utensils","Walking, Combing hair",B,user16
training_2013,HAU,HAU/user16/2-3-1,combination,Which combination of actions is performed in this video?,"Sweeping, Undressing, Walking","Walking, Peeling fruit, Grabbing utensils","Sweeping, Grabbing utensils, Pouring","Peeling fruit, Undressing, Pouring",B,user16
training_2014,HAU,HAU/user16/2-3-2,combination,Which combination of actions is performed in this video?,"Grabbing utensils, Listening to the music with headphones","Grabbing utensils, Peeling fruit","Brushing teeth, Listening to the music with headphones","Brushing teeth, Peeling fruit",B,user16
training_2015,HAU,HAU/user16/2-3-3,combination,Which combination of actions is performed in this video?,"Peeling fruit, Pouring, Taking medicine","Peeling fruit, Grabbing utensils, Walking","Taking medicine, Turning a page, Walking","Turning a page, Grabbing utensils, Pouring",B,user16
training_2016,HAU,HAU/user16/3-1-1,combination,Which combination of actions is performed in this video?,"Checking the time, Folding clothes, Standing up, Playing games, Stretching","Squats, Standing up, Mopping, Sweeping, Walking","Mopping, Running, Stretching, Walking, Folding clothes","Checking the time, Sweeping, Running, Playing games, Squats",B,user16
training_2017,HAU,HAU/user16/3-1-2,combination,Which combination of actions is performed in this video?,"Sweeping, Undressing, Squats, Listening to the music with headphones, Wiping surface","Walking, Standing up, Sweeping, Mopping, Squats","Undressing, Walking, Grabbing utensils, Eating, Listening to the music with headphones","Standing up, Mopping, Eating, Wiping surface, Grabbing utensils",B,user16
training_2018,HAU,HAU/user16/3-1-3,combination,Which combination of actions is performed in this video?,"Checking body temperature, Walking","Squats, Walking","Drinking, Checking body temperature","Drinking, Squats",B,user16
training_2019,HAU,HAU/user16/3-2-1,combination,Which combination of actions is performed in this video?,"Eating, Brushing teeth, Drinking","Eating, Playing games, Washing dishes","Washing dishes, Peeling fruit, Drinking","Brushing teeth, Playing games, Peeling fruit",C,user16
training_2020,HAU,HAU/user16/3-2-2,combination,Which combination of actions is performed in this video?,"Walking, Watching TV","Peeling fruit, Watching TV","Peeling fruit, Washing dishes","Washing dishes, Walking",C,user16
training_2021,HAU,HAU/user16/3-2-3,combination,Which combination of actions is performed in this video?,"Running, Peeling fruit","Calling, Running","Drinking, Calling","Drinking, Peeling fruit",D,user16
training_2022,HAU,HAU/user16/3-3-1,combination,Which combination of actions is performed in this video?,"Stirring, Wiping hands","Wiping hands, Walking","Wiping surface, Stirring","Wiping surface, Walking",D,user16
training_2023,HAU,HAU/user16/3-3-2,combination,Which combination of actions is performed in this video?,"Washing face, Walking","Wiping surface, Walking","Washing face, Peeling fruit","Peeling fruit, Wiping surface",B,user16
training_2024,HAU,HAU/user16/3-3-3,combination,Which combination of actions is performed in this video?,"Standing up, Wiping surface","Wiping surface, Walking","Standing up, Grabbing utensils","Grabbing utensils, Walking",B,user16
training_2025,HAU,HAU/user16/4-1-1,combination,Which combination of actions is performed in this video?,"Undressing, Turning a page, Standing up, Grabbing utensils, Taking medicine, Checking body temperature, Reading, Combing hair, Playing games, Folding clothes","Grabbing utensils, Typing on a keyboard, Checking body temperature, Peeling fruit, Getting dressed, Folding clothes, Playing games, Sitting down, Stretching, Checking the time","Taking medicine, Peeling fruit, Getting dressed, Undressing, Calling, Running, Listening to the music with headphones, Writing, Stretching, Combing hair","Turning a page, Standing up, Running, Listening to the music with headphones, Reading, Calling, Checking the time, Writing, Typing on a keyboard, Sitting down",D,user16
training_2026,HAU,HAU/user16/4-1-2,combination,Which combination of actions is performed in this video?,"Mopping, Sweeping","Calling, Mopping","Sitting down, Sweeping","Calling, Sitting down",D,user16
training_2027,HAU,HAU/user16/4-1-3,combination,Which combination of actions is performed in this video?,"Running, Sitting down, Typing on a keyboard, Checking the time, Calling, Writing","Walking, Standing up, Checking the time, Writing, Reading, Brushing teeth","Running, Calling, Brushing teeth, Reading, Massaging oneself, Stirring","Sitting down, Stirring, Massaging oneself, Typing on a keyboard, Standing up, Walking",A,user16
training_2028,HAU,HAU/user16/5-1-1,combination,Which combination of actions is performed in this video?,"Wiping surface, Using a phone, Lying down","Squats, Wiping surface, Sitting down","Lying down, Listening to the music with headphones, Squats","Using a phone, Sitting down, Listening to the music with headphones",D,user16
training_2029,HAU,HAU/user16/5-1-2,combination,Which combination of actions is performed in this video?,"Washing face, Typing on a keyboard, Listening to the music with headphones","Using a phone, Listening to the music with headphones, Sitting down","Sitting down, Washing face, Taking medicine","Using a phone, Taking medicine, Typing on a keyboard",B,user16
training_2030,HAU,HAU/user16/5-1-3,combination,Which combination of actions is performed in this video?,"Jumping jacks, Listening to the music with headphones","Jumping jacks, Reading","Sitting down, Listening to the music with headphones","Reading, Sitting down",C,user16
training_2031,HAU,HAU/user16/5-2-1,combination,Which combination of actions is performed in this video?,"Watching TV, Eating, Typing on a keyboard","Wiping surface, Peeling fruit, Watching TV","Eating, Walking, Peeling fruit","Walking, Typing on a keyboard, Wiping surface",C,user16
training_2032,HAU,HAU/user16/5-2-2,combination,Which combination of actions is performed in this video?,"Walking, Eating, Peeling fruit","Massaging oneself, Washing dishes, Eating","Using a phone, Washing dishes, Walking","Using a phone, Massaging oneself, Peeling fruit",A,user16
training_2033,HAU,HAU/user16/5-2-3,combination,Which combination of actions is performed in this video?,"Combing hair, Undressing","Combing hair, Peeling fruit","Walking, Undressing","Peeling fruit, Walking",D,user16
training_2034,HAU,HAU/user16/5-3-1,combination,Which combination of actions is performed in this video?,"Drinking, Playing games, Grabbing utensils","Drinking, Checking body temperature, Combing hair","Combing hair, Playing games, Sitting down","Grabbing utensils, Sitting down, Checking body temperature",A,user16
training_2035,HAU,HAU/user16/5-3-2,combination,Which combination of actions is performed in this video?,"Massaging oneself, Drinking, Walking, Grabbing utensils","Drinking, Checking the time, Mopping, Lying down","Checking the time, Massaging oneself, Sitting down, Mopping","Sitting down, Walking, Grabbing utensils, Lying down",D,user16
training_2036,HAU,HAU/user16/5-3-3,combination,Which combination of actions is performed in this video?,"Sitting down, Typing on a keyboard, Drinking, Peeling fruit, Squats, Stirring, Washing dishes","Taking a selfie, Calling, Walking, Washing dishes, Checking the time, Typing on a keyboard, Lying down","Playing games, Checking the time, Grabbing utensils, Walking, Sitting down, Drinking, Lying down","Grabbing utensils, Calling, Playing games, Peeling fruit, Squats, Taking a selfie, Stirring",C,user16
training_2037,HAU,HAU/user16/6-1-1,combination,Which combination of actions is performed in this video?,"Calling, Listening to the music with headphones","Jumping jacks, Lying down","Calling, Lying down","Jumping jacks, Listening to the music with headphones",B,user16
training_2038,HAU,HAU/user16/6-1-2,combination,Which combination of actions is performed in this video?,"Washing face, Jumping jacks, Typing on a keyboard, Lying down","Jumping jacks, Lunges, Walking, Lying down","Walking, Washing face, Pouring, Stirring","Stirring, Pouring, Lunges, Typing on a keyboard",B,user16
training_2039,HAU,HAU/user16/6-1-3,combination,Which combination of actions is performed in this video?,"Jumping jacks, Lunges, Sweeping, Getting dressed","Lying down, Lunges, Walking, Jumping jacks","Getting dressed, Undressing, Checking body temperature, Walking","Lying down, Checking body temperature, Sweeping, Undressing",B,user16
training_2040,HAU,HAU/user16/6-2-1,combination,Which combination of actions is performed in this video?,"Checking body temperature, Sweeping, Using a phone, Checking the time, Wiping surface, Eating","Eating, Lunges, Wiping surface, Stirring, Turning a page, Mopping","Pouring, Turning a page, Using a phone, Checking body temperature, Stirring, Taking a selfie","Sweeping, Checking the time, Mopping, Lunges, Taking a selfie, Pouring",A,user16
training_2041,HAU,HAU/user16/6-2-2,combination,Which combination of actions is performed in this video?,"Drinking, Taking medicine","Taking medicine, Folding clothes","Drinking, Massaging oneself","Massaging oneself, Folding clothes",A,user16
training_2042,HAU,HAU/user16/6-2-3,combination,Which combination of actions is performed in this video?,"Taking medicine, Stretching, Walking","Stretching, Wiping surface, Drinking","Wiping surface, Eating, Walking","Eating, Drinking, Taking medicine",D,user16
training_2043,HAU,HAU/user16/7-1-1,combination,Which combination of actions is performed in this video?,"Wiping hands, Taking medicine","Massaging oneself, Taking medicine","Massaging oneself, Sitting down","Sitting down, Wiping hands",C,user16
training_2044,HAU,HAU/user16/7-1-2,combination,Which combination of actions is performed in this video?,"Wiping surface, Mopping","Sitting down, Mopping","Sitting down, Massaging oneself","Wiping surface, Massaging oneself",C,user16
training_2045,HAU,HAU/user16/7-1-3,combination,Which combination of actions is performed in this video?,"Sitting down, Massaging oneself","Standing up, Undressing","Standing up, Sitting down","Undressing, Massaging oneself",A,user16
training_2046,HAU,HAU/user16/7-2-1,combination,Which combination of actions is performed in this video?,"Lunges, Grabbing utensils","Pouring, Grabbing utensils","Pouring, Washing face","Lunges, Washing face",B,user16
training_2047,HAU,HAU/user16/7-2-2,combination,Which combination of actions is performed in this video?,"Grabbing utensils, Pouring, Stirring","Grabbing utensils, Running, Sweeping","Sweeping, Pouring, Drinking","Stirring, Running, Drinking",A,user16
training_2048,HAU,HAU/user16/7-2-3,combination,Which combination of actions is performed in this video?,"Eating, Pouring","Running, Pouring","Running, Checking the time","Checking the time, Eating",A,user16
training_2049,HAU,HAU/user16/7-3-1,combination,Which combination of actions is performed in this video?,"Peeling fruit, Checking the time","Typing on a keyboard, Peeling fruit","Sitting down, Checking the time","Typing on a keyboard, Sitting down",C,user16
training_2050,HAU,HAU/user16/7-3-2,combination,Which combination of actions is performed in this video?,"Taking medicine, Checking the time","Checking the time, Reading","Peeling fruit, Reading","Peeling fruit, Taking medicine",B,user16
training_2051,HAU,HAU/user16/7-3-3,combination,Which combination of actions is performed in this video?,"Checking the time, Taking a selfie","Taking a selfie, Using a phone","Reading, Checking the time","Using a phone, Reading",C,user16
training_2052,HAU,HAU/user17/1-1-1,combination,Which combination of actions is performed in this video?,"Combing hair, Wiping hands, Brushing teeth, Getting dressed","Checking the time, Combing hair, Reading, Getting dressed","Lunges, Checking the time, Folding clothes, Brushing teeth","Folding clothes, Lunges, Reading, Wiping hands",A,user17
training_2053,HAU,HAU/user17/1-1-2,combination,Which combination of actions is performed in this video?,"Combing hair, Brushing teeth, Wiping hands, Getting dressed","Standing up, Running, Checking body temperature, Brushing teeth","Playing games, Wiping hands, Running, Getting dressed","Playing games, Standing up, Checking body temperature, Combing hair",A,user17
training_2054,HAU,HAU/user17/1-1-3,combination,Which combination of actions is performed in this video?,"Wiping hands, Getting dressed, Combing hair, Brushing teeth","Jumping jacks, Massaging oneself, Getting dressed, Combing hair","Peeling fruit, Massaging oneself, Wiping hands, Sitting down","Brushing teeth, Sitting down, Jumping jacks, Peeling fruit",A,user17
training_2055,HAU,HAU/user17/1-2-1,combination,Which combination of actions is performed in this video?,"Sitting down, Pouring, Jumping jacks, Typing on a keyboard, Taking medicine, Playing games, Eating","Checking the time, Using a phone, Grabbing utensils, Walking, Taking a selfie, Pouring, Sitting down","Undressing, Jumping jacks, Taking a selfie, Typing on a keyboard, Turning a page, Grabbing utensils, Walking","Playing games, Taking medicine, Undressing, Using a phone, Eating, Turning a page, Checking the time",B,user17
training_2056,HAU,HAU/user17/1-2-2,combination,Which combination of actions is performed in this video?,"Checking the time, Grabbing utensils, Pouring, Sitting down, Eating","Stirring, Eating, Wiping hands, Grabbing utensils, Combing hair","Wiping surface, Peeling fruit, Checking the time, Combing hair, Sitting down","Peeling fruit, Pouring, Wiping surface, Stirring, Wiping hands",A,user17
training_2057,HAU,HAU/user17/1-2-3,combination,Which combination of actions is performed in this video?,"Eating, Walking, Grabbing utensils","Sitting down, Eating, Sweeping","Sitting down, Lunges, Grabbing utensils","Walking, Lunges, Sweeping",A,user17
training_2058,HAU,HAU/user17/2-1-1,combination,Which combination of actions is performed in this video?,"Pouring, Stirring, Grabbing utensils","Watching TV, Stirring, Washing face","Stretching, Grabbing utensils, Washing face","Pouring, Watching TV, Stretching",A,user17
training_2059,HAU,HAU/user17/2-1-2,combination,Which combination of actions is performed in this video?,"Stirring, Sitting down","Pouring, Stirring","Wiping surface, Sitting down","Pouring, Wiping surface",B,user17
training_2060,HAU,HAU/user17/2-1-3,combination,Which combination of actions is performed in this video?,"Stirring, Grabbing utensils, Pouring","Grabbing utensils, Turning a page, Stretching","Reading, Turning a page, Stirring","Pouring, Stretching, Reading",A,user17
training_2061,HAU,HAU/user17/2-2-1,combination,Which combination of actions is performed in this video?,"Peeling fruit, Checking body temperature, Jumping jacks, Drinking, Lying down, Washing dishes","Stirring, Eating, Grabbing utensils, Pouring, Checking body temperature, Peeling fruit","Washing dishes, Wiping surface, Pouring, Drinking, Grabbing utensils, Sitting down","Stirring, Jumping jacks, Wiping surface, Eating, Sitting down, Lying down",D,user17
training_2062,HAU,HAU/user17/2-2-2,combination,Which combination of actions is performed in this video?,"Writing, Eating, Stretching","Eating, Wiping surface, Stirring","Stretching, Taking a selfie, Wiping surface","Writing, Taking a selfie, Stirring",B,user17
training_2063,HAU,HAU/user17/2-2-3,combination,Which combination of actions is performed in this video?,"Getting dressed, Turning a page","Stirring, Turning a page","Getting dressed, Jumping jacks","Jumping jacks, Stirring",D,user17
training_2064,HAU,HAU/user17/3-1-1,combination,Which combination of actions is performed in this video?,"Sweeping, Turning a page, Running, Listening to the music with headphones","Mopping, Sweeping, Stretching, Running","Listening to the music with headphones, Drinking, Stretching, Washing face","Washing face, Turning a page, Drinking, Mopping",B,user17
training_2065,HAU,HAU/user17/3-1-2,combination,Which combination of actions is performed in this video?,"Grabbing utensils, Running","Washing face, Grabbing utensils","Washing face, Stretching","Stretching, Running",D,user17
training_2066,HAU,HAU/user17/3-1-3,combination,Which combination of actions is performed in this video?,"Washing face, Brushing teeth, Stretching","Brushing teeth, Running, Using a phone","Stretching, Sweeping, Running","Washing face, Using a phone, Sweeping",C,user17
training_2067,HAU,HAU/user17/3-2-1,combination,Which combination of actions is performed in this video?,"Sweeping, Mopping","Eating, Walking","Mopping, Walking","Eating, Sweeping",B,user17
training_2068,HAU,HAU/user17/3-2-2,combination,Which combination of actions is performed in this video?,"Washing dishes, Walking","Walking, Mopping","Squats, Washing dishes","Squats, Mopping",A,user17
training_2069,HAU,HAU/user17/3-2-3,combination,Which combination of actions is performed in this video?,"Typing on a keyboard, Eating, Using a phone","Combing hair, Washing dishes, Using a phone","Typing on a keyboard, Combing hair, Grabbing utensils","Eating, Grabbing utensils, Washing dishes",D,user17
training_2070,HAU,HAU/user17/3-3-1,combination,Which combination of actions is performed in this video?,"Wiping surface, Walking","Wiping surface, Typing on a keyboard","Squats, Walking","Typing on a keyboard, Squats",A,user17
training_2071,HAU,HAU/user17/3-3-2,combination,Which combination of actions is performed in this video?,"Washing dishes, Taking medicine","Wiping surface, Walking","Taking medicine, Wiping surface","Walking, Washing dishes",B,user17
training_2072,HAU,HAU/user17/3-3-3,combination,Which combination of actions is performed in this video?,"Sitting down, Walking","Lying down, Wiping surface","Walking, Wiping surface","Lying down, Sitting down",C,user17
training_2073,HAU,HAU/user17/4-1-1,combination,Which combination of actions is performed in this video?,"Reading, Sitting down, Checking the time, Walking","Massaging oneself, Walking, Calling, Sweeping","Typing on a keyboard, Sitting down, Calling, Reading","Sweeping, Massaging oneself, Typing on a keyboard, Checking the time",A,user17
training_2074,HAU,HAU/user17/4-1-2,combination,Which combination of actions is performed in this video?,"Lying down, Washing face, Sitting down, Using a phone, Reading, Typing on a keyboard, Pouring, Checking the time, Playing games","Squats, Washing face, Writing, Lying down, Turning a page, Standing up, Walking, Watching TV, Pouring","Playing games, Stretching, Writing, Typing on a keyboard, Using a phone, Checking body temperature, Watching TV, Turning a page, Taking medicine","Checking body temperature, Walking, Stretching, Squats, Reading, Sitting down, Checking the time, Taking medicine, Standing up",D,user17
training_2075,HAU,HAU/user17/4-1-3,combination,Which combination of actions is performed in this video?,"Reading, Checking body temperature, Standing up, Squats","Reading, Listening to the music with headphones, Wiping surface, Folding clothes","Standing up, Folding clothes, Turning a page, Squats","Checking body temperature, Wiping surface, Listening to the music with headphones, Turning a page",A,user17
training_2076,HAU,HAU/user17/5-1-1,combination,Which combination of actions is performed in this video?,"Undressing, Watching TV","Lying down, Undressing","Folding clothes, Lying down","Folding clothes, Watching TV",A,user17
training_2077,HAU,HAU/user17/5-1-2,combination,Which combination of actions is performed in this video?,"Wiping surface, Watching TV","Turning a page, Undressing","Undressing, Watching TV","Wiping surface, Turning a page",C,user17
training_2078,HAU,HAU/user17/5-1-3,combination,Which combination of actions is performed in this video?,"Undressing, Watching TV","Drinking, Playing games","Playing games, Undressing","Watching TV, Drinking",A,user17
training_2079,HAU,HAU/user17/5-2-1,combination,Which combination of actions is performed in this video?,"Combing hair, Playing games","Walking, Playing games","Walking, Pouring","Combing hair, Pouring",C,user17
training_2080,HAU,HAU/user17/5-2-2,combination,Which combination of actions is performed in this video?,"Playing games, Pouring","Pouring, Walking","Playing games, Turning a page","Walking, Turning a page",B,user17
training_2081,HAU,HAU/user17/5-2-3,combination,Which combination of actions is performed in this video?,"Eating, Stretching, Walking, Checking body temperature","Taking a selfie, Pouring, Mopping, Stretching","Taking a selfie, Stirring, Checking body temperature, Mopping","Walking, Eating, Stirring, Pouring",D,user17
training_2082,HAU,HAU/user17/5-3-1,combination,Which combination of actions is performed in this video?,"Sitting down, Checking body temperature","Grabbing utensils, Sitting down","Grabbing utensils, Taking a selfie","Taking a selfie, Checking body temperature",B,user17
training_2083,HAU,HAU/user17/5-3-2,combination,Which combination of actions is performed in this video?,"Stretching, Turning a page","Stretching, Grabbing utensils","Walking, Turning a page","Grabbing utensils, Walking",D,user17
training_2084,HAU,HAU/user17/5-3-3,combination,Which combination of actions is performed in this video?,"Brushing teeth, Standing up","Eating, Sitting down","Standing up, Eating","Brushing teeth, Sitting down",B,user17
training_2085,HAU,HAU/user17/6-1-1,combination,Which combination of actions is performed in this video?,"Eating, Undressing, Watching TV","Eating, Standing up, Walking","Watching TV, Standing up, Getting dressed","Undressing, Walking, Getting dressed",D,user17
training_2086,HAU,HAU/user17/6-1-2,combination,Which combination of actions is performed in this video?,"Undressing, Running","Folding clothes, Typing on a keyboard","Folding clothes, Undressing","Running, Typing on a keyboard",C,user17
training_2087,HAU,HAU/user17/6-1-3,combination,Which combination of actions is performed in this video?,"Running, Standing up","Getting dressed, Running","Getting dressed, Folding clothes","Standing up, Folding clothes",C,user17
training_2088,HAU,HAU/user17/6-3-1,combination,Which combination of actions is performed in this video?,"Typing on a keyboard, Stirring, Writing","Walking, Writing, Wiping surface","Sitting down, Typing on a keyboard, Walking","Sitting down, Wiping surface, Stirring",C,user17
training_2089,HAU,HAU/user17/6-3-2,combination,Which combination of actions is performed in this video?,"Walking, Checking the time, Typing on a keyboard, Sitting down","Writing, Typing on a keyboard, Sitting down, Massaging oneself","Writing, Checking the time, Squats, Running","Massaging oneself, Walking, Squats, Running",A,user17
training_2090,HAU,HAU/user17/6-3-3,combination,Which combination of actions is performed in this video?,"Checking the time, Typing on a keyboard, Walking, Sitting down","Washing face, Listening to the music with headphones, Walking, Standing up","Checking the time, Listening to the music with headphones, Writing, Sitting down","Washing face, Typing on a keyboard, Standing up, Writing",A,user17
training_2091,HAU,HAU/user17/7-1-1,combination,Which combination of actions is performed in this video?,"Turning a page, Checking body temperature","Listening to the music with headphones, Checking body temperature","Writing, Turning a page","Listening to the music with headphones, Writing",B,user17
training_2092,HAU,HAU/user17/7-1-2,combination,Which combination of actions is performed in this video?,"Lying down, Taking a selfie, Checking body temperature","Listening to the music with headphones, Sitting down, Checking body temperature","Checking the time, Sitting down, Lying down","Listening to the music with headphones, Taking a selfie, Checking the time",B,user17
training_2093,HAU,HAU/user17/7-1-3,combination,Which combination of actions is performed in this video?,"Standing up, Stirring","Listening to the music with headphones, Sitting down","Stirring, Listening to the music with headphones","Sitting down, Standing up",B,user17
training_2094,HAU,HAU/user17/7-2-1,combination,Which combination of actions is performed in this video?,"Peeling fruit, Eating","Squats, Combing hair","Peeling fruit, Squats","Combing hair, Eating",A,user17
training_2095,HAU,HAU/user17/7-2-2,combination,Which combination of actions is performed in this video?,"Peeling fruit, Turning a page, Lying down","Taking medicine, Eating, Lying down","Taking medicine, Wiping hands, Turning a page","Eating, Wiping hands, Peeling fruit",D,user17
training_2096,HAU,HAU/user17/7-2-3,combination,Which combination of actions is performed in this video?,"Taking a selfie, Wiping hands, Stretching","Wiping hands, Eating, Peeling fruit","Eating, Getting dressed, Taking a selfie","Getting dressed, Stretching, Peeling fruit",B,user17
training_2139,HAU,HAU/user19/1-1-1,combination,Which combination of actions is performed in this video?,"Brushing teeth, Wiping hands, Combing hair","Reading, Brushing teeth, Sweeping","Sweeping, Writing, Wiping hands","Writing, Combing hair, Reading",A,user19
training_2140,HAU,HAU/user19/1-1-2,combination,Which combination of actions is performed in this video?,"Writing, Getting dressed, Stretching","Writing, Eating, Wiping hands","Eating, Combing hair, Getting dressed","Combing hair, Stretching, Wiping hands",D,user19
training_2141,HAU,HAU/user19/1-1-3,combination,Which combination of actions is performed in this video?,"Taking medicine, Sweeping, Wiping hands, Drinking","Getting dressed, Sweeping, Taking medicine, Stretching","Brushing teeth, Drinking, Combing hair, Stretching","Combing hair, Brushing teeth, Wiping hands, Getting dressed",D,user19
training_2142,HAU,HAU/user19/1-2-1,combination,Which combination of actions is performed in this video?,"Typing on a keyboard, Sitting down, Walking","Sitting down, Squats, Running","Typing on a keyboard, Squats, Eating","Walking, Running, Eating",A,user19
training_2143,HAU,HAU/user19/1-2-2,combination,Which combination of actions is performed in this video?,"Lunges, Listening to the music with headphones","Listening to the music with headphones, Sitting down","Sitting down, Using a phone","Using a phone, Lunges",B,user19
training_2144,HAU,HAU/user19/1-2-3,combination,Which combination of actions is performed in this video?,"Typing on a keyboard, Sweeping","Typing on a keyboard, Walking","Sweeping, Standing up","Walking, Standing up",B,user19
training_2145,HAU,HAU/user19/2-1-1,combination,Which combination of actions is performed in this video?,"Eating, Running, Pouring","Grabbing utensils, Stirring, Pouring","Eating, Grabbing utensils, Listening to the music with headphones","Running, Stirring, Listening to the music with headphones",B,user19
training_2146,HAU,HAU/user19/2-1-2,combination,Which combination of actions is performed in this video?,"Grabbing utensils, Pouring, Stirring","Reading, Taking medicine, Pouring","Stirring, Listening to the music with headphones, Reading","Listening to the music with headphones, Taking medicine, Grabbing utensils",A,user19
training_2147,HAU,HAU/user19/2-1-3,combination,Which combination of actions is performed in this video?,"Stirring, Pouring","Reading, Squats","Pouring, Reading","Stirring, Squats",A,user19
training_2148,HAU,HAU/user19/2-2-1,combination,Which combination of actions is performed in this video?,"Squats, Typing on a keyboard","Jumping jacks, Squats","Typing on a keyboard, Combing hair","Jumping jacks, Combing hair",B,user19
training_2149,HAU,HAU/user19/2-2-2,combination,Which combination of actions is performed in this video?,"Squats, Lying down, Mopping","Walking, Reading, Lying down","Squats, Walking, Jumping jacks","Jumping jacks, Mopping, Reading",C,user19
training_2150,HAU,HAU/user19/2-2-3,combination,Which combination of actions is performed in this video?,"Massaging oneself, Listening to the music with headphones","Walking, Squats","Squats, Massaging oneself","Listening to the music with headphones, Walking",B,user19
training_2151,HAU,HAU/user19/2-3-1,combination,Which combination of actions is performed in this video?,"Squats, Stretching","Stretching, Walking","Squats, Peeling fruit","Walking, Peeling fruit",D,user19
training_2152,HAU,HAU/user19/2-3-2,combination,Which combination of actions is performed in this video?,"Playing games, Brushing teeth","Walking, Brushing teeth","Peeling fruit, Walking","Playing games, Peeling fruit",C,user19
training_2153,HAU,HAU/user19/2-3-3,combination,Which combination of actions is performed in this video?,"Walking, Checking body temperature","Checking body temperature, Standing up","Walking, Peeling fruit","Standing up, Peeling fruit",C,user19
training_2154,HAU,HAU/user19/3-1-1,combination,Which combination of actions is performed in this video?,"Walking, Combing hair","Playing games, Combing hair","Undressing, Playing games","Undressing, Walking",C,user19
training_2155,HAU,HAU/user19/3-1-2,combination,Which combination of actions is performed in this video?,"Undressing, Playing games","Lying down, Playing games","Undressing, Washing dishes","Lying down, Washing dishes",A,user19
training_2156,HAU,HAU/user19/3-1-3,combination,Which combination of actions is performed in this video?,"Undressing, Taking medicine","Folding clothes, Playing games","Taking medicine, Folding clothes","Undressing, Playing games",D,user19
training_2157,HAU,HAU/user19/3-2-1,combination,Which combination of actions is performed in this video?,"Washing face, Grabbing utensils, Stirring","Sweeping, Walking, Grabbing utensils","Sweeping, Washing face, Pouring","Pouring, Walking, Stirring",D,user19
training_2158,HAU,HAU/user19/3-2-2,combination,Which combination of actions is performed in this video?,"Taking medicine, Walking, Pouring","Walking, Drinking, Washing face","Stirring, Pouring, Drinking","Stirring, Washing face, Taking medicine",C,user19
training_2159,HAU,HAU/user19/3-2-3,combination,Which combination of actions is performed in this video?,"Stirring, Walking","Sweeping, Stirring","Walking, Massaging oneself","Sweeping, Massaging oneself",A,user19
training_2160,HAU,HAU/user19/3-3-1,combination,Which combination of actions is performed in this video?,"Sweeping, Listening to the music with headphones, Walking, Squats","Turning a page, Listening to the music with headphones, Wiping hands, Reading","Wiping hands, Squats, Turning a page, Checking body temperature","Reading, Sweeping, Checking body temperature, Walking",A,user19
training_2161,HAU,HAU/user19/3-3-2,combination,Which combination of actions is performed in this video?,"Sweeping, Mopping","Typing on a keyboard, Mopping","Writing, Sweeping","Writing, Typing on a keyboard",A,user19
training_2162,HAU,HAU/user19/3-3-3,combination,Which combination of actions is performed in this video?,"Mopping, Listening to the music with headphones, Sitting down, Eating, Calling","Sweeping, Walking, Squats, Listening to the music with headphones, Mopping","Squats, Calling, Lying down, Eating, Stirring","Lying down, Sitting down, Walking, Stirring, Sweeping",B,user19
training_2163,HAU,HAU/user19/4-1-1,combination,Which combination of actions is performed in this video?,"Typing on a keyboard, Reading, Checking the time","Reading, Running, Turning a page","Walking, Running, Typing on a keyboard","Checking the time, Turning a page, Walking",A,user19
training_2164,HAU,HAU/user19/4-1-2,combination,Which combination of actions is performed in this video?,"Wiping surface, Watching TV","Typing on a keyboard, Watching TV","Reading, Typing on a keyboard","Reading, Wiping surface",C,user19
training_2165,HAU,HAU/user19/4-1-3,combination,Which combination of actions is performed in this video?,"Folding clothes, Typing on a keyboard, Checking body temperature","Checking the time, Typing on a keyboard, Reading","Checking the time, Writing, Folding clothes","Writing, Reading, Checking body temperature",B,user19
training_2166,HAU,HAU/user19/4-2-1,combination,Which combination of actions is performed in this video?,"Watching TV, Squats","Walking, Typing on a keyboard","Squats, Walking","Typing on a keyboard, Watching TV",C,user19
training_2167,HAU,HAU/user19/4-2-2,combination,Which combination of actions is performed in this video?,"Typing on a keyboard, Walking, Drinking","Typing on a keyboard, Running, Squats","Running, Drinking, Stretching","Stretching, Walking, Squats",D,user19
training_2168,HAU,HAU/user19/4-2-3,combination,Which combination of actions is performed in this video?,"Taking medicine, Jumping jacks","Walking, Stretching","Taking medicine, Stretching","Walking, Jumping jacks",B,user19
training_2169,HAU,HAU/user19/4-3-1,combination,Which combination of actions is performed in this video?,"Taking a selfie, Washing dishes, Typing on a keyboard","Walking, Writing, Taking a selfie","Typing on a keyboard, Sitting down, Walking","Sitting down, Washing dishes, Writing",C,user19
training_2170,HAU,HAU/user19/4-3-2,combination,Which combination of actions is performed in this video?,"Sitting down, Walking","Lying down, Folding clothes","Walking, Folding clothes","Lying down, Sitting down",A,user19
training_2171,HAU,HAU/user19/4-3-3,combination,Which combination of actions is performed in this video?,"Typing on a keyboard, Walking, Sitting down","Walking, Washing face, Pouring","Typing on a keyboard, Wiping surface, Washing face","Pouring, Sitting down, Wiping surface",A,user19
training_2172,HAU,HAU/user19/5-1-1,combination,Which combination of actions is performed in this video?,"Listening to the music with headphones, Standing up, Playing games","Listening to the music with headphones, Massaging oneself, Turning a page","Turning a page, Playing games, Undressing","Standing up, Massaging oneself, Undressing",A,user19
training_2173,HAU,HAU/user19/5-1-2,combination,Which combination of actions is performed in this video?,"Standing up, Playing games","Pouring, Standing up","Playing games, Stretching","Pouring, Stretching",A,user19
training_2174,HAU,HAU/user19/5-1-3,combination,Which combination of actions is performed in this video?,"Playing games, Listening to the music with headphones, Standing up","Playing games, Squats, Checking the time","Listening to the music with headphones, Checking the time, Washing face","Washing face, Standing up, Squats",A,user19
training_2175,HAU,HAU/user19/5-2-1,combination,Which combination of actions is performed in this video?,"Sitting down, Lying down","Wiping hands, Lying down","Peeling fruit, Wiping hands","Sitting down, Peeling fruit",C,user19
training_2176,HAU,HAU/user19/5-2-2,combination,Which combination of actions is performed in this video?,"Walking, Reading","Peeling fruit, Wiping hands","Walking, Wiping hands","Peeling fruit, Reading",B,user19
training_2177,HAU,HAU/user19/5-2-3,combination,Which combination of actions is performed in this video?,"Peeling fruit, Stretching","Stretching, Wiping surface","Peeling fruit, Wiping hands","Wiping hands, Wiping surface",C,user19
training_2178,HAU,HAU/user19/5-3-1,combination,Which combination of actions is performed in this video?,"Checking the time, Walking, Playing games","Playing games, Peeling fruit, Brushing teeth","Peeling fruit, Checking the time, Mopping","Walking, Brushing teeth, Mopping",A,user19
training_2179,HAU,HAU/user19/5-3-2,combination,Which combination of actions is performed in this video?,"Washing face, Walking, Taking medicine","Playing games, Walking, Massaging oneself","Massaging oneself, Washing dishes, Washing face","Washing dishes, Taking medicine, Playing games",B,user19
training_2180,HAU,HAU/user19/5-3-3,combination,Which combination of actions is performed in this video?,"Playing games, Squats, Checking the time","Washing dishes, Squats, Grabbing utensils","Checking the time, Mopping, Grabbing utensils","Playing games, Mopping, Washing dishes",A,user19
training_2181,HAU,HAU/user19/6-1-1,combination,Which combination of actions is performed in this video?,"Sitting down, Typing on a keyboard","Getting dressed, Drinking","Getting dressed, Sitting down","Drinking, Typing on a keyboard",A,user19
training_2182,HAU,HAU/user19/6-1-2,combination,Which combination of actions is performed in this video?,"Sitting down, Reading, Turning a page, Checking the time, Typing on a keyboard, Writing","Sitting down, Playing games, Turning a page, Lunges, Walking, Massaging oneself","Playing games, Wiping surface, Washing dishes, Typing on a keyboard, Walking, Checking the time","Washing dishes, Writing, Lunges, Reading, Massaging oneself, Wiping surface",A,user19
training_2183,HAU,HAU/user19/6-1-3,combination,Which combination of actions is performed in this video?,"Typing on a keyboard, Sitting down, Turning a page, Writing, Checking the time, Reading","Grabbing utensils, Sitting down, Getting dressed, Playing games, Undressing, Writing","Undressing, Washing dishes, Using a phone, Playing games, Reading, Checking the time","Turning a page, Grabbing utensils, Using a phone, Washing dishes, Typing on a keyboard, Getting dressed",A,user19
training_2184,HAU,HAU/user19/6-2-1,combination,Which combination of actions is performed in this video?,"Playing games, Jumping jacks, Reading, Drinking, Folding clothes","Folding clothes, Lying down, Drinking, Checking the time, Taking a selfie","Checking body temperature, Reading, Jumping jacks, Checking the time, Taking medicine","Lying down, Taking medicine, Taking a selfie, Playing games, Checking body temperature",D,user19
training_2185,HAU,HAU/user19/6-2-2,combination,Which combination of actions is performed in this video?,"Wiping surface, Taking medicine, Mopping, Folding clothes, Playing games","Taking medicine, Taking a selfie, Lying down, Checking body temperature, Playing games","Folding clothes, Checking the time, Washing dishes, Taking a selfie, Mopping","Washing dishes, Checking the time, Checking body temperature, Lying down, Wiping surface",B,user19
training_2186,HAU,HAU/user19/6-2-3,combination,Which combination of actions is performed in this video?,"Stretching, Taking medicine, Folding clothes","Taking a selfie, Taking medicine, Checking body temperature","Folding clothes, Checking body temperature, Listening to the music with headphones","Listening to the music with headphones, Taking a selfie, Stretching",B,user19
training_2187,HAU,HAU/user19/7-1-1,combination,Which combination of actions is performed in this video?,"Massaging oneself, Pouring, Sweeping","Checking body temperature, Taking medicine, Massaging oneself","Turning a page, Taking medicine, Sweeping","Checking body temperature, Pouring, Turning a page",B,user19
training_2188,HAU,HAU/user19/7-1-2,combination,Which combination of actions is performed in this video?,"Calling, Stretching, Massaging oneself","Taking medicine, Massaging oneself, Checking body temperature","Washing dishes, Stretching, Checking body temperature","Calling, Taking medicine, Washing dishes",B,user19
training_2189,HAU,HAU/user19/7-1-3,combination,Which combination of actions is performed in this video?,"Reading, Checking body temperature","Checking body temperature, Massaging oneself","Reading, Watching TV","Massaging oneself, Watching TV",B,user19
training_2190,HAU,HAU/user19/7-2-1,combination,Which combination of actions is performed in this video?,"Pouring, Walking","Walking, Wiping hands","Wiping hands, Reading","Reading, Pouring",A,user19
training_2191,HAU,HAU/user19/7-2-2,combination,Which combination of actions is performed in this video?,"Washing dishes, Drinking, Checking body temperature, Wiping surface, Grabbing utensils, Stretching, Stirring, Standing up","Checking body temperature, Pouring, Peeling fruit, Playing games, Grabbing utensils, Walking, Jumping jacks, Mopping","Drinking, Wiping surface, Mopping, Pouring, Stirring, Sweeping, Eating, Walking","Eating, Standing up, Jumping jacks, Playing games, Stretching, Peeling fruit, Sweeping, Washing dishes",C,user19
training_2192,HAU,HAU/user19/7-2-3,combination,Which combination of actions is performed in this video?,"Checking the time, Playing games","Wiping surface, Drinking","Playing games, Drinking","Wiping surface, Checking the time",B,user19
training_2193,HAU,HAU/user20/1-1-1,combination,Which combination of actions is performed in this video?,"Checking the time, Wiping surface","Stirring, Combing hair","Checking the time, Combing hair","Stirring, Wiping surface",C,user20
training_2194,HAU,HAU/user20/1-1-2,combination,Which combination of actions is performed in this video?,"Combing hair, Running","Running, Stirring","Checking the time, Combing hair","Checking the time, Stirring",C,user20
training_2195,HAU,HAU/user20/1-1-3,combination,Which combination of actions is performed in this video?,"Turning a page, Combing hair","Turning a page, Watching TV","Watching TV, Checking the time","Combing hair, Checking the time",D,user20
training_2196,HAU,HAU/user20/1-2-1,combination,Which combination of actions is performed in this video?,"Stretching, Walking, Squats, Lunges","Washing face, Eating, Walking, Reading","Checking body temperature, Eating, Stretching, Washing face","Lunges, Squats, Checking body temperature, Reading",A,user20
training_2197,HAU,HAU/user20/1-2-2,combination,Which combination of actions is performed in this video?,"Squats, Sitting down","Squats, Walking","Typing on a keyboard, Walking","Sitting down, Typing on a keyboard",B,user20
training_2198,HAU,HAU/user20/1-2-3,combination,Which combination of actions is performed in this video?,"Stretching, Writing, Mopping, Massaging oneself","Lunges, Squats, Walking, Stretching","Mopping, Walking, Massaging oneself, Jumping jacks","Writing, Jumping jacks, Lunges, Squats",B,user20
training_2199,HAU,HAU/user20/2-1-1,combination,Which combination of actions is performed in this video?,"Drinking, Sweeping, Checking the time, Using a phone","Grabbing utensils, Eating, Sweeping, Drinking","Using a phone, Washing face, Grabbing utensils, Stirring","Eating, Washing face, Checking the time, Stirring",B,user20
training_2200,HAU,HAU/user20/2-1-2,combination,Which combination of actions is performed in this video?,"Sweeping, Folding clothes, Mopping","Drinking, Sweeping, Walking","Walking, Folding clothes, Massaging oneself","Drinking, Massaging oneself, Mopping",B,user20
training_2201,HAU,HAU/user20/2-1-3,combination,Which combination of actions is performed in this video?,"Turning a page, Calling","Pouring, Mopping","Mopping, Turning a page","Pouring, Calling",B,user20
training_2202,HAU,HAU/user20/2-2-1,combination,Which combination of actions is performed in this video?,"Walking, Taking a selfie","Watching TV, Taking a selfie","Checking the time, Watching TV","Walking, Checking the time",D,user20
training_2203,HAU,HAU/user20/2-2-2,combination,Which combination of actions is performed in this video?,"Checking the time, Walking, Typing on a keyboard","Checking the time, Sitting down, Taking medicine","Grabbing utensils, Walking, Sitting down","Taking medicine, Grabbing utensils, Typing on a keyboard",A,user20
training_2204,HAU,HAU/user20/2-2-3,combination,Which combination of actions is performed in this video?,"Typing on a keyboard, Sitting down, Checking the time, Walking","Peeling fruit, Writing, Checking the time, Reading","Typing on a keyboard, Writing, Peeling fruit, Eating","Eating, Walking, Reading, Sitting down",A,user20
training_2205,HAU,HAU/user20/3-1-1,combination,Which combination of actions is performed in this video?,"Washing dishes, Pouring, Stirring","Combing hair, Stirring, Eating","Squats, Pouring, Eating","Squats, Combing hair, Washing dishes",A,user20
training_2206,HAU,HAU/user20/3-1-2,combination,Which combination of actions is performed in this video?,"Watching TV, Lying down","Washing dishes, Watching TV","Eating, Lying down","Eating, Washing dishes",D,user20
training_2207,HAU,HAU/user20/3-1-3,combination,Which combination of actions is performed in this video?,"Getting dressed, Peeling fruit, Stirring","Getting dressed, Listening to the music with headphones, Pouring","Eating, Pouring, Stirring","Eating, Peeling fruit, Listening to the music with headphones",C,user20
training_2208,HAU,HAU/user20/3-2-1,combination,Which combination of actions is performed in this video?,"Using a phone, Standing up, Sweeping","Standing up, Mopping, Combing hair","Wiping surface, Using a phone, Combing hair","Sweeping, Wiping surface, Mopping",D,user20
training_2209,HAU,HAU/user20/3-2-2,combination,Which combination of actions is performed in this video?,"Running, Mopping","Sweeping, Stretching","Stretching, Running","Sweeping, Mopping",D,user20
training_2210,HAU,HAU/user20/3-2-3,combination,Which combination of actions is performed in this video?,"Massaging oneself, Washing dishes","Washing dishes, Sweeping","Wiping surface, Massaging oneself","Sweeping, Wiping surface",D,user20
training_2211,HAU,HAU/user20/4-1-1,combination,Which combination of actions is performed in this video?,"Playing games, Drinking, Typing on a keyboard","Turning a page, Stretching, Playing games","Typing on a keyboard, Checking the time, Stretching","Checking the time, Turning a page, Drinking",D,user20
training_2212,HAU,HAU/user20/4-1-2,combination,Which combination of actions is performed in this video?,"Using a phone, Typing on a keyboard, Checking the time, Reading, Drinking","Jumping jacks, Taking medicine, Writing, Using a phone, Reading","Folding clothes, Checking body temperature, Typing on a keyboard, Taking medicine, Writing","Folding clothes, Checking body temperature, Checking the time, Drinking, Jumping jacks",A,user20
training_2213,HAU,HAU/user20/4-1-3,combination,Which combination of actions is performed in this video?,"Using a phone, Turning a page, Typing on a keyboard, Drinking, Reading, Checking the time","Taking medicine, Combing hair, Calling, Drinking, Taking a selfie, Using a phone","Turning a page, Checking the time, Combing hair, Standing up, Folding clothes, Calling","Typing on a keyboard, Taking a selfie, Folding clothes, Reading, Taking medicine, Standing up",A,user20
training_2214,HAU,HAU/user20/4-2-1,combination,Which combination of actions is performed in this video?,"Reading, Washing face, Folding clothes, Lunges","Combing hair, Walking, Brushing teeth, Washing face","Combing hair, Brushing teeth, Massaging oneself, Lunges","Walking, Massaging oneself, Reading, Folding clothes",B,user20
training_2215,HAU,HAU/user20/4-2-2,combination,Which combination of actions is performed in this video?,"Wiping hands, Checking the time, Massaging oneself, Washing face","Wiping hands, Checking body temperature, Walking, Brushing teeth","Checking body temperature, Checking the time, Massaging oneself, Combing hair","Washing face, Combing hair, Brushing teeth, Walking",D,user20
training_2216,HAU,HAU/user20/4-2-3,combination,Which combination of actions is performed in this video?,"Brushing teeth, Combing hair, Walking","Walking, Checking body temperature, Typing on a keyboard","Typing on a keyboard, Brushing teeth, Reading","Checking body temperature, Reading, Combing hair",A,user20
training_2217,HAU,HAU/user20/5-1-1,combination,Which combination of actions is performed in this video?,"Grabbing utensils, Typing on a keyboard, Pouring","Calling, Mopping, Pouring","Running, Typing on a keyboard, Mopping","Grabbing utensils, Calling, Running",A,user20
training_2218,HAU,HAU/user20/5-1-2,combination,Which combination of actions is performed in this video?,"Taking a selfie, Typing on a keyboard","Taking medicine, Stirring","Stirring, Typing on a keyboard","Taking medicine, Taking a selfie",C,user20
training_2219,HAU,HAU/user20/5-1-3,combination,Which combination of actions is performed in this video?,"Stirring, Grabbing utensils","Taking medicine, Turning a page","Grabbing utensils, Taking medicine","Turning a page, Stirring",A,user20
training_2220,HAU,HAU/user20/6-1-1,combination,Which combination of actions is performed in this video?,"Jumping jacks, Getting dressed","Checking body temperature, Squats","Getting dressed, Checking body temperature","Squats, Jumping jacks",D,user20
training_2221,HAU,HAU/user20/6-1-2,combination,Which combination of actions is performed in this video?,"Squats, Jumping jacks","Calling, Squats","Jumping jacks, Stirring","Stirring, Calling",A,user20
training_2222,HAU,HAU/user20/6-1-3,combination,Which combination of actions is performed in this video?,"Sweeping, Squats","Jumping jacks, Squats","Sweeping, Turning a page","Jumping jacks, Turning a page",B,user20
training_2223,HAU,HAU/user20/6-2-1,combination,Which combination of actions is performed in this video?,"Taking a selfie, Getting dressed","Wiping hands, Getting dressed","Taking a selfie, Massaging oneself","Wiping hands, Massaging oneself",D,user20
training_2224,HAU,HAU/user20/6-2-2,combination,Which combination of actions is performed in this video?,"Lying down, Peeling fruit","Wiping hands, Massaging oneself","Lying down, Massaging oneself","Wiping hands, Peeling fruit",B,user20
training_2225,HAU,HAU/user20/6-2-3,combination,Which combination of actions is performed in this video?,"Wiping hands, Massaging oneself","Wiping hands, Folding clothes","Massaging oneself, Lunges","Lunges, Folding clothes",A,user20
training_2226,HAU,HAU/user20/6-3-1,combination,Which combination of actions is performed in this video?,"Sitting down, Grabbing utensils, Eating, Wiping hands, Stirring, Listening to the music with headphones","Drinking, Peeling fruit, Eating, Wiping hands, Walking, Pouring","Sitting down, Standing up, Drinking, Peeling fruit, Grabbing utensils, Mopping","Pouring, Walking, Stirring, Standing up, Listening to the music with headphones, Mopping",D,user20
training_2227,HAU,HAU/user20/6-3-2,combination,Which combination of actions is performed in this video?,"Sitting down, Squats, Mopping, Typing on a keyboard","Walking, Lunges, Squats, Pouring","Pouring, Walking, Mopping, Standing up","Lunges, Standing up, Sitting down, Typing on a keyboard",C,user20
training_2228,HAU,HAU/user20/6-3-3,combination,Which combination of actions is performed in this video?,"Massaging oneself, Playing games","Playing games, Mopping","Stirring, Massaging oneself","Stirring, Mopping",D,user20
training_2229,HAU,HAU/user20/7-1-1,combination,Which combination of actions is performed in this video?,"Stirring, Peeling fruit, Playing games, Pouring, Grabbing utensils","Drinking, Undressing, Playing games, Peeling fruit, Taking medicine","Eating, Pouring, Taking medicine, Undressing, Massaging oneself","Stirring, Drinking, Massaging oneself, Grabbing utensils, Eating",D,user20
training_2230,HAU,HAU/user20/7-1-2,combination,Which combination of actions is performed in this video?,"Grabbing utensils, Stirring, Massaging oneself, Drinking, Taking medicine, Eating, Pouring","Drinking, Typing on a keyboard, Taking a selfie, Lying down, Calling, Taking medicine, Brushing teeth","Typing on a keyboard, Peeling fruit, Squats, Calling, Grabbing utensils, Pouring, Taking a selfie","Peeling fruit, Eating, Lying down, Squats, Massaging oneself, Brushing teeth, Stirring",A,user20
training_2231,HAU,HAU/user20/7-1-3,combination,Which combination of actions is performed in this video?,"Checking the time, Eating, Massaging oneself, Drinking, Mopping, Peeling fruit","Checking the time, Listening to the music with headphones, Typing on a keyboard, Grabbing utensils, Pouring, Peeling fruit","Massaging oneself, Eating, Taking medicine, Stirring, Pouring, Grabbing utensils","Mopping, Drinking, Listening to the music with headphones, Stirring, Typing on a keyboard, Taking medicine",C,user20
training_2232,HAU,HAU/user20/7-2-1,combination,Which combination of actions is performed in this video?,"Playing games, Brushing teeth","Brushing teeth, Walking","Walking, Taking a selfie","Taking a selfie, Playing games",C,user20
training_2233,HAU,HAU/user20/7-2-2,combination,Which combination of actions is performed in this video?,"Taking a selfie, Walking","Wiping hands, Taking a selfie","Washing dishes, Walking","Wiping hands, Washing dishes",A,user20
training_2234,HAU,HAU/user20/7-2-3,combination,Which combination of actions is performed in this video?,"Calling, Using a phone","Walking, Calling","Walking, Taking a selfie","Using a phone, Taking a selfie",C,user20
training_2235,HAU,HAU/user21/1-1-1,combination,Which combination of actions is performed in this video?,"Stirring, Calling","Wiping hands, Calling","Stirring, Walking","Walking, Wiping hands",D,user21
training_2236,HAU,HAU/user21/1-1-2,combination,Which combination of actions is performed in this video?,"Eating, Walking","Lying down, Eating","Walking, Wiping hands","Wiping hands, Lying down",C,user21
training_2237,HAU,HAU/user21/1-1-3,combination,Which combination of actions is performed in this video?,"Washing face, Folding clothes","Walking, Washing face","Playing games, Folding clothes","Playing games, Walking",B,user21
training_2238,HAU,HAU/user21/1-2-1,combination,Which combination of actions is performed in this video?,"Walking, Using a phone, Listening to the music with headphones","Running, Using a phone, Playing games","Playing games, Stretching, Walking","Running, Stretching, Listening to the music with headphones",A,user21
training_2239,HAU,HAU/user21/1-2-2,combination,Which combination of actions is performed in this video?,"Listening to the music with headphones, Jumping jacks, Reading","Walking, Using a phone, Listening to the music with headphones","Getting dressed, Jumping jacks, Using a phone","Getting dressed, Reading, Walking",B,user21
training_2240,HAU,HAU/user21/1-2-3,combination,Which combination of actions is performed in this video?,"Listening to the music with headphones, Checking the time, Eating","Walking, Checking the time, Getting dressed","Walking, Using a phone, Listening to the music with headphones","Using a phone, Eating, Getting dressed",C,user21
training_2241,HAU,HAU/user21/2-1-1,combination,Which combination of actions is performed in this video?,"Walking, Stretching, Mopping","Stretching, Jumping jacks, Grabbing utensils","Walking, Sweeping, Jumping jacks","Grabbing utensils, Sweeping, Mopping",D,user21
training_2242,HAU,HAU/user21/2-1-2,combination,Which combination of actions is performed in this video?,"Combing hair, Sweeping","Reading, Combing hair","Grabbing utensils, Sweeping","Reading, Grabbing utensils",C,user21
training_2243,HAU,HAU/user21/2-1-3,combination,Which combination of actions is performed in this video?,"Sweeping, Squats","Mopping, Playing games","Squats, Playing games","Sweeping, Mopping",D,user21
training_2244,HAU,HAU/user21/2-2-1,combination,Which combination of actions is performed in this video?,"Typing on a keyboard, Reading, Mopping","Typing on a keyboard, Walking, Turning a page","Reading, Checking the time, Walking","Checking the time, Mopping, Turning a page",C,user21
training_2245,HAU,HAU/user21/2-2-2,combination,Which combination of actions is performed in this video?,"Reading, Checking body temperature, Standing up, Lunges, Washing dishes","Lunges, Checking body temperature, Watching TV, Undressing, Walking","Checking the time, Standing up, Turning a page, Walking, Reading","Watching TV, Washing dishes, Checking the time, Undressing, Turning a page",C,user21
training_2246,HAU,HAU/user21/2-2-3,combination,Which combination of actions is performed in this video?,"Walking, Drinking, Turning a page","Wiping surface, Drinking, Standing up","Checking the time, Walking, Standing up","Checking the time, Turning a page, Wiping surface",C,user21
training_2247,HAU,HAU/user21/3-1-1,combination,Which combination of actions is performed in this video?,"Grabbing utensils, Watching TV","Taking medicine, Watching TV","Peeling fruit, Grabbing utensils","Peeling fruit, Taking medicine",C,user21
training_2248,HAU,HAU/user21/3-1-2,combination,Which combination of actions is performed in this video?,"Running, Wiping hands","Grabbing utensils, Wiping hands","Running, Peeling fruit","Grabbing utensils, Peeling fruit",D,user21
training_2249,HAU,HAU/user21/3-1-3,combination,Which combination of actions is performed in this video?,"Folding clothes, Brushing teeth","Peeling fruit, Grabbing utensils","Brushing teeth, Peeling fruit","Grabbing utensils, Folding clothes",B,user21
training_2250,HAU,HAU/user21/3-2-1,combination,Which combination of actions is performed in this video?,"Walking, Squats, Massaging oneself, Jumping jacks, Checking body temperature","Turning a page, Typing on a keyboard, Walking, Checking body temperature, Drinking","Massaging oneself, Squats, Getting dressed, Typing on a keyboard, Listening to the music with headphones","Getting dressed, Drinking, Turning a page, Jumping jacks, Listening to the music with headphones",A,user21
training_2251,HAU,HAU/user21/3-2-2,combination,Which combination of actions is performed in this video?,"Massaging oneself, Eating, Peeling fruit","Peeling fruit, Listening to the music with headphones, Jumping jacks","Massaging oneself, Jumping jacks, Walking","Eating, Listening to the music with headphones, Walking",C,user21
training_2252,HAU,HAU/user21/3-2-3,combination,Which combination of actions is performed in this video?,"Squats, Calling, Drinking, Walking","Jumping jacks, Checking body temperature, Squats, Massaging oneself","Drinking, Jumping jacks, Pouring, Massaging oneself","Pouring, Calling, Walking, Checking body temperature",B,user21
training_2253,HAU,HAU/user21/4-1-1,combination,Which combination of actions is performed in this video?,"Massaging oneself, Listening to the music with headphones, Washing dishes, Standing up","Squats, Using a phone, Washing dishes, Walking","Listening to the music with headphones, Massaging oneself, Squats, Calling","Using a phone, Walking, Standing up, Calling",D,user21
training_2254,HAU,HAU/user21/4-1-2,combination,Which combination of actions is performed in this video?,"Using a phone, Turning a page","Calling, Jumping jacks","Turning a page, Jumping jacks","Calling, Using a phone",D,user21
training_2255,HAU,HAU/user21/4-1-3,combination,Which combination of actions is performed in this video?,"Massaging oneself, Using a phone","Using a phone, Calling","Massaging oneself, Combing hair","Calling, Combing hair",B,user21
training_2256,HAU,HAU/user21/4-2-1,combination,Which combination of actions is performed in this video?,"Typing on a keyboard, Washing face, Stirring","Sitting down, Combing hair, Stirring","Brushing teeth, Combing hair, Washing face","Typing on a keyboard, Brushing teeth, Sitting down",C,user21
training_2257,HAU,HAU/user21/4-2-2,combination,Which combination of actions is performed in this video?,"Undressing, Combing hair","Washing face, Brushing teeth","Undressing, Taking medicine","Taking medicine, Brushing teeth",B,user21
training_2258,HAU,HAU/user21/4-2-3,combination,Which combination of actions is performed in this video?,"Taking a selfie, Turning a page, Washing face","Using a phone, Taking a selfie, Brushing teeth","Using a phone, Combing hair, Turning a page","Washing face, Brushing teeth, Combing hair",D,user21
training_2259,HAU,HAU/user21/5-1-1,combination,Which combination of actions is performed in this video?,"Taking a selfie, Grabbing utensils","Grabbing utensils, Running","Walking, Taking a selfie","Running, Walking",C,user21
training_2260,HAU,HAU/user21/5-1-2,combination,Which combination of actions is performed in this video?,"Mopping, Combing hair","Combing hair, Walking","Taking a selfie, Walking","Taking a selfie, Mopping",C,user21
training_2261,HAU,HAU/user21/5-1-3,combination,Which combination of actions is performed in this video?,"Reading, Taking a selfie","Walking, Taking a selfie","Massaging oneself, Reading","Massaging oneself, Walking",B,user21
training_2262,HAU,HAU/user21/5-2-1,combination,Which combination of actions is performed in this video?,"Washing face, Stretching","Washing face, Peeling fruit","Stretching, Using a phone","Peeling fruit, Using a phone",D,user21
training_2263,HAU,HAU/user21/5-2-2,combination,Which combination of actions is performed in this video?,"Squats, Walking, Pouring, Washing dishes","Walking, Peeling fruit, Using a phone, Listening to the music with headphones","Getting dressed, Using a phone, Pouring, Squats","Getting dressed, Washing dishes, Listening to the music with headphones, Peeling fruit",B,user21
training_2264,HAU,HAU/user21/5-2-3,combination,Which combination of actions is performed in this video?,"Walking, Using a phone","Typing on a keyboard, Watching TV","Typing on a keyboard, Walking","Watching TV, Using a phone",A,user21
training_2265,HAU,HAU/user21/6-1-1,combination,Which combination of actions is performed in this video?,"Checking body temperature, Getting dressed","Checking body temperature, Calling","Getting dressed, Typing on a keyboard","Calling, Typing on a keyboard",A,user21
training_2266,HAU,HAU/user21/6-1-2,combination,Which combination of actions is performed in this video?,"Using a phone, Standing up","Standing up, Getting dressed","Getting dressed, Checking body temperature","Checking body temperature, Using a phone",C,user21
training_2267,HAU,HAU/user21/6-1-3,combination,Which combination of actions is performed in this video?,"Writing, Typing on a keyboard","Writing, Checking body temperature","Checking body temperature, Getting dressed","Typing on a keyboard, Getting dressed",C,user21
training_2268,HAU,HAU/user21/6-2-1,combination,Which combination of actions is performed in this video?,"Standing up, Checking the time, Walking","Calling, Standing up, Drinking","Checking the time, Drinking, Pouring","Pouring, Walking, Calling",C,user21
training_2269,HAU,HAU/user21/6-2-2,combination,Which combination of actions is performed in this video?,"Lunges, Checking body temperature, Drinking","Checking the time, Checking body temperature, Getting dressed","Getting dressed, Lunges, Walking","Checking the time, Drinking, Walking",D,user21
training_2270,HAU,HAU/user21/6-2-3,combination,Which combination of actions is performed in this video?,"Drinking, Massaging oneself","Taking a selfie, Massaging oneself","Taking a selfie, Walking","Drinking, Walking",D,user21
training_2271,HAU,HAU/user21/7-1-1,combination,Which combination of actions is performed in this video?,"Grabbing utensils, Eating, Drinking","Grabbing utensils, Undressing, Running","Drinking, Undressing, Taking medicine","Eating, Taking medicine, Running",A,user21
training_2272,HAU,HAU/user21/7-1-2,combination,Which combination of actions is performed in this video?,"Getting dressed, Reading","Getting dressed, Massaging oneself","Grabbing utensils, Reading","Massaging oneself, Grabbing utensils",D,user21
training_2273,HAU,HAU/user21/7-1-3,combination,Which combination of actions is performed in this video?,"Eating, Grabbing utensils, Taking medicine, Listening to the music with headphones","Stirring, Sitting down, Drinking, Listening to the music with headphones","Massaging oneself, Sitting down, Stirring, Grabbing utensils","Taking medicine, Eating, Drinking, Massaging oneself",D,user21
training_2274,HAU,HAU/user21/7-2-1,combination,Which combination of actions is performed in this video?,"Wiping hands, Massaging oneself","Massaging oneself, Squats","Wiping hands, Sitting down","Sitting down, Squats",A,user21
training_2275,HAU,HAU/user21/7-2-2,combination,Which combination of actions is performed in this video?,"Peeling fruit, Watching TV","Massaging oneself, Peeling fruit","Wiping hands, Watching TV","Massaging oneself, Wiping hands",D,user21
training_2276,HAU,HAU/user21/7-2-3,combination,Which combination of actions is performed in this video?,"Playing games, Walking","Wiping hands, Massaging oneself","Massaging oneself, Playing games","Wiping hands, Walking",B,user21
training_2326,HAU,HAU/user23/1-1-1,combination,Which combination of actions is performed in this video?,"Eating, Walking, Brushing teeth","Taking medicine, Walking, Wiping hands","Wiping hands, Brushing teeth, Washing face","Taking medicine, Washing face, Eating",C,user23
training_2327,HAU,HAU/user23/1-1-2,combination,Which combination of actions is performed in this video?,"Brushing teeth, Peeling fruit, Lunges","Wiping hands, Lunges, Playing games","Brushing teeth, Wiping hands, Washing face","Peeling fruit, Playing games, Washing face",C,user23
training_2328,HAU,HAU/user23/1-1-3,combination,Which combination of actions is performed in this video?,"Watching TV, Wiping hands, Checking body temperature","Checking body temperature, Washing face, Jumping jacks","Washing face, Wiping hands, Brushing teeth","Brushing teeth, Jumping jacks, Watching TV",C,user23
training_2329,HAU,HAU/user23/1-2-1,combination,Which combination of actions is performed in this video?,"Lunges, Squats","Standing up, Grabbing utensils","Lunges, Standing up","Grabbing utensils, Squats",A,user23
training_2330,HAU,HAU/user23/1-2-2,combination,Which combination of actions is performed in this video?,"Lying down, Squats","Lying down, Sitting down","Sitting down, Lunges","Squats, Lunges",D,user23
training_2331,HAU,HAU/user23/1-2-3,combination,Which combination of actions is performed in this video?,"Walking, Checking body temperature","Squats, Walking","Lunges, Squats","Checking body temperature, Lunges",C,user23
training_2332,HAU,HAU/user23/2-1-1,combination,Which combination of actions is performed in this video?,"Grabbing utensils, Peeling fruit","Peeling fruit, Undressing","Running, Undressing","Grabbing utensils, Running",A,user23
training_2333,HAU,HAU/user23/2-1-2,combination,Which combination of actions is performed in this video?,"Grabbing utensils, Mopping","Mopping, Wiping surface","Wiping surface, Peeling fruit","Peeling fruit, Grabbing utensils",D,user23
training_2334,HAU,HAU/user23/2-1-3,combination,Which combination of actions is performed in this video?,"Jumping jacks, Grabbing utensils","Using a phone, Peeling fruit","Grabbing utensils, Peeling fruit","Jumping jacks, Using a phone",C,user23
training_2335,HAU,HAU/user23/2-2-1,combination,Which combination of actions is performed in this video?,"Combing hair, Jumping jacks","Eating, Jumping jacks","Eating, Walking","Walking, Combing hair",D,user23
training_2336,HAU,HAU/user23/2-2-2,combination,Which combination of actions is performed in this video?,"Watching TV, Pouring, Combing hair","Walking, Watching TV, Using a phone","Massaging oneself, Walking, Combing hair","Using a phone, Massaging oneself, Pouring",C,user23
training_2337,HAU,HAU/user23/2-2-3,combination,Which combination of actions is performed in this video?,"Folding clothes, Jumping jacks","Massaging oneself, Combing hair","Combing hair, Jumping jacks","Folding clothes, Massaging oneself",B,user23
training_2338,HAU,HAU/user23/2-3-1,combination,Which combination of actions is performed in this video?,"Walking, Stirring, Eating","Sitting down, Eating, Massaging oneself","Squats, Walking, Massaging oneself","Squats, Sitting down, Stirring",A,user23
training_2339,HAU,HAU/user23/2-3-2,combination,Which combination of actions is performed in this video?,"Sweeping, Sitting down","Sweeping, Stirring","Eating, Sitting down","Eating, Stirring",D,user23
training_2340,HAU,HAU/user23/2-3-3,combination,Which combination of actions is performed in this video?,"Pouring, Sweeping, Eating","Walking, Running, Pouring","Eating, Walking, Stirring","Stirring, Running, Sweeping",C,user23
training_2341,HAU,HAU/user23/3-2-1,combination,Which combination of actions is performed in this video?,"Lunges, Mopping, Taking a selfie, Walking","Sitting down, Lunges, Running, Drinking","Running, Sweeping, Drinking, Mopping","Walking, Taking a selfie, Sitting down, Sweeping",D,user23
training_2342,HAU,HAU/user23/3-2-2,combination,Which combination of actions is performed in this video?,"Running, Taking a selfie, Sweeping","Sweeping, Brushing teeth, Sitting down","Taking a selfie, Brushing teeth, Standing up","Standing up, Sitting down, Running",A,user23
training_2343,HAU,HAU/user23/3-2-3,combination,Which combination of actions is performed in this video?,"Running, Squats, Pouring","Sitting down, Pouring, Sweeping","Sitting down, Squats, Taking a selfie","Taking a selfie, Sweeping, Running",D,user23
training_2344,HAU,HAU/user23/4-1-1,combination,Which combination of actions is performed in this video?,"Writing, Reading","Checking body temperature, Getting dressed","Writing, Getting dressed","Checking body temperature, Reading",A,user23
training_2345,HAU,HAU/user23/4-1-2,combination,Which combination of actions is performed in this video?,"Stretching, Writing","Stretching, Walking","Walking, Reading","Reading, Writing",D,user23
training_2346,HAU,HAU/user23/4-1-3,combination,Which combination of actions is performed in this video?,"Taking a selfie, Reading","Reading, Writing","Stretching, Taking a selfie","Writing, Stretching",B,user23
training_2347,HAU,HAU/user23/4-2-1,combination,Which combination of actions is performed in this video?,"Pouring, Taking a selfie","Taking a selfie, Walking","Brushing teeth, Pouring","Walking, Brushing teeth",B,user23
training_2348,HAU,HAU/user23/4-2-2,combination,Which combination of actions is performed in this video?,"Reading, Washing dishes, Calling","Washing dishes, Washing face, Walking","Taking a selfie, Reading, Washing face","Calling, Walking, Taking a selfie",D,user23
training_2349,HAU,HAU/user23/4-2-3,combination,Which combination of actions is performed in this video?,"Calling, Walking, Taking a selfie","Washing dishes, Taking a selfie, Listening to the music with headphones","Undressing, Listening to the music with headphones, Calling","Walking, Washing dishes, Undressing",A,user23
training_2350,HAU,HAU/user23/4-3-1,combination,Which combination of actions is performed in this video?,"Combing hair, Folding clothes","Undressing, Folding clothes","Massaging oneself, Undressing","Massaging oneself, Combing hair",B,user23
training_2351,HAU,HAU/user23/4-3-2,combination,Which combination of actions is performed in this video?,"Lying down, Massaging oneself","Folding clothes, Lying down","Getting dressed, Folding clothes","Getting dressed, Massaging oneself",C,user23
training_2352,HAU,HAU/user23/4-3-3,combination,Which combination of actions is performed in this video?,"Undressing, Lying down, Drinking","Getting dressed, Undressing, Folding clothes","Massaging oneself, Lying down, Folding clothes","Massaging oneself, Drinking, Getting dressed",B,user23
training_2353,HAU,HAU/user23/5-1-1,combination,Which combination of actions is performed in this video?,"Typing on a keyboard, Brushing teeth","Listening to the music with headphones, Brushing teeth","Listening to the music with headphones, Playing games","Typing on a keyboard, Playing games",C,user23
training_2354,HAU,HAU/user23/5-1-2,combination,Which combination of actions is performed in this video?,"Drinking, Taking a selfie","Drinking, Listening to the music with headphones","Listening to the music with headphones, Playing games","Taking a selfie, Playing games",C,user23
training_2355,HAU,HAU/user23/5-1-3,combination,Which combination of actions is performed in this video?,"Undressing, Sitting down","Undressing, Playing games","Listening to the music with headphones, Playing games","Listening to the music with headphones, Sitting down",C,user23
training_2356,HAU,HAU/user23/5-2-1,combination,Which combination of actions is performed in this video?,"Getting dressed, Sweeping","Undressing, Lunges","Getting dressed, Undressing","Sweeping, Lunges",C,user23
training_2357,HAU,HAU/user23/5-2-2,combination,Which combination of actions is performed in this video?,"Getting dressed, Undressing","Peeling fruit, Lying down","Lying down, Getting dressed","Peeling fruit, Undressing",A,user23
training_2358,HAU,HAU/user23/5-2-3,combination,Which combination of actions is performed in this video?,"Massaging oneself, Stretching","Stretching, Undressing","Massaging oneself, Getting dressed","Getting dressed, Undressing",D,user23
training_2359,HAU,HAU/user23/5-3-2,combination,Which combination of actions is performed in this video?,"Walking, Stretching","Walking, Standing up","Stirring, Stretching","Writing, Folding clothes",B,user23
training_2360,HAU,HAU/user23/5-3-3,combination,Which combination of actions is performed in this video?,"Grabbing utensils, Sitting down, Wiping hands, Stirring, Lunges","Stirring, Walking, Lunges, Drinking, Standing up","Standing up, Sitting down, Squats, Wiping hands, Jumping jacks","Squats, Jumping jacks, Drinking, Grabbing utensils, Walking",B,user23
training_2361,HAU,HAU/user23/6-1-1,combination,Which combination of actions is performed in this video?,"Squats, Standing up, Stirring","Stretching, Taking medicine, Stirring","Squats, Running, Taking medicine","Running, Stretching, Standing up",D,user23
training_2362,HAU,HAU/user23/6-1-2,combination,Which combination of actions is performed in this video?,"Running, Undressing, Taking a selfie","Taking a selfie, Squats, Standing up","Undressing, Stretching, Squats","Stretching, Running, Standing up",D,user23
training_2363,HAU,HAU/user23/6-1-3,combination,Which combination of actions is performed in this video?,"Calling, Stretching","Calling, Drinking","Standing up, Drinking","Stretching, Standing up",D,user23
training_2364,HAU,HAU/user23/7-1-1,combination,Which combination of actions is performed in this video?,"Checking body temperature, Massaging oneself, Standing up, Wiping hands","Typing on a keyboard, Checking body temperature, Taking medicine, Peeling fruit","Standing up, Massaging oneself, Writing, Taking medicine","Writing, Peeling fruit, Typing on a keyboard, Wiping hands",C,user23
training_2365,HAU,HAU/user23/7-1-2,combination,Which combination of actions is performed in this video?,"Eating, Writing, Typing on a keyboard, Grabbing utensils","Grabbing utensils, Standing up, Using a phone, Massaging oneself","Eating, Using a phone, Taking medicine, Typing on a keyboard","Standing up, Massaging oneself, Taking medicine, Writing",D,user23
training_2366,HAU,HAU/user23/7-1-3,combination,Which combination of actions is performed in this video?,"Jumping jacks, Taking medicine, Watching TV, Standing up","Watching TV, Drinking, Typing on a keyboard, Writing","Writing, Massaging oneself, Taking medicine, Standing up","Massaging oneself, Jumping jacks, Drinking, Typing on a keyboard",C,user23
training_2367,HAU,HAU/user23/7-2-1,combination,Which combination of actions is performed in this video?,"Taking medicine, Checking body temperature","Drinking, Checking body temperature","Lunges, Drinking","Taking medicine, Lunges",A,user23
training_2368,HAU,HAU/user23/7-2-2,combination,Which combination of actions is performed in this video?,"Eating, Taking medicine","Sweeping, Eating","Sweeping, Checking body temperature","Taking medicine, Checking body temperature",D,user23
training_2369,HAU,HAU/user23/7-2-3,combination,Which combination of actions is performed in this video?,"Massaging oneself, Checking body temperature","Sitting down, Massaging oneself","Sitting down, Taking medicine","Checking body temperature, Taking medicine",D,user23
training_2370,HAU,HAU/user23/7-3-1,combination,Which combination of actions is performed in this video?,"Eating, Stirring, Standing up, Stretching","Walking, Standing up, Using a phone, Sitting down","Walking, Using a phone, Drinking, Stretching","Drinking, Stirring, Eating, Sitting down",B,user23
training_2371,HAU,HAU/user23/7-3-2,combination,Which combination of actions is performed in this video?,"Using a phone, Checking the time, Stirring","Massaging oneself, Checking the time, Standing up","Massaging oneself, Stirring, Stretching","Stretching, Standing up, Using a phone",D,user23
training_2372,HAU,HAU/user23/7-3-3,combination,Which combination of actions is performed in this video?,"Combing hair, Brushing teeth","Using a phone, Combing hair","Using a phone, Stretching","Brushing teeth, Stretching",C,user23
training_2373,HAU,HAU/user24/1-2-1,combination,Which combination of actions is performed in this video?,"Turning a page, Getting dressed","Sitting down, Turning a page","Brushing teeth, Sitting down","Getting dressed, Brushing teeth",B,user24
training_2374,HAU,HAU/user24/1-2-2,combination,Which combination of actions is performed in this video?,"Walking, Stretching, Washing face, Undressing, Sitting down","Reading, Sitting down, Walking, Turning a page, Writing","Mopping, Washing face, Reading, Typing on a keyboard, Stretching","Mopping, Writing, Turning a page, Typing on a keyboard, Undressing",B,user24
training_2375,HAU,HAU/user24/1-2-3,combination,Which combination of actions is performed in this video?,"Turning a page, Pouring","Turning a page, Typing on a keyboard","Undressing, Typing on a keyboard","Undressing, Pouring",B,user24
training_2376,HAU,HAU/user24/2-1-1,combination,Which combination of actions is performed in this video?,"Eating, Checking the time","Massaging oneself, Checking the time","Massaging oneself, Peeling fruit","Eating, Peeling fruit",D,user24
training_2377,HAU,HAU/user24/2-1-2,combination,Which combination of actions is performed in this video?,"Eating, Lunges","Drinking, Combing hair","Lunges, Combing hair","Eating, Drinking",D,user24
training_2378,HAU,HAU/user24/2-1-3,combination,Which combination of actions is performed in this video?,"Playing games, Folding clothes, Peeling fruit","Playing games, Eating, Grabbing utensils","Folding clothes, Grabbing utensils, Drinking","Drinking, Eating, Peeling fruit",D,user24
training_2379,HAU,HAU/user24/2-2-1,combination,Which combination of actions is performed in this video?,"Eating, Reading","Lying down, Reading","Lying down, Watching TV","Watching TV, Eating",C,user24
training_2380,HAU,HAU/user24/2-2-2,combination,Which combination of actions is performed in this video?,"Turning a page, Walking","Lying down, Walking","Watching TV, Turning a page","Lying down, Watching TV",D,user24
training_2381,HAU,HAU/user24/2-2-3,combination,Which combination of actions is performed in this video?,"Playing games, Watching TV","Playing games, Writing","Lying down, Watching TV","Lying down, Writing",C,user24
training_2382,HAU,HAU/user24/3-2-1,combination,Which combination of actions is performed in this video?,"Walking, Running, Typing on a keyboard, Calling","Stretching, Calling, Brushing teeth, Undressing","Running, Brushing teeth, Pouring, Walking","Typing on a keyboard, Pouring, Stretching, Undressing",A,user24
training_2383,HAU,HAU/user24/3-2-2,combination,Which combination of actions is performed in this video?,"Standing up, Turning a page","Running, Standing up","Walking, Running","Turning a page, Walking",C,user24
training_2384,HAU,HAU/user24/3-2-3,combination,Which combination of actions is performed in this video?,"Playing games, Running","Running, Calling","Taking a selfie, Playing games","Calling, Taking a selfie",B,user24
training_2385,HAU,HAU/user24/4-1-1,combination,Which combination of actions is performed in this video?,"Playing games, Drinking, Listening to the music with headphones, Wiping surface","Folding clothes, Wiping surface, Combing hair, Using a phone","Sitting down, Folding clothes, Using a phone, Playing games","Sitting down, Listening to the music with headphones, Drinking, Combing hair",C,user24
training_2386,HAU,HAU/user24/4-1-2,combination,Which combination of actions is performed in this video?,"Jumping jacks, Sitting down","Playing games, Sitting down","Jumping jacks, Lunges","Playing games, Lunges",B,user24
training_2387,HAU,HAU/user24/4-1-3,combination,Which combination of actions is performed in this video?,"Folding clothes, Using a phone, Playing games, Sitting down","Taking a selfie, Stretching, Playing games, Folding clothes","Sitting down, Washing face, Taking a selfie, Pouring","Washing face, Stretching, Pouring, Using a phone",A,user24
training_2388,HAU,HAU/user24/4-2-1,combination,Which combination of actions is performed in this video?,"Eating, Calling, Walking","Eating, Typing on a keyboard, Drinking","Peeling fruit, Typing on a keyboard, Calling","Drinking, Peeling fruit, Walking",D,user24
training_2389,HAU,HAU/user24/4-2-2,combination,Which combination of actions is performed in this video?,"Peeling fruit, Listening to the music with headphones, Washing face","Walking, Brushing teeth, Listening to the music with headphones","Drinking, Brushing teeth, Washing face","Walking, Peeling fruit, Drinking",D,user24
training_2390,HAU,HAU/user24/4-2-3,combination,Which combination of actions is performed in this video?,"Drinking, Watching TV, Mopping","Walking, Reading, Watching TV","Walking, Peeling fruit, Drinking","Reading, Peeling fruit, Mopping",C,user24
training_2391,HAU,HAU/user24/4-3-1,combination,Which combination of actions is performed in this video?,"Playing games, Washing dishes","Playing games, Massaging oneself","Washing dishes, Folding clothes","Massaging oneself, Folding clothes",B,user24
training_2392,HAU,HAU/user24/4-3-2,combination,Which combination of actions is performed in this video?,"Lunges, Massaging oneself","Massaging oneself, Playing games","Brushing teeth, Lunges","Playing games, Brushing teeth",B,user24
training_2393,HAU,HAU/user24/4-3-3,combination,Which combination of actions is performed in this video?,"Playing games, Peeling fruit","Wiping surface, Massaging oneself","Wiping surface, Peeling fruit","Massaging oneself, Playing games",D,user24
training_2394,HAU,HAU/user24/5-1-1,combination,Which combination of actions is performed in this video?,"Walking, Using a phone, Listening to the music with headphones, Sitting down","Eating, Lying down, Using a phone, Standing up","Walking, Lying down, Sitting down, Pouring","Listening to the music with headphones, Eating, Standing up, Pouring",A,user24
training_2395,HAU,HAU/user24/5-1-2,combination,Which combination of actions is performed in this video?,"Standing up, Listening to the music with headphones, Washing dishes, Watching TV","Sitting down, Peeling fruit, Standing up, Walking","Walking, Sitting down, Listening to the music with headphones, Using a phone","Using a phone, Watching TV, Washing dishes, Peeling fruit",C,user24
training_2396,HAU,HAU/user24/5-1-3,combination,Which combination of actions is performed in this video?,"Wiping hands, Jumping jacks, Listening to the music with headphones","Lying down, Sitting down, Wiping hands","Jumping jacks, Lying down, Standing up","Sitting down, Standing up, Listening to the music with headphones",D,user24
training_2397,HAU,HAU/user24/5-2-1,combination,Which combination of actions is performed in this video?,"Stretching, Taking medicine","Checking body temperature, Washing face","Stretching, Washing face","Checking body temperature, Taking medicine",D,user24
training_2398,HAU,HAU/user24/5-2-2,combination,Which combination of actions is performed in this video?,"Squats, Sweeping","Checking body temperature, Taking medicine","Squats, Checking body temperature","Sweeping, Taking medicine",B,user24
training_2399,HAU,HAU/user24/5-2-3,combination,Which combination of actions is performed in this video?,"Standing up, Taking a selfie","Taking medicine, Taking a selfie","Standing up, Checking body temperature","Checking body temperature, Taking medicine",D,user24
training_2400,HAU,HAU/user24/5-3-1,combination,Which combination of actions is performed in this video?,"Stretching, Playing games, Taking medicine, Washing face","Walking, Sitting down, Playing games, Watching TV","Washing face, Sitting down, Stretching, Listening to the music with headphones","Listening to the music with headphones, Taking medicine, Walking, Watching TV",B,user24
training_2401,HAU,HAU/user24/5-3-2,combination,Which combination of actions is performed in this video?,"Massaging oneself, Playing games, Pouring","Pouring, Peeling fruit, Watching TV","Sitting down, Playing games, Watching TV","Massaging oneself, Peeling fruit, Sitting down",C,user24
training_2402,HAU,HAU/user24/5-3-3,combination,Which combination of actions is performed in this video?,"Walking, Reading, Watching TV","Getting dressed, Playing games, Reading","Sitting down, Walking, Getting dressed","Sitting down, Playing games, Watching TV",D,user24
training_2403,HAU,HAU/user24/6-2-1,combination,Which combination of actions is performed in this video?,"Pouring, Massaging oneself, Getting dressed, Wiping hands","Walking, Brushing teeth, Getting dressed, Mopping","Wiping hands, Brushing teeth, Walking, Washing face","Washing face, Pouring, Massaging oneself, Mopping",C,user24
training_2404,HAU,HAU/user24/6-2-2,combination,Which combination of actions is performed in this video?,"Brushing teeth, Sitting down","Brushing teeth, Wiping hands","Wiping hands, Massaging oneself","Massaging oneself, Sitting down",B,user24
training_2405,HAU,HAU/user24/6-2-3,combination,Which combination of actions is performed in this video?,"Wiping hands, Walking, Brushing teeth","Brushing teeth, Sitting down, Grabbing utensils","Wiping hands, Using a phone, Grabbing utensils","Walking, Sitting down, Using a phone",A,user24
training_2406,HAU,HAU/user24/6-3-1,combination,Which combination of actions is performed in this video?,"Writing, Walking","Standing up, Squats","Squats, Writing","Walking, Standing up",B,user24
training_2407,HAU,HAU/user24/6-3-2,combination,Which combination of actions is performed in this video?,"Standing up, Squats","Pouring, Squats","Eating, Standing up","Eating, Pouring",A,user24
training_2408,HAU,HAU/user24/6-3-3,combination,Which combination of actions is performed in this video?,"Standing up, Squats","Standing up, Brushing teeth","Stretching, Squats","Brushing teeth, Stretching",A,user24
training_2409,HAU,HAU/user24/7-1-1,combination,Which combination of actions is performed in this video?,"Checking body temperature, Washing face","Standing up, Undressing","Washing face, Standing up","Undressing, Checking body temperature",A,user24
training_2410,HAU,HAU/user24/7-1-2,combination,Which combination of actions is performed in this video?,"Lying down, Walking, Brushing teeth, Checking body temperature","Taking a selfie, Using a phone, Walking, Taking medicine","Taking a selfie, Using a phone, Combing hair, Lying down","Brushing teeth, Combing hair, Taking medicine, Checking body temperature",D,user24
training_2411,HAU,HAU/user24/7-1-3,combination,Which combination of actions is performed in this video?,"Washing face, Taking medicine","Taking medicine, Eating","Lunges, Washing face","Eating, Lunges",A,user24
training_2412,HAU,HAU/user24/7-2-1,combination,Which combination of actions is performed in this video?,"Sitting down, Walking, Standing up, Washing dishes, Writing, Jumping jacks, Sweeping","Reading, Sitting down, Walking, Typing on a keyboard, Checking the time, Turning a page, Listening to the music with headphones","Lunges, Jumping jacks, Reading, Typing on a keyboard, Sweeping, Standing up, Running","Running, Turning a page, Checking the time, Washing dishes, Listening to the music with headphones, Lunges, Writing",B,user24
training_2413,HAU,HAU/user24/7-2-2,combination,Which combination of actions is performed in this video?,"Using a phone, Drinking, Sitting down","Turning a page, Drinking, Checking the time","Listening to the music with headphones, Checking the time, Sitting down","Using a phone, Listening to the music with headphones, Turning a page",C,user24
training_2414,HAU,HAU/user24/7-2-3,combination,Which combination of actions is performed in this video?,"Listening to the music with headphones, Turning a page, Getting dressed, Brushing teeth, Wiping surface, Writing, Taking medicine","Turning a page, Sitting down, Typing on a keyboard, Listening to the music with headphones, Walking, Checking the time, Reading","Writing, Walking, Getting dressed, Massaging oneself, Stirring, Reading, Checking the time","Brushing teeth, Typing on a keyboard, Massaging oneself, Sitting down, Stirring, Wiping surface, Taking medicine",B,user24
training_2415,HAU,HAU/user1/1-1-1,sequence,What is the correct temporal order of the following actions in this video?,Squats,Getting dressed,Walking,Combing hair,DBCA,user1
training_2416,HAU,HAU/user1/1-1-2,sequence,What is the correct temporal order of the following actions in this video?,Walking,Combing hair,Wiping hands,Squats,CBAD,user1
training_2417,HAU,HAU/user1/1-1-3,sequence,What is the correct temporal order of the following actions in this video?,Wiping hands,Getting dressed,Squats,Walking,ABDC,user1
training_2418,HAU,HAU/user1/2-2-1,sequence,What is the correct temporal order of the following actions in this video?,Standing up,Typing on a keyboard,Sitting down,Walking,ADCB,user1
training_2419,HAU,HAU/user1/2-2-2,sequence,What is the correct temporal order of the following actions in this video?,Standing up,Typing on a keyboard,Sitting down,Walking,ADCB,user1
training_2420,HAU,HAU/user1/2-2-3,sequence,What is the correct temporal order of the following actions in this video?,Typing on a keyboard,Standing up,Walking,Sitting down,BCDA,user1
training_2421,HAU,HAU/user1/3-2-1,sequence,What is the correct temporal order of the following actions in this video?,Mopping,Sitting down,Standing up,Checking the time,CABD,user1
training_2422,HAU,HAU/user1/3-2-2,sequence,What is the correct temporal order of the following actions in this video?,Reading,Typing on a keyboard,Mopping,Sitting down,CDBA,user1
training_2423,HAU,HAU/user1/3-2-3,sequence,What is the correct temporal order of the following actions in this video?,Mopping,Checking the time,Typing on a keyboard,Sitting down,ADCB,user1
training_2424,HAU,HAU/user1/5-1-1,sequence,What is the correct temporal order of the following actions in this video?,Watching TV,Checking the time,Listening to the music with headphones,Taking a selfie,DCBA,user1
training_2425,HAU,HAU/user1/5-1-2,sequence,What is the correct temporal order of the following actions in this video?,Taking a selfie,Grabbing utensils,Checking the time,Listening to the music with headphones,ADBC,user1
training_2426,HAU,HAU/user1/5-1-3,sequence,What is the correct temporal order of the following actions in this video?,Checking the time,Taking a selfie,Watching TV,Grabbing utensils,BDAC,user1
training_2427,HAU,HAU/user1/6-2-1,sequence,What is the correct temporal order of the following actions in this video?,Turning a page,Sitting down,Standing up,Sweeping,CDBA,user1
training_2428,HAU,HAU/user1/6-2-2,sequence,What is the correct temporal order of the following actions in this video?,Walking,Standing up,Reading,Sweeping,BDAC,user1
training_2429,HAU,HAU/user1/6-2-3,sequence,What is the correct temporal order of the following actions in this video?,Standing up,Reading,Sweeping,Walking,ACDB,user1
training_2430,HAU,HAU/user1/7-1-1,sequence,What is the correct temporal order of the following actions in this video?,Taking medicine,Sitting down,Stretching,Massaging oneself,BADC,user1
training_2431,HAU,HAU/user1/7-1-2,sequence,What is the correct temporal order of the following actions in this video?,Sitting down,Massaging oneself,Stretching,Taking medicine,ADBC,user1
training_2432,HAU,HAU/user1/7-1-3,sequence,What is the correct temporal order of the following actions in this video?,Massaging oneself,Sitting down,Taking medicine,Wiping hands,BCAD,user1
training_2433,HAU,HAU/user2/2-2-1,sequence,What is the correct temporal order of the following actions in this video?,Stretching,Wiping hands,Eating,Sitting down,CADB,user2
training_2434,HAU,HAU/user2/2-2-2,sequence,What is the correct temporal order of the following actions in this video?,Stretching,Checking body temperature,Wiping hands,Squats,ADCB,user2
training_2435,HAU,HAU/user2/2-2-3,sequence,What is the correct temporal order of the following actions in this video?,Massaging oneself,Squats,Stretching,Drinking,DCBA,user2
training_2436,HAU,HAU/user2/4-1-1,sequence,What is the correct temporal order of the following actions in this video?,Using a phone,Walking,Calling,Writing,ACDB,user2
training_2437,HAU,HAU/user2/4-1-2,sequence,What is the correct temporal order of the following actions in this video?,Walking,Writing,Calling,Using a phone,DCBA,user2
training_2438,HAU,HAU/user2/4-1-3,sequence,What is the correct temporal order of the following actions in this video?,Writing,Using a phone,Calling,Walking,BCAD,user2
training_2439,HAU,HAU/user2/6-1-1,sequence,What is the correct temporal order of the following actions in this video?,Sitting down,Pouring,Stretching,Running,DBAC,user2
training_2440,HAU,HAU/user2/6-1-2,sequence,What is the correct temporal order of the following actions in this video?,Pouring,Listening to the music with headphones,Using a phone,Stretching,ABCD,user2
training_2441,HAU,HAU/user2/7-3-1,sequence,What is the correct temporal order of the following actions in this video?,Stretching,Using a phone,Wiping hands,Walking,DBAC,user2
training_2442,HAU,HAU/user2/7-3-2,sequence,What is the correct temporal order of the following actions in this video?,Stretching,Standing up,Massaging oneself,Walking,DCBA,user2
training_2443,HAU,HAU/user2/7-3-3,sequence,What is the correct temporal order of the following actions in this video?,Walking,Wiping hands,Massaging oneself,Using a phone,ADCB,user2
training_2444,HAU,HAU/user3/2-1-1,sequence,What is the correct temporal order of the following actions in this video?,Stretching,Squats,Standing up,Running,DBCA,user3
training_2445,HAU,HAU/user3/2-1-2,sequence,What is the correct temporal order of the following actions in this video?,Lying down,Stretching,Standing up,Walking,DACB,user3
training_2446,HAU,HAU/user3/2-1-3,sequence,What is the correct temporal order of the following actions in this video?,Standing up,Running,Walking,Squats,BDCA,user3
training_2447,HAU,HAU/user3/2-2-1,sequence,What is the correct temporal order of the following actions in this video?,Taking medicine,Massaging oneself,Walking,Checking body temperature,CABD,user3
training_2448,HAU,HAU/user3/2-2-2,sequence,What is the correct temporal order of the following actions in this video?,Walking,Taking medicine,Checking body temperature,Massaging oneself,ABDC,user3
training_2449,HAU,HAU/user3/2-2-3,sequence,What is the correct temporal order of the following actions in this video?,Checking body temperature,Massaging oneself,Taking medicine,Walking,DCBA,user3
training_2450,HAU,HAU/user3/3-2-1,sequence,What is the correct temporal order of the following actions in this video?,Calling,Sitting down,Listening to the music with headphones,Writing,BACD,user3
training_2451,HAU,HAU/user3/3-2-2,sequence,What is the correct temporal order of the following actions in this video?,Walking,Calling,Sitting down,Typing on a keyboard,ACBD,user3
training_2452,HAU,HAU/user3/3-2-3,sequence,What is the correct temporal order of the following actions in this video?,Walking,Sitting down,Writing,Calling,ABDC,user3
training_2453,HAU,HAU/user3/4-1-1,sequence,What is the correct temporal order of the following actions in this video?,Reading,Calling,Typing on a keyboard,Peeling fruit,CBAD,user3
training_2454,HAU,HAU/user3/4-1-2,sequence,What is the correct temporal order of the following actions in this video?,Turning a page,Calling,Typing on a keyboard,Drinking,CBAD,user3
training_2455,HAU,HAU/user3/4-1-3,sequence,What is the correct temporal order of the following actions in this video?,Calling,Typing on a keyboard,Turning a page,Peeling fruit,BACD,user3
training_2456,HAU,HAU/user3/5-2-1,sequence,What is the correct temporal order of the following actions in this video?,Sitting down,Listening to the music with headphones,Walking,Turning a page,CABD,user3
training_2457,HAU,HAU/user3/5-2-2,sequence,What is the correct temporal order of the following actions in this video?,Turning a page,Sitting down,Eating,Walking,DBCA,user3
training_2458,HAU,HAU/user3/5-2-3,sequence,What is the correct temporal order of the following actions in this video?,Grabbing utensils,Sitting down,Walking,Turning a page,CBAD,user3
training_2459,HAU,HAU/user3/6-2-1,sequence,What is the correct temporal order of the following actions in this video?,Reading,Sweeping,Standing up,Sitting down,CBDA,user3
training_2460,HAU,HAU/user3/6-2-2,sequence,What is the correct temporal order of the following actions in this video?,Sitting down,Reading,Standing up,Sweeping,CDAB,user3
training_2461,HAU,HAU/user3/6-2-3,sequence,What is the correct temporal order of the following actions in this video?,Sitting down,Walking,Reading,Mopping,DBAC,user3
training_2462,HAU,HAU/user3/7-1-1,sequence,What is the correct temporal order of the following actions in this video?,Taking medicine,Standing up,Walking,Drinking,ADBC,user3
training_2463,HAU,HAU/user3/7-1-2,sequence,What is the correct temporal order of the following actions in this video?,Drinking,Massaging oneself,Taking medicine,Walking,CABD,user3
training_2464,HAU,HAU/user3/7-1-3,sequence,What is the correct temporal order of the following actions in this video?,Pouring,Massaging oneself,Stretching,Standing up,ABDC,user3
training_2465,HAU,HAU/user4/3-2-1,sequence,What is the correct temporal order of the following actions in this video?,Standing up,Taking a selfie,Jumping jacks,Stretching,BACD,user4
training_2466,HAU,HAU/user4/3-2-2,sequence,What is the correct temporal order of the following actions in this video?,Stretching,Taking a selfie,Using a phone,Running,CBDA,user4
training_2467,HAU,HAU/user4/3-2-3,sequence,What is the correct temporal order of the following actions in this video?,Taking a selfie,Running,Jumping jacks,Stretching,ABCD,user4
training_2468,HAU,HAU/user4/5-2-1,sequence,What is the correct temporal order of the following actions in this video?,Typing on a keyboard,Checking the time,Walking,Getting dressed,CDBA,user4
training_2469,HAU,HAU/user4/5-2-2,sequence,What is the correct temporal order of the following actions in this video?,Typing on a keyboard,Checking the time,Walking,Getting dressed,CDBA,user4
training_2470,HAU,HAU/user4/5-2-3,sequence,What is the correct temporal order of the following actions in this video?,Getting dressed,Walking,Checking the time,Undressing,BDAC,user4
training_2471,HAU,HAU/user4/6-1-1,sequence,What is the correct temporal order of the following actions in this video?,Massaging oneself,Using a phone,Peeling fruit,Calling,CBAD,user4
training_2472,HAU,HAU/user4/6-1-2,sequence,What is the correct temporal order of the following actions in this video?,Listening to the music with headphones,Massaging oneself,Calling,Pouring,DABC,user4
training_2473,HAU,HAU/user4/6-1-3,sequence,What is the correct temporal order of the following actions in this video?,Calling,Massaging oneself,Using a phone,Peeling fruit,DCBA,user4
training_2474,HAU,HAU/user4/7-2-1,sequence,What is the correct temporal order of the following actions in this video?,Sitting down,Eating,Standing up,Massaging oneself,CABD,user4
training_2475,HAU,HAU/user4/7-2-2,sequence,What is the correct temporal order of the following actions in this video?,Massaging oneself,Standing up,Eating,Sitting down,BDCA,user4
training_2476,HAU,HAU/user4/7-2-3,sequence,What is the correct temporal order of the following actions in this video?,Standing up,Massaging oneself,Sitting down,Eating,ACDB,user4
training_2477,HAU,HAU/user5/3-1-1,sequence,What is the correct temporal order of the following actions in this video?,Walking,Sitting down,Sweeping,Turning a page,CABD,user5
training_2478,HAU,HAU/user5/3-1-2,sequence,What is the correct temporal order of the following actions in this video?,Sweeping,Sitting down,Walking,Standing up,DACB,user5
training_2479,HAU,HAU/user5/3-1-3,sequence,What is the correct temporal order of the following actions in this video?,Reading,Sweeping,Standing up,Sitting down,CBDA,user5
training_2480,HAU,HAU/user5/6-1-1,sequence,What is the correct temporal order of the following actions in this video?,Standing up,Lunges,Walking,Lying down,ACBD,user5
training_2481,HAU,HAU/user5/6-1-2,sequence,What is the correct temporal order of the following actions in this video?,Lying down,Lunges,Walking,Standing up,DCBA,user5
training_2482,HAU,HAU/user5/6-1-3,sequence,What is the correct temporal order of the following actions in this video?,Lunges,Walking,Lying down,Standing up,DBAC,user5
training_2483,HAU,HAU/user5/7-1-1,sequence,What is the correct temporal order of the following actions in this video?,Walking,Standing up,Sitting down,Taking medicine,BDAC,user5
training_2484,HAU,HAU/user5/7-1-2,sequence,What is the correct temporal order of the following actions in this video?,Taking medicine,Standing up,Sitting down,Combing hair,BACD,user5
training_2485,HAU,HAU/user5/7-1-3,sequence,What is the correct temporal order of the following actions in this video?,Taking medicine,Sitting down,Combing hair,Walking,ADBC,user5
training_2486,HAU,HAU/user6/3-1-1,sequence,What is the correct temporal order of the following actions in this video?,Walking,Sweeping,Mopping,Standing up,BDAC,user6
training_2487,HAU,HAU/user6/3-1-2,sequence,What is the correct temporal order of the following actions in this video?,Squats,Mopping,Walking,Sweeping,DACB,user6
training_2488,HAU,HAU/user6/3-1-3,sequence,What is the correct temporal order of the following actions in this video?,Walking,Mopping,Squats,Sweeping,DCAB,user6
training_2489,HAU,HAU/user6/4-1-1,sequence,What is the correct temporal order of the following actions in this video?,Listening to the music with headphones,Writing,Calling,Running,BACD,user6
training_2490,HAU,HAU/user6/4-1-2,sequence,What is the correct temporal order of the following actions in this video?,Running,Checking the time,Reading,Typing on a keyboard,DBAC,user6
training_2491,HAU,HAU/user6/4-1-3,sequence,What is the correct temporal order of the following actions in this video?,Writing,Standing up,Reading,Running,ABDC,user6
training_2492,HAU,HAU/user6/5-3-1,sequence,What is the correct temporal order of the following actions in this video?,Sitting down,Walking,Checking the time,Drinking,BADC,user6
training_2493,HAU,HAU/user6/5-3-2,sequence,What is the correct temporal order of the following actions in this video?,Drinking,Checking the time,Sitting down,Walking,DCAB,user6
training_2494,HAU,HAU/user6/5-3-3,sequence,What is the correct temporal order of the following actions in this video?,Checking the time,Lying down,Grabbing utensils,Playing games,BCDA,user6
training_2495,HAU,HAU/user6/6-2-1,sequence,What is the correct temporal order of the following actions in this video?,Checking body temperature,Drinking,Checking the time,Taking medicine,ADCB,user6
training_2496,HAU,HAU/user6/6-2-2,sequence,What is the correct temporal order of the following actions in this video?,Using a phone,Taking medicine,Checking the time,Checking body temperature,DBCA,user6
training_2497,HAU,HAU/user6/6-2-3,sequence,What is the correct temporal order of the following actions in this video?,Sweeping,Grabbing utensils,Taking medicine,Checking the time,CDAB,user6
training_2498,HAU,HAU/user6/7-3-1,sequence,What is the correct temporal order of the following actions in this video?,Reading,Sitting down,Checking the time,Walking,DCBA,user6
training_2499,HAU,HAU/user6/7-3-2,sequence,What is the correct temporal order of the following actions in this video?,Walking,Reading,Checking the time,Sitting down,ACDB,user6
training_2500,HAU,HAU/user6/7-3-3,sequence,What is the correct temporal order of the following actions in this video?,Reading,Checking the time,Sitting down,Walking,DBCA,user6
training_2501,HAU,HAU/user7/1-1-1,sequence,What is the correct temporal order of the following actions in this video?,Getting dressed,Combing hair,Brushing teeth,Wiping hands,CDBA,user7
training_2502,HAU,HAU/user7/1-1-2,sequence,What is the correct temporal order of the following actions in this video?,Brushing teeth,Getting dressed,Combing hair,Wiping hands,ADCB,user7
training_2503,HAU,HAU/user7/1-1-3,sequence,What is the correct temporal order of the following actions in this video?,Wiping hands,Combing hair,Getting dressed,Brushing teeth,DABC,user7
training_2504,HAU,HAU/user7/1-2-1,sequence,What is the correct temporal order of the following actions in this video?,Grabbing utensils,Walking,Using a phone,Taking a selfie,BACD,user7
training_2505,HAU,HAU/user7/1-2-2,sequence,What is the correct temporal order of the following actions in this video?,Checking the time,Taking a selfie,Pouring,Walking,DCAB,user7
training_2506,HAU,HAU/user7/1-2-3,sequence,What is the correct temporal order of the following actions in this video?,Walking,Checking the time,Using a phone,Grabbing utensils,ADBC,user7
training_2507,HAU,HAU/user7/2-2-1,sequence,What is the correct temporal order of the following actions in this video?,Jumping jacks,Stirring,Sitting down,Wiping surface,BADC,user7
training_2508,HAU,HAU/user7/2-2-2,sequence,What is the correct temporal order of the following actions in this video?,Sitting down,Eating,Jumping jacks,Lying down,DCAB,user7
training_2509,HAU,HAU/user7/2-2-3,sequence,What is the correct temporal order of the following actions in this video?,Stirring,Lying down,Jumping jacks,Sitting down,ABCD,user7
training_2510,HAU,HAU/user7/3-1-1,sequence,What is the correct temporal order of the following actions in this video?,Running,Mopping,Stretching,Sweeping,DBAC,user7
training_2511,HAU,HAU/user7/3-1-2,sequence,What is the correct temporal order of the following actions in this video?,Mopping,Running,Sweeping,Stretching,CABD,user7
training_2512,HAU,HAU/user7/3-1-3,sequence,What is the correct temporal order of the following actions in this video?,Stretching,Sweeping,Running,Mopping,BDCA,user7
training_2513,HAU,HAU/user7/4-1-1,sequence,What is the correct temporal order of the following actions in this video?,Walking,Checking the time,Taking medicine,Checking body temperature,ABDC,user7
training_2514,HAU,HAU/user7/4-1-2,sequence,What is the correct temporal order of the following actions in this video?,Checking body temperature,Standing up,Reading,Sitting down,DCBA,user7
training_2515,HAU,HAU/user7/4-1-3,sequence,What is the correct temporal order of the following actions in this video?,Squats,Reading,Taking medicine,Walking,DBAC,user7
training_2516,HAU,HAU/user7/6-1-1,sequence,What is the correct temporal order of the following actions in this video?,Walking,Undressing,Folding clothes,Getting dressed,ABDC,user7
training_2517,HAU,HAU/user7/6-1-2,sequence,What is the correct temporal order of the following actions in this video?,Undressing,Folding clothes,Walking,Getting dressed,CADB,user7
training_2518,HAU,HAU/user7/6-1-3,sequence,What is the correct temporal order of the following actions in this video?,Getting dressed,Undressing,Folding clothes,Walking,DBAC,user7
training_2519,HAU,HAU/user7/6-3-1,sequence,What is the correct temporal order of the following actions in this video?,Walking,Sitting down,Checking the time,Typing on a keyboard,ABDC,user7
training_2521,HAU,HAU/user7/6-3-3,sequence,What is the correct temporal order of the following actions in this video?,Walking,Typing on a keyboard,Checking the time,Sitting down,ADBC,user7
training_2522,HAU,HAU/user8/1-2-1,sequence,What is the correct temporal order of the following actions in this video?,Taking a selfie,Walking,Listening to the music with headphones,Calling,BCAD,user8
training_2523,HAU,HAU/user8/1-2-2,sequence,What is the correct temporal order of the following actions in this video?,Reading,Taking a selfie,Calling,Sitting down,DABC,user8
training_2524,HAU,HAU/user8/1-2-3,sequence,What is the correct temporal order of the following actions in this video?,Taking a selfie,Walking,Reading,Sitting down,BDCA,user8
training_2525,HAU,HAU/user8/2-1-1,sequence,What is the correct temporal order of the following actions in this video?,Checking the time,Calling,Sitting down,Folding clothes,DCAB,user8
training_2526,HAU,HAU/user8/2-1-2,sequence,What is the correct temporal order of the following actions in this video?,Calling,Listening to the music with headphones,Checking the time,Sitting down,DCBA,user8
training_2527,HAU,HAU/user8/2-1-3,sequence,What is the correct temporal order of the following actions in this video?,Calling,Folding clothes,Sitting down,Checking the time,BCDA,user8
training_2528,HAU,HAU/user8/4-1-1,sequence,What is the correct temporal order of the following actions in this video?,Listening to the music with headphones,Turning a page,Sitting down,Writing,CADB,user8
training_2529,HAU,HAU/user8/4-1-2,sequence,What is the correct temporal order of the following actions in this video?,Writing,Listening to the music with headphones,Sitting down,Turning a page,CBAD,user8
training_2530,HAU,HAU/user8/4-1-3,sequence,What is the correct temporal order of the following actions in this video?,Sitting down,Listening to the music with headphones,Turning a page,Writing,ABDC,user8
training_2531,HAU,HAU/user8/5-1-1,sequence,What is the correct temporal order of the following actions in this video?,Lunges,Running,Typing on a keyboard,Stretching,BDCA,user8
training_2532,HAU,HAU/user8/5-1-2,sequence,What is the correct temporal order of the following actions in this video?,Stretching,Sitting down,Checking the time,Lunges,ABCD,user8
training_2533,HAU,HAU/user8/5-1-3,sequence,What is the correct temporal order of the following actions in this video?,Stretching,Typing on a keyboard,Checking the time,Sitting down,ADBC,user8
training_2534,HAU,HAU/user8/6-1-1,sequence,What is the correct temporal order of the following actions in this video?,Squats,Undressing,Stretching,Getting dressed,BDCA,user8
training_2535,HAU,HAU/user8/6-1-2,sequence,What is the correct temporal order of the following actions in this video?,Getting dressed,Stretching,Undressing,Squats,CABD,user8
training_2536,HAU,HAU/user8/6-1-3,sequence,What is the correct temporal order of the following actions in this video?,Undressing,Stretching,Getting dressed,Squats,ACBD,user8
training_2537,HAU,HAU/user8/6-2-1,sequence,What is the correct temporal order of the following actions in this video?,Walking,Standing up,Checking the time,Stretching,ACBD,user8
training_2538,HAU,HAU/user8/6-2-2,sequence,What is the correct temporal order of the following actions in this video?,Checking the time,Stretching,Jumping jacks,Turning a page,ACDB,user8
training_2539,HAU,HAU/user8/6-2-3,sequence,What is the correct temporal order of the following actions in this video?,Checking the time,Peeling fruit,Standing up,Jumping jacks,ADBC,user8
training_2540,HAU,HAU/user8/7-1-1,sequence,What is the correct temporal order of the following actions in this video?,Checking body temperature,Brushing teeth,Undressing,Taking medicine,BCDA,user8
training_2541,HAU,HAU/user8/7-1-2,sequence,What is the correct temporal order of the following actions in this video?,Brushing teeth,Massaging oneself,Washing face,Wiping hands,CADB,user8
training_2542,HAU,HAU/user8/7-1-3,sequence,What is the correct temporal order of the following actions in this video?,Washing face,Taking medicine,Checking body temperature,Combing hair,ADBC,user8
training_2543,HAU,HAU/user9/1-1-1,sequence,What is the correct temporal order of the following actions in this video?,Getting dressed,Stretching,Brushing teeth,Wiping hands,CDAB,user9
training_2544,HAU,HAU/user9/1-1-2,sequence,What is the correct temporal order of the following actions in this video?,Wiping hands,Getting dressed,Stretching,Combing hair,ADBC,user9
training_2545,HAU,HAU/user9/1-1-3,sequence,What is the correct temporal order of the following actions in this video?,Wiping hands,Combing hair,Brushing teeth,Getting dressed,CABD,user9
training_2546,HAU,HAU/user9/1-2-1,sequence,What is the correct temporal order of the following actions in this video?,Walking,Sitting down,Listening to the music with headphones,Typing on a keyboard,ABDC,user9
training_2547,HAU,HAU/user9/1-2-2,sequence,What is the correct temporal order of the following actions in this video?,Sitting down,Walking,Typing on a keyboard,Listening to the music with headphones,BACD,user9
training_2548,HAU,HAU/user9/1-2-3,sequence,What is the correct temporal order of the following actions in this video?,Typing on a keyboard,Sitting down,Walking,Listening to the music with headphones,CBAD,user9
training_2549,HAU,HAU/user9/3-3-1,sequence,What is the correct temporal order of the following actions in this video?,Mopping,Squats,Listening to the music with headphones,Lying down,CBDA,user9
training_2550,HAU,HAU/user9/3-3-2,sequence,What is the correct temporal order of the following actions in this video?,Lying down,Walking,Mopping,Sweeping,BDAC,user9
training_2551,HAU,HAU/user9/3-3-3,sequence,What is the correct temporal order of the following actions in this video?,Lying down,Squats,Walking,Mopping,CBAD,user9
training_2552,HAU,HAU/user9/5-3-1,sequence,What is the correct temporal order of the following actions in this video?,Squats,Checking the time,Sitting down,Massaging oneself,ABCD,user9
training_2553,HAU,HAU/user9/5-3-2,sequence,What is the correct temporal order of the following actions in this video?,Playing games,Sitting down,Massaging oneself,Squats,DBCA,user9
training_2554,HAU,HAU/user9/5-3-3,sequence,What is the correct temporal order of the following actions in this video?,Massaging oneself,Squats,Walking,Sitting down,CBDA,user9
training_2555,HAU,HAU/user9/6-1-1,sequence,What is the correct temporal order of the following actions in this video?,Sitting down,Reading,Typing on a keyboard,Checking the time,ACDB,user9
training_2556,HAU,HAU/user9/6-1-2,sequence,What is the correct temporal order of the following actions in this video?,Sitting down,Writing,Reading,Checking the time,ABDC,user9
training_2557,HAU,HAU/user9/6-1-3,sequence,What is the correct temporal order of the following actions in this video?,Writing,Sitting down,Reading,Checking the time,BADC,user9
training_2558,HAU,HAU/user9/6-2-1,sequence,What is the correct temporal order of the following actions in this video?,Checking body temperature,Playing games,Taking medicine,Taking a selfie,CABD,user9
training_2559,HAU,HAU/user9/6-2-2,sequence,What is the correct temporal order of the following actions in this video?,Checking body temperature,Taking medicine,Lying down,Playing games,BACD,user9
training_2560,HAU,HAU/user9/6-2-3,sequence,What is the correct temporal order of the following actions in this video?,Taking medicine,Lying down,Checking body temperature,Taking a selfie,ACBD,user9
training_2561,HAU,HAU/user9/7-2-1,sequence,What is the correct temporal order of the following actions in this video?,Mopping,Sweeping,Walking,Drinking,CBAD,user9
training_2562,HAU,HAU/user9/7-2-2,sequence,What is the correct temporal order of the following actions in this video?,Drinking,Wiping surface,Walking,Sweeping,CDBA,user9
training_2563,HAU,HAU/user9/7-2-3,sequence,What is the correct temporal order of the following actions in this video?,Drinking,Wiping surface,Walking,Sweeping,CDBA,user9
training_2564,HAU,HAU/user16/3-1-1,sequence,What is the correct temporal order of the following actions in this video?,Sweeping,Standing up,Mopping,Squats,ABDC,user16
training_2565,HAU,HAU/user16/3-1-2,sequence,What is the correct temporal order of the following actions in this video?,Standing up,Walking,Mopping,Sweeping,DABC,user16
training_2566,HAU,HAU/user16/3-1-3,sequence,What is the correct temporal order of the following actions in this video?,Squats,Mopping,Standing up,Sweeping,DCAB,user16
training_2567,HAU,HAU/user16/4-1-1,sequence,What is the correct temporal order of the following actions in this video?,Listening to the music with headphones,Checking the time,Turning a page,Sitting down,BADC,user16
training_2568,HAU,HAU/user16/4-1-2,sequence,What is the correct temporal order of the following actions in this video?,Listening to the music with headphones,Writing,Checking the time,Calling,BCAD,user16
training_2569,HAU,HAU/user16/4-1-3,sequence,What is the correct temporal order of the following actions in this video?,Running,Listening to the music with headphones,Sitting down,Typing on a keyboard,DBAC,user16
training_2570,HAU,HAU/user16/5-3-1,sequence,What is the correct temporal order of the following actions in this video?,Playing games,Lying down,Walking,Checking the time,CBAD,user16
training_2571,HAU,HAU/user16/5-3-2,sequence,What is the correct temporal order of the following actions in this video?,Grabbing utensils,Sitting down,Walking,Playing games,CBAD,user16
training_2572,HAU,HAU/user16/5-3-3,sequence,What is the correct temporal order of the following actions in this video?,Drinking,Checking the time,Lying down,Playing games,CADB,user16
training_2573,HAU,HAU/user16/6-1-1,sequence,What is the correct temporal order of the following actions in this video?,Jumping jacks,Lying down,Lunges,Walking,ADBC,user16
training_2574,HAU,HAU/user16/6-1-2,sequence,What is the correct temporal order of the following actions in this video?,Lunges,Jumping jacks,Walking,Lying down,BCDA,user16
training_2575,HAU,HAU/user16/6-1-3,sequence,What is the correct temporal order of the following actions in this video?,Lunges,Walking,Lying down,Jumping jacks,DBCA,user16
training_2576,HAU,HAU/user16/6-2-1,sequence,What is the correct temporal order of the following actions in this video?,Eating,Checking the time,Checking body temperature,Sweeping,CBDA,user16
training_2577,HAU,HAU/user16/6-2-2,sequence,What is the correct temporal order of the following actions in this video?,Using a phone,Eating,Sweeping,Wiping surface,ACDB,user16
training_2578,HAU,HAU/user16/6-2-3,sequence,What is the correct temporal order of the following actions in this video?,Sweeping,Checking the time,Taking medicine,Drinking,CBAD,user16
training_2579,HAU,HAU/user16/7-3-1,sequence,What is the correct temporal order of the following actions in this video?,Turning a page,Checking the time,Walking,Sitting down,CBDA,user16
training_2580,HAU,HAU/user16/7-3-2,sequence,What is the correct temporal order of the following actions in this video?,Walking,Sitting down,Turning a page,Checking the time,ADBC,user16
training_2581,HAU,HAU/user16/7-3-3,sequence,What is the correct temporal order of the following actions in this video?,Turning a page,Walking,Checking the time,Sitting down,BCDA,user16
training_2582,HAU,HAU/user17/1-1-1,sequence,What is the correct temporal order of the following actions in this video?,Getting dressed,Brushing teeth,Combing hair,Wiping hands,BDCA,user17
training_2583,HAU,HAU/user17/1-1-2,sequence,What is the correct temporal order of the following actions in this video?,Combing hair,Getting dressed,Wiping hands,Brushing teeth,DCAB,user17
training_2584,HAU,HAU/user17/1-1-3,sequence,What is the correct temporal order of the following actions in this video?,Wiping hands,Brushing teeth,Getting dressed,Combing hair,BADC,user17
training_2585,HAU,HAU/user17/1-2-1,sequence,What is the correct temporal order of the following actions in this video?,Eating,Using a phone,Checking the time,Taking a selfie,ACBD,user17
training_2586,HAU,HAU/user17/1-2-2,sequence,What is the correct temporal order of the following actions in this video?,Taking a selfie,Checking the time,Using a phone,Pouring,DBCA,user17
training_2587,HAU,HAU/user17/1-2-3,sequence,What is the correct temporal order of the following actions in this video?,Checking the time,Pouring,Taking a selfie,Using a phone,BADC,user17
training_2588,HAU,HAU/user17/2-2-1,sequence,What is the correct temporal order of the following actions in this video?,Stirring,Lying down,Sitting down,Wiping surface,ABDC,user17
training_2589,HAU,HAU/user17/2-2-2,sequence,What is the correct temporal order of the following actions in this video?,Lying down,Eating,Wiping surface,Jumping jacks,ADCB,user17
training_2590,HAU,HAU/user17/2-2-3,sequence,What is the correct temporal order of the following actions in this video?,Wiping surface,Lying down,Jumping jacks,Stirring,DBCA,user17
training_2591,HAU,HAU/user17/3-1-1,sequence,What is the correct temporal order of the following actions in this video?,Running,Stretching,Mopping,Sweeping,DCAB,user17
training_2592,HAU,HAU/user17/3-1-2,sequence,What is the correct temporal order of the following actions in this video?,Sweeping,Stretching,Running,Mopping,ADCB,user17
training_2593,HAU,HAU/user17/3-1-3,sequence,What is the correct temporal order of the following actions in this video?,Running,Stretching,Mopping,Sweeping,DCAB,user17
training_2594,HAU,HAU/user17/4-1-1,sequence,What is the correct temporal order of the following actions in this video?,Squats,Sitting down,Taking medicine,Standing up,BADC,user17
training_2595,HAU,HAU/user17/4-1-2,sequence,What is the correct temporal order of the following actions in this video?,Checking the time,Stretching,Squats,Taking medicine,ABCD,user17
training_2596,HAU,HAU/user17/4-1-3,sequence,What is the correct temporal order of the following actions in this video?,Checking body temperature,Walking,Stretching,Checking the time,BDCA,user17
training_2597,HAU,HAU/user17/6-1-1,sequence,What is the correct temporal order of the following actions in this video?,Undressing,Getting dressed,Walking,Folding clothes,CABD,user17
training_2598,HAU,HAU/user17/6-1-2,sequence,What is the correct temporal order of the following actions in this video?,Folding clothes,Undressing,Walking,Getting dressed,CBDA,user17
training_2599,HAU,HAU/user17/6-1-3,sequence,What is the correct temporal order of the following actions in this video?,Getting dressed,Undressing,Walking,Folding clothes,CBAD,user17
training_2600,HAU,HAU/user17/6-3-1,sequence,What is the correct temporal order of the following actions in this video?,Sitting down,Checking the time,Walking,Typing on a keyboard,CADB,user17
training_2601,HAU,HAU/user17/6-3-2,sequence,What is the correct temporal order of the following actions in this video?,Walking,Typing on a keyboard,Sitting down,Checking the time,ACBD,user17
training_2602,HAU,HAU/user17/6-3-3,sequence,What is the correct temporal order of the following actions in this video?,Sitting down,Typing on a keyboard,Walking,Checking the time,CABD,user17
training_2624,HAU,HAU/user19/1-1-1,sequence,What is the correct temporal order of the following actions in this video?,Getting dressed,Wiping hands,Stretching,Combing hair,BDAC,user19
training_2625,HAU,HAU/user19/1-1-2,sequence,What is the correct temporal order of the following actions in this video?,Wiping hands,Getting dressed,Brushing teeth,Stretching,CABD,user19
training_2626,HAU,HAU/user19/1-1-3,sequence,What is the correct temporal order of the following actions in this video?,Brushing teeth,Wiping hands,Combing hair,Getting dressed,ABCD,user19
training_2627,HAU,HAU/user19/1-2-1,sequence,What is the correct temporal order of the following actions in this video?,Typing on a keyboard,Listening to the music with headphones,Walking,Sitting down,CDAB,user19
training_2628,HAU,HAU/user19/1-2-2,sequence,What is the correct temporal order of the following actions in this video?,Typing on a keyboard,Listening to the music with headphones,Walking,Sitting down,CDAB,user19
training_2629,HAU,HAU/user19/1-2-3,sequence,What is the correct temporal order of the following actions in this video?,Typing on a keyboard,Walking,Sitting down,Listening to the music with headphones,BCAD,user19
training_2630,HAU,HAU/user19/3-3-1,sequence,What is the correct temporal order of the following actions in this video?,Mopping,Walking,Squats,Sweeping,BDCA,user19
training_2631,HAU,HAU/user19/3-3-2,sequence,What is the correct temporal order of the following actions in this video?,Lying down,Walking,Squats,Listening to the music with headphones,BDCA,user19
training_2632,HAU,HAU/user19/3-3-3,sequence,What is the correct temporal order of the following actions in this video?,Walking,Listening to the music with headphones,Sweeping,Lying down,ACBD,user19
training_2633,HAU,HAU/user19/5-3-1,sequence,What is the correct temporal order of the following actions in this video?,Playing games,Squats,Sitting down,Walking,DBCA,user19
training_2634,HAU,HAU/user19/5-3-2,sequence,What is the correct temporal order of the following actions in this video?,Walking,Checking the time,Sitting down,Massaging oneself,ABCD,user19
training_2635,HAU,HAU/user19/5-3-3,sequence,What is the correct temporal order of the following actions in this video?,Squats,Playing games,Sitting down,Massaging oneself,ACDB,user19
training_2636,HAU,HAU/user19/6-1-1,sequence,What is the correct temporal order of the following actions in this video?,Turning a page,Typing on a keyboard,Sitting down,Checking the time,CBDA,user19
training_2637,HAU,HAU/user19/6-1-2,sequence,What is the correct temporal order of the following actions in this video?,Writing,Sitting down,Reading,Checking the time,BADC,user19
training_2638,HAU,HAU/user19/6-1-3,sequence,What is the correct temporal order of the following actions in this video?,Turning a page,Sitting down,Writing,Checking the time,BCDA,user19
training_2639,HAU,HAU/user19/6-2-1,sequence,What is the correct temporal order of the following actions in this video?,Lying down,Taking medicine,Checking body temperature,Taking a selfie,BCAD,user19
training_2640,HAU,HAU/user19/6-2-2,sequence,What is the correct temporal order of the following actions in this video?,Playing games,Taking a selfie,Lying down,Taking medicine,DCAB,user19
training_2641,HAU,HAU/user19/6-2-3,sequence,What is the correct temporal order of the following actions in this video?,Taking medicine,Taking a selfie,Checking body temperature,Lying down,ACDB,user19
training_2642,HAU,HAU/user19/7-2-1,sequence,What is the correct temporal order of the following actions in this video?,Drinking,Sweeping,Wiping surface,Mopping,BDCA,user19
training_2643,HAU,HAU/user19/7-2-2,sequence,What is the correct temporal order of the following actions in this video?,Drinking,Mopping,Walking,Wiping surface,CBDA,user19
training_2644,HAU,HAU/user19/7-2-3,sequence,What is the correct temporal order of the following actions in this video?,Eating,Mopping,Wiping surface,Sweeping,DBCA,user19
training_2645,HAU,HAU/user20/2-1-1,sequence,What is the correct temporal order of the following actions in this video?,Sweeping,Walking,Mopping,Drinking,BDAC,user20
training_2646,HAU,HAU/user20/2-1-2,sequence,What is the correct temporal order of the following actions in this video?,Sweeping,Walking,Drinking,Mopping,BCAD,user20
training_2647,HAU,HAU/user20/2-1-3,sequence,What is the correct temporal order of the following actions in this video?,Mopping,Sweeping,Walking,Grabbing utensils,CDBA,user20
training_2648,HAU,HAU/user20/2-2-1,sequence,What is the correct temporal order of the following actions in this video?,Sitting down,Checking the time,Walking,Turning a page,CADB,user20
training_2649,HAU,HAU/user20/2-2-2,sequence,What is the correct temporal order of the following actions in this video?,Walking,Sitting down,Typing on a keyboard,Checking the time,ABCD,user20
training_2650,HAU,HAU/user20/2-2-3,sequence,What is the correct temporal order of the following actions in this video?,Sitting down,Typing on a keyboard,Turning a page,Walking,DABC,user20
training_2651,HAU,HAU/user20/4-1-1,sequence,What is the correct temporal order of the following actions in this video?,Reading,Using a phone,Checking the time,Drinking,CADB,user20
training_2652,HAU,HAU/user20/4-1-2,sequence,What is the correct temporal order of the following actions in this video?,Turning a page,Using a phone,Typing on a keyboard,Drinking,CADB,user20
training_2653,HAU,HAU/user20/4-1-3,sequence,What is the correct temporal order of the following actions in this video?,Reading,Drinking,Typing on a keyboard,Using a phone,CABD,user20
training_2654,HAU,HAU/user20/4-2-1,sequence,What is the correct temporal order of the following actions in this video?,Brushing teeth,Walking,Washing face,Combing hair,BCAD,user20
training_2655,HAU,HAU/user20/4-2-2,sequence,What is the correct temporal order of the following actions in this video?,Brushing teeth,Walking,Washing face,Combing hair,BCAD,user20
training_2656,HAU,HAU/user20/4-2-3,sequence,What is the correct temporal order of the following actions in this video?,Brushing teeth,Walking,Combing hair,Washing face,BDAC,user20
training_2657,HAU,HAU/user20/6-3-1,sequence,What is the correct temporal order of the following actions in this video?,Stirring,Standing up,Walking,Listening to the music with headphones,CADB,user20
training_2658,HAU,HAU/user20/6-3-2,sequence,What is the correct temporal order of the following actions in this video?,Listening to the music with headphones,Pouring,Standing up,Mopping,BACD,user20
training_2659,HAU,HAU/user20/6-3-3,sequence,What is the correct temporal order of the following actions in this video?,Walking,Listening to the music with headphones,Standing up,Pouring,ADBC,user20
training_2660,HAU,HAU/user21/2-2-1,sequence,What is the correct temporal order of the following actions in this video?,Walking,Standing up,Checking the time,Reading,ADCB,user21
training_2661,HAU,HAU/user21/2-2-2,sequence,What is the correct temporal order of the following actions in this video?,Standing up,Reading,Walking,Checking the time,CBDA,user21
training_2662,HAU,HAU/user21/2-2-3,sequence,What is the correct temporal order of the following actions in this video?,Standing up,Reading,Checking the time,Walking,DBCA,user21
training_2663,HAU,HAU/user21/3-2-1,sequence,What is the correct temporal order of the following actions in this video?,Walking,Squats,Massaging oneself,Checking body temperature,ABDC,user21
training_2664,HAU,HAU/user21/3-2-2,sequence,What is the correct temporal order of the following actions in this video?,Walking,Massaging oneself,Squats,Jumping jacks,ACDB,user21
training_2665,HAU,HAU/user21/3-2-3,sequence,What is the correct temporal order of the following actions in this video?,Checking body temperature,Walking,Squats,Massaging oneself,BCAD,user21
training_2666,HAU,HAU/user21/4-1-1,sequence,What is the correct temporal order of the following actions in this video?,Calling,Using a phone,Standing up,Walking,BACD,user21
training_2667,HAU,HAU/user21/4-1-2,sequence,What is the correct temporal order of the following actions in this video?,Using a phone,Walking,Standing up,Calling,ADCB,user21
training_2668,HAU,HAU/user21/4-1-3,sequence,What is the correct temporal order of the following actions in this video?,Standing up,Using a phone,Calling,Walking,BCAD,user21
training_2669,HAU,HAU/user21/5-2-1,sequence,What is the correct temporal order of the following actions in this video?,Listening to the music with headphones,Peeling fruit,Using a phone,Walking,DCAB,user21
training_2670,HAU,HAU/user21/5-2-2,sequence,What is the correct temporal order of the following actions in this video?,Walking,Peeling fruit,Listening to the music with headphones,Using a phone,ADCB,user21
training_2671,HAU,HAU/user21/5-2-3,sequence,What is the correct temporal order of the following actions in this video?,Using a phone,Peeling fruit,Listening to the music with headphones,Walking,DACB,user21
training_2690,HAU,HAU/user23/3-2-1,sequence,What is the correct temporal order of the following actions in this video?,Taking a selfie,Sweeping,Running,Sitting down,BCDA,user23
training_2691,HAU,HAU/user23/3-2-2,sequence,What is the correct temporal order of the following actions in this video?,Walking,Sitting down,Sweeping,Taking a selfie,ACBD,user23
training_2692,HAU,HAU/user23/3-2-3,sequence,What is the correct temporal order of the following actions in this video?,Running,Walking,Sweeping,Taking a selfie,BCAD,user23
training_2693,HAU,HAU/user23/5-3-3,sequence,What is the correct temporal order of the following actions in this video?,Walking,Drinking,Lunges,Playing games,ADCB,user23
training_2694,HAU,HAU/user23/7-1-1,sequence,What is the correct temporal order of the following actions in this video?,Taking medicine,Writing,Massaging oneself,Standing up,CDAB,user23
training_2695,HAU,HAU/user23/7-1-2,sequence,What is the correct temporal order of the following actions in this video?,Writing,Standing up,Massaging oneself,Taking medicine,CBDA,user23
training_2696,HAU,HAU/user23/7-1-3,sequence,What is the correct temporal order of the following actions in this video?,Taking medicine,Writing,Standing up,Massaging oneself,DCAB,user23
training_2697,HAU,HAU/user23/7-3-1,sequence,What is the correct temporal order of the following actions in this video?,Stretching,Walking,Sitting down,Standing up,BCDA,user23
training_2698,HAU,HAU/user23/7-3-2,sequence,What is the correct temporal order of the following actions in this video?,Using a phone,Walking,Stretching,Sitting down,BDAC,user23
training_2699,HAU,HAU/user23/7-3-3,sequence,What is the correct temporal order of the following actions in this video?,Walking,Stretching,Sitting down,Standing up,ACDB,user23
training_2700,HAU,HAU/user24/1-2-1,sequence,What is the correct temporal order of the following actions in this video?,Typing on a keyboard,Sitting down,Turning a page,Walking,DBCA,user24
training_2701,HAU,HAU/user24/1-2-2,sequence,What is the correct temporal order of the following actions in this video?,Sitting down,Writing,Walking,Reading,CADB,user24
training_2702,HAU,HAU/user24/1-2-3,sequence,What is the correct temporal order of the following actions in this video?,Sitting down,Turning a page,Walking,Typing on a keyboard,CABD,user24
training_2703,HAU,HAU/user24/3-2-1,sequence,What is the correct temporal order of the following actions in this video?,Calling,Running,Stretching,Typing on a keyboard,ADCB,user24
training_2704,HAU,HAU/user24/3-2-2,sequence,What is the correct temporal order of the following actions in this video?,Walking,Calling,Stretching,Running,ABCD,user24
training_2705,HAU,HAU/user24/3-2-3,sequence,What is the correct temporal order of the following actions in this video?,Stretching,Calling,Typing on a keyboard,Walking,DBCA,user24
training_2706,HAU,HAU/user24/4-1-1,sequence,What is the correct temporal order of the following actions in this video?,Playing games,Using a phone,Sitting down,Folding clothes,DCBA,user24
training_2707,HAU,HAU/user24/4-1-2,sequence,What is the correct temporal order of the following actions in this video?,Using a phone,Playing games,Folding clothes,Sitting down,CDAB,user24
training_2708,HAU,HAU/user24/4-1-3,sequence,What is the correct temporal order of the following actions in this video?,Playing games,Sitting down,Using a phone,Folding clothes,DBCA,user24
training_2709,HAU,HAU/user24/5-1-1,sequence,What is the correct temporal order of the following actions in this video?,Using a phone,Listening to the music with headphones,Sitting down,Walking,DCBA,user24
training_2710,HAU,HAU/user24/5-1-2,sequence,What is the correct temporal order of the following actions in this video?,Walking,Standing up,Sitting down,Listening to the music with headphones,ACDB,user24
training_2711,HAU,HAU/user24/5-1-3,sequence,What is the correct temporal order of the following actions in this video?,Walking,Sitting down,Standing up,Listening to the music with headphones,ABDC,user24
training_2712,HAU,HAU/user24/5-3-1,sequence,What is the correct temporal order of the following actions in this video?,Watching TV,Walking,Playing games,Sitting down,BDCA,user24
training_2713,HAU,HAU/user24/5-3-2,sequence,What is the correct temporal order of the following actions in this video?,Playing games,Walking,Watching TV,Sitting down,BDAC,user24
training_2714,HAU,HAU/user24/5-3-3,sequence,What is the correct temporal order of the following actions in this video?,Sitting down,Watching TV,Playing games,Walking,DACB,user24
training_2715,HAU,HAU/user24/6-2-1,sequence,What is the correct temporal order of the following actions in this video?,Brushing teeth,Wiping hands,Walking,Washing face,CDAB,user24
training_2716,HAU,HAU/user24/6-2-2,sequence,What is the correct temporal order of the following actions in this video?,Washing face,Brushing teeth,Wiping hands,Walking,DABC,user24
training_2717,HAU,HAU/user24/6-2-3,sequence,What is the correct temporal order of the following actions in this video?,Walking,Wiping hands,Washing face,Brushing teeth,ACDB,user24
training_2718,HAU,HAU/user24/7-1-1,sequence,What is the correct temporal order of the following actions in this video?,Taking medicine,Washing face,Brushing teeth,Checking body temperature,BCAD,user24
training_2719,HAU,HAU/user24/7-1-2,sequence,What is the correct temporal order of the following actions in this video?,Taking medicine,Brushing teeth,Checking body temperature,Washing face,DBAC,user24
training_2720,HAU,HAU/user24/7-1-3,sequence,What is the correct temporal order of the following actions in this video?,Washing face,Brushing teeth,Taking medicine,Checking body temperature,ABCD,user24
training_2721,HAU,HAU/user24/7-2-1,sequence,What is the correct temporal order of the following actions in this video?,Walking,Listening to the music with headphones,Sitting down,Turning a page,ACBD,user24
training_2722,HAU,HAU/user24/7-2-2,sequence,What is the correct temporal order of the following actions in this video?,Sitting down,Walking,Reading,Listening to the music with headphones,BADC,user24
training_2723,HAU,HAU/user24/7-2-3,sequence,What is the correct temporal order of the following actions in this video?,Typing on a keyboard,Reading,Sitting down,Walking,DCBA,user24
training_2724,HAU,HAU/user1/1-1-1,emotion,What emotion does the person in the video express?,Diligently,Hastily,Calmly,Leisurely,D,user1
training_2725,HAU,HAU/user1/1-1-2,emotion,What emotion does the person in the video express?,Hastily,Leisurely,Restlessly,Calmly,D,user1
training_2726,HAU,HAU/user1/1-1-3,emotion,What emotion does the person in the video express?,Leisurely,Calmly,Softly,Hastily,D,user1
training_2727,HAU,HAU/user1/1-2-1,emotion,What emotion does the person in the video express?,Slowly,Quietly,Precisely,Quickly,A,user1
training_2728,HAU,HAU/user1/1-2-2,emotion,What emotion does the person in the video express?,Precisely,Slowly,Quickly,Tensely,A,user1
training_2729,HAU,HAU/user1/1-2-3,emotion,What emotion does the person in the video express?,Urgently,Leisurely,Calmly,Hastily,D,user1
training_2730,HAU,HAU/user1/2-1-1,emotion,What emotion does the person in the video express?,Gently,Neatly,Calmly,Hastily,A,user1
training_2731,HAU,HAU/user1/2-1-2,emotion,What emotion does the person in the video express?,Gently,Hastily,Attentively,Neatly,D,user1
training_2732,HAU,HAU/user1/2-1-3,emotion,What emotion does the person in the video express?,Neatly,Steadily,Hastily,Gently,C,user1
training_2733,HAU,HAU/user1/2-2-1,emotion,What emotion does the person in the video express?,Frantically,Slowly,Steadily,Quickly,B,user1
training_2734,HAU,HAU/user1/2-2-2,emotion,What emotion does the person in the video express?,Quickly,Slowly,Steadily,Lightly,C,user1
training_2735,HAU,HAU/user1/2-2-3,emotion,What emotion does the person in the video express?,Firmly,Quickly,Steadily,Slowly,B,user1
training_2736,HAU,HAU/user1/3-1-1,emotion,What emotion does the person in the video express?,Comfortably,Steadily,Leisurely,Hurriedly,C,user1
training_2737,HAU,HAU/user1/3-1-2,emotion,What emotion does the person in the video express?,Steadily,Leisurely,Frantically,Hurriedly,A,user1
training_2738,HAU,HAU/user1/3-1-3,emotion,What emotion does the person in the video express?,Steadily,Hurriedly,Methodically,Leisurely,B,user1
training_2739,HAU,HAU/user1/3-2-1,emotion,What emotion does the person in the video express?,Hurriedly,Briskly,Casually,Meticulously,C,user1
training_2740,HAU,HAU/user1/3-2-2,emotion,What emotion does the person in the video express?,Meticulously,Lazily,Casually,Hurriedly,A,user1
training_2741,HAU,HAU/user1/3-2-3,emotion,What emotion does the person in the video express?,Meticulously,Casually,Hurriedly,Relaxedly,C,user1
training_2742,HAU,HAU/user1/4-1-1,emotion,What emotion does the person in the video express?,Quickly,Seriously,Casually,Briskly,C,user1
training_2743,HAU,HAU/user1/4-1-2,emotion,What emotion does the person in the video express?,Casually,Gracefully,Seriously,Quickly,C,user1
training_2744,HAU,HAU/user1/4-1-3,emotion,What emotion does the person in the video express?,Casually,Quickly,Seriously,Impatiently,B,user1
training_2745,HAU,HAU/user1/5-1-1,emotion,What emotion does the person in the video express?,Steadily,Seriously,Gently,Anxiously,C,user1
training_2746,HAU,HAU/user1/5-1-2,emotion,What emotion does the person in the video express?,Steadily,Anxiously,Gently,Eagerly,A,user1
training_2747,HAU,HAU/user1/5-1-3,emotion,What emotion does the person in the video express?,Anxiously,Swiftly,Gently,Steadily,A,user1
training_2748,HAU,HAU/user1/6-1-1,emotion,What emotion does the person in the video express?,Deliberately,Slowly,Evenly,Quickly,B,user1
training_2749,HAU,HAU/user1/6-1-2,emotion,What emotion does the person in the video express?,Quickly,Slowly,Evenly,Absentmindedly,C,user1
training_2750,HAU,HAU/user1/6-1-3,emotion,What emotion does the person in the video express?,Quickly,Slowly,Evenly,Hastily,A,user1
training_2751,HAU,HAU/user1/6-2-1,emotion,What emotion does the person in the video express?,Calmly,Leisurely,Hurriedly,Orderly,B,user1
training_2752,HAU,HAU/user1/6-2-2,emotion,What emotion does the person in the video express?,Orderly,Hurriedly,Leisurely,Restlessly,A,user1
training_2753,HAU,HAU/user1/6-2-3,emotion,What emotion does the person in the video express?,Orderly,Precisely,Hurriedly,Leisurely,C,user1
training_2754,HAU,HAU/user1/7-1-1,emotion,What emotion does the person in the video express?,Calmly,Naturally,Slowly,Anxiously,C,user1
training_2755,HAU,HAU/user1/7-1-2,emotion,What emotion does the person in the video express?,Slowly,Hastily,Anxiously,Calmly,D,user1
training_2756,HAU,HAU/user1/7-1-3,emotion,What emotion does the person in the video express?,Smoothly,Calmly,Slowly,Anxiously,D,user1
training_2757,HAU,HAU/user2/1-1-1,emotion,What emotion does the person in the video express?,Frantically,Gently,Swiftly,Orderly,B,user2
training_2758,HAU,HAU/user2/1-1-2,emotion,What emotion does the person in the video express?,Frantically,Orderly,Calmly,Gently,B,user2
training_2759,HAU,HAU/user2/1-1-3,emotion,What emotion does the person in the video express?,Thoroughly,Frantically,Gently,Orderly,B,user2
training_2760,HAU,HAU/user2/1-2-1,emotion,What emotion does the person in the video express?,Joyfully,Steadily,Leisurely,Rapidly,C,user2
training_2761,HAU,HAU/user2/1-2-2,emotion,What emotion does the person in the video express?,Leisurely,Rapidly,Steadily,Intently,C,user2
training_2762,HAU,HAU/user2/1-2-3,emotion,What emotion does the person in the video express?,Steadily,Peacefully,Rapidly,Leisurely,C,user2
training_2763,HAU,HAU/user2/2-1-1,emotion,What emotion does the person in the video express?,Lightly,Quickly,Calmly,Carefully,D,user2
training_2764,HAU,HAU/user2/2-1-2,emotion,What emotion does the person in the video express?,Anxiously,Calmly,Quickly,Carefully,B,user2
training_2765,HAU,HAU/user2/2-1-3,emotion,What emotion does the person in the video express?,Quietly,Carefully,Quickly,Calmly,C,user2
training_2766,HAU,HAU/user2/2-2-1,emotion,What emotion does the person in the video express?,Joyfully,Frantically,Leisurely,Methodically,C,user2
training_2767,HAU,HAU/user2/2-2-2,emotion,What emotion does the person in the video express?,Methodically,Leisurely,Frantically,Gently,A,user2
training_2768,HAU,HAU/user2/2-2-3,emotion,What emotion does the person in the video express?,Frantically,Nervously,Leisurely,Methodically,A,user2
training_2769,HAU,HAU/user2/3-1-1,emotion,What emotion does the person in the video express?,Meticulously,Diligently,Slowly,Eagerly,C,user2
training_2770,HAU,HAU/user2/3-1-2,emotion,What emotion does the person in the video express?,Lazily,Eagerly,Meticulously,Slowly,C,user2
training_2771,HAU,HAU/user2/3-1-3,emotion,What emotion does the person in the video express?,Contently,Eagerly,Meticulously,Slowly,B,user2
training_2772,HAU,HAU/user2/3-2-2,emotion,What emotion does the person in the video express?,Slowly,Nervously,Contently,Seriously,D,user2
training_2773,HAU,HAU/user2/3-2-3,emotion,What emotion does the person in the video express?,Nervously,Slowly,Serioiusly,Casually,A,user2
training_2774,HAU,HAU/user2/4-1-1,emotion,What emotion does the person in the video express?,Leisurely,Impatiently,Evenly,Calmly,A,user2
training_2775,HAU,HAU/user2/4-1-2,emotion,What emotion does the person in the video express?,Calmly,Quickly,Leisurely,Impatiently,A,user2
training_2776,HAU,HAU/user2/4-1-3,emotion,What emotion does the person in the video express?,Seriously,Impatiently,Leisurely,Calmly,B,user2
training_2777,HAU,HAU/user2/4-2-1,emotion,What emotion does the person in the video express?,Gracefully,Hastily,Hurriedly,Neatly,A,user2
training_2778,HAU,HAU/user2/4-2-2,emotion,What emotion does the person in the video express?,Gracefully,Contently,Hurriedly,Neatly,D,user2
training_2779,HAU,HAU/user2/4-2-3,emotion,What emotion does the person in the video express?,Rapidly,Neatly,Gracefully,Hurriedly,D,user2
training_2780,HAU,HAU/user2/4-3-1,emotion,What emotion does the person in the video express?,Casually,Contently,Intently,Restlessly,B,user2
training_2781,HAU,HAU/user2/4-3-2,emotion,What emotion does the person in the video express?,Intently,Contently,Deliberately,Restlessly,A,user2
training_2782,HAU,HAU/user2/4-3-3,emotion,What emotion does the person in the video express?,Eagerly,Restlessly,Intently,Contently,B,user2
training_2783,HAU,HAU/user2/5-1-1,emotion,What emotion does the person in the video express?,Thoroughly,Smoothly,Steadily,Anxiously,B,user2
training_2784,HAU,HAU/user2/5-1-2,emotion,What emotion does the person in the video express?,Anxiously,Steadily,Joyfully,Smoothly,B,user2
training_2785,HAU,HAU/user2/5-1-3,emotion,What emotion does the person in the video express?,Smoothly,Gently,Steadily,Anxiously,D,user2
training_2786,HAU,HAU/user2/5-2-1,emotion,What emotion does the person in the video express?,Carefully,Calmly,Quickly,Hurriedly,A,user2
training_2787,HAU,HAU/user2/5-2-2,emotion,What emotion does the person in the video express?,Quickly,Hurriedly,Carefully,Naturally,A,user2
training_2788,HAU,HAU/user2/5-2-3,emotion,What emotion does the person in the video express?,Carefully,Gracefully,Hurriedly,Quickly,C,user2
training_2789,HAU,HAU/user2/6-1-1,emotion,What emotion does the person in the video express?,Gently,Quickly,Carefully,Evenly,A,user2
training_2790,HAU,HAU/user2/6-1-2,emotion,What emotion does the person in the video express?,Quickly,Gently,Rapidly,Diligently,A,user2
training_2791,HAU,HAU/user2/7-1-1,emotion,What emotion does the person in the video express?,Casually,Hurriedly,Calmly,Slowly,D,user2
training_2792,HAU,HAU/user2/7-1-2,emotion,What emotion does the person in the video express?,Slowly,Calmly,Hurriedly,Naturally,B,user2
training_2793,HAU,HAU/user2/7-1-3,emotion,What emotion does the person in the video express?,Firmly,Slowly,Calmly,Hurriedly,D,user2
training_2794,HAU,HAU/user2/7-2-1,emotion,What emotion does the person in the video express?,Eagerly,Hurriedly,quickly,Gently,D,user2
training_2795,HAU,HAU/user2/7-2-2,emotion,What emotion does the person in the video express?,Gently,Hurriedly,quickly,Rapidly,C,user2
training_2796,HAU,HAU/user2/7-2-3,emotion,What emotion does the person in the video express?,quickly,Frantically,Gently,Hurriedly,D,user2
training_2797,HAU,HAU/user2/7-3-1,emotion,What emotion does the person in the video express?,Hurriedly,Quickly,Gently,Slowly,D,user2
training_2798,HAU,HAU/user2/7-3-2,emotion,What emotion does the person in the video express?,Rapidly,Quickly,Slowly,Hurriedly,B,user2
training_2799,HAU,HAU/user2/7-3-3,emotion,What emotion does the person in the video express?,Slowly,Quickly,Hurriedly,Thoroughly,C,user2
training_2800,HAU,HAU/user3/1-1-1,emotion,What emotion does the person in the video express?,Anxiously,Calmly,Comfortably,Lazily,D,user3
training_2801,HAU,HAU/user3/1-1-2,emotion,What emotion does the person in the video express?,Anxiously,Calmly,Lazily,Gracefully,B,user3
training_2802,HAU,HAU/user3/1-1-3,emotion,What emotion does the person in the video express?,Methodically,Calmly,Anxiously,Lazily,C,user3
training_2803,HAU,HAU/user3/1-2-1,emotion,What emotion does the person in the video express?,Hastily,Attentively,Leisurely,Smoothly,C,user3
training_2804,HAU,HAU/user3/1-2-2,emotion,What emotion does the person in the video express?,Quietly,Hastily,Attentively,Leisurely,C,user3
training_2805,HAU,HAU/user3/1-2-3,emotion,What emotion does the person in the video express?,Hastily,Leisurely,Attentively,Steadily,A,user3
training_2806,HAU,HAU/user3/2-1-1,emotion,What emotion does the person in the video express?,Relaxedly,Hurriedly,Steadily,Quietly,A,user3
training_2807,HAU,HAU/user3/2-1-2,emotion,What emotion does the person in the video express?,Steadily,Tensely,Hurriedly,Relaxedly,C,user3
training_2808,HAU,HAU/user3/2-1-3,emotion,What emotion does the person in the video express?,Hurriedly,Carefully,Relaxedly,Steadily,D,user3
training_2809,HAU,HAU/user3/2-2-1,emotion,What emotion does the person in the video express?,Joyfully,Hurriedly,Slowly,Steadily,C,user3
training_2810,HAU,HAU/user3/2-2-2,emotion,What emotion does the person in the video express?,Precisely,Steadily,Slowly,Hurriedly,D,user3
training_2811,HAU,HAU/user3/2-2-3,emotion,What emotion does the person in the video express?,Slowly,Hurriedly,Steadily,Intently,C,user3
training_2812,HAU,HAU/user3/3-1-1,emotion,What emotion does the person in the video express?,Anxiously,Smoothly,Patiently,Briskly,C,user3
training_2813,HAU,HAU/user3/3-1-2,emotion,What emotion does the person in the video express?,Forcefully,Anxiously,Smoothly,Patiently,C,user3
training_2814,HAU,HAU/user3/3-1-3,emotion,What emotion does the person in the video express?,Anxiously,Quietly,Patiently,Smoothly,A,user3
training_2815,HAU,HAU/user3/3-2-1,emotion,What emotion does the person in the video express?,Gently,Urgently,Calmly,Absentmindedly,A,user3
training_2816,HAU,HAU/user3/3-2-2,emotion,What emotion does the person in the video express?,Calmly,Urgently,Gently,Intently,B,user3
training_2817,HAU,HAU/user3/3-2-3,emotion,What emotion does the person in the video express?,Urgently,Forcefully,Calmly,Gently,C,user3
training_2818,HAU,HAU/user3/4-1-1,emotion,What emotion does the person in the video express?,Soothingly,Nervously,Orderly,Hastily,A,user3
training_2819,HAU,HAU/user3/4-1-2,emotion,What emotion does the person in the video express?,Orderly,Soothingly,Absentmindedly,Nervously,A,user3
training_2820,HAU,HAU/user3/4-1-3,emotion,What emotion does the person in the video express?,Frantically,Orderly,Soothingly,Nervously,D,user3
training_2821,HAU,HAU/user3/5-1-1,emotion,What emotion does the person in the video express?,Evenly,Hastily,Attentively,Leisurely,D,user3
training_2822,HAU,HAU/user3/5-1-2,emotion,What emotion does the person in the video express?,Hastily,Softly,Leisurely,Evenly,A,user3
training_2823,HAU,HAU/user3/5-1-3,emotion,What emotion does the person in the video express?,Hastily,Attentively,Leisurely,Evenly,D,user3
training_2824,HAU,HAU/user3/5-2-1,emotion,What emotion does the person in the video express?,Anxiously,Neatly,Slowly,Calmly,C,user3
training_2825,HAU,HAU/user3/5-2-2,emotion,What emotion does the person in the video express?,Naturally,Anxiously,Calmly,Slowly,B,user3
training_2826,HAU,HAU/user3/5-2-3,emotion,What emotion does the person in the video express?,Calmly,Slowly,Orderly,Anxiously,A,user3
training_2827,HAU,HAU/user3/6-1-1,emotion,What emotion does the person in the video express?,Quickly,Gently,Calmly,Evenly,B,user3
training_2828,HAU,HAU/user3/6-1-2,emotion,What emotion does the person in the video express?,Gently,Quickly,Calmly,Evenly,C,user3
training_2829,HAU,HAU/user3/6-1-3,emotion,What emotion does the person in the video express?,Calmly,Quickly,Gently,Patiently,B,user3
training_2830,HAU,HAU/user3/6-2-1,emotion,What emotion does the person in the video express?,Meticulously,Lightly,Carefully,Hurriedly,C,user3
training_2831,HAU,HAU/user3/6-2-2,emotion,What emotion does the person in the video express?,Carefully,Hurriedly,Gently,Meticulously,D,user3
training_2832,HAU,HAU/user3/6-2-3,emotion,What emotion does the person in the video express?,Carefully,Meticulously,Hurriedly,Calmly,C,user3
training_2833,HAU,HAU/user3/7-1-1,emotion,What emotion does the person in the video express?,Leisurely,Steadily,Confidently,Briskly,A,user3
training_2834,HAU,HAU/user3/7-1-2,emotion,What emotion does the person in the video express?,Leisurely,Briskly,Casually,Steadily,D,user3
training_2835,HAU,HAU/user3/7-1-3,emotion,What emotion does the person in the video express?,Cautiously,Leisurely,Briskly,Steadily,C,user3
training_2836,HAU,HAU/user4/1-1-1,emotion,What emotion does the person in the video express?,Slowly,Rapidly,Hurriedly,Steadily,A,user4
training_2837,HAU,HAU/user4/1-1-2,emotion,What emotion does the person in the video express?,Slowly,Steadily,Confidently,Rapidly,B,user4
training_2838,HAU,HAU/user4/1-1-3,emotion,What emotion does the person in the video express?,Rapidly,Steadily,Quickly,Slowly,A,user4
training_2839,HAU,HAU/user4/1-2-1,emotion,What emotion does the person in the video express?,Neatly,Calmly,Patiently,Frantically,C,user4
training_2840,HAU,HAU/user4/1-2-2,emotion,What emotion does the person in the video express?,Calmly,Frantically,Patiently,Attentively,A,user4
training_2841,HAU,HAU/user4/1-2-3,emotion,What emotion does the person in the video express?,Hurriedly,Frantically,Patiently,Calmly,B,user4
training_2842,HAU,HAU/user4/2-1-1,emotion,What emotion does the person in the video express?,Carefully,Calmly,Relaxedly,Hastily,A,user4
training_2843,HAU,HAU/user4/2-1-2,emotion,What emotion does the person in the video express?,Carefully,Calmly,Attentively,Hastily,B,user4
training_2844,HAU,HAU/user4/2-1-3,emotion,What emotion does the person in the video express?,Hastily,Calmly,Seriously,Carefully,A,user4
training_2845,HAU,HAU/user4/2-2-1,emotion,What emotion does the person in the video express?,Diligently,Slowly,Rapidly,Soothingly,B,user4
training_2846,HAU,HAU/user4/2-2-2,emotion,What emotion does the person in the video express?,Slowly,Diligently,Rapidly,Gently,B,user4
training_2847,HAU,HAU/user4/2-2-3,emotion,What emotion does the person in the video express?,Slowly,Rapidly,Diligently,Gracefully,B,user4
training_2848,HAU,HAU/user4/3-2-1,emotion,What emotion does the person in the video express?,Leisurely,Steadily,Lazily,Urgently,A,user4
training_2849,HAU,HAU/user4/3-2-2,emotion,What emotion does the person in the video express?,Leisurely,Hastily,Steadily,Urgently,C,user4
training_2850,HAU,HAU/user4/3-2-3,emotion,What emotion does the person in the video express?,Leisurely,Urgently,Tensely,Steadily,B,user4
training_2851,HAU,HAU/user4/4-1-1,emotion,What emotion does the person in the video express?,Anxiously,Attentively,Firmly,Gently,D,user4
training_2852,HAU,HAU/user4/4-1-2,emotion,What emotion does the person in the video express?,Gently,Joyfully,Anxiously,Attentively,D,user4
training_2853,HAU,HAU/user4/4-1-3,emotion,What emotion does the person in the video express?,Smoothly,Gently,Anxiously,Attentively,C,user4
training_2854,HAU,HAU/user4/4-2-1,emotion,What emotion does the person in the video express?,Hurriedly,Steadily,Softly,Gently,D,user4
training_2855,HAU,HAU/user4/4-2-2,emotion,What emotion does the person in the video express?,Steadily,Hurriedly,Gently,Gracefully,A,user4
training_2856,HAU,HAU/user4/4-2-3,emotion,What emotion does the person in the video express?,Lightly,Gently,Hurriedly,Steadily,C,user4
training_2857,HAU,HAU/user4/5-1-1,emotion,What emotion does the person in the video express?,Calmly,Carefully,Quickly,Leisurely,A,user4
training_2858,HAU,HAU/user4/5-1-2,emotion,What emotion does the person in the video express?,Calmly,Leisurely,Precisely,Quickly,B,user4
training_2859,HAU,HAU/user4/5-1-3,emotion,What emotion does the person in the video express?,Lazily,Quickly,Calmly,Leisurely,B,user4
training_2860,HAU,HAU/user4/5-2-1,emotion,What emotion does the person in the video express?,Steadily,Hastily,Quickly,Leisurely,A,user4
training_2861,HAU,HAU/user4/5-2-2,emotion,What emotion does the person in the video express?,Steadily,Quietly,Leisurely,Quickly,C,user4
training_2862,HAU,HAU/user4/5-2-3,emotion,What emotion does the person in the video express?,Steadily,Carefully,Quickly,Leisurely,C,user4
training_2863,HAU,HAU/user4/6-1-1,emotion,What emotion does the person in the video express?,Hurriedly,Precisely,Relaxedly,Smoothly,C,user4
training_2864,HAU,HAU/user4/6-1-2,emotion,What emotion does the person in the video express?,Relaxedly,Hurriedly,Soothingly,Smoothly,D,user4
training_2865,HAU,HAU/user4/6-1-3,emotion,What emotion does the person in the video express?,Smoothly,Relaxedly,Hurriedly,Deliberately,C,user4
training_2866,HAU,HAU/user4/7-1-1,emotion,What emotion does the person in the video express?,Cautiously,Firmly,Hastily,Smoothly,A,user4
training_2867,HAU,HAU/user4/7-1-2,emotion,What emotion does the person in the video express?,Confidently,Smoothly,Cautiously,Hastily,B,user4
training_2868,HAU,HAU/user4/7-1-3,emotion,What emotion does the person in the video express?,Smoothly,Impatiently,Cautiously,Hastily,D,user4
training_2869,HAU,HAU/user4/7-2-1,emotion,What emotion does the person in the video express?,Hurriedly,Leisurely,Calmly,Slowly,D,user4
training_2870,HAU,HAU/user4/7-2-2,emotion,What emotion does the person in the video express?,Hurriedly,Slowly,Confidently,Calmly,D,user4
training_2871,HAU,HAU/user4/7-2-3,emotion,What emotion does the person in the video express?,Calmly,Briskly,Hurriedly,Slowly,C,user4
training_2872,HAU,HAU/user5/1-1-1,emotion,What emotion does the person in the video express?,Anxiously,Carefully,Gently,Hastily,C,user5
training_2873,HAU,HAU/user5/1-1-2,emotion,What emotion does the person in the video express?,Carefully,Hastily,Gently,Comfortably,A,user5
training_2874,HAU,HAU/user5/1-1-3,emotion,What emotion does the person in the video express?,Smoothly,Hastily,Carefully,Gently,B,user5
training_2875,HAU,HAU/user5/1-2-1,emotion,What emotion does the person in the video express?,Lazily,Briskly,Leisurely,Steadily,C,user5
training_2876,HAU,HAU/user5/1-2-2,emotion,What emotion does the person in the video express?,Briskly,Unhurriedly,Leisurely,Steadily,D,user5
training_2877,HAU,HAU/user5/1-2-3,emotion,What emotion does the person in the video express?,Leisurely,Steadily,Meticulously,Briskly,D,user5
training_2878,HAU,HAU/user5/2-1-1,emotion,What emotion does the person in the video express?,Leisurely,Calmly,Hurriedly,Soothingly,A,user5
training_2879,HAU,HAU/user5/2-1-2,emotion,What emotion does the person in the video express?,Calmly,Leisurely,Hurriedly,Lightly,A,user5
training_2880,HAU,HAU/user5/2-1-3,emotion,What emotion does the person in the video express?,Hurriedly,Calmly,Leisurely,Naturally,A,user5
training_2881,HAU,HAU/user5/3-1-1,emotion,What emotion does the person in the video express?,Intently,Precisely,Slowly,Quickly,A,user5
training_2882,HAU,HAU/user5/3-1-2,emotion,What emotion does the person in the video express?,Quickly,Slowly,Hastily,Intently,B,user5
training_2883,HAU,HAU/user5/3-1-3,emotion,What emotion does the person in the video express?,Intently,Quickly,Peacefully,Slowly,B,user5
training_2884,HAU,HAU/user5/3-2-1,emotion,What emotion does the person in the video express?,Slowly,Swiftly,Forcefully,Hurriedly,A,user5
training_2885,HAU,HAU/user5/3-2-2,emotion,What emotion does the person in the video express?,Hurriedly,Swiftly,Seriously,Slowly,B,user5
training_2886,HAU,HAU/user5/3-2-3,emotion,What emotion does the person in the video express?,Swiftly,Slowly,Gently,Hurriedly,D,user5
training_2887,HAU,HAU/user5/4-1-1,emotion,What emotion does the person in the video express?,Leisurely,Forcefully,Hurriedly,Calmly,A,user5
training_2888,HAU,HAU/user5/4-1-2,emotion,What emotion does the person in the video express?,Contently,Leisurely,Calmly,Hurriedly,C,user5
training_2889,HAU,HAU/user5/4-1-3,emotion,What emotion does the person in the video express?,Deliberately,Calmly,Hurriedly,Leisurely,C,user5
training_2890,HAU,HAU/user5/4-2-1,emotion,What emotion does the person in the video express?,Hastily,Evenly,Seriously,Slowly,D,user5
training_2891,HAU,HAU/user5/4-2-2,emotion,What emotion does the person in the video express?,Absentmindedly,Slowly,Hastily,Evenly,D,user5
training_2892,HAU,HAU/user5/4-2-3,emotion,What emotion does the person in the video express?,Evenly,Patiently,Slowly,Hastily,D,user5
training_2893,HAU,HAU/user5/4-3-1,emotion,What emotion does the person in the video express?,Hastily,Quietly,Calmly,Firmly,B,user5
training_2894,HAU,HAU/user5/4-3-2,emotion,What emotion does the person in the video express?,Quietly,Calmly,Frantically,Hastily,B,user5
training_2895,HAU,HAU/user5/4-3-3,emotion,What emotion does the person in the video express?,Calmly,Hastily,Quietly,Precisely,B,user5
training_2896,HAU,HAU/user5/5-1-1,emotion,What emotion does the person in the video express?,Hastily,Firmly,Hurriedly,Meticulously,D,user5
training_2897,HAU,HAU/user5/5-1-2,emotion,What emotion does the person in the video express?,Meticulously,Firmly,Hurriedly,Anxiously,B,user5
training_2898,HAU,HAU/user5/5-1-3,emotion,What emotion does the person in the video express?,Firmly,Hurriedly,Meticulously,Gently,B,user5
training_2899,HAU,HAU/user5/5-2-1,emotion,What emotion does the person in the video express?,Steadily,Slowly,Attentively,Quickly,B,user5
training_2900,HAU,HAU/user5/5-2-2,emotion,What emotion does the person in the video express?,Quickly,Slowly,Steadily,Unhurriedly,C,user5
training_2901,HAU,HAU/user5/5-2-3,emotion,What emotion does the person in the video express?,Seriously,Slowly,Quickly,Steadily,C,user5
training_2902,HAU,HAU/user5/6-1-1,emotion,What emotion does the person in the video express?,Softly,Slowly,Orderly,Hastily,B,user5
training_2903,HAU,HAU/user5/6-1-2,emotion,What emotion does the person in the video express?,Contently,Orderly,Slowly,Hastily,B,user5
training_2904,HAU,HAU/user5/6-1-3,emotion,What emotion does the person in the video express?,Hastily,Gracefully,Orderly,Slowly,A,user5
training_2905,HAU,HAU/user5/6-2-1,emotion,What emotion does the person in the video express?,Slowly,Urgently,Relaxedly,Steadily,A,user5
training_2906,HAU,HAU/user5/6-2-2,emotion,What emotion does the person in the video express?,Slowly,Urgently,Neatly,Steadily,D,user5
training_2907,HAU,HAU/user5/6-2-3,emotion,What emotion does the person in the video express?,Urgently,Restlessly,Steadily,Slowly,A,user5
training_2908,HAU,HAU/user5/7-1-1,emotion,What emotion does the person in the video express?,Restlessly,Calmly,Anxiously,Gently,D,user5
training_2909,HAU,HAU/user5/7-1-2,emotion,What emotion does the person in the video express?,Lazily,Anxiously,Calmly,Gently,C,user5
training_2910,HAU,HAU/user5/7-1-3,emotion,What emotion does the person in the video express?,Gently,Anxiously,Leisurely,Calmly,B,user5
training_2911,HAU,HAU/user5/7-2-1,emotion,What emotion does the person in the video express?,Slowly,Briskly,Quickly,Hurriedly,A,user5
training_2912,HAU,HAU/user5/7-2-2,emotion,What emotion does the person in the video express?,Quickly,Methodically,Hurriedly,Slowly,A,user5
training_2913,HAU,HAU/user5/7-2-3,emotion,What emotion does the person in the video express?,Slowly,Naturally,Hurriedly,Quickly,C,user5
training_2914,HAU,HAU/user6/1-1-1,emotion,What emotion does the person in the video express?,Hurriedly,Calmly,Eagerly,Softly,D,user6
training_2915,HAU,HAU/user6/1-1-2,emotion,What emotion does the person in the video express?,Carefully,Hurriedly,Calmly,Softly,C,user6
training_2916,HAU,HAU/user6/1-1-3,emotion,What emotion does the person in the video express?,Hurriedly,Calmly,Softly,Firmly,A,user6
training_2917,HAU,HAU/user6/1-2-1,emotion,What emotion does the person in the video express?,Patiently,Slowly,Peacefully,Hurriedly,B,user6
training_2918,HAU,HAU/user6/1-2-2,emotion,What emotion does the person in the video express?,Neatly,Hurriedly,Slowly,Peacefully,D,user6
training_2919,HAU,HAU/user6/1-2-3,emotion,What emotion does the person in the video express?,Hurriedly,Slowly,Peacefully,Attentively,A,user6
training_2920,HAU,HAU/user6/2-1-1,emotion,What emotion does the person in the video express?,Quickly,Calmly,Neatly,Leisurely,D,user6
training_2921,HAU,HAU/user6/2-1-2,emotion,What emotion does the person in the video express?,Quickly,Leisurely,Calmly,Precisely,C,user6
training_2922,HAU,HAU/user6/2-1-3,emotion,What emotion does the person in the video express?,Calmly,Leisurely,Quickly,Frantically,C,user6
training_2923,HAU,HAU/user6/2-2-1,emotion,What emotion does the person in the video express?,Steadily,Slowly,Hastily,Seriously,B,user6
training_2924,HAU,HAU/user6/2-2-2,emotion,What emotion does the person in the video express?,Hastily,Seriously,Smoothly,Slowly,B,user6
training_2925,HAU,HAU/user6/2-2-3,emotion,What emotion does the person in the video express?,Slowly,Hastily,Seriously,Unhurriedly,B,user6
training_2926,HAU,HAU/user6/2-3-1,emotion,What emotion does the person in the video express?,Hurriedly,Calmly,Patiently,Evenly,C,user6
training_2927,HAU,HAU/user6/2-3-2,emotion,What emotion does the person in the video express?,Hurriedly,Patiently,Calmly,Leisurely,C,user6
training_2928,HAU,HAU/user6/2-3-3,emotion,What emotion does the person in the video express?,Patiently,Calmly,Hurriedly,Gently,C,user6
training_2929,HAU,HAU/user6/3-1-1,emotion,What emotion does the person in the video express?,Meticulously,Orderly,Leisurely,Frantically,C,user6
training_2930,HAU,HAU/user6/3-1-2,emotion,What emotion does the person in the video express?,Eagerly,Orderly,Leisurely,Frantically,B,user6
training_2931,HAU,HAU/user6/3-1-3,emotion,What emotion does the person in the video express?,Frantically,Confidently,Leisurely,Orderly,A,user6
training_2932,HAU,HAU/user6/3-2-1,emotion,What emotion does the person in the video express?,Patiently,Nervously,Anxiously,Attentively,A,user6
training_2933,HAU,HAU/user6/3-2-2,emotion,What emotion does the person in the video express?,Joyfully,Attentively,Patiently,Nervously,B,user6
training_2934,HAU,HAU/user6/3-2-3,emotion,What emotion does the person in the video express?,Nervously,Attentively,Patiently,Orderly,A,user6
training_2935,HAU,HAU/user6/3-3-1,emotion,What emotion does the person in the video express?,Meticulously,Carefully,Gently,Quickly,B,user6
training_2936,HAU,HAU/user6/3-3-2,emotion,What emotion does the person in the video express?,Quickly,Meticulously,Carefully,Frantically,B,user6
training_2937,HAU,HAU/user6/3-3-3,emotion,What emotion does the person in the video express?,Quickly,Carefully,Contently,Meticulously,A,user6
training_2938,HAU,HAU/user6/4-1-1,emotion,What emotion does the person in the video express?,Leisurely,Casually,Calmly,Anxiously,A,user6
training_2939,HAU,HAU/user6/4-1-2,emotion,What emotion does the person in the video express?,Leisurely,Anxiously,Calmly,Absentmindedly,C,user6
training_2940,HAU,HAU/user6/4-1-3,emotion,What emotion does the person in the video express?,Leisurely,Urgently,Anxiously,Calmly,C,user6
training_2941,HAU,HAU/user6/5-1-1,emotion,What emotion does the person in the video express?,Lazily,Impatiently,Precisely,Quietly,A,user6
training_2942,HAU,HAU/user6/5-1-2,emotion,What emotion does the person in the video express?,Precisely,Lazily,Impatiently,Quietly,D,user6
training_2943,HAU,HAU/user6/5-1-3,emotion,What emotion does the person in the video express?,Anxiously,Lazily,Quietly,Impatiently,D,user6
training_2944,HAU,HAU/user6/5-2-1,emotion,What emotion does the person in the video express?,Steadily,Quickly,Orderly,Slowly,D,user6
training_2945,HAU,HAU/user6/5-2-2,emotion,What emotion does the person in the video express?,Eagerly,Steadily,Quickly,Slowly,B,user6
training_2946,HAU,HAU/user6/5-2-3,emotion,What emotion does the person in the video express?,Quickly,Steadily,Seriously,Slowly,A,user6
training_2947,HAU,HAU/user6/5-3-1,emotion,What emotion does the person in the video express?,Slowly,Hastily,Carefully,Calmly,A,user6
training_2948,HAU,HAU/user6/5-3-2,emotion,What emotion does the person in the video express?,Hastily,Slowly,Calmly,Forcefully,C,user6
training_2949,HAU,HAU/user6/5-3-3,emotion,What emotion does the person in the video express?,Hastily,Thoroughly,Calmly,Slowly,A,user6
training_2950,HAU,HAU/user6/6-1-1,emotion,What emotion does the person in the video express?,Leisurely,Quickly,Steadily,Softly,A,user6
training_2951,HAU,HAU/user6/6-1-2,emotion,What emotion does the person in the video express?,Quickly,Steadily,Leisurely,Nervously,A,user6
training_2952,HAU,HAU/user6/6-1-3,emotion,What emotion does the person in the video express?,Steadily,Leisurely,Nervously,Quickly,A,user6
training_2953,HAU,HAU/user6/6-2-1,emotion,What emotion does the person in the video express?,Impatiently,Casually,Orderly,Softly,B,user6
training_2954,HAU,HAU/user6/6-2-2,emotion,What emotion does the person in the video express?,Orderly,Casually,Impatiently,Thoroughly,C,user6
training_2955,HAU,HAU/user6/6-2-3,emotion,What emotion does the person in the video express?,Impatiently,Orderly,Contently,Casually,B,user6
training_2956,HAU,HAU/user6/7-1-1,emotion,What emotion does the person in the video express?,Quickly,Gently,Joyfully,Steadily,B,user6
training_2957,HAU,HAU/user6/7-1-2,emotion,What emotion does the person in the video express?,Quickly,Steadily,Peacefully,Gently,B,user6
training_2958,HAU,HAU/user6/7-1-3,emotion,What emotion does the person in the video express?,Gently,Diligently,Quickly,Steadily,C,user6
training_2959,HAU,HAU/user6/7-2-1,emotion,What emotion does the person in the video express?,Hurriedly,Steadily,Rapidly,Gracefully,D,user6
training_2960,HAU,HAU/user6/7-2-2,emotion,What emotion does the person in the video express?,Hurriedly,Steadily,Gracefully,Anxiously,B,user6
training_2961,HAU,HAU/user6/7-2-3,emotion,What emotion does the person in the video express?,Steadily,Hurriedly,Gracefully,Orderly,B,user6
training_2962,HAU,HAU/user6/7-3-1,emotion,What emotion does the person in the video express?,Orderly,Carefully,Rapidly,Peacefully,D,user6
training_2963,HAU,HAU/user6/7-3-2,emotion,What emotion does the person in the video express?,Rapidly,Carefully,Peacefully,Joyfully,B,user6
training_2964,HAU,HAU/user6/7-3-3,emotion,What emotion does the person in the video express?,Rapidly,Peacefully,Restlessly,Carefully,A,user6
training_2965,HAU,HAU/user7/1-1-1,emotion,What emotion does the person in the video express?,Rapidly,Steadily,Meticulously,Naturally,C,user7
training_2966,HAU,HAU/user7/1-1-2,emotion,What emotion does the person in the video express?,Slowly,Meticulously,Steadily,Rapidly,C,user7
training_2967,HAU,HAU/user7/1-1-3,emotion,What emotion does the person in the video express?,Steadily,Meticulously,Rapidly,Earnestly,C,user7
training_2968,HAU,HAU/user7/1-2-1,emotion,What emotion does the person in the video express?,Calmly,Hurriedly,Gracefully,Urgently,C,user7
training_2969,HAU,HAU/user7/1-2-2,emotion,What emotion does the person in the video express?,Hurriedly,Gracefully,Calmly,Tensely,A,user7
training_2970,HAU,HAU/user7/1-2-3,emotion,What emotion does the person in the video express?,Lazily,Gracefully,Calmly,Hurriedly,C,user7
training_2971,HAU,HAU/user7/2-1-1,emotion,What emotion does the person in the video express?,Hastily,Carefully,Calmly,Leisurely,D,user7
training_2972,HAU,HAU/user7/2-1-2,emotion,What emotion does the person in the video express?,Hastily,Leisurely,Briskly,Calmly,D,user7
training_2973,HAU,HAU/user7/2-1-3,emotion,What emotion does the person in the video express?,Lightly,Calmly,Hastily,Leisurely,C,user7
training_2974,HAU,HAU/user7/2-2-1,emotion,What emotion does the person in the video express?,Rapidly,Slowly,Quietly,Steadily,B,user7
training_2975,HAU,HAU/user7/2-2-2,emotion,What emotion does the person in the video express?,Steadily,Slowly,Rapidly,Impatiently,A,user7
training_2976,HAU,HAU/user7/2-2-3,emotion,What emotion does the person in the video express?,Slowly,Intently,Rapidly,Steadily,C,user7
training_2977,HAU,HAU/user7/3-1-1,emotion,What emotion does the person in the video express?,Slowly,Gently,Smoothly,Quickly,B,user7
training_2978,HAU,HAU/user7/3-1-2,emotion,What emotion does the person in the video express?,Calmly,Gently,Smoothly,Quickly,C,user7
training_2979,HAU,HAU/user7/3-1-3,emotion,What emotion does the person in the video express?,Nervously,Gently,Smoothly,Quickly,D,user7
training_2980,HAU,HAU/user7/3-2-1,emotion,What emotion does the person in the video express?,Slowly,Steadily,Absentmindedly,Quickly,A,user7
training_2981,HAU,HAU/user7/3-2-2,emotion,What emotion does the person in the video express?,Calmly,Quickly,Slowly,Steadily,D,user7
training_2982,HAU,HAU/user7/3-2-3,emotion,What emotion does the person in the video express?,Slowly,Peacefully,Steadily,Quickly,D,user7
training_2983,HAU,HAU/user7/3-3-1,emotion,What emotion does the person in the video express?,Orderly,Gently,Hasitly,Steadily,B,user7
training_2985,HAU,HAU/user7/3-3-3,emotion,What emotion does the person in the video express?,Hasitly,Slowly,Steadily,Gently,A,user7
training_2986,HAU,HAU/user7/4-1-1,emotion,What emotion does the person in the video express?,Hurriedly,Leisurely,Steadily,Urgently,B,user7
training_2987,HAU,HAU/user7/4-1-2,emotion,What emotion does the person in the video express?,Precisely,Steadily,Hurriedly,Leisurely,B,user7
training_2988,HAU,HAU/user7/4-1-3,emotion,What emotion does the person in the video express?,Leisurely,Tensely,Steadily,Hurriedly,D,user7
training_2989,HAU,HAU/user7/5-1-1,emotion,What emotion does the person in the video express?,Slowly,Impatiently,Attentively,Firmly,A,user7
training_2990,HAU,HAU/user7/5-1-2,emotion,What emotion does the person in the video express?,Impatiently,Slowly,Hastily,Attentively,D,user7
training_2991,HAU,HAU/user7/5-1-3,emotion,What emotion does the person in the video express?,Slowly,Impatiently,Attentively,Methodically,B,user7
training_2992,HAU,HAU/user7/5-2-1,emotion,What emotion does the person in the video express?,Casually,Impatiently,Hurriedly,Smoothly,A,user7
training_2993,HAU,HAU/user7/5-2-2,emotion,What emotion does the person in the video express?,Smoothly,Casually,Earnestly,Hurriedly,A,user7
training_2994,HAU,HAU/user7/5-2-3,emotion,What emotion does the person in the video express?,Casually,Hurriedly,Intently,Smoothly,B,user7
training_2995,HAU,HAU/user7/5-3-1,emotion,What emotion does the person in the video express?,Neatly,Meticulously,Anxiously,Unhurriedly,D,user7
training_2996,HAU,HAU/user7/5-3-2,emotion,What emotion does the person in the video express?,Neatly,Anxiously,Calmly,Unhurriedly,A,user7
training_2997,HAU,HAU/user7/5-3-3,emotion,What emotion does the person in the video express?,Anxiously,Unhurriedly,Neatly,Orderly,A,user7
training_2998,HAU,HAU/user7/6-1-1,emotion,What emotion does the person in the video express?,Hastily,Naturally,Slowly,Urgently,C,user7
training_2999,HAU,HAU/user7/6-1-2,emotion,What emotion does the person in the video express?,Slowly,Smoothly,Naturally,Hastily,C,user7
training_3000,HAU,HAU/user7/6-1-3,emotion,What emotion does the person in the video express?,Slowly,Hastily,Naturally,Soothingly,B,user7
training_3001,HAU,HAU/user7/6-2-1,emotion,What emotion does the person in the video express?,Tensly,Steadily,Diligently,Leisurely,D,user7
training_3002,HAU,HAU/user7/6-2-2,emotion,What emotion does the person in the video express?,Steadily,Leisurely,Patiently,Tensly,A,user7
training_3003,HAU,HAU/user7/6-2-3,emotion,What emotion does the person in the video express?,Hurriedly,Leisurely,Steadily,Tensly,D,user7
training_3004,HAU,HAU/user7/6-3-1,emotion,What emotion does the person in the video express?,Gracefully,Quietly,Hurriedly,Smoothly,B,user7
training_3006,HAU,HAU/user7/6-3-3,emotion,What emotion does the person in the video express?,Hurriedly,Smoothly,Quietly,Joyfully,A,user7
training_3007,HAU,HAU/user7/7-1-1,emotion,What emotion does the person in the video express?,Calmly,Gently,Frantically,Quickly,B,user7
training_3008,HAU,HAU/user7/7-1-2,emotion,What emotion does the person in the video express?,Quickly,Calmly,Gently,Comfortably,B,user7
training_3009,HAU,HAU/user7/7-1-3,emotion,What emotion does the person in the video express?,Quickly,Frantically,Gently,Calmly,A,user7
training_3010,HAU,HAU/user7/7-2-1,emotion,What emotion does the person in the video express?,Cautiously,Slowly,Hastily,Neatly,B,user7
training_3011,HAU,HAU/user7/7-2-2,emotion,What emotion does the person in the video express?,Slowly,Hastily,Neatly,Orderly,C,user7
training_3012,HAU,HAU/user7/7-2-3,emotion,What emotion does the person in the video express?,Slowly,Hastily,Methodically,Neatly,B,user7
training_3013,HAU,HAU/user8/1-1-1,emotion,What emotion does the person in the video express?,Unhurriedly,Intently,Orderly,Absentmindedly,A,user8
training_3014,HAU,HAU/user8/1-1-2,emotion,What emotion does the person in the video express?,Eagerly,Absentmindedly,Intently,Unhurriedly,C,user8
training_3015,HAU,HAU/user8/1-1-3,emotion,What emotion does the person in the video express?,Absentmindedly,Quietly,Unhurriedly,Intently,A,user8
training_3016,HAU,HAU/user8/1-2-1,emotion,What emotion does the person in the video express?,Briskly,Lazily,Contently,Soothingly,C,user8
training_3017,HAU,HAU/user8/1-2-2,emotion,What emotion does the person in the video express?,Briskly,Contently,Lazily,Deliberately,A,user8
training_3018,HAU,HAU/user8/1-2-3,emotion,What emotion does the person in the video express?,Contently,Earnestly,Briskly,Lazily,D,user8
training_3019,HAU,HAU/user8/2-1-1,emotion,What emotion does the person in the video express?,Relaxedly,Attentively,Leisurely,Nervously,A,user8
training_3020,HAU,HAU/user8/2-1-2,emotion,What emotion does the person in the video express?,Attentively,Nervously,Relaxedly,Briskly,A,user8
training_3021,HAU,HAU/user8/2-1-3,emotion,What emotion does the person in the video express?,Lightly,Attentively,Nervously,Relaxedly,C,user8
training_3022,HAU,HAU/user8/2-2-1,emotion,What emotion does the person in the video express?,Briskly,Meticulously,Nervously,Hastily,B,user8
training_3023,HAU,HAU/user8/2-2-2,emotion,What emotion does the person in the video express?,Meticulously,Hastily,Confidently,Briskly,D,user8
training_3024,HAU,HAU/user8/2-2-3,emotion,What emotion does the person in the video express?,Hastily,Thoroughly,Briskly,Meticulously,A,user8
training_3025,HAU,HAU/user8/3-1-1,emotion,What emotion does the person in the video express?,Precisely,Deliberately,Quickly,Earnestly,B,user8
training_3026,HAU,HAU/user8/3-1-2,emotion,What emotion does the person in the video express?,Precisely,Quickly,Softly,Deliberately,B,user8
training_3027,HAU,HAU/user8/3-1-3,emotion,What emotion does the person in the video express?,Urgently,Deliberately,Quickly,Precisely,D,user8
training_3028,HAU,HAU/user8/3-2-1,emotion,What emotion does the person in the video express?,Evenly,Deliberately,Rapidly,Leisurely,D,user8
training_3029,HAU,HAU/user8/3-2-2,emotion,What emotion does the person in the video express?,Earnestly,Leisurely,Rapidly,Evenly,C,user8
training_3030,HAU,HAU/user8/3-2-3,emotion,What emotion does the person in the video express?,Lazily,Evenly,Rapidly,Leisurely,B,user8
training_3031,HAU,HAU/user8/3-3-1,emotion,What emotion does the person in the video express?,Thoroughly,Carefully,Gently,Quickly,C,user8
training_3032,HAU,HAU/user8/3-3-2,emotion,What emotion does the person in the video express?,Gently,Quickly,Thoroughly,Urgently,B,user8
training_3033,HAU,HAU/user8/3-3-3,emotion,What emotion does the person in the video express?,Unhurriedly,Quickly,Thoroughly,Gently,C,user8
training_3034,HAU,HAU/user8/4-1-1,emotion,What emotion does the person in the video express?,Steadily,Rapidly,Quietly,Methodically,C,user8
training_3035,HAU,HAU/user8/4-1-2,emotion,What emotion does the person in the video express?,Steadily,Rapidly,Hurriedly,Quietly,B,user8
training_3036,HAU,HAU/user8/4-1-3,emotion,What emotion does the person in the video express?,Steadily,Precisely,Quietly,Rapidly,A,user8
training_3037,HAU,HAU/user8/4-2-1,emotion,What emotion does the person in the video express?,Briskly,Cautiously,Orderly,Rapidly,B,user8
training_3038,HAU,HAU/user8/4-2-2,emotion,What emotion does the person in the video express?,Eagerly,Cautiously,Orderly,Briskly,D,user8
training_3039,HAU,HAU/user8/4-2-3,emotion,What emotion does the person in the video express?,Orderly,Meticulously,Cautiously,Briskly,A,user8
training_3040,HAU,HAU/user8/5-1-1,emotion,What emotion does the person in the video express?,Gracefully,Anxiously,Peacefully,Swiftly,A,user8
training_3041,HAU,HAU/user8/5-1-2,emotion,What emotion does the person in the video express?,Peacefully,Steadily,Anxiously,Gracefully,A,user8
training_3042,HAU,HAU/user8/5-1-3,emotion,What emotion does the person in the video express?,Unhurriedly,Anxiously,Peacefully,Gracefully,B,user8
training_3043,HAU,HAU/user8/6-1-1,emotion,What emotion does the person in the video express?,Calmly,Slowly,Rapidly,Thoroughly,B,user8
training_3044,HAU,HAU/user8/6-1-2,emotion,What emotion does the person in the video express?,Rapidly,Eagerly,Calmly,Slowly,A,user8
training_3045,HAU,HAU/user8/6-1-3,emotion,What emotion does the person in the video express?,Slowly,Calmly,Rapidly,Nervously,B,user8
training_3046,HAU,HAU/user8/6-2-1,emotion,What emotion does the person in the video express?,Briskly,Naturally,Frantically,Gently,D,user8
training_3047,HAU,HAU/user8/6-2-2,emotion,What emotion does the person in the video express?,Naturally,Gently,Nervously,Frantically,D,user8
training_3048,HAU,HAU/user8/6-2-3,emotion,What emotion does the person in the video express?,Cautiously,Frantically,Naturally,Gently,C,user8
training_3049,HAU,HAU/user8/7-1-1,emotion,What emotion does the person in the video express?,Slowly,Anxiously,Eagerly,Calmly,A,user8
training_3050,HAU,HAU/user8/7-1-2,emotion,What emotion does the person in the video express?,Calmly,Orderly,Anxiously,Slowly,A,user8
training_3051,HAU,HAU/user8/7-1-3,emotion,What emotion does the person in the video express?,Slowly,Neatly,Calmly,Anxiously,D,user8
training_3052,HAU,HAU/user8/7-2-1,emotion,What emotion does the person in the video express?,Quickly,Slowly,Nervously,Hurriedly,B,user8
training_3053,HAU,HAU/user8/7-2-2,emotion,What emotion does the person in the video express?,Slowly,Hurriedly,Anxiously,Quickly,D,user8
training_3054,HAU,HAU/user8/7-2-3,emotion,What emotion does the person in the video express?,Confidently,Quickly,Slowly,Hurriedly,D,user8
training_3055,HAU,HAU/user9/1-1-1,emotion,What emotion does the person in the video express?,Briskly,Carefully,Hurriedly,Unhurriedly,D,user9
training_3056,HAU,HAU/user9/1-1-2,emotion,What emotion does the person in the video express?,Unhurriedly,Carefully,Thoroughly,Briskly,D,user9
training_3057,HAU,HAU/user9/1-1-3,emotion,What emotion does the person in the video express?,Carefully,Swiftly,Unhurriedly,Briskly,A,user9
training_3058,HAU,HAU/user9/1-2-1,emotion,What emotion does the person in the video express?,Gently,Diligently,Attentively,Rapidly,A,user9
training_3059,HAU,HAU/user9/1-2-2,emotion,What emotion does the person in the video express?,Gently,Rapidly,Attentively,Briskly,B,user9
training_3060,HAU,HAU/user9/1-2-3,emotion,What emotion does the person in the video express?,Soothingly,Attentively,Rapidly,Gently,B,user9
training_3061,HAU,HAU/user9/2-1-1,emotion,What emotion does the person in the video express?,Methodically,Nervously,Smoothly,Urgently,C,user9
training_3062,HAU,HAU/user9/2-1-2,emotion,What emotion does the person in the video express?,Methodically,Urgently,Casually,Smoothly,A,user9
training_3063,HAU,HAU/user9/2-1-3,emotion,What emotion does the person in the video express?,Smoothly,Tensely,Methodically,Urgently,D,user9
training_3064,HAU,HAU/user9/2-2-1,emotion,What emotion does the person in the video express?,Steadily,Quickly,Firmly,Slowly,D,user9
training_3065,HAU,HAU/user9/2-2-2,emotion,What emotion does the person in the video express?,Contently,Quickly,Steadily,Slowly,C,user9
training_3066,HAU,HAU/user9/2-2-3,emotion,What emotion does the person in the video express?,Steadily,Quickly,Methodically,Slowly,B,user9
training_3067,HAU,HAU/user9/2-3-1,emotion,What emotion does the person in the video express?,Orderly,Casually,Hurriedly,Carefully,D,user9
training_3068,HAU,HAU/user9/2-3-2,emotion,What emotion does the person in the video express?,Orderly,Hurriedly,Swiftly,Carefully,A,user9
training_3069,HAU,HAU/user9/2-3-3,emotion,What emotion does the person in the video express?,Attentively,Carefully,Orderly,Hurriedly,D,user9
training_3070,HAU,HAU/user9/3-1-1,emotion,What emotion does the person in the video express?,Calmly,Seriously,Casually,Anxiously,C,user9
training_3071,HAU,HAU/user9/3-1-2,emotion,What emotion does the person in the video express?,Anxiously,Calmly,Casually,Cautiously,B,user9
training_3072,HAU,HAU/user9/3-1-3,emotion,What emotion does the person in the video express?,Attentively,Calmly,Anxiously,Casually,C,user9
training_3073,HAU,HAU/user9/3-2-1,emotion,What emotion does the person in the video express?,Slowly,Smoothly,Rapidly,Nervously,A,user9
training_3074,HAU,HAU/user9/3-2-2,emotion,What emotion does the person in the video express?,Slowly,Smoothly,Rapidly,Unhurriedly,B,user9
training_3075,HAU,HAU/user9/3-2-3,emotion,What emotion does the person in the video express?,Smoothly,Slowly,Rapidly,Evenly,C,user9
training_3076,HAU,HAU/user9/3-3-1,emotion,What emotion does the person in the video express?,Hastily,Patiently,Carefully,Orderly,B,user9
training_3077,HAU,HAU/user9/3-3-2,emotion,What emotion does the person in the video express?,Orderly,Meticulously,Patiently,Hastily,A,user9
training_3078,HAU,HAU/user9/3-3-3,emotion,What emotion does the person in the video express?,Hastily,Softly,Orderly,Patiently,A,user9
training_3079,HAU,HAU/user9/4-1-1,emotion,What emotion does the person in the video express?,Intently,Leisurely,Quickly,Anxiously,B,user9
training_3080,HAU,HAU/user9/4-1-2,emotion,What emotion does the person in the video express?,Anxiously,Earnestly,Leisurely,Intently,D,user9
training_3081,HAU,HAU/user9/4-1-3,emotion,What emotion does the person in the video express?,Urgently,Intently,Anxiously,Leisurely,C,user9
training_3082,HAU,HAU/user9/4-2-1,emotion,What emotion does the person in the video express?,Intently,Leisurely,Urgently,Evenly,B,user9
training_3083,HAU,HAU/user9/4-2-2,emotion,What emotion does the person in the video express?,Leisurely,Intently,Urgently,Gracefully,B,user9
training_3084,HAU,HAU/user9/4-2-3,emotion,What emotion does the person in the video express?,Intently,Relaxedly,Urgently,Leisurely,C,user9
training_3085,HAU,HAU/user9/4-3-1,emotion,What emotion does the person in the video express?,Casually,Unhurriedly,Intently,Nervously,B,user9
training_3086,HAU,HAU/user9/4-3-2,emotion,What emotion does the person in the video express?,Nervously,Softly,Intently,Unhurriedly,C,user9
training_3087,HAU,HAU/user9/4-3-3,emotion,What emotion does the person in the video express?,Intently,Unhurriedly,Swiftly,Nervously,D,user9
training_3088,HAU,HAU/user9/5-1-1,emotion,What emotion does the person in the video express?,Anxiously,Calmly,Softly,Relaxedly,C,user9
training_3089,HAU,HAU/user9/5-1-2,emotion,What emotion does the person in the video express?,Calmly,Softly,Anxiously,Diligently,A,user9
training_3090,HAU,HAU/user9/5-1-3,emotion,What emotion does the person in the video express?,Softly,Tensely,Calmly,Anxiously,D,user9
training_3091,HAU,HAU/user9/5-2-1,emotion,What emotion does the person in the video express?,Impatiently,Quickly,Unhurriedly,Neatly,C,user9
training_3092,HAU,HAU/user9/5-2-2,emotion,What emotion does the person in the video express?,Neatly,Smoothly,Unhurriedly,Quickly,A,user9
training_3093,HAU,HAU/user9/5-2-3,emotion,What emotion does the person in the video express?,Neatly,Quickly,Unhurriedly,Hastily,B,user9
training_3094,HAU,HAU/user9/5-3-1,emotion,What emotion does the person in the video express?,Contently,Briskly,Gently,Steadily,C,user9
training_3095,HAU,HAU/user9/5-3-2,emotion,What emotion does the person in the video express?,Gently,Briskly,Steadily,Intently,C,user9
training_3096,HAU,HAU/user9/5-3-3,emotion,What emotion does the person in the video express?,Briskly,Gently,Steadily,Diligently,A,user9
training_3097,HAU,HAU/user9/6-1-1,emotion,What emotion does the person in the video express?,Attentively,Leisurely,Casually,Quickly,A,user9
training_3098,HAU,HAU/user9/6-1-2,emotion,What emotion does the person in the video express?,Quickly,Attentively,Methodically,Leisurely,A,user9
training_3099,HAU,HAU/user9/6-1-3,emotion,What emotion does the person in the video express?,Attentively,Quickly,Leisurely,Patiently,C,user9
training_3100,HAU,HAU/user9/6-2-1,emotion,What emotion does the person in the video express?,Leisurely,Nervously,Precisely,Calmly,A,user9
training_3101,HAU,HAU/user9/6-2-2,emotion,What emotion does the person in the video express?,Nervously,Calmly,Unhurriedly,Leisurely,A,user9
training_3102,HAU,HAU/user9/6-2-3,emotion,What emotion does the person in the video express?,Gently,Calmly,Leisurely,Nervously,B,user9
training_3103,HAU,HAU/user9/7-1-1,emotion,What emotion does the person in the video express?,Unhurriedly,Urgently,Cautiously,Calmly,C,user9
training_3104,HAU,HAU/user9/7-1-2,emotion,What emotion does the person in the video express?,Unhurriedly,Urgently,Calmly,Cautiously,B,user9
training_3105,HAU,HAU/user9/7-1-3,emotion,What emotion does the person in the video express?,Calmly,Hastily,Urgently,Cautiously,A,user9
training_3106,HAU,HAU/user9/7-2-1,emotion,What emotion does the person in the video express?,Steadily,Methodically,Forcefully,Slowly,D,user9
training_3107,HAU,HAU/user9/7-2-2,emotion,What emotion does the person in the video express?,Forcefully,Relaxedly,Steadily,Slowly,C,user9
training_3108,HAU,HAU/user9/7-2-3,emotion,What emotion does the person in the video express?,Forcefully,Slowly,Orderly,Steadily,A,user9
training_3109,HAU,HAU/user16/1-1-1,emotion,What emotion does the person in the video express?,Rapidly,Hurriedly,Softly,Calmly,C,user16
training_3110,HAU,HAU/user16/1-1-2,emotion,What emotion does the person in the video express?,Calmly,Hurriedly,Briskly,Softly,A,user16
training_3111,HAU,HAU/user16/1-1-3,emotion,What emotion does the person in the video express?,Hurriedly,Softly,Calmly,Contently,A,user16
training_3112,HAU,HAU/user16/1-2-1,emotion,What emotion does the person in the video express?,Lightly,Hurriedly,Peacefully,Slowly,D,user16
training_3113,HAU,HAU/user16/1-2-2,emotion,What emotion does the person in the video express?,Hurriedly,Peacefully,Slowly,Cautiously,B,user16
training_3114,HAU,HAU/user16/1-2-3,emotion,What emotion does the person in the video express?,Swiftly,Peacefully,Slowly,Hurriedly,D,user16
training_3115,HAU,HAU/user16/2-1-1,emotion,What emotion does the person in the video express?,Smoothly,Calmly,Leisurely,Quickly,C,user16
training_3116,HAU,HAU/user16/2-1-2,emotion,What emotion does the person in the video express?,Anxiously,Leisurely,Quickly,Calmly,D,user16
training_3117,HAU,HAU/user16/2-1-3,emotion,What emotion does the person in the video express?,Contently,Leisurely,Calmly,Quickly,D,user16
training_3118,HAU,HAU/user16/2-2-1,emotion,What emotion does the person in the video express?,Seriously,Calmly,Slowly,Hastily,C,user16
training_3119,HAU,HAU/user16/2-2-2,emotion,What emotion does the person in the video express?,Neatly,Slowly,Seriously,Hastily,C,user16
training_3120,HAU,HAU/user16/2-2-3,emotion,What emotion does the person in the video express?,Hastily,Seriously,Lightly,Slowly,A,user16
training_3121,HAU,HAU/user16/2-3-1,emotion,What emotion does the person in the video express?,Calmly,Precisely,Patiently,Hurriedly,C,user16
training_3122,HAU,HAU/user16/2-3-2,emotion,What emotion does the person in the video express?,Patiently,Hurriedly,Urgently,Calmly,D,user16
training_3123,HAU,HAU/user16/2-3-3,emotion,What emotion does the person in the video express?,Hurriedly,Neatly,Patiently,Calmly,A,user16
training_3124,HAU,HAU/user16/3-1-1,emotion,What emotion does the person in the video express?,Orderly,Frantically,Leisurely,Hastily,C,user16
training_3125,HAU,HAU/user16/3-1-2,emotion,What emotion does the person in the video express?,Frantically,Orderly,Impatiently,Leisurely,B,user16
training_3126,HAU,HAU/user16/3-1-3,emotion,What emotion does the person in the video express?,Orderly,Frantically,Softly,Leisurely,B,user16
training_3127,HAU,HAU/user16/3-2-1,emotion,What emotion does the person in the video express?,Patiently,Nervously,Relaxedly,Attentively,A,user16
training_3128,HAU,HAU/user16/3-2-2,emotion,What emotion does the person in the video express?,Evenly,Nervously,Attentively,Patiently,C,user16
training_3129,HAU,HAU/user16/3-2-3,emotion,What emotion does the person in the video express?,Patiently,Nervously,Tensely,Attentively,B,user16
training_3130,HAU,HAU/user16/3-3-1,emotion,What emotion does the person in the video express?,Quickly,Eagerly,Carefully,Meticulously,C,user16
training_3131,HAU,HAU/user16/3-3-2,emotion,What emotion does the person in the video express?,Meticulously,Carefully,Quickly,Lazily,A,user16
training_3132,HAU,HAU/user16/3-3-3,emotion,What emotion does the person in the video express?,Meticulously,Lazily,Quickly,Carefully,C,user16
training_3133,HAU,HAU/user16/4-1-1,emotion,What emotion does the person in the video express?,Anxiously,Calmly,Leisurely,Meticulously,C,user16
training_3134,HAU,HAU/user16/4-1-2,emotion,What emotion does the person in the video express?,Frantically,Leisurely,Calmly,Anxiously,C,user16
training_3135,HAU,HAU/user16/4-1-3,emotion,What emotion does the person in the video express?,Urgently,Calmly,Anxiously,Leisurely,C,user16
training_3136,HAU,HAU/user16/5-1-1,emotion,What emotion does the person in the video express?,Diligently,Quietly,Lazily,Impatiently,C,user16
training_3137,HAU,HAU/user16/5-1-2,emotion,What emotion does the person in the video express?,Quietly,Casually,Lazily,Impatiently,A,user16
training_3138,HAU,HAU/user16/5-1-3,emotion,What emotion does the person in the video express?,Lazily,Impatiently,Quietly,Hastily,B,user16
training_3139,HAU,HAU/user16/5-2-1,emotion,What emotion does the person in the video express?,Gracefully,Slowly,Quickly,Steadily,B,user16
training_3140,HAU,HAU/user16/5-2-2,emotion,What emotion does the person in the video express?,Slowly,Steadily,Quickly,Gently,B,user16
training_3141,HAU,HAU/user16/5-2-3,emotion,What emotion does the person in the video express?,Steadily,Absentmindedly,Slowly,Quickly,D,user16
training_3142,HAU,HAU/user16/5-3-1,emotion,What emotion does the person in the video express?,Softly,Slowly,Calmly,Hastily,B,user16
training_3143,HAU,HAU/user16/5-3-2,emotion,What emotion does the person in the video express?,Calmly,Hastily,Slowly,Orderly,A,user16
training_3144,HAU,HAU/user16/5-3-3,emotion,What emotion does the person in the video express?,Calmly,Slowly,Hastily,Joyfully,C,user16
training_3145,HAU,HAU/user16/6-1-1,emotion,What emotion does the person in the video express?,Steadily,Leisurely,Meticulously,Quickly,B,user16
training_3146,HAU,HAU/user16/6-1-2,emotion,What emotion does the person in the video express?,Steadily,Quickly,Methodically,Leisurely,B,user16
training_3147,HAU,HAU/user16/6-1-3,emotion,What emotion does the person in the video express?,Leisurely,Quickly,Lazily,Steadily,D,user16
training_3148,HAU,HAU/user16/6-2-1,emotion,What emotion does the person in the video express?,Peacefully,Casually,Orderly,Impatiently,B,user16
training_3149,HAU,HAU/user16/6-2-2,emotion,What emotion does the person in the video express?,Impatiently,Orderly,Casually,Deliberately,A,user16
training_3150,HAU,HAU/user16/6-2-3,emotion,What emotion does the person in the video express?,Unhurriedly,Impatiently,Casually,Orderly,D,user16
training_3151,HAU,HAU/user16/7-1-1,emotion,What emotion does the person in the video express?,Gently,Steadily,Quickly,Methodically,A,user16
training_3152,HAU,HAU/user16/7-1-2,emotion,What emotion does the person in the video express?,Quickly,Steadily,Gently,Tensely,B,user16
training_3153,HAU,HAU/user16/7-1-3,emotion,What emotion does the person in the video express?,Gently,Neatly,Steadily,Quickly,D,user16
training_3154,HAU,HAU/user16/7-2-1,emotion,What emotion does the person in the video express?,Hurriedly,Gently,Steadily,Gracefully,D,user16
training_3155,HAU,HAU/user16/7-2-2,emotion,What emotion does the person in the video express?,Steadily,Nervously,Gracefully,Hurriedly,A,user16
training_3156,HAU,HAU/user16/7-2-3,emotion,What emotion does the person in the video express?,Gracefully,Hurriedly,Steadily,Comfortably,B,user16
training_3157,HAU,HAU/user16/7-3-1,emotion,What emotion does the person in the video express?,Rapidly,Carefully,Urgently,Peacefully,D,user16
training_3158,HAU,HAU/user16/7-3-2,emotion,What emotion does the person in the video express?,Carefully,Rapidly,Peacefully,Tensely,A,user16
training_3159,HAU,HAU/user16/7-3-3,emotion,What emotion does the person in the video express?,Carefully,Meticulously,Rapidly,Peacefully,C,user16
training_3160,HAU,HAU/user17/1-1-1,emotion,What emotion does the person in the video express?,Rapidly,Meticulously,Gracefully,Steadily,B,user17
training_3161,HAU,HAU/user17/1-1-2,emotion,What emotion does the person in the video express?,Eagerly,Steadily,Meticulously,Rapidly,B,user17
training_3162,HAU,HAU/user17/1-1-3,emotion,What emotion does the person in the video express?,Firmly,Meticulously,Rapidly,Steadily,C,user17
training_3163,HAU,HAU/user17/1-2-1,emotion,What emotion does the person in the video express?,Gracefully,Calmly,Hurriedly,Quietly,A,user17
training_3164,HAU,HAU/user17/1-2-2,emotion,What emotion does the person in the video express?,Hurriedly,Gracefully,Neatly,Calmly,A,user17
training_3165,HAU,HAU/user17/1-2-3,emotion,What emotion does the person in the video express?,Calmly,Joyfully,Gracefully,Hurriedly,A,user17
training_3166,HAU,HAU/user17/2-1-1,emotion,What emotion does the person in the video express?,Hastily,Smoothly,Leisurely,Calmly,C,user17
training_3167,HAU,HAU/user17/2-1-2,emotion,What emotion does the person in the video express?,Leisurely,Hastily,Seriously,Calmly,D,user17
training_3168,HAU,HAU/user17/2-1-3,emotion,What emotion does the person in the video express?,Deliberately,Hastily,Leisurely,Calmly,B,user17
training_3169,HAU,HAU/user17/2-2-1,emotion,What emotion does the person in the video express?,Steadily,Rapidly,Slowly,Naturally,C,user17
training_3170,HAU,HAU/user17/2-2-2,emotion,What emotion does the person in the video express?,Steadily,Rapidly,Slowly,Eagerly,A,user17
training_3171,HAU,HAU/user17/2-2-3,emotion,What emotion does the person in the video express?,Slowly,Restlessly,Rapidly,Steadily,C,user17
training_3172,HAU,HAU/user17/3-1-1,emotion,What emotion does the person in the video express?,Gently,Neatly,Smoothly,Quickly,A,user17
training_3173,HAU,HAU/user17/3-1-2,emotion,What emotion does the person in the video express?,Smoothly,Gently,Impatiently,Quickly,A,user17
training_3174,HAU,HAU/user17/3-1-3,emotion,What emotion does the person in the video express?,Smoothly,Gently,Quickly,Unhurriedly,C,user17
training_3175,HAU,HAU/user17/3-2-1,emotion,What emotion does the person in the video express?,Softly,Slowly,Quickly,Steadily,B,user17
training_3176,HAU,HAU/user17/3-2-2,emotion,What emotion does the person in the video express?,Quickly,Deliberately,Steadily,Slowly,C,user17
training_3177,HAU,HAU/user17/3-2-3,emotion,What emotion does the person in the video express?,Steadily,Slowly,Methodically,Quickly,D,user17
training_3178,HAU,HAU/user17/3-3-1,emotion,What emotion does the person in the video express?,Hasitly,Steadily,Gently,Hastily,C,user17
training_3179,HAU,HAU/user17/3-3-2,emotion,What emotion does the person in the video express?,Steadily,Hasitly,Gently,Impatiently,A,user17
training_3180,HAU,HAU/user17/3-3-3,emotion,What emotion does the person in the video express?,Hasitly,Gently,Steadily,Urgently,A,user17
training_3181,HAU,HAU/user17/4-1-1,emotion,What emotion does the person in the video express?,Relaxedly,Steadily,Hurriedly,Leisurely,D,user17
training_3182,HAU,HAU/user17/4-1-2,emotion,What emotion does the person in the video express?,Hurriedly,Steadily,Leisurely,Swiftly,B,user17
training_3183,HAU,HAU/user17/4-1-3,emotion,What emotion does the person in the video express?,Hurriedly,Leisurely,Intently,Steadily,A,user17
training_3184,HAU,HAU/user17/5-1-1,emotion,What emotion does the person in the video express?,Attentively,Slowly,Neatly,Impatiently,B,user17
training_3185,HAU,HAU/user17/5-1-2,emotion,What emotion does the person in the video express?,Slowly,Impatiently,Absentmindedly,Attentively,D,user17
training_3186,HAU,HAU/user17/5-1-3,emotion,What emotion does the person in the video express?,Slowly,Attentively,Impatiently,Briskly,C,user17
training_3187,HAU,HAU/user17/5-2-1,emotion,What emotion does the person in the video express?,Smoothly,Casually,Evenly,Hurriedly,B,user17
training_3188,HAU,HAU/user17/5-2-2,emotion,What emotion does the person in the video express?,Gently,Smoothly,Hurriedly,Casually,B,user17
training_3189,HAU,HAU/user17/5-2-3,emotion,What emotion does the person in the video express?,Hurriedly,Casually,Smoothly,Tensely,A,user17
training_3190,HAU,HAU/user17/5-3-1,emotion,What emotion does the person in the video express?,Neatly,Unhurriedly,Anxiously,Orderly,B,user17
training_3191,HAU,HAU/user17/5-3-2,emotion,What emotion does the person in the video express?,Neatly,Unhurriedly,Anxiously,Relaxedly,A,user17
training_3192,HAU,HAU/user17/5-3-3,emotion,What emotion does the person in the video express?,Anxiously,Unhurriedly,Neatly,Hurriedly,A,user17
training_3193,HAU,HAU/user17/6-1-1,emotion,What emotion does the person in the video express?,Softly,Naturally,Hastily,Slowly,D,user17
training_3194,HAU,HAU/user17/6-1-2,emotion,What emotion does the person in the video express?,Nervously,Slowly,Naturally,Hastily,C,user17
training_3195,HAU,HAU/user17/6-1-3,emotion,What emotion does the person in the video express?,Slowly,Naturally,Steadily,Hastily,D,user17
training_3196,HAU,HAU/user17/6-2-1,emotion,What emotion does the person in the video express?,Casually,Steadily,Leisurely,Tensly,C,user17
training_3197,HAU,HAU/user17/6-2-2,emotion,What emotion does the person in the video express?,Tensly,Steadily,Leisurely,Methodically,B,user17
training_3198,HAU,HAU/user17/6-2-3,emotion,What emotion does the person in the video express?,Steadily,Tensly,Precisely,Leisurely,B,user17
training_3199,HAU,HAU/user17/6-3-1,emotion,What emotion does the person in the video express?,Quietly,Hurriedly,Smoothly,Hastily,A,user17
training_3200,HAU,HAU/user17/6-3-2,emotion,What emotion does the person in the video express?,Hurriedly,Smoothly,Casually,Quietly,B,user17
training_3201,HAU,HAU/user17/6-3-3,emotion,What emotion does the person in the video express?,Smoothly,Hurriedly,Quietly,Nervously,B,user17
training_3202,HAU,HAU/user17/7-1-1,emotion,What emotion does the person in the video express?,Calmly,Methodically,Quickly,Gently,D,user17
training_3203,HAU,HAU/user17/7-1-2,emotion,What emotion does the person in the video express?,Calmly,Quickly,Rapidly,Gently,A,user17
training_3204,HAU,HAU/user17/7-1-3,emotion,What emotion does the person in the video express?,Calmly,Gently,Quickly,Deliberately,C,user17
training_3205,HAU,HAU/user17/7-2-1,emotion,What emotion does the person in the video express?,Slowly,Hastily,Firmly,Neatly,A,user17
training_3206,HAU,HAU/user17/7-2-2,emotion,What emotion does the person in the video express?,Neatly,Slowly,Hastily,Impatiently,A,user17
training_3207,HAU,HAU/user17/7-2-3,emotion,What emotion does the person in the video express?,Hastily,Leisurely,Neatly,Slowly,A,user17
training_3250,HAU,HAU/user19/1-1-1,emotion,What emotion does the person in the video express?,Unhurriedly,Gently,Carefully,Briskly,A,user19
training_3251,HAU,HAU/user19/1-1-2,emotion,What emotion does the person in the video express?,Briskly,Neatly,Unhurriedly,Carefully,A,user19
training_3252,HAU,HAU/user19/1-1-3,emotion,What emotion does the person in the video express?,Carefully,Quietly,Briskly,Unhurriedly,A,user19
training_3253,HAU,HAU/user19/1-2-1,emotion,What emotion does the person in the video express?,Attentively,Gently,Confidently,Rapidly,B,user19
training_3254,HAU,HAU/user19/1-2-2,emotion,What emotion does the person in the video express?,Rapidly,Attentively,Neatly,Gently,A,user19
training_3255,HAU,HAU/user19/1-2-3,emotion,What emotion does the person in the video express?,Rapidly,Attentively,Gently,Diligently,B,user19
training_3256,HAU,HAU/user19/2-1-1,emotion,What emotion does the person in the video express?,Patiently,Smoothly,Methodically,Urgently,B,user19
training_3257,HAU,HAU/user19/2-1-2,emotion,What emotion does the person in the video express?,Smoothly,Urgently,Lightly,Methodically,D,user19
training_3258,HAU,HAU/user19/2-1-3,emotion,What emotion does the person in the video express?,Forcefully,Methodically,Smoothly,Urgently,D,user19
training_3259,HAU,HAU/user19/2-2-1,emotion,What emotion does the person in the video express?,Quickly,Slowly,Impatiently,Steadily,B,user19
training_3260,HAU,HAU/user19/2-2-2,emotion,What emotion does the person in the video express?,Carefully,Steadily,Slowly,Quickly,B,user19
training_3261,HAU,HAU/user19/2-2-3,emotion,What emotion does the person in the video express?,Slowly,Steadily,Swiftly,Quickly,D,user19
training_3262,HAU,HAU/user19/2-3-1,emotion,What emotion does the person in the video express?,Carefully,Hurriedly,Soothingly,Orderly,A,user19
training_3263,HAU,HAU/user19/2-3-2,emotion,What emotion does the person in the video express?,Hurriedly,Carefully,Urgently,Orderly,D,user19
training_3264,HAU,HAU/user19/2-3-3,emotion,What emotion does the person in the video express?,Hurriedly,Carefully,Orderly,Comfortably,A,user19
training_3265,HAU,HAU/user19/3-1-1,emotion,What emotion does the person in the video express?,Casually,Carefully,Calmly,Anxiously,A,user19
training_3266,HAU,HAU/user19/3-1-2,emotion,What emotion does the person in the video express?,Thoroughly,Calmly,Casually,Anxiously,B,user19
training_3267,HAU,HAU/user19/3-1-3,emotion,What emotion does the person in the video express?,Restlessly,Casually,Anxiously,Calmly,C,user19
training_3268,HAU,HAU/user19/3-2-1,emotion,What emotion does the person in the video express?,Gently,Slowly,Smoothly,Rapidly,B,user19
training_3269,HAU,HAU/user19/3-2-2,emotion,What emotion does the person in the video express?,Smoothly,Rapidly,Slowly,Lightly,A,user19
training_3270,HAU,HAU/user19/3-2-3,emotion,What emotion does the person in the video express?,Cautiously,Smoothly,Rapidly,Slowly,C,user19
training_3271,HAU,HAU/user19/3-3-1,emotion,What emotion does the person in the video express?,Impatiently,Patiently,Orderly,Hastily,B,user19
training_3272,HAU,HAU/user19/3-3-2,emotion,What emotion does the person in the video express?,Orderly,Hastily,Impatiently,Patiently,A,user19
training_3273,HAU,HAU/user19/3-3-3,emotion,What emotion does the person in the video express?,Orderly,Absentmindedly,Patiently,Hastily,D,user19
training_3274,HAU,HAU/user19/4-1-1,emotion,What emotion does the person in the video express?,Rapidly,Anxiously,Leisurely,Intently,C,user19
training_3275,HAU,HAU/user19/4-1-2,emotion,What emotion does the person in the video express?,Leisurely,Forcefully,Intently,Anxiously,C,user19
training_3276,HAU,HAU/user19/4-1-3,emotion,What emotion does the person in the video express?,Anxiously,Leisurely,Intently,Calmly,A,user19
training_3277,HAU,HAU/user19/4-2-1,emotion,What emotion does the person in the video express?,Intently,Leisurely,Gently,Urgently,B,user19
training_3278,HAU,HAU/user19/4-2-2,emotion,What emotion does the person in the video express?,Intently,Leisurely,Urgently,Cautiously,A,user19
training_3279,HAU,HAU/user19/4-2-3,emotion,What emotion does the person in the video express?,Urgently,Leisurely,Intently,Firmly,A,user19
training_3280,HAU,HAU/user19/4-3-1,emotion,What emotion does the person in the video express?,Unhurriedly,Nervously,Intently,Quietly,A,user19
training_3281,HAU,HAU/user19/4-3-2,emotion,What emotion does the person in the video express?,Joyfully,Intently,Nervously,Unhurriedly,B,user19
training_3282,HAU,HAU/user19/4-3-3,emotion,What emotion does the person in the video express?,Diligently,Nervously,Intently,Unhurriedly,B,user19
training_3283,HAU,HAU/user19/5-1-1,emotion,What emotion does the person in the video express?,Anxiously,Calmly,Gently,Softly,D,user19
training_3284,HAU,HAU/user19/5-1-2,emotion,What emotion does the person in the video express?,Anxiously,Attentively,Softly,Calmly,D,user19
training_3285,HAU,HAU/user19/5-1-3,emotion,What emotion does the person in the video express?,Anxiously,Calmly,Softly,Restlessly,A,user19
training_3286,HAU,HAU/user19/5-2-1,emotion,What emotion does the person in the video express?,Attentively,Unhurriedly,Neatly,Quickly,B,user19
training_3287,HAU,HAU/user19/5-2-2,emotion,What emotion does the person in the video express?,Quickly,Neatly,Attentively,Unhurriedly,B,user19
training_3288,HAU,HAU/user19/5-2-3,emotion,What emotion does the person in the video express?,Neatly,Methodically,Unhurriedly,Quickly,D,user19
training_3289,HAU,HAU/user19/5-3-1,emotion,What emotion does the person in the video express?,Orderly,Steadily,Briskly,Gently,D,user19
training_3290,HAU,HAU/user19/5-3-2,emotion,What emotion does the person in the video express?,Steadily,Gently,Briskly,Tensely,A,user19
training_3291,HAU,HAU/user19/5-3-3,emotion,What emotion does the person in the video express?,Gently,Steadily,Briskly,Tensely,C,user19
training_3292,HAU,HAU/user19/6-1-1,emotion,What emotion does the person in the video express?,Leisurely,Attentively,Quickly,Frantically,B,user19
training_3293,HAU,HAU/user19/6-1-2,emotion,What emotion does the person in the video express?,Quickly,Confidently,Leisurely,Attentively,A,user19
training_3294,HAU,HAU/user19/6-1-3,emotion,What emotion does the person in the video express?,Quickly,Intently,Leisurely,Attentively,C,user19
training_3295,HAU,HAU/user19/6-2-1,emotion,What emotion does the person in the video express?,Leisurely,Calmly,Nervously,Frantically,A,user19
training_3296,HAU,HAU/user19/6-2-2,emotion,What emotion does the person in the video express?,Leisurely,Nervously,Intently,Calmly,B,user19
training_3297,HAU,HAU/user19/6-2-3,emotion,What emotion does the person in the video express?,Leisurely,Nervously,Calmly,Firmly,C,user19
training_3298,HAU,HAU/user19/7-1-1,emotion,What emotion does the person in the video express?,Calmly,Evenly,Urgently,Cautiously,D,user19
training_3299,HAU,HAU/user19/7-1-2,emotion,What emotion does the person in the video express?,Urgently,Cautiously,Seriously,Calmly,A,user19
training_3300,HAU,HAU/user19/7-1-3,emotion,What emotion does the person in the video express?,Urgently,Cautiously,Calmly,Swiftly,C,user19
training_3301,HAU,HAU/user19/7-2-1,emotion,What emotion does the person in the video express?,Forcefully,Hastily,Steadily,Slowly,D,user19
training_3302,HAU,HAU/user19/7-2-2,emotion,What emotion does the person in the video express?,Orderly,Forcefully,Steadily,Slowly,C,user19
training_3303,HAU,HAU/user19/7-2-3,emotion,What emotion does the person in the video express?,Evenly,Steadily,Slowly,Forcefully,D,user19
training_3304,HAU,HAU/user20/1-1-1,emotion,What emotion does the person in the video express?,Calmly,Urgently,Slowly,Orderly,C,user20
training_3305,HAU,HAU/user20/1-1-2,emotion,What emotion does the person in the video express?,Calmly,Slowly,Urgently,Methodically,C,user20
training_3306,HAU,HAU/user20/1-1-3,emotion,What emotion does the person in the video express?,Calmly,Slowly,Joyfully,Urgently,A,user20
training_3307,HAU,HAU/user20/1-2-1,emotion,What emotion does the person in the video express?,Smoothly,Attentively,Diligently,Urgently,A,user20
training_3308,HAU,HAU/user20/1-2-2,emotion,What emotion does the person in the video express?,Attentively,Urgently,Earnestly,Smoothly,B,user20
training_3309,HAU,HAU/user20/1-2-3,emotion,What emotion does the person in the video express?,Forcefully,Urgently,Smoothly,Attentively,D,user20
training_3310,HAU,HAU/user20/2-1-1,emotion,What emotion does the person in the video express?,Slowly,Frantically,Tensely,Naturally,A,user20
training_3311,HAU,HAU/user20/2-1-2,emotion,What emotion does the person in the video express?,Naturally,Contently,Slowly,Frantically,A,user20
training_3312,HAU,HAU/user20/2-1-3,emotion,What emotion does the person in the video express?,Frantically,Slowly,Methodically,Naturally,A,user20
training_3313,HAU,HAU/user20/2-2-1,emotion,What emotion does the person in the video express?,Gently,Steadily,Patiently,Anxiously,A,user20
training_3314,HAU,HAU/user20/2-2-2,emotion,What emotion does the person in the video express?,Anxiously,Gently,Unhurriedly,Steadily,D,user20
training_3315,HAU,HAU/user20/2-2-3,emotion,What emotion does the person in the video express?,Anxiously,Methodically,Gently,Steadily,A,user20
training_3316,HAU,HAU/user20/3-1-1,emotion,What emotion does the person in the video express?,Hastily,Evenly,Meticulously,Slowly,C,user20
training_3317,HAU,HAU/user20/3-1-2,emotion,What emotion does the person in the video express?,Intently,Hastily,Evenly,Meticulously,C,user20
training_3318,HAU,HAU/user20/3-1-3,emotion,What emotion does the person in the video express?,Hastily,Unhurriedly,Meticulously,Evenly,A,user20
training_3319,HAU,HAU/user20/3-2-1,emotion,What emotion does the person in the video express?,Tensely,Thoroughly,Patiently,Quickly,C,user20
training_3320,HAU,HAU/user20/3-2-2,emotion,What emotion does the person in the video express?,Methodically,Patiently,Thoroughly,Quickly,C,user20
training_3321,HAU,HAU/user20/3-2-3,emotion,What emotion does the person in the video express?,Quickly,Patiently,Intently,Thoroughly,A,user20
training_3322,HAU,HAU/user20/4-1-1,emotion,What emotion does the person in the video express?,Unhurriedly,Casually,Urgently,Steadily,B,user20
training_3323,HAU,HAU/user20/4-1-2,emotion,What emotion does the person in the video express?,Slowly,Steadily,Casually,Urgently,D,user20
training_3324,HAU,HAU/user20/4-1-3,emotion,What emotion does the person in the video express?,Cautiously,Steadily,Casually,Urgently,B,user20
training_3325,HAU,HAU/user20/4-2-1,emotion,What emotion does the person in the video express?,Calmly,Meticulously,Thoroughly,Hastily,B,user20
training_3326,HAU,HAU/user20/4-2-2,emotion,What emotion does the person in the video express?,Meticulously,Thoroughly,Evenly,Hastily,D,user20
training_3327,HAU,HAU/user20/4-2-3,emotion,What emotion does the person in the video express?,Eagerly,Hastily,Meticulously,Thoroughly,D,user20
training_3328,HAU,HAU/user20/5-1-1,emotion,What emotion does the person in the video express?,Gracefully,Contently,Smoothly,Frantically,D,user20
training_3329,HAU,HAU/user20/5-1-2,emotion,What emotion does the person in the video express?,Smoothly,Gracefully,Precisely,Frantically,A,user20
training_3330,HAU,HAU/user20/5-1-3,emotion,What emotion does the person in the video express?,Smoothly,Anxiously,Frantically,Gracefully,D,user20
training_3331,HAU,HAU/user20/6-1-1,emotion,What emotion does the person in the video express?,Lightly,Steadily,Eagerly,Nervously,A,user20
training_3332,HAU,HAU/user20/6-1-2,emotion,What emotion does the person in the video express?,Seriously,Nervously,Steadily,Lightly,B,user20
training_3333,HAU,HAU/user20/6-1-3,emotion,What emotion does the person in the video express?,Lightly,Nervously,Steadily,Absentmindedly,C,user20
training_3334,HAU,HAU/user20/6-2-1,emotion,What emotion does the person in the video express?,Seriously,Softly,Slowly,Quickly,C,user20
training_3335,HAU,HAU/user20/6-2-2,emotion,What emotion does the person in the video express?,Slowly,Quickly,Softly,Neatly,B,user20
training_3336,HAU,HAU/user20/6-2-3,emotion,What emotion does the person in the video express?,Seriously,Slowly,Softly,Quickly,C,user20
training_3337,HAU,HAU/user20/6-3-1,emotion,What emotion does the person in the video express?,Carefully,Leisurely,Rapidly,Lazily,B,user20
training_3338,HAU,HAU/user20/6-3-2,emotion,What emotion does the person in the video express?,Carefully,Leisurely,Rapidly,Softly,C,user20
training_3339,HAU,HAU/user20/6-3-3,emotion,What emotion does the person in the video express?,Attentively,Leisurely,Rapidly,Carefully,D,user20
training_3340,HAU,HAU/user20/7-1-1,emotion,What emotion does the person in the video express?,Gracefully,Attentively,Hurriedly,Rapidly,A,user20
training_3341,HAU,HAU/user20/7-1-2,emotion,What emotion does the person in the video express?,Attentively,Hurriedly,Quietly,Gracefully,A,user20
training_3342,HAU,HAU/user20/7-1-3,emotion,What emotion does the person in the video express?,Carefully,Relaxedly,Rapidly,Leisurely,A,user20
training_3343,HAU,HAU/user20/7-2-1,emotion,What emotion does the person in the video express?,Steadily,Lightly,Nervously,Peacefully,B,user20
training_3344,HAU,HAU/user20/7-2-2,emotion,What emotion does the person in the video express?,Lightly,Nervously,Steadily,Carefully,B,user20
training_3345,HAU,HAU/user20/7-2-3,emotion,What emotion does the person in the video express?,Steadily,Nervously,Forcefully,Lightly,A,user20
training_3346,HAU,HAU/user21/1-1-1,emotion,What emotion does the person in the video express?,Urgently,Thoroughly,Hurriedly,Gently,D,user21
training_3347,HAU,HAU/user21/1-1-2,emotion,What emotion does the person in the video express?,Thoroughly,Hurriedly,Gently,Meticulously,A,user21
training_3348,HAU,HAU/user21/1-1-3,emotion,What emotion does the person in the video express?,Thoroughly,Gently,Cautiously,Hurriedly,D,user21
training_3349,HAU,HAU/user21/1-2-1,emotion,What emotion does the person in the video express?,Steadily,Relaxedly,Joyfully,Hurriedly,B,user21
training_3350,HAU,HAU/user21/1-2-2,emotion,What emotion does the person in the video express?,Steadily,Frantically,Relaxedly,Hurriedly,A,user21
training_3351,HAU,HAU/user21/1-2-3,emotion,What emotion does the person in the video express?,Relaxedly,Gracefully,Steadily,Hurriedly,D,user21
training_3352,HAU,HAU/user21/2-1-1,emotion,What emotion does the person in the video express?,Steadily,Slowly,Rapidly,Smoothly,B,user21
training_3353,HAU,HAU/user21/2-1-2,emotion,What emotion does the person in the video express?,Impatiently,Steadily,Slowly,Rapidly,B,user21
training_3354,HAU,HAU/user21/2-1-3,emotion,What emotion does the person in the video express?,Soothingly,Slowly,Rapidly,Steadily,C,user21
training_3355,HAU,HAU/user21/2-2-1,emotion,What emotion does the person in the video express?,Slowly,Hastily,Deliberately,Naturally,A,user21
training_3356,HAU,HAU/user21/2-2-2,emotion,What emotion does the person in the video express?,Slowly,Precisely,Naturally,Hastily,C,user21
training_3357,HAU,HAU/user21/2-2-3,emotion,What emotion does the person in the video express?,Slowly,Hastily,Lazily,Naturally,B,user21
training_3358,HAU,HAU/user21/3-1-1,emotion,What emotion does the person in the video express?,Slowly,Attentively,Smoothly,Quickly,A,user21
training_3359,HAU,HAU/user21/3-1-2,emotion,What emotion does the person in the video express?,Orderly,Slowly,Quickly,Smoothly,D,user21
training_3360,HAU,HAU/user21/3-1-3,emotion,What emotion does the person in the video express?,Hastily,Patiently,Naturally,Slowly,A,user21
training_3361,HAU,HAU/user21/3-2-1,emotion,What emotion does the person in the video express?,Carefully,Calmly,Seriously,Hurriedly,A,user21
training_3362,HAU,HAU/user21/3-2-2,emotion,What emotion does the person in the video express?,Nervously,Hurriedly,Carefully,Calmly,D,user21
training_3363,HAU,HAU/user21/3-2-3,emotion,What emotion does the person in the video express?,Meticulously,Carefully,Calmly,Hurriedly,D,user21
training_3364,HAU,HAU/user21/4-1-1,emotion,What emotion does the person in the video express?,Lazily,Anxiously,Calmly,Rapidly,A,user21
training_3365,HAU,HAU/user21/4-1-2,emotion,What emotion does the person in the video express?,Neatly,Calmly,Lazily,Anxiously,B,user21
training_3366,HAU,HAU/user21/4-1-3,emotion,What emotion does the person in the video express?,Anxiously,Confidently,Calmly,Lazily,A,user21
training_3367,HAU,HAU/user21/4-2-1,emotion,What emotion does the person in the video express?,Quickly,Earnestly,Unhurriedly,Cautiously,C,user21
training_3368,HAU,HAU/user21/4-2-2,emotion,What emotion does the person in the video express?,Earnestly,Restlessly,Unhurriedly,Quickly,A,user21
training_3369,HAU,HAU/user21/4-2-3,emotion,What emotion does the person in the video express?,Unhurriedly,Quickly,Earnestly,Smoothly,B,user21
training_3370,HAU,HAU/user21/5-1-1,emotion,What emotion does the person in the video express?,Steadily,Quickly,Confidently,Gracefully,D,user21
training_3371,HAU,HAU/user21/5-1-2,emotion,What emotion does the person in the video express?,Gracefully,Steadily,Quickly,Frantically,B,user21
training_3372,HAU,HAU/user21/5-1-3,emotion,What emotion does the person in the video express?,Thoroughly,Quickly,Steadily,Gracefully,B,user21
training_3373,HAU,HAU/user21/5-2-1,emotion,What emotion does the person in the video express?,Confidently,Leisurely,Hurriedly,Anxiously,B,user21
training_3374,HAU,HAU/user21/5-2-2,emotion,What emotion does the person in the video express?,Hurriedly,Leisurely,Confidently,Restlessly,C,user21
training_3375,HAU,HAU/user21/5-2-3,emotion,What emotion does the person in the video express?,Unhurriedly,Leisurely,Hurriedly,Confidently,C,user21
training_3376,HAU,HAU/user21/6-1-1,emotion,What emotion does the person in the video express?,Rapidly,Softly,Slowly,Steadily,C,user21
training_3377,HAU,HAU/user21/6-1-2,emotion,What emotion does the person in the video express?,Slowly,Steadily,Briskly,Rapidly,B,user21
training_3378,HAU,HAU/user21/6-1-3,emotion,What emotion does the person in the video express?,Steadily,Slowly,Rapidly,Naturally,C,user21
training_3379,HAU,HAU/user21/6-2-1,emotion,What emotion does the person in the video express?,Tensely,Comfortably,Calmly,Peacefully,D,user21
training_3380,HAU,HAU/user21/6-2-2,emotion,What emotion does the person in the video express?,Eagerly,Tensely,Peacefully,Calmly,D,user21
training_3381,HAU,HAU/user21/6-2-3,emotion,What emotion does the person in the video express?,Calmly,Restlessly,Tensely,Peacefully,C,user21
training_3382,HAU,HAU/user21/7-1-1,emotion,What emotion does the person in the video express?,Hastily,Leisurely,Nervously,Steadily,B,user21
training_3383,HAU,HAU/user21/7-1-2,emotion,What emotion does the person in the video express?,Frantically,Leisurely,Steadily,Hastily,D,user21
training_3384,HAU,HAU/user21/7-1-3,emotion,What emotion does the person in the video express?,Steadily,Gracefully,Hastily,Leisurely,A,user21
training_3385,HAU,HAU/user21/7-2-1,emotion,What emotion does the person in the video express?,Slowly,Hurriedly,Soothingly,Softly,A,user21
training_3386,HAU,HAU/user21/7-2-2,emotion,What emotion does the person in the video express?,Hurriedly,Slowly,Softly,Steadily,A,user21
training_3387,HAU,HAU/user21/7-2-3,emotion,What emotion does the person in the video express?,Softly,Slowly,Cautiously,Hurriedly,A,user21
training_3437,HAU,HAU/user23/1-1-1,emotion,What emotion does the person in the video express?,Meticulously,Tensely,Quickly,Orderly,A,user23
training_3438,HAU,HAU/user23/1-1-2,emotion,What emotion does the person in the video express?,Orderly,Confidently,Meticulously,Quickly,D,user23
training_3439,HAU,HAU/user23/1-1-3,emotion,What emotion does the person in the video express?,Quickly,Meticulously,Orderly,Evenly,C,user23
training_3440,HAU,HAU/user23/1-2-1,emotion,What emotion does the person in the video express?,Steadily,Intently,Slowly,Briskly,C,user23
training_3441,HAU,HAU/user23/1-2-2,emotion,What emotion does the person in the video express?,Slowly,Steadily,Briskly,Neatly,C,user23
training_3442,HAU,HAU/user23/1-2-3,emotion,What emotion does the person in the video express?,Smoothly,Slowly,Steadily,Briskly,C,user23
training_3443,HAU,HAU/user23/2-1-1,emotion,What emotion does the person in the video express?,Leisurely,Gently,Smoothly,Hurriedly,A,user23
training_3444,HAU,HAU/user23/2-1-2,emotion,What emotion does the person in the video express?,Leisurely,Smoothly,Hurriedly,Gently,B,user23
training_3445,HAU,HAU/user23/2-1-3,emotion,What emotion does the person in the video express?,Comfortably,Leisurely,Hurriedly,Smoothly,C,user23
training_3446,HAU,HAU/user23/2-2-1,emotion,What emotion does the person in the video express?,Soothingly,Quickly,Orderly,Seriously,A,user23
training_3447,HAU,HAU/user23/2-2-2,emotion,What emotion does the person in the video express?,Orderly,Contently,Soothingly,Quickly,A,user23
training_3448,HAU,HAU/user23/2-2-3,emotion,What emotion does the person in the video express?,Quickly,Soothingly,Quietly,Orderly,A,user23
training_3449,HAU,HAU/user23/2-3-1,emotion,What emotion does the person in the video express?,Calmly,Comfortably,Hurriedly,Quietly,D,user23
training_3450,HAU,HAU/user23/2-3-2,emotion,What emotion does the person in the video express?,Hurriedly,Calmly,Quietly,Intently,B,user23
training_3451,HAU,HAU/user23/2-3-3,emotion,What emotion does the person in the video express?,Calmly,Hurriedly,Quietly,Comfortably,B,user23
training_3452,HAU,HAU/user23/3-1-1,emotion,What emotion does the person in the video express?,Earnestly,Meticulously,Orderly,Quickly,B,user23
training_3453,HAU,HAU/user23/3-1-2,emotion,What emotion does the person in the video express?,Quickly,Diligently,Meticulously,Orderly,A,user23
training_3454,HAU,HAU/user23/3-1-3,emotion,What emotion does the person in the video express?,Quickly,Orderly,Patiently,Meticulously,B,user23
training_3455,HAU,HAU/user23/3-2-1,emotion,What emotion does the person in the video express?,Orderly,Frantically,Leisurely,Lightly,C,user23
training_3456,HAU,HAU/user23/3-2-2,emotion,What emotion does the person in the video express?,Quickly,Leisurely,Orderly,Frantically,D,user23
training_3457,HAU,HAU/user23/3-2-3,emotion,What emotion does the person in the video express?,Leisurely,Comfortably,Orderly,Frantically,C,user23
training_3458,HAU,HAU/user23/4-1-1,emotion,What emotion does the person in the video express?,Quickly,Steadily,Diligently,Gracefully,D,user23
training_3459,HAU,HAU/user23/4-1-2,emotion,What emotion does the person in the video express?,Swiftly,Quickly,Steadily,Gracefully,C,user23
training_3460,HAU,HAU/user23/4-1-3,emotion,What emotion does the person in the video express?,Confidently,Quickly,Gracefully,Steadily,B,user23
training_3461,HAU,HAU/user23/4-2-1,emotion,What emotion does the person in the video express?,Quickly,Softly,Gracefully,Carefully,C,user23
training_3462,HAU,HAU/user23/4-2-2,emotion,What emotion does the person in the video express?,Attentively,Gracefully,Carefully,Quickly,C,user23
training_3463,HAU,HAU/user23/4-2-3,emotion,What emotion does the person in the video express?,Nervously,Gracefully,Quickly,Carefully,C,user23
training_3464,HAU,HAU/user23/4-3-1,emotion,What emotion does the person in the video express?,Hastily,Steadily,Contently,Slowly,D,user23
training_3465,HAU,HAU/user23/4-3-2,emotion,What emotion does the person in the video express?,Steadily,Joyfully,Slowly,Hastily,A,user23
training_3466,HAU,HAU/user23/4-3-3,emotion,What emotion does the person in the video express?,Hastily,Steadily,Neatly,Slowly,A,user23
training_3467,HAU,HAU/user23/5-1-1,emotion,What emotion does the person in the video express?,Rapidly,Casually,Tensely,Gracefully,B,user23
training_3468,HAU,HAU/user23/5-1-2,emotion,What emotion does the person in the video express?,Gracefully,Tensely,Deliberately,Casually,B,user23
training_3469,HAU,HAU/user23/5-1-3,emotion,What emotion does the person in the video express?,Tensely,Impatiently,Casually,Gracefully,D,user23
training_3470,HAU,HAU/user23/5-2-1,emotion,What emotion does the person in the video express?,Impatiently,Evenly,Diligently,Leisurely,D,user23
training_3471,HAU,HAU/user23/5-2-2,emotion,What emotion does the person in the video express?,Leisurely,Evenly,Seriously,Impatiently,B,user23
training_3472,HAU,HAU/user23/5-2-3,emotion,What emotion does the person in the video express?,Absentmindedly,Impatiently,Evenly,Leisurely,B,user23
training_3473,HAU,HAU/user23/5-3-2,emotion,What emotion does the person in the video express?,Intently,Urgently,Peacefully,Calmly,B,user23
training_3474,HAU,HAU/user23/5-3-3,emotion,What emotion does the person in the video express?,Unhurriedly,Urgently,Peacefully,Intently,C,user23
training_3475,HAU,HAU/user23/6-1-1,emotion,What emotion does the person in the video express?,Gently,Evenly,Soothingly,Tensely,A,user23
training_3476,HAU,HAU/user23/6-1-2,emotion,What emotion does the person in the video express?,Tensely,Gently,Evenly,Attentively,A,user23
training_3477,HAU,HAU/user23/6-1-3,emotion,What emotion does the person in the video express?,Gently,Evenly,Urgently,Tensely,B,user23
training_3478,HAU,HAU/user23/6-3-1,emotion,What emotion does the person in the video express?,Smoothly,Softly,Hurriedly,Evenly,A,user23
training_3479,HAU,HAU/user23/6-3-2,emotion,What emotion does the person in the video express?,Smoothly,Hurriedly,Evenly,Lazily,B,user23
training_3480,HAU,HAU/user23/6-3-3,emotion,What emotion does the person in the video express?,Nervously,Evenly,Smoothly,Hurriedly,B,user23
training_3481,HAU,HAU/user23/7-1-1,emotion,What emotion does the person in the video express?,Hastily,Naturally,Hurriedly,Slowly,D,user23
training_3482,HAU,HAU/user23/7-1-2,emotion,What emotion does the person in the video express?,Naturally,Hastily,Tensely,Slowly,A,user23
training_3483,HAU,HAU/user23/7-1-3,emotion,What emotion does the person in the video express?,Hastily,Naturally,Slowly,Firmly,A,user23
training_3484,HAU,HAU/user23/7-2-1,emotion,What emotion does the person in the video express?,Briskly,Calmly,Urgently,Gently,D,user23
training_3485,HAU,HAU/user23/7-2-2,emotion,What emotion does the person in the video express?,Calmly,Urgently,Gently,Naturally,A,user23
training_3486,HAU,HAU/user23/7-2-3,emotion,What emotion does the person in the video express?,Unhurriedly,Calmly,Urgently,Gently,C,user23
training_3487,HAU,HAU/user23/7-3-1,emotion,What emotion does the person in the video express?,Restlessly,Seriously,Evenly,Slowly,D,user23
training_3488,HAU,HAU/user23/7-3-2,emotion,What emotion does the person in the video express?,Slowly,Impatiently,Evenly,Restlessly,C,user23
training_3489,HAU,HAU/user23/7-3-3,emotion,What emotion does the person in the video express?,Evenly,Urgently,Slowly,Restlessly,D,user23
training_3490,HAU,HAU/user24/1-1-1,emotion,What emotion does the person in the video express?,Carefully,Swiftly,Patiently,Calmly,D,user24
training_3491,HAU,HAU/user24/1-1-2,emotion,What emotion does the person in the video express?,Calmly,Intently,Carefully,Swiftly,C,user24
training_3492,HAU,HAU/user24/1-1-3,emotion,What emotion does the person in the video express?,Calmly,Slowly,Carefully,Swiftly,D,user24
training_3493,HAU,HAU/user24/1-2-1,emotion,What emotion does the person in the video express?,Gently,Nervously,Orderly,Casually,A,user24
training_3494,HAU,HAU/user24/1-2-2,emotion,What emotion does the person in the video express?,Nervously,Gently,Restlessly,Orderly,D,user24
training_3495,HAU,HAU/user24/1-2-3,emotion,What emotion does the person in the video express?,Frantically,Nervously,Orderly,Gently,B,user24
training_3496,HAU,HAU/user24/2-1-1,emotion,What emotion does the person in the video express?,Leisurely,Casually,Anxiously,Calmly,A,user24
training_3497,HAU,HAU/user24/2-1-2,emotion,What emotion does the person in the video express?,Leisurely,Anxiously,Peacefully,Calmly,D,user24
training_3498,HAU,HAU/user24/2-1-3,emotion,What emotion does the person in the video express?,Anxiously,Joyfully,Calmly,Leisurely,A,user24
training_3499,HAU,HAU/user24/2-2-1,emotion,What emotion does the person in the video express?,Deliberately,Restlessly,Seriously,Leisurely,D,user24
training_3500,HAU,HAU/user24/2-2-2,emotion,What emotion does the person in the video express?,Naturally,Restlessly,Seriously,Leisurely,C,user24
training_3501,HAU,HAU/user24/2-2-3,emotion,What emotion does the person in the video express?,Seriously,Leisurely,Eagerly,Restlessly,D,user24
training_3502,HAU,HAU/user24/3-2-1,emotion,What emotion does the person in the video express?,Naturally,Frantically,Gracefully,Hurriedly,C,user24
training_3503,HAU,HAU/user24/3-2-2,emotion,What emotion does the person in the video express?,Frantically,Seriously,Gracefully,Naturally,A,user24
training_3504,HAU,HAU/user24/3-2-3,emotion,What emotion does the person in the video express?,Contently,Frantically,Gracefully,Naturally,D,user24
training_3505,HAU,HAU/user24/4-1-1,emotion,What emotion does the person in the video express?,Hastily,Leisurely,Smoothly,Steadily,B,user24
training_3506,HAU,HAU/user24/4-1-2,emotion,What emotion does the person in the video express?,Firmly,Steadily,Hastily,Leisurely,B,user24
training_3507,HAU,HAU/user24/4-1-3,emotion,What emotion does the person in the video express?,Leisurely,Firmly,Hastily,Steadily,C,user24
training_3508,HAU,HAU/user24/4-2-1,emotion,What emotion does the person in the video express?,Rapidly,Patiently,Frantically,Slowly,D,user24
training_3509,HAU,HAU/user24/4-2-2,emotion,What emotion does the person in the video express?,Rapidly,Slowly,Patiently,Smoothly,C,user24
training_3510,HAU,HAU/user24/4-2-3,emotion,What emotion does the person in the video express?,Slowly,Carefully,Rapidly,Patiently,C,user24
training_3511,HAU,HAU/user24/4-3-1,emotion,What emotion does the person in the video express?,Relaxedly,Seriously,Anxiously,Patiently,A,user24
training_3512,HAU,HAU/user24/4-3-2,emotion,What emotion does the person in the video express?,Relaxedly,Meticulously,Anxiously,Seriously,D,user24
training_3513,HAU,HAU/user24/4-3-3,emotion,What emotion does the person in the video express?,Seriously,Relaxedly,Briskly,Anxiously,D,user24
training_3514,HAU,HAU/user24/5-1-1,emotion,What emotion does the person in the video express?,Methodically,Attentively,Casually,Hastily,C,user24
training_3515,HAU,HAU/user24/5-1-2,emotion,What emotion does the person in the video express?,Attentively,Casually,Hastily,Deliberately,A,user24
training_3516,HAU,HAU/user24/5-1-3,emotion,What emotion does the person in the video express?,Attentively,Hastily,Smoothly,Casually,B,user24
training_3517,HAU,HAU/user24/5-2-1,emotion,What emotion does the person in the video express?,Calmly,Gently,Anxiously,Neatly,B,user24
training_3518,HAU,HAU/user24/5-2-2,emotion,What emotion does the person in the video express?,Orderly,Anxiously,Calmly,Gently,C,user24
training_3519,HAU,HAU/user24/5-2-3,emotion,What emotion does the person in the video express?,Gently,Calmly,Anxiously,Naturally,C,user24
training_3520,HAU,HAU/user24/5-3-1,emotion,What emotion does the person in the video express?,Tensely,Quietly,Joyfully,Deliberately,C,user24
training_3521,HAU,HAU/user24/5-3-2,emotion,What emotion does the person in the video express?,Neatly,Quietly,Joyfully,Tensely,B,user24
training_3522,HAU,HAU/user24/5-3-3,emotion,What emotion does the person in the video express?,Joyfully,Seriously,Quietly,Tensely,D,user24
training_3523,HAU,HAU/user24/6-2-1,emotion,What emotion does the person in the video express?,Earnestly,Hurriedly,Naturally,Leisurely,D,user24
training_3524,HAU,HAU/user24/6-2-2,emotion,What emotion does the person in the video express?,Leisurely,Hurriedly,Naturally,Gracefully,C,user24
training_3525,HAU,HAU/user24/6-2-3,emotion,What emotion does the person in the video express?,Hurriedly,Rapidly,Naturally,Leisurely,A,user24
training_3526,HAU,HAU/user24/6-3-1,emotion,What emotion does the person in the video express?,Slowly,Steadily,Lightly,Restlessly,A,user24
training_3527,HAU,HAU/user24/6-3-2,emotion,What emotion does the person in the video express?,Restlessly,Steadily,Slowly,Methodically,B,user24
training_3528,HAU,HAU/user24/6-3-3,emotion,What emotion does the person in the video express?,Steadily,Thoroughly,Restlessly,Slowly,C,user24
training_3529,HAU,HAU/user24/7-1-1,emotion,What emotion does the person in the video express?,Steadily,Intently,Tensely,Meticulously,D,user24
training_3530,HAU,HAU/user24/7-1-2,emotion,What emotion does the person in the video express?,Firmly,Meticulously,Tensely,Steadily,C,user24
training_3531,HAU,HAU/user24/7-1-3,emotion,What emotion does the person in the video express?,Meticulously,Steadily,Tensely,Softly,B,user24
training_3532,HAU,HAU/user24/7-2-1,emotion,What emotion does the person in the video express?,Hurriedly,Leisurely,Impatiently,Seriously,B,user24
training_3533,HAU,HAU/user24/7-2-2,emotion,What emotion does the person in the video express?,Seriously,Impatiently,Casually,Leisurely,B,user24
training_3534,HAU,HAU/user24/7-2-3,emotion,What emotion does the person in the video express?,Seriously,Restlessly,Leisurely,Impatiently,A,user24
training_3535,HARn,HARn/0_Wash_face/user16/1-1-2,single,What is the person doing?,doing lunges,washing their face,doing squats,,B,0_Wash_face
training_3536,HARn,HARn/0_Wash_face/user18/7-1-3,single,What is the person doing?,doing squats,throwing away rubbish,washing their face,,C,0_Wash_face
training_3537,HARn,HARn/0_Wash_face/user20/4-2-1,single,What is the person doing?,combing their hair,eating food,washing their face,,C,0_Wash_face
training_3538,HARn,HARn/0_Wash_face/user20/4-2-2,single,What is the person doing?,washing their face,doing squats,doing lunges,,A,0_Wash_face
training_3539,HARn,HARn/0_Wash_face/user20/4-2-3,single,What is the person doing?,washing their face,doing lunges,combing their hair,,A,0_Wash_face
training_3540,HARn,HARn/0_Wash_face/user21/4-2-3,single,What is the person doing?,washing their face,eating food,throwing away rubbish,,A,0_Wash_face
training_3541,HARn,HARn/0_Wash_face/user22/1-1-2,single,What is the person doing?,eating food,washing their face,doing lunges,,B,0_Wash_face
training_3542,HARn,HARn/0_Wash_face/user22/2-2-1,single,What is the person doing?,eating food,combing their hair,washing their face,,C,0_Wash_face
training_3543,HARn,HARn/0_Wash_face/user5/1-1-3,single,What is the person doing?,washing their face,throwing away rubbish,eating food,,A,0_Wash_face
training_3544,HARn,HARn/0_Wash_face/user8/1-1-3,single,What is the person doing?,doing lunges,washing their face,throwing away rubbish,,B,0_Wash_face
training_3545,HARn,HARn/10_Stir_drinks/user1/3-1-1,single,What is the person doing?,stirring a drink,checking the time,doing jumping jacks,,A,10_Stir_drinks
training_3546,HARn,HARn/10_Stir_drinks/user1/3-1-2,single,What is the person doing?,mopping the floor,stirring a drink,jogging in place,,B,10_Stir_drinks
training_3547,HARn,HARn/10_Stir_drinks/user16/2-1-2,single,What is the person doing?,putting on clothes,making a phone call,stirring a drink,,C,10_Stir_drinks
training_3548,HARn,HARn/10_Stir_drinks/user18/3-2-3,single,What is the person doing?,stirring a drink,opening the cabinet,turning pages,,A,10_Stir_drinks
training_3549,HARn,HARn/10_Stir_drinks/user18/4-2-2,single,What is the person doing?,stirring a drink,standing on one leg,washing their face,,A,10_Stir_drinks
training_3550,HARn,HARn/10_Stir_drinks/user20/7-1-1,single,What is the person doing?,stirring a drink,opening the cabinet,massaging themselves,,A,10_Stir_drinks
training_3551,HARn,HARn/10_Stir_drinks/user23/5-3-3,single,What is the person doing?,using a remote,writing,stirring a drink,,C,10_Stir_drinks
training_3552,HARn,HARn/10_Stir_drinks/user3/7-1-1,single,What is the person doing?,stirring a drink,reading documents,using a smartphone,,A,10_Stir_drinks
training_3553,HARn,HARn/10_Stir_drinks/user4/1-2-2,single,What is the person doing?,writing,massaging themselves,stirring a drink,,C,10_Stir_drinks
training_3554,HARn,HARn/10_Stir_drinks/user4/5-1-1,single,What is the person doing?,stirring a drink,wiping surfaces,drinking water,,A,10_Stir_drinks
training_3555,HARn,HARn/11_Peel_fruits/user18/6-2-3,single,What is the person doing?,combing their hair,peeling fruit,brushing their teeth,,B,11_Peel_fruits
training_3556,HARn,HARn/11_Peel_fruits/user18/7-2-3,single,What is the person doing?,standing on one leg,peeling fruit,taking medicine,,B,11_Peel_fruits
training_3557,HARn,HARn/11_Peel_fruits/user2/7-2-1,single,What is the person doing?,peeling fruit,standing up,drinking water,,A,11_Peel_fruits
training_3558,HARn,HARn/11_Peel_fruits/user3/3-1-1,single,What is the person doing?,peeling fruit,standing up,doing squats,,A,11_Peel_fruits
training_3559,HARn,HARn/11_Peel_fruits/user3/4-1-2,single,What is the person doing?,lying down,using a smartphone,peeling fruit,,C,11_Peel_fruits
training_3560,HARn,HARn/11_Peel_fruits/user4/7-1-2,single,What is the person doing?,doing squats,peeling fruit,doing jumping jacks,,B,11_Peel_fruits
training_3561,HARn,HARn/11_Peel_fruits/user5/2-1-2,single,What is the person doing?,brushing their teeth,peeling fruit,folding clothes,,B,11_Peel_fruits
training_3562,HARn,HARn/11_Peel_fruits/user6/1-2-1,single,What is the person doing?,wiping a bowl,peeling fruit,reading documents,,B,11_Peel_fruits
training_3563,HARn,HARn/11_Peel_fruits/user6/5-2-1,single,What is the person doing?,mopping the floor,walking,peeling fruit,,C,11_Peel_fruits
training_3564,HARn,HARn/11_Peel_fruits/user6/5-2-3,single,What is the person doing?,peeling fruit,lying down,using a smartphone,,A,11_Peel_fruits
training_3565,HARn,HARn/12_Sweep_the_floor/user1/6-2-1,single,What is the person doing?,folding clothes,sitting down,sweeping the floor,,C,12_Sweep_the_floor
training_3566,HARn,HARn/12_Sweep_the_floor/user17/3-1-2,single,What is the person doing?,sweeping the floor,folding clothes,using tableware,,A,12_Sweep_the_floor
training_3567,HARn,HARn/12_Sweep_the_floor/user19/3-3-3,single,What is the person doing?,sweeping the floor,using tableware,sitting down,,A,12_Sweep_the_floor
training_3568,HARn,HARn/12_Sweep_the_floor/user2/3-1-1,single,What is the person doing?,sweeping the floor,using tableware,folding clothes,,A,12_Sweep_the_floor
training_3569,HARn,HARn/12_Sweep_the_floor/user20/3-2-1,single,What is the person doing?,doing squats,using tableware,sweeping the floor,,C,12_Sweep_the_floor
training_3570,HARn,HARn/12_Sweep_the_floor/user5/3-1-3,single,What is the person doing?,sitting down,using tableware,sweeping the floor,,C,12_Sweep_the_floor
training_3571,HARn,HARn/12_Sweep_the_floor/user6/6-2-1,single,What is the person doing?,sweeping the floor,using tableware,folding clothes,,A,12_Sweep_the_floor
training_3572,HARn,HARn/12_Sweep_the_floor/user7/3-1-1,single,What is the person doing?,sweeping the floor,using tableware,doing squats,,A,12_Sweep_the_floor
training_3573,HARn,HARn/12_Sweep_the_floor/user8/3-1-2,single,What is the person doing?,folding clothes,using tableware,sweeping the floor,,C,12_Sweep_the_floor
training_3574,HARn,HARn/12_Sweep_the_floor/user9/7-2-3,single,What is the person doing?,using tableware,sitting down,sweeping the floor,,C,12_Sweep_the_floor
training_3575,HARn,HARn/13_Mop_the_floor/user16/3-1-3,single,What is the person doing?,mopping the floor,folding clothes,doing stretching exercises,,A,13_Mop_the_floor
training_3576,HARn,HARn/13_Mop_the_floor/user17/3-1-1,single,What is the person doing?,brushing their teeth,mopping the floor,jogging in place,,B,13_Mop_the_floor
training_3577,HARn,HARn/13_Mop_the_floor/user18/3-1-1,single,What is the person doing?,folding clothes,mopping the floor,wiping surfaces,,B,13_Mop_the_floor
training_3578,HARn,HARn/13_Mop_the_floor/user19/3-3-2,single,What is the person doing?,reading documents,mopping the floor,writing,,B,13_Mop_the_floor
training_3579,HARn,HARn/13_Mop_the_floor/user20/2-1-1,single,What is the person doing?,mopping the floor,washing their face,wiping their hands,,A,13_Mop_the_floor
training_3580,HARn,HARn/13_Mop_the_floor/user20/2-1-2,single,What is the person doing?,eating food,jogging in place,mopping the floor,,C,13_Mop_the_floor
training_3581,HARn,HARn/13_Mop_the_floor/user20/3-2-1,single,What is the person doing?,mopping the floor,sitting down,lying down,,A,13_Mop_the_floor
training_3582,HARn,HARn/13_Mop_the_floor/user7/3-1-1,single,What is the person doing?,mopping the floor,reading documents,peeling with a knife,,A,13_Mop_the_floor
training_3583,HARn,HARn/13_Mop_the_floor/user8/3-1-1,single,What is the person doing?,putting on headphones,brushing their teeth,mopping the floor,,C,13_Mop_the_floor
training_3584,HARn,HARn/13_Mop_the_floor/user9/3-3-2,single,What is the person doing?,massaging themselves,mopping the floor,taking off their clothes,,B,13_Mop_the_floor
training_3585,HARn,HARn/14_Wipe_bowls/user1/4-1-1,single,What is the person doing?,typing on the keyboard,wiping a bowl,doing stretching exercises,,B,14_Wipe_bowls
training_3586,HARn,HARn/14_Wipe_bowls/user16/3-2-3,single,What is the person doing?,putting on headphones,combing their hair,wiping a bowl,,C,14_Wipe_bowls
training_3587,HARn,HARn/14_Wipe_bowls/user17/3-2-2,single,What is the person doing?,washing their face,making a phone call,wiping a bowl,,C,14_Wipe_bowls
training_3588,HARn,HARn/14_Wipe_bowls/user18/3-2-2,single,What is the person doing?,wiping a bowl,opening the cabinet,washing their face,,A,14_Wipe_bowls
training_3589,HARn,HARn/14_Wipe_bowls/user20/3-1-3,single,What is the person doing?,doing squats,massaging themselves,wiping a bowl,,C,14_Wipe_bowls
training_3590,HARn,HARn/14_Wipe_bowls/user22/2-1-1,single,What is the person doing?,jogging in place,pouring a drink,wiping a bowl,,C,14_Wipe_bowls
training_3591,HARn,HARn/14_Wipe_bowls/user3/3-1-1,single,What is the person doing?,wiping surfaces,typing on the keyboard,wiping a bowl,,C,14_Wipe_bowls
training_3592,HARn,HARn/14_Wipe_bowls/user7/3-2-1,single,What is the person doing?,pouring a drink,lying down,wiping a bowl,,C,14_Wipe_bowls
training_3593,HARn,HARn/14_Wipe_bowls/user8/3-2-1,single,What is the person doing?,stirring a drink,using a remote,wiping a bowl,,C,14_Wipe_bowls
training_3594,HARn,HARn/14_Wipe_bowls/user8/3-2-2,single,What is the person doing?,brushing their teeth,doing lunges,wiping a bowl,,C,14_Wipe_bowls
training_3605,HARn,HARn/16_Fold_clothes/user17/6-1-3,single,What is the person doing?,taking off their clothes,folding clothes,putting on clothes,,B,16_Fold_clothes
training_3606,HARn,HARn/16_Fold_clothes/user18/2-1-1,single,What is the person doing?,folding clothes,putting on clothes,sweeping the floor,,A,16_Fold_clothes
training_3607,HARn,HARn/16_Fold_clothes/user18/2-1-3,single,What is the person doing?,folding clothes,sweeping the floor,putting on clothes,,A,16_Fold_clothes
training_3608,HARn,HARn/16_Fold_clothes/user2/1-1-2,single,What is the person doing?,taking off their clothes,sweeping the floor,folding clothes,,C,16_Fold_clothes
training_3609,HARn,HARn/16_Fold_clothes/user2/1-1-3,single,What is the person doing?,folding clothes,taking off their clothes,sweeping the floor,,A,16_Fold_clothes
training_3610,HARn,HARn/16_Fold_clothes/user22/3-2-3,single,What is the person doing?,folding clothes,taking off their clothes,sweeping the floor,,A,16_Fold_clothes
training_3611,HARn,HARn/16_Fold_clothes/user23/4-3-1,single,What is the person doing?,sweeping the floor,taking off their clothes,folding clothes,,C,16_Fold_clothes
training_3612,HARn,HARn/16_Fold_clothes/user23/4-3-3,single,What is the person doing?,folding clothes,putting on clothes,sweeping the floor,,A,16_Fold_clothes
training_3613,HARn,HARn/16_Fold_clothes/user24/4-1-2,single,What is the person doing?,putting on clothes,folding clothes,taking off their clothes,,B,16_Fold_clothes
training_3614,HARn,HARn/16_Fold_clothes/user24/4-1-3,single,What is the person doing?,folding clothes,taking off their clothes,putting on clothes,,A,16_Fold_clothes
training_3635,HARn,HARn/19_Make_a_phone_call/user16/4-1-3,single,What is the person doing?,making a phone call,lying down,throwing away rubbish,,A,19_Make_a_phone_call
training_3636,HARn,HARn/19_Make_a_phone_call/user18/1-2-2,single,What is the person doing?,making a phone call,peeling fruit,wiping surfaces,,A,19_Make_a_phone_call
training_3637,HARn,HARn/19_Make_a_phone_call/user21/4-1-2,single,What is the person doing?,making a phone call,combing their hair,drinking water,,A,19_Make_a_phone_call
training_3638,HARn,HARn/19_Make_a_phone_call/user22/4-1-3,single,What is the person doing?,drinking water,making a phone call,writing,,B,19_Make_a_phone_call
training_3639,HARn,HARn/19_Make_a_phone_call/user23/4-2-3,single,What is the person doing?,stirring a drink,standing up,making a phone call,,C,19_Make_a_phone_call
training_3640,HARn,HARn/19_Make_a_phone_call/user3/3-2-2,single,What is the person doing?,doing squats,doing lunges,making a phone call,,C,19_Make_a_phone_call
training_3641,HARn,HARn/19_Make_a_phone_call/user5/4-1-1,single,What is the person doing?,making a phone call,mopping the floor,walking,,A,19_Make_a_phone_call
training_3642,HARn,HARn/19_Make_a_phone_call/user8/1-2-1,single,What is the person doing?,taking medicine,making a phone call,eating food,,B,19_Make_a_phone_call
training_3643,HARn,HARn/1_Brush_teeth/user18/1-1-3,single,What is the person doing?,using a remote,brushing their teeth,putting on headphones,,B,1_Brush_teeth
training_3644,HARn,HARn/1_Brush_teeth/user18/7-1-1,single,What is the person doing?,wiping surfaces,brushing their teeth,using a remote,,B,1_Brush_teeth
training_3645,HARn,HARn/1_Brush_teeth/user20/4-2-1,single,What is the person doing?,using a remote,brushing their teeth,putting on headphones,,B,1_Brush_teeth
training_3646,HARn,HARn/1_Brush_teeth/user20/4-2-2,single,What is the person doing?,peeling fruit,using a remote,brushing their teeth,,C,1_Brush_teeth
training_3647,HARn,HARn/1_Brush_teeth/user22/2-2-3,single,What is the person doing?,brushing their teeth,using a remote,putting on headphones,,A,1_Brush_teeth
training_3648,HARn,HARn/1_Brush_teeth/user24/6-2-1,single,What is the person doing?,brushing their teeth,putting on headphones,using a remote,,A,1_Brush_teeth
training_3649,HARn,HARn/1_Brush_teeth/user24/7-1-3,single,What is the person doing?,brushing their teeth,using a remote,peeling fruit,,A,1_Brush_teeth
training_3650,HARn,HARn/1_Brush_teeth/user6/1-1-1,single,What is the person doing?,using a remote,brushing their teeth,putting on headphones,,B,1_Brush_teeth
training_3651,HARn,HARn/1_Brush_teeth/user8/1-1-1,single,What is the person doing?,brushing their teeth,wiping surfaces,using a remote,,A,1_Brush_teeth
training_3652,HARn,HARn/1_Brush_teeth/user8/7-1-2,single,What is the person doing?,putting on headphones,using a remote,brushing their teeth,,C,1_Brush_teeth
training_3653,HARn,HARn/20_Check_the_time/user16/5-3-3,single,What is the person doing?,sitting down,writing,checking the time,,C,20_Check_the_time
training_3654,HARn,HARn/20_Check_the_time/user17/1-2-3,single,What is the person doing?,checking the time,taking medicine,peeling fruit,,A,20_Check_the_time
training_3655,HARn,HARn/20_Check_the_time/user18/6-2-2,single,What is the person doing?,checking the time,sitting down,putting on headphones,,A,20_Check_the_time
training_3656,HARn,HARn/20_Check_the_time/user20/5-1-2,single,What is the person doing?,wiping a bowl,using tableware,checking the time,,C,20_Check_the_time
training_3657,HARn,HARn/20_Check_the_time/user21/6-2-1,single,What is the person doing?,checking the time,folding clothes,wiping their hands,,A,20_Check_the_time
training_3658,HARn,HARn/20_Check_the_time/user22/6-1-1,single,What is the person doing?,standing up,doing lunges,checking the time,,C,20_Check_the_time
training_3659,HARn,HARn/20_Check_the_time/user4/5-2-1,single,What is the person doing?,checking the time,wiping a bowl,folding clothes,,A,20_Check_the_time
training_3660,HARn,HARn/20_Check_the_time/user4/5-2-3,single,What is the person doing?,peeling with a knife,checking the time,taking their body temperature,,B,20_Check_the_time
training_3661,HARn,HARn/20_Check_the_time/user6/5-3-3,single,What is the person doing?,doing squats,checking the time,opening the cabinet,,B,20_Check_the_time
training_3662,HARn,HARn/20_Check_the_time/user8/6-2-1,single,What is the person doing?,standing on one leg,massaging themselves,checking the time,,C,20_Check_the_time
training_3663,HARn,HARn/21_Read_documents/user16/7-3-1,single,What is the person doing?,making a phone call,peeling with a knife,reading documents,,C,21_Read_documents
training_3664,HARn,HARn/21_Read_documents/user16/7-3-3,single,What is the person doing?,making a phone call,peeling with a knife,reading documents,,C,21_Read_documents
training_3665,HARn,HARn/21_Read_documents/user18/1-2-3,single,What is the person doing?,reading documents,taking a selfie,eating food,,A,21_Read_documents
training_3666,HARn,HARn/21_Read_documents/user19/4-1-2,single,What is the person doing?,peeling with a knife,making a phone call,reading documents,,C,21_Read_documents
training_3667,HARn,HARn/21_Read_documents/user19/4-1-3,single,What is the person doing?,taking a selfie,reading documents,jogging in place,,B,21_Read_documents
training_3668,HARn,HARn/21_Read_documents/user3/5-2-2,single,What is the person doing?,taking a selfie,making a phone call,reading documents,,C,21_Read_documents
training_3669,HARn,HARn/21_Read_documents/user3/5-2-3,single,What is the person doing?,reading documents,taking a selfie,making a phone call,,A,21_Read_documents
training_3670,HARn,HARn/21_Read_documents/user4/4-1-2,single,What is the person doing?,reading documents,jogging in place,eating food,,A,21_Read_documents
training_3671,HARn,HARn/21_Read_documents/user6/7-3-1,single,What is the person doing?,taking a selfie,reading documents,peeling with a knife,,B,21_Read_documents
training_3672,HARn,HARn/21_Read_documents/user8/1-2-3,single,What is the person doing?,peeling with a knife,reading documents,taking a selfie,,B,21_Read_documents
training_3683,HARn,HARn/23_Listen_to_music_with_headphones/user1/5-1-1,single,What is the person doing?,brushing their teeth,standing up,putting on headphones,,C,23_Listen_to_music_with_headphones
training_3684,HARn,HARn/23_Listen_to_music_with_headphones/user17/7-1-3,single,What is the person doing?,using a remote,putting on headphones,mopping the floor,,B,23_Listen_to_music_with_headphones
training_3685,HARn,HARn/23_Listen_to_music_with_headphones/user2/7-3-3,single,What is the person doing?,doing lunges,putting on headphones,folding clothes,,B,23_Listen_to_music_with_headphones
training_3686,HARn,HARn/23_Listen_to_music_with_headphones/user20/6-3-3,single,What is the person doing?,putting on headphones,taking their body temperature,sweeping the floor,,A,23_Listen_to_music_with_headphones
training_3687,HARn,HARn/23_Listen_to_music_with_headphones/user21/5-2-3,single,What is the person doing?,standing on one leg,taking their body temperature,putting on headphones,,C,23_Listen_to_music_with_headphones
training_3688,HARn,HARn/23_Listen_to_music_with_headphones/user24/5-1-3,single,What is the person doing?,doing squats,drinking water,putting on headphones,,C,23_Listen_to_music_with_headphones
training_3689,HARn,HARn/23_Listen_to_music_with_headphones/user24/7-2-3,single,What is the person doing?,combing their hair,putting on headphones,standing up,,B,23_Listen_to_music_with_headphones
training_3690,HARn,HARn/23_Listen_to_music_with_headphones/user9/3-3-1,single,What is the person doing?,peeling with a knife,putting on headphones,pouring a drink,,B,23_Listen_to_music_with_headphones
training_3691,HARn,HARn/24_Use_a_mobile_phone/user2/7-3-1,single,What is the person doing?,using a smartphone,writing,wiping surfaces,,A,24_Use_a_mobile_phone
training_3692,HARn,HARn/24_Use_a_mobile_phone/user20/4-1-3,single,What is the person doing?,wiping surfaces,writing,using a smartphone,,C,24_Use_a_mobile_phone
training_3693,HARn,HARn/24_Use_a_mobile_phone/user21/1-2-3,single,What is the person doing?,checking the time,using a smartphone,stirring a drink,,B,24_Use_a_mobile_phone
training_3694,HARn,HARn/24_Use_a_mobile_phone/user24/4-1-1,single,What is the person doing?,writing,stirring a drink,using a smartphone,,C,24_Use_a_mobile_phone
training_3695,HARn,HARn/24_Use_a_mobile_phone/user4/3-2-3,single,What is the person doing?,using a smartphone,checking the time,peeling with a knife,,A,24_Use_a_mobile_phone
training_3696,HARn,HARn/24_Use_a_mobile_phone/user6/5-1-2,single,What is the person doing?,writing,wiping surfaces,using a smartphone,,C,24_Use_a_mobile_phone
training_3697,HARn,HARn/24_Use_a_mobile_phone/user6/5-1-3,single,What is the person doing?,using a smartphone,peeling with a knife,wiping surfaces,,A,24_Use_a_mobile_phone
training_3698,HARn,HARn/24_Use_a_mobile_phone/user6/6-2-2,single,What is the person doing?,using a smartphone,writing,peeling with a knife,,A,24_Use_a_mobile_phone
training_3699,HARn,HARn/24_Use_a_mobile_phone/user7/1-2-1,single,What is the person doing?,using a smartphone,writing,checking the time,,A,24_Use_a_mobile_phone
training_3700,HARn,HARn/25_Watch_TV/user1/5-1-1,single,What is the person doing?,using a remote,writing,drinking water,,A,25_Watch_TV
training_3701,HARn,HARn/25_Watch_TV/user1/5-1-2,single,What is the person doing?,using a remote,doing lunges,pouring a drink,,A,25_Watch_TV
training_3702,HARn,HARn/25_Watch_TV/user1/5-1-3,single,What is the person doing?,mopping the floor,using a remote,writing,,B,25_Watch_TV
training_3703,HARn,HARn/25_Watch_TV/user24/2-2-1,single,What is the person doing?,wiping a bowl,using a remote,eating food,,B,25_Watch_TV
training_3704,HARn,HARn/25_Watch_TV/user24/2-2-2,single,What is the person doing?,eating food,wiping their hands,using a remote,,C,25_Watch_TV
training_3705,HARn,HARn/25_Watch_TV/user24/2-2-3,single,What is the person doing?,stirring a drink,using a remote,checking the time,,B,25_Watch_TV
training_3706,HARn,HARn/25_Watch_TV/user24/5-3-1,single,What is the person doing?,using tableware,using a remote,standing up,,B,25_Watch_TV
training_3707,HARn,HARn/25_Watch_TV/user24/5-3-3,single,What is the person doing?,combing their hair,washing their face,using a remote,,C,25_Watch_TV
training_3708,HARn,HARn/25_Watch_TV/user7/5-1-1,single,What is the person doing?,using a remote,doing stretching exercises,turning pages,,A,25_Watch_TV
training_3709,HARn,HARn/25_Watch_TV/user7/5-1-3,single,What is the person doing?,folding clothes,using a smartphone,using a remote,,C,25_Watch_TV
training_3719,HARn,HARn/27_Take_a_selfie/user17/1-2-2,single,What is the person doing?,taking a selfie,typing on the keyboard,doing stretching exercises,,A,27_Take_a_selfie
training_3720,HARn,HARn/27_Take_a_selfie/user17/1-2-3,single,What is the person doing?,typing on the keyboard,taking a selfie,washing their face,,B,27_Take_a_selfie
training_3721,HARn,HARn/27_Take_a_selfie/user18/1-2-3,single,What is the person doing?,peeling with a knife,using a remote,taking a selfie,,C,27_Take_a_selfie
training_3722,HARn,HARn/27_Take_a_selfie/user19/6-2-2,single,What is the person doing?,wiping a bowl,turning pages,taking a selfie,,C,27_Take_a_selfie
training_3723,HARn,HARn/27_Take_a_selfie/user21/5-1-2,single,What is the person doing?,taking a selfie,using a remote,jogging in place,,A,27_Take_a_selfie
training_3724,HARn,HARn/27_Take_a_selfie/user24/1-1-2,single,What is the person doing?,taking a selfie,making a phone call,doing lunges,,A,27_Take_a_selfie
training_3725,HARn,HARn/27_Take_a_selfie/user4/3-2-2,single,What is the person doing?,walking,taking a selfie,taking off their clothes,,B,27_Take_a_selfie
training_3726,HARn,HARn/27_Take_a_selfie/user4/3-2-3,single,What is the person doing?,taking a selfie,stirring a drink,wiping a bowl,,A,27_Take_a_selfie
training_3727,HARn,HARn/27_Take_a_selfie/user7/1-2-3,single,What is the person doing?,making a phone call,peeling with a knife,taking a selfie,,C,27_Take_a_selfie
training_3728,HARn,HARn/27_Take_a_selfie/user8/1-2-2,single,What is the person doing?,doing squats,taking a selfie,combing their hair,,B,27_Take_a_selfie
training_3729,HARn,HARn/28_Jog_in_place/user2/6-1-1,single,What is the person doing?,jogging in place,wiping their hands,peeling fruit,,A,28_Jog_in_place
training_3730,HARn,HARn/28_Jog_in_place/user2/6-1-2,single,What is the person doing?,reading documents,jogging in place,doing jumping jacks,,B,28_Jog_in_place
training_3731,HARn,HARn/28_Jog_in_place/user22/7-2-1,single,What is the person doing?,throwing away rubbish,combing their hair,jogging in place,,C,28_Jog_in_place
training_3732,HARn,HARn/28_Jog_in_place/user22/7-2-3,single,What is the person doing?,typing on the keyboard,jogging in place,using tableware,,B,28_Jog_in_place
training_3733,HARn,HARn/28_Jog_in_place/user24/3-2-1,single,What is the person doing?,doing jumping jacks,opening the cabinet,jogging in place,,C,28_Jog_in_place
training_3734,HARn,HARn/28_Jog_in_place/user3/2-1-2,single,What is the person doing?,writing,using a smartphone,jogging in place,,C,28_Jog_in_place
training_3735,HARn,HARn/28_Jog_in_place/user4/3-2-1,single,What is the person doing?,using a smartphone,taking off their clothes,jogging in place,,C,28_Jog_in_place
training_3736,HARn,HARn/28_Jog_in_place/user6/4-1-1,single,What is the person doing?,eating food,using a remote,jogging in place,,C,28_Jog_in_place
training_3737,HARn,HARn/28_Jog_in_place/user6/4-1-3,single,What is the person doing?,jogging in place,using a remote,turning pages,,A,28_Jog_in_place
training_3738,HARn,HARn/28_Jog_in_place/user8/5-1-1,single,What is the person doing?,putting on headphones,jogging in place,throwing away rubbish,,B,28_Jog_in_place
training_3739,HARn,HARn/29_Do_squats/user1/1-1-1,single,What is the person doing?,mopping the floor,doing squats,turning pages,,B,29_Do_squats
training_3740,HARn,HARn/29_Do_squats/user1/1-1-3,single,What is the person doing?,taking off their clothes,opening the cabinet,doing squats,,C,29_Do_squats
training_3741,HARn,HARn/29_Do_squats/user16/3-1-3,single,What is the person doing?,doing jumping jacks,checking the time,doing squats,,C,29_Do_squats
training_3742,HARn,HARn/29_Do_squats/user19/2-2-1,single,What is the person doing?,peeling fruit,doing squats,throwing away rubbish,,B,29_Do_squats
training_3743,HARn,HARn/29_Do_squats/user2/2-2-2,single,What is the person doing?,combing their hair,doing squats,taking medicine,,B,29_Do_squats
training_3744,HARn,HARn/29_Do_squats/user2/2-2-3,single,What is the person doing?,combing their hair,standing on one leg,doing squats,,C,29_Do_squats
training_3745,HARn,HARn/29_Do_squats/user2/5-1-2,single,What is the person doing?,doing squats,peeling fruit,doing lunges,,A,29_Do_squats
training_3746,HARn,HARn/29_Do_squats/user22/6-2-2,single,What is the person doing?,pouring a drink,typing on the keyboard,doing squats,,C,29_Do_squats
training_3747,HARn,HARn/29_Do_squats/user9/3-3-2,single,What is the person doing?,massaging themselves,doing squats,putting on clothes,,B,29_Do_squats
training_3748,HARn,HARn/29_Do_squats/user9/5-3-1,single,What is the person doing?,wiping a bowl,combing their hair,doing squats,,C,29_Do_squats
training_3769,HARn,HARn/31_Do_stretching_exercises/user18/6-1-1,single,What is the person doing?,doing stretching exercises,pouring a drink,turning pages,,A,31_Do_stretching_exercises
training_3770,HARn,HARn/31_Do_stretching_exercises/user2/1-2-1,single,What is the person doing?,taking off their clothes,pouring a drink,doing stretching exercises,,C,31_Do_stretching_exercises
training_3771,HARn,HARn/31_Do_stretching_exercises/user22/7-3-2,single,What is the person doing?,turning pages,taking off their clothes,doing stretching exercises,,C,31_Do_stretching_exercises
training_3772,HARn,HARn/31_Do_stretching_exercises/user23/7-3-3,single,What is the person doing?,pouring a drink,turning pages,doing stretching exercises,,C,31_Do_stretching_exercises
training_3773,HARn,HARn/31_Do_stretching_exercises/user24/3-2-2,single,What is the person doing?,doing stretching exercises,pouring a drink,taking off their clothes,,A,31_Do_stretching_exercises
training_3774,HARn,HARn/31_Do_stretching_exercises/user24/3-2-3,single,What is the person doing?,doing stretching exercises,taking off their clothes,turning pages,,A,31_Do_stretching_exercises
training_3775,HARn,HARn/31_Do_stretching_exercises/user3/7-1-1,single,What is the person doing?,pouring a drink,turning pages,doing stretching exercises,,C,31_Do_stretching_exercises
training_3776,HARn,HARn/31_Do_stretching_exercises/user3/7-1-2,single,What is the person doing?,turning pages,doing stretching exercises,pouring a drink,,B,31_Do_stretching_exercises
training_3777,HARn,HARn/31_Do_stretching_exercises/user9/1-1-2,single,What is the person doing?,doing stretching exercises,taking off their clothes,pouring a drink,,A,31_Do_stretching_exercises
training_3778,HARn,HARn/31_Do_stretching_exercises/user9/4-2-2,single,What is the person doing?,doing stretching exercises,pouring a drink,taking off their clothes,,A,31_Do_stretching_exercises
training_3779,HARn,HARn/32_Stand_up/user1/6-2-1,single,What is the person doing?,standing up,walking,peeling fruit,,A,32_Stand_up
training_3780,HARn,HARn/32_Stand_up/user1/6-2-2,single,What is the person doing?,standing up,walking,taking off their clothes,,A,32_Stand_up
training_3781,HARn,HARn/32_Stand_up/user16/4-1-1,single,What is the person doing?,mopping the floor,taking off their clothes,standing up,,C,32_Stand_up
training_3782,HARn,HARn/32_Stand_up/user16/4-1-2,single,What is the person doing?,stirring a drink,walking,standing up,,C,32_Stand_up
training_3783,HARn,HARn/32_Stand_up/user21/4-1-3,single,What is the person doing?,peeling fruit,taking off their clothes,standing up,,C,32_Stand_up
training_3784,HARn,HARn/32_Stand_up/user6/4-1-1,single,What is the person doing?,taking off their clothes,mopping the floor,standing up,,C,32_Stand_up
training_3785,HARn,HARn/32_Stand_up/user7/4-1-1,single,What is the person doing?,stirring a drink,walking,standing up,,C,32_Stand_up
training_3786,HARn,HARn/32_Stand_up/user9/5-1-2,single,What is the person doing?,standing up,walking,taking off their clothes,,A,32_Stand_up
training_3797,HARn,HARn/34_Sit_down/user1/3-2-1,single,What is the person doing?,using a smartphone,sitting down,wiping surfaces,,B,34_Sit_down
training_3798,HARn,HARn/34_Sit_down/user16/4-1-1,single,What is the person doing?,sitting down,typing on the keyboard,using a smartphone,,A,34_Sit_down
training_3799,HARn,HARn/34_Sit_down/user16/7-3-2,single,What is the person doing?,sitting down,sweeping the floor,wiping surfaces,,A,34_Sit_down
training_3800,HARn,HARn/34_Sit_down/user17/1-2-3,single,What is the person doing?,using a smartphone,sitting down,peeling fruit,,B,34_Sit_down
training_3801,HARn,HARn/34_Sit_down/user17/2-2-2,single,What is the person doing?,sitting down,sweeping the floor,wiping surfaces,,A,34_Sit_down
training_3802,HARn,HARn/34_Sit_down/user2/7-3-2,single,What is the person doing?,typing on the keyboard,sitting down,peeling fruit,,B,34_Sit_down
training_3803,HARn,HARn/34_Sit_down/user22/1-2-2,single,What is the person doing?,sweeping the floor,sitting down,peeling fruit,,B,34_Sit_down
training_3804,HARn,HARn/34_Sit_down/user6/4-1-2,single,What is the person doing?,peeling fruit,sitting down,typing on the keyboard,,B,34_Sit_down
training_3805,HARn,HARn/34_Sit_down/user7/6-3-1,single,What is the person doing?,sweeping the floor,sitting down,typing on the keyboard,,B,34_Sit_down
training_3806,HARn,HARn/34_Sit_down/user7/7-1-1,single,What is the person doing?,sitting down,using a smartphone,sweeping the floor,,A,34_Sit_down
training_3807,HARn,HARn/35_Do_lunges/user1/3-2-1,single,What is the person doing?,using a remote,wiping a bowl,doing lunges,,C,35_Do_lunges
training_3808,HARn,HARn/35_Do_lunges/user1/3-2-2,single,What is the person doing?,standing up,doing lunges,opening the cabinet,,B,35_Do_lunges
training_3809,HARn,HARn/35_Do_lunges/user16/6-1-3,single,What is the person doing?,wiping a bowl,using tableware,doing lunges,,C,35_Do_lunges
training_3810,HARn,HARn/35_Do_lunges/user18/5-1-1,single,What is the person doing?,putting on clothes,doing lunges,lying down,,B,35_Do_lunges
training_3811,HARn,HARn/35_Do_lunges/user23/1-2-1,single,What is the person doing?,doing lunges,sitting down,wiping their hands,,A,35_Do_lunges
training_3812,HARn,HARn/35_Do_lunges/user23/1-2-2,single,What is the person doing?,taking off their clothes,opening the cabinet,doing lunges,,C,35_Do_lunges
training_3813,HARn,HARn/35_Do_lunges/user23/5-3-2,single,What is the person doing?,opening the cabinet,taking a selfie,doing lunges,,C,35_Do_lunges
training_3814,HARn,HARn/35_Do_lunges/user6/6-1-1,single,What is the person doing?,sitting down,doing lunges,doing squats,,B,35_Do_lunges
training_3815,HARn,HARn/35_Do_lunges/user8/5-1-1,single,What is the person doing?,opening the cabinet,doing lunges,doing stretching exercises,,B,35_Do_lunges
training_3816,HARn,HARn/35_Do_lunges/user8/5-1-3,single,What is the person doing?,doing lunges,sweeping the floor,drinking water,,A,35_Do_lunges
training_3817,HARn,HARn/36_Walk/user19/2-3-3,single,What is the person doing?,turning pages,walking,eating food,,B,36_Walk
training_3818,HARn,HARn/36_Walk/user19/7-2-3,single,What is the person doing?,walking,taking their body temperature,washing their face,,A,36_Walk
training_3819,HARn,HARn/36_Walk/user21/1-2-1,single,What is the person doing?,turning pages,walking,doing lunges,,B,36_Walk
training_3820,HARn,HARn/36_Walk/user21/4-1-3,single,What is the person doing?,walking,doing lunges,typing on the keyboard,,A,36_Walk
training_3821,HARn,HARn/36_Walk/user21/5-2-2,single,What is the person doing?,making a phone call,walking,pouring a drink,,B,36_Walk
training_3822,HARn,HARn/36_Walk/user24/3-2-1,single,What is the person doing?,sweeping the floor,walking,wiping surfaces,,B,36_Walk
training_3823,HARn,HARn/36_Walk/user24/7-2-3,single,What is the person doing?,lying down,turning pages,walking,,C,36_Walk
training_3824,HARn,HARn/36_Walk/user3/6-2-1,single,What is the person doing?,drinking water,walking,standing up,,B,36_Walk
training_3825,HARn,HARn/36_Walk/user4/5-2-3,single,What is the person doing?,doing lunges,walking,sweeping the floor,,B,36_Walk
training_3826,HARn,HARn/36_Walk/user7/4-1-3,single,What is the person doing?,eating food,reading documents,walking,,C,36_Walk
training_3827,HARn,HARn/37_Take_medicine/user16/6-2-1,single,What is the person doing?,taking medicine,throwing away rubbish,wiping surfaces,,A,37_Take_medicine
training_3828,HARn,HARn/37_Take_medicine/user17/4-1-1,single,What is the person doing?,stirring a drink,taking medicine,taking their body temperature,,B,37_Take_medicine
training_3829,HARn,HARn/37_Take_medicine/user17/4-1-2,single,What is the person doing?,stirring a drink,taking medicine,throwing away rubbish,,B,37_Take_medicine
training_3830,HARn,HARn/37_Take_medicine/user19/7-1-3,single,What is the person doing?,taking medicine,throwing away rubbish,eating food,,A,37_Take_medicine
training_3831,HARn,HARn/37_Take_medicine/user21/7-1-1,single,What is the person doing?,stirring a drink,wiping surfaces,taking medicine,,C,37_Take_medicine
training_3832,HARn,HARn/37_Take_medicine/user24/5-2-3,single,What is the person doing?,throwing away rubbish,taking medicine,wiping surfaces,,B,37_Take_medicine
training_3833,HARn,HARn/37_Take_medicine/user8/7-1-3,single,What is the person doing?,wiping surfaces,taking medicine,taking their body temperature,,B,37_Take_medicine
training_3834,HARn,HARn/37_Take_medicine/user8/7-2-3,single,What is the person doing?,taking their body temperature,eating food,taking medicine,,C,37_Take_medicine
training_3835,HARn,HARn/37_Take_medicine/user9/7-1-1,single,What is the person doing?,throwing away rubbish,taking medicine,stirring a drink,,B,37_Take_medicine
training_3836,HARn,HARn/37_Take_medicine/user9/7-1-2,single,What is the person doing?,stirring a drink,taking medicine,throwing away rubbish,,B,37_Take_medicine
training_3837,HARn,HARn/38_Massage_oneself/user16/7-1-2,single,What is the person doing?,massaging themselves,doing jumping jacks,folding clothes,,A,38_Massage_oneself
training_3838,HARn,HARn/38_Massage_oneself/user16/7-1-3,single,What is the person doing?,making a phone call,lying down,massaging themselves,,C,38_Massage_oneself
training_3839,HARn,HARn/38_Massage_oneself/user19/5-3-3,single,What is the person doing?,pouring a drink,massaging themselves,wiping surfaces,,B,38_Massage_oneself
training_3840,HARn,HARn/38_Massage_oneself/user2/2-2-2,single,What is the person doing?,typing on the keyboard,opening the cabinet,massaging themselves,,C,38_Massage_oneself
training_3841,HARn,HARn/38_Massage_oneself/user20/7-1-3,single,What is the person doing?,sitting down,massaging themselves,peeling with a knife,,B,38_Massage_oneself
training_3842,HARn,HARn/38_Massage_oneself/user21/7-2-1,single,What is the person doing?,taking medicine,massaging themselves,combing their hair,,B,38_Massage_oneself
training_3843,HARn,HARn/38_Massage_oneself/user22/6-2-1,single,What is the person doing?,pouring a drink,massaging themselves,doing stretching exercises,,B,38_Massage_oneself
training_3844,HARn,HARn/38_Massage_oneself/user23/2-2-3,single,What is the person doing?,massaging themselves,using a remote,taking their body temperature,,A,38_Massage_oneself
training_3845,HARn,HARn/38_Massage_oneself/user3/2-2-2,single,What is the person doing?,sitting down,throwing away rubbish,massaging themselves,,C,38_Massage_oneself
training_3846,HARn,HARn/38_Massage_oneself/user3/7-1-2,single,What is the person doing?,doing jumping jacks,throwing away rubbish,massaging themselves,,C,38_Massage_oneself
training_3847,HARn,HARn/39_Take_body_temperature/user16/6-2-3,single,What is the person doing?,taking a selfie,combing their hair,taking their body temperature,,C,39_Take_body_temperature
training_3848,HARn,HARn/39_Take_body_temperature/user17/4-1-3,single,What is the person doing?,pouring a drink,taking their body temperature,using tableware,,B,39_Take_body_temperature
training_3849,HARn,HARn/39_Take_body_temperature/user17/7-1-2,single,What is the person doing?,sitting down,taking their body temperature,using a remote,,B,39_Take_body_temperature
training_3850,HARn,HARn/39_Take_body_temperature/user19/7-1-1,single,What is the person doing?,sweeping the floor,stirring a drink,taking their body temperature,,C,39_Take_body_temperature
training_3851,HARn,HARn/39_Take_body_temperature/user21/6-1-3,single,What is the person doing?,putting on headphones,taking their body temperature,doing lunges,,B,39_Take_body_temperature
training_3852,HARn,HARn/39_Take_body_temperature/user24/7-1-1,single,What is the person doing?,standing on one leg,wiping their hands,taking their body temperature,,C,39_Take_body_temperature
training_3853,HARn,HARn/39_Take_body_temperature/user24/7-1-2,single,What is the person doing?,brushing their teeth,making a phone call,taking their body temperature,,C,39_Take_body_temperature
training_3854,HARn,HARn/39_Take_body_temperature/user24/7-1-3,single,What is the person doing?,wiping their hands,taking their body temperature,doing squats,,B,39_Take_body_temperature
training_3855,HARn,HARn/39_Take_body_temperature/user3/2-2-2,single,What is the person doing?,taking a selfie,taking their body temperature,sweeping the floor,,B,39_Take_body_temperature
training_3856,HARn,HARn/39_Take_body_temperature/user6/6-2-2,single,What is the person doing?,using tableware,doing lunges,taking their body temperature,,C,39_Take_body_temperature
training_3857,HARn,HARn/3_Take_off_clothes/user22/6-1-2,single,What is the person doing?,taking off their clothes,peeling with a knife,turning pages,,A,3_Take_off_clothes
training_3858,HARn,HARn/3_Take_off_clothes/user22/7-2-1,single,What is the person doing?,taking off their clothes,typing on the keyboard,putting on headphones,,A,3_Take_off_clothes
training_3859,HARn,HARn/3_Take_off_clothes/user22/7-2-2,single,What is the person doing?,brushing their teeth,using tableware,taking off their clothes,,C,3_Take_off_clothes
training_3860,HARn,HARn/3_Take_off_clothes/user23/4-3-3,single,What is the person doing?,combing their hair,taking a selfie,taking off their clothes,,C,3_Take_off_clothes
training_3861,HARn,HARn/3_Take_off_clothes/user4/5-2-3,single,What is the person doing?,using a smartphone,peeling with a knife,taking off their clothes,,C,3_Take_off_clothes
training_3862,HARn,HARn/3_Take_off_clothes/user8/6-1-2,single,What is the person doing?,taking off their clothes,washing their face,drinking water,,A,3_Take_off_clothes
training_3863,HARn,HARn/3_Take_off_clothes/user8/7-1-2,single,What is the person doing?,brushing their teeth,taking off their clothes,peeling fruit,,B,3_Take_off_clothes
training_3864,HARn,HARn/3_Take_off_clothes/user8/7-1-3,single,What is the person doing?,taking off their clothes,using a smartphone,typing on the keyboard,,A,3_Take_off_clothes
training_3865,HARn,HARn/3_Take_off_clothes/user9/3-1-2,single,What is the person doing?,taking off their clothes,typing on the keyboard,doing jumping jacks,,A,3_Take_off_clothes
training_3866,HARn,HARn/3_Take_off_clothes/user9/3-1-3,single,What is the person doing?,taking off their clothes,wiping their hands,throwing away rubbish,,A,3_Take_off_clothes
training_3867,HARn,HARn/40_Stand_on_one_leg_(balance)/user16/5-3-1,single,What is the person doing?,making a phone call,standing on one leg,putting on clothes,,B,40_Stand_on_one_leg_(balance)
training_3868,HARn,HARn/40_Stand_on_one_leg_(balance)/user16/5-3-3,single,What is the person doing?,standing on one leg,taking medicine,wiping their hands,,A,40_Stand_on_one_leg_(balance)
training_3869,HARn,HARn/40_Stand_on_one_leg_(balance)/user17/6-2-2,single,What is the person doing?,folding clothes,doing stretching exercises,standing on one leg,,C,40_Stand_on_one_leg_(balance)
training_3870,HARn,HARn/40_Stand_on_one_leg_(balance)/user18/3-1-1,single,What is the person doing?,standing on one leg,eating food,putting on headphones,,A,40_Stand_on_one_leg_(balance)
training_3871,HARn,HARn/40_Stand_on_one_leg_(balance)/user18/3-1-3,single,What is the person doing?,standing up,washing their face,standing on one leg,,C,40_Stand_on_one_leg_(balance)
training_3872,HARn,HARn/40_Stand_on_one_leg_(balance)/user22/3-2-3,single,What is the person doing?,standing on one leg,sitting down,doing lunges,,A,40_Stand_on_one_leg_(balance)
training_3873,HARn,HARn/40_Stand_on_one_leg_(balance)/user22/7-3-2,single,What is the person doing?,folding clothes,eating food,standing on one leg,,C,40_Stand_on_one_leg_(balance)
training_3874,HARn,HARn/40_Stand_on_one_leg_(balance)/user22/7-3-3,single,What is the person doing?,putting on clothes,sweeping the floor,standing on one leg,,C,40_Stand_on_one_leg_(balance)
training_3875,HARn,HARn/40_Stand_on_one_leg_(balance)/user3/7-1-3,single,What is the person doing?,folding clothes,standing on one leg,stirring a drink,,B,40_Stand_on_one_leg_(balance)
training_3876,HARn,HARn/40_Stand_on_one_leg_(balance)/user8/3-1-1,single,What is the person doing?,standing on one leg,taking a selfie,doing lunges,,A,40_Stand_on_one_leg_(balance)
training_3887,HARn,HARn/42_Throw_away_(rubbish)/user17/5-3-1,single,What is the person doing?,throwing away rubbish,combing their hair,wiping surfaces,,A,42_Throw_away_(rubbish)
training_3888,HARn,HARn/42_Throw_away_(rubbish)/user22/4-2-2,single,What is the person doing?,wiping a bowl,using a smartphone,throwing away rubbish,,C,42_Throw_away_(rubbish)
training_3889,HARn,HARn/42_Throw_away_(rubbish)/user24/1-1-2,single,What is the person doing?,combing their hair,taking a selfie,throwing away rubbish,,C,42_Throw_away_(rubbish)
training_3890,HARn,HARn/42_Throw_away_(rubbish)/user24/4-2-1,single,What is the person doing?,throwing away rubbish,doing stretching exercises,opening the cabinet,,A,42_Throw_away_(rubbish)
training_3891,HARn,HARn/42_Throw_away_(rubbish)/user24/4-2-2,single,What is the person doing?,throwing away rubbish,taking a selfie,taking their body temperature,,A,42_Throw_away_(rubbish)
training_3892,HARn,HARn/42_Throw_away_(rubbish)/user24/4-2-3,single,What is the person doing?,washing their face,throwing away rubbish,putting on headphones,,B,42_Throw_away_(rubbish)
training_3893,HARn,HARn/42_Throw_away_(rubbish)/user7/5-3-1,single,What is the person doing?,making a phone call,standing on one leg,throwing away rubbish,,C,42_Throw_away_(rubbish)
training_3894,HARn,HARn/42_Throw_away_(rubbish)/user7/5-3-3,single,What is the person doing?,using a remote,using a smartphone,throwing away rubbish,,C,42_Throw_away_(rubbish)
training_3895,HARn,HARn/42_Throw_away_(rubbish)/user8/4-2-3,single,What is the person doing?,throwing away rubbish,pouring a drink,making a phone call,,A,42_Throw_away_(rubbish)
training_3896,HARn,HARn/42_Throw_away_(rubbish)/user9/5-2-1,single,What is the person doing?,brushing their teeth,taking their body temperature,throwing away rubbish,,C,42_Throw_away_(rubbish)
training_3897,HARn,HARn/43_Open_the_cabinet_(to_get_things)/user19/2-1-1,single,What is the person doing?,opening the cabinet,drinking water,taking a selfie,,A,43_Open_the_cabinet_(to_get_things)
training_3898,HARn,HARn/43_Open_the_cabinet_(to_get_things)/user19/2-1-2,single,What is the person doing?,folding clothes,opening the cabinet,peeling fruit,,B,43_Open_the_cabinet_(to_get_things)
training_3899,HARn,HARn/43_Open_the_cabinet_(to_get_things)/user19/2-1-3,single,What is the person doing?,turning pages,opening the cabinet,washing their face,,B,43_Open_the_cabinet_(to_get_things)
training_3900,HARn,HARn/43_Open_the_cabinet_(to_get_things)/user2/2-1-1,single,What is the person doing?,opening the cabinet,combing their hair,brushing their teeth,,A,43_Open_the_cabinet_(to_get_things)
training_3901,HARn,HARn/43_Open_the_cabinet_(to_get_things)/user2/7-1-2,single,What is the person doing?,turning pages,opening the cabinet,taking their body temperature,,B,43_Open_the_cabinet_(to_get_things)
training_3902,HARn,HARn/43_Open_the_cabinet_(to_get_things)/user2/7-1-3,single,What is the person doing?,turning pages,opening the cabinet,putting on clothes,,B,43_Open_the_cabinet_(to_get_things)
training_3903,HARn,HARn/43_Open_the_cabinet_(to_get_things)/user20/2-1-1,single,What is the person doing?,peeling fruit,throwing away rubbish,opening the cabinet,,C,43_Open_the_cabinet_(to_get_things)
training_3904,HARn,HARn/43_Open_the_cabinet_(to_get_things)/user4/7-1-3,single,What is the person doing?,walking,opening the cabinet,washing their face,,B,43_Open_the_cabinet_(to_get_things)
training_3905,HARn,HARn/43_Open_the_cabinet_(to_get_things)/user7/2-1-1,single,What is the person doing?,peeling fruit,opening the cabinet,wiping their hands,,B,43_Open_the_cabinet_(to_get_things)
training_3906,HARn,HARn/43_Open_the_cabinet_(to_get_things)/user9/2-1-2,single,What is the person doing?,opening the cabinet,doing squats,using a smartphone,,A,43_Open_the_cabinet_(to_get_things)
training_3907,HARn,HARn/4_Wipe_hands/user20/6-2-1,single,What is the person doing?,mopping the floor,wiping their hands,peeling fruit,,B,4_Wipe_hands
training_3908,HARn,HARn/4_Wipe_hands/user21/7-2-1,single,What is the person doing?,writing,wiping their hands,mopping the floor,,B,4_Wipe_hands
training_3909,HARn,HARn/4_Wipe_hands/user21/7-2-2,single,What is the person doing?,mopping the floor,wiping their hands,peeling fruit,,B,4_Wipe_hands
training_3910,HARn,HARn/4_Wipe_hands/user24/6-2-1,single,What is the person doing?,writing,throwing away rubbish,wiping their hands,,C,4_Wipe_hands
training_3911,HARn,HARn/4_Wipe_hands/user7/1-1-3,single,What is the person doing?,mopping the floor,wiping their hands,wiping surfaces,,B,4_Wipe_hands
training_3912,HARn,HARn/4_Wipe_hands/user7/7-2-3,single,What is the person doing?,wiping their hands,wiping surfaces,peeling fruit,,A,4_Wipe_hands
training_3913,HARn,HARn/4_Wipe_hands/user8/1-1-1,single,What is the person doing?,wiping their hands,wiping surfaces,mopping the floor,,A,4_Wipe_hands
training_3914,HARn,HARn/4_Wipe_hands/user8/7-1-2,single,What is the person doing?,peeling fruit,wiping surfaces,wiping their hands,,C,4_Wipe_hands
training_3915,HARn,HARn/4_Wipe_hands/user9/1-1-1,single,What is the person doing?,wiping their hands,wiping surfaces,mopping the floor,,A,4_Wipe_hands
training_3916,HARn,HARn/4_Wipe_hands/user9/5-2-3,single,What is the person doing?,mopping the floor,wiping their hands,wiping surfaces,,B,4_Wipe_hands
training_3917,HARn,HARn/5_Put_on_clothes/user1/1-1-1,single,What is the person doing?,putting on clothes,taking a selfie,taking their body temperature,,A,5_Put_on_clothes
training_3918,HARn,HARn/5_Put_on_clothes/user1/1-1-3,single,What is the person doing?,using a smartphone,putting on clothes,doing lunges,,B,5_Put_on_clothes
training_3919,HARn,HARn/5_Put_on_clothes/user17/1-1-1,single,What is the person doing?,using a smartphone,putting on clothes,taking a selfie,,B,5_Put_on_clothes
training_3920,HARn,HARn/5_Put_on_clothes/user17/1-1-3,single,What is the person doing?,taking a selfie,doing lunges,putting on clothes,,C,5_Put_on_clothes
training_3921,HARn,HARn/5_Put_on_clothes/user17/6-1-3,single,What is the person doing?,putting on clothes,taking their body temperature,folding clothes,,A,5_Put_on_clothes
training_3922,HARn,HARn/5_Put_on_clothes/user19/1-1-3,single,What is the person doing?,taking their body temperature,doing lunges,putting on clothes,,C,5_Put_on_clothes
training_3923,HARn,HARn/5_Put_on_clothes/user22/2-2-1,single,What is the person doing?,taking a selfie,taking their body temperature,putting on clothes,,C,5_Put_on_clothes
training_3924,HARn,HARn/5_Put_on_clothes/user22/7-2-1,single,What is the person doing?,putting on clothes,taking their body temperature,doing lunges,,A,5_Put_on_clothes
training_3925,HARn,HARn/5_Put_on_clothes/user4/5-2-2,single,What is the person doing?,folding clothes,doing lunges,putting on clothes,,C,5_Put_on_clothes
training_3926,HARn,HARn/5_Put_on_clothes/user9/1-1-1,single,What is the person doing?,taking their body temperature,doing lunges,putting on clothes,,C,5_Put_on_clothes
training_3937,HARn,HARn/7_Eat_food/user1/6-1-2,single,What is the person doing?,eating food,walking,using a smartphone,,A,7_Eat_food
training_3938,HARn,HARn/7_Eat_food/user16/6-2-3,single,What is the person doing?,standing on one leg,doing jumping jacks,eating food,,C,7_Eat_food
training_3939,HARn,HARn/7_Eat_food/user17/5-2-1,single,What is the person doing?,eating food,sweeping the floor,using a remote,,A,7_Eat_food
training_3940,HARn,HARn/7_Eat_food/user17/7-2-3,single,What is the person doing?,walking,eating food,doing lunges,,B,7_Eat_food
training_3941,HARn,HARn/7_Eat_food/user18/7-2-1,single,What is the person doing?,eating food,putting on headphones,opening the cabinet,,A,7_Eat_food
training_3942,HARn,HARn/7_Eat_food/user3/6-1-1,single,What is the person doing?,eating food,typing on the keyboard,sweeping the floor,,A,7_Eat_food
training_3943,HARn,HARn/7_Eat_food/user4/7-2-3,single,What is the person doing?,washing their face,eating food,taking off their clothes,,B,7_Eat_food
training_3944,HARn,HARn/7_Eat_food/user7/2-2-2,single,What is the person doing?,making a phone call,eating food,sweeping the floor,,B,7_Eat_food
training_3945,HARn,HARn/7_Eat_food/user7/3-2-1,single,What is the person doing?,typing on the keyboard,eating food,folding clothes,,B,7_Eat_food
training_3946,HARn,HARn/8_Take_and_use_tableware/user1/4-1-1,single,What is the person doing?,typing on the keyboard,using tableware,taking a selfie,,B,8_Take_and_use_tableware
training_3947,HARn,HARn/8_Take_and_use_tableware/user16/6-2-3,single,What is the person doing?,jogging in place,reading documents,using tableware,,C,8_Take_and_use_tableware
training_3948,HARn,HARn/8_Take_and_use_tableware/user2/1-2-1,single,What is the person doing?,doing jumping jacks,using tableware,taking off their clothes,,B,8_Take_and_use_tableware
training_3949,HARn,HARn/8_Take_and_use_tableware/user2/2-1-3,single,What is the person doing?,using tableware,pouring a drink,using a smartphone,,A,8_Take_and_use_tableware
training_3950,HARn,HARn/8_Take_and_use_tableware/user20/2-1-2,single,What is the person doing?,walking,using tableware,folding clothes,,B,8_Take_and_use_tableware
training_3951,HARn,HARn/8_Take_and_use_tableware/user6/6-2-3,single,What is the person doing?,using tableware,writing,opening the cabinet,,A,8_Take_and_use_tableware
training_3952,HARn,HARn/8_Take_and_use_tableware/user6/7-2-2,single,What is the person doing?,reading documents,using tableware,jogging in place,,B,8_Take_and_use_tableware
training_3953,HARn,HARn/8_Take_and_use_tableware/user7/5-3-2,single,What is the person doing?,using tableware,taking their body temperature,brushing their teeth,,A,8_Take_and_use_tableware
training_3954,HARn,HARn/9_Pour_drinks/user16/1-2-1,single,What is the person doing?,reading documents,doing squats,pouring a drink,,C,9_Pour_drinks
training_3955,HARn,HARn/9_Pour_drinks/user19/7-2-1,single,What is the person doing?,doing stretching exercises,reading documents,pouring a drink,,C,9_Pour_drinks
training_3956,HARn,HARn/9_Pour_drinks/user19/7-2-3,single,What is the person doing?,pouring a drink,reading documents,throwing away rubbish,,A,9_Pour_drinks
training_3957,HARn,HARn/9_Pour_drinks/user2/6-1-1,single,What is the person doing?,pouring a drink,doing squats,reading documents,,A,9_Pour_drinks
training_3958,HARn,HARn/9_Pour_drinks/user20/7-1-3,single,What is the person doing?,pouring a drink,reading documents,opening the cabinet,,A,9_Pour_drinks
training_3959,HARn,HARn/9_Pour_drinks/user21/6-2-3,single,What is the person doing?,reading documents,doing squats,pouring a drink,,C,9_Pour_drinks
training_3960,HARn,HARn/9_Pour_drinks/user22/4-3-2,single,What is the person doing?,opening the cabinet,pouring a drink,reading documents,,B,9_Pour_drinks
training_3961,HARn,HARn/9_Pour_drinks/user5/1-2-2,single,What is the person doing?,pouring a drink,reading documents,doing squats,,A,9_Pour_drinks
training_3962,HARn,HARn/9_Pour_drinks/user6/7-2-3,single,What is the person doing?,throwing away rubbish,doing squats,pouring a drink,,C,9_Pour_drinks
training_3963,HARn,HARn/9_Pour_drinks/user7/1-2-1,single,What is the person doing?,doing stretching exercises,reading documents,pouring a drink,,C,9_Pour_drinks
training_3964,HARn,HARn/14_Wipe_bowls/user1/1-2-2,object_interaction,Which object is the person interacting with?,a cloth,a towel,a clothes,a napkin,A,14_Wipe_bowls
training_3965,HARn,HARn/14_Wipe_bowls/user1/4-1-2,object_interaction,Which object is the person interacting with?,a clothes,a sponge,a napkin,a cloth,D,14_Wipe_bowls
training_3966,HARn,HARn/14_Wipe_bowls/user16/3-2-3,object_interaction,Which object is the person interacting with?,a towel,a clothes,a cloth,a sponge,C,14_Wipe_bowls
training_3967,HARn,HARn/14_Wipe_bowls/user17/3-2-3,object_interaction,Which object is the person interacting with?,a clothes,a towel,a sponge,a cloth,D,14_Wipe_bowls
training_3968,HARn,HARn/14_Wipe_bowls/user18/3-2-3,object_interaction,Which object is the person interacting with?,a cloth,a sponge,a towel,a clothes,A,14_Wipe_bowls
training_3969,HARn,HARn/14_Wipe_bowls/user20/3-1-1,object_interaction,Which object is the person interacting with?,a clothes,a napkin,a towel,a cloth,D,14_Wipe_bowls
training_3970,HARn,HARn/14_Wipe_bowls/user20/3-1-2,object_interaction,Which object is the person interacting with?,a clothes,a cloth,a towel,a sponge,B,14_Wipe_bowls
training_3971,HARn,HARn/14_Wipe_bowls/user3/3-1-1,object_interaction,Which object is the person interacting with?,a towel,a sponge,a clothes,a cloth,D,14_Wipe_bowls
training_3972,HARn,HARn/14_Wipe_bowls/user8/3-2-1,object_interaction,Which object is the person interacting with?,a cloth,a sponge,a towel,a clothes,A,14_Wipe_bowls
training_3973,HARn,HARn/14_Wipe_bowls/user8/3-2-3,object_interaction,Which object is the person interacting with?,a cloth,a clothes,a towel,a sponge,A,14_Wipe_bowls
training_3974,HARn,HARn/16_Fold_clothes/user17/6-1-1,object_interaction,Which object is the person interacting with?,a towel,a clothes,a blanket,a cloth,B,16_Fold_clothes
training_3975,HARn,HARn/16_Fold_clothes/user18/2-1-1,object_interaction,Which object is the person interacting with?,a clothes,a cloth,a blanket,a towel,A,16_Fold_clothes
training_3976,HARn,HARn/16_Fold_clothes/user18/2-1-2,object_interaction,Which object is the person interacting with?,a clothes,a towel,a cloth,a blanket,A,16_Fold_clothes
training_3977,HARn,HARn/16_Fold_clothes/user18/2-1-3,object_interaction,Which object is the person interacting with?,a towel,a cloth,a blanket,a clothes,D,16_Fold_clothes
training_3978,HARn,HARn/16_Fold_clothes/user2/1-1-2,object_interaction,Which object is the person interacting with?,a towel,a cloth,a clothes,a blanket,C,16_Fold_clothes
training_3979,HARn,HARn/16_Fold_clothes/user23/4-3-2,object_interaction,Which object is the person interacting with?,a blanket,a cloth,a towel,a clothes,D,16_Fold_clothes
training_3980,HARn,HARn/16_Fold_clothes/user24/4-1-1,object_interaction,Which object is the person interacting with?,a cloth,a blanket,a clothes,a towel,C,16_Fold_clothes
training_3981,HARn,HARn/16_Fold_clothes/user24/4-1-3,object_interaction,Which object is the person interacting with?,a clothes,a blanket,a cloth,a towel,A,16_Fold_clothes
training_3982,HARn,HARn/16_Fold_clothes/user8/2-1-2,object_interaction,Which object is the person interacting with?,a clothes,a towel,a blanket,a cloth,A,16_Fold_clothes
training_3983,HARn,HARn/16_Fold_clothes/user8/2-1-3,object_interaction,Which object is the person interacting with?,a clothes,a towel,a cloth,a blanket,A,16_Fold_clothes
training_3994,HARn,HARn/19_Make_a_phone_call/user16/4-1-3,object_interaction,Which object is the person interacting with?,a phone,a keyboard,a calculator,a tablet,A,19_Make_a_phone_call
training_3995,HARn,HARn/19_Make_a_phone_call/user2/4-1-3,object_interaction,Which object is the person interacting with?,a remote,a phone,a calculator,a tablet,B,19_Make_a_phone_call
training_3996,HARn,HARn/19_Make_a_phone_call/user3/3-2-2,object_interaction,Which object is the person interacting with?,a tablet,a keyboard,a wallet,a phone,D,19_Make_a_phone_call
training_3997,HARn,HARn/19_Make_a_phone_call/user3/3-2-3,object_interaction,Which object is the person interacting with?,a remote,a phone,a keyboard,a wallet,B,19_Make_a_phone_call
training_3998,HARn,HARn/19_Make_a_phone_call/user8/1-2-1,object_interaction,Which object is the person interacting with?,a phone,a calculator,a tablet,a keyboard,A,19_Make_a_phone_call
training_3999,HARn,HARn/19_Make_a_phone_call/user8/1-2-3,object_interaction,Which object is the person interacting with?,a calculator,a tablet,a phone,a keyboard,C,19_Make_a_phone_call
training_4000,HARn,HARn/19_Make_a_phone_call/user8/2-1-1,object_interaction,Which object is the person interacting with?,a wallet,a remote,a calculator,a phone,D,19_Make_a_phone_call
training_4001,HARn,HARn/19_Make_a_phone_call/user8/2-1-3,object_interaction,Which object is the person interacting with?,a phone,a wallet,a keyboard,a remote,A,19_Make_a_phone_call
training_4002,HARn,HARn/21_Read_documents/user1/6-2-2,object_interaction,Which object is the person interacting with?,a newspaper,a book,a documents,a magazine,C,21_Read_documents
training_4003,HARn,HARn/21_Read_documents/user16/4-1-2,object_interaction,Which object is the person interacting with?,a documents,a notebook,a newspaper,a book,A,21_Read_documents
training_4004,HARn,HARn/21_Read_documents/user18/1-2-2,object_interaction,Which object is the person interacting with?,a magazine,a newspaper,a documents,a book,C,21_Read_documents
training_4005,HARn,HARn/21_Read_documents/user23/4-1-2,object_interaction,Which object is the person interacting with?,a documents,a newspaper,a magazine,a book,A,21_Read_documents
training_4006,HARn,HARn/21_Read_documents/user23/4-1-3,object_interaction,Which object is the person interacting with?,a book,a documents,a notebook,a magazine,B,21_Read_documents
training_4007,HARn,HARn/21_Read_documents/user24/1-2-1,object_interaction,Which object is the person interacting with?,a notebook,a magazine,a book,a documents,D,21_Read_documents
training_4008,HARn,HARn/21_Read_documents/user24/7-2-2,object_interaction,Which object is the person interacting with?,a notebook,a newspaper,a magazine,a documents,D,21_Read_documents
training_4009,HARn,HARn/21_Read_documents/user6/4-1-3,object_interaction,Which object is the person interacting with?,a documents,a magazine,a book,a notebook,A,21_Read_documents
training_4010,HARn,HARn/21_Read_documents/user8/1-2-3,object_interaction,Which object is the person interacting with?,a newspaper,a notebook,a documents,a book,C,21_Read_documents
training_4011,HARn,HARn/21_Read_documents/user9/4-1-2,object_interaction,Which object is the person interacting with?,a newspaper,a documents,a notebook,a book,B,21_Read_documents
training_4022,HARn,HARn/23_Listen_to_music_with_headphones/user1/5-1-2,object_interaction,Which object is the person interacting with?,a phone,a speaker,a towel,a headphones,D,23_Listen_to_music_with_headphones
training_4023,HARn,HARn/23_Listen_to_music_with_headphones/user2/7-3-1,object_interaction,Which object is the person interacting with?,a speaker,a towel,a headset,a headphones,D,23_Listen_to_music_with_headphones
training_4024,HARn,HARn/23_Listen_to_music_with_headphones/user21/5-2-3,object_interaction,Which object is the person interacting with?,a speaker,a towel,a headphones,a headset,C,23_Listen_to_music_with_headphones
training_4025,HARn,HARn/23_Listen_to_music_with_headphones/user24/7-2-3,object_interaction,Which object is the person interacting with?,a towel,a headset,a headphones,a speaker,C,23_Listen_to_music_with_headphones
training_4026,HARn,HARn/23_Listen_to_music_with_headphones/user9/1-2-3,object_interaction,Which object is the person interacting with?,a speaker,a headphones,a headset,a phone,B,23_Listen_to_music_with_headphones
training_4027,HARn,HARn/23_Listen_to_music_with_headphones/user9/3-3-2,object_interaction,Which object is the person interacting with?,a speaker,a towel,a headphones,a phone,C,23_Listen_to_music_with_headphones
training_4028,HARn,HARn/23_Listen_to_music_with_headphones/user9/3-3-3,object_interaction,Which object is the person interacting with?,a headphones,a headset,a speaker,a towel,A,23_Listen_to_music_with_headphones
training_4029,HARn,HARn/24_Use_a_mobile_phone/user2/7-3-1,object_interaction,Which object is the person interacting with?,a calculator,a phone,a wallet,a keyboard,B,24_Use_a_mobile_phone
training_4030,HARn,HARn/24_Use_a_mobile_phone/user2/7-3-2,object_interaction,Which object is the person interacting with?,a phone,a tablet,a calculator,a remote,A,24_Use_a_mobile_phone
training_4031,HARn,HARn/24_Use_a_mobile_phone/user21/1-2-2,object_interaction,Which object is the person interacting with?,a phone,a keyboard,a calculator,a wallet,A,24_Use_a_mobile_phone
training_4032,HARn,HARn/24_Use_a_mobile_phone/user21/5-2-3,object_interaction,Which object is the person interacting with?,a wallet,a phone,a remote,a tablet,B,24_Use_a_mobile_phone
training_4033,HARn,HARn/24_Use_a_mobile_phone/user24/5-1-2,object_interaction,Which object is the person interacting with?,a wallet,a phone,a remote,a tablet,B,24_Use_a_mobile_phone
training_4034,HARn,HARn/24_Use_a_mobile_phone/user4/3-2-2,object_interaction,Which object is the person interacting with?,a wallet,a tablet,a calculator,a phone,D,24_Use_a_mobile_phone
training_4035,HARn,HARn/24_Use_a_mobile_phone/user4/3-2-3,object_interaction,Which object is the person interacting with?,a keyboard,a phone,a remote,a tablet,B,24_Use_a_mobile_phone
training_4036,HARn,HARn/24_Use_a_mobile_phone/user4/6-1-3,object_interaction,Which object is the person interacting with?,a phone,a calculator,a wallet,a remote,A,24_Use_a_mobile_phone
training_4037,HARn,HARn/24_Use_a_mobile_phone/user6/6-2-2,object_interaction,Which object is the person interacting with?,a wallet,a phone,a calculator,a tablet,B,24_Use_a_mobile_phone
training_4038,HARn,HARn/24_Use_a_mobile_phone/user7/1-2-1,object_interaction,Which object is the person interacting with?,a phone,a calculator,a remote,a tablet,A,24_Use_a_mobile_phone
training_4039,HARn,HARn/25_Watch_TV/user1/5-1-1,object_interaction,Which object is the person interacting with?,a remote,a calculator,a keyboard,a phone,A,25_Watch_TV
training_4040,HARn,HARn/25_Watch_TV/user1/5-1-2,object_interaction,Which object is the person interacting with?,a phone,a calculator,a remote,a wallet,C,25_Watch_TV
training_4041,HARn,HARn/25_Watch_TV/user24/2-2-1,object_interaction,Which object is the person interacting with?,a wallet,a remote,a keyboard,a calculator,B,25_Watch_TV
training_4042,HARn,HARn/25_Watch_TV/user24/2-2-2,object_interaction,Which object is the person interacting with?,a keyboard,a phone,a calculator,a remote,D,25_Watch_TV
training_4043,HARn,HARn/25_Watch_TV/user24/2-2-3,object_interaction,Which object is the person interacting with?,a remote,a calculator,a phone,a wallet,A,25_Watch_TV
training_4044,HARn,HARn/25_Watch_TV/user24/5-3-1,object_interaction,Which object is the person interacting with?,a keyboard,a remote,a wallet,a phone,B,25_Watch_TV
training_4045,HARn,HARn/25_Watch_TV/user24/5-3-3,object_interaction,Which object is the person interacting with?,a keyboard,a wallet,a remote,a calculator,C,25_Watch_TV
training_4046,HARn,HARn/25_Watch_TV/user7/5-1-1,object_interaction,Which object is the person interacting with?,a calculator,a wallet,a phone,a remote,D,25_Watch_TV
training_4047,HARn,HARn/25_Watch_TV/user7/5-1-2,object_interaction,Which object is the person interacting with?,a phone,a remote,a calculator,a keyboard,B,25_Watch_TV
training_4048,HARn,HARn/25_Watch_TV/user7/5-1-3,object_interaction,Which object is the person interacting with?,a wallet,a calculator,a remote,a keyboard,C,25_Watch_TV
training_4057,HARn,HARn/27_Take_a_selfie/user1/5-1-1,object_interaction,Which object is the person interacting with?,a calculator,a smartphone,a tablet,a remote,B,27_Take_a_selfie
training_4058,HARn,HARn/27_Take_a_selfie/user17/1-2-1,object_interaction,Which object is the person interacting with?,a tablet,a calculator,a smartphone,a wallet,C,27_Take_a_selfie
training_4059,HARn,HARn/27_Take_a_selfie/user18/1-2-2,object_interaction,Which object is the person interacting with?,a smartphone,a remote,a calculator,a wallet,A,27_Take_a_selfie
training_4060,HARn,HARn/27_Take_a_selfie/user21/5-1-1,object_interaction,Which object is the person interacting with?,a tablet,a remote,a wallet,a smartphone,D,27_Take_a_selfie
training_4061,HARn,HARn/27_Take_a_selfie/user21/5-1-2,object_interaction,Which object is the person interacting with?,a remote,a tablet,a smartphone,a calculator,C,27_Take_a_selfie
training_4062,HARn,HARn/27_Take_a_selfie/user22/4-2-2,object_interaction,Which object is the person interacting with?,a tablet,a wallet,a remote,a smartphone,D,27_Take_a_selfie
training_4063,HARn,HARn/27_Take_a_selfie/user23/4-2-1,object_interaction,Which object is the person interacting with?,a wallet,a smartphone,a calculator,a tablet,B,27_Take_a_selfie
training_4064,HARn,HARn/27_Take_a_selfie/user4/3-2-1,object_interaction,Which object is the person interacting with?,a smartphone,a remote,a calculator,a tablet,A,27_Take_a_selfie
training_4065,HARn,HARn/27_Take_a_selfie/user8/1-2-2,object_interaction,Which object is the person interacting with?,a calculator,a remote,a smartphone,a tablet,C,27_Take_a_selfie
training_4066,HARn,HARn/27_Take_a_selfie/user8/1-2-3,object_interaction,Which object is the person interacting with?,a wallet,a tablet,a smartphone,a remote,C,27_Take_a_selfie
training_4067,HARn,HARn/43_Open_the_cabinet_(to_get_things)/user19/2-1-2,object_interaction,Which object is the person interacting with?,a cabinet,a fridge,a drawer,a shelf,A,43_Open_the_cabinet_(to_get_things)
training_4068,HARn,HARn/43_Open_the_cabinet_(to_get_things)/user2/2-1-2,object_interaction,Which object is the person interacting with?,a fridge,a shelf,a drawer,a cabinet,D,43_Open_the_cabinet_(to_get_things)
training_4069,HARn,HARn/43_Open_the_cabinet_(to_get_things)/user20/2-1-1,object_interaction,Which object is the person interacting with?,a fridge,a drawer,a cabinet,a clothes,C,43_Open_the_cabinet_(to_get_things)
training_4070,HARn,HARn/43_Open_the_cabinet_(to_get_things)/user20/2-1-2,object_interaction,Which object is the person interacting with?,a clothes,a shelf,a cabinet,a drawer,C,43_Open_the_cabinet_(to_get_things)
training_4071,HARn,HARn/43_Open_the_cabinet_(to_get_things)/user23/2-1-2,object_interaction,Which object is the person interacting with?,a fridge,a shelf,a drawer,a cabinet,D,43_Open_the_cabinet_(to_get_things)
training_4072,HARn,HARn/43_Open_the_cabinet_(to_get_things)/user3/2-2-3,object_interaction,Which object is the person interacting with?,a cabinet,a drawer,a fridge,a shelf,A,43_Open_the_cabinet_(to_get_things)
training_4073,HARn,HARn/43_Open_the_cabinet_(to_get_things)/user6/2-1-2,object_interaction,Which object is the person interacting with?,a clothes,a shelf,a fridge,a cabinet,D,43_Open_the_cabinet_(to_get_things)
training_4074,HARn,HARn/43_Open_the_cabinet_(to_get_things)/user7/2-1-2,object_interaction,Which object is the person interacting with?,a clothes,a cabinet,a drawer,a shelf,B,43_Open_the_cabinet_(to_get_things)
training_4075,HARn,HARn/43_Open_the_cabinet_(to_get_things)/user7/2-1-3,object_interaction,Which object is the person interacting with?,a shelf,a cabinet,a fridge,a drawer,B,43_Open_the_cabinet_(to_get_things)
training_4076,HARn,HARn/43_Open_the_cabinet_(to_get_things)/user7/7-1-1,object_interaction,Which object is the person interacting with?,a drawer,a fridge,a clothes,a cabinet,D,43_Open_the_cabinet_(to_get_things)
training_4077,HARn,HARn/5_Put_on_clothes/user17/6-1-3,object_interaction,Which object is the person interacting with?,a blanket,a clothes,a cloth,a towel,B,5_Put_on_clothes
training_4078,HARn,HARn/5_Put_on_clothes/user18/6-1-1,object_interaction,Which object is the person interacting with?,a blanket,a towel,a clothes,a cloth,C,5_Put_on_clothes
training_4079,HARn,HARn/5_Put_on_clothes/user18/7-1-3,object_interaction,Which object is the person interacting with?,a towel,a blanket,a cloth,a clothes,D,5_Put_on_clothes
training_4080,HARn,HARn/5_Put_on_clothes/user22/2-2-3,object_interaction,Which object is the person interacting with?,a towel,a clothes,a blanket,a cloth,B,5_Put_on_clothes
training_4081,HARn,HARn/5_Put_on_clothes/user22/7-2-3,object_interaction,Which object is the person interacting with?,a cloth,a clothes,a towel,a blanket,B,5_Put_on_clothes
training_4082,HARn,HARn/5_Put_on_clothes/user23/4-3-1,object_interaction,Which object is the person interacting with?,a blanket,a cloth,a towel,a clothes,D,5_Put_on_clothes
training_4083,HARn,HARn/5_Put_on_clothes/user3/1-1-3,object_interaction,Which object is the person interacting with?,a cloth,a towel,a clothes,a blanket,C,5_Put_on_clothes
training_4084,HARn,HARn/5_Put_on_clothes/user4/5-2-1,object_interaction,Which object is the person interacting with?,a blanket,a cloth,a towel,a clothes,D,5_Put_on_clothes
training_4085,HARn,HARn/5_Put_on_clothes/user7/6-1-3,object_interaction,Which object is the person interacting with?,a blanket,a clothes,a cloth,a towel,B,5_Put_on_clothes
training_4086,HARn,HARn/5_Put_on_clothes/user9/1-1-1,object_interaction,Which object is the person interacting with?,a blanket,a clothes,a cloth,a towel,B,5_Put_on_clothes
